TITLE     = "Subsonic"
VARIABLES = "X"
"Y"
"Density"
"QX"
"QY"
"T"
"U"
"V"
"Txy"
"Mach"
"Pressure"
"Kundsen"
ZONE T="MAIN ZONE"
 STRANDID=0, SOLUTIONTIME=0
 I=101, J=31, K=1, ZONETYPE=Ordered
 DATAPACKING=POINT
 DT=(SINGLE SINGLE SINGLE SINGLE SINGLE SINGLE SINGLE SINGLE SINGLE SINGLE SINGLE SINGLE )
 0.000000000E+00 5.700000111E-05 1.600700021E+00 -6.067100000E+04 1.301000000E+03 3.000000000E+02 1.432400036E+01 7.106900215E+00 4.574700012E+02 7.429400086E-02 1.027999997E+00 5.668000085E-04
 2.049999921E-06 5.779999992E-05 1.608299971E+00 -4.319100000E+04 7.066399902E+03 2.997799988E+02 1.891200066E+01 7.564599991E+00 3.527900085E+02 8.019799739E-02 1.018000007E+00 5.720300251E-04
 4.099999842E-06 5.859999874E-05 1.615599990E+00 -1.843500000E+04 -3.265399902E+03 2.996000061E+02 2.538999939E+01 8.764100075E+00 1.830700073E+02 9.312900156E-02 1.008000016E+00 5.773800076E-04
 6.149999990E-06 5.940000119E-05 1.613600016E+00 -8.457299805E+03 -6.077500000E+03 2.997500000E+02 2.929999924E+01 1.029899979E+01 1.255299988E+02 1.076499969E-01 1.007200003E+00 5.780999782E-04
 8.199999684E-06 6.020000001E-05 1.611400008E+00 -8.162500000E+03 1.620699951E+03 2.998399963E+02 3.319100189E+01 1.187300014E+01 1.263899994E+02 1.221700013E-01 1.006100059E+00 5.788700073E-04
 1.024999983E-05 6.099999882E-05 1.612599969E+00 -3.182300000E+04 8.932700195E+03 2.995000000E+02 3.685800171E+01 1.346300030E+01 1.382700043E+02 1.360999942E-01 1.005699992E+00 5.784599925E-04
 1.229999998E-05 6.179999764E-05 1.611700058E+00 -2.982200000E+04 -2.356699951E+03 2.992699890E+02 4.039899826E+01 1.487500000E+01 1.654400024E+02 1.493600011E-01 1.004400015E+00 5.787599948E-04
 1.435000013E-05 6.259999645E-05 1.607800007E+00 1.173100000E+04 -1.211100000E+04 2.995499878E+02 4.409999847E+01 1.619499969E+01 1.501100006E+02 1.629099995E-01 1.002900004E+00 5.801800289E-04
 1.639999937E-05 6.340000255E-05 1.604500055E+00 1.986000000E+04 -3.391600098E+03 2.995299988E+02 4.837099838E+01 1.780699921E+01 1.370899963E+02 1.787600070E-01 1.000800014E+00 5.813600146E-04
 1.845000043E-05 6.420000136E-05 1.600200057E+00 4.456100098E+03 8.133200073E+02 2.991600037E+02 5.266999817E+01 1.958499908E+01 1.175400009E+02 1.950200051E-01 9.968900084E-01 5.829199799E-04
 2.049999966E-05 6.500000018E-05 1.595299959E+00 2.183199951E+03 1.348500000E+04 2.991099854E+02 5.690100098E+01 2.119499969E+01 1.141999969E+02 2.107300013E-01 9.936800003E-01 5.847000284E-04
 2.255000072E-05 6.579999899E-05 1.591400027E+00 -2.145699951E+03 1.337200000E+04 2.988800049E+02 6.166299820E+01 2.296500015E+01 1.334700012E+02 2.284300029E-01 9.904699922E-01 5.861400277E-04
 2.459999996E-05 6.659999781E-05 1.586500049E+00 -1.850400000E+04 4.285700195E+03 2.982900085E+02 6.675499725E+01 2.496500015E+01 1.430099945E+02 2.476599962E-01 9.854699969E-01 5.879600067E-04
 2.664999920E-05 6.739999662E-05 1.578799963E+00 -1.798900024E+03 2.400199951E+03 2.980400085E+02 7.180699921E+01 2.697299957E+01 1.922299957E+02 2.666600049E-01 9.798399806E-01 5.908299936E-04
 2.870000026E-05 6.820000272E-05 1.570400000E+00 1.905100000E+04 5.109799805E+03 2.977200012E+02 7.723699951E+01 2.897999954E+01 2.087299957E+02 2.869400084E-01 9.735900164E-01 5.939999828E-04
 3.075000132E-05 6.900000153E-05 1.562000036E+00 1.615600000E+04 2.439899902E+03 2.972999878E+02 8.322399902E+01 3.128899956E+01 2.028099976E+02 3.094699979E-01 9.670000076E-01 5.972000072E-04
 3.279999873E-05 6.980000035E-05 1.548400044E+00 -5.843500000E+03 -1.990500000E+04 2.970299988E+02 8.957900238E+01 3.384299850E+01 2.055299988E+02 3.334499896E-01 9.577000141E-01 6.024600007E-04
 3.484999979E-05 7.059999916E-05 1.534700036E+00 -1.621600000E+04 -1.228100000E+04 2.963999939E+02 9.655599976E+01 3.646300125E+01 2.519499969E+02 3.597899973E-01 9.472900033E-01 6.077900180E-04
 3.690000085E-05 7.139999798E-05 1.524299979E+00 6.607500000E+03 1.956500000E+04 2.950899963E+02 1.040999985E+02 3.936800003E+01 3.229700012E+02 3.888500035E-01 9.366899729E-01 6.119600148E-04
 3.894999827E-05 7.219999679E-05 1.507599950E+00 1.841700000E+04 1.599300000E+04 2.937200012E+02 1.126100006E+02 4.266799927E+01 3.291900024E+02 4.217000008E-01 9.221199751E-01 6.187700201E-04
 4.099999933E-05 7.300000289E-05 1.486099958E+00 4.298900000E+04 3.203899902E+03 2.925400085E+02 1.221200027E+02 4.635900116E+01 3.219299927E+02 4.583599865E-01 9.053500295E-01 6.277000066E-04
 4.305000039E-05 7.380000170E-05 1.460000038E+00 6.398300000E+04 -4.175799805E+03 2.909100037E+02 1.329799957E+02 5.042599869E+01 3.258200073E+02 5.004699826E-01 8.844699860E-01 6.389800110E-04
 4.510000144E-05 7.460000052E-05 1.427800059E+00 6.719500000E+04 9.510200195E+02 2.885199890E+02 1.461399994E+02 5.543600082E+01 3.354700012E+02 5.523200035E-01 8.578699827E-01 6.534099812E-04
 4.714999886E-05 7.539999933E-05 1.382799983E+00 7.126700000E+04 2.632200000E+04 2.853800049E+02 1.630800018E+02 6.178499985E+01 4.391300049E+02 6.196500063E-01 8.218200207E-01 6.748699816E-04
 4.919999992E-05 7.619999815E-05 1.312100053E+00 8.698900000E+04 3.963700000E+04 2.803599854E+02 1.893999939E+02 7.083799744E+01 5.929699707E+02 7.251600027E-01 7.663499713E-01 7.116399938E-04
 5.125000098E-05 7.699999696E-05 9.295300245E-01 1.187200000E+05 5.921900000E+04 2.599400024E+02 2.488200073E+02 3.192800045E+00 1.398000031E+02 9.736099839E-01 5.153099895E-01 1.158599975E-03
 5.329999840E-05 7.627999730E-05 5.187799931E-01 6.762900000E+04 5.964100000E+04 2.383600006E+02 2.931600037E+02 -8.734999847E+01 -1.341399994E+02 1.191100001E+00 2.581500113E-01 1.831999980E-03
 5.534999946E-05 7.555999764E-05 4.534499943E-01 -1.087600000E+04 3.292000000E+04 2.333200073E+02 2.977699890E+02 -1.062799988E+02 1.059700012E+02 1.242200017E+00 2.203000039E-01 2.057400066E-03
 5.740000051E-05 7.483999798E-05 4.668099880E-01 -1.047300000E+04 3.036000000E+04 2.325700073E+02 3.023900146E+02 -1.083199997E+02 8.885399628E+01 1.264000058E+00 2.260700017E-01 1.998800086E-03
 5.945000157E-05 7.411999832E-05 4.796400070E-01 -5.595200195E+03 3.286500000E+04 2.319400024E+02 3.062399902E+02 -1.093300018E+02 6.342900085E+01 1.281399965E+00 2.316599935E-01 1.945000025E-03
 6.150000263E-05 7.339999866E-05 4.887500107E-01 -1.722300000E+04 3.007900000E+04 2.310500031E+02 3.101300049E+02 -1.100599976E+02 6.662000275E+01 1.299299955E+00 2.351499945E-01 1.908699982E-03
 6.354999641E-05 7.267999899E-05 4.923000038E-01 -3.542300000E+04 2.826400000E+04 2.299900055E+02 3.141199951E+02 -1.110599976E+02 8.367600250E+01 1.318500042E+00 2.357800007E-01 1.894799992E-03
 6.559999747E-05 7.195999933E-05 4.897600114E-01 -4.618900000E+04 2.459600000E+04 2.283600006E+02 3.192300110E+02 -1.125899963E+02 8.517900085E+01 1.344300032E+00 2.328999937E-01 1.904599951E-03
 6.764999853E-05 7.123999967E-05 4.846700132E-01 -4.154900000E+04 1.998900000E+04 2.263600006E+02 3.244700012E+02 -1.141800003E+02 7.619300079E+01 1.372099996E+00 2.284699976E-01 1.924699987E-03
 6.969999959E-05 7.052000001E-05 4.763199985E-01 -3.942900000E+04 2.670600000E+04 2.242700043E+02 3.299700012E+02 -1.157699966E+02 7.796299744E+01 1.401399970E+00 2.224600017E-01 1.958600013E-03
 7.175000064E-05 6.980000035E-05 4.648999870E-01 -5.180900000E+04 3.023400000E+04 2.218699951E+02 3.363099976E+02 -1.176399994E+02 9.530300140E+01 1.435600042E+00 2.148000002E-01 2.006799914E-03
 7.380000170E-05 6.908000069E-05 4.531700015E-01 -6.307000000E+04 3.256500000E+04 2.194400024E+02 3.424200134E+02 -1.198000031E+02 9.363500214E+01 1.469699979E+00 2.070900053E-01 2.058699960E-03
 7.585000276E-05 6.836000102E-05 4.415200055E-01 -5.441200000E+04 2.636700000E+04 2.168999939E+02 3.481499939E+02 -1.216699982E+02 9.711100006E+01 1.502900004E+00 1.994400024E-01 2.113099908E-03
 7.789999654E-05 6.764000136E-05 4.284600019E-01 -5.419900000E+04 1.979600000E+04 2.142700043E+02 3.538999939E+02 -1.232500000E+02 1.320200043E+02 1.536499977E+00 1.911900043E-01 2.177600050E-03
 7.994999760E-05 6.692000170E-05 4.150399864E-01 -6.984600000E+04 2.439300000E+04 2.119799957E+02 3.593999939E+02 -1.250500031E+02 1.559199982E+02 1.568600059E+00 1.832199991E-01 2.248100005E-03
 8.199999866E-05 6.620000204E-05 4.025500119E-01 -7.623900000E+04 2.497000000E+04 2.096499939E+02 3.648200073E+02 -1.269700012E+02 1.555099945E+02 1.601099968E+00 1.757600009E-01 2.317700069E-03
 8.404999971E-05 6.548000238E-05 3.903900087E-01 -8.100100000E+04 3.395500000E+04 2.072400055E+02 3.701900024E+02 -1.286300049E+02 1.466699982E+02 1.633900046E+00 1.684899926E-01 2.390000038E-03
 8.610000077E-05 6.476000272E-05 3.778499961E-01 -8.829400000E+04 4.564300000E+04 2.046399994E+02 3.755000000E+02 -1.303099976E+02 1.389900055E+02 1.667500019E+00 1.610399932E-01 2.469300060E-03
 8.815000183E-05 6.404000305E-05 3.657999933E-01 -1.002100000E+05 4.479900000E+04 2.022100067E+02 3.800299988E+02 -1.316600037E+02 1.520800018E+02 1.697399974E+00 1.540399939E-01 2.550699981E-03
 9.020000289E-05 6.332000339E-05 3.537699878E-01 -1.023400000E+05 4.353400000E+04 1.998699951E+02 3.846000061E+02 -1.332299957E+02 1.658999939E+02 1.727900028E+00 1.472599953E-01 2.637600061E-03
 9.224999667E-05 6.259999645E-05 3.418299854E-01 -1.020900000E+05 4.653200000E+04 1.973500061E+02 3.895499878E+02 -1.350399933E+02 1.650299988E+02 1.761399984E+00 1.404899955E-01 2.729600063E-03
 9.429999773E-05 6.187999679E-05 3.305999935E-01 -1.213600000E+05 5.162500000E+04 1.950800018E+02 3.940899963E+02 -1.365099945E+02 1.836199951E+02 1.792099953E+00 1.343100071E-01 2.822299954E-03
 9.634999878E-05 6.115999713E-05 3.206500113E-01 -1.253800000E+05 5.058300000E+04 1.931000061E+02 3.980499878E+02 -1.377899933E+02 2.020899963E+02 1.819200039E+00 1.289499998E-01 2.909600036E-03
 9.839999984E-05 6.044000111E-05 3.105199933E-01 -1.191700000E+05 4.403600000E+04 1.910000000E+02 4.022699890E+02 -1.388200073E+02 1.882500000E+02 1.848000050E+00 1.235200018E-01 3.005000064E-03
 1.004500009E-04 5.972000145E-05 2.993400097E-01 -1.284000000E+05 4.652200000E+04 1.888600006E+02 4.067000122E+02 -1.401699982E+02 1.738999939E+02 1.878600001E+00 1.177399978E-01 3.117300104E-03
 1.025000020E-04 5.900000178E-05 2.896400094E-01 -1.397700000E+05 5.634100000E+04 1.869199982E+02 4.102500000E+02 -1.416699982E+02 1.840299988E+02 1.905200005E+00 1.127500013E-01 3.221200081E-03
 1.045500030E-04 5.827999848E-05 2.809300125E-01 -1.427900000E+05 5.543700000E+04 1.850099945E+02 4.135599976E+02 -1.428200073E+02 1.917599945E+02 1.930500031E+00 1.082400009E-01 3.321300028E-03
 1.065999968E-04 5.755999882E-05 2.722800076E-01 -1.439000000E+05 4.778800000E+04 1.831699982E+02 4.171600037E+02 -1.438399963E+02 1.923500061E+02 1.956699967E+00 1.038599983E-01 3.426699899E-03
 1.086499979E-04 5.683999916E-05 2.642199993E-01 -1.424400000E+05 5.057500000E+04 1.814499969E+02 4.204800110E+02 -1.449400024E+02 1.892799988E+02 1.981600046E+00 9.984199703E-02 3.531200113E-03
 1.106999989E-04 5.611999950E-05 2.565099895E-01 -1.483800000E+05 5.808300000E+04 1.797500000E+02 4.232799988E+02 -1.458899994E+02 2.053000031E+02 2.004100084E+00 9.601899981E-02 3.637300106E-03
 1.127500000E-04 5.539999984E-05 2.492299974E-01 -1.537100000E+05 6.522800000E+04 1.779299927E+02 4.262200012E+02 -1.470299988E+02 2.152700043E+02 2.028500080E+00 9.235499799E-02 3.743400099E-03
 1.148000010E-04 5.468000018E-05 2.420500070E-01 -1.495600000E+05 6.207300000E+04 1.762899933E+02 4.295899963E+02 -1.480700073E+02 1.862700043E+02 2.053900003E+00 8.885899931E-02 3.854699899E-03
 1.168500021E-04 5.396000051E-05 2.350199968E-01 -1.480400000E+05 5.408600000E+04 1.747599945E+02 4.325100098E+02 -1.489199982E+02 1.766900024E+02 2.076699972E+00 8.553099632E-02 3.969899844E-03
 1.189000031E-04 5.324000085E-05 2.285999954E-01 -1.547500000E+05 5.887100000E+04 1.732299957E+02 4.347200012E+02 -1.498999939E+02 1.959900055E+02 2.096800089E+00 8.246599883E-02 4.081299994E-03
 1.209499969E-04 5.252000119E-05 2.230399996E-01 -1.681300000E+05 6.415800000E+04 1.719600067E+02 4.363699951E+02 -1.504499969E+02 2.184900055E+02 2.112400055E+00 7.987199724E-02 4.182800185E-03
 1.230000053E-04 5.180000153E-05 2.178200036E-01 -1.766300000E+05 6.306600000E+04 1.706999969E+02 4.381600037E+02 -1.510500031E+02 2.342299957E+02 2.128900051E+00 7.743000239E-02 4.283099901E-03
 1.250500063E-04 5.107999823E-05 2.121299952E-01 -1.793900000E+05 6.354300000E+04 1.693600006E+02 4.407699890E+02 -1.518500061E+02 2.276000061E+02 2.149899960E+00 7.481600344E-02 4.398200195E-03
 1.270999928E-04 5.035999857E-05 2.069299966E-01 -1.993600000E+05 6.794500000E+04 1.686699982E+02 4.422399902E+02 -1.521600037E+02 2.338399963E+02 2.161200047E+00 7.268100232E-02 4.508300219E-03
 1.291499939E-04 4.963999891E-05 2.021100074E-01 -2.121000000E+05 7.054800000E+04 1.678899994E+02 4.434299927E+02 -1.525899963E+02 2.500200043E+02 2.171999931E+00 7.066100091E-02 4.616099875E-03
 1.311999949E-04 4.891999924E-05 1.973000020E-01 -2.238500000E+05 8.025400000E+04 1.670299988E+02 4.448699951E+02 -1.531499939E+02 2.644700012E+02 2.184799910E+00 6.862500310E-02 4.728499800E-03
 1.332499960E-04 4.819999958E-05 1.929299980E-01 -2.505900000E+05 8.900100000E+04 1.665800018E+02 4.458999939E+02 -1.534700012E+02 2.771799927E+02 2.192800045E+00 6.692499667E-02 4.835399799E-03
 1.352999971E-04 4.747999992E-05 1.890500039E-01 -2.728000000E+05 9.722100000E+04 1.660899963E+02 4.468500061E+02 -1.540700073E+02 3.032999878E+02 2.201100111E+00 6.538700312E-02 4.934600089E-03
 1.373499981E-04 4.676000026E-05 1.856199950E-01 -3.068300000E+05 1.116800000E+05 1.659400024E+02 4.470599976E+02 -1.544499969E+02 3.571900024E+02 2.203599930E+00 6.413999945E-02 5.025700200E-03
 1.393999992E-04 4.604000060E-05 1.820099950E-01 -3.395600000E+05 1.220000000E+05 1.657400055E+02 4.476700134E+02 -1.542100067E+02 3.696199951E+02 2.207200050E+00 6.282000244E-02 5.125499796E-03
 1.414500002E-04 4.532000094E-05 1.783799976E-01 -3.695700000E+05 1.307600000E+05 1.656900024E+02 4.483599854E+02 -1.542299957E+02 3.693599854E+02 2.210599899E+00 6.154499948E-02 5.229800008E-03
 1.435000013E-04 4.460000127E-05 1.761199981E-01 -4.343800000E+05 1.463200000E+05 1.673099976E+02 4.456099854E+02 -1.535000000E+02 4.399599915E+02 2.186800003E+00 6.136000156E-02 5.296300165E-03
 1.455500023E-04 4.388000161E-05 1.803600043E-01 -6.768200000E+05 2.293200000E+05 1.777400055E+02 4.278999939E+02 -1.476900024E+02 7.118200073E+02 2.041399956E+00 6.684599817E-02 5.175599828E-03
 1.476000034E-04 4.315999831E-05 2.065999955E-01 -1.112600000E+06 3.935500000E+05 2.075899963E+02 3.712500000E+02 -1.284400024E+02 1.388400024E+03 1.651900053E+00 9.024299681E-02 4.564200062E-03
 1.496500045E-04 4.243999865E-05 2.824400067E-01 -1.060000000E+06 3.835400000E+05 2.479400024E+02 2.743399963E+02 -9.522799683E+01 1.947900024E+03 1.118100047E+00 1.480299979E-01 3.429800039E-03
 1.517000055E-04 4.171999899E-05 4.056299925E-01 -4.759300000E+05 1.679200000E+05 2.755599976E+02 1.858899994E+02 -6.420600128E+01 1.549500000E+03 7.131400108E-01 2.339300066E-01 2.367800102E-03
 1.537500066E-04 4.099999933E-05 5.103200078E-01 -1.226400000E+05 3.328700000E+04 2.864200134E+02 1.402700043E+02 -4.689500046E+01 6.995599976E+02 5.247200131E-01 3.045800030E-01 1.837000018E-03
 1.557999931E-04 4.027999967E-05 5.560200214E-01 -4.965900000E+04 1.199000000E+04 2.904400024E+02 1.222900009E+02 -3.983300018E+01 2.893299866E+02 4.529500008E-01 3.363099992E-01 1.678199973E-03
 1.578499941E-04 3.956000000E-05 5.691499710E-01 -3.659800000E+04 1.180700000E+04 2.926900024E+02 1.125199966E+02 -3.657099915E+01 2.301199951E+02 4.150600135E-01 3.468999863E-01 1.639000024E-03
 1.598999952E-04 3.884000034E-05 5.760099888E-01 -3.017000000E+04 1.471600000E+04 2.939800110E+02 1.049800034E+02 -3.438800049E+01 2.121100006E+02 3.866800070E-01 3.526299894E-01 1.619499992E-03
 1.619499963E-04 3.812000068E-05 5.817400217E-01 -2.363900000E+04 1.342400000E+04 2.946300049E+02 9.834700012E+01 -3.237500000E+01 2.065399933E+02 3.620100021E-01 3.569200039E-01 1.603499986E-03
 1.639999973E-04 3.740000102E-05 5.858600140E-01 -2.664100000E+04 1.176400000E+04 2.954299927E+02 9.263400269E+01 -3.061499977E+01 1.841699982E+02 3.406499922E-01 3.604199886E-01 1.592200017E-03
 1.660499984E-04 3.668000136E-05 5.903499722E-01 -2.073200000E+04 1.310200000E+04 2.960499878E+02 8.779000092E+01 -2.910600090E+01 1.325000000E+02 3.226099908E-01 3.639400005E-01 1.580100041E-03
 1.680999994E-04 3.596000170E-05 5.939900279E-01 -4.478500000E+03 6.129399902E+03 2.963599854E+02 8.329000092E+01 -2.739299965E+01 1.331300049E+02 3.056800067E-01 3.665800095E-01 1.570399967E-03
 1.701500005E-04 3.523999840E-05 5.969099998E-01 2.157699951E+03 5.828700195E+03 2.968500061E+02 7.904900360E+01 -2.606699944E+01 1.406799927E+02 2.899700105E-01 3.689799905E-01 1.562700025E-03
 1.722000015E-04 3.451999874E-05 5.999299884E-01 -4.253700195E+03 7.635200195E+03 2.975400085E+02 7.516699982E+01 -2.505699921E+01 1.167799988E+02 2.757000029E-01 3.717100024E-01 1.554899965E-03
 1.742500026E-04 3.379999907E-05 6.023100019E-01 -9.967599609E+03 7.671500000E+03 2.981000061E+02 7.177700043E+01 -2.390500069E+01 9.580999756E+01 2.629800141E-01 3.738799989E-01 1.548700035E-03
 1.763000037E-04 3.307999941E-05 6.047800183E-01 -8.351700195E+03 4.899500000E+03 2.985400085E+02 6.819000244E+01 -2.242000008E+01 8.338700104E+01 2.493399978E-01 3.759799898E-01 1.542399987E-03
 1.783500047E-04 3.235999975E-05 6.064299941E-01 -1.529300000E+04 1.380300049E+03 2.989100037E+02 6.464099884E+01 -2.121899986E+01 8.991899872E+01 2.361799926E-01 3.774600029E-01 1.538199955E-03
 1.804000058E-04 3.164000009E-05 6.082000136E-01 -1.176700000E+04 -1.601999969E+02 2.989299927E+02 6.167100143E+01 -2.025499916E+01 1.036100006E+02 2.253700048E-01 3.785899878E-01 1.533700037E-03
 1.824500068E-04 3.092000043E-05 6.110500097E-01 2.927000000E+03 2.949699951E+03 2.988699951E+02 5.850000000E+01 -1.916200066E+01 9.953099823E+01 2.137600034E-01 3.802900016E-01 1.526599983E-03
 1.844999933E-04 3.020000077E-05 6.124200225E-01 5.285700195E+03 8.918500000E+03 2.989299927E+02 5.537599945E+01 -1.819000053E+01 8.012100220E+01 2.023400068E-01 3.812200129E-01 1.523099956E-03
 1.865499944E-04 2.947999928E-05 6.133599877E-01 8.894599609E+03 7.154299805E+03 2.992500000E+02 5.254800034E+01 -1.710499954E+01 7.097100067E+01 1.917299926E-01 3.822099864E-01 1.520800055E-03
 1.885999955E-04 2.875999962E-05 6.148099899E-01 5.399299805E+03 7.957600098E+03 2.999599915E+02 4.972999954E+01 -1.617200089E+01 6.039899826E+01 1.812099963E-01 3.840300143E-01 1.517200028E-03
 1.906499965E-04 2.803999996E-05 6.149600148E-01 -2.227500000E+03 1.002400000E+04 3.004400024E+02 4.702600098E+01 -1.520100021E+01 7.543299866E+01 1.711300015E-01 3.847399950E-01 1.516800025E-03
 1.926999976E-04 2.732000030E-05 6.157699823E-01 -1.030100000E+04 7.940100098E+03 3.009200134E+02 4.424100113E+01 -1.428299999E+01 1.032200012E+02 1.608600020E-01 3.858599961E-01 1.514900010E-03
 1.947499986E-04 2.660000064E-05 6.153799891E-01 -1.511700000E+04 2.267300049E+03 3.021300049E+02 4.158700180E+01 -1.314999962E+01 7.854100037E+01 1.506299973E-01 3.871699870E-01 1.515800017E-03
 1.967999997E-04 2.587999916E-05 6.128000021E-01 -2.687900000E+04 5.870100098E+03 3.038200073E+02 3.847000122E+01 -1.148999977E+01 8.031999969E+01 1.382700056E-01 3.876999915E-01 1.522199949E-03
 1.988500007E-04 2.515999950E-05 6.090599895E-01 -5.048800000E+04 1.240900000E+04 3.064400024E+02 3.459299850E+01 -9.868800163E+00 1.261299973E+02 1.233899966E-01 3.886399865E-01 1.531600021E-03
 2.009000018E-04 2.443999983E-05 6.007400155E-01 -8.836200000E+04 3.418600000E+04 3.109899902E+02 3.043199921E+01 -7.946800232E+00 1.597100067E+02 1.071500033E-01 3.890100121E-01 1.552899950E-03
 2.029500029E-04 2.372000017E-05 5.845900178E-01 -1.529300000E+05 7.943500000E+04 3.191000061E+02 2.452099991E+01 -3.075400114E+00 3.510799866E+02 8.396200091E-02 3.883399963E-01 1.596200047E-03
 2.050000039E-04 2.300000051E-05 4.844299853E-01 -1.260400000E+04 3.621800000E+04 2.314400024E+02 3.086000061E+02 -1.098499985E+02 5.560300064E+01 1.292199969E+00 2.334699929E-01 1.925599994E-03
 0.000000000E+00 5.816699922E-05 1.600700021E+00 -6.577300000E+04 4.655200195E+03 3.000000000E+02 1.808900070E+01 6.825500011E+00 3.026199951E+02 7.846499979E-02 1.016600013E+00 5.740299821E-04
 2.049999921E-06 5.894000060E-05 1.607800007E+00 -4.877400000E+04 1.120900000E+04 2.998800049E+02 2.136700058E+01 7.184000015E+00 2.570199890E+02 8.392799646E-02 1.012300014E+00 5.758299958E-04
 4.099999842E-06 5.971299834E-05 1.615200043E+00 -1.895900000E+04 8.256400391E+03 2.997399902E+02 2.641300011E+01 8.216500282E+00 1.705399933E+02 9.593799710E-02 1.008200049E+00 5.774999736E-04
 6.149999990E-06 6.048700016E-05 1.613899946E+00 -6.181000000E+03 3.691500000E+03 2.998399963E+02 3.015999985E+01 9.697600365E+00 1.172300034E+02 1.098399982E-01 1.007699966E+00 5.779599887E-04
 8.199999684E-06 6.125999789E-05 1.611400008E+00 -1.232200000E+04 1.151400024E+03 2.999899902E+02 3.395600128E+01 1.124600029E+01 1.118899994E+02 1.239800006E-01 1.006600022E+00 5.788899725E-04
 1.024999983E-05 6.203300291E-05 1.611500025E+00 -2.190800000E+04 2.291800049E+03 2.997500000E+02 3.750400162E+01 1.281499958E+01 1.304100037E+02 1.374299973E-01 1.005900025E+00 5.788300186E-04
 1.229999998E-05 6.280699745E-05 1.610399961E+00 -1.333500000E+04 -2.844500000E+03 2.995400085E+02 4.114199829E+01 1.426099968E+01 1.490700073E+02 1.510300040E-01 1.004500031E+00 5.792300217E-04
 1.435000013E-05 6.358000246E-05 1.606699944E+00 5.209899902E+03 -1.043800000E+04 2.996300049E+02 4.512099838E+01 1.564500046E+01 1.334700012E+02 1.656100005E-01 1.002500057E+00 5.805700202E-04
 1.639999937E-05 6.435300020E-05 1.603399992E+00 1.068100000E+04 -2.029900024E+03 2.995000000E+02 4.937599945E+01 1.726099968E+01 1.241299973E+02 1.814199984E-01 1.000000000E+00 5.817600177E-04
 1.845000043E-05 6.512700202E-05 1.599400043E+00 4.351100098E+03 -1.306599976E+03 2.992300110E+02 5.361000061E+01 1.908699989E+01 1.317400055E+02 1.974699944E-01 9.966099858E-01 5.832100287E-04
 2.049999966E-05 6.589999975E-05 1.594699979E+00 -6.139200195E+03 -1.675400024E+03 2.991700134E+02 5.781399918E+01 2.068600082E+01 1.462100067E+02 2.130900025E-01 9.934800267E-01 5.849400186E-04
 2.255000072E-05 6.667299749E-05 1.590600014E+00 -9.979099609E+03 9.552299805E+03 2.987699890E+02 6.238999939E+01 2.228800011E+01 1.562700043E+02 2.300499976E-01 9.896199703E-01 5.864399718E-04
 2.459999996E-05 6.744699931E-05 1.585600019E+00 -4.398000000E+03 1.492700000E+04 2.982200012E+02 6.736100006E+01 2.424500084E+01 1.689100037E+02 2.488200068E-01 9.846799970E-01 5.882899859E-04
 2.664999920E-05 6.821999705E-05 1.578600049E+00 1.366800000E+04 7.784000000E+03 2.980199890E+02 7.250499725E+01 2.630200005E+01 1.872700043E+02 2.681599855E-01 9.796699882E-01 5.909000174E-04
 2.870000026E-05 6.899300206E-05 1.570799947E+00 1.119000000E+04 -2.751300049E+02 2.976300049E+02 7.804000092E+01 2.832900047E+01 1.639600067E+02 2.888399959E-01 9.735400081E-01 5.938400282E-04
 3.075000132E-05 6.976699660E-05 1.561400056E+00 -2.360199951E+03 -7.622799805E+03 2.972099915E+02 8.399800110E+01 3.062899971E+01 1.933999939E+02 3.112600148E-01 9.663400054E-01 5.974399974E-04
 3.279999873E-05 7.054000162E-05 1.547899961E+00 -1.165800000E+04 -1.980000000E+04 2.968800049E+02 9.051300049E+01 3.319900131E+01 2.037599945E+02 3.358199894E-01 9.569299817E-01 6.026600022E-04
 3.484999979E-05 7.131299935E-05 1.534899950E+00 -1.098500000E+04 -4.324600098E+03 2.962099915E+02 9.748200226E+01 3.574000168E+01 2.113899994E+02 3.620699942E-01 9.467300177E-01 6.077499711E-04
 3.690000085E-05 7.208700117E-05 1.523800015E+00 1.543100000E+04 2.214000000E+04 2.950400085E+02 1.049400024E+02 3.852899933E+01 2.709899902E+02 3.905999959E-01 9.362000227E-01 6.121700280E-04
 3.894999827E-05 7.285999891E-05 1.507300019E+00 2.919400000E+04 1.696500000E+04 2.936900024E+02 1.135199966E+02 4.178200150E+01 2.942099915E+02 4.236499965E-01 9.218599796E-01 6.188700208E-04
 4.099999933E-05 7.363299665E-05 1.486099958E+00 3.992200000E+04 3.607800049E+03 2.922999878E+02 1.231100006E+02 4.548099899E+01 3.182000122E+02 4.607299864E-01 9.045500159E-01 6.277399953E-04
 4.305000039E-05 7.440699846E-05 1.459100008E+00 4.378100000E+04 1.608199951E+03 2.906700134E+02 1.342100067E+02 4.953099823E+01 3.163500061E+02 5.036399961E-01 8.832299709E-01 6.393499789E-04
 4.510000144E-05 7.518000348E-05 1.425199986E+00 5.628500000E+04 1.451200000E+04 2.883999939E+02 1.475500031E+02 5.446799850E+01 3.456400146E+02 5.559099913E-01 8.559600115E-01 6.546300137E-04
 4.714999886E-05 7.595300121E-05 1.379099965E+00 7.100300000E+04 2.630400000E+04 2.853099976E+02 1.647200012E+02 6.062799835E+01 4.497000122E+02 6.237900257E-01 8.194500208E-01 6.766800070E-04
 4.919999992E-05 7.672700303E-05 1.307700038E+00 9.865100000E+04 3.586000000E+04 2.800899963E+02 1.917500000E+02 6.884600067E+01 5.789799805E+02 7.311099768E-01 7.630599737E-01 7.141000242E-04
 5.125000098E-05 7.750000077E-05 9.618999958E-01 1.351100000E+05 5.741100000E+04 2.609899902E+02 2.530899963E+02 1.127099991E+01 1.249499989E+01 9.787600040E-01 5.327900052E-01 1.084199990E-03
 5.329999840E-05 7.680399722E-05 5.631800294E-01 6.977900000E+04 5.810000000E+04 2.395299988E+02 2.988800049E+02 -7.775099945E+01 -2.254400024E+02 1.203500032E+00 2.822799981E-01 1.715900027E-03
 5.534999946E-05 7.610800094E-05 4.645299911E-01 -1.248300000E+04 4.661500000E+04 2.328800049E+02 3.022300110E+02 -1.072500000E+02 1.940000000E+02 1.261299968E+00 2.252700031E-01 2.009799937E-03
 5.740000051E-05 7.541199739E-05 4.688900113E-01 -1.940400000E+04 4.648600000E+04 2.319600067E+02 3.053599854E+02 -1.106699982E+02 1.857599945E+02 1.279899955E+00 2.264900059E-01 1.989800017E-03
 5.945000157E-05 7.471600111E-05 4.803900123E-01 -1.473200000E+04 4.547800000E+04 2.313500061E+02 3.085100098E+02 -1.115100021E+02 1.562500000E+02 1.294399977E+00 2.314299941E-01 1.942000003E-03
 6.150000263E-05 7.401999756E-05 4.889200032E-01 -2.346600000E+04 4.704400000E+04 2.306499939E+02 3.118800049E+02 -1.118399963E+02 1.486999969E+02 1.309299946E+00 2.348199934E-01 1.907999977E-03
 6.354999641E-05 7.332400128E-05 4.925200045E-01 -3.707000000E+04 4.231000000E+04 2.297299957E+02 3.155899963E+02 -1.122399979E+02 1.471399994E+02 1.326300025E+00 2.356200069E-01 1.893899986E-03
 6.559999747E-05 7.262799772E-05 4.905500114E-01 -3.677200000E+04 3.665900000E+04 2.280899963E+02 3.202500000E+02 -1.133000031E+02 1.333699951E+02 1.349900007E+00 2.329999954E-01 1.901600044E-03
 6.764999853E-05 7.193200145E-05 4.853099883E-01 -3.552500000E+04 3.360300000E+04 2.261799927E+02 3.254500122E+02 -1.146200027E+02 1.216900024E+02 1.376899958E+00 2.285799980E-01 1.922199968E-03
 6.969999959E-05 7.123599789E-05 4.770300090E-01 -4.085500000E+04 3.447600000E+04 2.241100006E+02 3.311300049E+02 -1.159800034E+02 1.358200073E+02 1.406599998E+00 2.226399928E-01 1.955599990E-03
 7.175000064E-05 7.054000162E-05 4.660499990E-01 -4.857500000E+04 3.379700000E+04 2.217200012E+02 3.374500122E+02 -1.176600037E+02 1.353600006E+02 1.440400004E+00 2.151899934E-01 2.001899993E-03
 7.380000170E-05 6.984399806E-05 4.544500113E-01 -5.977200000E+04 3.620800000E+04 2.194299927E+02 3.436099854E+02 -1.196100006E+02 1.346999969E+02 1.474099994E+00 2.076700032E-01 2.052899916E-03
 7.585000276E-05 6.914800178E-05 4.422299862E-01 -6.193000000E+04 3.430300000E+04 2.170099945E+02 3.495400085E+02 -1.212900009E+02 1.408899994E+02 1.507400036E+00 1.998600066E-01 2.109800000E-03
 7.789999654E-05 6.845199823E-05 4.293299913E-01 -6.566300000E+04 2.963600000E+04 2.143800049E+02 3.552799988E+02 -1.225999985E+02 1.551499939E+02 1.540500045E+00 1.916799992E-01 2.173200017E-03
 7.994999760E-05 6.775600195E-05 4.165999889E-01 -7.679900000E+04 3.373100000E+04 2.119700012E+02 3.605700073E+02 -1.242600021E+02 1.747400055E+02 1.572199941E+00 1.838999987E-01 2.239699941E-03
 8.199999866E-05 6.705999840E-05 4.037300050E-01 -8.326100000E+04 3.482000000E+04 2.095200043E+02 3.660299988E+02 -1.261200027E+02 1.695800018E+02 1.605200052E+00 1.761599928E-01 2.310999902E-03
 8.404999971E-05 6.636400212E-05 3.913600147E-01 -8.693900000E+04 3.811700000E+04 2.070800018E+02 3.711700134E+02 -1.275000000E+02 1.674799957E+02 1.636800051E+00 1.687700003E-01 2.383999992E-03
 8.610000077E-05 6.566799857E-05 3.790299892E-01 -9.198400000E+04 4.465700000E+04 2.045200043E+02 3.761600037E+02 -1.289100037E+02 1.711300049E+02 1.668699980E+00 1.614399999E-01 2.461700002E-03
 8.815000183E-05 6.497200229E-05 3.666200042E-01 -9.900300000E+04 4.484700000E+04 2.021199951E+02 3.810700073E+02 -1.301799927E+02 1.780800018E+02 1.699900031E+00 1.543200016E-01 2.545000054E-03
 9.020000289E-05 6.427599874E-05 3.541800082E-01 -1.023300000E+05 4.665100000E+04 1.998699951E+02 3.858399963E+02 -1.315599976E+02 1.805399933E+02 1.730499983E+00 1.474300027E-01 2.634600038E-03
 9.224999667E-05 6.358000246E-05 3.421700001E-01 -1.065900000E+05 5.083900000E+04 1.974700012E+02 3.905400085E+02 -1.332299957E+02 1.798000031E+02 1.762400031E+00 1.407199949E-01 2.726899926E-03
 9.429999773E-05 6.288399891E-05 3.313399851E-01 -1.216200000E+05 4.841200000E+04 1.953000031E+02 3.949200134E+02 -1.346399994E+02 1.980200043E+02 1.791800022E+00 1.347600073E-01 2.816000022E-03
 9.634999878E-05 6.218800263E-05 3.211500049E-01 -1.250200000E+05 4.623200000E+04 1.932899933E+02 3.988900146E+02 -1.359199982E+02 2.169700012E+02 1.819100022E+00 1.292700022E-01 2.905299887E-03
 9.839999984E-05 6.149199908E-05 3.108299971E-01 -1.218200000E+05 4.644400000E+04 1.910800018E+02 4.030100098E+02 -1.366999969E+02 2.078500061E+02 1.847700000E+00 1.236900017E-01 3.001899924E-03
 1.004500009E-04 6.079599916E-05 3.006699979E-01 -1.310800000E+05 4.815300000E+04 1.889400024E+02 4.071600037E+02 -1.377400055E+02 1.908200073E+02 1.876700044E+00 1.183099970E-01 3.103299998E-03
 1.025000020E-04 6.009999925E-05 2.910299897E-01 -1.370300000E+05 5.256100000E+04 1.870700073E+02 4.108500061E+02 -1.391499939E+02 1.938699951E+02 1.903399944E+00 1.133800000E-01 3.206199966E-03
 1.045500030E-04 5.940399933E-05 2.817800045E-01 -1.408200000E+05 5.228800000E+04 1.852200012E+02 4.143200073E+02 -1.403699951E+02 2.061100006E+02 1.929100037E+00 1.086900011E-01 3.311299952E-03
 1.065999968E-04 5.870799941E-05 2.731800079E-01 -1.429300000E+05 4.908100000E+04 1.833399963E+02 4.177200012E+02 -1.414499969E+02 2.029100037E+02 1.954800010E+00 1.042999998E-01 3.415399930E-03
 1.086499979E-04 5.801199950E-05 2.649500072E-01 -1.410000000E+05 5.202200000E+04 1.814799957E+02 4.211300049E+02 -1.423899994E+02 1.958399963E+02 1.980499983E+00 1.001399979E-01 3.521600040E-03
 1.106999989E-04 5.731599958E-05 2.570100129E-01 -1.454700000E+05 5.651600000E+04 1.797700043E+02 4.242399902E+02 -1.433999939E+02 2.079400024E+02 2.004499912E+00 9.622199833E-02 3.630199935E-03
 1.127500000E-04 5.661999967E-05 2.494000047E-01 -1.467100000E+05 5.787800000E+04 1.780599976E+02 4.272300110E+02 -1.443999939E+02 2.131100006E+02 2.028399944E+00 9.247899801E-02 3.741099965E-03
 1.148000010E-04 5.592399975E-05 2.422499955E-01 -1.489000000E+05 5.543800000E+04 1.764400024E+02 4.302799988E+02 -1.454199982E+02 2.008500061E+02 2.052099943E+00 8.901099861E-02 3.851300105E-03
 1.168500021E-04 5.522799984E-05 2.357400060E-01 -1.560200000E+05 5.506800000E+04 1.750399933E+02 4.330000000E+02 -1.462200012E+02 1.977299957E+02 2.073199987E+00 8.593399823E-02 3.957699984E-03
 1.189000031E-04 5.453199992E-05 2.295899987E-01 -1.625700000E+05 6.095300000E+04 1.736000061E+02 4.352900085E+02 -1.471000061E+02 2.084900055E+02 2.092900038E+00 8.300600201E-02 4.063600209E-03
 1.209499969E-04 5.383600001E-05 2.237699926E-01 -1.690600000E+05 6.323400000E+04 1.721199951E+02 4.372200012E+02 -1.478899994E+02 2.212700043E+02 2.111399889E+00 8.020599931E-02 4.169399850E-03
 1.230000053E-04 5.314000009E-05 2.181300074E-01 -1.704700000E+05 6.145300000E+04 1.706999969E+02 4.392399902E+02 -1.485000000E+02 2.302799988E+02 2.129800081E+00 7.754199952E-02 4.277099855E-03
 1.250500063E-04 5.244400018E-05 2.125499994E-01 -1.759000000E+05 6.296800000E+04 1.694600067E+02 4.416099854E+02 -1.490500031E+02 2.357599945E+02 2.148799896E+00 7.500600070E-02 4.389400128E-03
 1.270999928E-04 5.174800026E-05 2.074300051E-01 -1.963500000E+05 6.563300000E+04 1.686499939E+02 4.432799988E+02 -1.492799988E+02 2.451199951E+02 2.161600113E+00 7.284899801E-02 4.497500136E-03
 1.291499939E-04 5.105200034E-05 2.025900036E-01 -2.110500000E+05 6.815400000E+04 1.679499969E+02 4.448699951E+02 -1.498600006E+02 2.462700043E+02 2.174000025E+00 7.085499913E-02 4.605200142E-03
 1.311999949E-04 5.035600043E-05 1.978999972E-01 -2.246800000E+05 7.875600000E+04 1.672200012E+02 4.464899902E+02 -1.507100067E+02 2.607300110E+02 2.187000036E+00 6.891400367E-02 4.714100156E-03
 1.332499960E-04 4.966000051E-05 1.936800033E-01 -2.485700000E+05 8.734800000E+04 1.666699982E+02 4.475199890E+02 -1.511600037E+02 2.818599854E+02 2.195800066E+00 6.722299755E-02 4.816799890E-03
 1.352999971E-04 4.896400060E-05 1.897699982E-01 -2.722200000E+05 9.614400000E+04 1.660800018E+02 4.483999939E+02 -1.515299988E+02 3.029700012E+02 2.204200029E+00 6.563200057E-02 4.916099831E-03
 1.373499981E-04 4.826800068E-05 1.860900074E-01 -3.029200000E+05 1.071400000E+05 1.657799988E+02 4.487000122E+02 -1.516399994E+02 3.437600098E+02 2.207700014E+00 6.424099952E-02 5.013000220E-03
 1.393999992E-04 4.757200077E-05 1.823499948E-01 -3.364500000E+05 1.159100000E+05 1.656799927E+02 4.490400085E+02 -1.513999939E+02 3.675299988E+02 2.209500074E+00 6.291399896E-02 5.116099957E-03
 1.414500002E-04 4.687600085E-05 1.787600070E-01 -3.654700000E+05 1.258500000E+05 1.656600037E+02 4.496700134E+02 -1.515500031E+02 3.714200134E+02 2.212599993E+00 6.166899949E-02 5.218499806E-03
 1.435000013E-04 4.618000094E-05 1.765599996E-01 -4.219000000E+05 1.418100000E+05 1.669700012E+02 4.474400024E+02 -1.510299988E+02 4.198999939E+02 2.193399906E+00 6.138800085E-02 5.283200182E-03
 1.455500023E-04 4.548400102E-05 1.798399985E-01 -6.400500000E+05 2.180400000E+05 1.758999939E+02 4.319899902E+02 -1.459299927E+02 6.633200073E+02 2.066299915E+00 6.594300270E-02 5.189300049E-03
 1.476000034E-04 4.478800111E-05 2.023099959E-01 -1.064000000E+06 3.763900000E+05 2.032400055E+02 3.803800049E+02 -1.282100067E+02 1.299400024E+03 1.704900026E+00 8.642899990E-02 4.652500153E-03
 1.496500045E-04 4.409200119E-05 2.708300054E-01 -1.075200000E+06 3.863700000E+05 2.434299927E+02 2.856499939E+02 -9.577200317E+01 1.908099976E+03 1.172299981E+00 1.395200044E-01 3.571199952E-03
 1.517000055E-04 4.339600127E-05 3.886800110E-01 -5.202800000E+05 1.870500000E+05 2.734100037E+02 1.927400055E+02 -6.382500076E+01 1.614500000E+03 7.398899794E-01 2.226999998E-01 2.480800031E-03
 1.537500066E-04 4.270000136E-05 4.965899885E-01 -1.268000000E+05 4.159500000E+04 2.860400085E+02 1.419299927E+02 -4.539500046E+01 7.582899780E+02 5.291600227E-01 2.960799932E-01 1.892499975E-03
 1.557999931E-04 4.200400144E-05 5.493800044E-01 -4.292100000E+04 3.643500000E+03 2.905499878E+02 1.222099991E+02 -3.751300049E+01 2.787999878E+02 4.502199888E-01 3.324199915E-01 1.699200016E-03
 1.578499941E-04 4.130800153E-05 5.667700171E-01 -2.996700000E+04 1.659099976E+03 2.926499939E+02 1.125500031E+02 -3.399399948E+01 1.875000000E+02 4.125800133E-01 3.454000056E-01 1.645999961E-03
 1.598999952E-04 4.061200161E-05 5.745999813E-01 -2.324000000E+04 1.171800000E+04 2.938699951E+02 1.052099991E+02 -3.196400070E+01 1.724499969E+02 3.850499988E-01 3.516399860E-01 1.623400021E-03
 1.619499963E-04 3.991600170E-05 5.803200006E-01 -1.638800000E+04 1.373800000E+04 2.946799927E+02 9.880300140E+01 -3.012100029E+01 1.615099945E+02 3.612099886E-01 3.561100066E-01 1.607400016E-03
 1.639999973E-04 3.922000178E-05 5.847600102E-01 -2.313000000E+04 9.375900391E+03 2.955299988E+02 9.325900269E+01 -2.878599930E+01 1.471199951E+02 3.407999873E-01 3.598600030E-01 1.595200039E-03
 1.660499984E-04 3.852399823E-05 5.889899731E-01 -2.176400000E+04 8.524900391E+03 2.962500000E+02 8.843800354E+01 -2.751199913E+01 1.174899979E+02 3.230000138E-01 3.633500040E-01 1.583799953E-03
 1.680999994E-04 3.782799831E-05 5.928300023E-01 -7.514799805E+03 4.854799805E+03 2.966700134E+02 8.396399689E+01 -2.584099960E+01 1.100299988E+02 3.061699867E-01 3.662300110E-01 1.573499991E-03
 1.701500005E-04 3.713199840E-05 5.961899757E-01 -8.440000000E+03 4.632799805E+03 2.969899902E+02 7.982800293E+01 -2.472800064E+01 1.151500015E+02 2.910999954E-01 3.687199950E-01 1.564600039E-03
 1.722000015E-04 3.643599848E-05 5.991799831E-01 -1.203100000E+04 6.928100098E+03 2.975899963E+02 7.619799805E+01 -2.388699913E+01 1.130699997E+02 2.778699994E-01 3.713099957E-01 1.556799980E-03
 1.742500026E-04 3.573999857E-05 6.017400026E-01 -1.103100000E+04 9.322799805E+03 2.980700073E+02 7.269499969E+01 -2.257699966E+01 1.050299988E+02 2.646600008E-01 3.734999895E-01 1.550200046E-03
 1.763000037E-04 3.504399865E-05 6.041899920E-01 -8.346500000E+03 1.408300049E+03 2.984299927E+02 6.899099731E+01 -2.092700005E+01 8.671199799E+01 2.505399883E-01 3.754700124E-01 1.543899998E-03
 1.783500047E-04 3.434799874E-05 6.058300138E-01 -1.365400000E+04 -4.831500000E+03 2.987699890E+02 6.548400116E+01 -1.996400070E+01 7.197599792E+01 2.377600074E-01 3.769200146E-01 1.539699966E-03
 1.804000058E-04 3.365199882E-05 6.075800061E-01 -1.334100000E+04 1.581199951E+03 2.988099976E+02 6.239799881E+01 -1.918799973E+01 8.795899963E+01 2.267200053E-01 3.780499995E-01 1.535300049E-03
 1.824500068E-04 3.295599890E-05 6.101400256E-01 -2.224800049E+03 3.263200073E+02 2.987600098E+02 5.935900116E+01 -1.798399925E+01 1.093799973E+02 2.154600024E-01 3.795799911E-01 1.528800000E-03
 1.844999933E-04 3.225999899E-05 6.117699742E-01 1.582300049E+03 6.518599701E+01 2.989500122E+02 5.645000076E+01 -1.708399963E+01 9.755999756E+01 2.047999948E-01 3.808400035E-01 1.524799969E-03
 1.865499944E-04 3.156399907E-05 6.129599810E-01 3.739300049E+03 4.378600098E+03 2.994800110E+02 5.365100098E+01 -1.614100075E+01 7.621600342E+01 1.943600029E-01 3.822599947E-01 1.521799946E-03
 1.885999955E-04 3.086799916E-05 6.146199703E-01 -1.831300049E+02 5.839899902E+03 2.999599915E+02 5.091299820E+01 -1.517700005E+01 7.352999878E+01 1.841499954E-01 3.839100003E-01 1.517700031E-03
 1.906499965E-04 3.017199924E-05 6.153299809E-01 -6.748399902E+03 4.020199951E+03 3.002500000E+02 4.821799850E+01 -1.408500004E+01 9.512000275E+01 1.740700006E-01 3.847300112E-01 1.515900018E-03
 1.926999976E-04 2.947599933E-05 6.164000034E-01 -9.878599609E+03 5.653600098E+03 3.006900024E+02 4.528099823E+01 -1.303600025E+01 1.058300018E+02 1.631799936E-01 3.859600127E-01 1.513299998E-03
 1.947499986E-04 2.877999941E-05 6.158400178E-01 -1.525600000E+04 6.087399902E+03 3.017799988E+02 4.236399841E+01 -1.174800014E+01 8.132299805E+01 1.520099938E-01 3.870100081E-01 1.514700009E-03
 1.967999997E-04 2.808399950E-05 6.131700277E-01 -2.646700000E+04 1.132100000E+04 3.034299927E+02 3.931000137E+01 -9.954799652E+00 8.400900269E+01 1.398800015E-01 3.874399960E-01 1.521299942E-03
 1.988500007E-04 2.738799958E-05 6.095399857E-01 -4.661700000E+04 1.495900000E+04 3.059299927E+02 3.580300140E+01 -8.100799561E+00 1.291799927E+02 1.262200028E-01 3.883099854E-01 1.530400012E-03
 2.009000018E-04 2.669199966E-05 6.021000147E-01 -7.840700000E+04 3.217700000E+04 3.102099915E+02 3.190600014E+01 -5.744500160E+00 1.711499939E+02 1.109199971E-01 3.889099956E-01 1.549400040E-03
 2.029500029E-04 2.599599975E-05 5.889800191E-01 -1.283500000E+05 7.534300000E+04 3.174400024E+02 2.680900002E+01 -9.496100247E-02 3.280100098E+02 9.214899689E-02 3.892300129E-01 1.584199956E-03
 2.050000039E-04 2.529999983E-05 5.807099938E-01 -1.561300000E+05 9.850600000E+04 3.219800110E+02 2.377899933E+01 4.233699799E+00 4.668999939E+02 8.149000257E-02 3.893199861E-01 1.606500009E-03
 0.000000000E+00 5.933300054E-05 1.600700021E+00 -4.888800000E+04 1.800300049E+03 3.000000000E+02 2.315200043E+01 6.339600086E+00 1.565800018E+02 8.720300347E-02 1.005699992E+00 5.809700233E-04
 2.049999921E-06 6.008000128E-05 1.607900023E+00 -4.298400000E+04 7.948899902E+03 2.999700012E+02 2.505999947E+01 6.540100098E+00 1.366900024E+02 9.178599715E-02 1.007200003E+00 5.792599986E-04
 4.099999842E-06 6.082699838E-05 1.614899993E+00 -1.525200000E+04 9.119599609E+03 2.998800049E+02 2.867099953E+01 7.250000000E+00 1.353300018E+02 1.025300026E-01 1.008399963E+00 5.776199978E-04
 6.149999990E-06 6.157300231E-05 1.614099979E+00 -2.097200012E+02 5.211200195E+03 2.999899902E+02 3.212500000E+01 8.546600342E+00 1.095800018E+02 1.152200028E-01 1.008299947E+00 5.779300118E-04
 8.199999684E-06 6.232000305E-05 1.611500025E+00 -1.254700000E+04 8.119700195E+03 3.001700134E+02 3.563800049E+01 1.005200005E+01 1.101200027E+02 1.282999963E-01 1.007300019E+00 5.788300186E-04
 1.024999983E-05 6.306699652E-05 1.610399961E+00 -3.692199951E+03 7.276700195E+03 2.999899902E+02 3.916199875E+01 1.164000034E+01 1.130899963E+02 1.415999979E-01 1.006000042E+00 5.792300217E-04
 1.229999998E-05 6.381300045E-05 1.608299971E+00 6.425799805E+03 -7.947000122E+02 2.998099976E+02 4.293000031E+01 1.309700012E+01 1.103899994E+02 1.555999964E-01 1.004099965E+00 5.799999926E-04
 1.435000013E-05 6.456000119E-05 1.604099989E+00 -3.143699951E+02 9.265999756E+02 2.997600098E+02 4.701900101E+01 1.442399979E+01 1.453899994E+02 1.705199927E-01 1.001299977E+00 5.814899923E-04
 1.639999937E-05 6.530700193E-05 1.601099968E+00 -2.067000000E+03 1.282300000E+04 2.996000061E+02 5.120199966E+01 1.602700043E+01 1.235800018E+02 1.860499978E-01 9.989200234E-01 5.825900007E-04
 1.845000043E-05 6.605299859E-05 1.597700000E+00 -1.187400024E+03 6.820700073E+02 2.993500061E+02 5.538000107E+01 1.794700050E+01 1.345800018E+02 2.019599974E-01 9.959899783E-01 5.838199868E-04
 2.049999966E-05 6.679999933E-05 1.594300032E+00 -5.028100098E+03 -8.642799805E+03 2.991400146E+02 5.961299896E+01 1.954100037E+01 1.778999939E+02 2.177000046E-01 9.930899739E-01 5.850999733E-04
 2.255000072E-05 6.754700007E-05 1.590299964E+00 -3.539100098E+03 4.394200195E+03 2.987000122E+02 6.412100220E+01 2.099200058E+01 1.747799988E+02 2.343199998E-01 9.891700149E-01 5.865599960E-04
 2.459999996E-05 6.829299673E-05 1.584699988E+00 -3.304000000E+03 1.177200000E+04 2.982200012E+02 6.895500183E+01 2.288599968E+01 1.602700043E+02 2.525100112E-01 9.841499925E-01 5.886100116E-04
 2.664999920E-05 6.903999747E-05 1.577800035E+00 5.366700195E+03 -7.308499756E+02 2.978999939E+02 7.415499878E+01 2.498999977E+01 1.652100067E+02 2.721199989E-01 9.787499905E-01 5.912099732E-04
 2.870000026E-05 6.978699821E-05 1.570299983E+00 9.855700195E+03 -8.344900391E+03 2.974400024E+02 7.971700287E+01 2.694899940E+01 1.408000031E+02 2.928499877E-01 9.725900292E-01 5.940399715E-04
 3.075000132E-05 7.053300214E-05 1.560999990E+00 -4.046000000E+03 -5.569899902E+03 2.969700012E+02 8.573899841E+01 2.915500069E+01 1.763000031E+02 3.154099882E-01 9.653300047E-01 5.975699751E-04
 3.279999873E-05 7.128000289E-05 1.547999978E+00 5.266699829E+02 -2.183700000E+04 2.965400085E+02 9.253299713E+01 3.179100037E+01 2.027700043E+02 3.410100043E-01 9.559199810E-01 6.025899784E-04
 3.484999979E-05 7.202700363E-05 1.534999967E+00 1.782000000E+04 -1.159800000E+04 2.958299866E+02 9.946800232E+01 3.432300186E+01 1.928099976E+02 3.671799898E-01 9.456300139E-01 6.076900172E-04
 3.690000085E-05 7.277300028E-05 1.521600008E+00 3.015100000E+04 2.653600000E+04 2.948800049E+02 1.068300018E+02 3.698099899E+01 2.485399933E+02 3.951100111E-01 9.343500137E-01 6.130699767E-04
 3.894999827E-05 7.352000102E-05 1.503800035E+00 3.711100000E+04 2.568900000E+04 2.936499939E+02 1.154100037E+02 4.002299881E+01 2.641300049E+02 4.278500080E-01 9.195799828E-01 6.203299854E-04
 4.099999933E-05 7.426700176E-05 1.483399987E+00 3.782400000E+04 6.071399902E+03 2.920499878E+02 1.251299973E+02 4.365900040E+01 3.010499878E+02 4.654600024E-01 9.021700025E-01 6.288600271E-04
 4.305000039E-05 7.501299842E-05 1.456400037E+00 2.028600000E+04 1.429700000E+04 2.905299988E+02 1.365800018E+02 4.771900177E+01 3.233299866E+02 5.094500184E-01 8.811200261E-01 6.405800232E-04
 4.510000144E-05 7.575999916E-05 1.420300007E+00 4.251100000E+04 1.760000000E+04 2.883699951E+02 1.502700043E+02 5.243199921E+01 3.551300049E+02 5.625699759E-01 8.529599905E-01 6.568799727E-04
 4.714999886E-05 7.650699990E-05 1.373600006E+00 7.778300000E+04 1.688900000E+04 2.850700073E+02 1.680700073E+02 5.813100052E+01 4.629800110E+02 6.322900057E-01 8.155099750E-01 6.793399807E-04
 4.919999992E-05 7.725299656E-05 1.300999999E+00 1.063200000E+05 3.039700000E+04 2.794400024E+02 1.960800018E+02 6.479799652E+01 5.225499878E+02 7.419599891E-01 7.574099898E-01 7.178799715E-04
 5.125000098E-05 7.799999730E-05 1.017899990E+00 1.444000000E+05 2.919900000E+04 2.627200012E+02 2.580700073E+02 2.396100044E+01 -2.178800049E+02 9.815800190E-01 5.633500218E-01 9.717100183E-04
 5.329999840E-05 7.732799713E-05 6.482599974E-01 7.203700000E+04 2.915700000E+04 2.417200012E+02 3.077399902E+02 -5.952099991E+01 -4.316199951E+02 1.220399976E+00 3.286199868E-01 1.507099951E-03
 5.534999946E-05 7.665599696E-05 4.957199991E-01 -2.190100000E+04 5.422900000E+04 2.322400055E+02 3.125700073E+02 -1.060599976E+02 2.436900024E+02 1.300400019E+00 2.397899926E-01 1.888499944E-03
 5.740000051E-05 7.598399679E-05 4.774599969E-01 -3.665800000E+04 7.332700000E+04 2.305700073E+02 3.126600037E+02 -1.147099991E+02 3.370100098E+02 1.316300035E+00 2.292300016E-01 1.954199979E-03
 5.945000157E-05 7.531199662E-05 4.836800098E-01 -2.908400000E+04 7.516800000E+04 2.300399933E+02 3.140799866E+02 -1.157200012E+02 3.032999878E+02 1.324399948E+00 2.317000031E-01 1.928700018E-03
 6.150000263E-05 7.463999646E-05 4.901700020E-01 -3.436700000E+04 7.026900000E+04 2.295299988E+02 3.164100037E+02 -1.154000015E+02 2.813399963E+02 1.334200025E+00 2.342800051E-01 1.903100056E-03
 6.354999641E-05 7.396800356E-05 4.934000075E-01 -4.463400000E+04 6.109100000E+04 2.287100067E+02 3.197300110E+02 -1.149800034E+02 2.359400024E+02 1.348399997E+00 2.349900007E-01 1.890599960E-03
 6.559999747E-05 7.329600339E-05 4.922499955E-01 -3.714500000E+04 6.015600000E+04 2.272200012E+02 3.237000122E+02 -1.150800018E+02 2.109900055E+02 1.367799997E+00 2.329100072E-01 1.894999994E-03
 6.764999853E-05 7.262400322E-05 4.867300093E-01 -3.907400000E+04 5.830200000E+04 2.254600067E+02 3.285899963E+02 -1.158700027E+02 2.106699982E+02 1.392600060E+00 2.285200059E-01 1.916600042E-03
 6.969999959E-05 7.195200305E-05 4.786599874E-01 -4.758200000E+04 4.854100000E+04 2.236499939E+02 3.342900085E+02 -1.167300034E+02 2.241000061E+02 1.421000004E+00 2.229299992E-01 1.948900055E-03
 7.175000064E-05 7.128000289E-05 4.682599902E-01 -4.855500000E+04 4.072600000E+04 2.215299988E+02 3.403200073E+02 -1.178399963E+02 2.036000061E+02 1.452200055E+00 2.160300016E-01 1.992400037E-03
 7.380000170E-05 7.060800272E-05 4.570699930E-01 -5.725800000E+04 4.345500000E+04 2.193000031E+02 3.462399902E+02 -1.192900009E+02 1.949600067E+02 1.484099984E+00 2.087399960E-01 2.041100059E-03
 7.585000276E-05 6.993600255E-05 4.447099864E-01 -7.039100000E+04 4.723400000E+04 2.168600006E+02 3.522099915E+02 -1.204300003E+02 2.042899933E+02 1.516999960E+00 2.008399963E-01 2.098100027E-03
 7.789999654E-05 6.926400238E-05 4.318400025E-01 -7.651500000E+04 4.828400000E+04 2.142500000E+02 3.579200134E+02 -1.215000000E+02 2.043000031E+02 1.549800038E+00 1.926800013E-01 2.160500037E-03
 7.994999760E-05 6.859200221E-05 4.199199975E-01 -7.963700000E+04 4.898000000E+04 2.117799988E+02 3.629700012E+02 -1.227200012E+02 2.151600037E+02 1.580199957E+00 1.852000058E-01 2.221900038E-03
 8.199999866E-05 6.792000204E-05 4.068000019E-01 -8.577300000E+04 4.639600000E+04 2.092599945E+02 3.682799988E+02 -1.240800018E+02 2.083200073E+02 1.612300038E+00 1.772899926E-01 2.293800004E-03
 8.404999971E-05 6.724800187E-05 3.935300112E-01 -9.034600000E+04 4.467100000E+04 2.068399963E+02 3.733999939E+02 -1.253099976E+02 2.018899994E+02 1.643599987E+00 1.695200056E-01 2.370900009E-03
 8.610000077E-05 6.657600170E-05 3.808299899E-01 -9.901400000E+04 4.806600000E+04 2.044799957E+02 3.783200073E+02 -1.262799988E+02 2.114400024E+02 1.674000025E+00 1.621699929E-01 2.450099913E-03
 8.815000183E-05 6.590400153E-05 3.681600094E-01 -1.059800000E+05 4.840000000E+04 2.021100006E+02 3.835799866E+02 -1.273399963E+02 2.213699951E+02 1.706200004E+00 1.549700052E-01 2.534399973E-03
 9.020000289E-05 6.523200136E-05 3.560400009E-01 -1.064500000E+05 4.785900000E+04 1.998800049E+02 3.885599976E+02 -1.284100037E+02 2.182100067E+02 1.737200022E+00 1.482000053E-01 2.620700048E-03
 9.224999667E-05 6.456000119E-05 3.441199958E-01 -1.138500000E+05 5.393800000E+04 1.977899933E+02 3.932099915E+02 -1.298200073E+02 2.079499969E+02 1.767099977E+00 1.417499930E-01 2.711599926E-03
 9.429999773E-05 6.388800102E-05 3.328999877E-01 -1.185300000E+05 4.777900000E+04 1.957599945E+02 3.973599854E+02 -1.311900024E+02 2.071799927E+02 1.794999957E+00 1.357199997E-01 2.802700037E-03
 9.634999878E-05 6.321600085E-05 3.223200142E-01 -1.196100000E+05 4.268100000E+04 1.934700012E+02 4.012699890E+02 -1.321900024E+02 2.167400055E+02 1.822999954E+00 1.298699975E-01 2.894799924E-03
 9.839999984E-05 6.254400068E-05 3.120599985E-01 -1.231700000E+05 5.142700000E+04 1.911000061E+02 4.053699951E+02 -1.328000031E+02 2.213000031E+02 1.851899981E+00 1.241900027E-01 2.989900066E-03
 1.004500009E-04 6.187200051E-05 3.027699888E-01 -1.320800000E+05 5.431500000E+04 1.890099945E+02 4.091300049E+02 -1.335800018E+02 2.116300049E+02 1.878800035E+00 1.191700026E-01 3.081599949E-03
 1.025000020E-04 6.120000035E-05 2.932400107E-01 -1.349700000E+05 4.896200000E+04 1.872299957E+02 4.130700073E+02 -1.345399933E+02 2.065299988E+02 1.905500054E+00 1.143300012E-01 3.182099899E-03
 1.045500030E-04 6.052800018E-05 2.836799920E-01 -1.374800000E+05 4.876600000E+04 1.854499969E+02 4.166700134E+02 -1.356199951E+02 2.171600037E+02 1.931100011E+00 1.095599979E-01 3.288999898E-03
 1.065999968E-04 5.985600001E-05 2.748999894E-01 -1.382600000E+05 4.925900000E+04 1.835200043E+02 4.196199951E+02 -1.367400055E+02 2.101699982E+02 1.955199957E+00 1.050600037E-01 3.394099884E-03
 1.086499979E-04 5.918399984E-05 2.664499879E-01 -1.399900000E+05 5.179000000E+04 1.816499939E+02 4.227399902E+02 -1.373899994E+02 2.084400024E+02 1.979400039E+00 1.008000001E-01 3.501700005E-03
 1.106999989E-04 5.851199967E-05 2.583400011E-01 -1.453600000E+05 5.369900000E+04 1.798500061E+02 4.261499939E+02 -1.382500000E+02 2.120899963E+02 2.004899979E+00 9.676100314E-02 3.611699911E-03
 1.127500000E-04 5.783999950E-05 2.505399883E-01 -1.456900000E+05 5.328000000E+04 1.781900024E+02 4.294500122E+02 -1.392400055E+02 2.082599945E+02 2.029799938E+00 9.297099710E-02 3.723999951E-03
 1.148000010E-04 5.716799933E-05 2.435300052E-01 -1.535400000E+05 5.502400000E+04 1.766600037E+02 4.321600037E+02 -1.403899994E+02 2.149299927E+02 2.051800013E+00 8.959200233E-02 3.831099952E-03
 1.168500021E-04 5.649599916E-05 2.372200042E-01 -1.655700000E+05 5.778700000E+04 1.751900024E+02 4.346499939E+02 -1.412599945E+02 2.191999969E+02 2.072299957E+00 8.654800057E-02 3.932899795E-03
 1.189000031E-04 5.582399899E-05 2.311699986E-01 -1.745600000E+05 6.280400000E+04 1.738600006E+02 4.371600037E+02 -1.418899994E+02 2.247599945E+02 2.092000008E+00 8.369600028E-02 4.035899881E-03
 1.209499969E-04 5.515199882E-05 2.249500006E-01 -1.740200000E+05 6.272800000E+04 1.723200073E+02 4.397799988E+02 -1.426699982E+02 2.240800018E+02 2.113800049E+00 8.072400093E-02 4.147599917E-03
 1.230000053E-04 5.447999865E-05 2.188999951E-01 -1.668700000E+05 5.913900000E+04 1.708099976E+02 4.421300049E+02 -1.433800049E+02 2.198399963E+02 2.134399891E+00 7.786499709E-02 4.261999857E-03
 1.250500063E-04 5.380799848E-05 2.134999931E-01 -1.725800000E+05 6.126100000E+04 1.696499939E+02 4.440599976E+02 -1.437700043E+02 2.407400055E+02 2.150599957E+00 7.543099672E-02 4.369699862E-03
 1.270999928E-04 5.313599831E-05 2.084300071E-01 -1.884300000E+05 6.130600000E+04 1.686600037E+02 4.459299927E+02 -1.440299988E+02 2.513000031E+02 2.165499926E+00 7.320400327E-02 4.476100206E-03
 1.291499939E-04 5.246400178E-05 2.035200000E-01 -2.057600000E+05 6.336400000E+04 1.679799957E+02 4.477000122E+02 -1.446900024E+02 2.376499939E+02 2.178699970E+00 7.119199634E-02 4.583999980E-03
 1.311999949E-04 5.179200161E-05 1.990299970E-01 -2.267400000E+05 7.660700000E+04 1.673600006E+02 4.491600037E+02 -1.454100037E+02 2.589400024E+02 2.190200090E+00 6.936399639E-02 4.687299952E-03
 1.332499960E-04 5.112000144E-05 1.948300004E-01 -2.500100000E+05 8.603200000E+04 1.667400055E+02 4.501400146E+02 -1.459700012E+02 2.845899963E+02 2.199399948E+00 6.765100360E-02 4.788300022E-03
 1.352999971E-04 5.044800128E-05 1.905999929E-01 -2.745900000E+05 9.492900000E+04 1.661999969E+02 4.511000061E+02 -1.461499939E+02 2.991300049E+02 2.207499981E+00 6.596399844E-02 4.894699901E-03
 1.373499981E-04 4.977600111E-05 1.867100000E-01 -2.995500000E+05 1.026300000E+05 1.658500061E+02 4.516499939E+02 -1.459799957E+02 3.287200012E+02 2.211899996E+00 6.448400021E-02 4.996499978E-03
 1.393999992E-04 4.910400094E-05 1.831700057E-01 -3.303700000E+05 1.111900000E+05 1.657400055E+02 4.519299927E+02 -1.461399994E+02 3.621000061E+02 2.214200020E+00 6.321900338E-02 5.092899781E-03
 1.414500002E-04 4.843200077E-05 1.798100024E-01 -3.571800000E+05 1.210200000E+05 1.655500031E+02 4.524299927E+02 -1.465899963E+02 3.683200073E+02 2.218300104E+00 6.198799983E-02 5.188299809E-03
 1.435000013E-04 4.776000060E-05 1.773499995E-01 -4.033900000E+05 1.347400000E+05 1.663600006E+02 4.509800110E+02 -1.462100067E+02 3.938299866E+02 2.206000090E+00 6.143699959E-02 5.259799771E-03
 1.455500023E-04 4.708800043E-05 1.784999967E-01 -5.716800000E+05 1.935400000E+05 1.725500031E+02 4.403900146E+02 -1.423800049E+02 5.693200073E+02 2.116199970E+00 6.416500360E-02 5.226700101E-03
 1.476000034E-04 4.641600026E-05 1.939799935E-01 -9.638000000E+05 3.346700000E+05 1.947899933E+02 3.996799927E+02 -1.277600021E+02 1.104599976E+03 1.816599965E+00 7.920300215E-02 4.834299907E-03
 1.496500045E-04 4.574400009E-05 2.487400025E-01 -1.114000000E+06 3.925900000E+05 2.339400024E+02 3.119500122E+02 -9.729900360E+01 1.800599976E+03 1.298499942E+00 1.231900007E-01 3.862499958E-03
 1.517000055E-04 4.507199992E-05 3.564400077E-01 -6.457300000E+05 2.345400000E+05 2.681799927E+02 2.121000061E+02 -6.373300171E+01 1.736699951E+03 8.165000081E-01 2.008199990E-01 2.716799965E-03
 1.537500066E-04 4.439999975E-05 4.709199965E-01 -1.702700000E+05 6.360300000E+04 2.846199951E+02 1.495000000E+02 -4.282799911E+01 9.405200195E+02 5.539299846E-01 2.795799971E-01 2.003500005E-03
 1.557999931E-04 4.372799958E-05 5.370799899E-01 -3.812100000E+04 4.472500000E+03 2.905000000E+02 1.239499969E+02 -3.348799896E+01 3.595000000E+02 4.522500038E-01 3.249500096E-01 1.738999970E-03
 1.578499941E-04 4.305599941E-05 5.620800257E-01 -2.123800000E+04 -3.832300049E+03 2.926900024E+02 1.132399979E+02 -2.951799965E+01 1.747799988E+02 4.105800092E-01 3.425900042E-01 1.659799949E-03
 1.598999952E-04 4.238399924E-05 5.722500086E-01 -1.858400000E+04 4.504799805E+03 2.938099976E+02 1.061200027E+02 -2.759099960E+01 1.334100037E+02 3.839699924E-01 3.501200080E-01 1.630099956E-03
 1.619499963E-04 4.171199907E-05 5.783600211E-01 -1.270400000E+04 8.649000000E+03 2.946700134E+02 1.001600037E+02 -2.614100075E+01 1.217099991E+02 3.619700074E-01 3.548899889E-01 1.612900058E-03
 1.639999973E-04 4.103999891E-05 5.834500194E-01 -1.407700000E+04 1.701099976E+03 2.955700073E+02 9.488300323E+01 -2.529999924E+01 1.163000031E+02 3.428600132E-01 3.591000140E-01 1.598799950E-03
 1.660499984E-04 4.036799874E-05 5.871800184E-01 -1.840700000E+04 3.149399902E+03 2.964400024E+02 8.997100067E+01 -2.428300095E+01 1.103700027E+02 3.249000013E-01 3.624700010E-01 1.588599989E-03
 1.680999994E-04 3.969599857E-05 5.909600258E-01 -1.464800000E+04 9.572700195E+03 2.970000000E+02 8.541500092E+01 -2.290399933E+01 9.363700104E+01 3.080100119E-01 3.654899895E-01 1.578500029E-03
 1.701500005E-04 3.902399840E-05 5.947300196E-01 -1.438400000E+04 8.078200195E+03 2.972600098E+02 8.128099823E+01 -2.206900024E+01 8.601599884E+01 2.932200134E-01 3.681499958E-01 1.568499953E-03
 1.722000015E-04 3.835199823E-05 5.975199938E-01 -1.374400000E+04 9.233499756E+02 2.978599854E+02 7.769999695E+01 -2.134399986E+01 9.232499695E+01 2.802500129E-01 3.706200123E-01 1.561100013E-03
 1.742500026E-04 3.768000170E-05 6.003500223E-01 -1.055800000E+04 4.861799805E+03 2.982399902E+02 7.419000244E+01 -1.989900017E+01 1.030299988E+02 2.669900060E-01 3.728500009E-01 1.553799957E-03
 1.763000037E-04 3.700800153E-05 6.030399799E-01 -1.072500000E+04 -3.581700134E+02 2.983599854E+02 7.072200012E+01 -1.829800034E+01 9.787999725E+01 2.538599968E-01 3.746699989E-01 1.546800020E-03
 1.783500047E-04 3.633600136E-05 6.049399972E-01 -1.578600000E+04 -4.145100098E+03 2.986000061E+02 6.747200012E+01 -1.757999992E+01 6.767299652E+01 2.422100008E-01 3.761500120E-01 1.541999984E-03
 1.804000058E-04 3.566400119E-05 6.068900228E-01 -1.624000000E+04 6.944700195E+03 2.987600098E+02 6.422499847E+01 -1.698299980E+01 6.970200348E+01 2.307199985E-01 3.775599897E-01 1.536999946E-03
 1.824500068E-04 3.499200102E-05 6.092200279E-01 -5.028600098E+03 -1.496900024E+03 2.987000122E+02 6.125400162E+01 -1.582100010E+01 1.005199966E+02 2.197500020E-01 3.789300025E-01 1.531100017E-03
 1.844999933E-04 3.432000085E-05 6.106600165E-01 4.216399902E+03 -7.871299805E+03 2.989500122E+02 5.849100113E+01 -1.496899986E+01 1.060400009E+02 2.096399963E-01 3.801499903E-01 1.527499990E-03
 1.865499944E-04 3.364800068E-05 6.116799712E-01 2.678600098E+03 1.162199951E+03 2.996000061E+02 5.577899933E+01 -1.421100044E+01 8.939700317E+01 1.996300071E-01 3.816199899E-01 1.524999971E-03
 1.885999955E-04 3.297600051E-05 6.139400005E-01 -2.133500000E+03 6.830100098E+03 2.998299866E+02 5.309000015E+01 -1.318400002E+01 9.045099640E+01 1.896499991E-01 3.833200037E-01 1.519400044E-03
 1.906499965E-04 3.230400034E-05 6.156799793E-01 -2.365899902E+03 2.294399902E+03 2.999500122E+02 5.032199860E+01 -1.186900043E+01 1.062399979E+02 1.792300045E-01 3.845700026E-01 1.515100012E-03
 1.926999976E-04 3.163200017E-05 6.159300208E-01 -2.112000000E+03 5.112700195E+03 3.005299988E+02 4.747299957E+01 -1.065499973E+01 9.496499634E+01 1.685200036E-01 3.854599893E-01 1.514500007E-03
 1.947499986E-04 3.096000000E-05 6.151400208E-01 -1.243300000E+04 1.138600000E+04 3.015199890E+02 4.454100037E+01 -9.171199799E+00 7.906900024E+01 1.572999954E-01 3.862400055E-01 1.516400022E-03
 1.967999997E-04 3.028799983E-05 6.139100194E-01 -2.333800000E+04 1.345300000E+04 3.028399963E+02 4.159799957E+01 -7.168300152E+00 9.340699768E+01 1.456999928E-01 3.871400058E-01 1.519400044E-03
 1.988500007E-04 2.961599967E-05 6.109499931E-01 -3.850600000E+04 1.660200000E+04 3.050199890E+02 3.853699875E+01 -4.991099834E+00 1.322899933E+02 1.337399930E-01 3.880499899E-01 1.526799984E-03
 2.009000018E-04 2.894399950E-05 6.050599813E-01 -6.614600000E+04 3.321500000E+04 3.085499878E+02 3.522800064E+01 -2.036200047E+00 1.822799988E+02 1.208899990E-01 3.887499869E-01 1.541699981E-03
 2.029500029E-04 2.827199933E-05 5.961099863E-01 -9.601900000E+04 6.453400000E+04 3.140400085E+02 3.164299965E+01 4.173099995E+00 2.853599854E+02 1.094499975E-01 3.897800148E-01 1.565000042E-03
 2.050000039E-04 2.759999916E-05 5.905200243E-01 -1.104100000E+05 8.036000000E+04 3.173699951E+02 2.976499939E+01 8.713000298E+00 3.644299927E+02 1.045499966E-01 3.902400136E-01 1.579700038E-03
 0.000000000E+00 6.049999865E-05 1.600700021E+00 -4.620600000E+04 -4.396200195E+03 3.000000000E+02 2.546299934E+01 5.793600082E+00 1.555000000E+02 9.490200132E-02 1.006199956E+00 5.803999957E-04
 2.049999921E-06 6.122000195E-05 1.608199954E+00 -3.869700000E+04 6.406100098E+03 2.999500122E+02 2.754700089E+01 5.910600185E+00 1.416499939E+02 9.986399859E-02 1.007599950E+00 5.788599956E-04
 4.099999842E-06 6.194000161E-05 1.614300013E+00 -1.794500000E+04 8.039399902E+03 2.998999939E+02 3.127199936E+01 6.436200142E+00 1.278600006E+02 1.106799990E-01 1.008100033E+00 5.778499763E-04
 6.149999990E-06 6.266000128E-05 1.612699986E+00 -2.218600098E+03 1.823500000E+03 3.000100098E+02 3.451399994E+01 7.601500034E+00 1.257600021E+02 1.224799976E-01 1.007500052E+00 5.783999804E-04
 8.199999684E-06 6.338000094E-05 1.610999942E+00 -1.117300000E+04 9.588400391E+03 3.001799927E+02 3.794400024E+01 9.079999924E+00 1.440399933E+02 1.351699978E-01 1.006999969E+00 5.790300202E-04
 1.024999983E-05 6.410000060E-05 1.610100031E+00 -1.165900000E+04 6.035899902E+03 3.000199890E+02 4.151399994E+01 1.067399979E+01 1.208899994E+02 1.485500038E-01 1.005900025E+00 5.793300224E-04
 1.229999998E-05 6.482000026E-05 1.607599974E+00 -6.244899902E+03 -3.356800049E+03 2.997500000E+02 4.521900177E+01 1.207299995E+01 1.068600006E+02 1.622599959E-01 1.003499985E+00 5.802399828E-04
 1.435000013E-05 6.553999992E-05 1.603500009E+00 -1.004700000E+04 3.197300049E+03 2.996900024E+02 4.907699966E+01 1.327400017E+01 1.337400055E+02 1.762800068E-01 1.000699997E+00 5.817299825E-04
 1.639999937E-05 6.625999958E-05 1.600499988E+00 -5.435899902E+03 1.271900000E+04 2.996799927E+02 5.298099899E+01 1.481000042E+01 1.384900055E+02 1.907400042E-01 9.987800121E-01 5.828299909E-04
 1.845000043E-05 6.697999925E-05 1.596300006E+00 -5.943899902E+03 6.065600098E+03 2.994500122E+02 5.710200119E+01 1.668199921E+01 1.760299988E+02 2.063400000E-01 9.953699708E-01 5.843699910E-04
 2.049999966E-05 6.769999891E-05 1.592700005E+00 -3.021100098E+03 -4.722500000E+03 2.991199951E+02 6.149499893E+01 1.828700066E+01 1.872500000E+02 2.226500064E-01 9.920600057E-01 5.856700009E-04
 2.255000072E-05 6.841999857E-05 1.589599967E+00 -1.165699951E+03 -9.843500000E+03 2.987699890E+02 6.611599731E+01 1.977599907E+01 1.569499969E+02 2.396299988E-01 9.889900088E-01 5.868099979E-04
 2.459999996E-05 6.913999823E-05 1.583799958E+00 -1.827400000E+04 5.007000000E+03 2.983900146E+02 7.102600098E+01 2.166300011E+01 1.242900009E+02 2.579999864E-01 9.841200113E-01 5.889700260E-04
 2.664999920E-05 6.985999789E-05 1.576599956E+00 -2.370400000E+04 2.454100037E+02 2.977799988E+02 7.630999756E+01 2.372200012E+01 1.561900024E+02 2.779600024E-01 9.776399732E-01 5.916599766E-04
 2.870000026E-05 7.057999755E-05 1.569599986E+00 6.914399902E+03 -1.004600000E+04 2.970700073E+02 8.184400177E+01 2.558399963E+01 1.906999969E+02 2.986100018E-01 9.709399939E-01 5.943099968E-04
 3.075000132E-05 7.129999722E-05 1.560099959E+00 1.452400000E+04 7.854500122E+02 2.967500000E+02 8.787300110E+01 2.774600029E+01 1.560200043E+02 3.210499883E-01 9.640899897E-01 5.979100242E-04
 3.279999873E-05 7.201999688E-05 1.547000051E+00 3.422100098E+03 -1.905300000E+04 2.964100037E+02 9.465599823E+01 3.037199974E+01 1.582700043E+02 3.465499878E-01 9.548799992E-01 6.029800279E-04
 3.484999979E-05 7.273999654E-05 1.533699989E+00 1.330800000E+04 -2.212000000E+04 2.956400146E+02 1.017500000E+02 3.293299866E+01 2.040200043E+02 3.732999861E-01 9.442099929E-01 6.082099862E-04
 3.690000085E-05 7.346000348E-05 1.518700004E+00 2.038900000E+04 1.925200000E+04 2.947000122E+02 1.093199997E+02 3.560400009E+01 2.608500061E+02 4.019699991E-01 9.320099950E-01 6.142199854E-04
 3.894999827E-05 7.418000314E-05 1.499500036E+00 3.180700000E+04 1.354300000E+04 2.936300049E+02 1.178000031E+02 3.844800186E+01 2.589899902E+02 4.340099990E-01 9.168699980E-01 6.221099757E-04
 4.099999933E-05 7.490000280E-05 1.479099989E+00 4.172400000E+04 -9.843799591E+00 2.921199951E+02 1.274000015E+02 4.182600021E+01 2.829100037E+02 4.708699882E-01 8.997899890E-01 6.306699943E-04
 4.305000039E-05 7.562000246E-05 1.452499986E+00 3.040900000E+04 1.773400000E+04 2.905100098E+02 1.388999939E+02 4.575999832E+01 3.209700012E+02 5.149800181E-01 8.786900043E-01 6.423000013E-04
 4.510000144E-05 7.634000212E-05 1.416399956E+00 3.819100000E+04 -2.003300049E+03 2.883599854E+02 1.528999939E+02 5.024900055E+01 3.490899963E+02 5.688999891E-01 8.505899906E-01 6.586899981E-04
 4.714999886E-05 7.706000179E-05 1.369799972E+00 7.362300000E+04 2.594199951E+03 2.847000122E+02 1.712799988E+02 5.538000107E+01 4.653200073E+02 6.404500008E-01 8.122100234E-01 6.812500069E-04
 4.919999992E-05 7.778000145E-05 1.295699954E+00 1.080000000E+05 2.438100000E+04 2.787900085E+02 1.994400024E+02 6.056800079E+01 4.577099915E+02 7.497400045E-01 7.526000142E-01 7.208699826E-04
 5.125000098E-05 7.850000111E-05 1.057999969E+00 1.294700000E+05 -8.552500000E+03 2.639700012E+02 2.578299866E+02 3.075300026E+01 -3.399400024E+02 9.726700187E-01 5.860599875E-01 9.120900068E-04
 5.329999840E-05 7.785199705E-05 7.249900103E-01 6.374500000E+04 -2.106000000E+04 2.438500061E+02 3.111199951E+02 -4.285699844E+01 -6.309600220E+02 1.218700051E+00 3.708899915E-01 1.342399977E-03
 5.534999946E-05 7.720400026E-05 5.411999822E-01 -2.415800000E+04 2.819300000E+04 2.321600037E+02 3.230100098E+02 -9.857599640E+01 7.362999725E+01 1.331799984E+00 2.619000077E-01 1.737499959E-03
 5.740000051E-05 7.655600348E-05 4.945000112E-01 -5.257000000E+04 7.463500000E+04 2.291300049E+02 3.216400146E+02 -1.160000000E+02 3.636799927E+02 1.355700016E+00 2.359299958E-01 1.887600054E-03
 5.945000157E-05 7.590799942E-05 4.902099967E-01 -5.382200000E+04 9.685200000E+04 2.286000061E+02 3.211799927E+02 -1.190599976E+02 3.709200134E+02 1.359599948E+00 2.333499938E-01 1.903000055E-03
 6.150000263E-05 7.526000263E-05 4.931299984E-01 -5.045800000E+04 9.100000000E+04 2.280200043E+02 3.227099915E+02 -1.189599991E+02 3.471000061E+02 1.366999984E+00 2.341500074E-01 1.891599968E-03
 6.354999641E-05 7.461199857E-05 4.955599904E-01 -5.807700000E+04 7.933600000E+04 2.272799988E+02 3.252900085E+02 -1.180699997E+02 3.114899902E+02 1.377599955E+00 2.345400006E-01 1.882300014E-03
 6.559999747E-05 7.396400179E-05 4.948099852E-01 -5.526300000E+04 7.272500000E+04 2.260800018E+02 3.288099976E+02 -1.172600021E+02 2.795100098E+02 1.393399954E+00 2.329500020E-01 1.885200036E-03
 6.764999853E-05 7.331599772E-05 4.892899990E-01 -5.103300000E+04 6.544600000E+04 2.243699951E+02 3.334800110E+02 -1.175000000E+02 2.722200012E+02 1.416599989E+00 2.286199927E-01 1.906599966E-03
 6.969999959E-05 7.266800094E-05 4.809800088E-01 -5.817400000E+04 5.717400000E+04 2.226900024E+02 3.387399902E+02 -1.178000031E+02 2.749299927E+02 1.442299962E+00 2.230499983E-01 1.939599984E-03
 7.175000064E-05 7.201999688E-05 4.715299904E-01 -5.628100000E+04 4.843600000E+04 2.208000031E+02 3.441499939E+02 -1.183099976E+02 2.563299866E+02 1.469900012E+00 2.168100029E-01 1.978500048E-03
 7.380000170E-05 7.137200009E-05 4.602200091E-01 -5.890500000E+04 5.273600000E+04 2.184900055E+02 3.498299866E+02 -1.192099991E+02 2.317400055E+02 1.500599980E+00 2.094099969E-01 2.027299954E-03
 7.585000276E-05 7.072400331E-05 4.474700093E-01 -7.595400000E+04 5.744600000E+04 2.160000000E+02 3.556400146E+02 -1.197799988E+02 2.335200043E+02 1.532500029E+00 2.012799978E-01 2.085099928E-03
 7.789999654E-05 7.007599925E-05 4.347800016E-01 -8.380200000E+04 5.960800000E+04 2.135700073E+02 3.612399902E+02 -1.205400009E+02 2.378399963E+02 1.564000010E+00 1.933699995E-01 2.145899925E-03
 7.994999760E-05 6.942800246E-05 4.223400056E-01 -8.671300000E+04 5.690700000E+04 2.112899933E+02 3.662699890E+02 -1.213000031E+02 2.328500061E+02 1.593000054E+00 1.858399957E-01 2.209099941E-03
 8.199999866E-05 6.877999840E-05 4.092200100E-01 -9.242700000E+04 5.184600000E+04 2.089199982E+02 3.713900146E+02 -1.221399994E+02 2.290500031E+02 1.623399973E+00 1.780499965E-01 2.280100016E-03
 8.404999971E-05 6.813200162E-05 3.958300054E-01 -9.319100000E+04 5.216200000E+04 2.064299927E+02 3.766700134E+02 -1.231500015E+02 2.138099976E+02 1.655400038E+00 1.701699942E-01 2.357200021E-03
 8.610000077E-05 6.748399755E-05 3.827899992E-01 -1.025600000E+05 5.559600000E+04 2.041100006E+02 3.815299988E+02 -1.239100037E+02 2.271999969E+02 1.685199976E+00 1.627099961E-01 2.437599935E-03
 8.815000183E-05 6.683600077E-05 3.700999916E-01 -1.130000000E+05 5.263600000E+04 2.017500000E+02 3.866600037E+02 -1.247799988E+02 2.447599945E+02 1.716799974E+00 1.554999948E-01 2.521099988E-03
 9.020000289E-05 6.618799671E-05 3.585000038E-01 -1.096700000E+05 4.725700000E+04 1.993899994E+02 3.916199951E+02 -1.256100006E+02 2.330099945E+02 1.748000026E+00 1.488599926E-01 2.602600027E-03
 9.224999667E-05 6.553999992E-05 3.472299874E-01 -1.165300000E+05 5.277600000E+04 1.974700012E+02 3.961199951E+02 -1.265199966E+02 2.226499939E+02 1.776000023E+00 1.427900046E-01 2.687199973E-03
 9.429999773E-05 6.489200314E-05 3.357599974E-01 -1.240700000E+05 5.475400000E+04 1.954499969E+02 4.001900024E+02 -1.276800003E+02 2.111399994E+02 1.803300023E+00 1.366699934E-01 2.778999973E-03
 9.634999878E-05 6.424399908E-05 3.245100081E-01 -1.282800000E+05 5.028900000E+04 1.930899963E+02 4.043999939E+02 -1.284900055E+02 2.056999969E+02 1.832700014E+00 1.305000037E-01 2.875499893E-03
 9.839999984E-05 6.359600229E-05 3.138099909E-01 -1.305200000E+05 5.534300000E+04 1.908300018E+02 4.086700134E+02 -1.291600037E+02 2.131300049E+02 1.861999989E+00 1.247199997E-01 2.973299939E-03
 1.004500009E-04 6.294799823E-05 3.041700125E-01 -1.358800000E+05 5.750800000E+04 1.888800049E+02 4.121900024E+02 -1.297899933E+02 2.213300018E+02 1.887099981E+00 1.196499988E-01 3.067400074E-03
 1.025000020E-04 6.230000145E-05 2.946499884E-01 -1.420000000E+05 5.043700000E+04 1.870800018E+02 4.160100098E+02 -1.303999939E+02 2.160399933E+02 1.912999988E+00 1.147999987E-01 3.166599898E-03
 1.045500030E-04 6.165199738E-05 2.854500115E-01 -1.409700000E+05 5.022200000E+04 1.852299957E+02 4.197300110E+02 -1.311499939E+02 2.066999969E+02 1.939100027E+00 1.101099998E-01 3.268599976E-03
 1.065999968E-04 6.100400060E-05 2.767600119E-01 -1.404900000E+05 4.800400000E+04 1.834199982E+02 4.227900085E+02 -1.318999939E+02 2.031000061E+02 1.962700009E+00 1.057099998E-01 3.371299943E-03
 1.086499979E-04 6.035600018E-05 2.682299912E-01 -1.473300000E+05 4.902500000E+04 1.817400055E+02 4.257900085E+02 -1.326000061E+02 2.145800018E+02 1.985299945E+00 1.015200019E-01 3.478399944E-03
 1.106999989E-04 5.970799975E-05 2.600499988E-01 -1.530300000E+05 5.475400000E+04 1.798800049E+02 4.290700073E+02 -1.335000000E+02 2.182599945E+02 2.010799885E+00 9.741599858E-02 3.587899962E-03
 1.127500000E-04 5.905999933E-05 2.524699867E-01 -1.548800000E+05 5.785800000E+04 1.781000061E+02 4.324599915E+02 -1.345599976E+02 2.128300018E+02 2.036799908E+00 9.363999963E-02 3.695500083E-03
 1.148000010E-04 5.841199891E-05 2.454500049E-01 -1.611400000E+05 6.143100000E+04 1.766300049E+02 4.351600037E+02 -1.356499939E+02 2.167400055E+02 2.058300018E+00 9.028699994E-02 3.801099956E-03
 1.168500021E-04 5.776399848E-05 2.386599928E-01 -1.650800000E+05 5.963700000E+04 1.751000061E+02 4.374899902E+02 -1.365800018E+02 2.164199982E+02 2.078700066E+00 8.702400327E-02 3.909300081E-03
 1.189000031E-04 5.711600170E-05 2.323500067E-01 -1.700400000E+05 5.825200000E+04 1.737100067E+02 4.398999939E+02 -1.369799957E+02 2.236900024E+02 2.098000050E+00 8.405499905E-02 4.015299957E-03
 1.209499969E-04 5.646800128E-05 2.262800038E-01 -1.762100000E+05 5.911700000E+04 1.724199982E+02 4.424800110E+02 -1.374299927E+02 2.296799927E+02 2.117700100E+00 8.124899864E-02 4.123200197E-03
 1.230000053E-04 5.582000085E-05 2.202599943E-01 -1.739700000E+05 5.682800000E+04 1.710700073E+02 4.451700134E+02 -1.382400055E+02 2.219400024E+02 2.138900042E+00 7.847200334E-02 4.235699773E-03
 1.250500063E-04 5.517200043E-05 2.145999968E-01 -1.783300000E+05 5.977300000E+04 1.699400024E+02 4.472999878E+02 -1.386600037E+02 2.362500000E+02 2.155900002E+00 7.594799995E-02 4.347399808E-03
 1.270999928E-04 5.452400001E-05 2.093899995E-01 -1.883000000E+05 6.009600000E+04 1.688899994E+02 4.489899902E+02 -1.389799957E+02 2.423200073E+02 2.170599937E+00 7.364299893E-02 4.455599934E-03
 1.291499939E-04 5.387599958E-05 2.046200037E-01 -2.029200000E+05 6.270700000E+04 1.680399933E+02 4.503800049E+02 -1.395800018E+02 2.361100006E+02 2.182899952E+00 7.160300016E-02 4.559299909E-03
 1.311999949E-04 5.322799916E-05 2.001300007E-01 -2.272900000E+05 7.550400000E+04 1.673699951E+02 4.515899963E+02 -1.399600067E+02 2.574100037E+02 2.193200111E+00 6.975299865E-02 4.661499988E-03
 1.332499960E-04 5.257999874E-05 1.957300007E-01 -2.506200000E+05 8.261700000E+04 1.667500000E+02 4.527000122E+02 -1.402599945E+02 2.767799988E+02 2.202600002E+00 6.796400249E-02 4.766500089E-03
 1.352999971E-04 5.193199831E-05 1.914699972E-01 -2.749800000E+05 8.958400000E+04 1.663500061E+02 4.536000061E+02 -1.405200043E+02 2.940700073E+02 2.209599972E+00 6.632599980E-02 4.872499965E-03
 1.373499981E-04 5.128400153E-05 1.875700057E-01 -2.988400000E+05 1.006700000E+05 1.660700073E+02 4.543999939E+02 -1.407599945E+02 3.153200073E+02 2.215399981E+00 6.486500055E-02 4.973699804E-03
 1.393999992E-04 5.063600111E-05 1.840299964E-01 -3.265000000E+05 1.108600000E+05 1.657299957E+02 4.550599976E+02 -1.411699982E+02 3.418399963E+02 2.221100092E+00 6.351300329E-02 5.069199950E-03
 1.414500002E-04 4.998800068E-05 1.807599962E-01 -3.548800000E+05 1.175400000E+05 1.653999939E+02 4.552500000E+02 -1.415099945E+02 3.605899963E+02 2.224699974E+00 6.226100028E-02 5.160800181E-03
 1.435000013E-04 4.934000026E-05 1.778900027E-01 -3.958800000E+05 1.299100000E+05 1.658200073E+02 4.543099976E+02 -1.411100006E+02 3.908299866E+02 2.217200041E+00 6.142299995E-02 5.243999884E-03
 1.455500023E-04 4.869199984E-05 1.771800071E-01 -5.140600000E+05 1.706700000E+05 1.697899933E+02 4.477999878E+02 -1.384499969E+02 5.040899963E+02 2.159499884E+00 6.265100092E-02 5.264699925E-03
 1.476000034E-04 4.804399941E-05 1.871600002E-01 -8.570600000E+05 2.906000000E+05 1.869600067E+02 4.178599854E+02 -1.270899963E+02 9.208099976E+02 1.925799966E+00 7.316000015E-02 4.997999873E-03
 1.496500045E-04 4.739599899E-05 2.295300066E-01 -1.141800000E+06 3.958100000E+05 2.232899933E+02 3.415299988E+02 -9.971499634E+01 1.646500000E+03 1.446900010E+00 1.083799973E-01 4.155400209E-03
 1.517000055E-04 4.674799857E-05 3.258399963E-01 -8.053800000E+05 2.893600000E+05 2.609100037E+02 2.391000061E+02 -6.508200073E+01 1.830900024E+03 9.282000065E-01 1.791300029E-01 2.981900005E-03
 1.537500066E-04 4.610000178E-05 4.454300106E-01 -2.598100000E+05 9.697500000E+04 2.818200073E+02 1.638600006E+02 -4.074399948E+01 1.163000000E+03 6.049299836E-01 2.621600032E-01 2.130900044E-03
 1.557999931E-04 4.545200136E-05 5.251100063E-01 -5.247600000E+04 1.922600000E+04 2.896499939E+02 1.296799927E+02 -2.996100044E+01 5.132899780E+02 4.695900083E-01 3.168300092E-01 1.780300052E-03
 1.578499941E-04 4.480400094E-05 5.571699739E-01 -1.732900000E+04 5.098000000E+03 2.924800110E+02 1.159199982E+02 -2.585000038E+01 2.560599976E+02 4.169000089E-01 3.393700123E-01 1.674599946E-03
 1.598999952E-04 4.415600051E-05 5.697900057E-01 -1.308100000E+04 5.629799805E+02 2.938900146E+02 1.081999969E+02 -2.390699959E+01 1.601399994E+02 3.880099952E-01 3.487100005E-01 1.637200010E-03
 1.619499963E-04 4.350800009E-05 5.770499706E-01 -1.095800000E+04 2.576500000E+03 2.946300049E+02 1.021900024E+02 -2.284199905E+01 1.229000015E+02 3.661499918E-01 3.540399969E-01 1.616599970E-03
 1.639999973E-04 4.285999967E-05 5.825700164E-01 -8.927900391E+03 -3.179899902E+03 2.954100037E+02 9.679699707E+01 -2.200300026E+01 1.133099976E+02 3.466799855E-01 3.583700061E-01 1.601199969E-03
 1.660499984E-04 4.221199924E-05 5.862699747E-01 -1.230900000E+04 -1.601099976E+03 2.962200012E+02 9.179799652E+01 -2.099600029E+01 1.164899979E+02 3.284200132E-01 3.616400063E-01 1.591100008E-03
 1.680999994E-04 4.156399882E-05 5.898699760E-01 -1.250600000E+04 9.125000000E+03 2.967099915E+02 8.726100159E+01 -2.011199951E+01 1.042500000E+02 3.120500147E-01 3.644700050E-01 1.581400051E-03
 1.701500005E-04 4.091599840E-05 5.934799910E-01 -1.323900000E+04 7.398500000E+03 2.972600098E+02 8.318000031E+01 -1.950200081E+01 8.273000336E+01 2.974500060E-01 3.673700094E-01 1.571799978E-03
 1.722000015E-04 4.026800161E-05 5.963400006E-01 -1.369500000E+04 3.833800125E+01 2.979500122E+02 7.936499786E+01 -1.875699997E+01 8.372200012E+01 2.835899889E-01 3.700000048E-01 1.564200036E-03
 1.742500026E-04 3.962000119E-05 5.992100239E-01 -9.868700195E+03 5.365799805E+03 2.982099915E+02 7.579399872E+01 -1.749300003E+01 9.321600342E+01 2.703700066E-01 3.721100092E-01 1.556699979E-03
 1.763000037E-04 3.897200077E-05 6.021699905E-01 -8.596400391E+03 7.390500000E+03 2.982399902E+02 7.264299774E+01 -1.624300003E+01 9.631199646E+01 2.587099969E-01 3.739700019E-01 1.549100038E-03
 1.783500047E-04 3.832400034E-05 6.047000289E-01 -8.332900391E+03 6.812700195E+03 2.984899902E+02 6.969999695E+01 -1.550800037E+01 8.410199738E+01 2.480800003E-01 3.758600056E-01 1.542599988E-03
 1.804000058E-04 3.767599992E-05 6.070799828E-01 -7.031899902E+03 8.019700195E+03 2.986900024E+02 6.658699799E+01 -1.486100006E+01 7.153500366E+01 2.369599938E-01 3.776000142E-01 1.536599942E-03
 1.824500068E-04 3.702799950E-05 6.087700129E-01 -1.632900024E+03 -9.271699829E+02 2.987699890E+02 6.358399963E+01 -1.388599968E+01 7.378900146E+01 2.260099947E-01 3.787400126E-01 1.532300026E-03
 1.844999933E-04 3.637999907E-05 6.093599796E-01 8.591400146E+02 -4.414399902E+03 2.991300049E+02 6.093500137E+01 -1.312600040E+01 9.643099976E+01 2.163300067E-01 3.795799911E-01 1.530800015E-03
 1.865499944E-04 3.573199865E-05 6.104900241E-01 -3.913800049E+03 9.883499756E+02 2.995700073E+02 5.831200027E+01 -1.239999962E+01 1.054300003E+02 2.067600042E-01 3.808400035E-01 1.527999993E-03
 1.885999955E-04 3.508399823E-05 6.132299900E-01 -5.948899902E+03 6.237700195E+03 2.996499939E+02 5.547800064E+01 -1.128299999E+01 9.380799866E+01 1.963299960E-01 3.826499879E-01 1.521100057E-03
 1.906499965E-04 3.443600144E-05 6.154699922E-01 -9.272000122E+01 2.859699951E+03 2.997600098E+02 5.266299820E+01 -9.877400398E+00 9.920600128E+01 1.857900023E-01 3.841800094E-01 1.515600015E-03
 1.926999976E-04 3.378800102E-05 6.149399877E-01 -3.946499939E+02 9.141799927E+02 3.003599854E+02 5.008300018E+01 -8.565999985E+00 9.710700226E+01 1.760199964E-01 3.846299946E-01 1.516900025E-03
 1.947499986E-04 3.314000060E-05 6.141200066E-01 -1.199000000E+04 8.215700195E+03 3.013500061E+02 4.742699814E+01 -7.033100128E+00 9.538899994E+01 1.658499986E-01 3.853699863E-01 1.518900041E-03
 1.967999997E-04 3.249200017E-05 6.141200066E-01 -2.199900000E+04 8.734599609E+03 3.023699951E+02 4.463399887E+01 -4.892899990E+00 1.072799988E+02 1.550599933E-01 3.866899908E-01 1.518900041E-03
 1.988500007E-04 3.184399975E-05 6.122800112E-01 -3.407700000E+04 9.791400391E+03 3.040400085E+02 4.187300110E+01 -2.505899906E+00 1.363600006E+02 1.445599943E-01 3.876399994E-01 1.523499959E-03
 2.009000018E-04 3.119599933E-05 6.081299782E-01 -5.633900000E+04 2.993600000E+04 3.067999878E+02 3.900899887E+01 6.324499846E-01 1.789600067E+02 1.339599937E-01 3.885200024E-01 1.533900038E-03
 2.029500029E-04 3.054799890E-05 6.008700132E-01 -7.870200000E+04 5.522200000E+04 3.109500122E+02 3.636500168E+01 6.142600060E+00 2.356499939E+02 1.262799948E-01 3.890399933E-01 1.552499947E-03
 2.050000039E-04 2.990000030E-05 5.960299969E-01 -8.794200000E+04 6.579700000E+04 3.134700012E+02 3.518700027E+01 9.841099739E+00 2.767900085E+02 1.238899976E-01 3.890599906E-01 1.565000042E-03
 0.000000000E+00 6.166700041E-05 1.600700021E+00 -7.786800000E+04 -4.196899902E+03 3.000000000E+02 2.798399925E+01 5.184899807E+00 1.333099976E+02 1.037300006E-01 1.006999969E+00 5.792999873E-04
 2.049999921E-06 6.235999899E-05 1.608800054E+00 -5.005600000E+04 2.344600098E+03 2.999500122E+02 3.030800056E+01 5.228000164E+00 1.387799988E+02 1.091499999E-01 1.008399963E+00 5.780999782E-04
 4.099999842E-06 6.305299758E-05 1.615700006E+00 -1.813400000E+04 6.065200195E+03 2.997999878E+02 3.416600037E+01 5.734200001E+00 1.431100006E+02 1.201099977E-01 1.008700013E+00 5.773400189E-04
 6.149999990E-06 6.374700024E-05 1.613299966E+00 -5.110799805E+03 9.331900391E+03 2.998399963E+02 3.735100174E+01 6.834599972E+00 1.528300018E+02 1.316300035E-01 1.007300019E+00 5.781999789E-04
 8.199999684E-06 6.443999882E-05 1.611299992E+00 -2.857000000E+03 7.220700195E+03 2.999800110E+02 4.075600052E+01 8.274000168E+00 1.531799927E+02 1.441300064E-01 1.006500006E+00 5.789099960E-04
 1.024999983E-05 6.513299741E-05 1.609200001E+00 -9.972900391E+03 -8.266900391E+03 3.000199890E+02 4.425000000E+01 9.847700119E+00 1.457400055E+02 1.570899934E-01 1.005300045E+00 5.796800251E-04
 1.229999998E-05 6.582700007E-05 1.605599999E+00 -1.339400000E+04 -3.712000000E+03 2.998999939E+02 4.788299942E+01 1.117099953E+01 1.406600037E+02 1.704200059E-01 1.002699971E+00 5.809700233E-04
 1.435000013E-05 6.651999865E-05 1.603899956E+00 -1.802300000E+04 1.421500000E+03 2.996300049E+02 5.149700165E+01 1.240699959E+01 1.090999985E+02 1.836799979E-01 1.000699997E+00 5.815799814E-04
 1.639999937E-05 6.721299724E-05 1.601699948E+00 -1.159000000E+04 -6.634000000E+03 2.995100098E+02 5.519599915E+01 1.384899998E+01 1.363099976E+02 1.973599941E-01 9.989899993E-01 5.823699757E-04
 1.845000043E-05 6.790699990E-05 1.596400023E+00 8.774500122E+02 3.404599915E+02 2.993399963E+02 5.932899857E+01 1.556200027E+01 2.024400024E+02 2.127899975E-01 9.951000214E-01 5.843199906E-04
 2.049999966E-05 6.859999849E-05 1.591599941E+00 7.348100098E+03 -9.762000000E+03 2.991099854E+02 6.385400009E+01 1.716099930E+01 1.689400024E+02 2.294600010E-01 9.913200140E-01 5.860900274E-04
 2.255000072E-05 6.929299707E-05 1.587800026E+00 5.904299805E+03 -1.343800000E+04 2.987600098E+02 6.852999878E+01 1.868000031E+01 1.352899933E+02 2.466499954E-01 9.878399968E-01 5.874800263E-04
 2.459999996E-05 6.998699973E-05 1.581599951E+00 -6.436799805E+03 1.337300000E+04 2.984700012E+02 7.347000122E+01 2.052700043E+01 1.438699951E+02 2.650200129E-01 9.829999804E-01 5.897899973E-04
 2.664999920E-05 7.067999832E-05 1.574599981E+00 -1.451200000E+04 1.357700000E+04 2.978599854E+02 7.882399750E+01 2.251399994E+01 1.589700012E+02 2.851000130E-01 9.766700268E-01 5.924099823E-04
 2.870000026E-05 7.137299690E-05 1.568300009E+00 1.399700000E+04 -7.775200195E+03 2.969800110E+02 8.440499878E+01 2.438299942E+01 1.817899933E+02 3.059900105E-01 9.698899984E-01 5.947800237E-04
 3.075000132E-05 7.206699956E-05 1.558500051E+00 1.938600000E+04 -1.031100000E+04 2.967399902E+02 9.039299774E+01 2.654100037E+01 1.493200073E+02 3.282299936E-01 9.630299807E-01 5.985400057E-04
 3.279999873E-05 7.275999815E-05 1.544600010E+00 -6.647600098E+03 -4.546600098E+03 2.964500122E+02 9.707199860E+01 2.901700020E+01 1.638800049E+02 3.531700075E-01 9.535300136E-01 6.039200234E-04
 3.484999979E-05 7.345299673E-05 1.531800032E+00 -1.160300000E+04 3.765299988E+02 2.956199951E+02 1.043199997E+02 3.152099991E+01 2.383399963E+02 3.804199994E-01 9.429299831E-01 6.089800154E-04
 3.690000085E-05 7.414699940E-05 1.517899990E+00 -5.028600098E+03 8.690599609E+03 2.945000000E+02 1.121399994E+02 3.424200058E+01 2.528000031E+02 4.100700021E-01 9.309099913E-01 6.145500229E-04
 3.894999827E-05 7.483999798E-05 1.498999953E+00 1.266200000E+04 -6.359200195E+03 2.933699951E+02 1.205800018E+02 3.706700134E+01 2.526699982E+02 4.420300126E-01 9.157400131E-01 6.223300006E-04
 4.099999933E-05 7.553299656E-05 1.476999998E+00 3.038800000E+04 -8.804099609E+03 2.920100098E+02 1.299799957E+02 4.019300079E+01 2.714800110E+02 4.778600037E-01 8.981400132E-01 6.315999781E-04
 4.305000039E-05 7.622699923E-05 1.449800014E+00 4.568000000E+04 5.495200195E+03 2.902600098E+02 1.414100037E+02 4.378300095E+01 3.071099854E+02 5.215299726E-01 8.762999773E-01 6.434899988E-04
 4.510000144E-05 7.691999781E-05 1.414199948E+00 4.881900000E+04 -8.714000000E+03 2.879500122E+02 1.555800018E+02 4.796500015E+01 3.621799927E+02 5.758900046E-01 8.480499983E-01 6.597299944E-04
 4.714999886E-05 7.761299639E-05 1.366299987E+00 6.426900000E+04 -4.660700195E+03 2.841300049E+02 1.740899963E+02 5.250899887E+01 4.291000061E+02 6.476200223E-01 8.085399866E-01 6.830000202E-04
 4.919999992E-05 7.830699906E-05 1.290199995E+00 1.056600000E+05 1.066000000E+04 2.783699951E+02 2.020299988E+02 5.627799988E+01 3.812500000E+02 7.549200058E-01 7.482500076E-01 7.239899714E-04
 5.125000098E-05 7.899999764E-05 1.085600019E+00 1.169600000E+05 -3.516500000E+04 2.652600098E+02 2.558200073E+02 3.366899872E+01 -3.692900085E+02 9.595400095E-01 6.028599739E-01 8.778100018E-04
 5.329999840E-05 7.837599696E-05 7.912099957E-01 6.386600000E+04 -6.339500000E+04 2.463399963E+02 3.099100037E+02 -2.828499985E+01 -7.932600098E+02 1.200399995E+00 4.086000025E-01 1.218499965E-03
 5.534999946E-05 7.775200356E-05 5.939800143E-01 -9.908799805E+03 -9.019799805E+03 2.330000000E+02 3.296300049E+02 -8.665699768E+01 -2.230599976E+02 1.342900038E+00 2.887499928E-01 1.589399995E-03
 5.740000051E-05 7.712800289E-05 5.194699764E-01 -5.678400000E+04 5.386800000E+04 2.279499969E+02 3.305000000E+02 -1.133600006E+02 2.305899963E+02 1.389199972E+00 2.466000021E-01 1.798799960E-03
 5.945000157E-05 7.650400221E-05 5.012199879E-01 -7.207100000E+04 9.608700000E+04 2.268600006E+02 3.292099915E+02 -1.207699966E+02 3.640700073E+02 1.397300005E+00 2.367600054E-01 1.861499972E-03
 6.150000263E-05 7.588000153E-05 4.987300038E-01 -6.521900000E+04 1.066600000E+05 2.262700043E+02 3.299700012E+02 -1.219100037E+02 3.622099915E+02 1.403499961E+00 2.349800020E-01 1.870500040E-03
 6.354999641E-05 7.525600086E-05 4.990299940E-01 -6.722900000E+04 9.599000000E+04 2.256499939E+02 3.318699951E+02 -1.209899979E+02 3.584700012E+02 1.411299944E+00 2.344900072E-01 1.869300031E-03
 6.559999747E-05 7.463200018E-05 4.976300001E-01 -6.778000000E+04 8.044100000E+04 2.246199951E+02 3.348900146E+02 -1.197399979E+02 3.323900146E+02 1.424200058E+00 2.327699959E-01 1.874499954E-03
 6.764999853E-05 7.400799950E-05 4.925599992E-01 -6.006400000E+04 6.734100000E+04 2.229799957E+02 3.391900024E+02 -1.190299988E+02 3.010499878E+02 1.444800019E+00 2.287099957E-01 1.893899986E-03
 6.969999959E-05 7.338399882E-05 4.840900004E-01 -6.680600000E+04 6.818800000E+04 2.212799988E+02 3.439599915E+02 -1.188000031E+02 3.108299866E+02 1.468199968E+00 2.230699956E-01 1.927100006E-03
 7.175000064E-05 7.275999815E-05 4.750300050E-01 -6.889000000E+04 6.460300000E+04 2.194400024E+02 3.487900085E+02 -1.190199966E+02 2.988500061E+02 1.493100047E+00 2.170699984E-01 1.963800052E-03
 7.380000170E-05 7.213599747E-05 4.633899927E-01 -7.211500000E+04 6.576500000E+04 2.172299957E+02 3.544899902E+02 -1.191699982E+02 2.629400024E+02 1.522899985E+00 2.096299976E-01 2.013500081E-03
 7.585000276E-05 7.151199679E-05 4.499599934E-01 -8.193400000E+04 6.466500000E+04 2.148600006E+02 3.603200073E+02 -1.193600006E+02 2.638699951E+02 1.554100037E+00 2.013400048E-01 2.073500073E-03
 7.789999654E-05 7.088800339E-05 4.374299943E-01 -9.338100000E+04 6.260900000E+04 2.127299957E+02 3.655199890E+02 -1.196500015E+02 2.677200012E+02 1.582599998E+00 1.937900037E-01 2.132900059E-03
 7.994999760E-05 7.026400272E-05 4.244999886E-01 -1.029900000E+05 6.276300000E+04 2.105099945E+02 3.705499878E+02 -1.200599976E+02 2.399499969E+02 1.611299992E+00 1.861000061E-01 2.197900089E-03
 8.199999866E-05 6.964000204E-05 4.115499854E-01 -1.030600000E+05 5.840300000E+04 2.081100006E+02 3.757300110E+02 -1.206600037E+02 2.341399994E+02 1.641800046E+00 1.783600003E-01 2.267200034E-03
 8.404999971E-05 6.901600136E-05 3.984400034E-01 -9.709000000E+04 6.042100000E+04 2.056799927E+02 3.810499878E+02 -1.211500015E+02 2.203500061E+02 1.673300028E+00 1.706700027E-01 2.341799904E-03
 8.610000077E-05 6.839200068E-05 3.856300116E-01 -1.028400000E+05 5.749700000E+04 2.033500061E+02 3.857000122E+02 -1.215599976E+02 2.326300049E+02 1.702000022E+00 1.632999927E-01 2.419600030E-03
 8.815000183E-05 6.776800001E-05 3.728800118E-01 -1.104200000E+05 5.242300000E+04 2.010399933E+02 3.903800049E+02 -1.221900024E+02 2.519199982E+02 1.731500030E+00 1.561200023E-01 2.502399962E-03
 9.020000289E-05 6.714399933E-05 3.605599999E-01 -1.110300000E+05 4.963200000E+04 1.988000031E+02 3.950599976E+02 -1.229100037E+02 2.303699951E+02 1.761100054E+00 1.492799968E-01 2.587799914E-03
 9.224999667E-05 6.651999865E-05 3.493500054E-01 -1.201200000E+05 5.294500000E+04 1.967299957E+02 3.990400085E+02 -1.233499985E+02 2.286900024E+02 1.787199974E+00 1.431300044E-01 2.670699963E-03
 9.429999773E-05 6.589599798E-05 3.385199904E-01 -1.294700000E+05 5.832200000E+04 1.946000061E+02 4.029500122E+02 -1.239899979E+02 2.305700073E+02 1.813799977E+00 1.371899992E-01 2.756200032E-03
 9.634999878E-05 6.527199730E-05 3.269700110E-01 -1.418800000E+05 5.678900000E+04 1.925399933E+02 4.075199890E+02 -1.246699982E+02 2.214600067E+02 1.843299985E+00 1.311099976E-01 2.853899961E-03
 9.839999984E-05 6.464799662E-05 3.157500029E-01 -1.429800000E+05 5.649600000E+04 1.904499969E+02 4.119299927E+02 -1.252699966E+02 2.136300049E+02 1.872400045E+00 1.252299994E-01 2.954999916E-03
 1.004500009E-04 6.402400322E-05 3.058499992E-01 -1.448300000E+05 5.502700000E+04 1.885500031E+02 4.153999939E+02 -1.257600021E+02 2.241100006E+02 1.896999955E+00 1.200900003E-01 3.050599946E-03
 1.025000020E-04 6.340000255E-05 2.962200046E-01 -1.529200000E+05 5.212000000E+04 1.866799927E+02 4.191499939E+02 -1.264700012E+02 2.276199951E+02 1.923099995E+00 1.151700020E-01 3.149800003E-03
 1.045500030E-04 6.277600187E-05 2.872399986E-01 -1.526900000E+05 5.196000000E+04 1.847899933E+02 4.228399963E+02 -1.269400024E+02 2.147700043E+02 1.949100018E+00 1.105400026E-01 3.248200053E-03
 1.065999968E-04 6.215200119E-05 2.788099945E-01 -1.508300000E+05 4.985500000E+04 1.830200043E+02 4.262000122E+02 -1.272699966E+02 2.164600067E+02 1.973299980E+00 1.062600017E-01 3.346499987E-03
 1.086499979E-04 6.152800051E-05 2.703999877E-01 -1.541600000E+05 4.950000000E+04 1.812400055E+02 4.295100098E+02 -1.280099945E+02 2.239400024E+02 1.998000026E+00 1.020599976E-01 3.450599965E-03
 1.106999989E-04 6.090399984E-05 2.623600066E-01 -1.587700000E+05 5.442200000E+04 1.796100006E+02 4.325299988E+02 -1.289700012E+02 2.183600006E+02 2.021199942E+00 9.813100100E-02 3.556299955E-03
 1.127500000E-04 6.027999916E-05 2.546800077E-01 -1.615500000E+05 5.706000000E+04 1.780200043E+02 4.356600037E+02 -1.299199982E+02 2.140899963E+02 2.044899940E+00 9.441599995E-02 3.663599957E-03
 1.148000010E-04 5.965599848E-05 2.473600060E-01 -1.626800000E+05 5.940600000E+04 1.763899994E+02 4.385000000E+02 -1.306399994E+02 2.099499969E+02 2.067500114E+00 9.086699784E-02 3.771800082E-03
 1.168500021E-04 5.903200145E-05 2.404000014E-01 -1.606500000E+05 5.915600000E+04 1.749100037E+02 4.408299866E+02 -1.314400024E+02 2.087200012E+02 2.087500095E+00 8.756700158E-02 3.880999982E-03
 1.189000031E-04 5.840800077E-05 2.336300015E-01 -1.661100000E+05 5.748300000E+04 1.735399933E+02 4.431799927E+02 -1.319400024E+02 2.203099976E+02 2.106600046E+00 8.443599939E-02 3.993500024E-03
 1.209499969E-04 5.778400009E-05 2.274200022E-01 -1.784800000E+05 5.773200000E+04 1.722599945E+02 4.454299927E+02 -1.324100037E+02 2.292400055E+02 2.124900103E+00 8.158300072E-02 4.102299921E-03
 1.230000053E-04 5.715999941E-05 2.214899957E-01 -1.814000000E+05 5.534500000E+04 1.710399933E+02 4.479500122E+02 -1.328200073E+02 2.313099976E+02 2.144099951E+00 7.889000326E-02 4.212299827E-03
 1.250500063E-04 5.653599874E-05 2.156600058E-01 -1.860700000E+05 5.865900000E+04 1.698899994E+02 4.503200073E+02 -1.331600037E+02 2.294799957E+02 2.162199974E+00 7.629899681E-02 4.326099996E-03
 1.270999928E-04 5.591200170E-05 2.105000019E-01 -1.932300000E+05 5.980200000E+04 1.688099976E+02 4.518999939E+02 -1.338699951E+02 2.225399933E+02 2.177099943E+00 7.399699837E-02 4.432000220E-03
 1.291499939E-04 5.528800102E-05 2.059299946E-01 -2.017300000E+05 6.261100000E+04 1.679299927E+02 4.532099915E+02 -1.344199982E+02 2.290399933E+02 2.189300060E+00 7.201199979E-02 4.530299921E-03
 1.311999949E-04 5.466400034E-05 2.013200074E-01 -2.219300000E+05 7.209100000E+04 1.672500000E+02 4.546499939E+02 -1.346399994E+02 2.494100037E+02 2.200400114E+00 7.011699677E-02 4.634100012E-03
 1.332499960E-04 5.403999967E-05 1.969099939E-01 -2.465500000E+05 7.719400000E+04 1.666499939E+02 4.556499939E+02 -1.347599945E+02 2.654100037E+02 2.209000111E+00 6.833499670E-02 4.737699870E-03
 1.352999971E-04 5.341599899E-05 1.929299980E-01 -2.727900000E+05 8.409900000E+04 1.662200012E+02 4.563099976E+02 -1.351199951E+02 2.856499939E+02 2.215300083E+00 6.678099930E-02 4.835499916E-03
 1.373499981E-04 5.279199831E-05 1.888599992E-01 -2.991100000E+05 9.671800000E+04 1.658500061E+02 4.573999939E+02 -1.356199951E+02 3.045799866E+02 2.223299980E+00 6.522700191E-02 4.939700011E-03
 1.393999992E-04 5.216800128E-05 1.849900037E-01 -3.261700000E+05 1.065500000E+05 1.654900055E+02 4.582600098E+02 -1.359100037E+02 3.243800049E+02 2.229899883E+00 6.374900043E-02 5.043100100E-03
 1.414500002E-04 5.154400060E-05 1.814700067E-01 -3.544700000E+05 1.140700000E+05 1.652100067E+02 4.584599915E+02 -1.359799957E+02 3.517300110E+02 2.232800007E+00 6.243199855E-02 5.140800029E-03
 1.435000013E-04 5.091999992E-05 1.783500016E-01 -3.866200000E+05 1.235600000E+05 1.653500061E+02 4.579599915E+02 -1.356999969E+02 3.832200012E+02 2.229300022E+00 6.140900031E-02 5.230399780E-03
 1.455500023E-04 5.029599924E-05 1.767400056E-01 -4.649700000E+05 1.506000000E+05 1.677299957E+02 4.539700012E+02 -1.341499939E+02 4.583800049E+02 2.193900108E+00 6.173099950E-02 5.277799908E-03
 1.476000034E-04 4.967199857E-05 1.826699972E-01 -7.384000000E+05 2.499700000E+05 1.800200043E+02 4.329800110E+02 -1.261600037E+02 7.657600098E+02 2.022599936E+00 6.862600148E-02 5.112899933E-03
 1.496500045E-04 4.904800153E-05 2.139700055E-01 -1.113800000E+06 3.884300000E+05 2.118500061E+02 3.698699951E+02 -1.030299988E+02 1.461500000E+03 1.600999951E+00 9.561699629E-02 4.425100051E-03
 1.517000055E-04 4.842400085E-05 2.963599861E-01 -9.521900000E+05 3.383200000E+05 2.517100067E+02 2.695000000E+02 -6.802999878E+01 1.873199951E+03 1.062399983E+00 1.576399952E-01 3.276699921E-03
 1.537500066E-04 4.780000017E-05 4.171400070E-01 -3.723700000E+05 1.405900000E+05 2.776400146E+02 1.830899963E+02 -3.945100021E+01 1.364000000E+03 6.768500209E-01 2.422800064E-01 2.293199999E-03
 1.557999931E-04 4.717599950E-05 5.115399957E-01 -7.170400000E+04 3.343900000E+04 2.880100098E+02 1.391100006E+02 -2.629599953E+01 6.405599976E+02 5.010200143E-01 3.069800138E-01 1.830799971E-03
 1.578499941E-04 4.655199882E-05 5.527600050E-01 -2.168200000E+04 8.405599609E+03 2.917600098E+02 1.211999969E+02 -2.214200020E+01 3.149500122E+02 4.330399930E-01 3.358600140E-01 1.688100048E-03
 1.598999952E-04 4.592800178E-05 5.673499703E-01 -1.685600000E+04 6.378000000E+03 2.935899963E+02 1.120000000E+02 -2.053300095E+01 2.044799957E+02 3.989000022E-01 3.468599916E-01 1.644199947E-03
 1.619499963E-04 4.530400111E-05 5.750100017E-01 -1.089300000E+04 7.522200195E+03 2.946700134E+02 1.053000031E+02 -1.968700027E+01 1.493500061E+02 3.745999932E-01 3.528400064E-01 1.622300013E-03
 1.639999973E-04 4.468000043E-05 5.805299878E-01 -6.723700195E+03 -1.472900024E+03 2.955499878E+02 9.952400208E+01 -1.888899994E+01 1.224599991E+02 3.536899984E-01 3.572899997E-01 1.606800011E-03
 1.660499984E-04 4.405599975E-05 5.850999951E-01 -5.367100098E+03 -3.825699951E+03 2.961900024E+02 9.445700073E+01 -1.806999969E+01 1.130999985E+02 3.354099989E-01 3.608799875E-01 1.594300033E-03
 1.680999994E-04 4.343199907E-05 5.895400047E-01 -4.346799805E+03 8.017899902E+03 2.966499939E+02 8.993000031E+01 -1.751700020E+01 1.081200027E+02 3.192900121E-01 3.641799986E-01 1.582300058E-03
 1.701500005E-04 4.280799840E-05 5.927799940E-01 -1.078800000E+04 6.946100098E+03 2.973500061E+02 8.580100250E+01 -1.698200035E+01 1.098000031E+02 3.044599891E-01 3.670499921E-01 1.573599991E-03
 1.722000015E-04 4.218400136E-05 5.956500173E-01 -1.397200000E+04 4.521700195E+03 2.978800049E+02 8.183899689E+01 -1.632799911E+01 1.050699997E+02 2.902300060E-01 3.694899976E-01 1.566000050E-03
 1.742500026E-04 4.156000068E-05 5.982199907E-01 -1.309800000E+04 1.025400000E+04 2.980000000E+02 7.826599884E+01 -1.542700005E+01 9.984700012E+01 2.773599923E-01 3.712300062E-01 1.559299999E-03
 1.763000037E-04 4.093600000E-05 6.008399725E-01 -8.539200195E+03 8.012399902E+03 2.981900024E+02 7.506900024E+01 -1.439299965E+01 1.024400024E+02 2.656799853E-01 3.730899990E-01 1.552499947E-03
 1.783500047E-04 4.031199933E-05 6.040099859E-01 8.775100098E+02 3.300500000E+03 2.985299988E+02 7.204199982E+01 -1.364099979E+01 8.516200256E+01 2.547200024E-01 3.754900098E-01 1.544400002E-03
 1.804000058E-04 3.968799865E-05 6.065599918E-01 5.107799805E+03 1.952900024E+03 2.985899963E+02 6.919000244E+01 -1.301200008E+01 8.503900146E+01 2.445500046E-01 3.771499991E-01 1.537899952E-03
 1.824500068E-04 3.906400161E-05 6.077600121E-01 -1.469199951E+03 1.974099976E+03 2.987600098E+02 6.644000244E+01 -1.212800026E+01 9.219899750E+01 2.345400006E-01 3.781099916E-01 1.534800045E-03
 1.844999933E-04 3.844000094E-05 6.082400084E-01 -1.078700000E+04 9.398200073E+02 2.992999878E+02 6.397100067E+01 -1.148999977E+01 9.307700348E+01 2.255000025E-01 3.790900111E-01 1.533600036E-03
 1.865499944E-04 3.781600026E-05 6.096900105E-01 -1.313100000E+04 2.636600098E+03 2.995899963E+02 6.133800125E+01 -1.074400043E+01 9.893800354E+01 2.159499973E-01 3.803600073E-01 1.530000009E-03
 1.885999955E-04 3.719199958E-05 6.122000217E-01 -8.410900391E+03 7.189399902E+03 2.995499878E+02 5.850199890E+01 -9.583299637E+00 9.336100006E+01 2.055999935E-01 3.818799853E-01 1.523699961E-03
 1.906499965E-04 3.656799890E-05 6.139000058E-01 -3.246600098E+03 2.919600098E+03 2.998299866E+02 5.584700012E+01 -8.169599533E+00 9.921099854E+01 1.956699938E-01 3.833000064E-01 1.519500045E-03
 1.926999976E-04 3.594399823E-05 6.140800118E-01 -8.909099609E+03 2.883999939E+02 3.003500061E+02 5.333399963E+01 -6.782400131E+00 1.173000031E+02 1.862200052E-01 3.840700090E-01 1.519000041E-03
 1.947499986E-04 3.532000119E-05 6.141399741E-01 -1.523400000E+04 7.677000000E+03 3.010000000E+02 5.075400162E+01 -5.208499908E+00 1.274899979E+02 1.765599996E-01 3.849399984E-01 1.518900041E-03
 1.967999997E-04 3.469600051E-05 6.139699817E-01 -1.906700000E+04 7.459500000E+03 3.017699890E+02 4.816999817E+01 -3.086199999E+00 1.270100021E+02 1.668300033E-01 3.858200014E-01 1.519300044E-03
 1.988500007E-04 3.407199983E-05 6.127399802E-01 -2.662700000E+04 5.812399902E+03 3.029899902E+02 4.577099991E+01 -7.123100162E-01 1.393200073E+02 1.579400003E-01 3.865999877E-01 1.522299950E-03
 2.009000018E-04 3.344799916E-05 6.104099751E-01 -3.618100000E+04 2.391600000E+04 3.050899963E+02 4.329199982E+01 2.535000086E+00 1.562500000E+02 1.492200047E-01 3.878000081E-01 1.528199995E-03
 2.029500029E-04 3.282399848E-05 6.050199866E-01 -4.896500000E+04 5.048700000E+04 3.081600037E+02 4.107400131E+01 7.262199879E+00 1.843500061E+02 1.430100054E-01 3.882200122E-01 1.541899983E-03
 2.050000039E-04 3.220000144E-05 6.011099815E-01 -5.671300000E+04 6.199500000E+04 3.100299988E+02 4.015499878E+01 1.006700039E+01 2.090200043E+02 1.411499977E-01 3.880699873E-01 1.551799942E-03
 0.000000000E+00 6.283300172E-05 1.600700021E+00 -6.227300000E+04 7.428300171E+02 3.000000000E+02 3.148200035E+01 4.789400101E+00 1.348500061E+02 1.164899990E-01 1.008399963E+00 5.783900269E-04
 2.049999921E-06 6.350000331E-05 1.608999968E+00 -3.190600000E+04 2.420100098E+03 2.999899902E+02 3.384000015E+01 4.741000175E+00 1.009000015E+02 1.214900017E-01 1.009299994E+00 5.775999743E-04
 4.099999842E-06 6.416699762E-05 1.616099954E+00 -3.643100098E+03 2.548199951E+03 2.998299866E+02 3.768299866E+01 5.244100094E+00 1.225599976E+02 1.318899989E-01 1.008999944E+00 5.771800061E-04
 6.149999990E-06 6.483300240E-05 1.613800049E+00 -7.837700195E+03 8.645500000E+03 2.997799988E+02 4.067200089E+01 6.283199787E+00 1.215299988E+02 1.426600069E-01 1.007400036E+00 5.780099891E-04
 8.199999684E-06 6.549999671E-05 1.612499952E+00 6.878200195E+03 1.193400000E+04 2.998099976E+02 4.371599960E+01 7.578899860E+00 9.352600098E+01 1.538099945E-01 1.006700039E+00 5.784800160E-04
 1.024999983E-05 6.616699829E-05 1.608899951E+00 7.270000000E+03 -4.898000000E+03 3.000799866E+02 4.711500168E+01 9.063300133E+00 1.404100037E+02 1.662400067E-01 1.005300045E+00 5.797899794E-04
 1.229999998E-05 6.683300307E-05 1.603399992E+00 -4.257899902E+03 -1.897900024E+03 3.002600098E+02 5.078200150E+01 1.035999966E+01 1.640700073E+02 1.795199960E-01 1.002500057E+00 5.817699712E-04
 1.435000013E-05 6.749999739E-05 1.602499962E+00 -1.291100000E+04 6.470399902E+03 2.998399963E+02 5.429600143E+01 1.165600014E+01 1.328300018E+02 1.924899966E-01 1.000599980E+00 5.820799852E-04
 1.639999937E-05 6.816699897E-05 1.601300001E+00 -2.241700000E+04 -1.197800000E+04 2.995199890E+02 5.798099899E+01 1.301399994E+01 1.175699997E+02 2.060900033E-01 9.987599850E-01 5.825199769E-04
 1.845000043E-05 6.883299648E-05 1.596500039E+00 -4.423700195E+03 -1.333100000E+04 2.992999878E+02 6.215999985E+01 1.459899998E+01 1.553200073E+02 2.215300053E-01 9.949899912E-01 5.843000254E-04
 2.049999966E-05 6.949999806E-05 1.591500044E+00 7.171500000E+03 -8.019200195E+03 2.990299988E+02 6.672899628E+01 1.615600014E+01 1.556000061E+02 2.382899970E-01 9.910200238E-01 5.861200043E-04
 2.255000072E-05 7.016699965E-05 1.586099982E+00 9.815799805E+03 -4.485100098E+03 2.987999878E+02 7.142400360E+01 1.769899940E+01 1.588500061E+02 2.554999888E-01 9.868800044E-01 5.881100078E-04
 2.459999996E-05 7.083299715E-05 1.579699993E+00 2.890800049E+03 8.679799805E+03 2.985499878E+02 7.630500031E+01 1.950499916E+01 1.818500061E+02 2.735700011E-01 9.820799828E-01 5.905100261E-04
 2.664999920E-05 7.149999874E-05 1.571900010E+00 9.219500000E+03 1.529000000E+04 2.980799866E+02 8.158599854E+01 2.139200020E+01 1.751999969E+02 2.932099998E-01 9.757199883E-01 5.934099900E-04
 2.870000026E-05 7.216700033E-05 1.564700007E+00 2.673700000E+04 7.995299805E+03 2.973399963E+02 8.718599701E+01 2.327099991E+01 1.523999939E+02 3.140799999E-01 9.688599706E-01 5.961399875E-04
 3.075000132E-05 7.283299783E-05 1.556800008E+00 2.415000000E+04 1.926000061E+02 2.968399963E+02 9.325900269E+01 2.532999992E+01 1.602200012E+02 3.366400003E-01 9.622799754E-01 5.992000224E-04
 3.279999873E-05 7.349999942E-05 1.544299960E+00 1.194700000E+04 9.888099609E+03 2.963200073E+02 9.999400330E+01 2.766699982E+01 2.142700043E+02 3.617399931E-01 9.529100060E-01 6.040399894E-04
 3.484999979E-05 7.416700100E-05 1.530799985E+00 -1.292900024E+03 2.465000000E+04 2.954599915E+02 1.071699982E+02 3.016900063E+01 2.543600006E+02 3.887499869E-01 9.418799877E-01 6.093499833E-04
 3.690000085E-05 7.483299851E-05 1.516600013E+00 1.729800049E+03 1.508400000E+04 2.943800049E+02 1.148700027E+02 3.281800079E+01 2.523000031E+02 4.179199934E-01 9.297400117E-01 6.150599802E-04
 3.894999827E-05 7.550000009E-05 1.497799993E+00 1.318700000E+04 -1.219900000E+04 2.932399902E+02 1.233000031E+02 3.564300156E+01 2.389400024E+02 4.498400092E-01 9.146199822E-01 6.228199927E-04
 4.099999933E-05 7.616700168E-05 1.474499941E+00 2.440600000E+04 -2.106700000E+04 2.919100037E+02 1.329199982E+02 3.868099976E+01 2.334100037E+02 4.863199890E-01 8.963400126E-01 6.326499861E-04
 4.305000039E-05 7.683299918E-05 1.446699977E+00 4.375000000E+04 -9.522700195E+03 2.901099854E+02 1.444799957E+02 4.197399902E+01 2.903800049E+02 5.302000046E-01 8.740199804E-01 6.448400090E-04
 4.510000144E-05 7.750000077E-05 1.411700010E+00 4.010500000E+04 -4.421799805E+03 2.874599915E+02 1.586399994E+02 4.571900177E+01 3.636199951E+02 5.845199823E-01 8.451200128E-01 6.608800031E-04
 4.714999886E-05 7.816700236E-05 1.363700032E+00 4.301500000E+04 -2.681399902E+03 2.835700073E+02 1.769600067E+02 4.968399811E+01 3.579200134E+02 6.552399993E-01 8.053799868E-01 6.843300071E-04
 4.919999992E-05 7.883299986E-05 1.287099957E+00 8.822200000E+04 -6.911399902E+03 2.781000061E+02 2.043000031E+02 5.229000092E+01 2.963099976E+02 7.594500184E-01 7.456899881E-01 7.257600082E-04
 5.125000098E-05 7.950000145E-05 1.107200027E+00 1.132900000E+05 -5.343400000E+04 2.664100037E+02 2.534100037E+02 3.431200027E+01 -3.610700073E+02 9.461299777E-01 6.165699959E-01 8.547999896E-04
 5.329999840E-05 7.889999688E-05 8.484100103E-01 8.294600000E+04 -8.196000000E+04 2.490399933E+02 3.058399963E+02 -1.685199928E+01 -8.879699707E+02 1.173200011E+00 4.424200058E-01 1.126299961E-03
 5.534999946E-05 7.829999959E-05 6.498500109E-01 7.091600098E+03 -4.166300000E+04 2.347799988E+02 3.318699951E+02 -7.332900238E+01 -4.707900085E+02 1.335100055E+00 3.185699880E-01 1.455700025E-03
 5.740000051E-05 7.770000229E-05 5.521199703E-01 -5.392800000E+04 2.272100000E+04 2.275700073E+02 3.375599976E+02 -1.071900024E+02 2.994300079E+01 1.409700036E+00 2.617500126E-01 1.695199986E-03
 5.945000157E-05 7.709999772E-05 5.178800225E-01 -7.326700000E+04 7.739800000E+04 2.252299957E+02 3.371199951E+02 -1.201399994E+02 2.912600098E+02 1.431200027E+00 2.428999990E-01 1.802299987E-03
 6.150000263E-05 7.650000043E-05 5.075500011E-01 -7.157400000E+04 1.038400000E+05 2.243600006E+02 3.373699951E+02 -1.235000000E+02 3.706799927E+02 1.439499974E+00 2.371200025E-01 1.838100026E-03
 6.354999641E-05 7.590000314E-05 5.035899878E-01 -6.953100000E+04 1.005800000E+05 2.238099976E+02 3.389400024E+02 -1.231900024E+02 3.610700073E+02 1.446799994E+00 2.346899956E-01 1.852400019E-03
 6.559999747E-05 7.529999857E-05 4.998599887E-01 -7.345600000E+04 8.851900000E+04 2.228899994E+02 3.415899963E+02 -1.219199982E+02 3.377600098E+02 1.457999945E+00 2.320100069E-01 1.866200007E-03
 6.764999853E-05 7.470000128E-05 4.948000014E-01 -6.809200000E+04 7.800800000E+04 2.213999939E+02 3.453200073E+02 -1.206399994E+02 3.254299927E+02 1.475399971E+00 2.281299978E-01 1.885300037E-03
 6.969999959E-05 7.409999671E-05 4.876500070E-01 -7.366600000E+04 8.039200000E+04 2.197700043E+02 3.496400146E+02 -1.199100037E+02 3.313200073E+02 1.496399999E+00 2.231799960E-01 1.913000015E-03
 7.175000064E-05 7.349999942E-05 4.780800045E-01 -8.357900000E+04 7.779400000E+04 2.179700012E+02 3.543399963E+02 -1.196900024E+02 3.198999939E+02 1.520400047E+00 2.169999927E-01 1.951399958E-03
 7.380000170E-05 7.290000212E-05 4.659700096E-01 -8.869300000E+04 7.350300000E+04 2.159700012E+02 3.599500122E+02 -1.191299973E+02 3.032799988E+02 1.548400044E+00 2.095700055E-01 2.002299996E-03
 7.585000276E-05 7.229999756E-05 4.529600143E-01 -9.014800000E+04 7.232300000E+04 2.137500000E+02 3.654299927E+02 -1.188399963E+02 2.944200134E+02 1.577399969E+00 2.016299963E-01 2.059699968E-03
 7.789999654E-05 7.170000026E-05 4.405600131E-01 -9.869900000E+04 6.721900000E+04 2.116799927E+02 3.700400085E+02 -1.187600021E+02 2.875799866E+02 1.603099942E+00 1.941999942E-01 2.117800061E-03
 7.994999760E-05 7.110000297E-05 4.279600084E-01 -1.077300000E+05 6.553600000E+04 2.094900055E+02 3.749299927E+02 -1.188199997E+02 2.637699890E+02 1.630900025E+00 1.867000014E-01 2.180200070E-03
 8.199999866E-05 7.049999840E-05 4.147900045E-01 -1.032100000E+05 6.050600000E+04 2.070599976E+02 3.802000122E+02 -1.191100006E+02 2.530800018E+02 1.661700010E+00 1.788599938E-01 2.249500016E-03
 8.404999971E-05 6.990000111E-05 4.010500014E-01 -9.723900000E+04 6.280200000E+04 2.047400055E+02 3.855599976E+02 -1.191399994E+02 2.355899963E+02 1.692600012E+00 1.710100025E-01 2.326600021E-03
 8.610000077E-05 6.929999654E-05 3.878799975E-01 -1.046700000E+05 5.981600000E+04 2.025500031E+02 3.903900146E+02 -1.191999969E+02 2.286499939E+02 1.721300006E+00 1.636099964E-01 2.405500039E-03
 8.815000183E-05 6.869999925E-05 3.752799928E-01 -1.154400000E+05 5.236600000E+04 2.003699951E+02 3.948900146E+02 -1.195599976E+02 2.389900055E+02 1.749400020E+00 1.565999985E-01 2.486299956E-03
 9.020000289E-05 6.810000195E-05 3.628399968E-01 -1.207900000E+05 5.259400000E+04 1.983300018E+02 3.992300110E+02 -1.199800034E+02 2.359400024E+02 1.776499987E+00 1.498599946E-01 2.571600024E-03
 9.224999667E-05 6.749999739E-05 3.512299955E-01 -1.281600000E+05 5.710500000E+04 1.961499939E+02 4.031000061E+02 -1.203199997E+02 2.354799957E+02 1.802700043E+00 1.434800029E-01 2.656500088E-03
 9.429999773E-05 6.690000009E-05 3.399499953E-01 -1.315100000E+05 5.964600000E+04 1.939400024E+02 4.070700073E+02 -1.205699997E+02 2.370200043E+02 1.829599977E+00 1.372999996E-01 2.744700061E-03
 9.634999878E-05 6.630000280E-05 3.284299970E-01 -1.433900000E+05 5.829600000E+04 1.920299988E+02 4.114299927E+02 -1.208799973E+02 2.361499939E+02 1.857200027E+00 1.313399971E-01 2.841100097E-03
 9.839999984E-05 6.569999823E-05 3.175700009E-01 -1.504500000E+05 5.795400000E+04 1.900700073E+02 4.154599915E+02 -1.213499985E+02 2.291100006E+02 1.884199977E+00 1.256999969E-01 2.938099904E-03
 1.004500009E-04 6.510000094E-05 3.076699972E-01 -1.529600000E+05 5.520900000E+04 1.881300049E+02 4.189299927E+02 -1.218399963E+02 2.297700043E+02 1.909000039E+00 1.205400005E-01 3.032600041E-03
 1.025000020E-04 6.449999637E-05 2.980200052E-01 -1.570900000E+05 5.233600000E+04 1.861900024E+02 4.228299866E+02 -1.224300003E+02 2.385099945E+02 1.936200023E+00 1.155600026E-01 3.130899975E-03
 1.045500030E-04 6.389999908E-05 2.890500128E-01 -1.611400000E+05 5.424000000E+04 1.843600006E+02 4.261700134E+02 -1.227200012E+02 2.397799988E+02 1.960199952E+00 1.109799966E-01 3.227799898E-03
 1.065999968E-04 6.330000178E-05 2.804600000E-01 -1.619100000E+05 5.572400000E+04 1.826000061E+02 4.293299866E+02 -1.229400024E+02 2.263699951E+02 1.983500004E+00 1.066500023E-01 3.326799953E-03
 1.086499979E-04 6.269999722E-05 2.721700072E-01 -1.634100000E+05 5.560900000E+04 1.808600006E+02 4.326799927E+02 -1.233300018E+02 2.263899994E+02 2.007800102E+00 1.025099978E-01 3.427899908E-03
 1.106999989E-04 6.209999992E-05 2.645100057E-01 -1.688400000E+05 5.358200000E+04 1.793099976E+02 4.354299927E+02 -1.239700012E+02 2.234600067E+02 2.029099941E+00 9.877499938E-02 3.527299967E-03
 1.127500000E-04 6.150000263E-05 2.567299902E-01 -1.763600000E+05 5.553700000E+04 1.778000031E+02 4.382500000E+02 -1.247699966E+02 2.181999969E+02 2.050899982E+00 9.505999833E-02 3.634399967E-03
 1.148000010E-04 6.090000170E-05 2.492299974E-01 -1.752300000E+05 5.859900000E+04 1.762200012E+02 4.411400146E+02 -1.254899979E+02 2.091300049E+02 2.073499918E+00 9.146399796E-02 3.743400099E-03
 1.168500021E-04 6.030000077E-05 2.423000038E-01 -1.686200000E+05 5.841800000E+04 1.746900024E+02 4.438500061E+02 -1.259800034E+02 2.113699951E+02 2.095099926E+00 8.814600110E-02 3.850599984E-03
 1.189000031E-04 5.969999984E-05 2.354000062E-01 -1.730700000E+05 5.986400000E+04 1.731900024E+02 4.463999939E+02 -1.263799973E+02 2.237100067E+02 2.115799904E+00 8.490099758E-02 3.963599913E-03
 1.209499969E-04 5.909999891E-05 2.287700027E-01 -1.820800000E+05 5.824800000E+04 1.717500000E+02 4.487900085E+02 -1.271299973E+02 2.232799988E+02 2.136100054E+00 8.182600141E-02 4.078300204E-03
 1.230000053E-04 5.850000161E-05 2.228399962E-01 -1.862300000E+05 5.657700000E+04 1.704900055E+02 4.510599976E+02 -1.274400024E+02 2.316000061E+02 2.154400110E+00 7.911700010E-02 4.186700098E-03
 1.250500063E-04 5.790000068E-05 2.173800021E-01 -1.897700000E+05 5.888000000E+04 1.692899933E+02 4.530899963E+02 -1.278199997E+02 2.295500031E+02 2.171499968E+00 7.663500309E-02 4.291899968E-03
 1.270999928E-04 5.729999975E-05 2.122800052E-01 -1.964000000E+05 5.777200000E+04 1.682100067E+02 4.548500061E+02 -1.288200073E+02 2.179900055E+02 2.187599897E+00 7.435800135E-02 4.395000171E-03
 1.291499939E-04 5.669999882E-05 2.074999958E-01 -2.053400000E+05 5.986000000E+04 1.673999939E+02 4.563299866E+02 -1.292599945E+02 2.207100067E+02 2.200000048E+00 7.233600318E-02 4.496099893E-03
 1.311999949E-04 5.610000153E-05 2.027100027E-01 -2.231800000E+05 6.890700000E+04 1.667400055E+02 4.577300110E+02 -1.291699982E+02 2.392299957E+02 2.210500002E+00 7.038699836E-02 4.602300003E-03
 1.332499960E-04 5.550000060E-05 1.983499974E-01 -2.483700000E+05 7.653400000E+04 1.662400055E+02 4.586000061E+02 -1.294199982E+02 2.562799988E+02 2.217999935E+00 6.866300106E-02 4.703300074E-03
 1.352999971E-04 5.489999967E-05 1.943600029E-01 -2.747300000E+05 8.506600000E+04 1.658500061E+02 4.592799988E+02 -1.297599945E+02 2.789899902E+02 2.224100113E+00 6.712599844E-02 4.800000228E-03
 1.373499981E-04 5.429999874E-05 1.903599948E-01 -2.983900000E+05 9.413200000E+04 1.653399963E+02 4.603099976E+02 -1.299600067E+02 3.037600098E+02 2.232399940E+00 6.554300338E-02 4.900800064E-03
 1.393999992E-04 5.370000144E-05 1.866499931E-01 -3.245200000E+05 1.016000000E+05 1.650200043E+02 4.608999939E+02 -1.302899933E+02 3.218099976E+02 2.237600088E+00 6.413900107E-02 4.998300225E-03
 1.414500002E-04 5.310000051E-05 1.830099970E-01 -3.488400000E+05 1.109800000E+05 1.648200073E+02 4.614100037E+02 -1.304900055E+02 3.420000000E+02 2.241600037E+00 6.281500310E-02 5.097600166E-03
 1.435000013E-04 5.249999958E-05 1.796199977E-01 -3.731700000E+05 1.173200000E+05 1.647500000E+02 4.617600098E+02 -1.304700012E+02 3.670199890E+02 2.243599892E+00 6.162099913E-02 5.193700083E-03
 1.455500023E-04 5.189999865E-05 1.774100065E-01 -4.300000000E+05 1.328200000E+05 1.659900055E+02 4.597200012E+02 -1.298399963E+02 4.136300049E+02 2.225399971E+00 6.131799892E-02 5.258100107E-03
 1.476000034E-04 5.130000136E-05 1.802899987E-01 -6.335400000E+05 2.093000000E+05 1.742599945E+02 4.455000000E+02 -1.246200027E+02 6.275499878E+02 2.106100082E+00 6.548199803E-02 5.176099949E-03
 1.496500045E-04 5.070000043E-05 2.020100057E-01 -1.041400000E+06 3.645100000E+05 2.007299957E+02 3.957900085E+02 -1.061800003E+02 1.252000000E+03 1.751299977E+00 8.523900062E-02 4.658699967E-03
 1.517000055E-04 5.009999950E-05 2.690199912E-01 -1.074600000E+06 3.784500000E+05 2.411300049E+02 3.017500000E+02 -7.238300323E+01 1.845400024E+03 1.214200020E+00 1.373600066E-01 3.593399888E-03
 1.537500066E-04 4.949999857E-05 3.854100108E-01 -5.306100000E+05 1.936800000E+05 2.724400024E+02 2.062299957E+02 -3.967599869E+01 1.560300049E+03 7.673900127E-01 2.201900035E-01 2.502900083E-03
 1.557999931E-04 4.890000127E-05 4.934900105E-01 -1.164900000E+05 5.390200000E+04 2.862000122E+02 1.511600037E+02 -2.298999977E+01 7.825800171E+02 5.429199934E-01 2.944299877E-01 1.904399949E-03
 1.578499941E-04 4.830000034E-05 5.478900075E-01 -2.651900000E+04 1.457000000E+04 2.910499878E+02 1.281499939E+02 -1.807200050E+01 3.383900146E+02 4.554199874E-01 3.321099877E-01 1.703700051E-03
 1.598999952E-04 4.769999941E-05 5.663200021E-01 -1.992200000E+04 1.152900000E+04 2.931600037E+02 1.170400009E+02 -1.678300095E+01 2.094600067E+02 4.145500064E-01 3.457300067E-01 1.647199970E-03
 1.619499963E-04 4.709999848E-05 5.739200115E-01 -1.607300000E+04 1.151900000E+04 2.945499878E+02 1.095000000E+02 -1.623200035E+01 1.700800018E+02 3.871699870E-01 3.520300090E-01 1.625400037E-03
 1.639999973E-04 4.650000119E-05 5.792099833E-01 -1.300100000E+04 3.937800049E+03 2.956400146E+02 1.033199997E+02 -1.588000011E+01 1.422899933E+02 3.649100065E-01 3.565900028E-01 1.610500040E-03
 1.660499984E-04 4.590000026E-05 5.842400193E-01 -1.272700000E+04 6.383599854E+02 2.962900085E+02 9.806600189E+01 -1.549800014E+01 1.249499969E+02 3.462100029E-01 3.604800105E-01 1.596600050E-03
 1.680999994E-04 4.529999933E-05 5.890899897E-01 -7.457500000E+03 1.217800000E+04 2.967999878E+02 9.333000183E+01 -1.508600044E+01 1.265800018E+02 3.294000030E-01 3.640899956E-01 1.583499950E-03
 1.701500005E-04 4.469999840E-05 5.920400023E-01 -8.160899902E+03 1.175500000E+04 2.974800110E+02 8.912899780E+01 -1.458699989E+01 1.308800049E+02 3.143000007E-01 3.667500019E-01 1.575600007E-03
 1.722000015E-04 4.410000111E-05 5.949299932E-01 -9.554500000E+03 5.550399902E+03 2.979200134E+02 8.509400177E+01 -1.403100014E+01 1.139899979E+02 2.999100089E-01 3.690800071E-01 1.567899948E-03
 1.742500026E-04 4.350000017E-05 5.973500013E-01 -1.213500000E+04 5.955600098E+03 2.980700073E+02 8.143800354E+01 -1.347900009E+01 1.064199982E+02 2.869699895E-01 3.707799911E-01 1.561600016E-03
 1.763000037E-04 4.289999924E-05 5.992000103E-01 -1.649800000E+04 1.642199951E+03 2.984299927E+02 7.836499786E+01 -1.266199970E+01 1.100999985E+02 2.757999897E-01 3.723700047E-01 1.556699979E-03
 1.783500047E-04 4.229999831E-05 6.022499800E-01 -6.186899902E+03 1.402599976E+03 2.986900024E+02 7.535399628E+01 -1.205200005E+01 8.894100189E+01 2.650200129E-01 3.745900095E-01 1.548900036E-03
 1.804000058E-04 4.170000102E-05 6.050699949E-01 4.971399902E+03 2.682699951E+03 2.986400146E+02 7.251300049E+01 -1.156000042E+01 9.044400024E+01 2.550300062E-01 3.762800097E-01 1.541699981E-03
 1.824500068E-04 4.110000009E-05 6.067600250E-01 -1.511000000E+03 2.343100098E+03 2.986799927E+02 6.979699707E+01 -1.065600014E+01 1.060100021E+02 2.452200055E-01 3.773800135E-01 1.537399949E-03
 1.844999933E-04 4.049999916E-05 6.081799865E-01 -6.476200195E+03 2.223199951E+03 2.989599915E+02 6.704299927E+01 -9.895299911E+00 9.272599792E+01 2.352599949E-01 3.786199987E-01 1.533800038E-03
 1.865499944E-04 3.989999823E-05 6.100599766E-01 -4.176700195E+03 1.510000000E+03 2.992099915E+02 6.428500366E+01 -9.114100456E+00 1.047500000E+02 2.252999991E-01 3.801099956E-01 1.529000001E-03
 1.885999955E-04 3.930000094E-05 6.114500165E-01 -3.988999939E+02 3.541800049E+03 2.995100098E+02 6.162200165E+01 -8.002300262E+00 1.116699982E+02 2.155199945E-01 3.813599944E-01 1.525499974E-03
 1.906499965E-04 3.870000000E-05 6.120499969E-01 -1.923199951E+03 4.941600098E+03 3.000700073E+02 5.921900177E+01 -6.650400162E+00 1.038399963E+02 2.064899951E-01 3.824500144E-01 1.524099964E-03
 1.926999976E-04 3.809999907E-05 6.128699780E-01 -1.137200000E+04 6.365399902E+03 3.004800110E+02 5.688299942E+01 -5.220399857E+00 1.173000031E+02 1.977999955E-01 3.834800124E-01 1.521999948E-03
 1.947499986E-04 3.750000178E-05 6.136500239E-01 -1.274900000E+04 1.034000000E+04 3.007399902E+02 5.443999863E+01 -3.551800013E+00 1.367899933E+02 1.888599992E-01 3.842999935E-01 1.520100050E-03
 1.967999997E-04 3.690000085E-05 6.135399938E-01 -1.172800000E+04 5.497799805E+03 3.012000122E+02 5.211999893E+01 -1.632900000E+00 1.467500000E+02 1.803700030E-01 3.848299980E-01 1.520300051E-03
 1.988500007E-04 3.629999992E-05 6.130899787E-01 -1.547000000E+04 3.797800049E+03 3.020199890E+02 4.990700150E+01 5.732300282E-01 1.445800018E+02 1.724500060E-01 3.855899870E-01 1.521499944E-03
 2.009000018E-04 3.569999899E-05 6.117100120E-01 -2.145600000E+04 1.879900000E+04 3.035599976E+02 4.780699921E+01 3.848599911E+00 1.481199951E+02 1.653999984E-01 3.866699934E-01 1.524899970E-03
 2.029500029E-04 3.510000170E-05 6.081799865E-01 -2.785000000E+04 3.759900000E+04 3.057699890E+02 4.600500107E+01 7.994200230E+00 1.651600037E+02 1.604900062E-01 3.872399926E-01 1.533800038E-03
 2.050000039E-04 3.450000077E-05 6.058099866E-01 -3.188300000E+04 4.558000000E+04 3.069899902E+02 4.518600082E+01 1.017700005E+01 1.814299927E+02 1.586900055E-01 3.872700036E-01 1.539799967E-03
 0.000000000E+00 6.399999984E-05 1.600700021E+00 -5.028700000E+04 1.754900000E+04 3.000000000E+02 3.576300049E+01 4.605000019E+00 1.726699982E+02 1.312800050E-01 1.008700013E+00 5.785800167E-04
 2.049999921E-06 6.464000035E-05 1.608299971E+00 -2.278400000E+04 8.474500000E+03 2.999800110E+02 3.806999969E+01 4.560800076E+00 1.192500000E+02 1.360300034E-01 1.008999944E+00 5.779200001E-04
 4.099999842E-06 6.528000085E-05 1.614199996E+00 -2.021699982E+02 9.806900024E+02 2.998800049E+02 4.166199875E+01 5.020500183E+00 1.108300018E+02 1.454499960E-01 1.008000016E+00 5.778699997E-04
 6.149999990E-06 6.592000136E-05 1.611999989E+00 -1.058900000E+04 3.031900024E+02 2.998200073E+02 4.429899979E+01 6.000100136E+00 1.173600006E+02 1.549600065E-01 1.006399989E+00 5.786700058E-04
 8.199999684E-06 6.656000187E-05 1.611299992E+00 1.332500000E+03 2.466399902E+03 2.998699951E+02 4.710699844E+01 7.125299931E+00 9.004699707E+01 1.651400030E-01 1.006199956E+00 5.789099960E-04
 1.024999983E-05 6.720000238E-05 1.608399987E+00 9.820400391E+03 3.986000000E+03 3.002099915E+02 5.028499985E+01 8.300499916E+00 1.128700027E+02 1.765500009E-01 1.005499959E+00 5.799600040E-04
 1.229999998E-05 6.784000288E-05 1.603600025E+00 -3.219800049E+03 8.595299805E+03 3.003099976E+02 5.383499908E+01 9.576399803E+00 1.449400024E+02 1.893900037E-01 1.002900004E+00 5.816799821E-04
 1.435000013E-05 6.848000339E-05 1.601600051E+00 -1.219600000E+04 8.846700195E+03 2.999100037E+02 5.744200134E+01 1.097500038E+01 1.521399994E+02 2.026800066E-01 1.000200033E+00 5.824299878E-04
 1.639999937E-05 6.911999662E-05 1.599099994E+00 -1.392500000E+04 -5.560100098E+03 2.996600037E+02 6.118600082E+01 1.224300003E+01 1.192300034E+02 2.163600028E-01 9.978299737E-01 5.833400064E-04
 1.845000043E-05 6.975999713E-05 1.595000029E+00 -3.034600098E+03 -4.398500000E+03 2.993999939E+02 6.544000244E+01 1.372099972E+01 1.312100067E+02 2.319400012E-01 9.944000244E-01 5.848400178E-04
 2.049999966E-05 7.039999764E-05 1.591199994E+00 7.592399902E+03 8.530000000E+03 2.989899902E+02 6.998100281E+01 1.525100040E+01 1.568899994E+02 2.486100048E-01 9.906700253E-01 5.862400285E-04
 2.255000072E-05 7.103999815E-05 1.585800052E+00 1.384900000E+04 4.702300110E+02 2.987500000E+02 7.459600067E+01 1.682200050E+01 1.683300018E+02 2.655299902E-01 9.865199924E-01 5.882299738E-04
 2.459999996E-05 7.167999865E-05 1.578999996E+00 1.358900000E+04 -7.816799927E+02 2.985400085E+02 7.943499756E+01 1.857200050E+01 1.958699951E+02 2.833699882E-01 9.816200137E-01 5.907699815E-04
 2.664999920E-05 7.231999916E-05 1.571499944E+00 2.503400000E+04 1.691400000E+04 2.980000000E+02 8.465000153E+01 2.032500076E+01 1.892400055E+02 3.026799858E-01 9.751899838E-01 5.935800145E-04
 2.870000026E-05 7.295999967E-05 1.563799977E+00 2.395400000E+04 1.944100000E+04 2.973299866E+02 9.019100189E+01 2.216699982E+01 1.601699982E+02 3.232699931E-01 9.682000279E-01 5.965200253E-04
 3.075000132E-05 7.360000018E-05 1.555400014E+00 2.118100000E+04 7.684600098E+03 2.967500000E+02 9.629499817E+01 2.413500023E+01 1.819900055E+02 3.458800018E-01 9.611499906E-01 5.997300032E-04
 3.279999873E-05 7.424000069E-05 1.544399977E+00 2.527700000E+04 7.564500000E+03 2.960400085E+02 1.029599991E+02 2.640600014E+01 2.113600006E+02 3.707799911E-01 9.520999789E-01 6.040000007E-04
 3.484999979E-05 7.488000119E-05 1.530200005E+00 1.440500000E+04 1.816100000E+04 2.951900024E+02 1.098799973E+02 2.888899994E+01 2.210599976E+02 3.968999982E-01 9.405900240E-01 6.096200086E-04
 3.690000085E-05 7.552000170E-05 1.513499975E+00 2.003800000E+04 1.194500000E+04 2.943800049E+02 1.173300018E+02 3.136300087E+01 2.393000031E+02 4.248499870E-01 9.277899861E-01 6.163499784E-04
 3.894999827E-05 7.616000221E-05 1.494400024E+00 3.922500000E+04 -6.476799805E+03 2.933900146E+02 1.259100037E+02 3.413399887E+01 2.446199951E+02 4.571099877E-01 9.130399823E-01 6.242200034E-04
 4.099999933E-05 7.680000272E-05 1.472100019E+00 3.453700000E+04 -1.546500000E+04 2.918800049E+02 1.359600067E+02 3.703599930E+01 2.405599976E+02 4.950399995E-01 8.947600126E-01 6.336999941E-04
 4.305000039E-05 7.744000322E-05 1.443600059E+00 3.536700000E+04 -9.971500000E+03 2.899400024E+02 1.476600037E+02 4.014899826E+01 2.811199951E+02 5.393900275E-01 8.716599941E-01 6.462300080E-04
 4.510000144E-05 7.807999646E-05 1.407899976E+00 3.565500000E+04 7.397600098E+03 2.873200073E+02 1.616799927E+02 4.354999924E+01 3.496400146E+02 5.929600000E-01 8.423900008E-01 6.626900285E-04
 4.714999886E-05 7.871999696E-05 1.360000014E+00 4.025200000E+04 1.790800000E+04 2.835199890E+02 1.796999969E+02 4.680400085E+01 3.224599915E+02 6.620299816E-01 8.030999899E-01 6.861599977E-04
 4.919999992E-05 7.935999747E-05 1.284399986E+00 9.420900000E+04 5.891799805E+03 2.779899902E+02 2.061199951E+02 4.837599945E+01 2.450700073E+02 7.626199722E-01 7.438600063E-01 7.272399962E-04
 5.125000098E-05 7.999999798E-05 1.124799967E+00 1.261100000E+05 -4.026300000E+04 2.672699890E+02 2.506799927E+02 3.360100174E+01 -3.283099976E+02 9.325699806E-01 6.277800202E-01 8.377599879E-04
 5.329999840E-05 7.942399679E-05 8.965799809E-01 9.446300000E+04 -7.817100000E+04 2.516999969E+02 3.003299866E+02 -8.343199730E+00 -8.831699829E+02 1.142899990E+00 4.719600081E-01 1.058900030E-03
 5.534999946E-05 7.884800289E-05 7.032399774E-01 1.708600000E+04 -6.097700000E+04 2.373500061E+02 3.304599915E+02 -6.025099945E+01 -6.126500244E+02 1.312700033E+00 3.486599922E-01 1.344399992E-03
 5.740000051E-05 7.827200170E-05 5.896999836E-01 -4.911500000E+04 -1.017400000E+04 2.284700012E+02 3.409899902E+02 -9.809300232E+01 -1.417400055E+02 1.409999967E+00 2.808000147E-01 1.589499996E-03
 5.945000157E-05 7.769600052E-05 5.390800238E-01 -6.775600000E+04 4.642800000E+04 2.245099945E+02 3.429599915E+02 -1.165500031E+02 1.725800018E+02 1.450999975E+00 2.520700097E-01 1.732500037E-03
 6.150000263E-05 7.711999933E-05 5.187100172E-01 -7.344500000E+04 8.288600000E+04 2.226199951E+02 3.437699890E+02 -1.233199997E+02 3.324800110E+02 1.469099998E+00 2.404599935E-01 1.798799960E-03
 6.354999641E-05 7.654399815E-05 5.097399950E-01 -7.749800000E+04 8.955300000E+04 2.218500061E+02 3.452999878E+02 -1.243300018E+02 3.472399902E+02 1.478800058E+00 2.354799956E-01 1.830099965E-03
 6.559999747E-05 7.596799696E-05 5.037199855E-01 -7.665200000E+04 8.331800000E+04 2.210899963E+02 3.480299988E+02 -1.234000015E+02 3.244200134E+02 1.490399957E+00 2.319100052E-01 1.852000016E-03
 6.764999853E-05 7.539200305E-05 4.977099895E-01 -7.708600000E+04 8.193900000E+04 2.198000031E+02 3.515000000E+02 -1.222600021E+02 3.343500061E+02 1.506500006E+00 2.278099954E-01 1.874299953E-03
 6.969999959E-05 7.481600187E-05 4.906600118E-01 -8.433800000E+04 8.405900000E+04 2.182599945E+02 3.556000061E+02 -1.210599976E+02 3.345299988E+02 1.526000023E+00 2.230100036E-01 1.901200041E-03
 7.175000064E-05 7.424000069E-05 4.807600081E-01 -9.221200000E+04 8.042700000E+04 2.165000000E+02 3.602099915E+02 -1.200199966E+02 3.194800110E+02 1.548699975E+00 2.167499959E-01 1.940599992E-03
 7.380000170E-05 7.366399950E-05 4.683499932E-01 -9.551000000E+04 7.822900000E+04 2.146499939E+02 3.653200073E+02 -1.189300003E+02 3.242000122E+02 1.573799968E+00 2.093500048E-01 1.992099918E-03
 7.585000276E-05 7.308799832E-05 4.556199908E-01 -9.929000000E+04 7.760300000E+04 2.126199951E+02 3.704800110E+02 -1.181999969E+02 3.196099854E+02 1.600600004E+00 2.017399967E-01 2.047700109E-03
 7.789999654E-05 7.251199713E-05 4.434100091E-01 -1.058900000E+05 7.302100000E+04 2.105200043E+02 3.750700073E+02 -1.178199997E+02 2.966799927E+02 1.626199961E+00 1.943999976E-01 2.104100073E-03
 7.994999760E-05 7.193600322E-05 4.308100045E-01 -1.086100000E+05 6.918900000E+04 2.084600067E+02 3.798299866E+02 -1.175599976E+02 2.823500061E+02 1.652799964E+00 1.870200038E-01 2.165700076E-03
 8.199999866E-05 7.136000204E-05 4.174999893E-01 -1.064900000E+05 6.101100000E+04 2.062100067E+02 3.848200073E+02 -1.172099991E+02 2.775100098E+02 1.681300044E+00 1.792899966E-01 2.234800020E-03
 8.404999971E-05 7.078400085E-05 4.036000073E-01 -1.046300000E+05 6.276200000E+04 2.038500061E+02 3.897900085E+02 -1.167300034E+02 2.551600037E+02 1.710399985E+00 1.713400036E-01 2.311999910E-03
 8.610000077E-05 7.020799967E-05 3.899199963E-01 -1.096300000E+05 6.591000000E+04 2.016999969E+02 3.947300110E+02 -1.168399963E+02 2.377500000E+02 1.739599943E+00 1.637900025E-01 2.393000061E-03
 8.815000183E-05 6.963199849E-05 3.773800135E-01 -1.238900000E+05 5.927500000E+04 1.995899963E+02 3.993599854E+02 -1.169300003E+02 2.402299957E+02 1.767799973E+00 1.568699926E-01 2.472399967E-03
 9.020000289E-05 6.905599730E-05 3.652999997E-01 -1.344700000E+05 5.597800000E+04 1.974600067E+02 4.035599976E+02 -1.169000015E+02 2.481300049E+02 1.794499993E+00 1.502200067E-01 2.554199891E-03
 9.224999667E-05 6.848000339E-05 3.533500135E-01 -1.401200000E+05 6.091900000E+04 1.953600006E+02 4.076700134E+02 -1.170999985E+02 2.433300018E+02 1.821300030E+00 1.437599957E-01 2.640699968E-03
 9.429999773E-05 6.790400221E-05 3.414799869E-01 -1.425400000E+05 6.396700000E+04 1.932799988E+02 4.118999939E+02 -1.171600037E+02 2.368399963E+02 1.848700047E+00 1.374499947E-01 2.732499968E-03
 9.634999878E-05 6.732800102E-05 3.302699924E-01 -1.468500000E+05 5.990000000E+04 1.913200073E+02 4.159599915E+02 -1.172399979E+02 2.391499939E+02 1.875200033E+00 1.315899938E-01 2.825200092E-03
 9.839999984E-05 6.675199984E-05 3.197399974E-01 -1.561100000E+05 5.865400000E+04 1.894299927E+02 4.197000122E+02 -1.175599976E+02 2.405899963E+02 1.900599957E+00 1.261399984E-01 2.918200102E-03
 1.004500009E-04 6.617599865E-05 3.095600009E-01 -1.596600000E+05 5.599600000E+04 1.875800018E+02 4.231600037E+02 -1.178300018E+02 2.401000061E+02 1.924800038E+00 1.209300011E-01 3.014100017E-03
 1.025000020E-04 6.559999747E-05 2.996000051E-01 -1.578800000E+05 5.302700000E+04 1.856999969E+02 4.266600037E+02 -1.179499969E+02 2.431000061E+02 1.949499965E+00 1.158699989E-01 3.114399966E-03
 1.045500030E-04 6.502400356E-05 2.904399931E-01 -1.664900000E+05 5.590500000E+04 1.839299927E+02 4.295799866E+02 -1.182799988E+02 2.482700043E+02 1.971699953E+00 1.112499982E-01 3.212299896E-03
 1.065999968E-04 6.444800238E-05 2.818900049E-01 -1.727100000E+05 5.852200000E+04 1.822799988E+02 4.325400085E+02 -1.185699997E+02 2.248999939E+02 1.993700027E+00 1.070099995E-01 3.309899941E-03
 1.086499979E-04 6.387200119E-05 2.736699879E-01 -1.758900000E+05 6.366100000E+04 1.806399994E+02 4.357900085E+02 -1.187300034E+02 2.282100067E+02 2.016900063E+00 1.029499993E-01 3.409099998E-03
 1.106999989E-04 6.329600001E-05 2.660300136E-01 -1.835100000E+05 6.155700000E+04 1.790200043E+02 4.386199951E+02 -1.190599976E+02 2.415200043E+02 2.038700104E+00 9.917800128E-02 3.507100046E-03
 1.127500000E-04 6.271999882E-05 2.584699988E-01 -1.919800000E+05 5.735800000E+04 1.774799957E+02 4.412999878E+02 -1.196600037E+02 2.292299957E+02 2.059799910E+00 9.552799910E-02 3.609800013E-03
 1.148000010E-04 6.214399764E-05 2.509999871E-01 -1.908500000E+05 5.723000000E+04 1.759600067E+02 4.440599976E+02 -1.202900009E+02 2.171199951E+02 2.081500053E+00 9.197899699E-02 3.717199899E-03
 1.168500021E-04 6.156799645E-05 2.437099963E-01 -1.812900000E+05 5.550800000E+04 1.743699951E+02 4.469899902E+02 -1.205800018E+02 2.188800049E+02 2.104199886E+00 8.849500120E-02 3.828400047E-03
 1.189000031E-04 6.099199891E-05 2.370299995E-01 -1.768200000E+05 5.603600000E+04 1.727899933E+02 4.496900024E+02 -1.208700027E+02 2.205599976E+02 2.125999928E+00 8.529400080E-02 3.936000168E-03
 1.209499969E-04 6.041600136E-05 2.308000028E-01 -1.797500000E+05 5.480300000E+04 1.714199982E+02 4.520700073E+02 -1.216999969E+02 2.176600037E+02 2.145999908E+00 8.239299804E-02 4.042400047E-03
 1.230000053E-04 5.984000018E-05 2.248699963E-01 -1.856900000E+05 5.681600000E+04 1.701199951E+02 4.542300110E+02 -1.224100037E+02 2.298200073E+02 2.164599895E+00 7.966600358E-02 4.148900043E-03
 1.250500063E-04 5.926399899E-05 2.193499953E-01 -1.905600000E+05 5.799300000E+04 1.688800049E+02 4.562600098E+02 -1.229199982E+02 2.330299988E+02 2.182199955E+00 7.714000344E-02 4.253299907E-03
 1.270999928E-04 5.868800145E-05 2.139099985E-01 -1.963900000E+05 5.489100000E+04 1.677500000E+02 4.584599915E+02 -1.235800018E+02 2.186699982E+02 2.200200081E+00 7.472699881E-02 4.361500032E-03
 1.291499939E-04 5.811200026E-05 2.088000029E-01 -2.084900000E+05 5.741700000E+04 1.668099976E+02 4.600700073E+02 -1.237699966E+02 2.171100006E+02 2.213799953E+00 7.253199816E-02 4.468000028E-03
 1.311999949E-04 5.753599908E-05 2.040800005E-01 -2.293700000E+05 6.463300000E+04 1.662299957E+02 4.611199951E+02 -1.236500015E+02 2.338300018E+02 2.222300053E+00 7.064300030E-02 4.571300000E-03
 1.332499960E-04 5.696000153E-05 1.997299939E-01 -2.506000000E+05 7.297900000E+04 1.658500061E+02 4.619700012E+02 -1.240699997E+02 2.474400024E+02 2.229099989E+00 6.897900254E-02 4.670800176E-03
 1.352999971E-04 5.638400035E-05 1.956900060E-01 -2.696300000E+05 8.383400000E+04 1.655099945E+02 4.625499878E+02 -1.244100037E+02 2.698699951E+02 2.234499931E+00 6.744500250E-02 4.767199978E-03
 1.373499981E-04 5.580799916E-05 1.918099970E-01 -2.902200000E+05 9.290100000E+04 1.649400024E+02 4.631700134E+02 -1.244199982E+02 2.965100098E+02 2.241100073E+00 6.588499993E-02 4.863599781E-03
 1.393999992E-04 5.523200161E-05 1.881199926E-01 -3.177900000E+05 9.815400000E+04 1.645299988E+02 4.636000061E+02 -1.247799988E+02 3.137900085E+02 2.246299982E+00 6.445299834E-02 4.958900157E-03
 1.414500002E-04 5.465600043E-05 1.845999956E-01 -3.440100000E+05 1.040300000E+05 1.643699951E+02 4.641499939E+02 -1.250899963E+02 3.308599854E+02 2.250200033E+00 6.318800151E-02 5.053500179E-03
 1.435000013E-04 5.407999925E-05 1.811800003E-01 -3.696000000E+05 1.125400000E+05 1.642400055E+02 4.649299927E+02 -1.251699982E+02 3.543599854E+02 2.254800081E+00 6.196400151E-02 5.149099976E-03
 1.455500023E-04 5.350400170E-05 1.784200072E-01 -4.159400000E+05 1.238400000E+05 1.648399963E+02 4.640899963E+02 -1.250999985E+02 3.842900085E+02 2.246799946E+00 6.124300137E-02 5.228300113E-03
 1.476000034E-04 5.292800051E-05 1.789399981E-01 -5.605500000E+05 1.768000000E+05 1.701999969E+02 4.549200134E+02 -1.217399979E+02 5.285300293E+02 2.167700052E+00 6.344199926E-02 5.213399883E-03
 1.496500045E-04 5.235199933E-05 1.929100007E-01 -9.453400000E+05 3.210700000E+05 1.910099945E+02 4.176300049E+02 -1.076100006E+02 1.036099976E+03 1.884400010E+00 7.719299942E-02 4.857799970E-03
 1.517000055E-04 5.177600178E-05 2.448599935E-01 -1.154400000E+06 3.991200000E+05 2.299400024E+02 3.331099854E+02 -7.675099945E+01 1.739800049E+03 1.370900035E+00 1.192499995E-01 3.918699920E-03
 1.537500066E-04 5.120000060E-05 3.515799940E-01 -7.213100000E+05 2.510300000E+05 2.660299988E+02 2.320500031E+02 -4.140100098E+01 1.729800049E+03 8.733800054E-01 1.967400014E-01 2.760800067E-03
 1.557999931E-04 5.062399941E-05 4.696100056E-01 -2.066500000E+05 7.517100000E+04 2.839299927E+02 1.651499939E+02 -2.061700058E+01 9.564600220E+02 5.936700106E-01 2.782000005E-01 2.012199955E-03
 1.578499941E-04 5.004799823E-05 5.400400162E-01 -3.488700000E+04 2.112900000E+04 2.902900085E+02 1.358600006E+02 -1.396899986E+01 3.730199890E+02 4.812499881E-01 3.265199959E-01 1.729800017E-03
 1.598999952E-04 4.947200068E-05 5.650900006E-01 -1.579400000E+04 1.014800000E+04 2.928900146E+02 1.228799973E+02 -1.257800007E+01 1.912299957E+02 4.332799911E-01 3.446699977E-01 1.650899998E-03
 1.619499963E-04 4.889599950E-05 5.738499761E-01 -1.838700000E+04 8.607099609E+03 2.942399902E+02 1.145199966E+02 -1.246100044E+01 1.621100006E+02 4.031099975E-01 3.516100049E-01 1.625600038E-03
 1.639999973E-04 4.831999831E-05 5.795099735E-01 -1.546500000E+04 8.573299805E+03 2.951799927E+02 1.078499985E+02 -1.279899979E+01 1.571600037E+02 3.794400096E-01 3.562099934E-01 1.609700033E-03
 1.660499984E-04 4.774400077E-05 5.839599967E-01 -2.045600000E+04 5.161600098E+03 2.959500122E+02 1.023899994E+02 -1.299199963E+01 1.488699951E+02 3.600899875E-01 3.598800004E-01 1.597400056E-03
 1.680999994E-04 4.716799958E-05 5.882999897E-01 -1.552200000E+04 8.856299805E+03 2.966099854E+02 9.755000305E+01 -1.271700001E+01 1.483399963E+02 3.428699970E-01 3.633700013E-01 1.585599966E-03
 1.701500005E-04 4.659199840E-05 5.916399956E-01 -1.347900000E+04 1.082300000E+04 2.972699890E+02 9.332099915E+01 -1.242899990E+01 1.363600006E+02 3.277600110E-01 3.662399948E-01 1.576600014E-03
 1.722000015E-04 4.601600085E-05 5.944499969E-01 -1.093000000E+04 1.065900000E+04 2.977500000E+02 8.939199829E+01 -1.205300045E+01 1.260199966E+02 3.137600124E-01 3.685800135E-01 1.569199958E-03
 1.742500026E-04 4.543999967E-05 5.970299840E-01 -8.479799805E+03 8.956700195E+03 2.980599976E+02 8.570700073E+01 -1.171500015E+01 1.161299973E+02 3.007299900E-01 3.705700040E-01 1.562400023E-03
 1.763000037E-04 4.486399848E-05 5.992199779E-01 -1.087900000E+04 2.482899902E+03 2.982699890E+02 8.249800110E+01 -1.122000027E+01 1.132099991E+02 2.893399894E-01 3.721899986E-01 1.556699979E-03
 1.783500047E-04 4.428800094E-05 6.018000245E-01 -5.463899902E+03 5.275200195E+03 2.984899902E+02 7.945600128E+01 -1.067399979E+01 1.085999985E+02 2.785199881E-01 3.740699887E-01 1.550000045E-03
 1.804000058E-04 4.371199975E-05 6.042600274E-01 2.695899902E+03 8.369200195E+03 2.986199951E+02 7.644499969E+01 -1.011200047E+01 9.705000305E+01 2.678399980E-01 3.757500052E-01 1.543699997E-03
 1.824500068E-04 4.313599857E-05 6.062700152E-01 2.011900024E+03 2.922899902E+03 2.985599976E+02 7.352500153E+01 -9.194600105E+00 9.499600220E+01 2.574000061E-01 3.769299984E-01 1.538599958E-03
 1.844999933E-04 4.256000102E-05 6.081200242E-01 1.375000000E+03 3.456699951E+03 2.986900024E+02 7.068199921E+01 -8.383199692E+00 1.006999969E+02 2.471899986E-01 3.782399893E-01 1.533900038E-03
 1.865499944E-04 4.198399984E-05 6.097999811E-01 6.529299927E+02 1.526800049E+03 2.989800110E+02 6.800199890E+01 -7.595399857E+00 1.224700012E+02 2.375199944E-01 3.796600103E-01 1.529700006E-03
 1.885999955E-04 4.140799865E-05 6.106799841E-01 -6.010699844E+01 -5.166399902E+03 2.994200134E+02 6.554100037E+01 -6.674499989E+00 1.267200012E+02 2.285200059E-01 3.807600141E-01 1.527499990E-03
 1.906499965E-04 4.083200110E-05 6.110600233E-01 -8.814000000E+03 1.003799988E+03 3.000100098E+02 6.320700073E+01 -5.422699928E+00 1.175000000E+02 2.198500037E-01 3.817600012E-01 1.526499982E-03
 1.926999976E-04 4.025599992E-05 6.122999787E-01 -1.612900000E+04 5.784299805E+03 3.002200012E+02 6.075199890E+01 -3.862999916E+00 1.134800034E+02 2.108799964E-01 3.828000128E-01 1.523399958E-03
 1.947499986E-04 3.967999874E-05 6.131399870E-01 -1.189700000E+04 5.879799805E+03 3.004599915E+02 5.844200134E+01 -2.296400070E+00 1.220500031E+02 2.025299966E-01 3.836199939E-01 1.521399943E-03
 1.967999997E-04 3.910400119E-05 6.129500270E-01 -1.309300000E+04 5.495899902E+03 3.009800110E+02 5.643299866E+01 -5.672500134E-01 1.350800018E+02 1.952700019E-01 3.841699958E-01 1.521799946E-03
 1.988500007E-04 3.852800000E-05 6.131500006E-01 -1.491400000E+04 2.670100098E+03 3.014400024E+02 5.439500046E+01 1.631299973E+00 1.458800049E+02 1.881700009E-01 3.848800063E-01 1.521299942E-03
 2.009000018E-04 3.795199882E-05 6.122300029E-01 -1.865000000E+04 1.075400000E+04 3.023599854E+02 5.252199936E+01 4.683100224E+00 1.600099945E+02 1.821299940E-01 3.854799867E-01 1.523599960E-03
 2.029500029E-04 3.737600127E-05 6.097999811E-01 -2.520000000E+04 2.761500000E+04 3.039100037E+02 5.113700104E+01 8.255399704E+00 1.700299988E+02 1.784700006E-01 3.859100044E-01 1.529700006E-03
 2.050000039E-04 3.680000009E-05 6.083599925E-01 -2.945700000E+04 3.700900000E+04 3.047600098E+02 5.060900116E+01 1.002700043E+01 1.796399994E+02 1.773999929E-01 3.860900104E-01 1.533300034E-03
 0.000000000E+00 6.516699796E-05 1.600700021E+00 -6.455000000E+04 1.388400000E+04 3.000000000E+02 4.021599960E+01 4.511700153E+00 1.916600037E+02 1.463800073E-01 1.008599997E+00 5.791599979E-04
 2.049999921E-06 6.577999739E-05 1.607599974E+00 -3.845300000E+04 2.033099976E+03 3.000199890E+02 4.224900055E+01 4.497700214E+00 1.377100067E+02 1.502899975E-01 1.008599997E+00 5.784900277E-04
 4.099999842E-06 6.639299681E-05 1.613000035E+00 -8.958700195E+03 -3.025899902E+03 2.999800110E+02 4.549900055E+01 4.863200188E+00 1.299700012E+02 1.585599929E-01 1.007599950E+00 5.782900262E-04
 6.149999990E-06 6.700700033E-05 1.611400008E+00 -9.043700195E+03 -7.464000000E+03 2.999200134E+02 4.792900085E+01 5.764900208E+00 1.643899994E+02 1.673099995E-01 1.006399989E+00 5.788599956E-04
 8.199999684E-06 6.761999975E-05 1.609899998E+00 -5.274399902E+03 -1.188100000E+04 3.000199890E+02 5.059299850E+01 6.763700008E+00 1.350399933E+02 1.768800020E-01 1.005800009E+00 5.794200115E-04
 1.024999983E-05 6.823299918E-05 1.606799960E+00 -1.958099976E+02 -4.099500000E+03 3.001700134E+02 5.369599915E+01 7.677800179E+00 1.218499985E+02 1.879100055E-01 1.004299998E+00 5.805399851E-04
 1.229999998E-05 6.884700269E-05 1.604500055E+00 -8.848700195E+03 7.009500000E+03 3.000100098E+02 5.710800171E+01 8.891699791E+00 1.155699997E+02 2.002799958E-01 1.002400041E+00 5.813799798E-04
 1.435000013E-05 6.946000212E-05 1.602800012E+00 -1.026400000E+04 6.505500000E+03 2.996799927E+02 6.068199921E+01 1.026000023E+01 1.031600037E+02 2.133799940E-01 1.000200033E+00 5.820000079E-04
 1.639999937E-05 7.007300155E-05 1.598199964E+00 -8.235299805E+03 -2.617000000E+03 2.994700012E+02 6.454299927E+01 1.144299984E+01 1.110400009E+02 2.273399979E-01 9.966800213E-01 5.836500204E-04
 1.845000043E-05 7.068699779E-05 1.593400002E+00 3.568300049E+03 3.951500000E+03 2.992699890E+02 6.888200378E+01 1.281900024E+01 1.531799927E+02 2.430900037E-01 9.929800034E-01 5.854300107E-04
 2.049999966E-05 7.129999722E-05 1.589800000E+00 2.355300000E+04 8.531200195E+03 2.989299927E+02 7.335700226E+01 1.435700035E+01 1.700099945E+02 2.594799995E-01 9.896399975E-01 5.867399741E-04
 2.255000072E-05 7.191299665E-05 1.583999991E+00 2.222800000E+04 -3.322800049E+03 2.986900024E+02 7.791600037E+01 1.596100044E+01 1.815800018E+02 2.761999965E-01 9.852499962E-01 5.888899905E-04
 2.459999996E-05 7.252700016E-05 1.577499986E+00 2.088300000E+04 -9.627500000E+03 2.984299927E+02 8.280000305E+01 1.763400078E+01 2.146600037E+02 2.941200137E-01 9.803500175E-01 5.913099740E-04
 2.664999920E-05 7.313999959E-05 1.570700049E+00 2.761300000E+04 1.224900000E+04 2.978099976E+02 8.801100159E+01 1.937999916E+01 1.772799988E+02 3.134199977E-01 9.740800261E-01 5.938900285E-04
 2.870000026E-05 7.375299901E-05 1.562500000E+00 2.300400000E+04 1.750200000E+04 2.971900024E+02 9.338999939E+01 2.114599991E+01 1.673500061E+02 3.333599865E-01 9.669799805E-01 5.970000057E-04
 3.075000132E-05 7.436700253E-05 1.553500056E+00 2.093700000E+04 1.106599976E+03 2.965799866E+02 9.926200104E+01 2.293799973E+01 2.069299927E+02 3.550499976E-01 9.594699740E-01 6.004400202E-04
 3.279999873E-05 7.498000195E-05 1.542600036E+00 2.443600000E+04 1.060000000E+03 2.959299927E+02 1.056800003E+02 2.512700081E+01 2.352799988E+02 3.789800107E-01 9.506300092E-01 6.046899944E-04
 3.484999979E-05 7.559300138E-05 1.528499961E+00 1.500000000E+04 2.051199951E+03 2.951499939E+02 1.125100021E+02 2.762500000E+01 2.471100006E+02 4.047299922E-01 9.394299984E-01 6.102999905E-04
 3.690000085E-05 7.620699762E-05 1.511100054E+00 1.752400000E+04 -5.007600098E+03 2.943599854E+02 1.199499969E+02 3.001799965E+01 2.241799927E+02 4.325399995E-01 9.262800217E-01 6.173300208E-04
 3.894999827E-05 7.681999705E-05 1.491799951E+00 4.647100000E+04 -1.541400024E+03 2.933399963E+02 1.286799927E+02 3.258800125E+01 2.600000000E+02 4.651699960E-01 9.112899899E-01 6.252999883E-04
 4.099999933E-05 7.743299648E-05 1.469900012E+00 5.026900000E+04 1.727000000E+03 2.916799927E+02 1.387799988E+02 3.528099823E+01 3.019800110E+02 5.032299757E-01 8.928099871E-01 6.346500013E-04
 4.305000039E-05 7.804699999E-05 1.441100001E+00 4.862000000E+04 5.138200195E+03 2.898099976E+02 1.502599945E+02 3.816899872E+01 3.278399963E+02 5.465800166E-01 8.697100282E-01 6.473800167E-04
 4.510000144E-05 7.865999942E-05 1.403900027E+00 5.679600000E+04 2.459800000E+04 2.873599854E+02 1.642299957E+02 4.128300095E+01 3.682999878E+02 5.996199846E-01 8.401499987E-01 6.645799731E-04
 4.714999886E-05 7.927299885E-05 1.355900049E+00 5.731300000E+04 4.252600000E+04 2.836799927E+02 1.821900024E+02 4.398199844E+01 3.256000061E+02 6.680300236E-01 8.010900021E-01 6.882600137E-04
 4.919999992E-05 7.988700236E-05 1.281900048E+00 9.867300000E+04 2.440900000E+04 2.781499939E+02 2.076999969E+02 4.457199860E+01 2.094799957E+02 7.649400234E-01 7.427899837E-01 7.286500186E-04
 5.125000098E-05 8.050000179E-05 1.138299942E+00 1.349500000E+05 -4.291000000E+04 2.681900024E+02 2.482200012E+02 3.226499939E+01 -3.027900085E+02 9.202100039E-01 6.370700002E-01 8.255200228E-04
 5.329999840E-05 7.994799671E-05 9.365299940E-01 9.203500000E+04 -8.799000000E+04 2.542100067E+02 2.944400024E+02 -2.230900049E+00 -8.216699829E+02 1.113199949E+00 4.974200130E-01 1.009200001E-03
 5.534999946E-05 7.939599891E-05 7.527899742E-01 2.314300000E+04 -7.769400000E+04 2.403099976E+02 3.264700012E+02 -4.858000183E+01 -6.853300171E+02 1.281900048E+00 3.778699934E-01 1.254400006E-03
 5.740000051E-05 7.884400111E-05 6.302099824E-01 -2.748100000E+04 -4.038000000E+04 2.301300049E+02 3.412699890E+02 -8.751200104E+01 -2.652699890E+02 1.395400047E+00 3.023900092E-01 1.488900045E-03
 5.945000157E-05 7.829200331E-05 5.652300119E-01 -5.772100000E+04 1.493100000E+04 2.245899963E+02 3.463999939E+02 -1.105100021E+02 6.219300079E+01 1.456500053E+00 2.644400001E-01 1.653800020E-03
 6.150000263E-05 7.773999823E-05 5.327200294E-01 -7.824800000E+04 5.893700000E+04 2.216600037E+02 3.489800110E+02 -1.211999969E+02 2.403800049E+02 1.489199996E+00 2.459100038E-01 1.752199954E-03
 6.354999641E-05 7.718800043E-05 5.168200135E-01 -8.899900000E+04 7.673900000E+04 2.201799927E+02 3.512500000E+02 -1.244800034E+02 2.987799988E+02 1.507200003E+00 2.369700074E-01 1.805100008E-03
 6.559999747E-05 7.663600263E-05 5.084699988E-01 -8.237200000E+04 7.787400000E+04 2.192200012E+02 3.537399902E+02 -1.243600006E+02 3.052000122E+02 1.519899964E+00 2.321200073E-01 1.834700000E-03
 6.764999853E-05 7.608399756E-05 5.011500120E-01 -8.360000000E+04 8.127000000E+04 2.181199951E+02 3.570199890E+02 -1.232799988E+02 3.141099854E+02 1.534800053E+00 2.276400030E-01 1.861399971E-03
 6.969999959E-05 7.553199976E-05 4.923099875E-01 -9.356700000E+04 8.476100000E+04 2.167899933E+02 3.613099976E+02 -1.217200012E+02 3.217399902E+02 1.554100037E+00 2.222599983E-01 1.894899993E-03
 7.175000064E-05 7.498000195E-05 4.817900062E-01 -1.002200000E+05 8.333700000E+04 2.151100006E+02 3.658800049E+02 -1.200800018E+02 3.260400085E+02 1.575799942E+00 2.158199996E-01 1.936299959E-03
 7.380000170E-05 7.442799688E-05 4.698199928E-01 -1.045500000E+05 8.533600000E+04 2.132200012E+02 3.706099854E+02 -1.185699997E+02 3.213599854E+02 1.599300027E+00 2.086199969E-01 1.985799987E-03
 7.585000276E-05 7.387599908E-05 4.574399889E-01 -1.085600000E+05 7.941700000E+04 2.112799988E+02 3.755599976E+02 -1.174599991E+02 3.158599854E+02 1.624799967E+00 2.012699991E-01 2.039500047E-03
 7.789999654E-05 7.332400128E-05 4.452399909E-01 -1.122600000E+05 7.451400000E+04 2.092200012E+02 3.802900085E+02 -1.168099976E+02 2.956400146E+02 1.650699973E+00 1.939900070E-01 2.095500007E-03
 7.994999760E-05 7.277200348E-05 4.323999882E-01 -1.100500000E+05 7.403000000E+04 2.071100006E+02 3.850299988E+02 -1.162300034E+02 2.825400085E+02 1.677299976E+00 1.864999980E-01 2.157799900E-03
 8.199999866E-05 7.221999840E-05 4.192700088E-01 -1.116800000E+05 6.378800000E+04 2.051000061E+02 3.895100098E+02 -1.151800003E+02 2.759100037E+02 1.702200055E+00 1.790799946E-01 2.225399949E-03
 8.404999971E-05 7.166800060E-05 4.058800042E-01 -1.142400000E+05 6.165000000E+04 2.029400024E+02 3.942099915E+02 -1.143000031E+02 2.651799927E+02 1.729200006E+00 1.715400070E-01 2.298899926E-03
 8.610000077E-05 7.111600280E-05 3.925499916E-01 -1.161200000E+05 6.665000000E+04 2.008000031E+02 3.990700073E+02 -1.141800003E+02 2.568500061E+02 1.758000016E+00 1.641499996E-01 2.376999939E-03
 8.815000183E-05 7.056399772E-05 3.794699907E-01 -1.283700000E+05 6.425100000E+04 1.987700043E+02 4.035100098E+02 -1.139300003E+02 2.474700012E+02 1.784899950E+00 1.570799947E-01 2.458899980E-03
 9.020000289E-05 7.001199992E-05 3.669399917E-01 -1.424200000E+05 5.882100000E+04 1.966999969E+02 4.077399902E+02 -1.137500000E+02 2.474100037E+02 1.811400056E+00 1.503099948E-01 2.542800037E-03
 9.224999667E-05 6.946000212E-05 3.547700047E-01 -1.479700000E+05 6.090600000E+04 1.946100006E+02 4.121499939E+02 -1.136699982E+02 2.421799927E+02 1.839300036E+00 1.437900066E-01 2.630099887E-03
 9.429999773E-05 6.890799705E-05 3.431099951E-01 -1.474900000E+05 6.364000000E+04 1.926300049E+02 4.161600037E+02 -1.134800034E+02 2.458300018E+02 1.865200043E+00 1.376399994E-01 2.719399985E-03
 9.634999878E-05 6.835599925E-05 3.320899904E-01 -1.496900000E+05 5.791800000E+04 1.907599945E+02 4.200000000E+02 -1.135299988E+02 2.482599945E+02 1.890599966E+00 1.319299936E-01 2.809700090E-03
 9.839999984E-05 6.780400145E-05 3.211199939E-01 -1.598500000E+05 5.533800000E+04 1.888200073E+02 4.241700134E+02 -1.135599976E+02 2.345399933E+02 1.917799950E+00 1.262799948E-01 2.905699890E-03
 1.004500009E-04 6.725199637E-05 3.106499910E-01 -1.666500000E+05 5.489200000E+04 1.869799957E+02 4.276700134E+02 -1.134899979E+02 2.334299927E+02 1.942100048E+00 1.209599972E-01 3.003600053E-03
 1.025000020E-04 6.669999857E-05 3.008199930E-01 -1.649200000E+05 5.412500000E+04 1.852500000E+02 4.307099915E+02 -1.134000015E+02 2.385200043E+02 1.963899970E+00 1.160499975E-01 3.101699986E-03
 1.045500030E-04 6.614800077E-05 2.919900119E-01 -1.715900000E+05 5.514300000E+04 1.835700073E+02 4.333299866E+02 -1.136999969E+02 2.421999969E+02 1.984400034E+00 1.116300002E-01 3.195200115E-03
 1.065999968E-04 6.559600297E-05 2.835600078E-01 -1.779700000E+05 5.703600000E+04 1.818300018E+02 4.362500000E+02 -1.142300034E+02 2.339299927E+02 2.007100105E+00 1.073800027E-01 3.290500026E-03
 1.086499979E-04 6.504399789E-05 2.751199901E-01 -1.791200000E+05 6.376500000E+04 1.800899963E+02 4.394700012E+02 -1.142699966E+02 2.402599945E+02 2.030800104E+00 1.031799987E-01 3.391199978E-03
 1.106999989E-04 6.449200009E-05 2.672100067E-01 -1.848200000E+05 6.332200000E+04 1.785700073E+02 4.423099976E+02 -1.143199997E+02 2.455099945E+02 2.051800013E+00 9.936799854E-02 3.491600044E-03
 1.127500000E-04 6.394000229E-05 2.598499954E-01 -1.873600000E+05 5.521200000E+04 1.770800018E+02 4.450000000E+02 -1.147900009E+02 2.236999969E+02 2.072700024E+00 9.582599998E-02 3.590400098E-03
 1.148000010E-04 6.338799722E-05 2.526299953E-01 -1.854800000E+05 5.235300000E+04 1.754499969E+02 4.477600098E+02 -1.151299973E+02 2.080299988E+02 2.094799995E+00 9.230899811E-02 3.693100065E-03
 1.168500021E-04 6.283599942E-05 2.453500032E-01 -1.830200000E+05 5.124300000E+04 1.738099976E+02 4.505799866E+02 -1.153399963E+02 2.143500061E+02 2.117300034E+00 8.880899847E-02 3.802800085E-03
 1.189000031E-04 6.228400161E-05 2.385600060E-01 -1.777400000E+05 5.172900000E+04 1.723300018E+02 4.532500000E+02 -1.158899994E+02 2.111600037E+02 2.138799906E+00 8.561500162E-02 3.910900094E-03
 1.209499969E-04 6.173199654E-05 2.324099988E-01 -1.762500000E+05 5.182300000E+04 1.710800018E+02 4.556199951E+02 -1.165599976E+02 2.053200073E+02 2.157900095E+00 8.280099928E-02 4.014300182E-03
 1.230000053E-04 6.117999874E-05 2.265599966E-01 -1.817200000E+05 5.490000000E+04 1.697899933E+02 4.576000061E+02 -1.170500031E+02 2.228999939E+02 2.175499916E+00 8.010999858E-02 4.117900040E-03
 1.250500063E-04 6.062800094E-05 2.208099961E-01 -1.897300000E+05 5.494500000E+04 1.685099945E+02 4.596000061E+02 -1.173799973E+02 2.274799957E+02 2.193000078E+00 7.748600096E-02 4.225200042E-03
 1.270999928E-04 6.007599950E-05 2.151000053E-01 -1.981100000E+05 5.285900000E+04 1.673800049E+02 4.618099976E+02 -1.179199982E+02 2.116999969E+02 2.210999966E+00 7.497400045E-02 4.337499849E-03
 1.291499939E-04 5.952400170E-05 2.099100053E-01 -2.067600000E+05 5.609900000E+04 1.663099976E+02 4.636400146E+02 -1.183399963E+02 2.105700073E+02 2.226900101E+00 7.269900292E-02 4.444300197E-03
 1.311999949E-04 5.897200026E-05 2.055699974E-01 -2.204000000E+05 5.969800000E+04 1.656300049E+02 4.647099915E+02 -1.185000000E+02 2.261399994E+02 2.236399889E+00 7.090400159E-02 4.538100213E-03
 1.332499960E-04 5.841999882E-05 2.014299929E-01 -2.387700000E+05 6.501600000E+04 1.651300049E+02 4.654899902E+02 -1.188499985E+02 2.307599945E+02 2.243799925E+00 6.926500052E-02 4.631400108E-03
 1.352999971E-04 5.786800102E-05 1.973299980E-01 -2.605000000E+05 7.670100000E+04 1.646799927E+02 4.660899963E+02 -1.190400009E+02 2.500599976E+02 2.249700069E+00 6.767000258E-02 4.727799911E-03
 1.373499981E-04 5.731599958E-05 1.933600008E-01 -2.870700000E+05 9.071800000E+04 1.643300018E+02 4.665899963E+02 -1.189599991E+02 2.870700073E+02 2.254300117E+00 6.616699696E-02 4.824799951E-03
 1.393999992E-04 5.676400178E-05 1.895000041E-01 -3.131700000E+05 9.543900000E+04 1.639299927E+02 4.672200012E+02 -1.194000015E+02 3.060299988E+02 2.260499954E+00 6.468699872E-02 4.923100118E-03
 1.414500002E-04 5.621200035E-05 1.858499944E-01 -3.414200000E+05 9.827900000E+04 1.637700043E+02 4.676000061E+02 -1.196699982E+02 3.239400024E+02 2.263600111E+00 6.337899715E-02 5.019700155E-03
 1.435000013E-04 5.565999891E-05 1.822499931E-01 -3.685400000E+05 1.083600000E+05 1.636999969E+02 4.680199890E+02 -1.196399994E+02 3.449599915E+02 2.265899897E+00 6.212599948E-02 5.118799862E-03
 1.455500023E-04 5.510800111E-05 1.791300029E-01 -4.066500000E+05 1.179600000E+05 1.640700073E+02 4.676900024E+02 -1.196299973E+02 3.607399902E+02 2.261899948E+00 6.119799986E-02 5.207700189E-03
 1.476000034E-04 5.455599967E-05 1.782000065E-01 -5.066700000E+05 1.500700000E+05 1.673500061E+02 4.623200073E+02 -1.174800034E+02 4.483200073E+02 2.213500023E+00 6.210400164E-02 5.234600045E-03
 1.496500045E-04 5.400399823E-05 1.865999997E-01 -8.287800000E+05 2.679500000E+05 1.825899963E+02 4.357600098E+02 -1.074199982E+02 8.288599854E+02 2.001199961E+00 7.118599862E-02 5.009400193E-03
 1.517000055E-04 5.345200043E-05 2.253500074E-01 -1.171100000E+06 3.979600000E+05 2.180500031E+02 3.633399963E+02 -8.091000366E+01 1.566199951E+03 1.532400012E+00 1.039099991E-01 4.223300144E-03
 1.537500066E-04 5.289999899E-05 3.185999990E-01 -8.968200000E+05 3.091900000E+05 2.574800110E+02 2.608800049E+02 -4.486199951E+01 1.833000000E+03 9.993299842E-01 1.731200069E-01 3.052999964E-03
 1.557999931E-04 5.234800119E-05 4.413099885E-01 -3.165200000E+05 1.040800000E+05 2.803099976E+02 1.818999939E+02 -1.945800018E+01 1.158699951E+03 6.574500203E-01 2.584800124E-01 2.157399897E-03
 1.578499941E-04 5.179599975E-05 5.280100107E-01 -6.306200000E+04 2.218100000E+04 2.891799927E+02 1.444499969E+02 -1.020899963E+01 4.455599976E+02 5.113199949E-01 3.181099892E-01 1.771599986E-03
 1.598999952E-04 5.124399831E-05 5.621600151E-01 -2.372900000E+04 1.037000000E+04 2.925299988E+02 1.291399994E+02 -8.501000404E+00 2.016999969E+02 4.542100132E-01 3.424600065E-01 1.659699949E-03
 1.619499963E-04 5.069200051E-05 5.736100078E-01 -2.084800000E+04 8.226900391E+03 2.939200134E+02 1.204499969E+02 -8.775099754E+00 1.558699951E+02 4.228599966E-01 3.510800004E-01 1.626300043E-03
 1.639999973E-04 5.013999908E-05 5.799300075E-01 -1.294700000E+04 1.173100000E+04 2.947999878E+02 1.135100021E+02 -9.685000420E+00 1.455200043E+02 3.982599974E-01 3.560200036E-01 1.608500024E-03
 1.660499984E-04 4.958800127E-05 5.840799809E-01 -1.283200000E+04 6.647600098E+03 2.956499939E+02 1.075899963E+02 -1.039700031E+01 1.527500000E+02 3.773399889E-01 3.595899940E-01 1.597100054E-03
 1.680999994E-04 4.903599984E-05 5.881400108E-01 -1.307200000E+04 1.737199951E+03 2.964200134E+02 1.024499969E+02 -1.040100002E+01 1.572400055E+02 3.590199947E-01 3.630299866E-01 1.586099970E-03
 1.701500005E-04 4.848399840E-05 5.915399790E-01 -8.361799805E+03 4.096000000E+03 2.969400024E+02 9.795300293E+01 -1.024600029E+01 1.550599976E+02 3.430700004E-01 3.657700121E-01 1.576900017E-03
 1.722000015E-04 4.793200060E-05 5.940099955E-01 -7.785200195E+03 7.574600098E+03 2.972799988E+02 9.400900269E+01 -1.014900017E+01 1.471199951E+02 3.291699886E-01 3.677299917E-01 1.570399967E-03
 1.742500026E-04 4.737999916E-05 5.971699953E-01 -7.264200195E+03 1.423300000E+04 2.976199951E+02 9.028500366E+01 -9.972499847E+00 1.193899994E+02 3.160299957E-01 3.700999916E-01 1.562100020E-03
 1.763000037E-04 4.682800136E-05 5.998600125E-01 -3.392899902E+03 1.103300000E+04 2.978099976E+02 8.679100037E+01 -9.719599724E+00 1.138300018E+02 3.037399948E-01 3.720099926E-01 1.554999966E-03
 1.783500047E-04 4.627599992E-05 6.016100049E-01 -7.281200195E+03 9.900900391E+03 2.981499939E+02 8.375399780E+01 -9.277799606E+00 1.112099991E+02 2.928999960E-01 3.735199869E-01 1.550500048E-03
 1.804000058E-04 4.572399848E-05 6.037999988E-01 -5.072700195E+03 1.389100000E+04 2.983999939E+02 8.080999756E+01 -8.607500076E+00 1.048600006E+02 2.823700011E-01 3.751899898E-01 1.544900006E-03
 1.824500068E-04 4.517200068E-05 6.063399911E-01 6.699000000E+03 5.422600098E+03 2.984100037E+02 7.793000031E+01 -7.739399910E+00 1.107099991E+02 2.720899880E-01 3.767899871E-01 1.538399956E-03
 1.844999933E-04 4.461999924E-05 6.076099873E-01 9.271200195E+03 3.058399902E+03 2.987799988E+02 7.525700378E+01 -7.106500149E+00 1.091299973E+02 2.624700069E-01 3.780499995E-01 1.535200048E-03
 1.865499944E-04 4.406800144E-05 6.082299948E-01 3.971699951E+03 3.060100098E+03 2.991099854E+02 7.271700287E+01 -6.344299793E+00 1.153700027E+02 2.533200085E-01 3.788399994E-01 1.533600036E-03
 1.885999955E-04 4.351600001E-05 6.095600128E-01 4.772000000E+03 -6.045799805E+03 2.993299866E+02 7.029499817E+01 -5.557099819E+00 1.156800003E+02 2.446299940E-01 3.799499869E-01 1.530300011E-03
 1.906499965E-04 4.296399857E-05 6.106100082E-01 -3.218100098E+03 -2.964700012E+02 2.996799927E+02 6.782299805E+01 -4.272999763E+00 1.179899979E+02 2.356400043E-01 3.810499907E-01 1.527699991E-03
 1.926999976E-04 4.241200077E-05 6.116600037E-01 -9.229599609E+03 4.449500000E+03 2.997999878E+02 6.532900238E+01 -2.634299994E+00 1.195899963E+02 2.266499996E-01 3.818500042E-01 1.524999971E-03
 1.947499986E-04 4.185999933E-05 6.122499704E-01 -8.747900391E+03 4.888000000E+03 3.001499939E+02 6.315299988E+01 -1.446900010E+00 1.122399979E+02 2.188500017E-01 3.826799989E-01 1.523599960E-03
 1.967999997E-04 4.130800153E-05 6.125500202E-01 -1.784300000E+04 6.572700195E+03 3.007000122E+02 6.116400146E+01 1.496600062E-01 1.195100021E+02 2.117300034E-01 3.835600019E-01 1.522799954E-03
 1.988500007E-04 4.075600009E-05 6.128299832E-01 -1.763400000E+04 1.148000000E+03 3.009700012E+02 5.925099945E+01 2.412899971E+00 1.388699951E+02 2.052000016E-01 3.840799928E-01 1.522099948E-03
 2.009000018E-04 4.020399865E-05 6.120600104E-01 -1.608100000E+04 7.823500000E+03 3.014500122E+02 5.761600113E+01 5.120500088E+00 1.582400055E+02 2.000399977E-01 3.842200041E-01 1.523999963E-03
 2.029500029E-04 3.965200085E-05 6.104999781E-01 -1.944900000E+04 2.053300000E+04 3.025199890E+02 5.647800064E+01 8.061900139E+00 1.686499939E+02 1.969400048E-01 3.846000135E-01 1.527899993E-03
 2.050000039E-04 3.909999941E-05 6.094200015E-01 -2.072500000E+04 2.702900000E+04 3.032099915E+02 5.611500168E+01 9.491200447E+00 1.705599976E+02 1.961700022E-01 3.847900033E-01 1.530600013E-03
 0.000000000E+00 6.633299927E-05 1.600700021E+00 -4.994700000E+04 1.395500000E+04 3.000000000E+02 4.416199875E+01 4.326499939E+00 1.260899963E+02 1.592299938E-01 1.007699966E+00 5.800600047E-04
 2.049999921E-06 6.692000170E-05 1.606799960E+00 -3.254600000E+04 9.304700195E+03 3.002000122E+02 4.593600082E+01 4.334300041E+00 1.060699997E+02 1.625600010E-01 1.008299947E+00 5.791999865E-04
 4.099999842E-06 6.750699686E-05 1.612200022E+00 -1.132200000E+04 9.234200195E+03 3.002300110E+02 4.888100052E+01 4.644899845E+00 1.178000031E+02 1.700700074E-01 1.007900000E+00 5.785900285E-04
 6.149999990E-06 6.809300248E-05 1.610700011E+00 -1.096800000E+04 -2.560399902E+03 3.001199951E+02 5.120000076E+01 5.395899773E+00 1.479400024E+02 1.783699989E-01 1.006600022E+00 5.791099975E-04
 8.199999684E-06 6.867999764E-05 1.608299971E+00 -4.238200195E+03 -5.178000000E+03 3.001600037E+02 5.402399826E+01 6.208000183E+00 1.439700012E+02 1.883900017E-01 1.005300045E+00 5.799899809E-04
 1.024999983E-05 6.926700007E-05 1.606500030E+00 -4.776600098E+03 -1.288400024E+03 2.999200134E+02 5.733900070E+01 7.139900208E+00 1.590399933E+02 2.002499998E-01 1.003399968E+00 5.806399859E-04
 1.229999998E-05 6.985299842E-05 1.605000019E+00 -1.363000000E+04 -1.756400024E+03 2.996900024E+02 6.062200165E+01 8.321999550E+00 1.459900055E+02 2.121399939E-01 1.001700044E+00 5.811799783E-04
 1.435000013E-05 7.044000085E-05 1.601999998E+00 -5.959399902E+03 6.916000000E+03 2.994599915E+02 6.415499878E+01 9.503399849E+00 9.335399628E+01 2.249400020E-01 9.990400076E-01 5.822600215E-04
 1.639999937E-05 7.102700329E-05 1.597800016E+00 -9.917700195E+03 1.258699951E+03 2.992099915E+02 6.808399963E+01 1.067800045E+01 1.180299988E+02 2.391200066E-01 9.955300093E-01 5.838000216E-04
 1.845000043E-05 7.161300164E-05 1.592900038E+00 -6.219500000E+03 2.048300049E+03 2.991499939E+02 7.224700165E+01 1.196100044E+01 1.691000061E+02 2.541199923E-01 9.922699928E-01 5.856200005E-04
 2.049999966E-05 7.219999679E-05 1.587599993E+00 1.475700000E+04 3.554400024E+02 2.989700012E+02 7.665000153E+01 1.344600010E+01 1.874600067E+02 2.701300085E-01 9.884300232E-01 5.875399802E-04
 2.255000072E-05 7.278699923E-05 1.581699967E+00 3.591899902E+03 -1.072500000E+04 2.985899963E+02 8.125700378E+01 1.502999973E+01 2.371999969E+02 2.870199978E-01 9.834899902E-01 5.897399969E-04
 2.459999996E-05 7.337299758E-05 1.576599956E+00 3.783600098E+03 -1.290200000E+04 2.981900024E+02 8.618199921E+01 1.666300011E+01 2.445800018E+02 3.050900102E-01 9.789699912E-01 5.916599766E-04
 2.664999920E-05 7.396000001E-05 1.568400025E+00 1.534800000E+04 5.475899902E+03 2.978699951E+02 9.133499908E+01 1.850499916E+01 2.089400024E+02 3.240700066E-01 9.728500247E-01 5.947499885E-04
 2.870000026E-05 7.454700244E-05 1.559499979E+00 1.320600000E+04 8.278799805E+03 2.973900146E+02 9.663500214E+01 2.015099907E+01 1.914499969E+02 3.435499966E-01 9.657999873E-01 5.981199793E-04
 3.075000132E-05 7.513300079E-05 1.550799966E+00 2.425800000E+04 -4.958800125E+01 2.967099915E+02 1.024199982E+02 2.177300072E+01 2.104499969E+02 3.648200035E-01 9.581699967E-01 6.015200051E-04
 3.279999873E-05 7.572000322E-05 1.538400054E+00 2.308000000E+04 6.059799805E+03 2.961499939E+02 1.086900024E+02 2.392099953E+01 2.690100098E+02 3.881300092E-01 9.487100244E-01 6.063699839E-04
 3.484999979E-05 7.630699838E-05 1.525599957E+00 1.650400000E+04 -4.969700012E+02 2.952999878E+02 1.153700027E+02 2.636000061E+01 2.611600037E+02 4.133200049E-01 9.381300211E-01 6.114600110E-04
 3.690000085E-05 7.689299673E-05 1.510100007E+00 1.834700000E+04 -1.052300000E+04 2.942799988E+02 1.228600006E+02 2.866200066E+01 2.320299988E+02 4.413700104E-01 9.254400134E-01 6.177100004E-04
 3.894999827E-05 7.747999916E-05 1.490700006E+00 4.336900000E+04 -2.986600098E+03 2.931300049E+02 1.316900024E+02 3.100600052E+01 2.481600037E+02 4.742799997E-01 9.099599719E-01 6.257700152E-04
 4.099999933E-05 7.806700160E-05 1.468199968E+00 7.233800000E+04 6.132100098E+03 2.914400024E+02 1.416399994E+02 3.360599899E+01 2.595499878E+02 5.117899776E-01 8.910499811E-01 6.353799836E-04
 4.305000039E-05 7.865299995E-05 1.439200044E+00 6.646800000E+04 1.632200000E+04 2.896900024E+02 1.528399963E+02 3.627000046E+01 2.863299866E+02 5.539399981E-01 8.682000041E-01 6.482399767E-04
 4.510000144E-05 7.924000238E-05 1.401100039E+00 5.628200000E+04 2.532600000E+04 2.873699951E+02 1.669499969E+02 3.903099823E+01 3.288699951E+02 6.070700288E-01 8.385000229E-01 6.659100181E-04
 4.714999886E-05 7.982699753E-05 1.351799965E+00 6.033400000E+04 3.267300000E+04 2.837699890E+02 1.849499969E+02 4.138999939E+01 3.099800110E+02 6.753900051E-01 7.989100218E-01 6.903599715E-04
 4.919999992E-05 8.041300316E-05 1.279199958E+00 8.644200000E+04 9.864200195E+03 2.785000000E+02 2.092899933E+02 4.117599869E+01 1.867500000E+02 7.675499916E-01 7.421699762E-01 7.300800062E-04
 5.125000098E-05 8.099999832E-05 1.149500012E+00 1.204200000E+05 -5.654000000E+04 2.691799927E+02 2.461300049E+02 3.061499977E+01 -2.833699951E+02 9.094399810E-01 6.454100013E-01 8.160499856E-04
 5.329999840E-05 8.047199663E-05 9.704300165E-01 9.245500000E+04 -9.454000000E+04 2.562200012E+02 2.887200012E+02 1.953500032E+00 -7.673800049E+02 1.086300015E+00 5.191299915E-01 9.705799748E-04
 5.534999946E-05 7.994400221E-05 7.993400097E-01 4.017300000E+04 -9.100400000E+04 2.429700012E+02 3.212799988E+02 -3.881100082E+01 -7.125200195E+02 1.249500036E+00 4.055199921E-01 1.179000014E-03
 5.740000051E-05 7.941600052E-05 6.721199751E-01 -3.749100098E+03 -5.878500000E+04 2.322100067E+02 3.396600037E+02 -7.693000031E+01 -3.762399902E+02 1.373499990E+00 3.255000114E-01 1.396800042E-03
 5.945000157E-05 7.888799882E-05 5.942500234E-01 -5.384300000E+04 -8.333799805E+03 2.255000000E+02 3.483500061E+02 -1.030400009E+02 -6.519699860E+01 1.452499986E+00 2.792100012E-01 1.574099995E-03
 6.150000263E-05 7.835999713E-05 5.504999757E-01 -7.982500000E+04 3.632100000E+04 2.216300049E+02 3.529800110E+02 -1.171800003E+02 1.302299957E+02 1.499500036E+00 2.541100085E-01 1.696399995E-03
 6.354999641E-05 7.783200272E-05 5.267800093E-01 -8.816300000E+04 6.215400000E+04 2.192400055E+02 3.559500122E+02 -1.229599991E+02 2.220500031E+02 1.526399970E+00 2.405100018E-01 1.771399984E-03
 6.559999747E-05 7.730400102E-05 5.137199759E-01 -8.503600000E+04 7.103400000E+04 2.177700043E+02 3.584299927E+02 -1.242799988E+02 2.746000061E+02 1.542899966E+00 2.329600006E-01 1.815999974E-03
 6.764999853E-05 7.677599933E-05 5.039899945E-01 -8.461500000E+04 7.690000000E+04 2.166300049E+02 3.619299927E+02 -1.236100006E+02 3.084599915E+02 1.559499979E+00 2.273599952E-01 1.851000008E-03
 6.969999959E-05 7.624799764E-05 4.935500026E-01 -9.949500000E+04 8.223300000E+04 2.152799988E+02 3.663900146E+02 -1.218000031E+02 3.110899963E+02 1.579300046E+00 2.212599963E-01 1.890299958E-03
 7.175000064E-05 7.572000322E-05 4.824399948E-01 -1.096100000E+05 8.502300000E+04 2.135899963E+02 3.709200134E+02 -1.198499985E+02 3.018299866E+02 1.600800037E+00 2.145899981E-01 1.933700056E-03
 7.380000170E-05 7.519200153E-05 4.711099863E-01 -1.103000000E+05 8.636600000E+04 2.117400055E+02 3.754899902E+02 -1.180199966E+02 3.048699951E+02 1.623399973E+00 2.077299953E-01 1.980300061E-03
 7.585000276E-05 7.466399984E-05 4.590199888E-01 -1.123100000E+05 8.195000000E+04 2.098600006E+02 3.802500000E+02 -1.165699997E+02 2.997799988E+02 1.647699952E+00 2.006099969E-01 2.032499993E-03
 7.789999654E-05 7.413599815E-05 4.465000033E-01 -1.168900000E+05 7.545700000E+04 2.078699951E+02 3.848399963E+02 -1.154499969E+02 2.840199890E+02 1.672500014E+00 1.932899952E-01 2.089600079E-03
 7.994999760E-05 7.360799646E-05 4.333699942E-01 -1.147900000E+05 7.019100000E+04 2.057599945E+02 3.894700012E+02 -1.144000015E+02 2.771000061E+02 1.698400021E+00 1.856999993E-01 2.153000096E-03
 8.199999866E-05 7.308000204E-05 4.199100137E-01 -1.147900000E+05 6.316600000E+04 2.037799988E+02 3.941900024E+02 -1.131600037E+02 2.547599945E+02 1.724200010E+00 1.782000065E-01 2.221999923E-03
 8.404999971E-05 7.255200035E-05 4.069299996E-01 -1.206900000E+05 5.979800000E+04 2.018200073E+02 3.989299927E+02 -1.121100006E+02 2.568099976E+02 1.750599980E+00 1.710299999E-01 2.292799996E-03
 8.610000077E-05 7.202399865E-05 3.943600059E-01 -1.249100000E+05 6.271500000E+04 1.998300018E+02 4.034899902E+02 -1.114100037E+02 2.667300110E+02 1.777199984E+00 1.641100049E-01 2.366000088E-03
 8.815000183E-05 7.149599696E-05 3.813599944E-01 -1.323100000E+05 6.083200000E+04 1.978300018E+02 4.077900085E+02 -1.106999969E+02 2.465299988E+02 1.802999973E+00 1.571200043E-01 2.446699888E-03
 9.020000289E-05 7.096800255E-05 3.683600128E-01 -1.418600000E+05 5.682900000E+04 1.958399963E+02 4.121700134E+02 -1.104700012E+02 2.379700012E+02 1.830000043E+00 1.502400041E-01 2.533100080E-03
 9.224999667E-05 7.044000085E-05 3.559800088E-01 -1.449600000E+05 5.932200000E+04 1.938399963E+02 4.165700073E+02 -1.101900024E+02 2.431900024E+02 1.857399940E+00 1.437100023E-01 2.621100051E-03
 9.429999773E-05 6.991199916E-05 3.447000086E-01 -1.468300000E+05 5.914100000E+04 1.919900055E+02 4.201900024E+02 -1.096699982E+02 2.474799957E+02 1.881000042E+00 1.378200054E-01 2.706700005E-03
 9.634999878E-05 6.938399747E-05 3.333599865E-01 -1.532900000E+05 5.384100000E+04 1.901100006E+02 4.238800049E+02 -1.093600006E+02 2.467700043E+02 1.905500054E+00 1.319900006E-01 2.799100010E-03
 9.839999984E-05 6.885600305E-05 3.220100105E-01 -1.639200000E+05 5.168600000E+04 1.881600037E+02 4.278500061E+02 -1.089800034E+02 2.368000031E+02 1.931699991E+00 1.261799932E-01 2.897599945E-03
 1.004500009E-04 6.832800136E-05 3.117100000E-01 -1.731200000E+05 5.333000000E+04 1.863000031E+02 4.313299866E+02 -1.089199982E+02 2.382700043E+02 1.956099987E+00 1.209399998E-01 2.993300091E-03
 1.025000020E-04 6.779999967E-05 3.022300005E-01 -1.694700000E+05 5.464200000E+04 1.843999939E+02 4.346499939E+02 -1.091500015E+02 2.344900055E+02 1.980700016E+00 1.160600036E-01 3.087100107E-03
 1.045500030E-04 6.727199798E-05 2.937000096E-01 -1.722600000E+05 5.377000000E+04 1.827400055E+02 4.374500122E+02 -1.093000031E+02 2.175800018E+02 2.001800060E+00 1.117699966E-01 3.176599974E-03
 1.065999968E-04 6.674400356E-05 2.851600051E-01 -1.769000000E+05 5.193300000E+04 1.810299988E+02 4.403699951E+02 -1.095400009E+02 2.135099945E+02 2.024199963E+00 1.075000018E-01 3.272000002E-03
 1.086499979E-04 6.621600187E-05 2.764999866E-01 -1.749400000E+05 5.399600000E+04 1.793200073E+02 4.435700073E+02 -1.095500031E+02 2.239799957E+02 2.047800064E+00 1.032499969E-01 3.374400083E-03
 1.106999989E-04 6.568800018E-05 2.684699893E-01 -1.787300000E+05 5.519100000E+04 1.778699951E+02 4.463999939E+02 -1.095100021E+02 2.221600037E+02 2.068399906E+00 9.944199771E-02 3.475300036E-03
 1.127500000E-04 6.515999848E-05 2.608599961E-01 -1.775300000E+05 5.082700000E+04 1.763000031E+02 4.489200134E+02 -1.098300018E+02 2.047299957E+02 2.088900089E+00 9.577500075E-02 3.576700110E-03
 1.148000010E-04 6.463199679E-05 2.536399961E-01 -1.787100000E+05 5.091400000E+04 1.747500000E+02 4.515000000E+02 -1.100400009E+02 1.985099945E+02 2.109800100E+00 9.230399877E-02 3.678400069E-03
 1.168500021E-04 6.410400238E-05 2.468899935E-01 -1.820900000E+05 5.154400000E+04 1.733699951E+02 4.540700073E+02 -1.101800003E+02 2.063500061E+02 2.129699945E+00 8.913499862E-02 3.778900020E-03
 1.189000031E-04 6.357600068E-05 2.402600050E-01 -1.776800000E+05 4.956200000E+04 1.719199982E+02 4.565199890E+02 -1.107200012E+02 1.996600037E+02 2.150199890E+00 8.601800352E-02 3.883199999E-03
 1.209499969E-04 6.304799899E-05 2.337500006E-01 -1.791700000E+05 5.082600000E+04 1.705500031E+02 4.589200134E+02 -1.111900024E+02 1.976600037E+02 2.170000076E+00 8.302199841E-02 3.991299774E-03
 1.230000053E-04 6.251999730E-05 2.275899947E-01 -1.845300000E+05 5.259300000E+04 1.693099976E+02 4.611300049E+02 -1.113300018E+02 2.160200043E+02 2.187999964E+00 8.024699986E-02 4.099300131E-03
 1.250500063E-04 6.199200288E-05 2.219599932E-01 -1.891300000E+05 5.178400000E+04 1.680800018E+02 4.629899902E+02 -1.116699982E+02 2.188800049E+02 2.204699993E+00 7.768999785E-02 4.203299992E-03
 1.270999928E-04 6.146400119E-05 2.165900022E-01 -1.962800000E+05 5.262300000E+04 1.669199982E+02 4.647600098E+02 -1.122399979E+02 2.119900055E+02 2.220999956E+00 7.528799772E-02 4.307500087E-03
 1.291499939E-04 6.093599950E-05 2.113800049E-01 -2.044100000E+05 5.418200000E+04 1.658800049E+02 4.666700134E+02 -1.129100037E+02 2.022700043E+02 2.237299919E+00 7.301899791E-02 4.413600080E-03
 1.311999949E-04 6.040800145E-05 2.069399953E-01 -2.146900000E+05 5.668400000E+04 1.651100006E+02 4.679100037E+02 -1.134300003E+02 2.099199982E+02 2.248699903E+00 7.115300000E-02 4.507900216E-03
 1.332499960E-04 5.987999975E-05 2.027900070E-01 -2.362100000E+05 6.286300000E+04 1.643999939E+02 4.687600098E+02 -1.135400009E+02 2.231199951E+02 2.257600069E+00 6.942600012E-02 4.600500222E-03
 1.352999971E-04 5.935200170E-05 1.985999942E-01 -2.668000000E+05 7.411400000E+04 1.639199982E+02 4.695599976E+02 -1.134000015E+02 2.453899994E+02 2.264300108E+00 6.779299676E-02 4.697300028E-03
 1.373499981E-04 5.882400001E-05 1.946000010E-01 -2.937100000E+05 8.610100000E+04 1.637400055E+02 4.700799866E+02 -1.132600021E+02 2.809899902E+02 2.267800093E+00 6.635499746E-02 4.793900065E-03
 1.393999992E-04 5.829599831E-05 1.905799955E-01 -3.157000000E+05 9.039100000E+04 1.633899994E+02 4.708699951E+02 -1.136500015E+02 2.920799866E+02 2.274300098E+00 6.484600157E-02 4.894999787E-03
 1.414500002E-04 5.776800026E-05 1.868200004E-01 -3.409200000E+05 9.482600000E+04 1.630899963E+02 4.715400085E+02 -1.140199966E+02 3.030199890E+02 2.279799938E+00 6.344699860E-02 4.993599840E-03
 1.435000013E-04 5.723999857E-05 1.833499968E-01 -3.667500000E+05 1.023700000E+05 1.630299988E+02 4.716700134E+02 -1.141699982E+02 3.244700012E+02 2.280999899E+00 6.224700063E-02 5.088000093E-03
 1.455500023E-04 5.671200051E-05 1.802899987E-01 -3.957900000E+05 1.081700000E+05 1.631999969E+02 4.712600098E+02 -1.141100006E+02 3.378599854E+02 2.277899981E+00 6.127100065E-02 5.174300168E-03
 1.476000034E-04 5.618399882E-05 1.784300059E-01 -4.663100000E+05 1.282700000E+05 1.650200043E+02 4.682900085E+02 -1.126699982E+02 3.870100098E+02 2.250400066E+00 6.131299958E-02 5.227900110E-03
 1.496500045E-04 5.565600077E-05 1.828300059E-01 -7.152100000E+05 2.176400000E+05 1.756399994E+02 4.504299927E+02 -1.060400009E+02 6.516799927E+02 2.099900007E+00 6.697499752E-02 5.106099881E-03
 1.517000055E-04 5.512799908E-05 2.104199976E-01 -1.128500000E+06 3.738300000E+05 2.061300049E+02 3.918699951E+02 -8.476300049E+01 1.346199951E+03 1.694300056E+00 9.142199904E-02 4.489600193E-03
 1.537500066E-04 5.460000102E-05 2.880400121E-01 -1.053500000E+06 3.536200000E+05 2.473200073E+02 2.926499939E+02 -4.974599838E+01 1.848400024E+03 1.146000028E+00 1.507399976E-01 3.368499922E-03
 1.557999931E-04 5.407199933E-05 4.098599851E-01 -4.655300000E+05 1.483400000E+05 2.756199951E+02 2.025399933E+02 -2.001199913E+01 1.386300049E+03 7.387199998E-01 2.365200073E-01 2.343100030E-03
 1.578499941E-04 5.354400128E-05 5.123299956E-01 -1.032500000E+05 3.321500000E+04 2.875199890E+02 1.548399963E+02 -7.256100178E+00 6.008699951E+02 5.490300059E-01 3.070099950E-01 1.830399968E-03
 1.598999952E-04 5.301599958E-05 5.590500236E-01 -2.965300000E+04 1.360600000E+04 2.918800049E+02 1.357299957E+02 -4.787499905E+00 2.451999969E+02 4.771899879E-01 3.398300111E-01 1.669200021E-03
 1.619499963E-04 5.248800153E-05 5.741800070E-01 -2.799100000E+04 1.199200000E+04 2.935700073E+02 1.264100037E+02 -5.286200047E+00 1.583699951E+02 4.432199895E-01 3.510099947E-01 1.624700031E-03
 1.639999973E-04 5.195999984E-05 5.804200172E-01 -2.184600000E+04 1.421300000E+04 2.944700012E+02 1.194700012E+02 -6.504899979E+00 1.337200012E+02 4.184899926E-01 3.559199870E-01 1.607100014E-03
 1.660499984E-04 5.143200178E-05 5.849000216E-01 -1.069600000E+04 1.010100000E+04 2.952900085E+02 1.133300018E+02 -7.465199947E+00 1.455000000E+02 3.967199922E-01 3.596599996E-01 1.594800036E-03
 1.680999994E-04 5.090400009E-05 5.888299942E-01 -1.366600000E+04 7.231799805E+03 2.959500122E+02 1.079300003E+02 -7.982800007E+00 1.495399933E+02 3.775900006E-01 3.628799915E-01 1.584199956E-03
 1.701500005E-04 5.037599840E-05 5.918099880E-01 -9.618500000E+03 4.248000000E+03 2.963800049E+02 1.032900009E+02 -8.115799904E+00 1.442799988E+02 3.612000048E-01 3.652600050E-01 1.576200011E-03
 1.722000015E-04 4.984800034E-05 5.945000052E-01 -3.618399902E+03 3.553100098E+03 2.966499939E+02 9.914600372E+01 -8.227999687E+00 1.424199982E+02 3.466899991E-01 3.672400117E-01 1.568999956E-03
 1.742500026E-04 4.931999865E-05 5.978000164E-01 -5.319100098E+03 1.290100000E+04 2.969100037E+02 9.520300293E+01 -8.260199547E+00 1.258000031E+02 3.328599930E-01 3.696100116E-01 1.560400007E-03
 1.763000037E-04 4.879200060E-05 5.999699831E-01 -9.404599609E+03 1.693100000E+04 2.975100098E+02 9.172299957E+01 -8.193799973E+00 1.110100021E+02 3.204300106E-01 3.716999888E-01 1.554799965E-03
 1.783500047E-04 4.826399891E-05 6.013399959E-01 -1.496300000E+04 1.816000000E+04 2.980100098E+02 8.871299744E+01 -8.040399551E+00 1.076600037E+02 3.096800148E-01 3.731800020E-01 1.551200054E-03
 1.804000058E-04 4.773600085E-05 6.039199829E-01 -8.355599609E+03 1.622700000E+04 2.981300049E+02 8.577999878E+01 -7.407899857E+00 1.192099991E+02 2.992700040E-01 3.749299943E-01 1.544600003E-03
 1.824500068E-04 4.720799916E-05 6.063299775E-01 7.225600098E+03 5.541200195E+03 2.982600098E+02 8.300700378E+01 -6.541800022E+00 1.319199982E+02 2.893599868E-01 3.765900135E-01 1.538399956E-03
 1.844999933E-04 4.668000111E-05 6.075500250E-01 7.557399902E+03 7.395700073E+02 2.986499939E+02 8.032800293E+01 -5.914899826E+00 1.194599991E+02 2.797400057E-01 3.778400123E-01 1.535400050E-03
 1.865499944E-04 4.615199941E-05 6.080600023E-01 4.182100098E+03 4.169299805E+03 2.990100098E+02 7.778099823E+01 -5.249400139E+00 1.215899963E+02 2.705900073E-01 3.786000013E-01 1.534100040E-03
 1.885999955E-04 4.562400136E-05 6.091700196E-01 3.358300049E+03 3.207100098E+03 2.992300110E+02 7.536299896E+01 -4.502600193E+00 1.212699966E+02 2.619400024E-01 3.795799911E-01 1.531300019E-03
 1.906499965E-04 4.509599967E-05 6.103299856E-01 6.102700195E+02 4.610100098E+03 2.993399963E+02 7.300800323E+01 -3.228199959E+00 1.175400009E+02 2.535200119E-01 3.804399967E-01 1.528399996E-03
 1.926999976E-04 4.456800161E-05 6.108800173E-01 2.554899902E+03 7.798500000E+03 2.995199890E+02 7.086799622E+01 -1.790599942E+00 1.222399979E+02 2.458399981E-01 3.810200095E-01 1.526999986E-03
 1.947499986E-04 4.403999992E-05 6.114799976E-01 -1.163500000E+03 1.069600000E+04 2.998800049E+02 6.878500366E+01 -7.149099708E-01 1.135000000E+02 2.384099960E-01 3.818500042E-01 1.525499974E-03
 1.967999997E-04 4.351199823E-05 6.122900248E-01 -1.022200000E+04 8.409799805E+03 3.001799927E+02 6.669899750E+01 7.577099800E-01 1.228700027E+02 2.310799956E-01 3.827399909E-01 1.523499959E-03
 1.988500007E-04 4.298400017E-05 6.125400066E-01 -1.370800000E+04 3.999599915E+02 3.002999878E+02 6.479000092E+01 2.912199974E+00 1.361199951E+02 2.246599942E-01 3.830499947E-01 1.522799954E-03
 2.009000018E-04 4.245599848E-05 6.122999787E-01 -1.389300000E+04 3.884699951E+03 3.006499939E+02 6.315000153E+01 5.316299915E+00 1.569299927E+02 2.194200009E-01 3.833299875E-01 1.523399958E-03
 2.029500029E-04 4.192800043E-05 6.118199825E-01 -1.200800000E+04 1.014100000E+04 3.013299866E+02 6.185499954E+01 7.796800137E+00 1.698500061E+02 2.156299949E-01 3.838999867E-01 1.524599968E-03
 2.050000039E-04 4.139999874E-05 6.112999916E-01 -9.037099609E+03 1.279700000E+04 3.016900024E+02 6.130699921E+01 9.092100143E+00 1.638200073E+02 2.141699940E-01 3.840399981E-01 1.525899977E-03
 0.000000000E+00 6.749999739E-05 1.600700021E+00 -3.737700000E+04 1.884800000E+04 3.000000000E+02 4.704999924E+01 3.804800034E+00 7.784999847E+01 1.681900024E-01 1.006600022E+00 5.807100097E-04
 2.049999921E-06 6.805999874E-05 1.605800033E+00 -2.772100000E+04 1.446200000E+04 3.003699951E+02 4.890000153E+01 3.895800114E+00 9.262999725E+01 1.721799970E-01 1.007699966E+00 5.798800266E-04
 4.099999842E-06 6.862000009E-05 1.610999942E+00 -1.813800000E+04 1.279600000E+04 3.004200134E+02 5.190100098E+01 4.295800209E+00 1.208099976E+02 1.803299934E-01 1.007799983E+00 5.790200084E-04
 6.149999990E-06 6.918000145E-05 1.609200001E+00 -1.481400000E+04 9.043200195E+03 3.002099915E+02 5.445999908E+01 4.896200180E+00 1.279000015E+02 1.894000024E-01 1.006000042E+00 5.796600017E-04
 8.199999684E-06 6.974000280E-05 1.606299996E+00 -3.727899902E+03 1.485500000E+04 3.001499939E+02 5.754100037E+01 5.499199867E+00 1.470500031E+02 2.002400011E-01 1.003999949E+00 5.807200214E-04
 1.024999983E-05 7.029999688E-05 1.605399966E+00 7.948599854E+02 1.275300000E+04 2.998099976E+02 6.080500031E+01 6.531000137E+00 1.885899963E+02 2.119800001E-01 1.002300024E+00 5.810500006E-04
 1.229999998E-05 7.085999823E-05 1.603500009E+00 5.938700195E+03 6.603299805E+03 2.996799927E+02 6.415499878E+01 7.710999966E+00 1.635200043E+02 2.240200043E-01 1.000699997E+00 5.817200290E-04
 1.435000013E-05 7.141999959E-05 1.599499941E+00 7.639100098E+03 1.527300000E+04 2.994700012E+02 6.785500336E+01 8.695699692E+00 1.471199951E+02 2.372599989E-01 9.974499941E-01 5.832000170E-04
 1.639999937E-05 7.198000094E-05 1.595999956E+00 7.764299805E+03 1.270000000E+03 2.991700134E+02 7.187000275E+01 9.922699928E+00 1.638800049E+02 2.517499924E-01 9.942700267E-01 5.844699917E-04
 1.845000043E-05 7.254000229E-05 1.592700005E+00 1.315900000E+04 -5.520299805E+03 2.991499939E+02 7.592500305E+01 1.124300003E+01 1.555599976E+02 2.663300037E-01 9.921600223E-01 5.856800126E-04
 2.049999966E-05 7.309999637E-05 1.588000059E+00 1.648500000E+04 -5.645700195E+03 2.990400085E+02 8.005000305E+01 1.254500008E+01 1.833600006E+02 2.812199891E-01 9.888700247E-01 5.874100025E-04
 2.255000072E-05 7.365999772E-05 1.582000017E+00 5.691899902E+03 -9.754400391E+03 2.985499878E+02 8.466300201E+01 1.403499985E+01 2.374299927E+02 2.980999947E-01 9.835000038E-01 5.896500079E-04
 2.459999996E-05 7.421999908E-05 1.575500011E+00 -2.687800049E+03 -8.744500000E+03 2.981099854E+02 8.955200195E+01 1.571199989E+01 2.496699982E+02 3.160400093E-01 9.780200124E-01 5.920900148E-04
 2.664999920E-05 7.478000043E-05 1.566900015E+00 -2.379300049E+03 -6.925200195E+03 2.978500061E+02 9.448500061E+01 1.756200027E+01 2.557100067E+02 3.342100084E-01 9.718700051E-01 5.953100044E-04
 2.870000026E-05 7.534000179E-05 1.558699965E+00 2.404499969E+02 1.917199951E+03 2.974599915E+02 9.981500244E+01 1.907399940E+01 2.065800018E+02 3.536199927E-01 9.654700160E-01 5.984699819E-04
 3.075000132E-05 7.590000314E-05 1.548099995E+00 7.786700195E+03 7.646299805E+03 2.970100098E+02 1.057399979E+02 2.066500092E+01 1.910500031E+02 3.752200007E-01 9.574800134E-01 6.025600014E-04
 3.279999873E-05 7.645999722E-05 1.534100056E+00 2.416199951E+03 1.196500000E+04 2.963500061E+02 1.120500031E+02 2.283099937E+01 2.322400055E+02 3.986800015E-01 9.467200041E-01 6.080499734E-04
 3.484999979E-05 7.701999857E-05 1.522600055E+00 1.217700000E+04 4.341500000E+03 2.953500061E+02 1.186500015E+02 2.517399979E+01 2.381000061E+02 4.235799909E-01 9.364600182E-01 6.126299850E-04
 3.690000085E-05 7.757999992E-05 1.508399963E+00 1.468700000E+04 -7.541000000E+03 2.943200073E+02 1.261600037E+02 2.737400055E+01 2.509499969E+02 4.516299963E-01 9.245200157E-01 6.184100057E-04
 3.894999827E-05 7.814000128E-05 1.489099979E+00 2.938300000E+04 4.410600098E+03 2.930100098E+02 1.348300018E+02 2.948900032E+01 2.303500061E+02 4.839400053E-01 9.085999727E-01 6.264600088E-04
 4.099999933E-05 7.870000263E-05 1.466699958E+00 5.346400000E+04 8.740000000E+03 2.912000122E+02 1.445099945E+02 3.192700005E+01 2.416799927E+02 5.205399990E-01 8.894199729E-01 6.360299885E-04
 4.305000039E-05 7.925999671E-05 1.437899947E+00 3.595100000E+04 4.198500000E+03 2.893699951E+02 1.556699982E+02 3.446400070E+01 2.572200012E+02 5.625500083E-01 8.665000200E-01 6.487999926E-04
 4.510000144E-05 7.981999806E-05 1.398800015E+00 2.929500000E+04 9.442799805E+03 2.871300049E+02 1.696600037E+02 3.680500031E+01 2.901000061E+02 6.149700284E-01 8.363999724E-01 6.670500152E-04
 4.714999886E-05 8.037999942E-05 1.348700047E+00 4.900700000E+04 6.868299805E+03 2.836700134E+02 1.872200012E+02 3.871500015E+01 2.946400146E+02 6.813899875E-01 7.968400121E-01 6.918999716E-04
 4.919999992E-05 8.094000077E-05 1.277999997E+00 7.922100000E+04 -6.496500000E+03 2.786099854E+02 2.105700073E+02 3.807799911E+01 1.687500000E+02 7.697899938E-01 7.417500019E-01 7.307099877E-04
 5.125000098E-05 8.150000212E-05 1.159399986E+00 1.152600000E+05 -3.486800000E+04 2.699599915E+02 2.443899994E+02 2.883300018E+01 -2.438500061E+02 9.004799724E-01 6.526700258E-01 8.079999825E-04
 5.329999840E-05 8.099599654E-05 9.988899827E-01 1.035400000E+05 -7.281500000E+04 2.579299927E+02 2.837099915E+02 4.647999763E+00 -7.062100220E+02 1.063300014E+00 5.376799703E-01 9.408799815E-04
 5.534999946E-05 8.049199823E-05 8.393700123E-01 5.827000000E+04 -8.661000000E+04 2.454600067E+02 3.162099915E+02 -3.103800011E+01 -7.174600220E+02 1.220100045E+00 4.300299883E-01 1.120700035E-03
 5.740000051E-05 7.998799992E-05 7.110599875E-01 3.875500000E+03 -6.942300000E+04 2.347200012E+02 3.371600037E+02 -6.693000031E+01 -4.658500061E+02 1.348500013E+00 3.481200039E-01 1.320300042E-03
 5.945000157E-05 7.948400162E-05 6.239600182E-01 -5.097200000E+04 -3.206600000E+04 2.271199951E+02 3.488200073E+02 -9.445600128E+01 -1.938500061E+02 1.440000057E+00 2.953400016E-01 1.500100014E-03
 6.150000263E-05 7.898000331E-05 5.707899928E-01 -7.302700000E+04 1.492000000E+04 2.221999969E+02 3.553399963E+02 -1.113600006E+02 1.973299980E+01 1.499600053E+00 2.642000020E-01 1.636800007E-03
 6.354999641E-05 7.847599773E-05 5.393099785E-01 -7.923800000E+04 4.213100000E+04 2.189700012E+02 3.594400024E+02 -1.197399979E+02 1.393300018E+02 1.536599994E+00 2.459499985E-01 1.730600023E-03
 6.559999747E-05 7.797199942E-05 5.205600262E-01 -8.719900000E+04 5.999100000E+04 2.169499969E+02 3.625599976E+02 -1.229800034E+02 2.373000031E+02 1.559999943E+00 2.351800054E-01 1.792300027E-03
 6.764999853E-05 7.746800111E-05 5.066699982E-01 -9.443900000E+04 6.949900000E+04 2.154499969E+02 3.663599854E+02 -1.232399979E+02 2.984200134E+02 1.580399990E+00 2.273299992E-01 1.841400051E-03
 6.969999959E-05 7.696400280E-05 4.944899976E-01 -1.032100000E+05 7.373600000E+04 2.138000031E+02 3.707699890E+02 -1.215999985E+02 3.019299927E+02 1.601600051E+00 2.201599926E-01 1.886600046E-03
 7.175000064E-05 7.645999722E-05 4.837700129E-01 -1.089600000E+05 7.968200000E+04 2.121199951E+02 3.751300049E+02 -1.194000015E+02 2.875899963E+02 1.622200012E+00 2.136999965E-01 1.928400015E-03
 7.380000170E-05 7.595599891E-05 4.727500081E-01 -1.055800000E+05 7.825100000E+04 2.103999939E+02 3.795100098E+02 -1.171800003E+02 2.962000122E+02 1.643399954E+00 2.071399987E-01 1.973500010E-03
 7.585000276E-05 7.545200060E-05 4.603500068E-01 -1.062700000E+05 7.604900000E+04 2.085599976E+02 3.842099915E+02 -1.153799973E+02 2.964700012E+02 1.667099953E+00 1.999499947E-01 2.026699949E-03
 7.789999654E-05 7.494800229E-05 4.474500120E-01 -1.182900000E+05 7.106700000E+04 2.067299957E+02 3.889100037E+02 -1.137799988E+02 2.813200073E+02 1.691400051E+00 1.926400065E-01 2.085099928E-03
 7.994999760E-05 7.444399671E-05 4.341300130E-01 -1.239100000E+05 6.626600000E+04 2.047500000E+02 3.935199890E+02 -1.122799988E+02 2.771700134E+02 1.716400027E+00 1.851200014E-01 2.149200067E-03
 8.199999866E-05 7.393999840E-05 4.203599989E-01 -1.199100000E+05 6.145700000E+04 2.026600037E+02 3.984899902E+02 -1.109300003E+02 2.560799866E+02 1.743899941E+00 1.774100065E-01 2.219599904E-03
 8.404999971E-05 7.343600009E-05 4.072499871E-01 -1.250100000E+05 6.042600000E+04 2.006999969E+02 4.031900024E+02 -1.097799988E+02 2.456199951E+02 1.770300031E+00 1.702200025E-01 2.290999983E-03
 8.610000077E-05 7.293200179E-05 3.950000107E-01 -1.337200000E+05 6.223500000E+04 1.988500061E+02 4.073999939E+02 -1.086999969E+02 2.614299927E+02 1.794600010E+00 1.635800004E-01 2.362000057E-03
 8.815000183E-05 7.242800348E-05 3.827399909E-01 -1.359900000E+05 5.600200000E+04 1.968800049E+02 4.117699890E+02 -1.074199982E+02 2.472700043E+02 1.820199966E+00 1.569299996E-01 2.437799936E-03
 9.020000289E-05 7.192399789E-05 3.697899878E-01 -1.394300000E+05 5.162000000E+04 1.948899994E+02 4.162900085E+02 -1.067799988E+02 2.357599945E+02 1.847599983E+00 1.500899941E-01 2.523300005E-03
 9.224999667E-05 7.141999959E-05 3.570800126E-01 -1.450800000E+05 5.699800000E+04 1.929900055E+02 4.205299988E+02 -1.064400024E+02 2.494799957E+02 1.873999953E+00 1.435199976E-01 2.613099990E-03
 9.429999773E-05 7.091600128E-05 3.457100093E-01 -1.494200000E+05 5.573800000E+04 1.911499939E+02 4.241400146E+02 -1.056999969E+02 2.412299957E+02 1.897500038E+00 1.376200020E-01 2.698800061E-03
 9.634999878E-05 7.041200297E-05 3.346099854E-01 -1.530700000E+05 5.081800000E+04 1.891100006E+02 4.278299866E+02 -1.048799973E+02 2.318200073E+02 1.922500014E+00 1.317799985E-01 2.788600046E-03
 9.839999984E-05 6.990799739E-05 3.237200081E-01 -1.622400000E+05 4.927800000E+04 1.871199951E+02 4.314599915E+02 -1.045100021E+02 2.317400055E+02 1.947700024E+00 1.261499971E-01 2.882200060E-03
 1.004500009E-04 6.940399908E-05 3.136399984E-01 -1.694800000E+05 5.010000000E+04 1.852700043E+02 4.348999939E+02 -1.044899979E+02 2.360399933E+02 1.972200036E+00 1.210099980E-01 2.974899951E-03
 1.025000020E-04 6.890000077E-05 3.040400147E-01 -1.665200000E+05 5.217300000E+04 1.833600006E+02 4.382900085E+02 -1.046600037E+02 2.300099945E+02 1.997200012E+00 1.160999984E-01 3.068699967E-03
 1.045500030E-04 6.839600246E-05 2.948200107E-01 -1.720600000E+05 4.820100000E+04 1.817299957E+02 4.413599854E+02 -1.047399979E+02 2.006000061E+02 2.019500017E+00 1.115700006E-01 3.164799884E-03
 1.065999968E-04 6.789199688E-05 2.860099971E-01 -1.751900000E+05 4.604500000E+04 1.801600037E+02 4.442999878E+02 -1.046500015E+02 1.907400055E+02 2.040899992E+00 1.073099971E-01 3.262199927E-03
 1.086499979E-04 6.738799857E-05 2.776699960E-01 -1.748300000E+05 5.051100000E+04 1.785200043E+02 4.472000122E+02 -1.046500015E+02 2.000399933E+02 2.062999964E+00 1.032299995E-01 3.360100091E-03
 1.106999989E-04 6.688400026E-05 2.697499990E-01 -1.803900000E+05 5.367600000E+04 1.769700012E+02 4.500700073E+02 -1.045400009E+02 2.009199982E+02 2.084500074E+00 9.941799939E-02 3.458600026E-03
 1.127500000E-04 6.638000195E-05 2.621099949E-01 -1.808500000E+05 5.049500000E+04 1.754499969E+02 4.526799927E+02 -1.045500031E+02 1.903300018E+02 2.105099916E+00 9.576900303E-02 3.559600096E-03
 1.148000010E-04 6.587599637E-05 2.546899915E-01 -1.796100000E+05 4.932800000E+04 1.740700073E+02 4.551400146E+02 -1.048199997E+02 1.845299988E+02 2.124599934E+00 9.232400358E-02 3.663199954E-03
 1.168500021E-04 6.537199806E-05 2.478599995E-01 -1.787000000E+05 4.992800000E+04 1.728600006E+02 4.574100037E+02 -1.049700012E+02 1.890599976E+02 2.142299891E+00 8.922000229E-02 3.764200024E-03
 1.189000031E-04 6.486799975E-05 2.413199991E-01 -1.800800000E+05 4.785300000E+04 1.715099945E+02 4.597099915E+02 -1.051999969E+02 1.790399933E+02 2.161200047E+00 8.619099855E-02 3.866200102E-03
 1.209499969E-04 6.436400145E-05 2.349999994E-01 -1.890800000E+05 5.052500000E+04 1.701499939E+02 4.620199890E+02 -1.052900009E+02 1.875500031E+02 2.180200100E+00 8.326800168E-02 3.969999962E-03
 1.230000053E-04 6.386000314E-05 2.288600057E-01 -1.948700000E+05 5.277800000E+04 1.689100037E+02 4.641499939E+02 -1.055400009E+02 2.110599976E+02 2.198100090E+00 8.050099760E-02 4.076700192E-03
 1.250500063E-04 6.335599755E-05 2.229799926E-01 -1.944000000E+05 5.231200000E+04 1.676100006E+02 4.661799927E+02 -1.062799988E+02 2.110099945E+02 2.216500044E+00 7.783100009E-02 4.184000194E-03
 1.270999928E-04 6.285199925E-05 2.177399993E-01 -1.968800000E+05 5.173500000E+04 1.664400024E+02 4.678200073E+02 -1.067200012E+02 2.070700073E+02 2.232199907E+00 7.546799630E-02 4.284599796E-03
 1.291499939E-04 6.234800094E-05 2.127700001E-01 -2.060700000E+05 5.209100000E+04 1.655299988E+02 4.692500000E+02 -1.072200012E+02 1.991600037E+02 2.245300055E+00 7.334099710E-02 4.384799860E-03
 1.311999949E-04 6.184400263E-05 2.078900039E-01 -2.195700000E+05 5.590800000E+04 1.646699982E+02 4.707200012E+02 -1.077300034E+02 1.992500000E+02 2.258399963E+00 7.129099965E-02 4.487500060E-03
 1.332499960E-04 6.133999705E-05 2.033700049E-01 -2.437300000E+05 6.384900000E+04 1.639600067E+02 4.718699951E+02 -1.078499985E+02 2.150599976E+02 2.268699884E+00 6.943400204E-02 4.587399773E-03
 1.352999971E-04 6.083599874E-05 1.992799938E-01 -2.743600000E+05 7.443200000E+04 1.636300049E+02 4.725299988E+02 -1.077099991E+02 2.434700012E+02 2.273900032E+00 6.790000200E-02 4.681299906E-03
 1.373499981E-04 6.033200043E-05 1.954900026E-01 -2.970700000E+05 8.128000000E+04 1.633999939E+02 4.730700073E+02 -1.076200027E+02 2.736000061E+02 2.277800083E+00 6.651999801E-02 4.772000015E-03
 1.393999992E-04 5.982799848E-05 1.916099936E-01 -3.196500000E+05 8.596700000E+04 1.631300049E+02 4.738500061E+02 -1.078300018E+02 2.836400146E+02 2.283499956E+00 6.509099901E-02 4.868799821E-03
 1.414500002E-04 5.932400018E-05 1.878599972E-01 -3.475700000E+05 9.142100000E+04 1.628800049E+02 4.745599976E+02 -1.081100006E+02 2.903200073E+02 2.288800001E+00 6.371899694E-02 4.966000095E-03
 1.435000013E-04 5.881999823E-05 1.844699979E-01 -3.720200000E+05 9.481700000E+04 1.626999969E+02 4.747699890E+02 -1.084700012E+02 3.015400085E+02 2.291399956E+00 6.249799952E-02 5.057100207E-03
 1.455500023E-04 5.831599992E-05 1.812299937E-01 -3.949800000E+05 1.002800000E+05 1.626600037E+02 4.747699890E+02 -1.085699997E+02 3.148200073E+02 2.291800022E+00 6.138499826E-02 5.147399846E-03
 1.476000034E-04 5.781200161E-05 1.788000017E-01 -4.415900000E+05 1.144700000E+05 1.635599976E+02 4.732200012E+02 -1.078300018E+02 3.503900146E+02 2.277699947E+00 6.089600176E-02 5.216999911E-03
 1.496500045E-04 5.730799967E-05 1.809400022E-01 -6.251700000E+05 1.785800000E+05 1.708099976E+02 4.610799866E+02 -1.036600037E+02 5.336099854E+02 2.172499895E+00 6.440199912E-02 5.156800151E-03
 1.517000055E-04 5.680400136E-05 1.997299939E-01 -1.045600000E+06 3.331800000E+05 1.954199982E+02 4.162099915E+02 -8.746299744E+01 1.121800049E+03 1.840399981E+00 8.193899691E-02 4.702500068E-03
 1.537500066E-04 5.629999941E-05 2.611599863E-01 -1.167700000E+06 3.786200000E+05 2.358600006E+02 3.255700073E+02 -5.540999985E+01 1.777599976E+03 1.307600021E+00 1.305299997E-01 3.691599937E-03
 1.557999931E-04 5.579600111E-05 3.763900101E-01 -6.528000000E+05 2.061800000E+05 2.695899963E+02 2.270399933E+02 -2.245899963E+01 1.579400024E+03 8.390700221E-01 2.131099999E-01 2.572600031E-03
 1.578499941E-04 5.529199916E-05 4.927200079E-01 -1.692000000E+05 5.513000000E+04 2.853399963E+02 1.670399933E+02 -5.309999943E+00 7.749299927E+02 5.944499969E-01 2.931999862E-01 1.911900006E-03
 1.598999952E-04 5.478800085E-05 5.543900132E-01 -4.282500000E+04 1.525000000E+04 2.910199890E+02 1.426799927E+02 -1.335299969E+00 2.879200134E+02 5.020800233E-01 3.360100091E-01 1.683900016E-03
 1.619499963E-04 5.428399891E-05 5.741699934E-01 -3.591000000E+04 1.226500000E+04 2.931600037E+02 1.321799927E+02 -1.805699944E+00 1.548099976E+02 4.634200037E-01 3.505200148E-01 1.624700031E-03
 1.639999973E-04 5.378000060E-05 5.813199878E-01 -2.864300000E+04 1.268500000E+04 2.940499878E+02 1.252500000E+02 -3.335799932E+00 1.402299957E+02 4.385499954E-01 3.559600115E-01 1.604599995E-03
 1.660499984E-04 5.327599865E-05 5.863299966E-01 -1.665200000E+04 8.599400391E+03 2.947799988E+02 1.193399963E+02 -4.600100040E+00 1.530099945E+02 4.175100029E-01 3.599199951E-01 1.591000007E-03
 1.680999994E-04 5.277200034E-05 5.901200175E-01 -1.891900000E+04 1.294200000E+04 2.954299927E+02 1.140000000E+02 -5.567699909E+00 1.354400024E+02 3.985500038E-01 3.630400002E-01 1.580700045E-03
 1.701500005E-04 5.226799840E-05 5.929600000E-01 -2.288800000E+04 1.161000000E+04 2.958599854E+02 1.092600021E+02 -6.013500214E+00 1.233600006E+02 3.818199933E-01 3.653199971E-01 1.573099988E-03
 1.722000015E-04 5.176400009E-05 5.957599878E-01 -1.273400000E+04 7.742200195E+03 2.961900024E+02 1.048899994E+02 -6.285299778E+00 1.298800049E+02 3.664500117E-01 3.674499989E-01 1.565700048E-03
 1.742500026E-04 5.126000178E-05 5.985699892E-01 -6.307299805E+03 1.031900000E+04 2.965799866E+02 1.009100037E+02 -6.662799835E+00 1.312799988E+02 3.524200022E-01 3.696799874E-01 1.558399992E-03
 1.763000037E-04 5.075599984E-05 6.005799770E-01 -9.515000000E+03 1.101000000E+04 2.972399902E+02 9.749500275E+01 -6.796800137E+00 1.204400024E+02 3.402200043E-01 3.717400134E-01 1.553199952E-03
 1.783500047E-04 5.025200153E-05 6.019300222E-01 -8.011899902E+03 1.640000000E+04 2.977300110E+02 9.423699951E+01 -6.751200199E+00 1.269800034E+02 3.286300004E-01 3.731899858E-01 1.549700042E-03
 1.804000058E-04 4.974799958E-05 6.040999889E-01 1.486099976E+03 1.661900000E+04 2.978500061E+02 9.101599884E+01 -6.178699970E+00 1.466300049E+02 3.172500134E-01 3.746899962E-01 1.544100000E-03
 1.824500068E-04 4.924400127E-05 6.057599783E-01 7.287600098E+03 1.075500000E+04 2.980199890E+02 8.827899933E+01 -5.460800171E+00 1.493500061E+02 3.075000048E-01 3.759399951E-01 1.539899968E-03
 1.844999933E-04 4.873999933E-05 6.069700122E-01 1.874599976E+03 6.565000000E+03 2.984700012E+02 8.583499908E+01 -4.918499947E+00 1.418500061E+02 2.986699939E-01 3.772400022E-01 1.536799944E-03
 1.865499944E-04 4.823600102E-05 6.075999737E-01 2.613800049E+03 6.094200195E+03 2.990100098E+02 8.339900208E+01 -4.253900051E+00 1.450000000E+02 2.898299992E-01 3.783299923E-01 1.535200048E-03
 1.885999955E-04 4.773199908E-05 6.086400151E-01 8.464500122E+02 7.033799805E+03 2.991900024E+02 8.094200134E+01 -3.567300081E+00 1.370700073E+02 2.811200023E-01 3.792000115E-01 1.532600028E-03
 1.906499965E-04 4.722800077E-05 6.097099781E-01 1.869900024E+03 4.657500000E+03 2.991400146E+02 7.874800110E+01 -2.526900053E+00 1.242600021E+02 2.734000087E-01 3.797999918E-01 1.529900008E-03
 1.926999976E-04 4.672399882E-05 6.103100181E-01 6.642200195E+03 8.544000000E+03 2.993599854E+02 7.688300323E+01 -1.325399995E+00 1.287599945E+02 2.667300105E-01 3.804599941E-01 1.528399996E-03
 1.947499986E-04 4.622000051E-05 6.113299727E-01 1.396099976E+03 1.271600000E+04 2.996300049E+02 7.495400238E+01 -1.229899973E-01 1.330200043E+02 2.598899901E-01 3.814300001E-01 1.525899977E-03
 1.967999997E-04 4.571599857E-05 6.117399931E-01 -3.970899902E+03 1.085000000E+04 2.999200134E+02 7.297699738E+01 1.288300037E+00 1.412899933E+02 2.529500127E-01 3.820700049E-01 1.524799969E-03
 1.988500007E-04 4.521200026E-05 6.115900278E-01 -9.460700195E+03 1.108900000E+04 3.000700073E+02 7.121199799E+01 3.233500004E+00 1.414100037E+02 2.470099926E-01 3.821499944E-01 1.525199972E-03
 2.009000018E-04 4.470799831E-05 6.126000285E-01 -6.601799805E+03 8.459400391E+03 3.000100098E+02 6.943599701E+01 5.448900223E+00 1.651699982E+02 2.413700074E-01 3.827100098E-01 1.522699953E-03
 2.029500029E-04 4.420400001E-05 6.130999923E-01 -5.028600098E+03 1.083200000E+04 3.000899963E+02 6.799600220E+01 7.542699814E+00 1.673600006E+02 2.370799929E-01 3.831300139E-01 1.521499944E-03
 2.050000039E-04 4.370000170E-05 6.124600172E-01 -9.668200195E+03 1.777600000E+04 3.002099915E+02 6.750599670E+01 8.647800446E+00 1.442599945E+02 2.357600033E-01 3.828800023E-01 1.522999955E-03
 0.000000000E+00 6.866700278E-05 1.600700021E+00 -4.193000000E+04 7.016899902E+03 3.000000000E+02 4.963399887E+01 2.935899973E+00 7.877100372E+01 1.762699932E-01 1.005699992E+00 5.811700248E-04
 2.049999921E-06 6.920000305E-05 1.604699969E+00 -3.784800000E+04 6.602200195E+03 3.003699951E+02 5.168000031E+01 3.177200079E+00 1.003399963E+02 1.812999994E-01 1.006600022E+00 5.804999964E-04
 4.099999842E-06 6.973300333E-05 1.608999968E+00 -2.770500000E+04 4.431799805E+03 3.005400085E+02 5.501399994E+01 3.706899881E+00 1.484600067E+02 1.908999979E-01 1.006999969E+00 5.797399790E-04
 6.149999990E-06 7.026700041E-05 1.607699990E+00 -7.001799805E+03 3.585000000E+03 3.003099976E+02 5.794200134E+01 4.285200119E+00 1.376699982E+02 2.012100071E-01 1.005399942E+00 5.802100059E-04
 8.199999684E-06 7.080000069E-05 1.605200052E+00 2.724199951E+03 1.419900000E+04 3.001000061E+02 6.113499832E+01 4.862999916E+00 1.549199982E+02 2.124699950E-01 1.003200054E+00 5.811000010E-04
 1.024999983E-05 7.133300096E-05 1.603299975E+00 2.763399902E+03 1.764000000E+04 2.998999939E+02 6.441300201E+01 5.835199833E+00 2.103099976E+02 2.241500020E-01 1.001299977E+00 5.817899946E-04
 1.229999998E-05 7.186699804E-05 1.601899981E+00 1.310300000E+04 1.890300000E+04 2.997600098E+02 6.795800018E+01 7.021800041E+00 1.528399963E+02 2.368299961E-01 9.998999834E-01 5.823199754E-04
 1.435000013E-05 7.239999832E-05 1.598700047E+00 6.306000000E+03 1.495300000E+04 2.995599976E+02 7.178700256E+01 7.966300011E+00 1.514700012E+02 2.504599988E-01 9.972299933E-01 5.834900076E-04
 1.639999937E-05 7.293299859E-05 1.594400048E+00 1.203300000E+04 -1.336599976E+03 2.992600098E+02 7.574700165E+01 9.154199600E+00 1.941000061E+02 2.647100091E-01 9.936100245E-01 5.850400194E-04
 1.845000043E-05 7.346700295E-05 1.590600014E+00 2.582100000E+04 1.369699951E+03 2.992000122E+02 7.972000122E+01 1.050199986E+01 2.091000061E+02 2.789900005E-01 9.910399914E-01 5.864300183E-04
 2.049999966E-05 7.400000322E-05 1.585700035E+00 1.547000000E+04 -9.664000000E+03 2.991600037E+02 8.379599762E+01 1.175300026E+01 2.366999969E+02 2.936100066E-01 9.878399968E-01 5.882700207E-04
 2.255000072E-05 7.453300350E-05 1.579499960E+00 3.774300049E+03 -1.361400000E+04 2.987600098E+02 8.827500153E+01 1.314000034E+01 2.371199951E+02 3.098900020E-01 9.826800227E-01 5.905600265E-04
 2.459999996E-05 7.506700058E-05 1.572700024E+00 -6.208500000E+03 -8.319700195E+03 2.983299866E+02 9.297499847E+01 1.478999996E+01 2.242500000E+02 3.271299899E-01 9.770299792E-01 5.931199994E-04
 2.664999920E-05 7.560000086E-05 1.565999985E+00 -4.060500000E+03 -1.360000000E+04 2.977699890E+02 9.784200287E+01 1.659399986E+01 2.309900055E+02 3.451600075E-01 9.710000157E-01 5.956799723E-04
 2.870000026E-05 7.613300113E-05 1.557700038E+00 2.503199951E+03 5.648700195E+03 2.972600098E+02 1.032799988E+02 1.801600075E+01 2.139799957E+02 3.649500012E-01 9.642099738E-01 5.988500197E-04
 3.075000132E-05 7.666699821E-05 1.544700027E+00 5.477700195E+02 1.617600000E+04 2.970899963E+02 1.092200012E+02 1.963599968E+01 1.850399933E+02 3.863900006E-01 9.556599855E-01 6.038799766E-04
 3.279999873E-05 7.719999849E-05 1.531100035E+00 -4.506000061E+02 1.220000000E+04 2.965100098E+02 1.154899979E+02 2.177799988E+01 2.035599976E+02 4.096300006E-01 9.453999996E-01 6.092400290E-04
 3.484999979E-05 7.773299876E-05 1.520400047E+00 1.164300000E+04 1.850800049E+03 2.953299866E+02 1.221999969E+02 2.408699989E+01 2.494499969E+02 4.349800050E-01 9.350100160E-01 6.135500153E-04
 3.690000085E-05 7.826700312E-05 1.505499959E+00 1.617500000E+04 -5.441600098E+03 2.942799988E+02 1.296799927E+02 2.611100006E+01 2.749899902E+02 4.628300071E-01 9.225800037E-01 6.196299801E-04
 3.894999827E-05 7.880000339E-05 1.485399961E+00 2.381700000E+04 1.029400000E+04 2.930100098E+02 1.380899963E+02 2.798100090E+01 2.458500061E+02 4.940400124E-01 9.063599706E-01 6.279899972E-04
 4.099999933E-05 7.933299639E-05 1.464200020E+00 4.022900000E+04 1.343300000E+04 2.911199951E+02 1.472799988E+02 3.028100014E+01 2.840700073E+02 5.289199948E-01 8.876799941E-01 6.370900082E-04
 4.305000039E-05 7.986700075E-05 1.436499953E+00 2.109900000E+04 -1.081599976E+03 2.891300049E+02 1.582899933E+02 3.260599899E+01 2.910700073E+02 5.704600215E-01 8.648899794E-01 6.494700210E-04
 4.510000144E-05 8.040000102E-05 1.397500038E+00 1.482800000E+04 4.413200195E+03 2.867500000E+02 1.721300049E+02 3.462300110E+01 2.692000122E+02 6.223499775E-01 8.345699906E-01 6.676199846E-04
 4.714999886E-05 8.093300130E-05 1.348099947E+00 4.156700000E+04 2.607800049E+03 2.833900146E+02 1.893500061E+02 3.617499924E+01 2.566799927E+02 6.873999834E-01 7.956500053E-01 6.922199973E-04
 4.919999992E-05 8.146699838E-05 1.278800011E+00 7.537300000E+04 -1.250300000E+04 2.785599976E+02 2.120200043E+02 3.524900055E+01 1.348200073E+02 7.732399702E-01 7.420200109E-01 7.302300073E-04
 5.125000098E-05 8.199999866E-05 1.168900013E+00 1.055700000E+05 -2.407700000E+04 2.707200012E+02 2.430800018E+02 2.698399925E+01 -2.087599945E+02 8.933299780E-01 6.596699953E-01 8.007300203E-04
 5.329999840E-05 8.151999646E-05 1.023399949E+00 1.003400000E+05 -5.139100000E+04 2.597600098E+02 2.793599854E+02 6.311900139E+00 -6.043499756E+02 1.042899966E+00 5.545600057E-01 9.168899851E-04
 5.534999946E-05 8.104000153E-05 8.739200234E-01 6.250100000E+04 -7.573200000E+04 2.479799957E+02 3.114899902E+02 -2.484199905E+01 -6.736799927E+02 1.193400025E+00 4.521900117E-01 1.075100037E-03
 5.740000051E-05 8.055999933E-05 7.473000288E-01 1.179800000E+04 -7.915800000E+04 2.375399933E+02 3.341000061E+02 -5.787699890E+01 -5.033699951E+02 1.322199941E+00 3.702400029E-01 1.255700015E-03
 5.945000157E-05 8.007999713E-05 6.553400159E-01 -4.036100000E+04 -5.081200000E+04 2.293500061E+02 3.477900085E+02 -8.543699646E+01 -2.638699951E+02 1.420300007E+00 3.133000135E-01 1.428800053E-03
 6.150000263E-05 7.960000221E-05 5.935500264E-01 -6.816100000E+04 -5.043799805E+03 2.233300018E+02 3.563200073E+02 -1.042900009E+02 -5.400899887E+01 1.491400003E+00 2.761900127E-01 1.574900001E-03
 6.354999641E-05 7.912000001E-05 5.538700223E-01 -7.275200000E+04 2.504900000E+04 2.193099976E+02 3.621600037E+02 -1.152500000E+02 8.018499756E+01 1.540300012E+00 2.529999912E-01 1.685800031E-03
 6.559999747E-05 7.863999781E-05 5.290799737E-01 -8.425500000E+04 4.816100000E+04 2.166300049E+02 3.662000122E+02 -1.204700012E+02 1.790599976E+02 1.572000027E+00 2.387000024E-01 1.763800043E-03
 6.764999853E-05 7.816000289E-05 5.110899806E-01 -9.587300000E+04 5.932000000E+04 2.145200043E+02 3.703399963E+02 -1.218600006E+02 2.359400024E+02 1.597599983E+00 2.283200026E-01 1.825700048E-03
 6.969999959E-05 7.768000069E-05 4.964700043E-01 -9.990600000E+04 6.868900000E+04 2.125500031E+02 3.749200134E+02 -1.209300003E+02 2.627399902E+02 1.621700048E+00 2.197600007E-01 1.879199990E-03
 7.175000064E-05 7.719999849E-05 4.845100045E-01 -1.018000000E+05 7.504500000E+04 2.108500061E+02 3.793200073E+02 -1.187799988E+02 2.891000061E+02 1.642899990E+00 2.127400041E-01 1.925499993E-03
 7.380000170E-05 7.672000356E-05 4.729300141E-01 -1.019100000E+05 7.256100000E+04 2.092100067E+02 3.835199890E+02 -1.162799988E+02 2.989599915E+02 1.662899971E+00 2.060399950E-01 1.972700004E-03
 7.585000276E-05 7.624000136E-05 4.606800079E-01 -1.042000000E+05 7.234300000E+04 2.074100037E+02 3.879100037E+02 -1.139899979E+02 2.820199890E+02 1.684900045E+00 1.989800036E-01 2.025200054E-03
 7.789999654E-05 7.575999916E-05 4.477599859E-01 -1.199800000E+05 6.748300000E+04 2.056000061E+02 3.926799927E+02 -1.120599976E+02 2.681300049E+02 1.709200025E+00 1.917199939E-01 2.083699917E-03
 7.994999760E-05 7.527999696E-05 4.346199930E-01 -1.323600000E+05 6.417800000E+04 2.037200012E+02 3.975100098E+02 -1.101699982E+02 2.713399963E+02 1.734500051E+00 1.843899935E-01 2.146800049E-03
 8.199999866E-05 7.480000204E-05 4.211499989E-01 -1.334100000E+05 5.894500000E+04 2.016499939E+02 4.024299927E+02 -1.084199982E+02 2.633599854E+02 1.761500001E+00 1.768600047E-01 2.215499990E-03
 8.404999971E-05 7.431999984E-05 4.078499973E-01 -1.338300000E+05 5.689100000E+04 1.995800018E+02 4.067699890E+02 -1.070100021E+02 2.505899963E+02 1.786800027E+00 1.695200056E-01 2.287700074E-03
 8.610000077E-05 7.383999764E-05 3.950400054E-01 -1.348300000E+05 5.868000000E+04 1.977899933E+02 4.108099976E+02 -1.056399994E+02 2.566499939E+02 1.810099959E+00 1.627199948E-01 2.361899940E-03
 8.815000183E-05 7.336000272E-05 3.824000061E-01 -1.370000000E+05 5.448400000E+04 1.959100037E+02 4.154200134E+02 -1.041999969E+02 2.400599976E+02 1.836500049E+00 1.560200006E-01 2.439999953E-03
 9.020000289E-05 7.288000052E-05 3.700000048E-01 -1.419200000E+05 5.110100000E+04 1.938899994E+02 4.198699951E+02 -1.028799973E+02 2.290000000E+02 1.863299966E+00 1.493999958E-01 2.521800110E-03
 9.224999667E-05 7.239999832E-05 3.576300144E-01 -1.502900000E+05 5.387800000E+04 1.919400024E+02 4.239200134E+02 -1.022399979E+02 2.322899933E+02 1.889099956E+00 1.429599971E-01 2.609000076E-03
 9.429999773E-05 7.192000339E-05 3.458800018E-01 -1.530500000E+05 5.212700000E+04 1.900099945E+02 4.277600098E+02 -1.015999985E+02 2.221300049E+02 1.914199948E+00 1.368699968E-01 2.697600052E-03
 9.634999878E-05 7.144000119E-05 3.349500000E-01 -1.498700000E+05 5.010500000E+04 1.880599976E+02 4.315599976E+02 -1.005899963E+02 2.149700012E+02 1.939299941E+00 1.311800033E-01 2.785600023E-03
 9.839999984E-05 7.095999899E-05 3.245599866E-01 -1.542600000E+05 5.036800000E+04 1.861699982E+02 4.350299988E+02 -1.001699982E+02 2.098099976E+02 1.963600039E+00 1.258299947E-01 2.874800004E-03
 1.004500009E-04 7.047999679E-05 3.145999908E-01 -1.611700000E+05 5.041200000E+04 1.844400024E+02 4.382399902E+02 -9.993399811E+01 2.141999969E+02 1.986299992E+00 1.208399981E-01 2.965799998E-03
 1.025000020E-04 7.000000187E-05 3.048200011E-01 -1.611700000E+05 4.678800000E+04 1.826999969E+02 4.416199951E+02 -9.962699890E+01 2.097799988E+02 2.010200024E+00 1.159799993E-01 3.060899908E-03
 1.045500030E-04 6.951999967E-05 2.954500020E-01 -1.658000000E+05 4.080400000E+04 1.810099945E+02 4.447500000E+02 -9.966799927E+01 1.880700073E+02 2.033200026E+00 1.113699973E-01 3.157899948E-03
 1.065999968E-04 6.903999747E-05 2.866599858E-01 -1.707700000E+05 4.382600000E+04 1.794299927E+02 4.476000061E+02 -9.972899628E+01 1.822400055E+02 2.054600000E+00 1.071199998E-01 3.254699986E-03
 1.086499979E-04 6.856000255E-05 2.782999873E-01 -1.703600000E+05 4.954000000E+04 1.778800049E+02 4.504299927E+02 -9.958699799E+01 1.859799957E+02 2.075799942E+00 1.030900031E-01 3.352500033E-03
 1.106999989E-04 6.808000035E-05 2.704299986E-01 -1.735700000E+05 5.241700000E+04 1.763800049E+02 4.532600098E+02 -9.930999756E+01 1.898600006E+02 2.096899986E+00 9.932799637E-02 3.450100077E-03
 1.127500000E-04 6.759999815E-05 2.629899979E-01 -1.814000000E+05 5.300000000E+04 1.749299927E+02 4.558999939E+02 -9.920700073E+01 1.839400024E+02 2.117199898E+00 9.580399841E-02 3.547600005E-03
 1.148000010E-04 6.712000322E-05 2.557800114E-01 -1.836600000E+05 4.755300000E+04 1.735299988E+02 4.584800110E+02 -9.953900146E+01 1.676000061E+02 2.137500048E+00 9.243199974E-02 3.647600068E-03
 1.168500021E-04 6.664000102E-05 2.489700019E-01 -1.798800000E+05 4.453600000E+04 1.721399994E+02 4.608399963E+02 -9.963899994E+01 1.718699951E+02 2.156699896E+00 8.924999833E-02 3.747300012E-03
 1.189000031E-04 6.615999882E-05 2.425000072E-01 -1.799800000E+05 4.405100000E+04 1.708500061E+02 4.630100098E+02 -9.962400055E+01 1.724299927E+02 2.174599886E+00 8.628000319E-02 3.847300075E-03
 1.209499969E-04 6.567999662E-05 2.362599969E-01 -1.927100000E+05 4.781600000E+04 1.696999969E+02 4.651499939E+02 -9.957199860E+01 1.853000031E+02 2.191499949E+00 8.349200338E-02 3.948899917E-03
 1.230000053E-04 6.520000170E-05 2.302699983E-01 -2.027800000E+05 5.408100000E+04 1.685299988E+02 4.671300049E+02 -9.976200104E+01 2.070700073E+02 2.208300114E+00 8.081500232E-02 4.051600117E-03
 1.250500063E-04 6.471999950E-05 2.244199961E-01 -2.011700000E+05 5.344700000E+04 1.672200012E+02 4.691000061E+02 -1.004199982E+02 2.024499969E+02 2.226500034E+00 7.814999670E-02 4.157199990E-03
 1.270999928E-04 6.423999730E-05 2.190600038E-01 -2.059800000E+05 5.110400000E+04 1.660899963E+02 4.707000122E+02 -1.010000000E+02 1.985099945E+02 2.241899967E+00 7.576499879E-02 4.258899949E-03
 1.291499939E-04 6.376000238E-05 2.141200006E-01 -2.154700000E+05 5.249800000E+04 1.651100006E+02 4.720199890E+02 -1.014800034E+02 1.933399963E+02 2.255000114E+00 7.362200320E-02 4.356999882E-03
 1.311999949E-04 6.328000018E-05 2.090000063E-01 -2.237600000E+05 5.813500000E+04 1.640599976E+02 4.736900024E+02 -1.017300034E+02 1.920200043E+02 2.270100117E+00 7.140400261E-02 4.463999998E-03
 1.332499960E-04 6.279999798E-05 2.040300071E-01 -2.411600000E+05 6.475300000E+04 1.634199982E+02 4.751300049E+02 -1.019800034E+02 2.029299927E+02 2.281399965E+00 6.943099946E-02 4.572500009E-03
 1.352999971E-04 6.232000305E-05 1.999399960E-01 -2.728000000E+05 7.248100000E+04 1.632200012E+02 4.754700012E+02 -1.020199966E+02 2.342400055E+02 2.284399986E+00 6.795600057E-02 4.665699787E-03
 1.373499981E-04 6.184000085E-05 1.962299943E-01 -3.006600000E+05 7.805500000E+04 1.629499969E+02 4.758900146E+02 -1.020000000E+02 2.639599915E+02 2.288199902E+00 6.658600271E-02 4.754200112E-03
 1.393999992E-04 6.135999865E-05 1.925500035E-01 -3.236600000E+05 8.101000000E+04 1.627400055E+02 4.765799866E+02 -1.021699982E+02 2.736600037E+02 2.292999983E+00 6.525299698E-02 4.844900221E-03
 1.414500002E-04 6.088000009E-05 1.890099943E-01 -3.495200000E+05 8.660600000E+04 1.626300049E+02 4.768500061E+02 -1.022300034E+02 2.825899963E+02 2.295099974E+00 6.401299685E-02 4.935599864E-03
 1.435000013E-04 6.040000153E-05 1.854300052E-01 -3.681600000E+05 8.954500000E+04 1.623200073E+02 4.772500000E+02 -1.023199997E+02 2.884200134E+02 2.299200058E+00 6.267900020E-02 5.030899774E-03
 1.455500023E-04 5.991999933E-05 1.820099950E-01 -3.944500000E+05 9.443300000E+04 1.621900024E+02 4.775000000E+02 -1.026600037E+02 2.995599976E+02 2.301599979E+00 6.146999821E-02 5.125599913E-03
 1.476000034E-04 5.944000077E-05 1.794099957E-01 -4.352000000E+05 1.051000000E+05 1.628000031E+02 4.764400024E+02 -1.027399979E+02 3.267500000E+02 2.292500019E+00 6.082199886E-02 5.199399777E-03
 1.496500045E-04 5.895999857E-05 1.798799932E-01 -5.625200000E+05 1.497700000E+05 1.674400024E+02 4.685199890E+02 -1.002099991E+02 4.557300110E+02 2.223200083E+00 6.273700297E-02 5.186100025E-03
 1.517000055E-04 5.848000001E-05 1.916600019E-01 -9.337000000E+05 2.833700000E+05 1.859199982E+02 4.361099854E+02 -8.863999939E+01 9.035300293E+02 1.968700051E+00 7.455600053E-02 4.883499816E-03
 1.537500066E-04 5.800000145E-05 2.380000055E-01 -1.211900000E+06 3.835000000E+05 2.234700012E+02 3.571600037E+02 -6.097800064E+01 1.603900024E+03 1.473999977E+00 1.126300022E-01 4.018499982E-03
 1.557999931E-04 5.751999925E-05 3.420400023E-01 -8.287600000E+05 2.612600000E+05 2.616400146E+02 2.540000000E+02 -2.631200027E+01 1.692400024E+03 9.556000233E-01 1.886299998E-01 2.847299911E-03
 1.578499941E-04 5.704000068E-05 4.677399993E-01 -2.602700000E+05 8.185800000E+04 2.823699951E+02 1.809400024E+02 -4.427999973E+00 9.567700195E+02 6.477400064E-01 2.757799923E-01 2.027699957E-03
 1.598999952E-04 5.655999848E-05 5.462200046E-01 -6.313200000E+04 2.301000000E+04 2.901400146E+02 1.495500031E+02 1.864400029E+00 3.376900024E+02 5.270900130E-01 3.301100135E-01 1.710499986E-03
 1.619499963E-04 5.607999992E-05 5.735300183E-01 -3.475700000E+04 1.015900000E+04 2.929200134E+02 1.373500061E+02 1.636999965E+00 1.506999969E+02 4.817300141E-01 3.498499990E-01 1.626600046E-03
 1.639999973E-04 5.560000136E-05 5.824199915E-01 -2.778500000E+04 8.213900391E+03 2.938699951E+02 1.304299927E+02 -2.559700012E-01 1.265299988E+02 4.566699862E-01 3.564099967E-01 1.601599972E-03
 1.660499984E-04 5.511999916E-05 5.874500275E-01 -1.961700000E+04 6.245100098E+03 2.944299927E+02 1.247900009E+02 -1.895699978E+00 1.330899963E+02 4.365400076E-01 3.601700068E-01 1.587899984E-03
 1.680999994E-04 5.464000060E-05 5.913400054E-01 -1.982000000E+04 1.260900000E+04 2.951400146E+02 1.195599976E+02 -2.989099979E+00 1.259199982E+02 4.178299904E-01 3.634299934E-01 1.577500021E-03
 1.701500005E-04 5.415999840E-05 5.942000151E-01 -2.226300000E+04 1.221600000E+04 2.955199890E+02 1.148799973E+02 -3.729000092E+00 1.205500031E+02 4.013000131E-01 3.656699955E-01 1.569799962E-03
 1.722000015E-04 5.367999984E-05 5.967100263E-01 -1.125800000E+04 7.051299805E+03 2.958500061E+02 1.107600021E+02 -4.390699863E+00 1.224899979E+02 3.867799938E-01 3.676100075E-01 1.563300029E-03
 1.742500026E-04 5.320000128E-05 5.991299748E-01 -8.063200195E+03 1.180600000E+04 2.964100037E+02 1.069300003E+02 -5.079800129E+00 1.264800034E+02 3.731899858E-01 3.698099852E-01 1.556899981E-03
 1.763000037E-04 5.271999908E-05 6.009299755E-01 -1.120200000E+04 8.569500000E+03 2.968299866E+02 1.034700012E+02 -5.273300171E+00 1.275899963E+02 3.609000146E-01 3.714500070E-01 1.552299946E-03
 1.783500047E-04 5.224000051E-05 6.021199822E-01 -8.409000000E+03 9.846000000E+03 2.971499939E+02 1.002900009E+02 -5.287300110E+00 1.309499969E+02 3.496699929E-01 3.725799918E-01 1.549200038E-03
 1.804000058E-04 5.175999831E-05 6.038100123E-01 -2.303600006E+02 1.201600000E+04 2.975299988E+02 9.720899963E+01 -4.956600189E+00 1.419400024E+02 3.386699855E-01 3.740999997E-01 1.544800005E-03
 1.824500068E-04 5.127999975E-05 6.050500274E-01 3.858199951E+03 6.444000000E+03 2.979700012E+02 9.433000183E+01 -4.390999794E+00 1.496600037E+02 3.283199966E-01 3.754299879E-01 1.541699981E-03
 1.844999933E-04 5.080000119E-05 6.061800122E-01 1.436400024E+03 3.511100098E+03 2.984400024E+02 9.162999725E+01 -4.067500114E+00 1.481100006E+02 3.186399937E-01 3.767200112E-01 1.538799959E-03
 1.865499944E-04 5.031999899E-05 6.069300175E-01 -6.815300293E+02 2.820000000E+03 2.988999939E+02 8.931199646E+01 -3.353899956E+00 1.411799927E+02 3.102599978E-01 3.777700067E-01 1.536899945E-03
 1.885999955E-04 4.984000043E-05 6.085600257E-01 -5.109200134E+02 6.664799805E+02 2.989599915E+02 8.689299774E+01 -2.640700102E+00 1.293899994E+02 3.017500043E-01 3.788500130E-01 1.532800030E-03
 1.906499965E-04 4.935999823E-05 6.099299788E-01 2.581800049E+03 2.976500000E+03 2.987799988E+02 8.455500031E+01 -1.937100053E+00 1.226399994E+02 2.936699986E-01 3.794800043E-01 1.529400004E-03
 1.926999976E-04 4.887999967E-05 6.104800105E-01 1.650800049E+03 7.399000000E+03 2.988599854E+02 8.274700165E+01 -9.866999984E-01 1.395200043E+02 2.872900069E-01 3.799200058E-01 1.527999993E-03
 1.947499986E-04 4.840000111E-05 6.110900044E-01 -3.160300049E+03 1.206000000E+04 2.991600037E+02 8.095600128E+01 3.472099900E-01 1.516999969E+02 2.809300125E-01 3.806900084E-01 1.526399981E-03
 1.967999997E-04 4.791999891E-05 6.109300256E-01 -7.873600098E+03 1.190000000E+04 2.995499878E+02 7.911399841E+01 1.836699963E+00 1.439600067E+02 2.744199932E-01 3.810899854E-01 1.526799984E-03
 1.988500007E-04 4.744000034E-05 6.109200120E-01 -6.665100098E+03 1.655400000E+04 2.996799927E+02 7.758499908E+01 3.430799961E+00 1.443000031E+02 2.692700028E-01 3.812499940E-01 1.526899985E-03
 2.009000018E-04 4.696000178E-05 6.121600270E-01 2.180100098E+03 1.717100000E+04 2.994700012E+02 7.612000275E+01 5.461299896E+00 1.710800018E+02 2.646999955E-01 3.817400038E-01 1.523799961E-03
 2.029500029E-04 4.647999958E-05 6.126599908E-01 1.788599976E+03 1.374600000E+04 2.993500061E+02 7.477200317E+01 7.317100048E+00 1.714700012E+02 2.606300116E-01 3.819099963E-01 1.522499952E-03
 2.050000039E-04 4.600000102E-05 6.119599938E-01 -5.507700195E+03 1.703700000E+04 2.994299927E+02 7.426300049E+01 8.137700081E+00 1.530099945E+02 2.591100037E-01 3.815799952E-01 1.524299965E-03
 0.000000000E+00 6.983299681E-05 1.600700021E+00 -5.870400000E+04 1.593200000E+04 3.000000000E+02 5.285499954E+01 2.058700085E+00 1.306199951E+02 1.869599968E-01 1.005300045E+00 5.815000040E-04
 2.049999921E-06 7.034000009E-05 1.604799986E+00 -4.311300000E+04 1.339000000E+04 3.002799988E+02 5.486999893E+01 2.388700008E+00 1.426399994E+02 1.920599937E-01 1.006199956E+00 5.806299741E-04
 4.099999842E-06 7.084700337E-05 1.608600020E+00 -2.346700000E+04 5.635100098E+03 3.004400024E+02 5.842800140E+01 3.005300045E+00 1.591900024E+02 2.025800049E-01 1.006399989E+00 5.798800266E-04
 6.149999990E-06 7.135300257E-05 1.607399940E+00 -8.149600098E+03 -4.608399902E+03 3.002799988E+02 6.173600006E+01 3.564199924E+00 1.546999969E+02 2.141799927E-01 1.005100012E+00 5.803299719E-04
 8.199999684E-06 7.185999857E-05 1.603899956E+00 3.356199951E+03 3.420899902E+03 3.002399902E+02 6.519799805E+01 4.248300076E+00 1.704100037E+02 2.263000011E-01 1.002799988E+00 5.815700279E-04
 1.024999983E-05 7.236700185E-05 1.601099968E+00 1.216000000E+03 1.938400000E+04 3.001799927E+02 6.863200378E+01 5.167500019E+00 1.985399933E+02 2.384199947E-01 1.000800014E+00 5.826100241E-04
 1.229999998E-05 7.287300105E-05 1.600299954E+00 -1.192500000E+04 1.741400000E+04 2.999299927E+02 7.221900177E+01 6.260200024E+00 1.658200073E+02 2.512199879E-01 9.994900227E-01 5.829000147E-04
 1.435000013E-05 7.337999705E-05 1.597599983E+00 -7.585799805E+03 -3.218399963E+02 2.996799927E+02 7.602200317E+01 7.336800098E+00 1.658099976E+02 2.647800148E-01 9.969599843E-01 5.838900106E-04
 1.639999937E-05 7.388700033E-05 1.593299985E+00 1.162500000E+04 -2.087800049E+03 2.993900146E+02 7.978299713E+01 8.479299545E+00 2.008000031E+02 2.782900035E-01 9.933099747E-01 5.854599876E-04
 1.845000043E-05 7.439299952E-05 1.588000059E+00 5.162799805E+03 1.371200000E+04 2.992900085E+02 8.365100098E+01 9.728099823E+00 2.445399933E+02 2.921499908E-01 9.897000194E-01 5.874200142E-04
 2.049999966E-05 7.490000280E-05 1.582299948E+00 -2.050300049E+03 -1.216400024E+03 2.992699890E+02 8.792299652E+01 1.109099960E+01 2.667000122E+02 3.074499965E-01 9.860699773E-01 5.895199720E-04
 2.255000072E-05 7.540699880E-05 1.576699972E+00 9.719500122E+02 -1.998500000E+03 2.989299927E+02 9.226799774E+01 1.244900036E+01 2.552799988E+02 3.231900036E-01 9.814900160E-01 5.916099763E-04
 2.459999996E-05 7.591299800E-05 1.569800019E+00 3.227000000E+03 5.382200195E+03 2.985400085E+02 9.671399689E+01 1.392199993E+01 2.225599976E+02 3.393999934E-01 9.759200215E-01 5.942099961E-04
 2.664999920E-05 7.642000128E-05 1.563500047E+00 1.190000000E+04 -6.678799805E+03 2.978999939E+02 1.016500015E+02 1.565400028E+01 2.076900024E+02 3.576500118E-01 9.699100256E-01 5.966000026E-04
 2.870000026E-05 7.692699728E-05 1.555099964E+00 1.002800000E+04 -1.881900024E+03 2.972099915E+02 1.070199966E+02 1.702599907E+01 2.125599976E+02 3.772599995E-01 9.624699950E-01 5.998400156E-04
 3.075000132E-05 7.743299648E-05 1.542199969E+00 -8.932500000E+02 1.126000000E+04 2.969800110E+02 1.127099991E+02 1.862000084E+01 1.868800049E+02 3.978500068E-01 9.537299871E-01 6.048799842E-04
 3.279999873E-05 7.793999976E-05 1.529700041E+00 3.774899902E+03 8.335799805E+03 2.965199890E+02 1.187699966E+02 2.063899994E+01 2.100800018E+02 4.201599956E-01 9.445400238E-01 6.098099984E-04
 3.484999979E-05 7.844700303E-05 1.518399954E+00 1.410400000E+04 -8.323500000E+03 2.954200134E+02 1.252600021E+02 2.286100006E+01 2.570100098E+02 4.446299970E-01 9.340999722E-01 6.143299979E-04
 3.690000085E-05 7.895300223E-05 1.502699971E+00 1.710100000E+04 -9.047400391E+03 2.942600098E+02 1.325399933E+02 2.468400002E+01 2.960100098E+02 4.716799855E-01 9.207999706E-01 6.207900005E-04
 3.894999827E-05 7.945999823E-05 1.482599974E+00 2.834600000E+04 6.492399902E+03 2.929400024E+02 1.408600006E+02 2.638599968E+01 2.761300049E+02 5.025299788E-01 9.044100046E-01 6.292099715E-04
 4.099999933E-05 7.996700151E-05 1.461199999E+00 4.950800000E+04 1.487900000E+04 2.912099915E+02 1.499400024E+02 2.868600082E+01 2.802000122E+02 5.368999839E-01 8.860899806E-01 6.384400185E-04
 4.305000039E-05 8.047300071E-05 1.433300018E+00 3.880000000E+04 6.530000000E+03 2.891499939E+02 1.607899933E+02 3.072400093E+01 2.872799988E+02 5.778099895E-01 8.630599976E-01 6.509000086E-04
 4.510000144E-05 8.097999671E-05 1.395799994E+00 2.926200000E+04 1.765000000E+04 2.866300049E+02 1.744499969E+02 3.244499969E+01 2.322700043E+02 6.290799975E-01 8.331999779E-01 6.684300024E-04
 4.714999886E-05 8.148699999E-05 1.346400023E+00 5.076400000E+04 1.276600000E+04 2.833200073E+02 1.913899994E+02 3.366400146E+01 2.165599976E+02 6.930199862E-01 7.944700122E-01 6.931099924E-04
 4.919999992E-05 8.199299918E-05 1.278800011E+00 7.894500000E+04 -9.699400391E+03 2.785599976E+02 2.132599945E+02 3.249200058E+01 1.275500031E+02 7.760499716E-01 7.420099974E-01 7.301300066E-04
 5.125000098E-05 8.250000246E-05 1.177800059E+00 9.550600000E+04 -3.041100000E+04 2.713099976E+02 2.421300049E+02 2.507500076E+01 -1.795200043E+02 8.878999949E-01 6.660299897E-01 7.941700169E-04
 5.329999840E-05 8.204399637E-05 1.044600010E+00 8.688900000E+04 -5.452400000E+04 2.613699951E+02 2.755199890E+02 7.327899933E+00 -5.021499939E+02 1.024999976E+00 5.693699718E-01 8.972799988E-04
 5.534999946E-05 8.158799756E-05 9.044799805E-01 6.007000000E+04 -7.638500000E+04 2.502899933E+02 3.063500061E+02 -1.965299988E+01 -6.014699707E+02 1.166700006E+00 4.722299874E-01 1.037599985E-03
 5.740000051E-05 8.113199874E-05 7.811999917E-01 2.634100000E+04 -8.264700000E+04 2.401799927E+02 3.299200134E+02 -4.984099960E+01 -5.091000061E+02 1.293900013E+00 3.912799954E-01 1.200399944E-03
 5.945000157E-05 8.067599993E-05 6.869000196E-01 -1.813200000E+04 -5.562000000E+04 2.317100067E+02 3.456799927E+02 -7.680400085E+01 -3.028500061E+02 1.397199988E+00 3.318000138E-01 1.363200019E-03
 6.150000263E-05 8.022000111E-05 6.189900041E-01 -5.951200000E+04 -2.357600000E+04 2.247599945E+02 3.562999878E+02 -9.663300323E+01 -9.762100220E+01 1.478399992E+00 2.899099886E-01 1.510799979E-03
 6.354999641E-05 7.976400229E-05 5.721600056E-01 -7.243200000E+04 8.189799805E+03 2.199499969E+02 3.636600037E+02 -1.094400024E+02 3.110499954E+01 1.536999941E+00 2.621400058E-01 1.632499974E-03
 6.559999747E-05 7.930800348E-05 5.408999920E-01 -7.976900000E+04 3.195400000E+04 2.167299957E+02 3.687300110E+02 -1.165199966E+02 1.270100021E+02 1.576500058E+00 2.441599965E-01 1.725699985E-03
 6.764999853E-05 7.885199739E-05 5.183100104E-01 -9.131000000E+04 4.692600000E+04 2.139900055E+02 3.733900146E+02 -1.191999969E+02 1.983800049E+02 1.608100057E+00 2.309899926E-01 1.800499973E-03
 6.969999959E-05 7.839599857E-05 4.998199940E-01 -9.649700000E+04 6.603800000E+04 2.117299957E+02 3.783500061E+02 -1.191999969E+02 2.290299988E+02 1.636100054E+00 2.203799933E-01 1.866800012E-03
 7.175000064E-05 7.793999976E-05 4.844599962E-01 -1.010800000E+05 7.430600000E+04 2.097700043E+02 3.830100098E+02 -1.176299973E+02 2.555700073E+02 1.660300016E+00 2.116400003E-01 1.925799996E-03
 7.380000170E-05 7.748400094E-05 4.720700085E-01 -1.055200000E+05 6.841400000E+04 2.080099945E+02 3.872999878E+02 -1.151100006E+02 2.720700073E+02 1.681300044E+00 2.044900060E-01 1.976300031E-03
 7.585000276E-05 7.702800212E-05 4.599800110E-01 -1.070000000E+05 6.825800000E+04 2.063699951E+02 3.918500061E+02 -1.125699997E+02 2.608299866E+02 1.703299999E+00 1.976899952E-01 2.028299961E-03
 7.789999654E-05 7.657200331E-05 4.467900097E-01 -1.208700000E+05 7.122500000E+04 2.046999969E+02 3.966300049E+02 -1.103199997E+02 2.560599976E+02 1.726899981E+00 1.904699951E-01 2.088299952E-03
 7.994999760E-05 7.611599722E-05 4.332700074E-01 -1.340600000E+05 6.882100000E+04 2.027899933E+02 4.014400024E+02 -1.080299988E+02 2.692900085E+02 1.752099991E+00 1.829800010E-01 2.153499983E-03
 8.199999866E-05 7.565999840E-05 4.199999869E-01 -1.418200000E+05 6.081400000E+04 2.006300049E+02 4.062600098E+02 -1.060199966E+02 2.571600037E+02 1.779000044E+00 1.754900068E-01 2.221500035E-03
 8.404999971E-05 7.520399959E-05 4.075500071E-01 -1.421800000E+05 5.386600000E+04 1.985500031E+02 4.105799866E+02 -1.041500015E+02 2.340000000E+02 1.804200053E+00 1.685200036E-01 2.289300086E-03
 8.610000077E-05 7.474800077E-05 3.948700130E-01 -1.406600000E+05 5.160200000E+04 1.966900024E+02 4.146900024E+02 -1.022500000E+02 2.435399933E+02 1.827800035E+00 1.617400050E-01 2.362899948E-03
 8.815000183E-05 7.429200195E-05 3.816699982E-01 -1.470000000E+05 5.088600000E+04 1.948899994E+02 4.191700134E+02 -1.008199997E+02 2.459400024E+02 1.853500009E+00 1.549099982E-01 2.444700105E-03
 9.020000289E-05 7.383600314E-05 3.694300056E-01 -1.518500000E+05 5.135300000E+04 1.928699951E+02 4.234599915E+02 -9.938400269E+01 2.334499969E+02 1.879699945E+00 1.483899951E-01 2.525599906E-03
 9.224999667E-05 7.337999705E-05 3.579599857E-01 -1.534100000E+05 5.286600000E+04 1.908399963E+02 4.274800110E+02 -9.811000061E+01 2.048699951E+02 1.905400038E+00 1.422699988E-01 2.606600057E-03
 9.429999773E-05 7.292399823E-05 3.463799953E-01 -1.560600000E+05 5.017800000E+04 1.889499969E+02 4.314599915E+02 -9.739199829E+01 1.914900055E+02 1.931200027E+00 1.362999976E-01 2.693699906E-03
 9.634999878E-05 7.246799942E-05 3.355000019E-01 -1.560100000E+05 5.250900000E+04 1.871300049E+02 4.350499878E+02 -9.638800049E+01 2.107899933E+02 1.954900026E+00 1.307500005E-01 2.780999988E-03
 9.839999984E-05 7.201200060E-05 3.252899945E-01 -1.547100000E+05 5.242600000E+04 1.853600006E+02 4.383299866E+02 -9.552899933E+01 2.076100006E+02 1.977599978E+00 1.255699992E-01 2.868300071E-03
 1.004500009E-04 7.155600179E-05 3.152199984E-01 -1.580700000E+05 4.961500000E+04 1.837400055E+02 4.415299988E+02 -9.513700104E+01 2.063699951E+02 1.999799967E+00 1.206199974E-01 2.959900070E-03
 1.025000020E-04 7.110000297E-05 3.054600060E-01 -1.609000000E+05 4.753000000E+04 1.821199951E+02 4.448900146E+02 -9.479399872E+01 2.010399933E+02 2.022900105E+00 1.158500016E-01 3.054500092E-03
 1.045500030E-04 7.064399688E-05 2.962299883E-01 -1.682200000E+05 4.305400000E+04 1.804400024E+02 4.480700073E+02 -9.452400208E+01 1.806199951E+02 2.046000004E+00 1.113199964E-01 3.149699885E-03
 1.065999968E-04 7.018799806E-05 2.876299918E-01 -1.716200000E+05 4.194900000E+04 1.787299957E+02 4.508299866E+02 -9.444999695E+01 1.789900055E+02 2.067800045E+00 1.070600003E-01 3.243800020E-03
 1.086499979E-04 6.973199925E-05 2.791100144E-01 -1.690000000E+05 4.451400000E+04 1.770899963E+02 4.538099976E+02 -9.441500092E+01 1.782100067E+02 2.090399981E+00 1.029400006E-01 3.342899960E-03
 1.106999989E-04 6.927600043E-05 2.709499896E-01 -1.719500000E+05 4.851100000E+04 1.756199951E+02 4.567399902E+02 -9.420099640E+01 1.808099976E+02 2.111999989E+00 9.909400344E-02 3.443399910E-03
 1.127500000E-04 6.882000162E-05 2.637900114E-01 -1.771900000E+05 5.061400000E+04 1.743000031E+02 4.590799866E+02 -9.402600098E+01 1.818600006E+02 2.130199909E+00 9.575299919E-02 3.536700038E-03
 1.148000010E-04 6.836400280E-05 2.568300068E-01 -1.843200000E+05 4.702600000E+04 1.729600067E+02 4.614599915E+02 -9.407599640E+01 1.682500000E+02 2.149199963E+00 9.250599891E-02 3.632700071E-03
 1.168500021E-04 6.790799671E-05 2.498700023E-01 -1.884100000E+05 4.344400000E+04 1.715200043E+02 4.640499878E+02 -9.418399811E+01 1.659700012E+02 2.169899940E+00 8.925200254E-02 3.733800026E-03
 1.189000031E-04 6.745199789E-05 2.435500026E-01 -1.889500000E+05 4.212200000E+04 1.703500061E+02 4.662699890E+02 -9.426200104E+01 1.746999969E+02 2.187400103E+00 8.639699966E-02 3.830699949E-03
 1.209499969E-04 6.699599908E-05 2.373699993E-01 -1.974100000E+05 4.667900000E+04 1.692500000E+02 4.683999939E+02 -9.417199707E+01 1.867200012E+02 2.203999996E+00 8.366599679E-02 3.930400126E-03
 1.230000053E-04 6.654000026E-05 2.312799990E-01 -2.050200000E+05 5.251500000E+04 1.680800018E+02 4.704899902E+02 -9.409300232E+01 1.956900024E+02 2.221199989E+00 8.095099777E-02 4.033800215E-03
 1.250500063E-04 6.608400145E-05 2.256300002E-01 -2.041100000E+05 5.026600000E+04 1.668899994E+02 4.723200073E+02 -9.442800140E+01 1.874700012E+02 2.237699986E+00 7.841599733E-02 4.134799819E-03
 1.270999928E-04 6.562800263E-05 2.202599943E-01 -2.080100000E+05 4.858200000E+04 1.658300018E+02 4.739700012E+02 -9.508899689E+01 1.811999969E+02 2.252899885E+00 7.606299967E-02 4.235600121E-03
 1.291499939E-04 6.517199654E-05 2.149199992E-01 -2.156600000E+05 4.866500000E+04 1.647400055E+02 4.755899963E+02 -9.551599884E+01 1.761199951E+02 2.268199921E+00 7.373400033E-02 4.340900108E-03
 1.311999949E-04 6.471599772E-05 2.096599936E-01 -2.212800000E+05 5.355200000E+04 1.636799927E+02 4.772099915E+02 -9.557499695E+01 1.830299988E+02 2.282999992E+00 7.146500051E-02 4.449700005E-03
 1.332499960E-04 6.425999891E-05 2.049700022E-01 -2.367500000E+05 5.950500000E+04 1.631600037E+02 4.782300110E+02 -9.578800201E+01 2.025700073E+02 2.291500092E+00 6.964399666E-02 4.551399965E-03
 1.352999971E-04 6.380400009E-05 2.008499950E-01 -2.674600000E+05 6.715300000E+04 1.629600067E+02 4.784500122E+02 -9.597200012E+01 2.294799957E+02 2.294199944E+00 6.815599650E-02 4.644900095E-03
 1.373499981E-04 6.334800128E-05 1.967699975E-01 -2.951300000E+05 7.445700000E+04 1.626600037E+02 4.787900085E+02 -9.619300079E+01 2.487599945E+02 2.298000097E+00 6.665199995E-02 4.741100129E-03
 1.393999992E-04 6.289200246E-05 1.929399967E-01 -3.157200000E+05 7.493500000E+04 1.622299957E+02 4.793500061E+02 -9.666899872E+01 2.487899933E+02 2.304100037E+00 6.518100202E-02 4.835099913E-03
 1.414500002E-04 6.243599637E-05 1.896799952E-01 -3.377700000E+05 7.834500000E+04 1.620000000E+02 4.796199951E+02 -9.674500275E+01 2.552500000E+02 2.307100058E+00 6.398700178E-02 4.918099847E-03
 1.435000013E-04 6.197999755E-05 1.865500063E-01 -3.596900000E+05 8.485700000E+04 1.619299927E+02 4.798099976E+02 -9.644400024E+01 2.758900146E+02 2.308099985E+00 6.290599704E-02 5.000600126E-03
 1.455500023E-04 6.152399874E-05 1.834200025E-01 -3.902500000E+05 9.045800000E+04 1.619199982E+02 4.798299866E+02 -9.679599762E+01 2.925199890E+02 2.308599949E+00 6.184599921E-02 5.086100195E-03
 1.476000034E-04 6.106799992E-05 1.806299984E-01 -4.341300000E+05 1.002900000E+05 1.623999939E+02 4.790199890E+02 -9.720300293E+01 3.116300049E+02 2.301899910E+00 6.108599901E-02 5.164400209E-03
 1.496500045E-04 6.061200111E-05 1.795399934E-01 -5.253800000E+05 1.281300000E+05 1.651399994E+02 4.743099976E+02 -9.580599976E+01 3.913900146E+02 2.260200024E+00 6.174400076E-02 5.195400212E-03
 1.517000055E-04 6.015599865E-05 1.864099950E-01 -8.221700000E+05 2.290000000E+05 1.782500000E+02 4.517699890E+02 -8.812000275E+01 7.063400269E+02 2.075200081E+00 6.935899705E-02 5.010900088E-03
 1.537500066E-04 5.969999984E-05 2.202900052E-01 -1.208300000E+06 3.677200000E+05 2.115800018E+02 3.857099915E+02 -6.557299805E+01 1.386300049E+03 1.633700013E+00 9.842199832E-02 4.304199945E-03
 1.557999931E-04 5.924400102E-05 3.093099892E-01 -1.007000000E+06 3.133600000E+05 2.524799957E+02 2.831600037E+02 -3.138699913E+01 1.750300049E+03 1.087800026E+00 1.651300043E-01 3.148900112E-03
 1.578499941E-04 5.878799857E-05 4.377200007E-01 -3.937900000E+05 1.185400000E+05 2.785100098E+02 1.978999939E+02 -5.154900074E+00 1.186199951E+03 7.142999768E-01 2.549900115E-01 2.185699996E-03
 1.598999952E-04 5.833199975E-05 5.342199802E-01 -8.815200000E+04 2.469700000E+04 2.888800049E+02 1.570800018E+02 4.434199810E+00 4.534299927E+02 5.551400185E-01 3.215500116E-01 1.752199954E-03
 1.619499963E-04 5.787600094E-05 5.723500252E-01 -3.208100000E+04 1.074600000E+04 2.926000061E+02 1.420800018E+02 4.809999943E+00 1.736000061E+02 4.988299906E-01 3.487499952E-01 1.630099956E-03
 1.639999973E-04 5.741999848E-05 5.835000277E-01 -2.335800000E+04 1.009200000E+04 2.937799988E+02 1.348899994E+02 2.671099901E+00 1.145800018E+02 4.724400043E-01 3.569599986E-01 1.598699950E-03
 1.660499984E-04 5.696399967E-05 5.884900093E-01 -1.799800000E+04 7.514200195E+03 2.942699890E+02 1.294799957E+02 9.559500217E-01 1.012300034E+02 4.530200064E-01 3.606199920E-01 1.585099963E-03
 1.680999994E-04 5.650800085E-05 5.924299955E-01 -1.656700000E+04 1.269700000E+04 2.949400024E+02 1.244100037E+02 -2.890000045E-01 1.104700012E+02 4.347800016E-01 3.638600111E-01 1.574499998E-03
 1.701500005E-04 5.605199840E-05 5.955500007E-01 -1.789700000E+04 1.332100000E+04 2.952999878E+02 1.200100021E+02 -1.659800053E+00 1.119599991E+02 4.191899896E-01 3.662199974E-01 1.566300052E-03
 1.722000015E-04 5.559599958E-05 5.978599787E-01 -8.511799805E+03 4.282600098E+03 2.955199890E+02 1.163499985E+02 -2.645100117E+00 1.217500000E+02 4.062899947E-01 3.679200113E-01 1.560200006E-03
 1.742500026E-04 5.514000077E-05 5.998899937E-01 -3.229899902E+03 1.013700000E+04 2.960700073E+02 1.128499985E+02 -3.339799881E+00 1.335000000E+02 3.937999904E-01 3.698399961E-01 1.554999966E-03
 1.763000037E-04 5.468399831E-05 6.011000276E-01 -6.073700195E+03 1.222600000E+04 2.965199890E+02 1.095100021E+02 -3.692699909E+00 1.310399933E+02 3.818899989E-01 3.711600006E-01 1.551799942E-03
 1.783500047E-04 5.422799950E-05 6.024100184E-01 -7.622899902E+03 5.633100098E+03 2.968699951E+02 1.064499969E+02 -3.939300060E+00 1.284600067E+02 3.710500002E-01 3.723999858E-01 1.548500033E-03
 1.804000058E-04 5.377200068E-05 6.039999723E-01 -8.276799805E+03 6.184200195E+03 2.972999878E+02 1.036299973E+02 -3.918200016E+00 1.283699951E+02 3.609800041E-01 3.739399910E-01 1.544400002E-03
 1.824500068E-04 5.331599823E-05 6.051300168E-01 -9.279299805E+03 4.342500000E+03 2.978200073E+02 1.008600006E+02 -3.296400070E+00 1.425700073E+02 3.509500027E-01 3.752799928E-01 1.541499980E-03
 1.844999933E-04 5.285999941E-05 6.065000296E-01 -8.580900391E+03 1.615199951E+03 2.981099854E+02 9.800599670E+01 -2.991300106E+00 1.491799927E+02 3.408299983E-01 3.765000105E-01 1.537999953E-03
 1.865499944E-04 5.240400060E-05 6.075699925E-01 -8.210299805E+03 2.822899902E+03 2.983500061E+02 9.559899902E+01 -2.598000050E+00 1.394100037E+02 3.322899938E-01 3.774800003E-01 1.535300049E-03
 1.885999955E-04 5.194800178E-05 6.089500189E-01 -8.749500000E+03 7.184500000E+03 2.984299927E+02 9.333300018E+01 -1.863100052E+00 1.307200012E+02 3.243199885E-01 3.784199953E-01 1.531800022E-03
 1.906499965E-04 5.149199933E-05 6.101999879E-01 -4.840799805E+03 1.001500000E+04 2.982699890E+02 9.105300140E+01 -1.327000022E+00 1.322799988E+02 3.164399862E-01 3.790099919E-01 1.528699999E-03
 1.926999976E-04 5.103600051E-05 6.108300090E-01 4.767900085E+02 5.754899902E+03 2.983200073E+02 8.893099976E+01 -5.784000158E-01 1.356499939E+02 3.090200126E-01 3.794499934E-01 1.527099987E-03
 1.947499986E-04 5.058000170E-05 6.108199954E-01 -2.564500000E+03 7.480299805E+03 2.986099854E+02 8.710500336E+01 7.721400261E-01 1.341300049E+02 3.025499880E-01 3.798100054E-01 1.527099987E-03
 1.967999997E-04 5.012399924E-05 6.106899977E-01 -6.362000000E+03 7.563899902E+03 2.988200073E+02 8.552700043E+01 2.265799999E+00 1.385800018E+02 2.970499992E-01 3.799999952E-01 1.527499990E-03
 1.988500007E-04 4.966800043E-05 6.110100150E-01 -1.360800049E+03 1.221800000E+04 2.989800110E+02 8.395700073E+01 3.484899998E+00 1.606399994E+02 2.916699946E-01 3.804099858E-01 1.526599983E-03
 2.009000018E-04 4.921200161E-05 6.112200022E-01 1.563599976E+03 1.867000000E+04 2.990899963E+02 8.267600250E+01 5.307499886E+00 1.713999939E+02 2.875300050E-01 3.806799948E-01 1.526099979E-03
 2.029500029E-04 4.875599916E-05 6.107699871E-01 -1.220800049E+03 1.096900000E+04 2.991700134E+02 8.143599701E+01 7.381400108E+00 1.645299988E+02 2.837400138E-01 3.804999888E-01 1.527299988E-03
 2.050000039E-04 4.830000034E-05 6.100100279E-01 -4.881799805E+03 5.314100098E+03 2.993200073E+02 8.075399780E+01 8.188400269E+00 1.586000061E+02 2.815600038E-01 3.802199960E-01 1.529200003E-03
 0.000000000E+00 7.100000221E-05 1.600700021E+00 -4.677200000E+04 1.181300000E+04 3.000000000E+02 5.631600189E+01 1.386800051E+00 1.612200012E+02 1.989399940E-01 1.005399942E+00 5.811600131E-04
 2.049999921E-06 7.147999713E-05 1.605200052E+00 -2.064900000E+04 1.366100000E+04 3.003299866E+02 5.834199905E+01 1.579300046E+00 1.681399994E+02 2.039899975E-01 1.006500006E+00 5.803399836E-04
 4.099999842E-06 7.195999933E-05 1.608199954E+00 -5.449700195E+03 1.792100000E+04 3.005799866E+02 6.225600052E+01 2.117100000E+00 1.642100067E+02 2.156399935E-01 1.006600022E+00 5.800499930E-04
 6.149999990E-06 7.244000153E-05 1.605700016E+00 -2.100100000E+04 3.495600098E+03 3.004800110E+02 6.598899841E+01 2.715100050E+00 1.729400024E+02 2.286600024E-01 1.004699945E+00 5.809200229E-04
 8.199999684E-06 7.291999646E-05 1.602800012E+00 -9.090700195E+03 -3.483000000E+03 3.004299927E+02 6.963099670E+01 3.522700071E+00 1.850000000E+02 2.414100021E-01 1.002699971E+00 5.819799844E-04
 1.024999983E-05 7.339999866E-05 1.600299954E+00 -3.193199951E+03 1.245800000E+04 3.002500000E+02 7.320800018E+01 4.552899837E+00 1.868000031E+02 2.540600002E-01 1.000599980E+00 5.828799913E-04
 1.229999998E-05 7.388000085E-05 1.598399997E+00 -1.095900000E+04 1.170800000E+04 3.001000061E+02 7.690899658E+01 5.588399887E+00 1.844400024E+02 2.671500146E-01 9.989100099E-01 5.835699849E-04
 1.435000013E-05 7.436000305E-05 1.595800042E+00 2.966300049E+03 -3.908800049E+03 2.998500061E+02 8.063500214E+01 6.677499771E+00 1.840500031E+02 2.804299891E-01 9.963799715E-01 5.845500273E-04
 1.639999937E-05 7.483999798E-05 1.592100024E+00 1.399300000E+04 2.704600098E+03 2.995100098E+02 8.426300049E+01 7.891399860E+00 2.041100006E+02 2.934899926E-01 9.929800034E-01 5.858999793E-04
 1.845000043E-05 7.532000018E-05 1.586500049E+00 3.548199951E+03 7.560500000E+03 2.994100037E+02 8.812000275E+01 9.083900452E+00 2.487100067E+02 3.072499931E-01 9.891800284E-01 5.879600067E-04
 2.049999966E-05 7.580000238E-05 1.581300020E+00 1.252099976E+03 -4.738800049E+02 2.993699951E+02 9.234100342E+01 1.039500046E+01 2.495200043E+02 3.223200142E-01 9.857900143E-01 5.898899981E-04
 2.255000072E-05 7.627999730E-05 1.575399995E+00 1.112700000E+04 1.650100000E+04 2.991099854E+02 9.652899933E+01 1.177299976E+01 2.246900024E+02 3.374600112E-01 9.812800288E-01 5.920900148E-04
 2.459999996E-05 7.675999950E-05 1.567600012E+00 1.145300000E+04 1.762900000E+04 2.986700134E+02 1.008199997E+02 1.315299988E+01 2.133500061E+02 3.530899882E-01 9.749699831E-01 5.950399791E-04
 2.664999920E-05 7.724000170E-05 1.561400056E+00 1.227300000E+04 -5.516399902E+03 2.979400024E+02 1.055800018E+02 1.474600029E+01 2.036799927E+02 3.706800044E-01 9.687299728E-01 5.974299856E-04
 2.870000026E-05 7.771999663E-05 1.553300023E+00 9.516599609E+03 -4.977899902E+03 2.971700134E+02 1.106999969E+02 1.610300064E+01 2.263399963E+02 3.894599974E-01 9.612299800E-01 6.005199975E-04
 3.075000132E-05 7.819999882E-05 1.541800022E+00 -5.078600098E+03 8.605000000E+03 2.967699890E+02 1.160500031E+02 1.762000084E+01 2.330200043E+02 4.089399874E-01 9.527699947E-01 6.050399970E-04
 3.279999873E-05 7.868000102E-05 1.529999971E+00 -3.194899902E+03 6.232799805E+03 2.962300110E+02 1.218300018E+02 1.946800041E+01 2.058999939E+02 4.302299917E-01 9.438199997E-01 6.096700090E-04
 3.484999979E-05 7.916000322E-05 1.517500043E+00 5.049899902E+03 6.801300049E+02 2.953999939E+02 1.282299957E+02 2.158600044E+01 2.248200073E+02 4.540799856E-01 9.334999919E-01 6.147000240E-04
 3.690000085E-05 7.963999815E-05 1.500399947E+00 6.519200195E+03 1.709500000E+03 2.943099976E+02 1.355200043E+02 2.336000061E+01 2.676900024E+02 4.811199903E-01 9.195200205E-01 6.217500195E-04
 3.894999827E-05 8.012000035E-05 1.480399966E+00 2.741600000E+04 3.722399902E+03 2.929299927E+02 1.436799927E+02 2.496500015E+01 2.356300049E+02 5.113899708E-01 9.030399919E-01 6.301400135E-04
 4.099999933E-05 8.060000255E-05 1.457900047E+00 3.873300000E+04 2.282800049E+03 2.913299866E+02 1.528699951E+02 2.712100029E+01 2.444499969E+02 5.459399819E-01 8.845000267E-01 6.398599944E-04
 4.305000039E-05 8.107999747E-05 1.429499984E+00 2.296600000E+04 4.524500000E+03 2.892000122E+02 1.637400055E+02 2.893700027E+01 2.730299988E+02 5.868499875E-01 8.609399796E-01 6.526099751E-04
 4.510000144E-05 8.155999967E-05 1.392600060E+00 2.670400000E+04 2.849300000E+04 2.866000061E+02 1.768500061E+02 3.034900093E+01 2.171399994E+02 6.361700296E-01 8.311799765E-01 6.699900259E-04
 4.714999886E-05 8.204000187E-05 1.344099998E+00 4.172100000E+04 1.402400000E+04 2.833699951E+02 1.932799988E+02 3.119000053E+01 2.011499939E+02 6.981300116E-01 7.932400107E-01 6.942700129E-04
 4.919999992E-05 8.251999679E-05 1.279899955E+00 7.065100000E+04 -7.072600098E+03 2.785700073E+02 2.142599945E+02 2.984700012E+01 1.371100006E+02 7.782099843E-01 7.426800132E-01 7.294400129E-04
 5.125000098E-05 8.299999899E-05 1.186800003E+00 1.038300000E+05 -2.319100000E+04 2.716700134E+02 2.412799988E+02 2.320899963E+01 -1.281699982E+02 8.833699822E-01 6.718599796E-01 7.877399912E-04
 5.329999840E-05 8.256800356E-05 1.063400030E+00 9.296100000E+04 -5.915300000E+04 2.626600037E+02 2.723099976E+02 7.859899998E+00 -4.099200134E+02 1.010300040E+00 5.823500156E-01 8.808000130E-04
 5.534999946E-05 8.213600086E-05 9.314500093E-01 6.564600000E+04 -8.115100000E+04 2.523399963E+02 3.017900085E+02 -1.559000015E+01 -5.295800171E+02 1.143499970E+00 4.901899993E-01 1.006499981E-03
 5.740000051E-05 8.170399815E-05 8.127599955E-01 3.887700000E+04 -8.392800000E+04 2.424100037E+02 3.256199951E+02 -4.288700104E+01 -4.883299866E+02 1.267600060E+00 4.108299911E-01 1.153300051E-03
 5.945000157E-05 8.127200272E-05 7.170799971E-01 -1.140800049E+03 -5.721600000E+04 2.337899933E+02 3.428200073E+02 -6.855500031E+01 -3.170599976E+02 1.373299956E+00 3.494800031E-01 1.305700047E-03
 6.150000263E-05 8.084000001E-05 6.441199780E-01 -4.438800000E+04 -3.265300000E+04 2.265700073E+02 3.551900024E+02 -8.867099762E+01 -1.265400009E+02 1.460299969E+00 3.041400015E-01 1.452099998E-03
 6.354999641E-05 8.040799730E-05 5.914199948E-01 -6.389600000E+04 -9.123200195E+03 2.210500031E+02 3.639100037E+02 -1.028099976E+02 -1.000699997E+01 1.526800036E+00 2.723500133E-01 1.579700038E-03
 6.559999747E-05 7.997600187E-05 5.543599725E-01 -7.631900000E+04 1.559300000E+04 2.171699982E+02 3.701099854E+02 -1.114000015E+02 8.146600342E+01 1.574200034E+00 2.507500052E-01 1.684300019E-03
 6.764999853E-05 7.954399916E-05 5.260999799E-01 -9.217800000E+04 3.630400000E+04 2.139199982E+02 3.757200012E+02 -1.154100037E+02 1.617799988E+02 1.612800002E+00 2.344100028E-01 1.774100005E-03
 6.969999959E-05 7.911199646E-05 5.038499832E-01 -9.444700000E+04 5.579200000E+04 2.112200012E+02 3.810700073E+02 -1.163499985E+02 2.003600006E+02 1.645400047E+00 2.216300070E-01 1.852100017E-03
 7.175000064E-05 7.868000102E-05 4.859699905E-01 -9.991600000E+04 6.991400000E+04 2.090899963E+02 3.860000000E+02 -1.156699982E+02 2.329400024E+02 1.672500014E+00 2.116100043E-01 1.919999951E-03
 7.380000170E-05 7.824799832E-05 4.714699984E-01 -1.088100000E+05 6.405100000E+04 2.071900024E+02 3.906600037E+02 -1.137200012E+02 2.575299988E+02 1.696400046E+00 2.034299970E-01 1.978900051E-03
 7.585000276E-05 7.781600289E-05 4.584099948E-01 -1.107900000E+05 5.665100000E+04 2.053800049E+02 3.953800049E+02 -1.110400009E+02 2.540000000E+02 1.719799995E+00 1.960600019E-01 2.035300015E-03
 7.789999654E-05 7.738400018E-05 4.454599917E-01 -1.172600000E+05 6.547800000E+04 2.035800018E+02 4.002900085E+02 -1.083399963E+02 2.534499969E+02 1.744300008E+00 1.888500005E-01 2.094500000E-03
 7.994999760E-05 7.695199747E-05 4.318999946E-01 -1.249500000E+05 6.620400000E+04 2.016300049E+02 4.050700073E+02 -1.056800003E+02 2.647099915E+02 1.769400001E+00 1.813600063E-01 2.160399919E-03
 8.199999866E-05 7.652000204E-05 4.183099866E-01 -1.349800000E+05 5.753200000E+04 1.995599976E+02 4.096700134E+02 -1.035400009E+02 2.459900055E+02 1.795199990E+00 1.738499999E-01 2.230500104E-03
 8.404999971E-05 7.608799933E-05 4.055899978E-01 -1.438800000E+05 4.933000000E+04 1.976399994E+02 4.144299927E+02 -1.014199982E+02 2.113899994E+02 1.821400046E+00 1.669500023E-01 2.300400054E-03
 8.610000077E-05 7.565599662E-05 3.933899999E-01 -1.497300000E+05 4.646300000E+04 1.958399963E+02 4.186700134E+02 -9.903299713E+01 2.292599945E+02 1.845100045E+00 1.604399979E-01 2.371700015E-03
 8.815000183E-05 7.522400119E-05 3.809899986E-01 -1.583800000E+05 4.474700000E+04 1.940500031E+02 4.226499939E+02 -9.720700073E+01 2.439700012E+02 1.868499994E+00 1.539600044E-01 2.449099906E-03
 9.020000289E-05 7.479199849E-05 3.686499894E-01 -1.598500000E+05 4.862900000E+04 1.920599976E+02 4.268500061E+02 -9.574400330E+01 2.228099976E+02 1.894400001E+00 1.474500000E-01 2.530900063E-03
 9.224999667E-05 7.436000305E-05 3.573600054E-01 -1.550100000E+05 5.298800000E+04 1.900200043E+02 4.308999939E+02 -9.435800171E+01 1.999400024E+02 1.920500040E+00 1.414099932E-01 2.610899974E-03
 9.429999773E-05 7.392800035E-05 3.464500010E-01 -1.612000000E+05 5.126000000E+04 1.881799927E+02 4.348500061E+02 -9.313899994E+01 1.945099945E+02 1.945600033E+00 1.357699931E-01 2.693099901E-03
 9.634999878E-05 7.349599764E-05 3.357799947E-01 -1.684100000E+05 5.578200000E+04 1.864600067E+02 4.383699951E+02 -9.192299652E+01 2.062700043E+02 1.968600035E+00 1.303900033E-01 2.778700087E-03
 9.839999984E-05 7.306400221E-05 3.252600133E-01 -1.670400000E+05 4.990200000E+04 1.846600037E+02 4.417600098E+02 -9.085099792E+01 2.033800049E+02 1.991799951E+00 1.250800043E-01 2.868700074E-03
 1.004500009E-04 7.263199950E-05 3.153299987E-01 -1.660000000E+05 4.349100000E+04 1.829600067E+02 4.447900085E+02 -9.020300293E+01 2.046600037E+02 2.013700008E+00 1.201499999E-01 2.958799945E-03
 1.025000020E-04 7.219999679E-05 3.060300052E-01 -1.724800000E+05 5.015300000E+04 1.814100037E+02 4.478099976E+02 -8.987300110E+01 1.980800018E+02 2.035200119E+00 1.156100035E-01 3.048799932E-03
 1.045500030E-04 7.176800136E-05 2.968899906E-01 -1.812500000E+05 4.880700000E+04 1.798600006E+02 4.510299988E+02 -8.946900177E+01 1.823699951E+02 2.057800055E+00 1.111999974E-01 3.142599948E-03
 1.065999968E-04 7.133599865E-05 2.883799970E-01 -1.784500000E+05 4.094600000E+04 1.781000061E+02 4.538900146E+02 -8.911199951E+01 1.814700012E+02 2.080199957E+00 1.069599986E-01 3.235300072E-03
 1.086499979E-04 7.090400322E-05 2.798300087E-01 -1.808200000E+05 4.276200000E+04 1.763999939E+02 4.568999939E+02 -8.891899872E+01 1.771399994E+02 2.103399992E+00 1.027999967E-01 3.334299894E-03
 1.106999989E-04 7.047200052E-05 2.714900076E-01 -1.868300000E+05 4.689100000E+04 1.748899994E+02 4.597699890E+02 -8.899600220E+01 1.785500031E+02 2.125200033E+00 9.888099879E-02 3.436499974E-03
 1.127500000E-04 7.003999781E-05 2.642500103E-01 -1.869800000E+05 4.567900000E+04 1.735599976E+02 4.620000000E+02 -8.879399872E+01 1.788600006E+02 2.143199921E+00 9.550900012E-02 3.530600108E-03
 1.148000010E-04 6.960800238E-05 2.573100030E-01 -1.906300000E+05 4.258700000E+04 1.724199982E+02 4.641799927E+02 -8.828600311E+01 1.723200073E+02 2.159600019E+00 9.239000082E-02 3.625900019E-03
 1.168500021E-04 6.917599967E-05 2.503300011E-01 -1.923600000E+05 3.957400000E+04 1.711600037E+02 4.666000061E+02 -8.840899658E+01 1.623699951E+02 2.178499937E+00 8.922900259E-02 3.726900090E-03
 1.189000031E-04 6.874399696E-05 2.436500043E-01 -1.958900000E+05 4.053900000E+04 1.698600006E+02 4.689899902E+02 -8.865799713E+01 1.661000061E+02 2.197900057E+00 8.618699759E-02 3.829200054E-03
 1.209499969E-04 6.831200153E-05 2.374799997E-01 -2.039000000E+05 4.521400000E+04 1.687200012E+02 4.710700073E+02 -8.850299835E+01 1.776399994E+02 2.214600086E+00 8.343899995E-02 3.928599879E-03
 1.230000053E-04 6.787999882E-05 2.319000065E-01 -2.047000000E+05 4.672000000E+04 1.675700073E+02 4.731000061E+02 -8.847100067E+01 1.763800049E+02 2.231499910E+00 8.092200011E-02 4.023000132E-03
 1.250500063E-04 6.744800339E-05 2.262600064E-01 -1.976900000E+05 4.273400000E+04 1.663099976E+02 4.753099976E+02 -8.855999756E+01 1.653699951E+02 2.250000000E+00 7.836200297E-02 4.123500083E-03
 1.270999928E-04 6.701600068E-05 2.206699997E-01 -1.988400000E+05 4.115500000E+04 1.652799988E+02 4.771099854E+02 -8.887999725E+01 1.584100037E+02 2.265500069E+00 7.595200092E-02 4.227799829E-03
 1.291499939E-04 6.658399798E-05 2.153300047E-01 -2.086900000E+05 4.317500000E+04 1.643200073E+02 4.787200012E+02 -8.930500031E+01 1.629400024E+02 2.279900074E+00 7.368600368E-02 4.332600161E-03
 1.311999949E-04 6.615200255E-05 2.104800045E-01 -2.177600000E+05 4.575300000E+04 1.633899994E+02 4.800899963E+02 -8.950099945E+01 1.756999969E+02 2.292900085E+00 7.161299884E-02 4.432400223E-03
 1.332499960E-04 6.571999984E-05 2.063400000E-01 -2.350600000E+05 4.932100000E+04 1.629199982E+02 4.806700134E+02 -8.964800262E+01 1.916199951E+02 2.299099922E+00 7.000300288E-02 4.521199968E-03
 1.352999971E-04 6.528799713E-05 2.021999955E-01 -2.614900000E+05 5.834500000E+04 1.626399994E+02 4.811199951E+02 -8.969000244E+01 2.127500000E+02 2.303200006E+00 6.847900152E-02 4.613900091E-03
 1.373499981E-04 6.485600170E-05 1.980500072E-01 -2.836100000E+05 6.867300000E+04 1.622799988E+02 4.817200012E+02 -9.005500031E+01 2.271799927E+02 2.308799982E+00 6.692700088E-02 4.710400011E-03
 1.393999992E-04 6.442399899E-05 1.942099929E-01 -3.002400000E+05 6.840400000E+04 1.617500000E+02 4.822799988E+02 -9.097100067E+01 2.174600067E+02 2.315900087E+00 6.541699916E-02 4.803699907E-03
 1.414500002E-04 6.399200356E-05 1.907600015E-01 -3.243100000E+05 6.821800000E+04 1.614499969E+02 4.824299927E+02 -9.131900024E+01 2.229499969E+02 2.319099903E+00 6.413000077E-02 4.890500102E-03
 1.435000013E-04 6.356000085E-05 1.875399947E-01 -3.523300000E+05 7.841800000E+04 1.614600067E+02 4.824599915E+02 -9.104299927E+01 2.584500122E+02 2.318900108E+00 6.305699795E-02 4.974199925E-03
 1.455500023E-04 6.312799815E-05 1.845099926E-01 -3.787200000E+05 8.690400000E+04 1.614900055E+02 4.826700134E+02 -9.120800018E+01 2.775599976E+02 2.319799900E+00 6.204500049E-02 5.055900197E-03
 1.476000034E-04 6.269600271E-05 1.818300039E-01 -4.197900000E+05 9.481800000E+04 1.618999939E+02 4.820100098E+02 -9.155899811E+01 2.949599915E+02 2.314199924E+00 6.129899994E-02 5.130500067E-03
 1.496500045E-04 6.226400001E-05 1.801200062E-01 -4.926500000E+05 1.110800000E+05 1.636300049E+02 4.788900146E+02 -9.103199768E+01 3.382999878E+02 2.287199974E+00 6.137200072E-02 5.178799853E-03
 1.517000055E-04 6.183199730E-05 1.839399934E-01 -7.243200000E+05 1.838900000E+05 1.728399963E+02 4.630899963E+02 -8.619599915E+01 5.535399780E+02 2.153700113E+00 6.627999991E-02 5.074299872E-03
 1.537500066E-04 6.140000187E-05 2.078800052E-01 -1.166200000E+06 3.374800000E+05 2.009499969E+02 4.102399902E+02 -6.869499969E+01 1.175599976E+03 1.777699947E+00 8.788400143E-02 4.530900158E-03
 1.557999931E-04 6.096799916E-05 2.802999914E-01 -1.173800000E+06 3.575100000E+05 2.424400024E+02 3.135100098E+02 -3.691500092E+01 1.731300049E+03 1.232100010E+00 1.439799964E-01 3.457200015E-03
 1.578499941E-04 6.053600009E-05 4.049299955E-01 -5.704800000E+05 1.713900000E+05 2.735599976E+02 2.182299957E+02 -7.558700085E+00 1.380199951E+03 7.962899804E-01 2.322500050E-01 2.383799991E-03
 1.598999952E-04 6.010400102E-05 5.176399946E-01 -1.314900000E+05 3.435400000E+04 2.869599915E+02 1.661699982E+02 5.923699856E+00 5.906099854E+02 5.895900130E-01 3.096500039E-01 1.814299962E-03
 1.619499963E-04 5.967199832E-05 5.697600245E-01 -3.507800000E+04 1.831900000E+04 2.916400146E+02 1.470599976E+02 7.707399845E+00 1.963999939E+02 5.175799727E-01 3.460400105E-01 1.637900015E-03
 1.639999973E-04 5.923999925E-05 5.849000216E-01 -1.987600000E+04 1.872100000E+04 2.932999878E+02 1.389400024E+02 5.580800056E+00 1.046600037E+02 4.873400033E-01 3.572300076E-01 1.594900037E-03
 1.660499984E-04 5.880800018E-05 5.905200243E-01 -1.678300000E+04 1.157300000E+04 2.941000061E+02 1.334700012E+02 3.792500019E+00 8.936599731E+01 4.672999978E-01 3.616600037E-01 1.579700038E-03
 1.680999994E-04 5.837600111E-05 5.938699841E-01 -1.255100000E+04 7.734600098E+03 2.946600037E+02 1.288800049E+02 2.217900038E+00 9.456500244E+01 4.506900012E-01 3.643999994E-01 1.570699969E-03
 1.701500005E-04 5.794399840E-05 5.963100195E-01 -1.443700000E+04 8.903700195E+03 2.952000122E+02 1.249499969E+02 2.590500116E-01 8.769699860E+01 4.364599884E-01 3.665600121E-01 1.564300037E-03
 1.722000015E-04 5.751199933E-05 5.985400081E-01 -9.269200195E+03 2.316600098E+03 2.955400085E+02 1.214400024E+02 -9.851599932E-01 1.068000031E+02 4.239499867E-01 3.683600128E-01 1.558499993E-03
 1.742500026E-04 5.708000026E-05 6.005399823E-01 -1.289500000E+03 1.548099976E+03 2.958999939E+02 1.182600021E+02 -1.670699954E+00 1.268300018E+02 4.126400054E-01 3.700399995E-01 1.553299953E-03
 1.763000037E-04 5.664800119E-05 6.019200087E-01 -5.477399902E+02 8.960599609E+03 2.962600098E+02 1.152900009E+02 -2.249099970E+00 1.198399963E+02 4.020799994E-01 3.713400066E-01 1.549700042E-03
 1.783500047E-04 5.621599848E-05 6.031500101E-01 -1.278300049E+03 7.907299805E+03 2.966000061E+02 1.122799988E+02 -2.639899969E+00 1.233700027E+02 3.913800120E-01 3.725300133E-01 1.546600019E-03
 1.804000058E-04 5.578399941E-05 6.043900251E-01 -7.893000000E+03 1.023700000E+04 2.970199890E+02 1.094100037E+02 -2.674799919E+00 1.303800049E+02 3.811300099E-01 3.738200068E-01 1.543399994E-03
 1.824500068E-04 5.535200035E-05 6.055099964E-01 -1.697500000E+04 1.439000000E+04 2.973399963E+02 1.068199997E+02 -2.226900101E+00 1.449799957E+02 3.718599975E-01 3.749200106E-01 1.540499972E-03
 1.844999933E-04 5.492000128E-05 6.066600084E-01 -1.820800000E+04 8.792200195E+03 2.976000061E+02 1.044100037E+02 -1.951200008E+00 1.456300049E+02 3.633100092E-01 3.759599924E-01 1.537599950E-03
 1.865499944E-04 5.448799857E-05 6.081100106E-01 -8.293799805E+03 5.889899902E+03 2.977699890E+02 1.020699997E+02 -1.855800033E+00 1.341399994E+02 3.550600111E-01 3.770700097E-01 1.533900038E-03
 1.885999955E-04 5.405599950E-05 6.089100242E-01 -7.764200195E+03 1.250800000E+04 2.977300110E+02 9.990499878E+01 -1.277600050E+00 1.240400009E+02 3.475199938E-01 3.775199950E-01 1.531900023E-03
 1.906499965E-04 5.362400043E-05 6.092200279E-01 -1.094500000E+04 1.253900000E+04 2.977900085E+02 9.784400177E+01 -6.486200094E-01 1.307299957E+02 3.402999938E-01 3.777900040E-01 1.531100017E-03
 1.926999976E-04 5.319200136E-05 6.101800203E-01 2.075199951E+03 6.157000000E+03 2.978599854E+02 9.559899902E+01 1.880699992E-01 1.239499969E+02 3.324500024E-01 3.784700036E-01 1.528699999E-03
 1.947499986E-04 5.275999865E-05 6.108599901E-01 3.795399902E+03 5.871399902E+03 2.980199890E+02 9.354199982E+01 1.337499976E+00 1.202699966E+02 3.252399862E-01 3.790999949E-01 1.526999986E-03
 1.967999997E-04 5.232799958E-05 6.110799909E-01 -2.231899902E+03 4.412399902E+03 2.983699951E+02 9.191000366E+01 2.553100109E+00 1.494299927E+02 3.194600046E-01 3.796699941E-01 1.526499982E-03
 1.988500007E-04 5.189600051E-05 6.107699871E-01 8.613599854E+02 3.201199951E+03 2.986400146E+02 9.041999817E+01 3.628599882E+00 1.704900055E+02 3.142699897E-01 3.798300028E-01 1.527199987E-03
 2.009000018E-04 5.146400144E-05 6.099799871E-01 -1.064900024E+03 1.164700000E+04 2.988399963E+02 8.910900116E+01 5.313499928E+00 1.754499969E+02 3.099400103E-01 3.795900047E-01 1.529200003E-03
 2.029500029E-04 5.103199874E-05 6.091099977E-01 -6.176299805E+03 9.071900391E+03 2.990400085E+02 8.801899719E+01 7.454800129E+00 1.638500061E+02 3.065800071E-01 3.792999983E-01 1.531400019E-03
 2.050000039E-04 5.059999967E-05 6.084499955E-01 -1.098400000E+04 2.479899902E+03 2.992200012E+02 8.753299713E+01 8.305299759E+00 1.502100067E+02 3.050599992E-01 3.791199923E-01 1.533100032E-03
 0.000000000E+00 7.216700033E-05 1.600700021E+00 -3.877900000E+04 5.813100098E+03 3.000000000E+02 6.035900116E+01 5.190700293E-01 1.623500061E+02 2.123499960E-01 1.004500031E+00 5.810399889E-04
 2.049999921E-06 7.262000145E-05 1.605299950E+00 -1.845700000E+04 8.899400391E+03 3.002500000E+02 6.262300110E+01 6.569799781E-01 1.752899933E+02 2.185100019E-01 1.005900025E+00 5.802399828E-04
 4.099999842E-06 7.307300257E-05 1.606799960E+00 -6.108800049E+02 1.473400000E+04 3.006799927E+02 6.698000336E+01 1.146700025E+00 1.657799988E+02 2.318599969E-01 1.006000042E+00 5.805399851E-04
 6.149999990E-06 7.352700050E-05 1.602399945E+00 -1.157100000E+04 9.298200195E+03 3.008200073E+02 7.091300201E+01 1.881800056E+00 1.857100067E+02 2.454700023E-01 1.003800035E+00 5.821199738E-04
 8.199999684E-06 7.398000162E-05 1.600999951E+00 -1.689300000E+04 4.095199951E+03 3.005400085E+02 7.456800079E+01 2.808300018E+00 2.146000061E+02 2.583400011E-01 1.001999974E+00 5.826199776E-04
 1.024999983E-05 7.443300274E-05 1.599499941E+00 -1.040800000E+04 1.118800000E+04 3.001700134E+02 7.822799683E+01 3.849800110E+00 1.921999969E+02 2.713100016E-01 9.998300076E-01 5.831699818E-04
 1.229999998E-05 7.488700066E-05 1.596899986E+00 3.696600098E+03 1.121800000E+04 3.001199951E+02 8.191200256E+01 4.984899998E+00 1.924900055E+02 2.842899859E-01 9.980099797E-01 5.841400125E-04
 1.435000013E-05 7.534000179E-05 1.593700051E+00 6.171399902E+03 3.637000000E+03 2.999500122E+02 8.554399872E+01 6.099899769E+00 2.110099945E+02 2.971900105E-01 9.954599738E-01 5.852999748E-04
 1.639999937E-05 7.579300291E-05 1.590399981E+00 5.434799805E+03 7.275799805E+03 2.996099854E+02 8.916000366E+01 7.406899929E+00 2.187500000E+02 3.102099895E-01 9.922599792E-01 5.865300191E-04
 1.845000043E-05 7.624700083E-05 1.585500002E+00 8.766599609E+03 1.440200000E+04 2.994599915E+02 9.291200256E+01 8.569199562E+00 2.358699951E+02 3.235900104E-01 9.887400270E-01 5.883200211E-04
 2.049999966E-05 7.670000196E-05 1.579300046E+00 3.308899902E+03 6.887600098E+03 2.993999939E+02 9.681999969E+01 9.726400375E+00 2.345700073E+02 3.375099897E-01 9.846400023E-01 5.906400038E-04
 2.255000072E-05 7.715300308E-05 1.573300004E+00 9.650900391E+03 1.114600000E+04 2.990799866E+02 1.007399979E+02 1.115799999E+01 2.231300049E+02 3.517499864E-01 9.798700213E-01 5.928800092E-04
 2.459999996E-05 7.760700100E-05 1.567100048E+00 8.229799805E+03 1.497800000E+04 2.984700012E+02 1.049000015E+02 1.244499969E+01 1.937400055E+02 3.669599891E-01 9.739699960E-01 5.952499923E-04
 2.664999920E-05 7.806000212E-05 1.561300039E+00 9.366400391E+03 -3.953000000E+03 2.977500000E+02 1.093899994E+02 1.385999966E+01 1.761100006E+02 3.835000098E-01 9.680399895E-01 5.974600208E-04
 2.870000026E-05 7.851300325E-05 1.552600026E+00 2.426800000E+04 -7.186799805E+03 2.971400146E+02 1.141699982E+02 1.519900036E+01 2.269199982E+02 4.010100067E-01 9.606699944E-01 6.008199998E-04
 3.075000132E-05 7.896700117E-05 1.541200042E+00 1.293600000E+04 1.495700000E+04 2.966000061E+02 1.194100037E+02 1.669000053E+01 2.537299957E+02 4.201599956E-01 9.519400001E-01 6.052299868E-04
 3.279999873E-05 7.942000229E-05 1.529299974E+00 7.960600098E+03 2.041900000E+04 2.959599915E+02 1.251900024E+02 1.844599915E+01 2.177100067E+02 4.414600134E-01 9.424999952E-01 6.099800230E-04
 3.484999979E-05 7.987300341E-05 1.516299963E+00 1.556100000E+04 1.687500000E+04 2.951900024E+02 1.315599976E+02 2.041399956E+01 1.996900024E+02 4.650599957E-01 9.321100116E-01 6.151699927E-04
 3.690000085E-05 8.032700134E-05 1.499300003E+00 7.132200195E+03 1.889800000E+04 2.941700134E+02 1.388600006E+02 2.210499954E+01 2.389799957E+02 4.920099974E-01 9.184299707E-01 6.222000229E-04
 3.894999827E-05 8.078000246E-05 1.478500009E+00 8.438900391E+03 9.704500000E+03 2.929599915E+02 1.470500031E+02 2.369799995E+01 2.137700043E+02 5.222899914E-01 9.019500017E-01 6.309599848E-04
 4.099999933E-05 8.123300358E-05 1.455999970E+00 1.222100000E+04 2.851600098E+03 2.913099976E+02 1.562400055E+02 2.564800072E+01 1.999600067E+02 5.567700267E-01 8.832899928E-01 6.406899774E-04
 4.305000039E-05 8.168700151E-05 1.428200006E+00 1.388900000E+04 7.420700195E+03 2.891300049E+02 1.668699951E+02 2.725699997E+01 2.122799988E+02 5.968199968E-01 8.599500060E-01 6.531900144E-04
 4.510000144E-05 8.214000263E-05 1.391499996E+00 3.226700000E+04 2.558000000E+04 2.864800110E+02 1.795299988E+02 2.844899940E+01 1.914799957E+02 6.445800066E-01 8.302000165E-01 6.704999832E-04
 4.714999886E-05 8.259299648E-05 1.344099998E+00 4.249500000E+04 9.418099609E+03 2.832300110E+02 1.954600067E+02 2.894400024E+01 2.062299957E+02 7.047500014E-01 7.928199768E-01 6.942800246E-04
 4.919999992E-05 8.304700168E-05 1.281499982E+00 5.178400000E+04 -1.007400000E+04 2.786400146E+02 2.155800018E+02 2.739100075E+01 1.215500031E+02 7.815999985E-01 7.437800169E-01 7.284900057E-04
 5.125000098E-05 8.350000280E-05 1.194399953E+00 8.437600000E+04 -1.679900000E+04 2.721499939E+02 2.406499939E+02 2.143700027E+01 -1.297799988E+02 8.795599937E-01 6.772599816E-01 7.824199856E-04
 5.329999840E-05 8.309200348E-05 1.079800010E+00 9.769800000E+04 -5.371100000E+04 2.637600098E+02 2.695499878E+02 8.142399788E+00 -3.588999939E+02 9.977300167E-01 5.937100053E-01 8.669500239E-04
 5.534999946E-05 8.268399688E-05 9.557700157E-01 7.379700000E+04 -7.384100000E+04 2.541300049E+02 2.978200073E+02 -1.246599960E+01 -4.729100037E+02 1.123600006E+00 5.064299703E-01 9.800000116E-04
 5.740000051E-05 8.227599756E-05 8.418999910E-01 4.228600000E+04 -7.719000000E+04 2.445500031E+02 3.212900085E+02 -3.688399887E+01 -4.692699890E+02 1.242499948E+00 4.292800128E-01 1.112799975E-03
 5.945000157E-05 8.186799823E-05 7.446799874E-01 8.294000000E+03 -6.457800000E+04 2.358399963E+02 3.393599854E+02 -6.079000092E+01 -3.506000061E+02 1.348399997E+00 3.661200106E-01 1.257300028E-03
 6.150000263E-05 8.145999891E-05 6.678799987E-01 -2.620800000E+04 -4.386300000E+04 2.284499969E+02 3.532200012E+02 -8.077100372E+01 -1.831900024E+02 1.439399958E+00 3.179700077E-01 1.400599955E-03
 6.354999641E-05 8.105199959E-05 6.105700135E-01 -4.681000000E+04 -2.413100000E+04 2.225200043E+02 3.632600098E+02 -9.570999908E+01 -5.800999832E+01 1.511700034E+00 2.830699980E-01 1.530500012E-03
 6.559999747E-05 8.064400026E-05 5.679100156E-01 -6.696400000E+04 4.688700195E+03 2.180000000E+02 3.708099976E+02 -1.053799973E+02 3.925299835E+01 1.567100048E+00 2.578899860E-01 1.644499949E-03
 6.764999853E-05 8.023600094E-05 5.345199704E-01 -8.574700000E+04 2.673600000E+04 2.142799988E+02 3.776000061E+02 -1.107699966E+02 1.215699997E+02 1.613499999E+00 2.385600060E-01 1.746600028E-03
 6.969999959E-05 7.982800162E-05 5.089799762E-01 -9.703100000E+04 4.217900000E+04 2.111199951E+02 3.834899902E+02 -1.128300018E+02 1.788999939E+02 1.651100039E+00 2.238000035E-01 1.833599992E-03
 7.175000064E-05 7.942000229E-05 4.892399907E-01 -1.039000000E+05 5.960700000E+04 2.087799988E+02 3.886900024E+02 -1.128600006E+02 2.246000061E+02 1.681100011E+00 2.127200067E-01 1.907299971E-03
 7.380000170E-05 7.901200297E-05 4.720799923E-01 -1.075300000E+05 6.230200000E+04 2.066999969E+02 3.936600037E+02 -1.116200027E+02 2.448999939E+02 1.708099961E+00 2.032199949E-01 1.976599917E-03
 7.585000276E-05 7.860399637E-05 4.571999907E-01 -1.127200000E+05 5.611200000E+04 2.045500031E+02 3.983900146E+02 -1.091399994E+02 2.534100037E+02 1.733399987E+00 1.947599947E-01 2.040700056E-03
 7.789999654E-05 7.819599705E-05 4.436300099E-01 -1.166500000E+05 6.183400000E+04 2.025099945E+02 4.034100037E+02 -1.061600037E+02 2.536000061E+02 1.759299994E+00 1.870999932E-01 2.103199949E-03
 7.994999760E-05 7.778799772E-05 4.300599992E-01 -1.212400000E+05 5.742100000E+04 2.005399933E+02 4.084100037E+02 -1.031600037E+02 2.557299957E+02 1.785200000E+00 1.796099991E-01 2.169599989E-03
 8.199999866E-05 7.737999840E-05 4.171899855E-01 -1.313700000E+05 5.153500000E+04 1.987100067E+02 4.128099976E+02 -1.006999969E+02 2.444900055E+02 1.809100032E+00 1.726399958E-01 2.236400032E-03
 8.404999971E-05 7.697199908E-05 4.041300118E-01 -1.448800000E+05 4.847400000E+04 1.968800049E+02 4.175100098E+02 -9.850299835E+01 2.279100037E+02 1.834800005E+00 1.657000035E-01 2.308900002E-03
 8.610000077E-05 7.656399976E-05 3.917999864E-01 -1.523100000E+05 4.545800000E+04 1.950800018E+02 4.218500061E+02 -9.593599701E+01 2.226199951E+02 1.858899951E+00 1.591700017E-01 2.381300088E-03
 8.815000183E-05 7.615600043E-05 3.802100122E-01 -1.558000000E+05 4.271400000E+04 1.931499939E+02 4.257999878E+02 -9.354499817E+01 2.208500061E+02 1.882699966E+00 1.529400051E-01 2.454000060E-03
 9.020000289E-05 7.574800111E-05 3.682799935E-01 -1.558300000E+05 4.651500000E+04 1.910800018E+02 4.299800110E+02 -9.179699707E+01 2.066499939E+02 1.908900023E+00 1.465499997E-01 2.533500083E-03
 9.224999667E-05 7.534000179E-05 3.565799892E-01 -1.544500000E+05 5.107300000E+04 1.891600037E+02 4.338500061E+02 -9.039800262E+01 1.984900055E+02 1.933899999E+00 1.404699981E-01 2.616700018E-03
 9.429999773E-05 7.493200246E-05 3.454599977E-01 -1.660600000E+05 5.320900000E+04 1.873600006E+02 4.374500122E+02 -8.880200195E+01 1.994499969E+02 1.957200050E+00 1.347900033E-01 2.700800076E-03
 9.634999878E-05 7.452400314E-05 3.348900080E-01 -1.745800000E+05 5.493400000E+04 1.856900024E+02 4.410400085E+02 -8.726899719E+01 1.923699951E+02 1.980100036E+00 1.295000017E-01 2.786099911E-03
 9.839999984E-05 7.411599654E-05 3.246699870E-01 -1.779900000E+05 4.683800000E+04 1.840200043E+02 4.446600037E+02 -8.614700317E+01 1.846100006E+02 2.003900051E+00 1.244200021E-01 2.873700112E-03
 1.004500009E-04 7.370799722E-05 3.153199852E-01 -1.802300000E+05 4.375400000E+04 1.823399963E+02 4.475599976E+02 -8.536499786E+01 1.879299927E+02 2.025000095E+00 1.197400019E-01 2.958900062E-03
 1.025000020E-04 7.329999789E-05 3.061099946E-01 -1.821000000E+05 4.775600000E+04 1.806600037E+02 4.505799866E+02 -8.482599640E+01 1.803099976E+02 2.047300100E+00 1.151600033E-01 3.047999926E-03
 1.045500030E-04 7.289199857E-05 2.972199917E-01 -1.870400000E+05 4.606900000E+04 1.791100006E+02 4.535799866E+02 -8.433300018E+01 1.717299957E+02 2.068900108E+00 1.108700037E-01 3.138999920E-03
 1.065999968E-04 7.248399925E-05 2.885999978E-01 -1.840000000E+05 4.095500000E+04 1.775299988E+02 4.563900146E+02 -8.383200073E+01 1.674799957E+02 2.090100050E+00 1.067000031E-01 3.232999938E-03
 1.086499979E-04 7.207599992E-05 2.799600065E-01 -1.853700000E+05 4.149800000E+04 1.758899994E+02 4.595299988E+02 -8.324400330E+01 1.715000000E+02 2.113399982E+00 1.025500000E-01 3.332599998E-03
 1.106999989E-04 7.166800060E-05 2.719199955E-01 -1.895200000E+05 4.101800000E+04 1.744799957E+02 4.622300110E+02 -8.310900116E+01 1.736000061E+02 2.133800030E+00 9.880399704E-02 3.431099933E-03
 1.127500000E-04 7.126000128E-05 2.642700076E-01 -1.965000000E+05 4.183300000E+04 1.731300049E+02 4.644400024E+02 -8.302500153E+01 1.706799927E+02 2.151999950E+00 9.528400004E-02 3.530400107E-03
 1.148000010E-04 7.085200195E-05 2.572999895E-01 -2.006900000E+05 3.782300000E+04 1.719199982E+02 4.665199890E+02 -8.264499664E+01 1.630299988E+02 2.168600082E+00 9.211699665E-02 3.625900019E-03
 1.168500021E-04 7.044400263E-05 2.507399917E-01 -1.989800000E+05 3.481600000E+04 1.707700043E+02 4.686499939E+02 -8.243099976E+01 1.520800018E+02 2.185400009E+00 8.916799724E-02 3.720900044E-03
 1.189000031E-04 7.003600331E-05 2.439599931E-01 -2.004900000E+05 4.023600000E+04 1.693899994E+02 4.711300049E+02 -8.242700195E+01 1.588999939E+02 2.205499887E+00 8.605899662E-02 3.824400017E-03
 1.209499969E-04 6.962799671E-05 2.377299964E-01 -2.066100000E+05 4.233900000E+04 1.681000061E+02 4.732099915E+02 -8.262799835E+01 1.640700073E+02 2.223599911E+00 8.321999758E-02 3.924400080E-03
 1.230000053E-04 6.921999739E-05 2.321200073E-01 -2.069600000E+05 4.018200000E+04 1.670099945E+02 4.751199951E+02 -8.289600372E+01 1.593800049E+02 2.239799976E+00 8.072900027E-02 4.019199871E-03
 1.250500063E-04 6.881199806E-05 2.266000062E-01 -1.966000000E+05 3.605700000E+04 1.657599945E+02 4.775199890E+02 -8.285500336E+01 1.501000061E+02 2.259200096E+00 7.822000235E-02 4.116999917E-03
 1.270999928E-04 6.840399874E-05 2.213000059E-01 -1.972800000E+05 3.636900000E+04 1.646999969E+02 4.793999939E+02 -8.277400208E+01 1.479700012E+02 2.275099993E+00 7.590000331E-02 4.215599969E-03
 1.291499939E-04 6.799599942E-05 2.163400054E-01 -2.035800000E+05 3.973100000E+04 1.638000031E+02 4.809299927E+02 -8.310299683E+01 1.527599945E+02 2.288599968E+00 7.379499823E-02 4.312300123E-03
 1.311999949E-04 6.758800009E-05 2.115900069E-01 -2.103600000E+05 4.098600000E+04 1.628600006E+02 4.822300110E+02 -8.349500275E+01 1.556999969E+02 2.301500082E+00 7.176099718E-02 4.409099929E-03
 1.332499960E-04 6.718000077E-05 2.071799934E-01 -2.254900000E+05 4.390500000E+04 1.622299957E+02 4.830899963E+02 -8.374199677E+01 1.623800049E+02 2.310199976E+00 6.999400258E-02 4.502700176E-03
 1.352999971E-04 6.677200145E-05 2.031899989E-01 -2.477200000E+05 5.135200000E+04 1.618600006E+02 4.837500000E+02 -8.379900360E+01 1.816399994E+02 2.315900087E+00 6.848599762E-02 4.591300152E-03
 1.373499981E-04 6.636400212E-05 1.993999928E-01 -2.712800000E+05 5.941300000E+04 1.616000061E+02 4.841900024E+02 -8.400900269E+01 1.955700073E+02 2.319999933E+00 6.710200012E-02 4.678499885E-03
 1.393999992E-04 6.595600280E-05 1.957399994E-01 -2.894500000E+05 5.976000000E+04 1.612400055E+02 4.846000061E+02 -8.471800232E+01 1.926600037E+02 2.325200081E+00 6.571999937E-02 4.766100086E-03
 1.414500002E-04 6.554800348E-05 1.920100003E-01 -3.140900000E+05 6.143800000E+04 1.609299927E+02 4.849400024E+02 -8.532800293E+01 2.017100067E+02 2.329400063E+00 6.434500217E-02 4.858599976E-03
 1.435000013E-04 6.513999688E-05 1.886399984E-01 -3.433400000E+05 7.111900000E+04 1.608600006E+02 4.850199890E+02 -8.552300262E+01 2.346900024E+02 2.330399990E+00 6.319099665E-02 4.945199937E-03
 1.455500023E-04 6.473199755E-05 1.857900023E-01 -3.654600000E+05 7.987200000E+04 1.608899994E+02 4.849299927E+02 -8.578199768E+01 2.566700134E+02 2.329999924E+00 6.224700063E-02 5.021099932E-03
 1.476000034E-04 6.432399823E-05 1.831399947E-01 -3.945700000E+05 8.638400000E+04 1.611300049E+02 4.843399963E+02 -8.617600250E+01 2.754200134E+02 2.325900078E+00 6.144800037E-02 5.093699787E-03
 1.496500045E-04 6.391599891E-05 1.810600013E-01 -4.468500000E+05 9.480300000E+04 1.621799927E+02 4.822699890E+02 -8.609700012E+01 3.002500000E+02 2.308799982E+00 6.114400178E-02 5.152100231E-03
 1.517000055E-04 6.350799958E-05 1.826899946E-01 -6.283900000E+05 1.473200000E+05 1.687400055E+02 4.713399963E+02 -8.294200134E+01 4.482300110E+02 2.213000059E+00 6.422600150E-02 5.106799770E-03
 1.537500066E-04 6.310000026E-05 1.990199983E-01 -1.073200000E+06 2.936700000E+05 1.916300049E+02 4.306499939E+02 -6.980100250E+01 9.630000000E+02 1.904500008E+00 7.995499671E-02 4.711700138E-03
 1.557999931E-04 6.269200094E-05 2.556500137E-01 -1.275000000E+06 3.720100000E+05 2.318699951E+02 3.430599976E+02 -4.193099976E+01 1.616900024E+03 1.380300045E+00 1.255999953E-01 3.760300111E-03
 1.578499941E-04 6.228400161E-05 3.712700009E-01 -7.579200000E+05 2.221100000E+05 2.675400085E+02 2.409900055E+02 -1.107299995E+01 1.510300049E+03 8.912500143E-01 2.088699937E-01 2.619599923E-03
 1.598999952E-04 6.187600229E-05 4.963099957E-01 -2.000900000E+05 5.681700000E+04 2.846600037E+02 1.763800049E+02 6.335499763E+00 7.332999878E+02 6.286799908E-01 2.947300076E-01 1.902200049E-03
 1.619499963E-04 6.146800297E-05 5.653899908E-01 -4.417700000E+04 1.981100000E+04 2.906000061E+02 1.516100006E+02 1.014400005E+01 2.246999969E+02 5.350199938E-01 3.422000110E-01 1.651400002E-03
 1.639999973E-04 6.105999637E-05 5.862799883E-01 -2.206900000E+04 1.792400000E+04 2.927900085E+02 1.426000061E+02 8.444600105E+00 7.641000366E+01 5.010700226E-01 3.574599922E-01 1.591100008E-03
 1.660499984E-04 6.065200068E-05 5.923600197E-01 -2.137000000E+04 1.714800000E+04 2.938699951E+02 1.373099976E+02 6.333099842E+00 5.701699829E+01 4.812400043E-01 3.624899983E-01 1.574800001E-03
 1.680999994E-04 6.024400136E-05 5.957300067E-01 -1.706500000E+04 1.388600000E+04 2.943599854E+02 1.332500000E+02 4.292300224E+00 5.675899887E+01 4.663600028E-01 3.651700020E-01 1.565800048E-03
 1.701500005E-04 5.983599840E-05 5.978099704E-01 -9.574700195E+03 8.449700195E+03 2.948999939E+02 1.296799927E+02 2.109800100E+00 6.443199921E+01 4.532800019E-01 3.671100140E-01 1.560400007E-03
 1.722000015E-04 5.942799908E-05 5.998100042E-01 -5.980799805E+03 4.323700195E+03 2.953500061E+02 1.263899994E+02 5.922300220E-01 8.360900116E+01 4.413999915E-01 3.689000010E-01 1.555199968E-03
 1.742500026E-04 5.901999975E-05 6.015099883E-01 -6.874399902E+03 1.839300049E+03 2.956000061E+02 1.234199982E+02 -2.977800071E-01 9.869200134E+01 4.308300018E-01 3.702600002E-01 1.550800051E-03
 1.763000037E-04 5.861200043E-05 6.031299829E-01 -2.825199951E+03 7.366000000E+03 2.958999939E+02 1.204599991E+02 -8.455200195E-01 1.166299973E+02 4.202899933E-01 3.716399968E-01 1.546600019E-03
 1.783500047E-04 5.820400111E-05 6.048200130E-01 -3.730600098E+03 1.356800000E+04 2.961099854E+02 1.176600037E+02 -1.256100059E+00 1.198199997E+02 4.103699923E-01 3.729400039E-01 1.542299986E-03
 1.804000058E-04 5.779600178E-05 6.057400107E-01 -5.704399902E+03 1.428900000E+04 2.965199890E+02 1.149700012E+02 -1.316300035E+00 1.299100037E+02 4.007399976E-01 3.740200102E-01 1.539899968E-03
 1.824500068E-04 5.738799882E-05 6.060400009E-01 -1.435100000E+04 1.905800000E+04 2.970899963E+02 1.125100021E+02 -1.181399941E+00 1.405399933E+02 3.917500079E-01 3.749299943E-01 1.539199962E-03
 1.844999933E-04 5.697999950E-05 6.065800190E-01 -2.022100000E+04 1.040400000E+04 2.973299866E+02 1.103799973E+02 -1.172500014E+00 1.357799988E+02 3.842099905E-01 3.755599856E-01 1.537799952E-03
 1.865499944E-04 5.657200018E-05 6.081299782E-01 -5.061200195E+03 5.242600098E+03 2.972300110E+02 1.083000031E+02 -1.118399978E+00 1.167300034E+02 3.770299852E-01 3.763999939E-01 1.533900038E-03
 1.885999955E-04 5.616400085E-05 6.091899872E-01 7.075200195E+02 8.949500000E+03 2.971400146E+02 1.064100037E+02 -7.539799809E-01 1.065199966E+02 3.704900146E-01 3.769400120E-01 1.531200018E-03
 1.906499965E-04 5.575600153E-05 6.093299985E-01 -6.488299805E+03 8.122700195E+03 2.973299866E+02 1.045599976E+02 4.288399965E-02 1.138600006E+02 3.639200032E-01 3.772700131E-01 1.530900015E-03
 1.926999976E-04 5.534799857E-05 6.097400188E-01 -6.359700195E+03 1.087900000E+04 2.975899963E+02 1.025000000E+02 1.009199977E+00 1.236100006E+02 3.566100001E-01 3.778499961E-01 1.529800007E-03
 1.947499986E-04 5.493999925E-05 6.104599833E-01 8.296799927E+02 9.289000000E+03 2.976900024E+02 1.004599991E+02 1.925300002E+00 1.398000031E+02 3.495000005E-01 3.784300089E-01 1.527999993E-03
 1.967999997E-04 5.453199992E-05 6.113299727E-01 3.137199951E+03 1.686599976E+03 2.979200134E+02 9.867099762E+01 2.693200111E+00 1.409499969E+02 3.432199955E-01 3.792600036E-01 1.525899977E-03
 1.988500007E-04 5.412400060E-05 6.110799909E-01 1.573900024E+03 -2.338699951E+03 2.980899963E+02 9.732900238E+01 3.685600042E+00 1.465899963E+02 3.385800123E-01 3.793199956E-01 1.526499982E-03
 2.009000018E-04 5.371600128E-05 6.097000241E-01 -2.328199951E+03 4.381799805E+03 2.982000122E+02 9.625199890E+01 5.389900208E+00 1.721499939E+02 3.350700140E-01 3.786099851E-01 1.529900008E-03
 2.029500029E-04 5.330799831E-05 6.085299850E-01 -7.135100098E+03 4.560100098E+03 2.985000000E+02 9.530999756E+01 7.207099915E+00 1.801399994E+02 3.320499957E-01 3.782500029E-01 1.532900031E-03
 2.050000039E-04 5.289999899E-05 6.079999804E-01 -1.036500000E+04 4.210000000E+02 2.986600037E+02 9.492299652E+01 7.995399952E+00 1.787899933E+02 3.308199942E-01 3.781299889E-01 1.534200041E-03
 0.000000000E+00 7.333300164E-05 1.600700021E+00 -5.158300000E+04 2.718800000E+04 3.000000000E+02 6.557599640E+01 -6.676399708E-01 2.246000061E+02 2.296700031E-01 1.003499985E+00 5.815399927E-04
 2.049999921E-06 7.375999849E-05 1.604300022E+00 -2.983900000E+04 1.560900000E+04 3.002399902E+02 6.799700165E+01 -4.152700007E-01 2.211199951E+02 2.367299944E-01 1.004799962E+00 5.808299757E-04
 4.099999842E-06 7.418700261E-05 1.605700016E+00 -2.046800049E+03 6.509799805E+03 3.006199951E+02 7.251100159E+01 2.691499889E-01 1.871600037E+02 2.509900033E-01 1.005200028E+00 5.809299764E-04
 6.149999990E-06 7.461300265E-05 1.601400018E+00 -6.427200195E+03 1.449400000E+04 3.007799988E+02 7.642299652E+01 1.162600040E+00 2.037700043E+02 2.644999921E-01 1.003000021E+00 5.824799882E-04
 8.199999684E-06 7.503999950E-05 1.598899961E+00 -1.902300000E+04 1.365800000E+04 3.005700073E+02 7.996499634E+01 2.148999929E+00 2.221000061E+02 2.769399881E-01 1.000800014E+00 5.833900068E-04
 1.024999983E-05 7.546700363E-05 1.597300053E+00 -6.297399902E+03 9.401400391E+03 3.002399902E+02 8.344799805E+01 3.139100075E+00 2.114299927E+02 2.892499864E-01 9.986199737E-01 5.840000231E-04
 1.229999998E-05 7.589299639E-05 1.595199943E+00 1.250100000E+04 1.175599976E+03 3.001199951E+02 8.696299744E+01 4.329599857E+00 2.228000031E+02 3.016400039E-01 9.969300032E-01 5.847699940E-04
 1.435000013E-05 7.632000052E-05 1.592399955E+00 -2.016500092E+01 -9.484299805E+03 2.999500122E+02 9.052300262E+01 5.531499863E+00 2.198300018E+02 3.142800033E-01 9.945899844E-01 5.857999786E-04
 1.639999937E-05 7.674699737E-05 1.589200020E+00 -1.043400000E+04 -3.866199951E+03 2.996300049E+02 9.407199860E+01 6.893300056E+00 2.096799927E+02 3.270399868E-01 9.915800095E-01 5.869499873E-04
 1.845000043E-05 7.717299741E-05 1.583600044E+00 -1.019000000E+04 1.280600000E+04 2.994599915E+02 9.764099884E+01 8.067199707E+00 2.451399994E+02 3.397800028E-01 9.875500202E-01 5.890200264E-04
 2.049999966E-05 7.760000153E-05 1.577600002E+00 -5.184399902E+03 1.400400000E+04 2.992799988E+02 1.011800003E+02 9.152600288E+00 2.759200134E+02 3.524500132E-01 9.831699729E-01 5.912799970E-04
 2.255000072E-05 7.802699838E-05 1.572499990E+00 7.621700195E+03 1.207100000E+04 2.988200073E+02 1.049300003E+02 1.053699970E+01 2.418300018E+02 3.661499918E-01 9.784799814E-01 5.932099884E-04
 2.459999996E-05 7.845299842E-05 1.565999985E+00 -1.027300049E+03 1.300700000E+04 2.982600098E+02 1.090699997E+02 1.174300003E+01 1.770800018E+02 3.812099993E-01 9.726700187E-01 5.956399837E-04
 2.664999920E-05 7.888000255E-05 1.560199976E+00 4.649600098E+03 -6.259500000E+03 2.976799927E+02 1.132799988E+02 1.308899975E+01 1.592899933E+02 3.966700137E-01 9.671400189E-01 5.978799891E-04
 2.870000026E-05 7.930699940E-05 1.551800013E+00 2.454200000E+04 -1.273800000E+04 2.971499939E+02 1.178600006E+02 1.440100002E+01 1.933200073E+02 4.133999944E-01 9.602599740E-01 6.010999787E-04
 3.075000132E-05 7.973299944E-05 1.540300012E+00 1.509300000E+04 1.207100000E+04 2.964899902E+02 1.230899963E+02 1.579100037E+01 2.166300049E+02 4.325500131E-01 9.509800076E-01 6.056199782E-04
 3.279999873E-05 8.016000356E-05 1.527400017E+00 7.357600098E+03 1.704000000E+04 2.957500000E+02 1.286900024E+02 1.745700073E+01 2.163600006E+02 4.532000124E-01 9.407200217E-01 6.107100053E-04
 3.484999979E-05 8.058700041E-05 1.513700008E+00 3.538300049E+03 9.004599609E+03 2.950700073E+02 1.347599945E+02 1.922200012E+01 1.878399963E+02 4.756000042E-01 9.300900102E-01 6.162599893E-04
 3.690000085E-05 8.101300045E-05 1.497799993E+00 -3.148800049E+03 1.651200000E+04 2.940599976E+02 1.417400055E+02 2.069899940E+01 2.138300018E+02 5.013300180E-01 9.171800017E-01 6.228099810E-04
 3.894999827E-05 8.143999730E-05 1.476699948E+00 -3.237199951E+03 7.034100098E+03 2.928599854E+02 1.498099976E+02 2.220100021E+01 2.559700012E+02 5.311300159E-01 9.005600214E-01 6.317300140E-04
 4.099999933E-05 8.186700143E-05 1.453799963E+00 3.266500000E+03 2.080500000E+03 2.912399902E+02 1.591100006E+02 2.402599907E+01 2.361100006E+02 5.659099817E-01 8.817200065E-01 6.416499964E-04
 4.305000039E-05 8.229300147E-05 1.427700043E+00 2.679700000E+04 1.097300000E+04 2.890199890E+02 1.696900024E+02 2.558200073E+01 1.859299927E+02 6.058400273E-01 8.593000174E-01 6.534400163E-04
 4.510000144E-05 8.271999832E-05 1.391600013E+00 4.330400000E+04 1.678800000E+04 2.864100037E+02 1.821699982E+02 2.664999962E+01 1.811000061E+02 6.529600024E-01 8.300099969E-01 6.704700063E-04
 4.714999886E-05 8.314700244E-05 1.344699979E+00 5.114000000E+04 9.385700195E+03 2.830799866E+02 1.974600067E+02 2.680299950E+01 2.274499969E+02 7.109100223E-01 7.927899957E-01 6.939399755E-04
 4.919999992E-05 8.357300248E-05 1.282500029E+00 4.916500000E+04 6.215700073E+02 2.786499939E+02 2.165399933E+02 2.507500076E+01 1.328500061E+02 7.839699984E-01 7.443799973E-01 7.278900011E-04
 5.125000098E-05 8.399999933E-05 1.199399948E+00 6.731900000E+04 -1.671100000E+04 2.726000061E+02 2.399799957E+02 1.987700081E+01 -1.436999969E+02 8.758100271E-01 6.812099814E-01 7.789200172E-04
 5.329999840E-05 8.361600339E-05 1.093400002E+00 8.804600000E+04 -5.357600000E+04 2.647399902E+02 2.669700012E+02 8.267999649E+00 -3.337200012E+02 9.861800075E-01 6.032999754E-01 8.556600078E-04
 5.534999946E-05 8.323200018E-05 9.769399762E-01 6.171400000E+04 -6.324000000E+04 2.556600037E+02 2.940400085E+02 -9.915200233E+00 -4.321600037E+02 1.105499983E+00 5.206900239E-01 9.582400089E-04
 5.740000051E-05 8.284799696E-05 8.676499724E-01 3.860400000E+04 -6.799900000E+04 2.464400024E+02 3.172000122E+02 -3.169799995E+01 -4.756700134E+02 1.219900012E+00 4.457699955E-01 1.079199952E-03
 5.945000157E-05 8.246400103E-05 7.713199854E-01 1.435400000E+04 -6.715300000E+04 2.378600006E+02 3.358299866E+02 -5.379800034E+01 -3.717399902E+02 1.324499965E+00 3.824599981E-01 1.213800046E-03
 6.150000263E-05 8.207999781E-05 6.914299726E-01 -1.551700000E+04 -4.500400000E+04 2.303099976E+02 3.506600037E+02 -7.309500122E+01 -2.135299988E+02 1.417299986E+00 3.318899870E-01 1.353000058E-03
 6.354999641E-05 8.169600187E-05 6.296899915E-01 -3.283600000E+04 -2.716400000E+04 2.240700073E+02 3.619100037E+02 -8.823799896E+01 -1.036600037E+02 1.493899941E+00 2.939800024E-01 1.484300010E-03
 6.559999747E-05 8.131199866E-05 5.825999975E-01 -6.076600000E+04 -3.288600098E+03 2.190599976E+02 3.706199951E+02 -9.869200134E+01 1.015299988E+01 1.555400014E+00 2.658700049E-01 1.603399985E-03
 6.764999853E-05 8.092800272E-05 5.447800159E-01 -7.923600000E+04 1.658800000E+04 2.147899933E+02 3.783900146E+02 -1.051900024E+02 9.638300323E+01 1.608399987E+00 2.437500060E-01 1.714100013E-03
 6.969999959E-05 8.054399950E-05 5.155400038E-01 -9.051000000E+04 3.033300000E+04 2.112700043E+02 3.849599915E+02 -1.085500031E+02 1.587799988E+02 1.651499987E+00 2.268500030E-01 1.810500049E-03
 7.175000064E-05 8.016000356E-05 4.932900071E-01 -1.031800000E+05 4.779800000E+04 2.086300049E+02 3.905599976E+02 -1.092900009E+02 2.068000031E+02 1.685199976E+00 2.143300027E-01 1.891799970E-03
 7.380000170E-05 7.977600035E-05 4.738300145E-01 -1.051800000E+05 5.458200000E+04 2.061399994E+02 3.959400024E+02 -1.084100037E+02 2.200000000E+02 1.715999961E+00 2.034199983E-01 1.969400095E-03
 7.585000276E-05 7.939199713E-05 4.566600025E-01 -1.113100000E+05 5.587500000E+04 2.038600006E+02 4.009800110E+02 -1.065500031E+02 2.353099976E+02 1.743999958E+00 1.938699931E-01 2.043300075E-03
 7.789999654E-05 7.900800119E-05 4.411500096E-01 -1.178100000E+05 6.273100000E+04 2.018000031E+02 4.061499939E+02 -1.037300034E+02 2.403000031E+02 1.771000028E+00 1.853999943E-01 2.115099924E-03
 7.994999760E-05 7.862399798E-05 4.271799922E-01 -1.228600000E+05 5.955500000E+04 1.996699982E+02 4.112699890E+02 -1.007200012E+02 2.413300018E+02 1.798400044E+00 1.776400059E-01 2.184099983E-03
 8.199999866E-05 7.824000204E-05 4.148499966E-01 -1.344300000E+05 5.519400000E+04 1.978600006E+02 4.157300110E+02 -9.796499634E+01 2.436000061E+02 1.822399974E+00 1.709399968E-01 2.248999896E-03
 8.404999971E-05 7.785599882E-05 4.022699893E-01 -1.461500000E+05 5.423100000E+04 1.960700073E+02 4.202999878E+02 -9.536399841E+01 2.317799988E+02 1.847200036E+00 1.642600000E-01 2.319500083E-03
 8.610000077E-05 7.747200289E-05 3.900299966E-01 -1.502400000E+05 4.787600000E+04 1.941100006E+02 4.248099976E+02 -9.288800049E+01 1.973399963E+02 1.873200059E+00 1.576599926E-01 2.392200055E-03
 8.815000183E-05 7.708799967E-05 3.784700036E-01 -1.498400000E+05 4.364600000E+04 1.920800018E+02 4.289700012E+02 -9.009200287E+01 1.921199951E+02 1.898100019E+00 1.513999999E-01 2.465300029E-03
 9.020000289E-05 7.670399646E-05 3.669500053E-01 -1.499400000E+05 4.706700000E+04 1.900299988E+02 4.330799866E+02 -8.781400299E+01 2.001499939E+02 1.923799992E+00 1.452199966E-01 2.542699920E-03
 9.224999667E-05 7.632000052E-05 3.552899957E-01 -1.524600000E+05 4.627300000E+04 1.881499939E+02 4.371900024E+02 -8.613800049E+01 1.836799927E+02 1.949699998E+00 1.392199993E-01 2.626199974E-03
 9.429999773E-05 7.593599730E-05 3.440900147E-01 -1.667200000E+05 4.731800000E+04 1.864799957E+02 4.407399902E+02 -8.430400085E+01 1.730099945E+02 1.972100019E+00 1.336299926E-01 2.711500041E-03
 9.634999878E-05 7.555200136E-05 3.337399960E-01 -1.780900000E+05 5.011100000E+04 1.848500061E+02 4.438299866E+02 -8.268599701E+01 1.783300018E+02 1.992900014E+00 1.284800023E-01 2.795699984E-03
 9.839999984E-05 7.516799815E-05 3.239800036E-01 -1.855000000E+05 4.547800000E+04 1.832799988E+02 4.472500000E+02 -8.159999847E+01 1.779799957E+02 2.015500069E+00 1.236499995E-01 2.879800042E-03
 1.004500009E-04 7.478400221E-05 3.149400055E-01 -1.861600000E+05 4.357800000E+04 1.817400055E+02 4.504299927E+02 -8.073999786E+01 1.781999969E+02 2.037199974E+00 1.191999987E-01 2.962500090E-03
 1.025000020E-04 7.439999899E-05 3.058699965E-01 -1.810100000E+05 4.287100000E+04 1.800899963E+02 4.535299988E+02 -7.984600067E+01 1.726799927E+02 2.059499979E+00 1.147100031E-01 3.050399944E-03
 1.045500030E-04 7.401600305E-05 2.969099879E-01 -1.876000000E+05 3.955200000E+04 1.785299988E+02 4.563599854E+02 -7.903099823E+01 1.617200012E+02 2.080300093E+00 1.103900000E-01 3.142399946E-03
 1.065999968E-04 7.363199984E-05 2.880899906E-01 -1.941600000E+05 3.877600000E+04 1.770599976E+02 4.592399902E+02 -7.829000092E+01 1.501799927E+02 2.101200104E+00 1.062299982E-01 3.238700097E-03
 1.086499979E-04 7.324799662E-05 2.795099914E-01 -1.948100000E+05 3.933900000E+04 1.754900055E+02 4.621000061E+02 -7.749299622E+01 1.602700043E+02 2.122800112E+00 1.021500006E-01 3.338000039E-03
 1.106999989E-04 7.286400069E-05 2.717100084E-01 -1.979700000E+05 3.771200000E+04 1.741600037E+02 4.644100037E+02 -7.713500214E+01 1.630599976E+02 2.140899897E+00 9.854599833E-02 3.433699952E-03
 1.127500000E-04 7.247999747E-05 2.642999887E-01 -2.043700000E+05 3.966400000E+04 1.728600006E+02 4.665899963E+02 -7.703299713E+01 1.524199982E+02 2.158699989E+00 9.514699876E-02 3.530000104E-03
 1.148000010E-04 7.209600153E-05 2.573300004E-01 -2.002000000E+05 3.601900000E+04 1.713099976E+02 4.688900146E+02 -7.707599640E+01 1.416900024E+02 2.178900003E+00 9.180299938E-02 3.625599900E-03
 1.168500021E-04 7.171199832E-05 2.507100105E-01 -2.037800000E+05 3.519700000E+04 1.700599976E+02 4.712000122E+02 -7.677999878E+01 1.436499939E+02 2.197099924E+00 8.878699690E-02 3.721300047E-03
 1.189000031E-04 7.132800238E-05 2.443599999E-01 -2.109100000E+05 4.130100000E+04 1.689600067E+02 4.734899902E+02 -7.644699860E+01 1.536399994E+02 2.214499950E+00 8.597899973E-02 3.817999968E-03
 1.209499969E-04 7.094399916E-05 2.383800000E-01 -2.091600000E+05 3.975700000E+04 1.677500000E+02 4.755700073E+02 -7.674199677E+01 1.462599945E+02 2.232199907E+00 8.327600360E-02 3.913700115E-03
 1.230000053E-04 7.056000322E-05 2.323600054E-01 -2.061700000E+05 3.294800000E+04 1.664900055E+02 4.775199890E+02 -7.694400024E+01 1.445399933E+02 2.249799967E+00 8.055900037E-02 4.015199840E-03
 1.250500063E-04 7.017600001E-05 2.267699987E-01 -2.028700000E+05 2.916400000E+04 1.652799988E+02 4.795000000E+02 -7.709700012E+01 1.395000000E+02 2.267199993E+00 7.805299759E-02 4.113900010E-03
 1.270999928E-04 6.979199679E-05 2.217999995E-01 -2.048500000E+05 3.225200000E+04 1.643699951E+02 4.811400146E+02 -7.708999634E+01 1.420800018E+02 2.280999899E+00 7.592199743E-02 4.206100013E-03
 1.291499939E-04 6.940800085E-05 2.169799954E-01 -2.038500000E+05 3.682900000E+04 1.634400024E+02 4.826900024E+02 -7.701999664E+01 1.480500031E+02 2.294600010E+00 7.385200262E-02 4.299500026E-03
 1.311999949E-04 6.902399764E-05 2.121800035E-01 -2.068400000E+05 3.950300000E+04 1.624100037E+02 4.843299866E+02 -7.729799652E+01 1.426499939E+02 2.309700012E+00 7.176200300E-02 4.396900069E-03
 1.332499960E-04 6.864000170E-05 2.076600045E-01 -2.216100000E+05 4.281900000E+04 1.616799927E+02 4.855299988E+02 -7.779900360E+01 1.435399933E+02 2.320800066E+00 6.991799921E-02 4.492499866E-03
 1.352999971E-04 6.825599849E-05 2.037400007E-01 -2.432000000E+05 4.747600000E+04 1.613000031E+02 4.860400085E+02 -7.816600037E+01 1.570899963E+02 2.326200008E+00 6.843499839E-02 4.578799941E-03
 1.373499981E-04 6.787200255E-05 2.002400011E-01 -2.651100000E+05 5.090500000E+04 1.610800018E+02 4.861799927E+02 -7.841899872E+01 1.712200012E+02 2.328700066E+00 6.716699898E-02 4.658699967E-03
 1.393999992E-04 6.748799933E-05 1.967599988E-01 -2.811200000E+05 5.292800000E+04 1.607500000E+02 4.865899963E+02 -7.872000122E+01 1.872299957E+02 2.333199978E+00 6.586500257E-02 4.741299897E-03
 1.414500002E-04 6.710400339E-05 1.932300031E-01 -3.048800000E+05 5.684100000E+04 1.604799957E+02 4.872300110E+02 -7.929399872E+01 1.949600067E+02 2.338599920E+00 6.457400322E-02 4.827800207E-03
 1.435000013E-04 6.672000018E-05 1.900400072E-01 -3.325300000E+05 6.430900000E+04 1.604499969E+02 4.874500122E+02 -7.993000031E+01 2.067899933E+02 2.340300083E+00 6.349600106E-02 4.908899777E-03
 1.455500023E-04 6.633599696E-05 1.870599985E-01 -3.539700000E+05 7.204800000E+04 1.604700012E+02 4.872500000E+02 -8.019200134E+01 2.233000031E+02 2.339499950E+00 6.250499934E-02 4.987100139E-03
 1.476000034E-04 6.595200102E-05 1.841399968E-01 -3.759800000E+05 7.704900000E+04 1.604400024E+02 4.868900146E+02 -8.047699738E+01 2.394199982E+02 2.338200092E+00 6.152199954E-02 5.065999925E-03
 1.496500045E-04 6.556799781E-05 1.816900074E-01 -4.109400000E+05 8.242000000E+04 1.609499969E+02 4.857300110E+02 -8.087599945E+01 2.612900085E+02 2.329400063E+00 6.089499965E-02 5.134200212E-03
 1.517000055E-04 6.518400187E-05 1.819400042E-01 -5.487300000E+05 1.203900000E+05 1.655200043E+02 4.782600098E+02 -7.904299927E+01 3.708500061E+02 2.262200117E+00 6.272199750E-02 5.127400160E-03
 1.537500066E-04 6.479999865E-05 1.929499954E-01 -9.501700000E+05 2.443000000E+05 1.835200043E+02 4.472099915E+02 -6.931300354E+01 7.708800049E+02 2.014199972E+00 7.404699922E-02 4.847799893E-03
 1.557999931E-04 6.441600272E-05 2.362100035E-01 -1.300700000E+06 3.610600000E+05 2.208399963E+02 3.703999939E+02 -4.582500076E+01 1.441000000E+03 1.526700020E+00 1.103599966E-01 4.034699872E-03
 1.578499941E-04 6.403199950E-05 3.389900029E-01 -9.354900000E+05 2.663800000E+05 2.602099915E+02 2.655400085E+02 -1.508600044E+01 1.584500000E+03 9.987000227E-01 1.861100048E-01 2.877400024E-03
 1.598999952E-04 6.364800356E-05 4.705100060E-01 -3.015500000E+05 8.498600000E+04 2.820299988E+02 1.884799957E+02 5.703599930E+00 9.090700073E+02 6.753900051E-01 2.771300077E-01 2.020499902E-03
 1.619499963E-04 6.326400035E-05 5.570399761E-01 -5.887100000E+04 1.922600000E+04 2.898599854E+02 1.563500061E+02 1.178299999E+01 2.789599915E+02 5.528399944E-01 3.363400102E-01 1.677999971E-03
 1.639999973E-04 6.287999713E-05 5.869600177E-01 -2.411900000E+04 9.631900391E+03 2.925499878E+02 1.458800049E+02 1.082600021E+01 6.805500031E+01 5.133000016E-01 3.575800061E-01 1.589399995E-03
 1.660499984E-04 6.249600119E-05 5.945699811E-01 -2.856900000E+04 1.740700000E+04 2.936300049E+02 1.410500031E+02 8.475500107E+00 5.747600174E+01 4.949199855E-01 3.635500073E-01 1.568899956E-03
 1.680999994E-04 6.211199798E-05 5.981299877E-01 -1.951700000E+04 2.361500000E+04 2.941400146E+02 1.373899994E+02 5.986700058E+00 4.952899933E+01 4.812400043E-01 3.663600087E-01 1.559600001E-03
 1.701500005E-04 6.172800204E-05 6.007599831E-01 -9.423099609E+03 1.443300000E+04 2.944299927E+02 1.340899963E+02 3.805000067E+00 6.329800034E+01 4.691799879E-01 3.683300018E-01 1.552699949E-03
 1.722000015E-04 6.134399882E-05 6.018400192E-01 -1.389500000E+04 1.026600000E+04 2.948900146E+02 1.310099945E+02 2.272000074E+00 8.398100281E+01 4.579299986E-01 3.695800006E-01 1.549900044E-03
 1.742500026E-04 6.095999925E-05 6.027200222E-01 -1.021300000E+04 8.509799805E+03 2.953299866E+02 1.280500031E+02 1.137300014E+00 8.132499695E+01 4.472000003E-01 3.706699908E-01 1.547600026E-03
 1.763000037E-04 6.057599967E-05 6.043499708E-01 6.173599854E+02 1.542400000E+04 2.957300110E+02 1.252200012E+02 5.541200042E-01 1.064300003E+02 4.370000064E-01 3.721800148E-01 1.543499995E-03
 1.783500047E-04 6.019200009E-05 6.058800220E-01 -1.934099976E+03 1.812000000E+04 2.959299927E+02 1.226399994E+02 1.089200005E-01 1.054199982E+02 4.278599918E-01 3.733699918E-01 1.539599965E-03
 1.804000058E-04 5.980800051E-05 6.067500114E-01 -7.854899902E+03 1.181800000E+04 2.961400146E+02 1.202799988E+02 -1.184000000E-01 1.047300034E+02 4.194599986E-01 3.741700053E-01 1.537399949E-03
 1.824500068E-04 5.942400094E-05 6.070799828E-01 -1.292900000E+04 1.646800000E+04 2.967000122E+02 1.182099991E+02 -2.272399962E-01 1.197600021E+02 4.118500054E-01 3.750799894E-01 1.536500058E-03
 1.844999933E-04 5.904000136E-05 6.075999737E-01 -1.473900000E+04 1.197700000E+04 2.969500122E+02 1.163300018E+02 -5.320100188E-01 1.306600037E+02 4.051400125E-01 3.757100105E-01 1.535200048E-03
 1.865499944E-04 5.865600178E-05 6.085299850E-01 -4.661799805E+03 5.793399902E+03 2.969100037E+02 1.144599991E+02 -6.168000102E-01 1.231900024E+02 3.986600041E-01 3.762399852E-01 1.532900031E-03
 1.885999955E-04 5.827199857E-05 6.095600128E-01 4.199299805E+03 6.649299805E+03 2.968999939E+02 1.126200027E+02 -2.488099933E-01 1.012799988E+02 3.922500014E-01 3.768599927E-01 1.530300011E-03
 1.906499965E-04 5.788799899E-05 6.099299788E-01 4.245500000E+03 2.567699951E+03 2.969800110E+02 1.109000015E+02 5.928900242E-01 1.047500000E+02 3.862200081E-01 3.772000074E-01 1.529400004E-03
 1.926999976E-04 5.750399941E-05 6.098799706E-01 -3.902199951E+03 8.444000000E+03 2.973399963E+02 1.092900009E+02 1.558500051E+00 1.309799957E+02 3.804199994E-01 3.776299953E-01 1.529500005E-03
 1.947499986E-04 5.711999984E-05 6.103100181E-01 -8.790700073E+02 1.146600000E+04 2.973399963E+02 1.076900024E+02 2.359400034E+00 1.514100037E+02 3.749200106E-01 3.778899908E-01 1.528399996E-03
 1.967999997E-04 5.673600026E-05 6.110900044E-01 4.709799805E+03 3.921500000E+03 2.972000122E+02 1.060500031E+02 2.797199965E+00 1.330500031E+02 3.693099916E-01 3.781999946E-01 1.526399981E-03
 1.988500007E-04 5.635200068E-05 6.111400127E-01 -3.618599854E+02 2.148300049E+03 2.972399902E+02 1.047099991E+02 3.748100042E+00 1.294100037E+02 3.647400141E-01 3.782800138E-01 1.526299980E-03
 2.009000018E-04 5.596800111E-05 6.102799773E-01 -2.720399902E+03 6.499500000E+03 2.973999939E+02 1.036699982E+02 5.391099930E+00 1.528699951E+02 3.612900078E-01 3.779500127E-01 1.528499997E-03
 2.029500029E-04 5.558400153E-05 6.090300083E-01 -4.678899902E+03 8.846200195E+03 2.976300049E+02 1.028199997E+02 6.745600224E+00 1.615299988E+02 3.584600091E-01 3.774699867E-01 1.531600021E-03
 2.050000039E-04 5.519999831E-05 6.083300114E-01 -6.237200195E+03 7.543500000E+03 2.976600037E+02 1.024899979E+02 7.321899891E+00 1.689600067E+02 3.574199975E-01 3.770700097E-01 1.533400035E-03
 0.000000000E+00 7.449999976E-05 1.600700021E+00 -4.397800000E+04 3.078300000E+04 3.000000000E+02 7.169899750E+01 -1.888200045E+00 2.495099945E+02 2.507500052E-01 1.003399968E+00 5.822399980E-04
 2.049999921E-06 7.490000280E-05 1.603199959E+00 -2.752900000E+04 1.230500000E+04 3.003200073E+02 7.416300201E+01 -1.511899948E+00 2.484400024E+02 2.579999864E-01 1.004299998E+00 5.815899931E-04
 4.099999842E-06 7.529999857E-05 1.604900002E+00 -2.478300049E+03 -5.889299927E+02 3.005799866E+02 7.850199890E+01 -5.875999928E-01 2.324100037E+02 2.717599869E-01 1.004500031E+00 5.812399904E-04
 6.149999990E-06 7.570000162E-05 1.601899981E+00 -4.571600098E+03 8.819400391E+03 3.005299988E+02 8.223799896E+01 4.821499884E-01 2.377700043E+02 2.847200036E-01 1.002500057E+00 5.823000101E-04
 8.199999684E-06 7.609999739E-05 1.598999977E+00 6.007600098E+02 7.089100098E+03 3.004200134E+02 8.571099854E+01 1.579100013E+00 2.270200043E+02 2.968400121E-01 1.000300050E+00 5.833799951E-04
 1.024999983E-05 7.650000043E-05 1.596600056E+00 2.080700000E+04 7.996799805E+03 3.002000122E+02 8.905999756E+01 2.588700056E+00 2.209799957E+02 3.086200058E-01 9.980900288E-01 5.842500250E-04
 1.229999998E-05 7.690000348E-05 1.594300032E+00 2.067700000E+04 8.753500000E+03 3.000000000E+02 9.234999847E+01 3.778100014E+00 2.407200012E+02 3.202599883E-01 9.959899783E-01 5.850900197E-04
 1.435000013E-05 7.729999925E-05 1.592200041E+00 2.923399902E+03 -2.097600098E+03 2.997600098E+02 9.552899933E+01 5.043799877E+00 2.008999939E+02 3.316000104E-01 9.939100146E-01 5.858400255E-04
 1.639999937E-05 7.770000229E-05 1.588500023E+00 -1.268500000E+04 -5.197600098E+03 2.996199951E+02 9.878800201E+01 6.367599964E+00 1.883099976E+02 3.432300091E-01 9.911000133E-01 5.872100010E-04
 1.845000043E-05 7.809999806E-05 1.582100034E+00 -1.587500000E+04 6.136300049E+02 2.995100098E+02 1.022099991E+02 7.542099953E+00 2.476600037E+02 3.553999960E-01 9.867299795E-01 5.896100192E-04
 2.049999966E-05 7.850000111E-05 1.576799989E+00 -5.790000000E+03 8.228400391E+03 2.991799927E+02 1.055599976E+02 8.646900177E+00 2.761600037E+02 3.675099909E-01 9.823799729E-01 5.915599759E-04
 2.255000072E-05 7.889999688E-05 1.571699977E+00 -1.901699951E+03 2.001900000E+04 2.986499939E+02 1.091399994E+02 9.858900070E+00 2.380700073E+02 3.805800080E-01 9.774399996E-01 5.935099907E-04
 2.459999996E-05 7.929999992E-05 1.564399958E+00 -1.661800000E+04 1.010700000E+04 2.981600037E+02 1.131100006E+02 1.101099968E+01 1.848999939E+02 3.949899971E-01 9.712899923E-01 5.962799769E-04
 2.664999920E-05 7.970000297E-05 1.558799982E+00 -1.205199951E+03 -1.167200000E+04 2.975899963E+02 1.170100021E+02 1.233300018E+01 1.619499969E+02 4.093300104E-01 9.660099745E-01 5.983900046E-04
 2.870000026E-05 8.009999874E-05 1.551599979E+00 1.149700000E+04 -3.740899902E+03 2.969800110E+02 1.215400009E+02 1.358500004E+01 2.014600067E+02 4.259099960E-01 9.595800042E-01 6.011800142E-04
 3.075000132E-05 8.050000179E-05 1.538900018E+00 1.561300000E+04 1.696300049E+03 2.963800049E+02 1.267699966E+02 1.486900043E+01 2.401699982E+02 4.449400008E-01 9.498000145E-01 6.061600288E-04
 3.279999873E-05 8.089999756E-05 1.525500059E+00 1.203600000E+04 -6.745200195E+03 2.957399902E+02 1.321100006E+02 1.646199989E+01 2.053600006E+02 4.646300077E-01 9.394599795E-01 6.114899879E-04
 3.484999979E-05 8.130000060E-05 1.511700034E+00 -8.221200195E+03 -9.034000000E+03 2.950599976E+02 1.380399933E+02 1.808900070E+01 1.879600067E+02 4.864400029E-01 9.288100004E-01 6.170800189E-04
 3.690000085E-05 8.169999637E-05 1.496799946E+00 -5.677000000E+03 1.949800049E+03 2.938999939E+02 1.447899933E+02 1.940999985E+01 1.978699951E+02 5.114300251E-01 9.160599709E-01 6.232300075E-04
 3.894999827E-05 8.209999942E-05 1.476600051E+00 5.048100098E+03 9.669699707E+02 2.926799927E+02 1.525299988E+02 2.072400093E+01 2.303099976E+02 5.399900079E-01 8.999699950E-01 6.317700027E-04
 4.099999933E-05 8.250000246E-05 1.452299953E+00 2.103200000E+04 5.961099854E+02 2.911700134E+02 1.617100067E+02 2.229199982E+01 2.463099976E+02 5.741800070E-01 8.805900216E-01 6.423299783E-04
 4.305000039E-05 8.289999823E-05 1.425300002E+00 3.607300000E+04 1.883700000E+04 2.889899902E+02 1.723099976E+02 2.384099960E+01 1.882799988E+02 6.141600013E-01 8.577700257E-01 6.545499782E-04
 4.510000144E-05 8.330000128E-05 1.389999986E+00 5.367800000E+04 1.602500000E+04 2.863900146E+02 1.845399933E+02 2.484600067E+01 1.627299957E+02 6.604099870E-01 8.289899826E-01 6.712300237E-04
 4.714999886E-05 8.369999705E-05 1.344200015E+00 5.970600000E+04 7.520399902E+03 2.830899963E+02 1.992100067E+02 2.477700043E+01 2.079900055E+02 7.161800265E-01 7.924900055E-01 6.942300242E-04
 4.919999992E-05 8.410000009E-05 1.283300042E+00 5.561700000E+04 3.623800049E+03 2.787699890E+02 2.174400024E+02 2.301799965E+01 1.365000000E+02 7.861700058E-01 7.451199889E-01 7.274199743E-04
 5.125000098E-05 8.450000314E-05 1.204599977E+00 6.832100000E+04 -1.675000000E+04 2.730100098E+02 2.395899963E+02 1.833099937E+01 -1.071500015E+02 8.731999993E-01 6.851300001E-01 7.754199905E-04
 5.329999840E-05 8.414000331E-05 1.105599999E+00 7.032400000E+04 -4.232500000E+04 2.655899963E+02 2.648500061E+02 8.103300095E+00 -3.103200073E+02 9.766100049E-01 6.119499803E-01 8.457900258E-04
 5.534999946E-05 8.378000348E-05 9.956200123E-01 4.811400000E+04 -5.260500000E+04 2.570100098E+02 2.906400146E+02 -7.856800079E+00 -4.067300110E+02 1.089499950E+00 5.333700180E-01 9.398799739E-04
 5.740000051E-05 8.341999637E-05 8.903399706E-01 3.689500000E+04 -6.197700000E+04 2.482700043E+02 3.137399902E+02 -2.740399933E+01 -4.429400024E+02 1.200600028E+00 4.607799947E-01 1.051199972E-03
 5.945000157E-05 8.305999654E-05 7.960399985E-01 1.436300000E+04 -5.676200000E+04 2.399600067E+02 3.328500061E+02 -4.752600098E+01 -3.671600037E+02 1.303500056E+00 3.981699944E-01 1.175699988E-03
 6.150000263E-05 8.269999671E-05 7.150099874E-01 -1.081400000E+04 -4.406700000E+04 2.323099976E+02 3.482000122E+02 -6.567199707E+01 -2.295200043E+02 1.395900011E+00 3.461999893E-01 1.308399951E-03
 6.354999641E-05 8.233999688E-05 6.496700048E-01 -2.563700000E+04 -3.394700000E+04 2.256300049E+02 3.603399963E+02 -8.076499939E+01 -1.290899963E+02 1.475900054E+00 3.054499924E-01 1.439000014E-03
 6.559999747E-05 8.197999705E-05 5.978699923E-01 -5.622900000E+04 -8.638000000E+03 2.201300049E+02 3.702399902E+02 -9.183999634E+01 -3.021199989E+01 1.543300033E+00 2.741900086E-01 1.562800026E-03
 6.764999853E-05 8.161999722E-05 5.559099913E-01 -7.841600000E+04 8.271099609E+03 2.154400024E+02 3.789899902E+02 -9.910600281E+01 5.924100113E+01 1.601899981E+00 2.494899929E-01 1.679999987E-03
 6.969999959E-05 8.125999739E-05 5.236600041E-01 -8.822200000E+04 2.335200000E+04 2.115800018E+02 3.861400146E+02 -1.034000015E+02 1.262600021E+02 1.649399996E+00 2.307700068E-01 1.782599953E-03
 7.175000064E-05 8.089999756E-05 4.982500076E-01 -9.730100000E+04 4.254400000E+04 2.086100006E+02 3.921499939E+02 -1.049899979E+02 1.830500031E+02 1.686900020E+00 2.164800018E-01 1.873299945E-03
 7.380000170E-05 8.053999773E-05 4.760099947E-01 -1.055900000E+05 5.115900000E+04 2.058300018E+02 3.981400146E+02 -1.046900024E+02 2.089499969E+02 1.722100019E+00 2.040600032E-01 1.960499911E-03
 7.585000276E-05 8.017999789E-05 4.568899870E-01 -1.133500000E+05 5.195800000E+04 2.032799988E+02 4.036600037E+02 -1.032399979E+02 2.205000000E+02 1.753900051E+00 1.934199929E-01 2.042399952E-03
 7.789999654E-05 7.981999806E-05 4.402999878E-01 -1.208500000E+05 5.763900000E+04 2.010099945E+02 4.087600098E+02 -1.007500000E+02 2.303600006E+02 1.782099962E+00 1.843200028E-01 2.119200071E-03
 7.994999760E-05 7.945999823E-05 4.256800115E-01 -1.219800000E+05 6.155000000E+04 1.988300018E+02 4.137200012E+02 -9.798200226E+01 2.265599976E+02 1.809599996E+00 1.762599945E-01 2.191900043E-03
 8.199999866E-05 7.909999840E-05 4.122900069E-01 -1.322600000E+05 5.591300000E+04 1.968800049E+02 4.183999939E+02 -9.507199860E+01 2.399299927E+02 1.835199952E+00 1.690399945E-01 2.263099886E-03
 8.404999971E-05 7.873999857E-05 3.993000090E-01 -1.475400000E+05 5.174400000E+04 1.950200043E+02 4.229299927E+02 -9.214199829E+01 2.331399994E+02 1.860200047E+00 1.621699929E-01 2.336699981E-03
 8.610000077E-05 7.837999874E-05 3.868399858E-01 -1.508700000E+05 4.671700000E+04 1.931100006E+02 4.272900085E+02 -8.953700256E+01 1.901900024E+02 1.885499954E+00 1.555700004E-01 2.411999973E-03
 8.815000183E-05 7.801999891E-05 3.748399913E-01 -1.541600000E+05 4.477300000E+04 1.911399994E+02 4.317200012E+02 -8.667199707E+01 1.774900055E+02 1.911499977E+00 1.492100060E-01 2.489299979E-03
 9.020000289E-05 7.765999908E-05 3.635100126E-01 -1.569300000E+05 4.788400000E+04 1.892500000E+02 4.358900146E+02 -8.389099884E+01 1.911799927E+02 1.936499953E+00 1.432700008E-01 2.566700103E-03
 9.224999667E-05 7.729999925E-05 3.524500132E-01 -1.578300000E+05 4.431300000E+04 1.874600067E+02 4.398200073E+02 -8.181700134E+01 1.721300049E+02 1.960999966E+00 1.376000047E-01 2.647300018E-03
 9.429999773E-05 7.693999942E-05 3.419100046E-01 -1.689600000E+05 4.272900000E+04 1.858500061E+02 4.434700012E+02 -7.979499817E+01 1.605500031E+02 1.983600020E+00 1.323300004E-01 2.728800057E-03
 9.634999878E-05 7.657999959E-05 3.321999907E-01 -1.788700000E+05 4.659200000E+04 1.843300018E+02 4.464500122E+02 -7.811900330E+01 1.707299957E+02 2.003499985E+00 1.275299937E-01 2.808599966E-03
 9.839999984E-05 7.621999976E-05 3.225699961E-01 -1.820700000E+05 4.365800000E+04 1.827700043E+02 4.495000000E+02 -7.695600128E+01 1.651100006E+02 2.024499893E+00 1.227800027E-01 2.892399905E-03
 1.004500009E-04 7.585999992E-05 3.129400015E-01 -1.825000000E+05 4.058400000E+04 1.811900024E+02 4.527900085E+02 -7.579000092E+01 1.718899994E+02 2.046900034E+00 1.180799976E-01 2.981599886E-03
 1.025000020E-04 7.550000009E-05 3.038200140E-01 -1.839600000E+05 4.116000000E+04 1.796300049E+02 4.558599854E+02 -7.467099762E+01 1.703699951E+02 2.068500042E+00 1.136500016E-01 3.070899984E-03
 1.045500030E-04 7.514000026E-05 2.951599956E-01 -1.906900000E+05 3.732800000E+04 1.780599976E+02 4.587799988E+02 -7.356600189E+01 1.545299988E+02 2.089799881E+00 1.094499975E-01 3.161099972E-03
 1.065999968E-04 7.478000043E-05 2.867400050E-01 -1.988300000E+05 3.449900000E+04 1.765500031E+02 4.616099854E+02 -7.259799957E+01 1.430500031E+02 2.110599995E+00 1.054299995E-01 3.253800096E-03
 1.086499979E-04 7.442000060E-05 2.788900137E-01 -2.022900000E+05 3.572300000E+04 1.750800018E+02 4.642399902E+02 -7.183999634E+01 1.477899933E+02 2.130700111E+00 1.016800031E-01 3.345400095E-03
 1.106999989E-04 7.406000077E-05 2.714399993E-01 -2.067700000E+05 3.684300000E+04 1.737899933E+02 4.665499878E+02 -7.147799683E+01 1.499799957E+02 2.148799896E+00 9.823600203E-02 3.437200096E-03
 1.127500000E-04 7.370000094E-05 2.642199993E-01 -2.102100000E+05 3.835800000E+04 1.725299988E+02 4.687399902E+02 -7.125499725E+01 1.372799988E+02 2.166399956E+00 9.493099898E-02 3.531000111E-03
 1.148000010E-04 7.334000111E-05 2.570100129E-01 -2.026600000E+05 3.585500000E+04 1.709700012E+02 4.715100098E+02 -7.124800110E+01 1.287799988E+02 2.188699961E+00 9.151200205E-02 3.630100051E-03
 1.168500021E-04 7.298000128E-05 2.502700090E-01 -2.040400000E+05 3.385800000E+04 1.696000061E+02 4.740199890E+02 -7.122499847E+01 1.390200043E+02 2.209000111E+00 8.839099854E-02 3.727700096E-03
 1.189000031E-04 7.262000145E-05 2.442799956E-01 -2.126800000E+05 3.703000000E+04 1.685200043E+02 4.758299866E+02 -7.094400024E+01 1.469400024E+02 2.224100113E+00 8.572799712E-02 3.818999976E-03
 1.209499969E-04 7.226000162E-05 2.383800000E-01 -2.111700000E+05 3.490100000E+04 1.674100037E+02 4.778800049E+02 -7.085399628E+01 1.350200043E+02 2.240900040E+00 8.310300112E-02 3.913800232E-03
 1.230000053E-04 7.190000179E-05 2.325000018E-01 -2.039100000E+05 2.741900000E+04 1.661000061E+02 4.800499878E+02 -7.071199799E+01 1.293099976E+02 2.259599924E+00 8.042299747E-02 4.012700170E-03
 1.250500063E-04 7.154000195E-05 2.270399928E-01 -2.072800000E+05 2.558400000E+04 1.649400024E+02 4.817799988E+02 -7.103700256E+01 1.219400024E+02 2.275700092E+00 7.798600197E-02 4.109099973E-03
 1.270999928E-04 7.118000212E-05 2.219599932E-01 -2.179500000E+05 3.111600000E+04 1.640099945E+02 4.831799927E+02 -7.144300079E+01 1.240000000E+02 2.288899899E+00 7.580900192E-02 4.203100223E-03
 1.291499939E-04 7.082000229E-05 2.171400040E-01 -2.184100000E+05 3.779000000E+04 1.630399933E+02 4.847000122E+02 -7.138099670E+01 1.342799988E+02 2.302700043E+00 7.372400165E-02 4.296400119E-03
 1.311999949E-04 7.046000246E-05 2.126699984E-01 -2.171600000E+05 3.972900000E+04 1.621000061E+02 4.864700012E+02 -7.148000336E+01 1.355899963E+02 2.317699909E+00 7.178899646E-02 4.386600107E-03
 1.332499960E-04 7.010000263E-05 2.086099982E-01 -2.330700000E+05 4.145300000E+04 1.615500031E+02 4.874599915E+02 -7.191500092E+01 1.384299927E+02 2.326600075E+00 7.017900050E-02 4.471899942E-03
 1.352999971E-04 6.974000280E-05 2.048500031E-01 -2.574800000E+05 4.480400000E+04 1.613000031E+02 4.877300110E+02 -7.236000061E+01 1.409199982E+02 2.329999924E+00 6.880500168E-02 4.554000217E-03
 1.373499981E-04 6.938000297E-05 2.012400031E-01 -2.738500000E+05 4.558300000E+04 1.609199982E+02 4.879800110E+02 -7.271299744E+01 1.502899933E+02 2.334100008E+00 6.743600219E-02 4.635800142E-03
 1.393999992E-04 6.902000314E-05 1.976300031E-01 -2.868700000E+05 4.933700000E+04 1.605099945E+02 4.884400024E+02 -7.303900146E+01 1.751799927E+02 2.339499950E+00 6.605499983E-02 4.720400088E-03
 1.414500002E-04 6.866000331E-05 1.942400038E-01 -3.116400000E+05 5.463800000E+04 1.603500061E+02 4.888900146E+02 -7.351599884E+01 1.855800018E+02 2.343100071E+00 6.485799700E-02 4.802700132E-03
 1.435000013E-04 6.830000348E-05 1.910199970E-01 -3.336800000E+05 6.086300000E+04 1.603000031E+02 4.891199951E+02 -7.413700104E+01 1.861900024E+02 2.345000029E+00 6.376300007E-02 4.883599933E-03
 1.455500023E-04 6.793999637E-05 1.879200041E-01 -3.511700000E+05 6.768900000E+04 1.601799927E+02 4.892000122E+02 -7.449700165E+01 1.941999969E+02 2.346499920E+00 6.268200278E-02 4.964199848E-03
 1.476000034E-04 6.757999654E-05 1.850399971E-01 -3.745100000E+05 6.844800000E+04 1.601199951E+02 4.892500000E+02 -7.483100128E+01 2.081499939E+02 2.347399950E+00 6.169899926E-02 5.041399971E-03
 1.496500045E-04 6.721999671E-05 1.825200021E-01 -4.028800000E+05 7.354600000E+04 1.604400024E+02 4.887699890E+02 -7.525399780E+01 2.301399994E+02 2.343100071E+00 6.097799912E-02 5.111100152E-03
 1.517000055E-04 6.685999688E-05 1.817100048E-01 -5.030400000E+05 1.029800000E+05 1.635200043E+02 4.837000122E+02 -7.435900116E+01 3.051300049E+02 2.297300100E+00 6.187700108E-02 5.133499857E-03
 1.537500066E-04 6.649999705E-05 1.888999939E-01 -8.403800000E+05 1.998200000E+05 1.771999969E+02 4.600799866E+02 -6.763899994E+01 6.116400146E+02 2.102699995E+00 6.987299770E-02 4.945099819E-03
 1.557999931E-04 6.613999722E-05 2.215500027E-01 -1.285400000E+06 3.362900000E+05 2.103999939E+02 3.949200134E+02 -4.857099915E+01 1.245099976E+03 1.664800048E+00 9.833200276E-02 4.271800164E-03
 1.578499941E-04 6.577999739E-05 3.097200096E-01 -1.101000000E+06 2.987600000E+05 2.518300018E+02 2.916600037E+02 -1.924799919E+01 1.591199951E+03 1.117799997E+00 1.650300026E-01 3.145199968E-03
 1.598999952E-04 6.541999755E-05 4.416899979E-01 -4.378800000E+05 1.221500000E+05 2.787300110E+02 2.034299927E+02 4.108799934E+00 1.082099976E+03 7.339100242E-01 2.575500011E-01 2.168999985E-03
 1.619499963E-04 6.505999772E-05 5.446199775E-01 -8.491800000E+04 2.575200000E+04 2.890700073E+02 1.621199951E+02 1.248799992E+01 3.817000122E+02 5.741599798E-01 3.280299902E-01 1.719700056E-03
 1.639999973E-04 6.469999789E-05 5.869299769E-01 -1.913300000E+04 4.333799805E+03 2.923200073E+02 1.486600037E+02 1.246100044E+01 1.047300034E+02 5.236799717E-01 3.572899997E-01 1.589699998E-03
 1.660499984E-04 6.433999806E-05 5.975700021E-01 -2.197300000E+04 1.226200000E+04 2.933900146E+02 1.438899994E+02 1.021800041E+01 6.872699738E+01 5.054600239E-01 3.650900126E-01 1.561000012E-03
 1.680999994E-04 6.397999823E-05 6.004899740E-01 -1.611500000E+04 2.091000000E+04 2.940700073E+02 1.407200012E+02 7.687600136E+00 5.839799881E+01 4.932399988E-01 3.677200079E-01 1.553399954E-03
 1.701500005E-04 6.361999840E-05 6.025599837E-01 -5.660399902E+03 1.552200000E+04 2.944200134E+02 1.377700043E+02 5.467800140E+00 5.655099869E+01 4.822500050E-01 3.694300056E-01 1.548100030E-03
 1.722000015E-04 6.325999857E-05 6.032000184E-01 -1.216600000E+04 9.067500000E+03 2.948299866E+02 1.351199951E+02 3.921700001E+00 6.834500122E+01 4.724799991E-01 3.703399897E-01 1.546400017E-03
 1.742500026E-04 6.289999874E-05 6.037499905E-01 -1.578300000E+04 8.135200195E+03 2.952500000E+02 1.326000061E+02 2.706799984E+00 6.691999817E+01 4.632200003E-01 3.711999953E-01 1.545000006E-03
 1.763000037E-04 6.253999891E-05 6.052700281E-01 -6.438600098E+03 1.716600000E+04 2.955199890E+02 1.300599976E+02 1.797399998E+00 7.667700195E+01 4.541099966E-01 3.724699914E-01 1.541099977E-03
 1.783500047E-04 6.217999908E-05 6.064199805E-01 -2.524100098E+03 2.018700000E+04 2.957600098E+02 1.276500015E+02 1.194300056E+00 7.075000000E+01 4.454700053E-01 3.734799922E-01 1.538199955E-03
 1.804000058E-04 6.181999925E-05 6.069800258E-01 -1.006700000E+04 1.390400000E+04 2.959800110E+02 1.256699982E+02 7.728300095E-01 8.023699951E+01 4.384000003E-01 3.741100132E-01 1.536799944E-03
 1.824500068E-04 6.145999942E-05 6.077399850E-01 -8.990200195E+03 1.188800000E+04 2.961600037E+02 1.239100037E+02 4.782699943E-01 1.097900009E+02 4.321100116E-01 3.747999966E-01 1.534900046E-03
 1.844999933E-04 6.109999958E-05 6.085500121E-01 -3.021799927E+02 1.242200000E+04 2.962399902E+02 1.221600037E+02 1.005299985E-01 1.218000031E+02 4.259600043E-01 3.754099905E-01 1.532800030E-03
 1.865499944E-04 6.073999975E-05 6.089000106E-01 -2.190699951E+03 1.219400000E+04 2.964100037E+02 1.204499969E+02 -3.051500022E-02 1.153399963E+02 4.198800027E-01 3.758400083E-01 1.531900023E-03
 1.885999955E-04 6.037999992E-05 6.091899872E-01 -1.495199951E+03 9.395400391E+03 2.964800110E+02 1.186299973E+02 4.040699899E-01 9.177999878E+01 4.134899974E-01 3.761099875E-01 1.531200018E-03
 1.906499965E-04 6.002000009E-05 6.093900204E-01 1.636599976E+03 8.916700195E+03 2.966799927E+02 1.169800034E+02 1.069800019E+00 1.052900009E+02 4.075999856E-01 3.764800131E-01 1.530700014E-03
 1.926999976E-04 5.966000026E-05 6.097499728E-01 -3.864300049E+03 7.605500000E+03 2.970000000E+02 1.155999985E+02 1.854699969E+00 1.273499985E+02 4.026400149E-01 3.771199882E-01 1.529800007E-03
 1.947499986E-04 5.930000043E-05 6.106799841E-01 1.042300049E+03 5.033000000E+03 2.969299927E+02 1.142399979E+02 2.679500103E+00 1.452599945E+02 3.980000019E-01 3.776000142E-01 1.527499990E-03
 1.967999997E-04 5.894000060E-05 6.105300188E-01 3.210699951E+03 5.718100098E+03 2.969200134E+02 1.129300003E+02 3.163300037E+00 1.423099976E+02 3.934699893E-01 3.774900138E-01 1.527899993E-03
 1.988500007E-04 5.858000077E-05 6.100999713E-01 1.609300049E+03 7.879100098E+03 2.969100037E+02 1.117200012E+02 3.950799942E+00 1.246999969E+02 3.893499970E-01 3.772099912E-01 1.528900000E-03
 2.009000018E-04 5.822000094E-05 6.101800203E-01 3.153500000E+03 1.360200000E+04 2.969599915E+02 1.106100006E+02 5.195899963E+00 1.255899963E+02 3.856300116E-01 3.773300052E-01 1.528699999E-03
 2.029500029E-04 5.786000111E-05 6.093099713E-01 2.073699951E+03 1.946000000E+04 2.970199890E+02 1.099000015E+02 6.335800171E+00 1.347299957E+02 3.833200037E-01 3.768700063E-01 1.530900015E-03
 2.050000039E-04 5.750000128E-05 6.086400151E-01 3.985399902E+03 2.062400000E+04 2.969100037E+02 1.096600037E+02 6.854199886E+00 1.482400055E+02 3.826999962E-01 3.763099909E-01 1.532600028E-03
 0.000000000E+00 7.566699787E-05 1.600700021E+00 -4.689100000E+04 2.476600000E+04 3.000000000E+02 7.938200378E+01 -2.903899908E+00 2.757600098E+02 2.766200006E-01 1.002400041E+00 5.830299924E-04
 2.049999921E-06 7.603999984E-05 1.602800012E+00 -3.476100000E+04 1.488600000E+04 3.002900085E+02 8.158899689E+01 -2.404400110E+00 2.772699890E+02 2.833800018E-01 1.003399968E+00 5.821299856E-04
 4.099999842E-06 7.641300181E-05 1.603999972E+00 -1.233600000E+04 3.910000000E+03 3.004599915E+02 8.555400085E+01 -1.263599992E+00 2.677099915E+02 2.962599993E-01 1.003600001E+00 5.815600161E-04
 6.149999990E-06 7.678700058E-05 1.601500034E+00 -4.030899902E+03 2.329399902E+03 3.003699951E+02 8.898200226E+01 -1.091800048E-03 2.686400146E+02 3.081400096E-01 1.001700044E+00 5.824600230E-04
 8.199999684E-06 7.716000255E-05 1.598999977E+00 5.436500000E+03 4.057399902E+03 3.002799988E+02 9.211100006E+01 1.214599967E+00 2.390399933E+02 3.190500140E-01 9.998400211E-01 5.833799951E-04
 1.024999983E-05 7.753299724E-05 1.595499992E+00 1.362600000E+04 5.334899902E+03 3.001799927E+02 9.507399750E+01 2.213900089E+00 2.020399933E+02 3.294200003E-01 9.973400235E-01 5.846400163E-04
 1.229999998E-05 7.790700329E-05 1.593199968E+00 7.677299805E+03 1.581300000E+04 2.999400024E+02 9.783999634E+01 3.403899908E+00 2.342299957E+02 3.392600119E-01 9.950699806E-01 5.854999763E-04
 1.435000013E-05 7.827999798E-05 1.591199994E+00 1.793300049E+03 1.540400000E+04 2.996700134E+02 1.006100006E+02 4.671299934E+00 2.204100037E+02 3.491899967E-01 9.929500222E-01 5.862400285E-04
 1.639999937E-05 7.865299995E-05 1.586300015E+00 -3.605199951E+03 3.883800049E+02 2.996799927E+02 1.036299973E+02 5.929500103E+00 2.047599945E+02 3.598699868E-01 9.899399877E-01 5.880299723E-04
 1.845000043E-05 7.902699872E-05 1.580600023E+00 -8.899799805E+03 -1.869300049E+03 2.995499878E+02 1.068000031E+02 7.045899868E+00 2.152299957E+02 3.711299896E-01 9.859600067E-01 5.901600234E-04
 2.049999966E-05 7.940000069E-05 1.575299978E+00 -9.536799805E+03 8.329200195E+03 2.991499939E+02 1.100000000E+02 8.152600288E+00 1.980700073E+02 3.827399909E-01 9.813600183E-01 5.921300035E-04
 2.255000072E-05 7.977300265E-05 1.570099950E+00 -5.228799805E+03 1.829600000E+04 2.985899963E+02 1.133000031E+02 9.313199997E+00 2.064100037E+02 3.948499858E-01 9.762600064E-01 5.941099953E-04
 2.459999996E-05 8.014700143E-05 1.563799977E+00 -9.767400391E+03 4.074899902E+03 2.981000061E+02 1.169000015E+02 1.034099960E+01 2.097400055E+02 4.079299867E-01 9.707599878E-01 5.964899901E-04
 2.664999920E-05 8.052000339E-05 1.557600021E+00 5.606600098E+03 -3.528899902E+03 2.975899963E+02 1.207900009E+02 1.153499985E+01 1.883099976E+02 4.221299887E-01 9.652699828E-01 5.988500197E-04
 2.870000026E-05 8.089299808E-05 1.548900008E+00 2.442800000E+04 6.886299805E+03 2.970400085E+02 1.252900009E+02 1.275000000E+01 2.143200073E+02 4.385200143E-01 9.581099749E-01 6.022300222E-04
 3.075000132E-05 8.126699686E-05 1.536100030E+00 2.492500000E+04 2.462500000E+02 2.963699951E+02 1.302400055E+02 1.402299976E+01 2.570499878E+02 4.566600025E-01 9.480400085E-01 6.072599790E-04
 3.279999873E-05 8.163999883E-05 1.523699999E+00 1.030900000E+04 -4.163299805E+03 2.956900024E+02 1.354199982E+02 1.549199963E+01 2.148399963E+02 4.757399857E-01 9.382299781E-01 6.121799815E-04
 3.484999979E-05 8.201300079E-05 1.511000037E+00 3.237300049E+03 -5.494299805E+03 2.948599854E+02 1.412899933E+02 1.690500069E+01 1.948600006E+02 4.973399937E-01 9.277499914E-01 6.173700094E-04
 3.690000085E-05 8.238699957E-05 1.496299982E+00 2.928699951E+03 -1.045500000E+04 2.937000122E+02 1.479799957E+02 1.823999977E+01 1.848500061E+02 5.221599936E-01 9.151399732E-01 6.234199973E-04
 3.894999827E-05 8.276000153E-05 1.476199985E+00 9.909299805E+03 -1.353500000E+04 2.925499878E+02 1.556300049E+02 1.943600082E+01 1.860700073E+02 5.503399968E-01 8.993200064E-01 6.319400272E-04
 4.099999933E-05 8.313300350E-05 1.450799942E+00 3.472700000E+04 -4.456399902E+03 2.909800110E+02 1.644100037E+02 2.066200066E+01 2.244600067E+02 5.830100179E-01 8.791199923E-01 6.430000067E-04
 4.305000039E-05 8.350700227E-05 1.422600031E+00 3.944100000E+04 9.564099609E+03 2.889500122E+02 1.745500031E+02 2.205100060E+01 1.830599976E+02 6.211900115E-01 8.560100198E-01 6.557899760E-04
 4.510000144E-05 8.387999696E-05 1.388399959E+00 5.645500000E+04 2.556500000E+03 2.864599915E+02 1.864299927E+02 2.291099930E+01 1.506100006E+02 6.661099792E-01 8.282899857E-01 6.719499943E-04
 4.714999886E-05 8.425299893E-05 1.343299985E+00 6.672500000E+04 2.596500000E+03 2.832500000E+02 2.006399994E+02 2.285300064E+01 1.573399963E+02 7.202000022E-01 7.924000025E-01 6.947100046E-04
 4.919999992E-05 8.462699770E-05 1.284000039E+00 6.389700000E+04 2.791800049E+03 2.789899902E+02 2.182500000E+02 2.108300018E+01 1.042099991E+02 7.880700231E-01 7.461599708E-01 7.269200287E-04
 5.125000098E-05 8.499999967E-05 1.210100055E+00 7.442900000E+04 -1.933800000E+04 2.734100037E+02 2.394400024E+02 1.668099976E+01 -5.697900009E+01 8.715100288E-01 6.891999841E-01 7.717899862E-04
 5.329999840E-05 8.466400323E-05 1.117400050E+00 7.112400000E+04 -3.355500000E+04 2.663500061E+02 2.631799927E+02 7.817200184E+00 -2.897300110E+02 9.689099789E-01 6.201699972E-01 8.366099792E-04
 5.534999946E-05 8.432799950E-05 1.012500048E+00 5.300500000E+04 -4.800100000E+04 2.582999878E+02 2.876700134E+02 -6.212900162E+00 -3.831099854E+02 1.075299978E+00 5.450900197E-01 9.239100036E-04
 5.740000051E-05 8.399200306E-05 9.097700119E-01 3.899000000E+04 -6.691500000E+04 2.500200043E+02 3.103699951E+02 -2.374799919E+01 -3.650700073E+02 1.182399988E+00 4.741100073E-01 1.028400031E-03
 5.945000157E-05 8.365599933E-05 8.168699741E-01 1.928900000E+04 -5.613400000E+04 2.418000031E+02 3.299299927E+02 -4.190599823E+01 -3.508399963E+02 1.284399986E+00 4.116899967E-01 1.145399990E-03
 6.150000263E-05 8.332000289E-05 7.365499735E-01 -9.720500000E+03 -4.934700000E+04 2.342299957E+02 3.460199890E+02 -5.875099945E+01 -2.550700073E+02 1.376999974E+00 3.595399857E-01 1.269800006E-03
 6.354999641E-05 8.298399916E-05 6.696199775E-01 -3.599300000E+04 -4.243300000E+04 2.274299927E+02 3.589500122E+02 -7.341899872E+01 -1.431199951E+02 1.458600044E+00 3.173500001E-01 1.396200038E-03
 6.559999747E-05 8.264800272E-05 6.137400270E-01 -5.428400000E+04 -1.920300000E+04 2.214700012E+02 3.698399963E+02 -8.470999908E+01 -5.102899933E+01 1.530400038E+00 2.831999958E-01 1.522799954E-03
 6.764999853E-05 8.231199899E-05 5.683599710E-01 -7.478900000E+04 3.737300049E+03 2.164299927E+02 3.792200012E+02 -9.252100372E+01 4.703200150E+01 1.592599988E+00 2.562699914E-01 1.643500058E-03
 6.969999959E-05 8.197600255E-05 5.326300263E-01 -8.922200000E+04 1.909300000E+04 2.121799927E+02 3.870499878E+02 -9.766699982E+01 1.110400009E+02 1.644799948E+00 2.354000062E-01 1.752999960E-03
 7.175000064E-05 8.163999883E-05 5.034700036E-01 -9.793000000E+04 3.116100000E+04 2.087100067E+02 3.938500061E+02 -1.000699997E+02 1.614100037E+02 1.688199997E+00 2.188600004E-01 1.854100032E-03
 7.380000170E-05 8.130400238E-05 4.790000021E-01 -1.126600000E+05 4.563000000E+04 2.057100067E+02 4.002699890E+02 -1.004199982E+02 1.986399994E+02 1.726899981E+00 2.052199990E-01 1.948500052E-03
 7.585000276E-05 8.096799866E-05 4.583199918E-01 -1.188000000E+05 4.766200000E+04 2.028200073E+02 4.061400146E+02 -9.935500336E+01 2.162799988E+02 1.762099981E+00 1.935900003E-01 2.036199905E-03
 7.789999654E-05 8.063200221E-05 4.406900108E-01 -1.232800000E+05 5.244100000E+04 2.002400055E+02 4.113999939E+02 -9.730599976E+01 2.228300018E+02 1.792999983E+00 1.837700009E-01 2.117400058E-03
 7.994999760E-05 8.029599849E-05 4.251399934E-01 -1.234000000E+05 5.710900000E+04 1.981199951E+02 4.162900085E+02 -9.466200256E+01 2.235800018E+02 1.820400000E+00 1.754100025E-01 2.194799948E-03
 8.199999866E-05 7.996000204E-05 4.104700089E-01 -1.291500000E+05 5.182100000E+04 1.960500031E+02 4.211600037E+02 -9.164900208E+01 2.351300049E+02 1.847499967E+00 1.675900072E-01 2.273200080E-03
 8.404999971E-05 7.962399832E-05 3.967700005E-01 -1.440300000E+05 4.655700000E+04 1.940399933E+02 4.256300049E+02 -8.866300201E+01 2.299299927E+02 1.873200059E+00 1.603399962E-01 2.351599978E-03
 8.610000077E-05 7.928800187E-05 3.838700056E-01 -1.561100000E+05 4.497300000E+04 1.922200012E+02 4.298200073E+02 -8.575000000E+01 2.023500061E+02 1.897300005E+00 1.536699980E-01 2.430699999E-03
 8.815000183E-05 7.895199815E-05 3.714999855E-01 -1.655700000E+05 4.410200000E+04 1.903899994E+02 4.341700134E+02 -8.296199799E+01 1.910599976E+02 1.922600031E+00 1.473000050E-01 2.511600032E-03
 9.020000289E-05 7.861600170E-05 3.601500094E-01 -1.657400000E+05 4.626700000E+04 1.886199951E+02 4.382500000E+02 -8.008000183E+01 1.891100006E+02 1.946799994E+00 1.414700001E-01 2.590700053E-03
 9.224999667E-05 7.827999798E-05 3.495000005E-01 -1.657500000E+05 4.723300000E+04 1.869100037E+02 4.418800049E+02 -7.760800171E+01 1.613999939E+02 1.969499946E+00 1.360400021E-01 2.669600071E-03
 9.429999773E-05 7.794400153E-05 3.394699991E-01 -1.725600000E+05 4.682700000E+04 1.852700043E+02 4.452200012E+02 -7.545600128E+01 1.656399994E+02 1.991099954E+00 1.309799999E-01 2.748399973E-03
 9.634999878E-05 7.760799781E-05 3.300699890E-01 -1.750400000E+05 4.494300000E+04 1.837799988E+02 4.484899902E+02 -7.364499664E+01 1.757100067E+02 2.012099981E+00 1.263200045E-01 2.826699987E-03
 9.839999984E-05 7.727200136E-05 3.207499981E-01 -1.779900000E+05 3.762700000E+04 1.822599945E+02 4.517200012E+02 -7.207700348E+01 1.463500061E+02 2.033499956E+00 1.217499971E-01 2.908800030E-03
 1.004500009E-04 7.693599764E-05 3.112199903E-01 -1.831100000E+05 3.799700000E+04 1.806000061E+02 4.548599854E+02 -7.049500275E+01 1.502100067E+02 2.055599928E+00 1.170499995E-01 2.998000011E-03
 1.025000020E-04 7.660000119E-05 3.018600047E-01 -1.897500000E+05 4.140500000E+04 1.790399933E+02 4.579200134E+02 -6.926300049E+01 1.628399963E+02 2.077300072E+00 1.125499979E-01 3.090899903E-03
 1.045500030E-04 7.626399747E-05 2.931700051E-01 -1.966900000E+05 3.713400000E+04 1.775500031E+02 4.608900146E+02 -6.812500000E+01 1.537100067E+02 2.098400116E+00 1.084000021E-01 3.182400018E-03
 1.065999968E-04 7.592800102E-05 2.852700055E-01 -1.977500000E+05 3.162100000E+04 1.760399933E+02 4.635000000E+02 -6.726699829E+01 1.449700012E+02 2.118499994E+00 1.045800000E-01 3.270399990E-03
 1.086499979E-04 7.559199730E-05 2.779200077E-01 -2.009400000E+05 3.393400000E+04 1.746100006E+02 4.661300049E+02 -6.663999939E+01 1.481199951E+02 2.138600111E+00 1.010600030E-01 3.356900066E-03
 1.106999989E-04 7.525600086E-05 2.708100080E-01 -2.043600000E+05 3.520700000E+04 1.733099976E+02 4.687000122E+02 -6.583999634E+01 1.484600067E+02 2.157700062E+00 9.773900360E-02 3.445100039E-03
 1.127500000E-04 7.491999713E-05 2.639499903E-01 -2.054700000E+05 3.430000000E+04 1.720700073E+02 4.708999939E+02 -6.541600037E+01 1.336000061E+02 2.175100088E+00 9.458199888E-02 3.534599906E-03
 1.148000010E-04 7.458400069E-05 2.568700016E-01 -2.057800000E+05 3.327700000E+04 1.707100067E+02 4.736099854E+02 -6.539199829E+01 1.208799973E+02 2.196099997E+00 9.131900221E-02 3.632199951E-03
 1.168500021E-04 7.424799696E-05 2.500399947E-01 -2.090500000E+05 3.177400000E+04 1.693899994E+02 4.759800110E+02 -6.528500366E+01 1.218399963E+02 2.215399981E+00 8.820399642E-02 3.731099889E-03
 1.189000031E-04 7.391200052E-05 2.438199967E-01 -2.120900000E+05 3.352600000E+04 1.681499939E+02 4.778599854E+02 -6.514900208E+01 1.277699966E+02 2.232100010E+00 8.537500352E-02 3.826499917E-03
 1.209499969E-04 7.357599679E-05 2.378399968E-01 -2.088500000E+05 3.165500000E+04 1.669100037E+02 4.799700012E+02 -6.498400116E+01 1.254400024E+02 2.250000000E+00 8.267299831E-02 3.922500182E-03
 1.230000053E-04 7.324000035E-05 2.324700058E-01 -2.076100000E+05 2.790000000E+04 1.658000031E+02 4.818699951E+02 -6.489600372E+01 1.191200027E+02 2.266200066E+00 8.026500046E-02 4.013000056E-03
 1.250500063E-04 7.290399662E-05 2.274499983E-01 -2.136100000E+05 2.897200000E+04 1.647700043E+02 4.836700134E+02 -6.519000244E+01 1.105199966E+02 2.281800032E+00 7.804399729E-02 4.101600032E-03
 1.270999928E-04 7.256800018E-05 2.224799991E-01 -2.203900000E+05 3.139000000E+04 1.636399994E+02 4.852699890E+02 -6.547899628E+01 9.936699677E+01 2.297300100E+00 7.581499964E-02 4.193299916E-03
 1.291499939E-04 7.223199646E-05 2.176499963E-01 -2.210400000E+05 3.262300000E+04 1.625899963E+02 4.867799988E+02 -6.565899658E+01 1.055000000E+02 2.311800003E+00 7.369600236E-02 4.286299925E-03
 1.311999949E-04 7.189600001E-05 2.131099999E-01 -2.217000000E+05 3.481800000E+04 1.618099976E+02 4.882399902E+02 -6.593800354E+01 1.207600021E+02 2.324399948E+00 7.180900127E-02 4.377400037E-03
 1.332499960E-04 7.156000356E-05 2.093199939E-01 -2.374600000E+05 3.850900000E+04 1.613999939E+02 4.888099976E+02 -6.623600006E+01 1.298099976E+02 2.330199957E+00 7.035200298E-02 4.456699826E-03
 1.352999971E-04 7.122399984E-05 2.058099955E-01 -2.594000000E+05 3.966600000E+04 1.611699982E+02 4.891900024E+02 -6.653600311E+01 1.240199966E+02 2.333800077E+00 6.907399744E-02 4.532800056E-03
 1.373499981E-04 7.088800339E-05 2.021500021E-01 -2.764400000E+05 3.989400000E+04 1.608000031E+02 4.897600098E+02 -6.684700012E+01 1.298200073E+02 2.339400053E+00 6.768999994E-02 4.614700098E-03
 1.393999992E-04 7.055199967E-05 1.986200064E-01 -2.990300000E+05 4.511500000E+04 1.605299988E+02 4.900799866E+02 -6.728199768E+01 1.574199982E+02 2.343100071E+00 6.639800221E-02 4.696799908E-03
 1.414500002E-04 7.021600322E-05 1.952400059E-01 -3.229000000E+05 5.186800000E+04 1.604400024E+02 4.903599854E+02 -6.777899933E+01 1.691799927E+02 2.345499992E+00 6.522899866E-02 4.778000060E-03
 1.435000013E-04 6.987999950E-05 1.920399964E-01 -3.389100000E+05 5.763400000E+04 1.602200012E+02 4.905100098E+02 -6.829399872E+01 1.738300018E+02 2.348099947E+00 6.407199800E-02 4.857799970E-03
 1.455500023E-04 6.954400305E-05 1.889600009E-01 -3.558500000E+05 6.153100000E+04 1.600500031E+02 4.906799927E+02 -6.894899750E+01 1.858000031E+02 2.350600004E+00 6.297499686E-02 4.936899990E-03
 1.476000034E-04 6.920799933E-05 1.861200035E-01 -3.797700000E+05 6.206900000E+04 1.599900055E+02 4.909800110E+02 -6.951000214E+01 2.003999939E+02 2.352799892E+00 6.201000139E-02 5.012100097E-03
 1.496500045E-04 6.887200288E-05 1.835899949E-01 -4.062500000E+05 6.707500000E+04 1.601499939E+02 4.908399963E+02 -6.980100250E+01 2.102500000E+02 2.351099968E+00 6.122700125E-02 5.081099924E-03
 1.517000055E-04 6.853599916E-05 1.823199987E-01 -4.777700000E+05 8.830200000E+04 1.621399994E+02 4.874899902E+02 -6.927999878E+01 2.540599976E+02 2.320899963E+00 6.155899912E-02 5.116300192E-03
 1.537500066E-04 6.820000272E-05 1.868499964E-01 -7.500600000E+05 1.647200000E+05 1.723600006E+02 4.700400085E+02 -6.487400055E+01 4.839100037E+02 2.173000097E+00 6.714800000E-02 4.995500203E-03
 1.557999931E-04 6.786399899E-05 2.106200010E-01 -1.235400000E+06 3.016600000E+05 2.007400055E+02 4.170199890E+02 -5.023500061E+01 1.037699951E+03 1.795300007E+00 8.889699727E-02 4.468000028E-03
 1.578499941E-04 6.752800255E-05 2.842699885E-01 -1.235600000E+06 3.103000000E+05 2.424900055E+02 3.187999878E+02 -2.333399963E+01 1.525800049E+03 1.248000026E+00 1.461199969E-01 3.411500016E-03
 1.598999952E-04 6.719199882E-05 4.129399955E-01 -5.913700000E+05 1.505300000E+05 2.742999878E+02 2.207400055E+02 1.722900033E+00 1.216800049E+03 8.038399816E-01 2.374999970E-01 2.337800106E-03
 1.619499963E-04 6.685600238E-05 5.303900242E-01 -1.263700000E+05 3.091000000E+04 2.877900085E+02 1.686399994E+02 1.245800018E+01 4.927500000E+02 5.986400247E-01 3.181799948E-01 1.771099982E-03
 1.639999973E-04 6.651999865E-05 5.857499838E-01 -2.463000000E+04 9.068299805E+03 2.920700073E+02 1.511699982E+02 1.352999973E+01 1.392799988E+02 5.330100060E-01 3.562799990E-01 1.593200024E-03
 1.660499984E-04 6.618400221E-05 5.997899771E-01 -1.785900000E+04 1.030000000E+04 2.932999878E+02 1.460099945E+02 1.154300022E+01 5.140999985E+01 5.132700205E-01 3.663400114E-01 1.555199968E-03
 1.680999994E-04 6.584799848E-05 6.026399732E-01 -2.011600000E+04 1.481100000E+04 2.939500122E+02 1.434100037E+02 9.254699707E+00 3.492100143E+01 5.030400157E-01 3.688800037E-01 1.547900029E-03
 1.701500005E-04 6.551200204E-05 6.040800214E-01 -9.304700195E+03 1.327500000E+04 2.943200073E+02 1.408500061E+02 7.014299870E+00 3.644100189E+01 4.933399856E-01 3.702299893E-01 1.544200000E-03
 1.722000015E-04 6.517599832E-05 6.052299738E-01 -4.608000000E+03 5.694200195E+03 2.946300049E+02 1.385399933E+02 5.215899944E+00 3.786999893E+01 4.847399890E-01 3.713200092E-01 1.541199978E-03
 1.742500026E-04 6.484000187E-05 6.057000160E-01 -1.546100000E+04 3.358100098E+03 2.949899902E+02 1.366399994E+02 3.982399940E+00 5.530199814E+01 4.776799977E-01 3.720700145E-01 1.539999968E-03
 1.763000037E-04 6.450399815E-05 6.065300107E-01 -1.341700000E+04 3.307500000E+03 2.952200012E+02 1.346600037E+02 2.893899918E+00 6.282099915E+01 4.704400003E-01 3.728800118E-01 1.537899952E-03
 1.783500047E-04 6.416800170E-05 6.077200174E-01 -5.343399902E+03 1.626600000E+04 2.953900146E+02 1.327400055E+02 2.008199930E+00 5.024800110E+01 4.635800123E-01 3.738099933E-01 1.534900046E-03
 1.804000058E-04 6.383199798E-05 6.082800031E-01 -5.247100098E+03 2.088500000E+04 2.955100098E+02 1.310200043E+02 1.432000041E+00 6.826899719E+01 4.574399889E-01 3.743200004E-01 1.533500035E-03
 1.824500068E-04 6.349600153E-05 6.086599827E-01 -5.123700195E+03 1.317200000E+04 2.955400085E+02 1.293800049E+02 9.830899835E-01 1.021100006E+02 4.517000020E-01 3.745900095E-01 1.532500028E-03
 1.844999933E-04 6.315999781E-05 6.091600060E-01 6.306099854E+02 1.364800000E+04 2.955499878E+02 1.277699966E+02 6.761900187E-01 1.090299988E+02 4.460499883E-01 3.749099970E-01 1.531300019E-03
 1.865499944E-04 6.282400136E-05 6.091899872E-01 -4.878299866E+02 1.543100000E+04 2.956799927E+02 1.262699966E+02 6.777499914E-01 1.004000015E+02 4.407300055E-01 3.750900030E-01 1.531200018E-03
 1.885999955E-04 6.248799764E-05 6.088600159E-01 -6.133899902E+03 1.184200000E+04 2.958999939E+02 1.249100037E+02 1.026200056E+00 9.498400116E+01 4.358099997E-01 3.751699924E-01 1.532000024E-03
 1.906499965E-04 6.215200119E-05 6.095399857E-01 -1.935800049E+03 1.146700000E+04 2.962900085E+02 1.233799973E+02 1.606099963E+00 1.175000000E+02 4.302200079E-01 3.760800064E-01 1.530300011E-03
 1.926999976E-04 6.181599747E-05 6.104199886E-01 -2.875699951E+03 8.520700195E+03 2.965299988E+02 1.218399963E+02 2.071300030E+00 1.344900055E+02 4.247199893E-01 3.769200146E-01 1.528099994E-03
 1.947499986E-04 6.148000102E-05 6.109099984E-01 -1.936100006E+02 4.339899902E+03 2.964400024E+02 1.205699997E+02 2.735399961E+00 1.480500031E+02 4.203900099E-01 3.771199882E-01 1.526899985E-03
 1.967999997E-04 6.114399730E-05 6.104800105E-01 4.260299805E+03 3.769500000E+03 2.964500122E+02 1.196299973E+02 3.422199965E+00 1.448699951E+02 4.171499908E-01 3.768599927E-01 1.527999993E-03
 1.988500007E-04 6.080800085E-05 6.096699834E-01 3.870899902E+03 1.278500000E+04 2.964899902E+02 1.186100006E+02 4.045700073E+00 1.233499985E+02 4.136399925E-01 3.764100075E-01 1.530000009E-03
 2.009000018E-04 6.047200077E-05 6.091899872E-01 1.831599976E+03 1.861500000E+04 2.966199951E+02 1.177300034E+02 4.875500202E+00 1.152099991E+02 4.105899930E-01 3.762899935E-01 1.531200018E-03
 2.029500029E-04 6.013600068E-05 6.084700227E-01 -2.888900146E+02 1.633100000E+04 2.967099915E+02 1.171399994E+02 6.115799904E+00 1.215999985E+02 4.087100029E-01 3.759599924E-01 1.533000031E-03
 2.050000039E-04 5.980000060E-05 6.080499887E-01 1.460000000E+03 1.738500000E+04 2.966900024E+02 1.168300018E+02 6.844600201E+00 1.332799988E+02 4.077599943E-01 3.756699860E-01 1.534100040E-03
 0.000000000E+00 7.683299918E-05 1.600700021E+00 -5.609800000E+04 1.241700000E+04 3.000000000E+02 8.837300110E+01 -3.549299955E+00 2.740100098E+02 3.067399859E-01 1.000800014E+00 5.834199837E-04
 2.049999921E-06 7.717999688E-05 1.602100015E+00 -3.587500000E+04 1.359100000E+04 3.002699890E+02 9.014600372E+01 -2.929100037E+00 2.674200134E+02 3.125199974E-01 1.002099991E+00 5.825900007E-04
 4.099999842E-06 7.752700185E-05 1.601899981E+00 -1.956700000E+04 1.795200000E+04 3.004800110E+02 9.344100189E+01 -1.646399975E+00 2.635100098E+02 3.235700130E-01 1.002400041E+00 5.823000101E-04
 6.149999990E-06 7.787300274E-05 1.600600004E+00 -1.987600000E+04 7.636500000E+03 3.003500061E+02 9.612999725E+01 -2.090699971E-01 2.607999878E+02 3.329100013E-01 1.001099944E+00 5.827799905E-04
 8.199999684E-06 7.822000043E-05 1.598799944E+00 -1.188000000E+04 3.422899902E+03 3.001900024E+02 9.853199768E+01 1.036100030E+00 2.326600037E+02 3.413299918E-01 9.994000196E-01 5.834599724E-04
 1.024999983E-05 7.856699813E-05 1.595000029E+00 -1.124000000E+04 4.337100098E+03 3.000899963E+02 1.010299988E+02 1.947399974E+00 2.098200073E+02 3.500899971E-01 9.967399836E-01 5.848099827E-04
 1.229999998E-05 7.891299902E-05 1.592300057E+00 -2.086700000E+04 1.184600000E+04 2.998699951E+02 1.034499969E+02 3.196399927E+00 2.454600067E+02 3.587000072E-01 9.942899942E-01 5.858300137E-04
 1.435000013E-05 7.925999671E-05 1.588799953E+00 -1.908000000E+04 1.449700000E+04 2.997799988E+02 1.059100037E+02 4.417399883E+00 2.373999939E+02 3.674199879E-01 9.918299913E-01 5.871100002E-04
 1.639999937E-05 7.960700168E-05 1.584100008E+00 -1.186700000E+04 5.509500000E+03 2.997699890E+02 1.085699997E+02 5.545400143E+00 2.244900055E+02 3.768100142E-01 9.888700247E-01 5.888500018E-04
 1.845000043E-05 7.995300257E-05 1.579200029E+00 -5.342899902E+03 8.369500000E+03 2.994899902E+02 1.114000015E+02 6.618400097E+00 2.240500031E+02 3.869999945E-01 9.848600030E-01 5.906900042E-04
 2.049999966E-05 8.030000026E-05 1.573699951E+00 -6.656500000E+03 9.566700195E+03 2.990499878E+02 1.144100037E+02 7.716599941E+00 1.880599976E+02 3.979600072E-01 9.800099730E-01 5.927499733E-04
 2.255000072E-05 8.064699796E-05 1.569300056E+00 -7.476799805E+03 7.207200195E+03 2.985400085E+02 1.174199982E+02 8.857000351E+00 1.846100006E+02 4.090000093E-01 9.756000042E-01 5.943999859E-04
 2.459999996E-05 8.099299885E-05 1.563699961E+00 -8.494599609E+03 -8.051700195E+03 2.982099915E+02 1.207300034E+02 9.741399765E+00 1.900800018E+02 4.209299982E-01 9.710400105E-01 5.965299788E-04
 2.664999920E-05 8.133999654E-05 1.555799961E+00 8.982700195E+02 -8.095299805E+03 2.977799988E+02 1.247500000E+02 1.074699974E+01 1.849600067E+02 4.354600012E-01 9.647300243E-01 5.995699903E-04
 2.870000026E-05 8.168700151E-05 1.546700001E+00 2.549400000E+04 5.652000000E+03 2.970499878E+02 1.290000000E+02 1.190200043E+01 2.046900024E+02 4.510900080E-01 9.567199945E-01 6.031100056E-04
 3.075000132E-05 8.203300240E-05 1.535599947E+00 2.371200000E+04 1.422099976E+03 2.962300110E+02 1.334400024E+02 1.318500042E+01 2.236399994E+02 4.675799906E-01 9.472500086E-01 6.074699922E-04
 3.279999873E-05 8.238000009E-05 1.523800015E+00 2.960500000E+03 2.787100098E+03 2.953900146E+02 1.385200043E+02 1.451599979E+01 1.952799988E+02 4.863499999E-01 9.373499751E-01 6.121500046E-04
 3.484999979E-05 8.272699779E-05 1.509899974E+00 -5.865200195E+03 7.443100098E+03 2.945599976E+02 1.442599945E+02 1.570600033E+01 1.796399994E+02 5.074499846E-01 9.261400104E-01 6.178100011E-04
 3.690000085E-05 8.307299868E-05 1.494199991E+00 -3.093399902E+03 -9.470200195E+02 2.935700073E+02 1.506699982E+02 1.695800018E+01 1.761600037E+02 5.310800076E-01 9.134600163E-01 6.242999807E-04
 3.894999827E-05 8.341999637E-05 1.474699974E+00 1.734400000E+04 -7.309200195E+03 2.922699890E+02 1.581399994E+02 1.806599998E+01 2.018200073E+02 5.587999821E-01 8.975200057E-01 6.325899740E-04
 4.099999933E-05 8.376700134E-05 1.450299978E+00 3.878500000E+04 4.854299805E+03 2.906600037E+02 1.665800018E+02 1.912999916E+01 2.367500000E+02 5.902600288E-01 8.778200150E-01 6.432399969E-04
 4.305000039E-05 8.411300223E-05 1.421100020E+00 4.059800000E+04 4.982100098E+03 2.888399963E+02 1.763999939E+02 2.034399986E+01 2.030899963E+02 6.270800233E-01 8.547899723E-01 6.564800278E-04
 4.510000144E-05 8.445999993E-05 1.386399984E+00 5.124300000E+04 -8.428599609E+03 2.864899902E+02 1.880899963E+02 2.102000046E+01 1.591699982E+02 6.711400151E-01 8.271700144E-01 6.729200250E-04
 4.714999886E-05 8.480699762E-05 1.343000054E+00 6.219900000E+04 6.621099854E+02 2.832699890E+02 2.020200043E+02 2.097400093E+01 1.248099976E+02 7.243499756E-01 7.922899723E-01 6.948200171E-04
 4.919999992E-05 8.515299851E-05 1.285699964E+00 7.444500000E+04 3.987000000E+03 2.791300049E+02 2.189100037E+02 1.924099922E+01 5.845199966E+01 7.895600200E-01 7.474499941E-01 7.259899867E-04
 5.125000098E-05 8.550000348E-05 1.213400006E+00 8.905000000E+04 -2.015700000E+04 2.737999878E+02 2.390099945E+02 1.513700008E+01 -4.942699814E+01 8.689399958E-01 6.920899749E-01 7.696099929E-04
 5.329999840E-05 8.518800314E-05 1.126000047E+00 8.938800000E+04 -3.187300000E+04 2.670700073E+02 2.617600098E+02 7.484000206E+00 -2.466399994E+02 9.622200131E-01 6.265599728E-01 8.299099864E-04
 5.534999946E-05 8.487600280E-05 1.027500033E+00 7.244600000E+04 -4.566400000E+04 2.593900146E+02 2.853399963E+02 -4.921599865E+00 -3.544599915E+02 1.064200044E+00 5.554400086E-01 9.101600153E-04
 5.740000051E-05 8.456400246E-05 9.287999868E-01 4.678500000E+04 -6.026300000E+04 2.512899933E+02 3.073399963E+02 -2.050900078E+01 -3.237399902E+02 1.167000055E+00 4.864400029E-01 1.006999984E-03
 5.945000157E-05 8.425200213E-05 8.370299935E-01 2.291500000E+04 -5.244200000E+04 2.432200012E+02 3.266900024E+02 -3.680899811E+01 -3.027699890E+02 1.265900016E+00 4.243099988E-01 1.117700012E-03
 6.150000263E-05 8.394000179E-05 7.559300065E-01 -3.346600098E+03 -4.899100000E+04 2.358399963E+02 3.432999878E+02 -5.244100189E+01 -2.410299988E+02 1.357800007E+00 3.715200126E-01 1.237099990E-03
 6.354999641E-05 8.362800145E-05 6.878499985E-01 -2.961200000E+04 -3.974700000E+04 2.291100006E+02 3.570700073E+02 -6.638999939E+01 -1.514499969E+02 1.440500021E+00 3.283999860E-01 1.359199989E-03
 6.559999747E-05 8.331600111E-05 6.300200224E-01 -4.353600000E+04 -3.020000000E+04 2.229299927E+02 3.687500000E+02 -7.730200195E+01 -6.333399963E+01 1.514799953E+00 2.926400006E-01 1.483400003E-03
 6.764999853E-05 8.300400077E-05 5.820800066E-01 -6.040900000E+04 -4.796299805E+03 2.176100006E+02 3.787200012E+02 -8.544999695E+01 3.274499893E+01 1.579800010E+00 2.638800144E-01 1.604899997E-03
 6.969999959E-05 8.269200043E-05 5.424799919E-01 -7.675200000E+04 1.573000000E+04 2.129700012E+02 3.876000061E+02 -9.144200134E+01 9.474299622E+01 1.638000011E+00 2.406699955E-01 1.721599954E-03
 7.175000064E-05 8.238000009E-05 5.096200109E-01 -9.459100000E+04 2.044200000E+04 2.088699951E+02 3.953900146E+02 -9.452700043E+01 1.385200043E+02 1.688300014E+00 2.217099965E-01 1.831999980E-03
 7.380000170E-05 8.206799976E-05 4.829100072E-01 -1.114800000E+05 3.403300000E+04 2.054499969E+02 4.018699951E+02 -9.536299896E+01 1.866600037E+02 1.729400039E+00 2.066400051E-01 1.932900050E-03
 7.585000276E-05 8.175599942E-05 4.598700106E-01 -1.162700000E+05 4.336200000E+04 2.025000000E+02 4.080799866E+02 -9.493000031E+01 2.047500000E+02 1.767099977E+00 1.939499974E-01 2.029600088E-03
 7.789999654E-05 8.144399908E-05 4.402799904E-01 -1.232200000E+05 4.957500000E+04 1.997500000E+02 4.138699951E+02 -9.346499634E+01 2.064499969E+02 1.801800013E+00 1.831600070E-01 2.119400073E-03
 7.994999760E-05 8.113199874E-05 4.239700139E-01 -1.272200000E+05 5.127000000E+04 1.974700012E+02 4.188099976E+02 -9.105000305E+01 2.116100006E+02 1.830500007E+00 1.743600070E-01 2.200900111E-03
 8.199999866E-05 8.081999840E-05 4.083600044E-01 -1.319000000E+05 4.820200000E+04 1.953200073E+02 4.238999939E+02 -8.791300201E+01 2.170700073E+02 1.859099984E+00 1.661099941E-01 2.285100054E-03
 8.404999971E-05 8.050799806E-05 3.939000070E-01 -1.435900000E+05 4.626000000E+04 1.933500061E+02 4.285599976E+02 -8.473400116E+01 2.088600006E+02 1.885499954E+00 1.586100012E-01 2.368899994E-03
 8.610000077E-05 8.019599773E-05 3.807399869E-01 -1.632000000E+05 4.613300000E+04 1.915399933E+02 4.327099915E+02 -8.175800323E+01 1.955000000E+02 1.909700036E+00 1.518699974E-01 2.450699918E-03
 8.815000183E-05 7.988399739E-05 3.684499860E-01 -1.759800000E+05 4.443100000E+04 1.896799927E+02 4.367699890E+02 -7.903700256E+01 1.941499939E+02 1.934200048E+00 1.455399990E-01 2.532399958E-03
 9.020000289E-05 7.957199705E-05 3.571000099E-01 -1.681700000E+05 4.324100000E+04 1.879100037E+02 4.407300110E+02 -7.622100067E+01 1.808800049E+02 1.958299994E+00 1.397500038E-01 2.612800105E-03
 9.224999667E-05 7.925999671E-05 3.467299938E-01 -1.666400000E+05 4.437600000E+04 1.861499939E+02 4.443699951E+02 -7.350199890E+01 1.605000000E+02 1.981299996E+00 1.344099939E-01 2.690800000E-03
 9.429999773E-05 7.894799637E-05 3.371599913E-01 -1.784100000E+05 4.720200000E+04 1.846100006E+02 4.474500122E+02 -7.125099945E+01 1.661699982E+02 2.001300097E+00 1.296200007E-01 2.767300000E-03
 9.634999878E-05 7.863600331E-05 3.275600076E-01 -1.831600000E+05 4.431500000E+04 1.831000061E+02 4.507600098E+02 -6.921600342E+01 1.640099945E+02 2.022700071E+00 1.248999983E-01 2.848400036E-03
 9.839999984E-05 7.832400297E-05 3.181000054E-01 -1.899900000E+05 3.519200000E+04 1.815299988E+02 4.541900024E+02 -6.727799988E+01 1.463999939E+02 2.045200109E+00 1.202500015E-01 2.933100099E-03
 1.004500009E-04 7.801200263E-05 3.093200028E-01 -1.933900000E+05 3.509300000E+04 1.799499969E+02 4.571799927E+02 -6.539299774E+01 1.475399933E+02 2.066200018E+00 1.159199998E-01 3.016300034E-03
 1.025000020E-04 7.770000229E-05 3.005400002E-01 -1.899000000E+05 3.878600000E+04 1.782599945E+02 4.603200073E+02 -6.392599869E+01 1.479700012E+02 2.089099884E+00 1.115700006E-01 3.104599891E-03
 1.045500030E-04 7.738800196E-05 2.920100093E-01 -1.923600000E+05 3.449100000E+04 1.767100067E+02 4.633099976E+02 -6.291299820E+01 1.435899963E+02 2.110899925E+00 1.074599996E-01 3.195000114E-03
 1.065999968E-04 7.707600162E-05 2.843700051E-01 -1.926000000E+05 2.873800000E+04 1.753300018E+02 4.657500000E+02 -6.211100006E+01 1.380800018E+02 2.129699945E+00 1.038300022E-01 3.280800069E-03
 1.086499979E-04 7.676400128E-05 2.768000066E-01 -1.963700000E+05 3.139300000E+04 1.739400024E+02 4.682900085E+02 -6.127399826E+01 1.399900055E+02 2.149199963E+00 1.002599970E-01 3.370699938E-03
 1.106999989E-04 7.645200094E-05 2.695200145E-01 -2.030600000E+05 3.119400000E+04 1.726699982E+02 4.707099915E+02 -6.035400009E+01 1.378300018E+02 2.167399883E+00 9.691700339E-02 3.461499931E-03
 1.127500000E-04 7.614000060E-05 2.627899945E-01 -2.007700000E+05 2.832900000E+04 1.713600006E+02 4.729100037E+02 -5.983399963E+01 1.225999985E+02 2.185499907E+00 9.377600253E-02 3.550200025E-03
 1.148000010E-04 7.582800026E-05 2.561500072E-01 -2.010900000E+05 2.767800000E+04 1.700200043E+02 4.752500000E+02 -5.943399811E+01 1.106200027E+02 2.204499960E+00 9.069599956E-02 3.642299911E-03
 1.168500021E-04 7.551599992E-05 2.497300059E-01 -2.070900000E+05 2.826300000E+04 1.688200073E+02 4.773500061E+02 -5.908200073E+01 1.049599991E+02 2.221699953E+00 8.779799938E-02 3.735800041E-03
 1.189000031E-04 7.520399959E-05 2.433899939E-01 -2.088400000E+05 3.008700000E+04 1.676499939E+02 4.795799866E+02 -5.915700150E+01 1.091500015E+02 2.239799976E+00 8.497200161E-02 3.833299968E-03
 1.209499969E-04 7.489199925E-05 2.375299931E-01 -2.038100000E+05 2.946800000E+04 1.664199982E+02 4.817099915E+02 -5.931399918E+01 1.135400009E+02 2.257900000E+00 8.231999725E-02 3.927600104E-03
 1.230000053E-04 7.457999891E-05 2.325399965E-01 -2.037500000E+05 2.624200000E+04 1.653300018E+02 4.833200073E+02 -5.950099945E+01 1.060800018E+02 2.272900105E+00 8.006300032E-02 4.011800047E-03
 1.250500063E-04 7.426799857E-05 2.277600020E-01 -2.043600000E+05 2.551200000E+04 1.643200073E+02 4.850599976E+02 -5.968700027E+01 9.968800354E+01 2.288100004E+00 7.793799788E-02 4.095999990E-03
 1.270999928E-04 7.395599823E-05 2.229900062E-01 -2.026100000E+05 2.684400000E+04 1.632599945E+02 4.867500000E+02 -5.964199829E+01 8.833799744E+01 2.303400040E+00 7.581099868E-02 4.183600191E-03
 1.291499939E-04 7.364399789E-05 2.183499932E-01 -2.086500000E+05 2.697000000E+04 1.623500061E+02 4.881900024E+02 -5.968999863E+01 9.549600220E+01 2.316499949E+00 7.382000238E-02 4.272500053E-03
 1.311999949E-04 7.333199756E-05 2.140299976E-01 -2.151700000E+05 2.870700000E+04 1.616499939E+02 4.892900085E+02 -6.014899826E+01 1.121999969E+02 2.326999903E+00 7.204999775E-02 4.358700011E-03
 1.332499960E-04 7.301999722E-05 2.101700008E-01 -2.303200000E+05 3.411800000E+04 1.611699982E+02 4.900400085E+02 -6.074300003E+01 1.175500031E+02 2.334300041E+00 7.053700089E-02 4.438700154E-03
 1.352999971E-04 7.270799688E-05 2.065100074E-01 -2.531300000E+05 3.596600000E+04 1.608399963E+02 4.907000122E+02 -6.116299820E+01 1.139599991E+02 2.340100050E+00 6.916599721E-02 4.517300054E-03
 1.373499981E-04 7.239599654E-05 2.030999959E-01 -2.718000000E+05 3.575300000E+04 1.605099945E+02 4.912900085E+02 -6.133300018E+01 1.200299988E+02 2.345299959E+00 6.788399816E-02 4.593300167E-03
 1.393999992E-04 7.208400348E-05 1.998600066E-01 -2.994700000E+05 3.898900000E+04 1.604499969E+02 4.915100098E+02 -6.154800034E+01 1.407100067E+02 2.346899986E+00 6.677599996E-02 4.667600151E-03
 1.414500002E-04 7.177200314E-05 1.966000050E-01 -3.254400000E+05 4.608500000E+04 1.604299927E+02 4.917200012E+02 -6.207099915E+01 1.484600067E+02 2.348400116E+00 6.567999721E-02 4.745000042E-03
 1.435000013E-04 7.146000280E-05 1.934899986E-01 -3.413300000E+05 5.254600000E+04 1.601499939E+02 4.919800110E+02 -6.273099899E+01 1.571600037E+02 2.351999998E+00 6.452800333E-02 4.821300041E-03
 1.455500023E-04 7.114800246E-05 1.905699968E-01 -3.584800000E+05 5.421500000E+04 1.599799957E+02 4.921300049E+02 -6.334299850E+01 1.730399933E+02 2.354300022E+00 6.348899752E-02 4.895099904E-03
 1.476000034E-04 7.083600212E-05 1.876900047E-01 -3.796900000E+05 5.806000000E+04 1.598800049E+02 4.922799988E+02 -6.402899933E+01 1.847100067E+02 2.356199980E+00 6.249000132E-02 4.970300011E-03
 1.496500045E-04 7.052400179E-05 1.849700063E-01 -4.021700000E+05 6.203500000E+04 1.598800049E+02 4.921199951E+02 -6.468800354E+01 1.869400024E+02 2.355900049E+00 6.158100069E-02 5.043299869E-03
 1.517000055E-04 7.021200145E-05 1.832199991E-01 -4.563500000E+05 7.499100000E+04 1.611600037E+02 4.899800110E+02 -6.440100098E+01 2.230599976E+02 2.336299896E+00 6.148700044E-02 5.091399886E-03
 1.537500066E-04 6.990000111E-05 1.857099980E-01 -6.673000000E+05 1.333600000E+05 1.685899963E+02 4.777200012E+02 -6.130400085E+01 3.894899902E+02 2.228399992E+00 6.523700058E-02 5.024400074E-03
 1.557999931E-04 6.958800077E-05 2.030799985E-01 -1.142100000E+06 2.609500000E+05 1.920899963E+02 4.353599854E+02 -5.030300140E+01 8.424500122E+02 1.910599947E+00 8.177600056E-02 4.617699888E-03
 1.578499941E-04 6.927600043E-05 2.631599903E-01 -1.327000000E+06 3.167600000E+05 2.327700043E+02 3.447699890E+02 -2.693300056E+01 1.406199951E+03 1.378700018E+00 1.298699975E-01 3.659300040E-03
 1.598999952E-04 6.896400009E-05 3.844699860E-01 -7.689100000E+05 1.846100000E+05 2.688299866E+02 2.404700012E+02 -1.386000037E+00 1.302900024E+03 8.860499859E-01 2.173099965E-01 2.528199926E-03
 1.619499963E-04 6.865199975E-05 5.129600167E-01 -1.962000000E+05 4.981000000E+04 2.859500122E+02 1.768699951E+02 1.200500011E+01 6.095399780E+02 6.299099922E-01 3.059599996E-01 1.839100034E-03
 1.639999973E-04 6.833999942E-05 5.820900202E-01 -4.070000000E+04 1.725000000E+04 2.916499939E+02 1.540800018E+02 1.435299969E+01 1.636399994E+02 5.438600183E-01 3.535700142E-01 1.603799989E-03
 1.660499984E-04 6.802799908E-05 6.016799808E-01 -2.268300000E+04 9.610099609E+03 2.931600037E+02 1.476900024E+02 1.263599968E+01 3.818799973E+01 5.195900202E-01 3.673099875E-01 1.550400048E-03
 1.680999994E-04 6.771599874E-05 6.055099964E-01 -2.256100000E+04 8.619700195E+03 2.936900024E+02 1.453099976E+02 1.042899990E+01 3.958100128E+01 5.101699829E-01 3.703199923E-01 1.540499972E-03
 1.701500005E-04 6.740399840E-05 6.066600084E-01 -1.306800000E+04 5.205700073E+02 2.940499878E+02 1.433699951E+02 8.265000343E+00 4.850999832E+01 5.026299953E-01 3.714799881E-01 1.537599950E-03
 1.722000015E-04 6.709199806E-05 6.079400182E-01 -2.288300049E+03 5.540399902E+03 2.942500000E+02 1.414199982E+02 6.263400078E+00 3.313000107E+01 4.952499866E-01 3.725099862E-01 1.534400042E-03
 1.742500026E-04 6.677999772E-05 6.083300114E-01 -6.362600098E+03 9.012000000E+03 2.945700073E+02 1.398300018E+02 4.843500137E+00 4.952399826E+01 4.892300069E-01 3.731600046E-01 1.533400035E-03
 1.763000037E-04 6.646799739E-05 6.084700227E-01 -1.393800000E+04 -3.790899963E+02 2.948900146E+02 1.384499969E+02 3.696099997E+00 5.779000092E+01 4.840300083E-01 3.736500144E-01 1.533000031E-03
 1.783500047E-04 6.615599705E-05 6.090099812E-01 -1.075300000E+04 1.358500000E+04 2.950100098E+02 1.371199951E+02 2.705199957E+00 4.655500031E+01 4.792000055E-01 3.741300106E-01 1.531700022E-03
 1.804000058E-04 6.584399671E-05 6.096199751E-01 -2.752000000E+03 2.193500000E+04 2.950000000E+02 1.357299957E+02 2.091200113E+00 5.254499817E+01 4.743199944E-01 3.744899929E-01 1.530100009E-03
 1.824500068E-04 6.553199637E-05 6.099799871E-01 -5.450500000E+03 1.355300000E+04 2.950499878E+02 1.342799988E+02 1.579599977E+00 8.474199677E+01 4.691700041E-01 3.747799993E-01 1.529200003E-03
 1.844999933E-04 6.522000331E-05 6.104599833E-01 -4.779899902E+03 8.107600098E+03 2.952399902E+02 1.327899933E+02 1.234599948E+00 1.045000000E+02 4.638200104E-01 3.753100038E-01 1.527999993E-03
 1.865499944E-04 6.490800297E-05 6.102600098E-01 7.664199829E+02 7.286500000E+03 2.954400024E+02 1.315200043E+02 1.176800013E+00 1.072799988E+02 4.592300057E-01 3.754499853E-01 1.528499997E-03
 1.885999955E-04 6.459600263E-05 6.096100211E-01 -4.867200195E+03 6.980399902E+03 2.957099915E+02 1.304499969E+02 1.465800047E+00 1.059599991E+02 4.552800059E-01 3.753800094E-01 1.530200010E-03
 1.906499965E-04 6.428400229E-05 6.102200150E-01 -4.207899902E+03 3.901800049E+03 2.959100037E+02 1.292200012E+02 2.030200005E+00 1.083399963E+02 4.508799911E-01 3.760200143E-01 1.528599998E-03
 1.926999976E-04 6.397200195E-05 6.110399961E-01 1.850500000E+03 8.668500000E+03 2.959100037E+02 1.280299988E+02 2.325500011E+00 1.169800034E+02 4.467599988E-01 3.765200078E-01 1.526599983E-03
 1.947499986E-04 6.366000162E-05 6.111999750E-01 3.065300049E+03 1.307400000E+04 2.958399963E+02 1.270000000E+02 2.752599955E+00 1.290700073E+02 4.432399869E-01 3.765299916E-01 1.526199980E-03
 1.967999997E-04 6.334800128E-05 6.107900143E-01 3.356600098E+03 1.200100000E+04 2.957600098E+02 1.261999969E+02 3.373699903E+00 1.315299988E+02 4.405800104E-01 3.761700094E-01 1.527199987E-03
 1.988500007E-04 6.303600094E-05 6.100199819E-01 9.328900146E+02 1.634800000E+04 2.958200073E+02 1.255699997E+02 4.047699928E+00 1.214899979E+02 4.384000003E-01 3.757700026E-01 1.529100002E-03
 2.009000018E-04 6.272400060E-05 6.086800098E-01 -5.068600098E+03 1.386600000E+04 2.960700073E+02 1.249199982E+02 4.758699894E+00 1.168300018E+02 4.360300004E-01 3.752700090E-01 1.532500028E-03
 2.029500029E-04 6.241200026E-05 6.079499722E-01 -4.931899902E+03 1.026100000E+04 2.962600098E+02 1.241500015E+02 5.872700214E+00 1.226600037E+02 4.333899915E-01 3.750599921E-01 1.534300041E-03
 2.050000039E-04 6.209999992E-05 6.080700159E-01 -2.076600037E+02 1.176600000E+04 2.963299866E+02 1.237500000E+02 6.655399799E+00 1.310000000E+02 4.320800006E-01 3.752200007E-01 1.534000039E-03
 0.000000000E+00 7.799999730E-05 1.600700021E+00 -5.633000000E+04 1.302700000E+04 3.000000000E+02 9.768900299E+01 -3.799099922E+00 2.759899902E+02 3.388000131E-01 1.000499964E+00 5.835500197E-04
 2.049999921E-06 7.832000119E-05 1.601400018E+00 -3.116200000E+04 1.622400000E+04 3.002999878E+02 9.891600037E+01 -3.113699913E+00 2.590799866E+02 3.427700102E-01 1.001600027E+00 5.829100264E-04
 4.099999842E-06 7.863999781E-05 1.600200057E+00 -1.818400000E+04 1.683500000E+04 3.005299988E+02 1.011299973E+02 -1.714900017E+00 2.440299988E+02 3.501699865E-01 1.001500010E+00 5.829100264E-04
 6.149999990E-06 7.896000170E-05 1.599599957E+00 -9.838400391E+03 3.183899902E+03 3.002600098E+02 1.029300003E+02 -1.887400001E-01 2.181499939E+02 3.564999998E-01 1.000200033E+00 5.831500166E-04
 8.199999684E-06 7.927999832E-05 1.597800016E+00 -4.021500000E+03 -8.077299805E+02 3.000100098E+02 1.047500000E+02 1.011299968E+00 2.021699982E+02 3.629800081E-01 9.981600046E-01 5.838199868E-04
 1.024999983E-05 7.960000221E-05 1.594900012E+00 -1.263300000E+04 5.698399902E+03 2.999100037E+02 1.067099991E+02 1.859799981E+00 2.064600067E+02 3.698599935E-01 9.960700274E-01 5.848599831E-04
 1.229999998E-05 7.991999883E-05 1.592599988E+00 -1.426800000E+04 1.097400000E+04 2.997999878E+02 1.087600021E+02 3.065399885E+00 2.080599976E+02 3.771399856E-01 9.942899942E-01 5.856999778E-04
 1.435000013E-05 8.024000272E-05 1.587200046E+00 -2.560300000E+04 1.615700000E+04 2.998999939E+02 1.109199982E+02 4.245100021E+00 2.040899963E+02 3.846600056E-01 9.912300110E-01 5.876999930E-04
 1.639999937E-05 8.055999933E-05 1.582599998E+00 -2.176700000E+04 1.141900000E+04 2.997799988E+02 1.130400009E+02 5.262400150E+00 2.102599945E+02 3.922599852E-01 9.879299998E-01 5.894199712E-04
 1.845000043E-05 8.088000322E-05 1.578299999E+00 -3.443800049E+03 1.267600000E+04 2.993599854E+02 1.154899979E+02 6.233500004E+00 1.852500000E+02 4.011699855E-01 9.839100242E-01 5.910099717E-04
 2.049999966E-05 8.119999984E-05 1.573300004E+00 -6.736100098E+03 1.039500000E+04 2.989299927E+02 1.181500015E+02 7.258299828E+00 1.768800049E+02 4.108900130E-01 9.793400168E-01 5.928999744E-04
 2.255000072E-05 8.151999646E-05 1.569000006E+00 -8.506400391E+03 -4.939000000E+03 2.984200134E+02 1.209599991E+02 8.261500359E+00 1.875200043E+02 4.212200046E-01 9.750400186E-01 5.945099983E-04
 2.459999996E-05 8.184000035E-05 1.562500000E+00 -6.264799805E+03 -1.089400000E+04 2.981900024E+02 1.243899994E+02 9.009400368E+00 1.836799927E+02 4.334599972E-01 9.702600241E-01 5.969799822E-04
 2.664999920E-05 8.215999696E-05 1.554200053E+00 -8.914699707E+02 -3.888300049E+03 2.977200012E+02 1.283300018E+02 9.962300301E+00 1.897100067E+02 4.477199912E-01 9.635599852E-01 6.001900183E-04
 2.870000026E-05 8.248000086E-05 1.545600057E+00 1.124800000E+04 3.637800049E+03 2.968900146E+02 1.321199951E+02 1.112399960E+01 2.081600037E+02 4.618200064E-01 9.555500150E-01 6.035299739E-04
 3.075000132E-05 8.279999747E-05 1.534399986E+00 1.912500000E+04 6.942399902E+03 2.962900085E+02 1.363399963E+02 1.228800011E+01 1.887500000E+02 4.772700071E-01 9.467300177E-01 6.079199957E-04
 3.279999873E-05 8.312000136E-05 1.521499991E+00 7.628399902E+03 1.239000000E+04 2.955700073E+02 1.414700012E+02 1.347500038E+01 1.648000031E+02 4.960699975E-01 9.364500046E-01 6.131100236E-04
 3.484999979E-05 8.343999798E-05 1.507500052E+00 -1.474000000E+04 1.325000000E+04 2.945700073E+02 1.471000061E+02 1.461699963E+01 1.921600037E+02 5.168899894E-01 9.247300029E-01 6.187899853E-04
 3.690000085E-05 8.376000187E-05 1.492699981E+00 -6.607700195E+03 1.309800000E+04 2.934400024E+02 1.533300018E+02 1.566399956E+01 1.869799957E+02 5.399900079E-01 9.121299982E-01 6.249200087E-04
 3.894999827E-05 8.407999849E-05 1.473700047E+00 1.240700000E+04 8.222599609E+03 2.920000000E+02 1.605200043E+02 1.665699959E+01 1.804700012E+02 5.667899847E-01 8.960800171E-01 6.330300239E-04
 4.099999933E-05 8.440000238E-05 1.449699998E+00 2.671500000E+04 1.681500000E+04 2.905400085E+02 1.686799927E+02 1.771500015E+01 1.811199951E+02 5.971900225E-01 8.771200180E-01 6.434799870E-04
 4.305000039E-05 8.471999899E-05 1.420199990E+00 3.172200000E+04 1.704500000E+04 2.888699951E+02 1.782599945E+02 1.871400070E+01 1.881799927E+02 6.329299808E-01 8.543499708E-01 6.569100078E-04
 4.510000144E-05 8.504000289E-05 1.384799957E+00 4.639600000E+04 8.440599609E+03 2.864200134E+02 1.895800018E+02 1.921800041E+01 1.623899994E+02 6.757900119E-01 8.259999752E-01 6.737199728E-04
 4.714999886E-05 8.535999950E-05 1.342900038E+00 5.692000000E+04 6.205700195E+03 2.831700134E+02 2.031600037E+02 1.903199959E+01 1.065800018E+02 7.278400064E-01 7.919399738E-01 6.948499940E-04
 4.919999992E-05 8.568000339E-05 1.287400007E+00 7.168900000E+04 -9.118500000E+03 2.791900024E+02 2.196300049E+02 1.748299980E+01 2.453899956E+01 7.915300131E-01 7.486199737E-01 7.249899791E-04
 5.125000098E-05 8.600000001E-05 1.217300057E+00 7.618900000E+04 -1.954600000E+04 2.740599976E+02 2.389100037E+02 1.379399967E+01 -7.677999878E+01 8.678500056E-01 6.949700117E-01 7.670400082E-04
 5.329999840E-05 8.571200306E-05 1.133499980E+00 8.380000000E+04 -1.830500000E+04 2.676199951E+02 2.606000061E+02 6.976299763E+00 -1.992899933E+02 9.568300247E-01 6.320199966E-01 8.242899785E-04
 5.534999946E-05 8.542399883E-05 1.039700031E+00 7.876900000E+04 -3.195300000E+04 2.603200073E+02 2.834500122E+02 -3.914499998E+00 -3.187399902E+02 1.055099964E+00 5.640199780E-01 8.991099894E-04
 5.740000051E-05 8.513600187E-05 9.456899762E-01 4.609200000E+04 -4.689000000E+04 2.525399933E+02 3.048500061E+02 -1.763699913E+01 -3.182500000E+02 1.153900027E+00 4.977200031E-01 9.887400083E-04
 5.945000157E-05 8.484799764E-05 8.562099934E-01 2.545000000E+04 -4.633000000E+04 2.447200012E+02 3.239200134E+02 -3.223400116E+01 -2.770700073E+02 1.249500036E+00 4.366999865E-01 1.092400053E-03
 6.150000263E-05 8.456000069E-05 7.753700018E-01 7.123899902E+03 -4.645800000E+04 2.373000031E+02 3.408699951E+02 -4.666299820E+01 -2.336300049E+02 1.340999961E+00 3.834500015E-01 1.205999986E-03
 6.354999641E-05 8.427199646E-05 7.058200240E-01 -1.195200000E+04 -3.685800000E+04 2.304700012E+02 3.550899963E+02 -5.962300110E+01 -1.487100067E+02 1.423900008E+00 3.389700055E-01 1.324599958E-03
 6.559999747E-05 8.398399950E-05 6.461899877E-01 -2.899500000E+04 -3.147200000E+04 2.241100006E+02 3.672300110E+02 -7.009500122E+01 -5.593999863E+01 1.499199986E+00 3.017500043E-01 1.446399954E-03
 6.764999853E-05 8.369600255E-05 5.959100127E-01 -5.021300000E+04 -1.194100000E+04 2.185099945E+02 3.779299927E+02 -7.827999878E+01 3.257600021E+01 1.567199945E+00 2.712799907E-01 1.567899948E-03
 6.969999959E-05 8.340799832E-05 5.530499816E-01 -7.622100000E+04 1.295300000E+04 2.137100067E+02 3.877200012E+02 -8.451899719E+01 7.824500275E+01 1.629299998E+00 2.462199926E-01 1.689000055E-03
 7.175000064E-05 8.312000136E-05 5.168399811E-01 -9.062600000E+04 1.990600000E+04 2.093099976E+02 3.962900085E+02 -8.830799866E+01 1.249700012E+02 1.684399962E+00 2.253500074E-01 1.806700020E-03
 7.380000170E-05 8.283199713E-05 4.871799946E-01 -9.916200000E+04 2.659300000E+04 2.055000000E+02 4.032999878E+02 -8.969000244E+01 1.770000000E+02 1.729799986E+00 2.085199952E-01 1.916200039E-03
 7.585000276E-05 8.254400018E-05 4.619700015E-01 -1.057100000E+05 3.718400000E+04 2.023800049E+02 4.097799988E+02 -8.974600220E+01 1.937400055E+02 1.769799948E+00 1.947299987E-01 2.020499902E-03
 7.789999654E-05 8.225600322E-05 4.399800003E-01 -1.192900000E+05 4.544800000E+04 1.996000061E+02 4.159899902E+02 -8.893000031E+01 1.914199982E+02 1.807100058E+00 1.828999966E-01 2.121200087E-03
 7.994999760E-05 8.196799899E-05 4.214299917E-01 -1.309700000E+05 4.696300000E+04 1.970299988E+02 4.212699890E+02 -8.699199677E+01 1.862599945E+02 1.839300036E+00 1.729300022E-01 2.214400098E-03
 8.199999866E-05 8.168000204E-05 4.050700068E-01 -1.355900000E+05 4.624400000E+04 1.946799927E+02 4.264200134E+02 -8.397200012E+01 1.943699951E+02 1.869500041E+00 1.642300040E-01 2.303699963E-03
 8.404999971E-05 8.139199781E-05 3.905799985E-01 -1.488100000E+05 4.795700000E+04 1.926199951E+02 4.312300110E+02 -8.071499634E+01 2.037700043E+02 1.897099972E+00 1.566800028E-01 2.389000030E-03
 8.610000077E-05 8.110400086E-05 3.776499927E-01 -1.697500000E+05 4.623400000E+04 1.907500000E+02 4.353699951E+02 -7.762799835E+01 2.003500061E+02 1.921700001E+00 1.500200033E-01 2.470700070E-03
 8.815000183E-05 8.081599663E-05 3.655900061E-01 -1.823300000E+05 4.109800000E+04 1.889499969E+02 4.393500061E+02 -7.491799927E+01 1.851300049E+02 1.945899963E+00 1.438599974E-01 2.552200109E-03
 9.020000289E-05 8.052799967E-05 3.544700146E-01 -1.798000000E+05 3.938300000E+04 1.871999969E+02 4.431900024E+02 -7.215399933E+01 1.808300018E+02 1.969699979E+00 1.381900012E-01 2.632200019E-03
 9.224999667E-05 8.024000272E-05 3.442699909E-01 -1.790700000E+05 4.095400000E+04 1.854799957E+02 4.467099915E+02 -6.930599976E+01 1.764199982E+02 1.992100000E+00 1.329800040E-01 2.709999913E-03
 9.429999773E-05 7.995199849E-05 3.346500099E-01 -1.870300000E+05 4.349900000E+04 1.839199982E+02 4.499800110E+02 -6.694699860E+01 1.647100067E+02 2.013299942E+00 1.281799972E-01 2.788000042E-03
 9.634999878E-05 7.966400153E-05 3.251700103E-01 -1.876500000E+05 4.261000000E+04 1.823800049E+02 4.533200073E+02 -6.469499969E+01 1.601000061E+02 2.035000086E+00 1.234999970E-01 2.869300079E-03
 9.839999984E-05 7.937599730E-05 3.158499897E-01 -1.960600000E+05 3.893200000E+04 1.807700043E+02 4.566099854E+02 -6.256999969E+01 1.570899963E+02 2.057300091E+00 1.189000010E-01 2.953999909E-03
 1.004500009E-04 7.908800035E-05 3.069700003E-01 -2.023900000E+05 3.508600000E+04 1.791699982E+02 4.596900024E+02 -6.054999924E+01 1.561100006E+02 2.078900099E+00 1.145400032E-01 3.039299976E-03
 1.025000020E-04 7.880000339E-05 2.985199988E-01 -1.908500000E+05 3.392400000E+04 1.775299988E+02 4.628099976E+02 -5.887599945E+01 1.468500061E+02 2.101500034E+00 1.103599966E-01 3.125499934E-03
 1.045500030E-04 7.851199916E-05 2.904799879E-01 -1.881300000E+05 3.197400000E+04 1.760000000E+02 4.656300049E+02 -5.772700119E+01 1.339499969E+02 2.122600079E+00 1.064700037E-01 3.211800009E-03
 1.065999968E-04 7.822400221E-05 2.825999856E-01 -1.926200000E+05 2.822300000E+04 1.746900024E+02 4.681600037E+02 -5.673199844E+01 1.243300018E+02 2.141400099E+00 1.028100029E-01 3.301500110E-03
 1.086499979E-04 7.793599798E-05 2.751500010E-01 -1.980700000E+05 2.936500000E+04 1.733399963E+02 4.706199951E+02 -5.573400116E+01 1.232699966E+02 2.160300016E+00 9.932299703E-02 3.390799975E-03
 1.106999989E-04 7.764800102E-05 2.683399916E-01 -2.056100000E+05 2.681100000E+04 1.719499969E+02 4.726900024E+02 -5.494400024E+01 1.159899979E+02 2.177900076E+00 9.609100223E-02 3.476799931E-03
 1.127500000E-04 7.735999679E-05 2.616299987E-01 -2.042300000E+05 2.369100000E+04 1.706300049E+02 4.747200012E+02 -5.426499939E+01 1.057699966E+02 2.195300102E+00 9.296800196E-02 3.565900028E-03
 1.148000010E-04 7.707199984E-05 2.552500069E-01 -2.035000000E+05 2.412700000E+04 1.694700012E+02 4.767799988E+02 -5.361000061E+01 1.058199997E+02 2.211899996E+00 9.008300304E-02 3.655100008E-03
 1.168500021E-04 7.678400289E-05 2.493200004E-01 -2.046600000E+05 2.205300000E+04 1.683200073E+02 4.787600098E+02 -5.328499985E+01 1.009300003E+02 2.228300095E+00 8.739300072E-02 3.741800087E-03
 1.189000031E-04 7.649599866E-05 2.435500026E-01 -2.032600000E+05 2.297800000E+04 1.671799927E+02 4.808099976E+02 -5.323199844E+01 9.680100250E+01 2.245300055E+00 8.479399979E-02 3.830499947E-03
 1.209499969E-04 7.620800170E-05 2.378000021E-01 -2.044400000E+05 2.505800000E+04 1.660800018E+02 4.827999878E+02 -5.352099991E+01 1.015299988E+02 2.262200117E+00 8.224499971E-02 3.923099954E-03
 1.230000053E-04 7.591999747E-05 2.323700041E-01 -2.041200000E+05 2.235800000E+04 1.650099945E+02 4.846499939E+02 -5.402999878E+01 9.455799866E+01 2.278399944E+00 7.984600216E-02 4.014799837E-03
 1.250500063E-04 7.563200052E-05 2.273000032E-01 -2.007800000E+05 2.192200000E+04 1.639100037E+02 4.865000000E+02 -5.418999863E+01 9.107900238E+01 2.294600010E+00 7.758700103E-02 4.104400054E-03
 1.270999928E-04 7.534400356E-05 2.228199989E-01 -2.041500000E+05 2.511000000E+04 1.629700012E+02 4.879299927E+02 -5.415000153E+01 9.470999908E+01 2.307899952E+00 7.562100142E-02 4.186700098E-03
 1.291499939E-04 7.505599933E-05 2.187300026E-01 -2.148400000E+05 2.728300000E+04 1.623000031E+02 4.890799866E+02 -5.421099854E+01 9.843699646E+01 2.318099976E+00 7.392700016E-02 4.264899995E-03
 1.311999949E-04 7.476800238E-05 2.146999985E-01 -2.186900000E+05 2.486500000E+04 1.615200043E+02 4.902799988E+02 -5.452000046E+01 9.695600128E+01 2.329499960E+00 7.221599668E-02 4.344999790E-03
 1.332499960E-04 7.447999815E-05 2.107799947E-01 -2.286700000E+05 2.796600000E+04 1.608800049E+02 4.913399963E+02 -5.500899887E+01 9.901899719E+01 2.339400053E+00 7.061599940E-02 4.425799940E-03
 1.352999971E-04 7.419200119E-05 2.071200013E-01 -2.486800000E+05 3.192200000E+04 1.605899963E+02 4.919599915E+02 -5.565499878E+01 1.004000015E+02 2.344700098E+00 6.926400214E-02 4.503999837E-03
 1.373499981E-04 7.390399696E-05 2.036599964E-01 -2.689500000E+05 3.267200000E+04 1.603999939E+02 4.923800049E+02 -5.609199905E+01 1.053700027E+02 2.348299980E+00 6.802300364E-02 4.580600187E-03
 1.393999992E-04 7.361600001E-05 2.005199939E-01 -2.965700000E+05 3.675400000E+04 1.603099976E+02 4.925499878E+02 -5.625999832E+01 1.265899963E+02 2.349900007E+00 6.694000214E-02 4.652100150E-03
 1.414500002E-04 7.332800305E-05 1.976799965E-01 -3.276100000E+05 4.299900000E+04 1.603399963E+02 4.924899902E+02 -5.663000107E+01 1.392799988E+02 2.349499941E+00 6.600599736E-02 4.718900193E-03
 1.435000013E-04 7.303999882E-05 1.947900057E-01 -3.457900000E+05 4.626500000E+04 1.601999969E+02 4.926700134E+02 -5.718700027E+01 1.467500000E+02 2.351799965E+00 6.498300284E-02 4.788899794E-03
 1.455500023E-04 7.275200187E-05 1.918900013E-01 -3.596300000E+05 4.725400000E+04 1.600599976E+02 4.930400085E+02 -5.774000168E+01 1.551399994E+02 2.354799986E+00 6.395799667E-02 4.861399997E-03
 1.476000034E-04 7.246399764E-05 1.889699996E-01 -3.771500000E+05 5.275500000E+04 1.599199982E+02 4.932900085E+02 -5.838700104E+01 1.569700012E+02 2.357399940E+00 6.292899698E-02 4.936600104E-03
 1.496500045E-04 7.217600069E-05 1.862599999E-01 -3.964400000E+05 5.598900000E+04 1.598699951E+02 4.931600037E+02 -5.906900024E+01 1.607400055E+02 2.357599974E+00 6.200699881E-02 5.008299835E-03
 1.517000055E-04 7.188799646E-05 1.841000021E-01 -4.394800000E+05 6.472800000E+04 1.606699982E+02 4.918500061E+02 -5.919100189E+01 1.970299988E+02 2.345599890E+00 6.159599870E-02 5.066799931E-03
 1.537500066E-04 7.159999950E-05 1.851100028E-01 -5.958600000E+05 1.064900000E+05 1.658000031E+02 4.833200073E+02 -5.749200058E+01 3.126700134E+02 2.269700050E+00 6.392800063E-02 5.039799958E-03
 1.557999931E-04 7.131200255E-05 1.979600042E-01 -1.030600000E+06 2.163800000E+05 1.850000000E+02 4.494700012E+02 -4.951100159E+01 6.723699951E+02 2.005300045E+00 7.661999762E-02 4.727200139E-03
 1.578499941E-04 7.102399832E-05 2.461600006E-01 -1.369400000E+06 3.083100000E+05 2.236499939E+02 3.680599976E+02 -2.982200050E+01 1.242099976E+03 1.501500010E+00 1.165599972E-01 3.881300101E-03
 1.598999952E-04 7.073600136E-05 3.564200103E-01 -9.464700000E+05 2.206100000E+05 2.628800049E+02 2.613200073E+02 -4.708700180E+00 1.315400024E+03 9.755399823E-01 1.975300014E-01 2.735699993E-03
 1.619499963E-04 7.044799713E-05 4.913299978E-01 -2.861600000E+05 7.243700000E+04 2.838299866E+02 1.867899933E+02 1.114599991E+01 7.185499878E+02 6.678000093E-01 2.911500037E-01 1.930800034E-03
 1.639999973E-04 7.016000018E-05 5.754399896E-01 -5.283900000E+04 1.778900000E+04 2.910400085E+02 1.576600037E+02 1.483399963E+01 1.917400055E+02 5.571600199E-01 3.488300145E-01 1.623600023E-03
 1.660499984E-04 6.987200322E-05 6.028000116E-01 -2.273800000E+04 6.303299805E+03 2.930700073E+02 1.495800018E+02 1.344499969E+01 2.446699905E+01 5.265100002E-01 3.678799868E-01 1.547600026E-03
 1.680999994E-04 6.958399899E-05 6.084600091E-01 -1.290700000E+04 2.733500000E+03 2.936499939E+02 1.470399933E+02 1.126399994E+01 3.232199860E+01 5.164999962E-01 3.720700145E-01 1.533100032E-03
 1.701500005E-04 6.929600204E-05 6.093099713E-01 -9.982000000E+03 -6.499200195E+03 2.939500122E+02 1.456799927E+02 9.036600113E+00 3.596900177E+01 5.109500289E-01 3.729600012E-01 1.530900015E-03
 1.722000015E-04 6.900799781E-05 6.103100181E-01 -8.886700195E+03 5.258699951E+02 2.940299988E+02 1.443899994E+02 7.063899994E+00 2.786199951E+01 5.059700012E-01 3.736799955E-01 1.528399996E-03
 1.742500026E-04 6.872000085E-05 6.108800173E-01 -6.229100098E+03 1.142000000E+04 2.941499939E+02 1.430099945E+02 5.541999817E+00 4.734400177E+01 5.008100271E-01 3.741799891E-01 1.526999986E-03
 1.763000037E-04 6.843199662E-05 6.107800007E-01 -1.021200000E+04 7.297700195E+03 2.943800049E+02 1.418200073E+02 4.288899899E+00 5.168999863E+01 4.963000119E-01 3.744100034E-01 1.527199987E-03
 1.783500047E-04 6.814399967E-05 6.107400060E-01 -9.116700195E+03 8.322700195E+03 2.945000000E+02 1.407400055E+02 3.216900110E+00 5.647800064E+01 4.923000038E-01 3.745500147E-01 1.527299988E-03
 1.804000058E-04 6.785600272E-05 6.109600067E-01 -3.789699951E+03 1.732800000E+04 2.945599976E+02 1.396799927E+02 2.611599922E+00 6.752500153E+01 4.885199964E-01 3.747499883E-01 1.526799984E-03
 1.824500068E-04 6.756799849E-05 6.112899780E-01 -5.885299805E+03 1.421400000E+04 2.947000122E+02 1.384299927E+02 2.236999989E+00 8.346199799E+01 4.839999974E-01 3.751299977E-01 1.525999978E-03
 1.844999933E-04 6.728000153E-05 6.116700172E-01 -3.564899902E+03 -1.553300049E+03 2.949400024E+02 1.370500031E+02 1.830399990E+00 9.371800232E+01 4.789699912E-01 3.756799996E-01 1.524999971E-03
 1.865499944E-04 6.699199730E-05 6.112700105E-01 2.361199951E+03 -4.213399902E+03 2.952500000E+02 1.359700012E+02 1.712000012E+00 9.911399841E+01 4.749200046E-01 3.758299947E-01 1.525999978E-03
 1.885999955E-04 6.670400035E-05 6.103699803E-01 -4.521399902E+03 4.604500000E+03 2.955499878E+02 1.351699982E+02 1.789800048E+00 9.893599701E+01 4.718999863E-01 3.756600022E-01 1.528299996E-03
 1.906499965E-04 6.641600339E-05 6.105599999E-01 -6.757500000E+03 1.023300000E+04 2.955799866E+02 1.344299927E+02 2.046099901E+00 8.997100067E+01 4.693099856E-01 3.758000135E-01 1.527799992E-03
 1.926999976E-04 6.612799916E-05 6.114500165E-01 3.112100098E+03 1.187300000E+04 2.954100037E+02 1.336100006E+02 2.503599882E+00 9.148500061E+01 4.666199982E-01 3.761399984E-01 1.525599975E-03
 1.947499986E-04 6.584000221E-05 6.113799810E-01 4.895499878E+02 1.309100000E+04 2.954599915E+02 1.328099976E+02 2.859200001E+00 1.003600006E+02 4.638200104E-01 3.761599958E-01 1.525699976E-03
 1.967999997E-04 6.555199798E-05 6.105399728E-01 -5.396100098E+03 1.322200000E+04 2.955100098E+02 1.321600037E+02 3.250699997E+00 1.029800034E+02 4.615100026E-01 3.757100105E-01 1.527799992E-03
 1.988500007E-04 6.526400102E-05 6.102700233E-01 1.816300049E+03 1.317200000E+04 2.953999939E+02 1.316000061E+02 4.047100067E+00 1.060899963E+02 4.597499967E-01 3.754000068E-01 1.528499997E-03
 2.009000018E-04 6.497599679E-05 6.094899774E-01 -2.501399994E+02 5.420899902E+03 2.954700012E+02 1.310899963E+02 4.788799763E+00 1.078799973E+02 4.579899907E-01 3.750199974E-01 1.530500012E-03
 2.029500029E-04 6.468799984E-05 6.083899736E-01 -3.312300049E+03 4.791000000E+03 2.956000061E+02 1.306499939E+02 5.628499985E+00 1.166600037E+02 4.564799964E-01 3.745000064E-01 1.533200033E-03
 2.050000039E-04 6.440000288E-05 6.080899835E-01 1.626099976E+03 1.059200000E+04 2.956099854E+02 1.304700012E+02 6.278999805E+00 1.325200043E+02 4.559499919E-01 3.743200004E-01 1.534000039E-03
 0.000000000E+00 7.916700270E-05 1.600700021E+00 -5.441700000E+04 4.105600098E+03 3.000000000E+02 1.063099976E+02 -3.666500092E+00 2.597000122E+02 3.681100011E-01 9.997299910E-01 5.837699864E-04
 2.049999921E-06 7.945999823E-05 1.600900054E+00 -3.520000000E+04 7.018000000E+03 3.002300110E+02 1.068300018E+02 -2.971199989E+00 2.361199951E+02 3.699100018E-01 1.000800014E+00 5.831799936E-04
 4.099999842E-06 7.975300105E-05 1.600200057E+00 -1.880700000E+04 8.583599609E+03 3.003500061E+02 1.079499969E+02 -1.508999944E+00 2.176199951E+02 3.738600016E-01 1.000800014E+00 5.829299917E-04
 6.149999990E-06 8.004700067E-05 1.598999977E+00 3.723199951E+03 5.528899902E+03 3.000599976E+02 1.091500015E+02 -2.837299928E-02 1.792500000E+02 3.781700134E-01 9.991599917E-01 5.833500181E-04
 8.199999684E-06 8.034000348E-05 1.596899986E+00 1.030400000E+04 3.149600098E+03 2.997999878E+02 1.104899979E+02 1.096300006E+00 1.589299927E+02 3.829799891E-01 9.969400167E-01 5.841400125E-04
 1.024999983E-05 8.063299902E-05 1.594300032E+00 -3.908500000E+03 6.216500000E+03 2.997699890E+02 1.118399963E+02 1.924200058E+00 1.853500061E+02 3.877300024E-01 9.952099919E-01 5.850900197E-04
 1.229999998E-05 8.092699863E-05 1.591400027E+00 3.399000000E+03 2.100699951E+03 2.998200073E+02 1.133399963E+02 2.983700037E+00 1.536600037E+02 3.929600120E-01 9.935899973E-01 5.861400277E-04
 1.435000013E-05 8.122000145E-05 1.585899949E+00 -7.737799805E+03 1.370200000E+04 2.998299866E+02 1.151600037E+02 4.063899994E+00 1.712799988E+02 3.993799984E-01 9.901800156E-01 5.881700199E-04
 1.639999937E-05 8.151299699E-05 1.581799984E+00 -1.953500000E+04 8.592200195E+03 2.996300049E+02 1.170400009E+02 5.019999981E+00 1.935700073E+02 4.061399996E-01 9.869300127E-01 5.897199735E-04
 1.845000043E-05 8.180699660E-05 1.577600002E+00 -9.208099609E+03 -5.629200195E+03 2.992900085E+02 1.190999985E+02 5.888999939E+00 1.450000000E+02 4.136700034E-01 9.832100272E-01 5.912900087E-04
 2.049999966E-05 8.209999942E-05 1.572499990E+00 -6.556399902E+03 6.712100220E+02 2.988299866E+02 1.215000000E+02 6.728199959E+00 1.547299957E+02 4.224599898E-01 9.784899950E-01 5.932200002E-04
 2.255000072E-05 8.239300223E-05 1.567000031E+00 4.107700195E+03 -3.995300049E+03 2.983500061E+02 1.244000015E+02 7.573100090E+00 1.558099976E+02 4.330199957E-01 9.735500216E-01 5.952800275E-04
 2.459999996E-05 8.268700185E-05 1.560299993E+00 4.454799805E+03 -6.415399902E+03 2.981300049E+02 1.277900009E+02 8.215100288E+00 1.741600037E+02 4.450899959E-01 9.686400294E-01 5.978500121E-04
 2.664999920E-05 8.297999739E-05 1.553300023E+00 7.430200195E+03 -2.676800049E+03 2.976900024E+02 1.312100067E+02 9.203100204E+00 2.245599976E+02 4.575099945E-01 9.628999829E-01 6.005300093E-04
 2.870000026E-05 8.327300020E-05 1.544399977E+00 2.086200000E+04 4.454100037E+02 2.969700012E+02 1.347799988E+02 1.047399998E+01 2.192100067E+02 4.708200097E-01 9.550999999E-01 6.039799773E-04
 3.075000132E-05 8.356699982E-05 1.531800032E+00 1.290700000E+04 3.916500000E+03 2.963599854E+02 1.391600037E+02 1.138199997E+01 1.711999969E+02 4.867599905E-01 9.453499913E-01 6.089700037E-04
 3.279999873E-05 8.386000263E-05 1.518000007E+00 -4.003200150E+01 1.974700000E+04 2.957200012E+02 1.441799927E+02 1.237300014E+01 1.597500000E+02 5.050299764E-01 9.348099828E-01 6.144900108E-04
 3.484999979E-05 8.415299817E-05 1.505499959E+00 -1.052300000E+04 1.203700000E+04 2.946799927E+02 1.496100006E+02 1.346199989E+01 1.850700073E+02 5.251799822E-01 9.238399863E-01 6.196000031E-04
 3.690000085E-05 8.444699779E-05 1.491000056E+00 -5.827500000E+03 4.826399902E+03 2.934100037E+02 1.557400055E+02 1.434200001E+01 1.864100037E+02 5.479800105E-01 9.109799862E-01 6.256499910E-04
 3.894999827E-05 8.474000060E-05 1.471500039E+00 8.153200195E+03 -1.977099976E+03 2.920000000E+02 1.627700043E+02 1.530900002E+01 1.590800018E+02 5.741999745E-01 8.948100209E-01 6.339299725E-04
 4.099999933E-05 8.503300342E-05 1.447999954E+00 1.319600000E+04 -1.898599976E+03 2.905199890E+02 1.708699951E+02 1.629500008E+01 1.355099945E+02 6.043900251E-01 8.760300279E-01 6.442500162E-04
 4.305000039E-05 8.532700303E-05 1.420099974E+00 1.157800000E+04 1.359500000E+04 2.887799988E+02 1.801399994E+02 1.712599945E+01 1.736900024E+02 6.390699744E-01 8.539900184E-01 6.569499965E-04
 4.510000144E-05 8.561999857E-05 1.385599971E+00 2.385200000E+04 1.330900000E+04 2.862900085E+02 1.909900055E+02 1.752300072E+01 1.485200043E+02 6.803399920E-01 8.261200190E-01 6.733200280E-04
 4.714999886E-05 8.591300139E-05 1.343199968E+00 4.089500000E+04 6.626000000E+03 2.831799927E+02 2.041799927E+02 1.715600014E+01 9.119300079E+01 7.308300138E-01 7.921299934E-01 6.946899812E-04
 4.919999992E-05 8.620700100E-05 1.289299965E+00 6.302900000E+04 -8.143399902E+03 2.792600098E+02 2.203000031E+02 1.570699978E+01 6.123099899E+01 7.933499813E-01 7.498900294E-01 7.238999824E-04
 5.125000098E-05 8.649999654E-05 1.221899986E+00 7.438500000E+04 -1.562400000E+04 2.742799988E+02 2.390800018E+02 1.247999954E+01 -5.255699921E+01 8.677999973E-01 6.981199980E-01 7.640899858E-04
 5.329999840E-05 8.623600297E-05 1.141100049E+00 7.937400000E+04 -1.477700000E+04 2.681900024E+02 2.596799927E+02 6.484000206E+00 -1.871600037E+02 9.523599744E-01 6.375899911E-01 8.186700288E-04
 5.534999946E-05 8.597200213E-05 1.049800038E+00 6.643700000E+04 -3.411100000E+04 2.612000122E+02 2.816600037E+02 -3.061100006E+00 -2.876499939E+02 1.046499968E+00 5.713700056E-01 8.904199931E-04
 5.740000051E-05 8.570800128E-05 9.590799809E-01 4.798500000E+04 -5.028500000E+04 2.537200012E+02 3.025899963E+02 -1.517700005E+01 -3.142399902E+02 1.142099977E+00 5.070700049E-01 9.746099822E-04
 5.945000157E-05 8.544400043E-05 8.730499744E-01 3.877400000E+04 -4.449200000E+04 2.461300049E+02 3.216300049E+02 -2.821999931E+01 -2.650799866E+02 1.235700011E+00 4.478099942E-01 1.071100007E-03
 6.150000263E-05 8.517999959E-05 7.924699783E-01 1.538800000E+04 -4.097000000E+04 2.388399963E+02 3.389700012E+02 -4.136100006E+01 -2.115700073E+02 1.326599956E+00 3.944300115E-01 1.179800020E-03
 6.354999641E-05 8.491599874E-05 7.221599817E-01 -1.085400000E+04 -3.932400000E+04 2.319100037E+02 3.536000061E+02 -5.321699905E+01 -1.561300049E+02 1.409700036E+00 3.489899933E-01 1.294499962E-03
 6.559999747E-05 8.465199789E-05 6.613699794E-01 -2.925200000E+04 -3.143800000E+04 2.253300018E+02 3.661700134E+02 -6.324000168E+01 -5.711100006E+01 1.486099958E+00 3.105300069E-01 1.413100050E-03
 6.764999853E-05 8.438799705E-05 6.089900136E-01 -4.602100000E+04 -1.178000000E+04 2.195299988E+02 3.774400024E+02 -7.122100067E+01 2.894700050E+01 1.556100011E+00 2.785399854E-01 1.534300041E-03
 6.969999959E-05 8.412400348E-05 5.635499954E-01 -6.962800000E+04 7.303000000E+03 2.145099945E+02 3.876199951E+02 -7.727300262E+01 6.131900024E+01 1.619799972E+00 2.518500090E-01 1.657700050E-03
 7.175000064E-05 8.386000263E-05 5.241799951E-01 -8.575200000E+04 1.473500000E+04 2.099600067E+02 3.968399963E+02 -8.145300293E+01 1.049199982E+02 1.678099990E+00 2.292699963E-01 1.781799947E-03
 7.380000170E-05 8.359600179E-05 4.912799895E-01 -9.639100000E+04 2.001500000E+04 2.059100037E+02 4.048800049E+02 -8.351499939E+01 1.403099976E+02 1.729200006E+00 2.107200027E-01 1.900400035E-03
 7.585000276E-05 8.333200094E-05 4.648199975E-01 -1.066200000E+05 3.089500000E+04 2.023899994E+02 4.115199890E+02 -8.410199738E+01 1.672200012E+02 1.771999955E+00 1.959400028E-01 2.008100040E-03
 7.789999654E-05 8.306800009E-05 4.413599968E-01 -1.193200000E+05 3.701000000E+04 1.993899994E+02 4.177099915E+02 -8.345999908E+01 1.798099976E+02 1.810500026E+00 1.832900047E-01 2.114899922E-03
 7.994999760E-05 8.280399925E-05 4.201099873E-01 -1.279000000E+05 4.134100000E+04 1.966600037E+02 4.236700134E+02 -8.193299866E+01 1.691699982E+02 1.846799970E+00 1.720699966E-01 2.221500035E-03
 8.199999866E-05 8.253999840E-05 4.028100073E-01 -1.360600000E+05 4.499600000E+04 1.942100067E+02 4.288999939E+02 -7.972599792E+01 1.843899994E+02 1.878800035E+00 1.629199982E-01 2.316599945E-03
 8.404999971E-05 8.227599756E-05 3.881900012E-01 -1.508200000E+05 4.789200000E+04 1.920000000E+02 4.336700134E+02 -7.663600159E+01 2.104600067E+02 1.907500029E+00 1.552200019E-01 2.403700026E-03
 8.610000077E-05 8.201199671E-05 3.749600053E-01 -1.641100000E+05 4.564900000E+04 1.900299988E+02 4.381300049E+02 -7.343399811E+01 2.112400055E+02 1.934100032E+00 1.483899951E-01 2.488400089E-03
 8.815000183E-05 8.174800314E-05 3.628199995E-01 -1.793600000E+05 3.701800000E+04 1.882700043E+02 4.420799866E+02 -7.081500244E+01 1.835700073E+02 1.958299994E+00 1.422500014E-01 2.571699908E-03
 9.020000289E-05 8.148400229E-05 3.515200019E-01 -1.886700000E+05 3.729200000E+04 1.864100037E+02 4.458500061E+02 -6.797499847E+01 1.743099976E+02 1.982499957E+00 1.364600062E-01 2.654399956E-03
 9.224999667E-05 8.122000145E-05 3.411000073E-01 -1.887000000E+05 3.907000000E+04 1.846499939E+02 4.492699890E+02 -6.515799713E+01 1.726799927E+02 2.005000114E+00 1.311600059E-01 2.735400107E-03
 9.429999773E-05 8.095600060E-05 3.314999938E-01 -1.927400000E+05 3.801900000E+04 1.830800018E+02 4.523699951E+02 -6.259000015E+01 1.625500031E+02 2.025599957E+00 1.263999939E-01 2.814499894E-03
 9.634999878E-05 8.069199976E-05 3.221099973E-01 -1.879800000E+05 3.809400000E+04 1.814799957E+02 4.557399902E+02 -6.001100159E+01 1.628999939E+02 2.047899961E+00 1.217399985E-01 2.896599937E-03
 9.839999984E-05 8.042799891E-05 3.128199875E-01 -1.917600000E+05 3.834600000E+04 1.799299927E+02 4.590400085E+02 -5.773500061E+01 1.544499969E+02 2.069999933E+00 1.172199994E-01 2.982700011E-03
 1.004500009E-04 8.016399806E-05 3.040300012E-01 -2.009300000E+05 3.357100000E+04 1.784400024E+02 4.620799866E+02 -5.569699860E+01 1.515700073E+02 2.091099977E+00 1.129800007E-01 3.068800084E-03
 1.025000020E-04 7.989999722E-05 2.959400117E-01 -1.946200000E+05 3.106900000E+04 1.769400024E+02 4.648500061E+02 -5.384799957E+01 1.459299927E+02 2.111299992E+00 1.090499982E-01 3.152600024E-03
 1.045500030E-04 7.963599637E-05 2.883200049E-01 -1.921000000E+05 2.969600000E+04 1.754700012E+02 4.672500000E+02 -5.233700180E+01 1.294100037E+02 2.130199909E+00 1.053600013E-01 3.235900076E-03
 1.065999968E-04 7.937200280E-05 2.804999948E-01 -1.991500000E+05 2.640400000E+04 1.741499939E+02 4.699400024E+02 -5.118899918E+01 1.195899963E+02 2.149899960E+00 1.017299965E-01 3.326199949E-03
 1.086499979E-04 7.910800196E-05 2.732000053E-01 -2.061200000E+05 3.025200000E+04 1.728500061E+02 4.724100037E+02 -5.023300171E+01 1.154300003E+02 2.168600082E+00 9.834200144E-02 3.414900042E-03
 1.106999989E-04 7.884400111E-05 2.666200101E-01 -2.071300000E+05 2.615200000E+04 1.714299927E+02 4.742799988E+02 -4.935499954E+01 1.014899979E+02 2.185699940E+00 9.518700093E-02 3.499200102E-03
 1.127500000E-04 7.858000026E-05 2.603299916E-01 -2.112400000E+05 2.027500000E+04 1.702899933E+02 4.761600037E+02 -4.861199951E+01 9.106600189E+01 2.201299906E+00 9.231500328E-02 3.583699930E-03
 1.148000010E-04 7.831599942E-05 2.543900013E-01 -2.127900000E+05 2.036100000E+04 1.692799988E+02 4.780899963E+02 -4.813899994E+01 9.556099701E+01 2.216399908E+00 8.967900276E-02 3.667300101E-03
 1.168500021E-04 7.805199857E-05 2.487100065E-01 -2.104100000E+05 1.861200000E+04 1.680800018E+02 4.799800110E+02 -4.783700180E+01 9.288600159E+01 2.232899904E+00 8.705300093E-02 3.750999924E-03
 1.189000031E-04 7.778799772E-05 2.433100045E-01 -2.139100000E+05 1.909500000E+04 1.669900055E+02 4.818900146E+02 -4.768000031E+01 8.637999725E+01 2.248899937E+00 8.461199701E-02 3.834299976E-03
 1.209499969E-04 7.752399688E-05 2.380400002E-01 -2.195600000E+05 2.174300000E+04 1.660299988E+02 4.837099915E+02 -4.773500061E+01 9.045200348E+01 2.263900042E+00 8.230199665E-02 3.919099923E-03
 1.230000053E-04 7.726000331E-05 2.327699959E-01 -2.197800000E+05 2.039000000E+04 1.649299927E+02 4.855100098E+02 -4.818099976E+01 8.251200104E+01 2.279999971E+00 7.994899899E-02 4.007900134E-03
 1.250500063E-04 7.699600246E-05 2.274899930E-01 -2.146100000E+05 2.098700000E+04 1.637700043E+02 4.874599915E+02 -4.849700165E+01 8.020600128E+01 2.297300100E+00 7.758700103E-02 4.100900143E-03
 1.270999928E-04 7.673200162E-05 2.228199989E-01 -2.144600000E+05 2.499200000E+04 1.627899933E+02 4.890100098E+02 -4.870100021E+01 8.607299805E+01 2.311599970E+00 7.553800195E-02 4.186700098E-03
 1.291499939E-04 7.646800077E-05 2.187699974E-01 -2.232900000E+05 2.603500000E+04 1.620800018E+02 4.901900024E+02 -4.908499908E+01 8.382700348E+01 2.322299957E+00 7.384199649E-02 4.264099989E-03
 1.311999949E-04 7.620399992E-05 2.149100006E-01 -2.333500000E+05 2.204300000E+04 1.614400024E+02 4.913900146E+02 -4.931399918E+01 8.052999878E+01 2.332700014E+00 7.224900275E-02 4.340699874E-03
 1.332499960E-04 7.593999908E-05 2.111099958E-01 -2.388200000E+05 2.187000000E+04 1.608399963E+02 4.925299988E+02 -4.941099930E+01 8.461100006E+01 2.342499971E+00 7.070700079E-02 4.418899771E-03
 1.352999971E-04 7.567599823E-05 2.074500024E-01 -2.473900000E+05 2.477100000E+04 1.604600067E+02 4.932200012E+02 -4.998600006E+01 8.830400085E+01 2.348700047E+00 6.931900233E-02 4.496700130E-03
 1.373499981E-04 7.541199739E-05 2.040899992E-01 -2.717300000E+05 2.844300000E+04 1.603899994E+02 4.933800049E+02 -5.075400162E+01 9.354299927E+01 2.350399971E+00 6.816499680E-02 4.570799880E-03
 1.393999992E-04 7.514799654E-05 2.011799961E-01 -2.988400000E+05 3.505500000E+04 1.602799988E+02 4.935599976E+02 -5.108499908E+01 1.089499969E+02 2.352200031E+00 6.714399904E-02 4.637000151E-03
 1.414500002E-04 7.488400297E-05 1.984100044E-01 -3.242400000E+05 3.958300000E+04 1.601999969E+02 4.935899963E+02 -5.138000107E+01 1.225800018E+02 2.352999926E+00 6.618899852E-02 4.701700062E-03
 1.435000013E-04 7.462000212E-05 1.954900026E-01 -3.442800000E+05 3.983200000E+04 1.601300049E+02 4.936300049E+02 -5.185900116E+01 1.308899994E+02 2.354000092E+00 6.518699974E-02 4.771899898E-03
 1.455500023E-04 7.435600128E-05 1.926600039E-01 -3.588700000E+05 4.089800000E+04 1.599299927E+02 4.937900085E+02 -5.244100189E+01 1.356499939E+02 2.356499910E+00 6.416100264E-02 4.842100199E-03
 1.476000034E-04 7.409200043E-05 1.898799986E-01 -3.757800000E+05 4.560600000E+04 1.598200073E+02 4.940400085E+02 -5.294900131E+01 1.364100037E+02 2.358799934E+00 6.319399923E-02 4.912899807E-03
 1.496500045E-04 7.382799959E-05 1.873199940E-01 -3.955400000E+05 4.892400000E+04 1.598500061E+02 4.942099915E+02 -5.352099991E+01 1.382100067E+02 2.359600067E+00 6.235200167E-02 4.980099853E-03
 1.517000055E-04 7.356399874E-05 1.853599995E-01 -4.291300000E+05 5.725700000E+04 1.604199982E+02 4.931300049E+02 -5.411000061E+01 1.668899994E+02 2.350699902E+00 6.191900000E-02 5.032599904E-03
 1.537500066E-04 7.329999789E-05 1.854899973E-01 -5.474900000E+05 8.586100000E+04 1.640599976E+02 4.868200073E+02 -5.358599854E+01 2.529100037E+02 2.295399904E+00 6.337700039E-02 5.028999876E-03
 1.557999931E-04 7.303599705E-05 1.945399940E-01 -9.236500000E+05 1.727800000E+05 1.793800049E+02 4.602900085E+02 -4.798600006E+01 5.336599731E+02 2.080899954E+00 7.288400084E-02 4.803500138E-03
 1.578499941E-04 7.277200348E-05 2.328200042E-01 -1.358400000E+06 2.819800000E+05 2.147299957E+02 3.889599915E+02 -3.172200012E+01 1.062900024E+03 1.617599964E+00 1.056199968E-01 4.077699967E-03
 1.598999952E-04 7.250800263E-05 3.309899867E-01 -1.094100000E+06 2.405900000E+05 2.562000122E+02 2.823299866E+02 -7.912000179E+00 1.275500000E+03 1.069900036E+00 1.792500019E-01 2.946200082E-03
 1.619499963E-04 7.224400179E-05 4.686599970E-01 -3.966700000E+05 8.972400000E+04 2.813900146E+02 1.976199951E+02 9.593600273E+00 7.916699829E+02 7.097200155E-01 2.756600082E-01 2.037100028E-03
 1.639999973E-04 7.198000094E-05 5.674099922E-01 -7.510400000E+04 1.188300000E+04 2.904700012E+02 1.613099976E+02 1.477600002E+01 2.299900055E+02 5.705299973E-01 3.433499932E-01 1.648499980E-03
 1.660499984E-04 7.171600009E-05 6.034200191E-01 -2.184700000E+04 4.189600098E+03 2.930299988E+02 1.512100067E+02 1.391100025E+01 2.139299965E+01 5.323799849E-01 3.682200015E-01 1.546100015E-03
 1.680999994E-04 7.145199925E-05 6.111999750E-01 -1.334400000E+04 8.583599609E+03 2.936199951E+02 1.486600037E+02 1.180900002E+01 -6.839399815E+00 5.223100185E-01 3.737100065E-01 1.526199980E-03
 1.701500005E-04 7.118799840E-05 6.121299863E-01 -1.570900000E+04 -2.979500000E+03 2.938399963E+02 1.478200073E+02 9.407500267E+00 -8.526599884E+00 5.185700059E-01 3.745599985E-01 1.523899962E-03
 1.722000015E-04 7.092399755E-05 6.121900082E-01 -1.333300000E+04 -6.141700195E+03 2.939899902E+02 1.470800018E+02 7.495399952E+00 2.350600052E+01 5.154600143E-01 3.747900128E-01 1.523699961E-03
 1.742500026E-04 7.065999671E-05 6.123999953E-01 -7.199700195E+03 5.275000000E+03 2.941000061E+02 1.461600037E+02 6.138700008E+00 5.232799911E+01 5.119500160E-01 3.750500083E-01 1.523199957E-03
 1.763000037E-04 7.039600314E-05 6.128100157E-01 -6.893000000E+03 8.925000000E+03 2.941099854E+02 1.453399963E+02 4.648700237E+00 3.543399811E+01 5.088499784E-01 3.753199875E-01 1.522199949E-03
 1.783500047E-04 7.013200229E-05 6.129900217E-01 -5.717500000E+03 1.150400024E+03 2.941400146E+02 1.444100037E+02 3.597399950E+00 4.008900070E+01 5.054799914E-01 3.754700124E-01 1.521699945E-03
 1.804000058E-04 6.986800145E-05 6.126199961E-01 -3.751899902E+03 5.405100098E+03 2.942300110E+02 1.433600006E+02 3.153000116E+00 6.133000183E+01 5.017099977E-01 3.753499985E-01 1.522599952E-03
 1.824500068E-04 6.960400060E-05 6.125599742E-01 -6.518299805E+03 1.458300000E+04 2.944299927E+02 1.424299927E+02 2.681699991E+00 6.759400177E+01 4.982300103E-01 3.755699992E-01 1.522799954E-03
 1.844999933E-04 6.933999975E-05 6.129000187E-01 -4.533399902E+03 3.079500000E+03 2.946000061E+02 1.413899994E+02 2.372900009E+00 7.039800262E+01 4.944500029E-01 3.759900033E-01 1.521999948E-03
 1.865499944E-04 6.907599891E-05 6.120600104E-01 -2.076399902E+03 -6.351700195E+03 2.947300110E+02 1.406000061E+02 2.165400028E+00 8.001100159E+01 4.915600121E-01 3.756400049E-01 1.524099964E-03
 1.885999955E-04 6.881199806E-05 6.113100052E-01 -9.078099609E+03 3.051699951E+03 2.948699951E+02 1.400000000E+02 1.888499975E+00 8.234300232E+01 4.893200099E-01 3.753699958E-01 1.525899977E-03
 1.906499965E-04 6.854799722E-05 6.116499901E-01 -9.623799805E+03 9.645400391E+03 2.948999939E+02 1.392899933E+02 1.952000022E+00 8.882800293E+01 4.868400097E-01 3.756099939E-01 1.525099971E-03
 1.926999976E-04 6.828399637E-05 6.126700044E-01 -1.814400024E+03 4.571799805E+03 2.947799988E+02 1.384199982E+02 2.498800039E+00 9.829699707E+01 4.839299917E-01 3.760899901E-01 1.522499952E-03
 1.947499986E-04 6.802000280E-05 6.126499772E-01 -7.635799805E+03 1.012600000E+04 2.947600098E+02 1.377799988E+02 2.920900106E+00 9.605100250E+01 4.817500114E-01 3.760499954E-01 1.522599952E-03
 1.967999997E-04 6.775600195E-05 6.115000248E-01 -1.108900000E+04 1.210900000E+04 2.948900146E+02 1.374100037E+02 3.218199968E+00 8.730200195E+01 4.803600013E-01 3.754999936E-01 1.525399974E-03
 1.988500007E-04 6.749200111E-05 6.107400060E-01 1.249599976E+03 9.079900391E+03 2.948500061E+02 1.370099945E+02 3.880000114E+00 9.499800110E+01 4.790599942E-01 3.749899864E-01 1.527299988E-03
 2.009000018E-04 6.722800026E-05 6.100900173E-01 5.619500122E+02 5.397200195E+03 2.948299866E+02 1.367899933E+02 4.604800224E+00 1.039899979E+02 4.783599973E-01 3.745700121E-01 1.528900000E-03
 2.029500029E-04 6.696399942E-05 6.092600226E-01 -4.502299805E+03 8.072200195E+03 2.948800049E+02 1.366100006E+02 5.372200012E+00 1.060400009E+02 4.778200090E-01 3.741100132E-01 1.531000016E-03
 2.050000039E-04 6.669999857E-05 6.086300015E-01 -2.125500000E+03 1.575600000E+04 2.948500061E+02 1.365099945E+02 5.866700172E+00 1.119800034E+02 4.775600135E-01 3.736999929E-01 1.532600028E-03
 0.000000000E+00 8.033299673E-05 1.600700021E+00 -4.286600000E+04 3.988500000E+03 3.000000000E+02 1.131600037E+02 -3.351700068E+00 1.415000000E+02 3.910900056E-01 9.984899759E-01 5.837799981E-04
 2.049999921E-06 8.060000255E-05 1.600600004E+00 -3.792400000E+04 -2.325300049E+03 3.001799927E+02 1.131500015E+02 -2.584199905E+00 1.583200073E+02 3.914600015E-01 9.997799993E-01 5.832900060E-04
 4.099999842E-06 8.086700109E-05 1.599699974E+00 -1.528600000E+04 1.369199951E+03 3.001700134E+02 1.134300003E+02 -1.132400036E+00 1.646000061E+02 3.929499984E-01 9.999099970E-01 5.831100279E-04
 6.149999990E-06 8.113300282E-05 1.597800016E+00 3.576800049E+03 9.819599609E+03 2.999599915E+02 1.141100006E+02 1.516900063E-01 1.414799957E+02 3.954100013E-01 9.980300069E-01 5.838099751E-04
 8.199999684E-06 8.140000136E-05 1.595700026E+00 9.663800049E+02 1.373500000E+04 2.998800049E+02 1.150000000E+02 1.168699980E+00 1.358600006E+02 3.985800147E-01 9.964299798E-01 5.845800042E-04
 1.024999983E-05 8.166699990E-05 1.592900038E+00 -1.512600000E+04 1.633200000E+04 2.998900146E+02 1.160500031E+02 1.991500020E+00 1.511999969E+02 4.022299945E-01 9.947299957E-01 5.856099888E-04
 1.229999998E-05 8.193300164E-05 1.589100003E+00 -1.567400000E+04 8.312400391E+03 2.999200134E+02 1.172099991E+02 2.898400068E+00 1.245400009E+02 4.063200057E-01 9.924899936E-01 5.869800225E-04
 1.435000013E-05 8.220000018E-05 1.585000038E+00 -3.753500000E+03 1.723300000E+04 2.996799927E+02 1.186800003E+02 3.861799955E+00 1.340200043E+02 4.116599858E-01 9.891300201E-01 5.885100109E-04
 1.639999937E-05 8.246699872E-05 1.581300020E+00 -1.551300000E+04 8.050899902E+03 2.995199890E+02 1.204899979E+02 4.735799789E+00 1.555700073E+02 4.181599915E-01 9.863200188E-01 5.898799864E-04
 1.845000043E-05 8.273300045E-05 1.577299953E+00 -1.451900000E+04 -1.395500000E+04 2.992500000E+02 1.226299973E+02 5.494800091E+00 1.375000000E+02 4.258599877E-01 9.829000235E-01 5.914000212E-04
 2.049999966E-05 8.299999899E-05 1.571699977E+00 2.821199951E+02 -8.366400391E+03 2.987999878E+02 1.250599976E+02 6.232999802E+00 1.575099945E+02 4.347299933E-01 9.779099822E-01 5.935099907E-04
 2.255000072E-05 8.326699754E-05 1.564599991E+00 3.700399902E+03 2.470000000E+03 2.985100098E+02 1.278399963E+02 6.997700214E+00 1.346600037E+02 4.447200000E-01 9.725800157E-01 5.961999996E-04
 2.459999996E-05 8.353299927E-05 1.558200002E+00 2.943399902E+03 9.446299805E+03 2.981799927E+02 1.307100067E+02 7.565100193E+00 1.475099945E+02 4.550200105E-01 9.675400257E-01 5.986299948E-04
 2.664999920E-05 8.379999781E-05 1.552000046E+00 9.583400391E+03 -3.448800049E+03 2.977000122E+02 1.335399933E+02 8.454400063E+00 2.009600067E+02 4.654299915E-01 9.621199965E-01 6.010400248E-04
 2.870000026E-05 8.406700363E-05 1.543599963E+00 2.199800000E+04 -7.708600098E+03 2.970100098E+02 1.371300049E+02 9.620200157E+00 1.858399963E+02 4.787200093E-01 9.546999931E-01 6.043100148E-04
 3.075000132E-05 8.433299809E-05 1.531399965E+00 4.953000000E+03 1.824900024E+03 2.962399902E+02 1.415899963E+02 1.038199997E+01 1.527500000E+02 4.950399995E-01 9.447100163E-01 6.091400282E-04
 3.279999873E-05 8.459999663E-05 1.517899990E+00 -8.590400391E+03 1.515900000E+04 2.954899902E+02 1.465399933E+02 1.126200008E+01 1.510399933E+02 5.131199956E-01 9.339900017E-01 6.145500229E-04
 3.484999979E-05 8.486700244E-05 1.505300045E+00 8.801000000E+03 1.415900000E+04 2.945599976E+02 1.519799957E+02 1.226599979E+01 1.415399933E+02 5.331699848E-01 9.233000278E-01 6.197100156E-04
 3.690000085E-05 8.513299690E-05 1.489799976E+00 1.461200000E+04 -6.142299805E+03 2.933900146E+02 1.578600006E+02 1.307600021E+01 1.512299957E+02 5.549899936E-01 9.101999998E-01 6.261499948E-04
 3.894999827E-05 8.540000272E-05 1.470900059E+00 8.547500000E+03 -3.966100098E+03 2.919500122E+02 1.646799927E+02 1.396300030E+01 1.490899963E+02 5.805100203E-01 8.942800164E-01 6.341799744E-04
 4.099999933E-05 8.566700126E-05 1.447999954E+00 1.085300000E+04 -3.487199951E+03 2.903900146E+02 1.727200012E+02 1.482400036E+01 1.436999969E+02 6.105499864E-01 8.756200075E-01 6.442699814E-04
 4.305000039E-05 8.593300299E-05 1.419899940E+00 1.338100000E+04 -1.416099976E+03 2.885400085E+02 1.817599945E+02 1.558699989E+01 1.677599945E+02 6.445500255E-01 8.531699777E-01 6.570499972E-04
 4.510000144E-05 8.620000153E-05 1.385400057E+00 2.756800000E+04 4.803399902E+03 2.861799927E+02 1.925200043E+02 1.589099979E+01 1.239400024E+02 6.853500009E-01 8.256599903E-01 6.734500057E-04
 4.714999886E-05 8.646700007E-05 1.343500018E+00 3.459600000E+04 4.107899902E+03 2.831799927E+02 2.054299927E+02 1.540400028E+01 8.747200012E+01 7.347999811E-01 7.923399806E-01 6.944899797E-04
 4.919999992E-05 8.673300181E-05 1.291300058E+00 4.946700000E+04 6.024500000E+03 2.792699890E+02 2.208399963E+02 1.402499962E+01 5.944599915E+01 7.948099971E-01 7.510899901E-01 7.227599854E-04
 5.125000098E-05 8.700000035E-05 1.224699974E+00 7.879800000E+04 -6.337200195E+03 2.745100098E+02 2.390399933E+02 1.116399956E+01 -1.817000008E+01 8.670399785E-01 7.002599835E-01 7.623800193E-04
 5.329999840E-05 8.676000289E-05 1.147400022E+00 6.998200000E+04 -1.093200000E+04 2.686900024E+02 2.589599915E+02 5.979300022E+00 -1.459799957E+02 9.487299919E-01 6.422799826E-01 8.139500278E-04
 5.534999946E-05 8.651999815E-05 1.060799956E+00 5.638200000E+04 -3.137500000E+04 2.618599854E+02 2.800599976E+02 -2.402699947E+00 -2.375599976E+02 1.039199948E+00 5.787799954E-01 8.811000152E-04
 5.740000051E-05 8.628000069E-05 9.722200036E-01 5.422400000E+04 -4.608300000E+04 2.546399994E+02 3.005700073E+02 -1.310099983E+01 -2.721400146E+02 1.131999969E+00 5.158500075E-01 9.612899739E-04
 5.945000157E-05 8.604000323E-05 8.879100084E-01 4.084700000E+04 -3.979100000E+04 2.473300018E+02 3.195599976E+02 -2.463100052E+01 -2.540099945E+02 1.223600030E+00 4.576399922E-01 1.052999985E-03
 6.150000263E-05 8.579999849E-05 8.073599935E-01 2.278200000E+04 -3.793400000E+04 2.400299988E+02 3.372000122E+02 -3.641799927E+01 -2.018200073E+02 1.314299941E+00 4.038400054E-01 1.158099971E-03
 6.354999641E-05 8.556000103E-05 7.360799909E-01 -3.856199951E+03 -3.525700000E+04 2.331100006E+02 3.525100098E+02 -4.731999969E+01 -1.587700043E+02 1.398499966E+00 3.575400114E-01 1.269900007E-03
 6.559999747E-05 8.532000356E-05 6.743400097E-01 -3.420900000E+04 -2.802300000E+04 2.266900024E+02 3.657099915E+02 -5.668000031E+01 -8.044999695E+01 1.475499988E+00 3.185200095E-01 1.385899959E-03
 6.764999853E-05 8.507999883E-05 6.205899715E-01 -4.528000000E+04 -1.251300000E+04 2.208399963E+02 3.773200073E+02 -6.425800323E+01 -7.413400173E+00 1.546100020E+00 2.855400145E-01 1.505700056E-03
 6.969999959E-05 8.484000136E-05 5.734900236E-01 -6.024500000E+04 7.002600098E+02 2.155000000E+02 3.878599854E+02 -7.007800293E+01 3.566999817E+01 1.611600041E+00 2.574700117E-01 1.629099948E-03
 7.175000064E-05 8.459999663E-05 5.322700143E-01 -8.712200000E+04 1.100000000E+04 2.106900024E+02 3.974500122E+02 -7.415799713E+01 9.209200287E+01 1.671900034E+00 2.336200029E-01 1.754899975E-03
 7.380000170E-05 8.435999916E-05 4.969100058E-01 -1.040900000E+05 1.789200000E+04 2.064400024E+02 4.061700134E+02 -7.678500366E+01 1.210400009E+02 1.726799965E+00 2.136799991E-01 1.879299991E-03
 7.585000276E-05 8.412000170E-05 4.679499865E-01 -1.144400000E+05 2.973100000E+04 2.026900024E+02 4.132900085E+02 -7.797000122E+01 1.301600037E+02 1.773100019E+00 1.975599974E-01 1.994899940E-03
 7.789999654E-05 8.387999696E-05 4.433400035E-01 -1.240900000E+05 3.256200000E+04 1.994299927E+02 4.195400085E+02 -7.743000031E+01 1.660500031E+02 1.813199997E+00 1.841499954E-01 2.105500083E-03
 7.994999760E-05 8.363999950E-05 4.214600027E-01 -1.279500000E+05 3.586800000E+04 1.964100037E+02 4.258299866E+02 -7.629100037E+01 1.747700043E+02 1.852699995E+00 1.724099964E-01 2.214600099E-03
 8.199999866E-05 8.340000204E-05 4.029999971E-01 -1.390900000E+05 4.389500000E+04 1.937899933E+02 4.311000061E+02 -7.469999695E+01 1.871799927E+02 1.886299968E+00 1.626500040E-01 2.315599937E-03
 8.404999971E-05 8.315999730E-05 3.869900107E-01 -1.546600000E+05 4.652500000E+04 1.915200043E+02 4.359200134E+02 -7.200800323E+01 2.104799957E+02 1.916100025E+00 1.543599963E-01 2.411399968E-03
 8.610000077E-05 8.291999984E-05 3.725000024E-01 -1.620500000E+05 4.233800000E+04 1.893699951E+02 4.405000000E+02 -6.888099670E+01 2.090200043E+02 1.944499969E+00 1.469099969E-01 2.505100099E-03
 8.815000183E-05 8.268000238E-05 3.594399989E-01 -1.734500000E+05 3.620400000E+04 1.874199982E+02 4.445400085E+02 -6.628099823E+01 1.767899933E+02 1.970399976E+00 1.403000057E-01 2.595900092E-03
 9.020000289E-05 8.243999764E-05 3.475799859E-01 -1.785300000E+05 3.914400000E+04 1.855200043E+02 4.485599976E+02 -6.366500092E+01 1.488300018E+02 1.996299982E+00 1.342899948E-01 2.684500068E-03
 9.224999667E-05 8.220000018E-05 3.371500075E-01 -1.821700000E+05 3.634900000E+04 1.837500000E+02 4.519700012E+02 -6.087599945E+01 1.452100067E+02 2.019099951E+00 1.290200055E-01 2.767399885E-03
 9.429999773E-05 8.196000272E-05 3.277300000E-01 -1.946900000E+05 3.373100000E+04 1.823500061E+02 4.547399902E+02 -5.800400162E+01 1.500099945E+02 2.037400007E+00 1.244599968E-01 2.846899908E-03
 9.634999878E-05 8.171999798E-05 3.183700144E-01 -1.933800000E+05 3.657100000E+04 1.808399963E+02 4.578599854E+02 -5.521799850E+01 1.479600067E+02 2.058199883E+00 1.199000031E-01 2.930700080E-03
 9.839999984E-05 8.148000052E-05 3.091399968E-01 -1.900900000E+05 3.546100000E+04 1.792899933E+02 4.612699890E+02 -5.283700180E+01 1.405299988E+02 2.081000090E+00 1.154299974E-01 3.018100047E-03
 1.004500009E-04 8.124000306E-05 3.007000089E-01 -1.971300000E+05 3.312300000E+04 1.778300018E+02 4.642000122E+02 -5.084600067E+01 1.328000031E+02 2.101599932E+00 1.113599986E-01 3.102600109E-03
 1.025000020E-04 8.099999832E-05 2.930800021E-01 -2.025500000E+05 3.164000000E+04 1.763500061E+02 4.666600037E+02 -4.884500122E+01 1.219599991E+02 2.120500088E+00 1.076299995E-01 3.183400026E-03
 1.045500030E-04 8.076000086E-05 2.858099937E-01 -2.033900000E+05 2.916900000E+04 1.749799957E+02 4.688800049E+02 -4.701399994E+01 1.176200027E+02 2.137900114E+00 1.041499972E-01 3.264300060E-03
 1.065999968E-04 8.052000339E-05 2.786000073E-01 -2.043600000E+05 2.423500000E+04 1.736199951E+02 4.712900085E+02 -4.575199890E+01 1.150400009E+02 2.156699896E+00 1.007300019E-01 3.348900005E-03
 1.086499979E-04 8.027999866E-05 2.714599967E-01 -2.079600000E+05 2.476800000E+04 1.723200073E+02 4.737099915E+02 -4.464400101E+01 1.105999985E+02 2.175299883E+00 9.741599858E-02 3.436800092E-03
 1.106999989E-04 8.004000119E-05 2.648600042E-01 -2.069900000E+05 2.190000000E+04 1.711100006E+02 4.758900146E+02 -4.388600159E+01 8.961699677E+01 2.192699909E+00 9.437599778E-02 3.522400046E-03
 1.127500000E-04 7.979999646E-05 2.588100135E-01 -2.103400000E+05 1.785600000E+04 1.700899963E+02 4.779700012E+02 -4.345999908E+01 7.900399780E+01 2.208499908E+00 9.167200327E-02 3.604700090E-03
 1.148000010E-04 7.955999899E-05 2.530699968E-01 -2.157000000E+05 1.625400000E+04 1.691000061E+02 4.798699951E+02 -4.299300003E+01 8.169499969E+01 2.223599911E+00 8.911500126E-02 3.686500015E-03
 1.168500021E-04 7.932000153E-05 2.476900071E-01 -2.216800000E+05 1.697700000E+04 1.680299988E+02 4.815599976E+02 -4.242900085E+01 8.125299835E+01 2.238199949E+00 8.667200059E-02 3.766400041E-03
 1.189000031E-04 7.907999679E-05 2.425999939E-01 -2.311300000E+05 1.896000000E+04 1.669900055E+02 4.831700134E+02 -4.244400024E+01 8.669499969E+01 2.252599955E+00 8.436500281E-02 3.845399944E-03
 1.209499969E-04 7.883999933E-05 2.378199995E-01 -2.358300000E+05 2.044500000E+04 1.660000000E+02 4.847500000E+02 -4.254299927E+01 8.125000000E+01 2.266599894E+00 8.220999688E-02 3.922699951E-03
 1.230000053E-04 7.860000187E-05 2.330999970E-01 -2.330700000E+05 2.003700000E+04 1.648600006E+02 4.864400024E+02 -4.254700089E+01 6.720300293E+01 2.282399893E+00 8.002799749E-02 4.002199974E-03
 1.250500063E-04 7.835999713E-05 2.281599939E-01 -2.260800000E+05 1.957300000E+04 1.636999969E+02 4.883099976E+02 -4.280300140E+01 7.006099701E+01 2.299299955E+00 7.778000087E-02 4.088900052E-03
 1.270999928E-04 7.811999967E-05 2.234700024E-01 -2.232800000E+05 2.349900000E+04 1.627899933E+02 4.898500061E+02 -4.313000107E+01 7.248600006E+01 2.313100100E+00 7.575699687E-02 4.174499772E-03
 1.291499939E-04 7.788000221E-05 2.191900015E-01 -2.232300000E+05 2.265800000E+04 1.620200043E+02 4.912000122E+02 -4.363199997E+01 6.914700317E+01 2.325099945E+00 7.395199686E-02 4.255999811E-03
 1.311999949E-04 7.763999747E-05 2.152599990E-01 -2.292300000E+05 1.869800000E+04 1.613899994E+02 4.923299866E+02 -4.411399841E+01 6.918299866E+01 2.335099936E+00 7.234700024E-02 4.333700053E-03
 1.332499960E-04 7.740000001E-05 2.115699947E-01 -2.363500000E+05 1.820600000E+04 1.607700043E+02 4.933500061E+02 -4.451699829E+01 7.002799988E+01 2.344599962E+00 7.083100080E-02 4.409300163E-03
 1.352999971E-04 7.716000255E-05 2.081899941E-01 -2.457200000E+05 2.107900000E+04 1.602599945E+02 4.941400146E+02 -4.481499863E+01 7.694100189E+01 2.352200031E+00 6.947799772E-02 4.480800126E-03
 1.373499981E-04 7.691999781E-05 2.051299959E-01 -2.725400000E+05 2.460900000E+04 1.601499939E+02 4.943200073E+02 -4.529600143E+01 8.112899780E+01 2.354000092E+00 6.840900332E-02 4.547699820E-03
 1.393999992E-04 7.668000035E-05 2.021300048E-01 -3.033700000E+05 2.976400000E+04 1.601399994E+02 4.944700012E+02 -4.579700089E+01 9.269599915E+01 2.355099916E+00 6.740599871E-02 4.615100101E-03
 1.414500002E-04 7.644000289E-05 1.991800070E-01 -3.264700000E+05 3.495100000E+04 1.600700073E+02 4.947699890E+02 -4.620500183E+01 1.068099976E+02 2.357199907E+00 6.639300287E-02 4.683400039E-03
 1.435000013E-04 7.619999815E-05 1.963700056E-01 -3.437900000E+05 3.624600000E+04 1.599600067E+02 4.949100037E+02 -4.681800079E+01 1.108300018E+02 2.358900070E+00 6.541000307E-02 4.750499967E-03
 1.455500023E-04 7.596000069E-05 1.938100010E-01 -3.585200000E+05 3.628600000E+04 1.597899933E+02 4.948299866E+02 -4.734000015E+01 1.132699966E+02 2.359999895E+00 6.449200213E-02 4.813100211E-03
 1.476000034E-04 7.572000322E-05 1.914499998E-01 -3.754300000E+05 3.812600000E+04 1.596799927E+02 4.947799988E+02 -4.795500183E+01 1.200400009E+02 2.360899925E+00 6.366000324E-02 4.872600082E-03
 1.496500045E-04 7.547999849E-05 1.891999990E-01 -3.965500000E+05 4.141500000E+04 1.597500000E+02 4.947500000E+02 -4.871799850E+01 1.276399994E+02 2.360599995E+00 6.293699890E-02 4.930600058E-03
 1.517000055E-04 7.524000102E-05 1.873299927E-01 -4.274800000E+05 5.007300000E+04 1.603500061E+02 4.937500000E+02 -4.933200073E+01 1.503000031E+02 2.351799965E+00 6.254699826E-02 4.979799967E-03
 1.537500066E-04 7.500000356E-05 1.867700070E-01 -5.197800000E+05 7.148600000E+04 1.630899963E+02 4.891400146E+02 -4.912900162E+01 2.144499969E+02 2.310499907E+00 6.342999637E-02 4.994499963E-03
 1.557999931E-04 7.475999882E-05 1.930299997E-01 -8.429600000E+05 1.412600000E+05 1.752500000E+02 4.684400024E+02 -4.518299866E+01 4.247699890E+02 2.138499975E+00 7.056900114E-02 4.837099928E-03
 1.578499941E-04 7.452000136E-05 2.229699939E-01 -1.343700000E+06 2.553600000E+05 2.068999939E+02 4.071499939E+02 -3.230400085E+01 8.916799927E+02 1.721799970E+00 9.718599916E-02 4.233600106E-03
 1.598999952E-04 7.427999662E-05 3.088099957E-01 -1.232300000E+06 2.470500000E+05 2.492799988E+02 3.031700134E+02 -1.061299992E+01 1.220099976E+03 1.166599989E+00 1.630199999E-01 3.150200006E-03
 1.619499963E-04 7.403999916E-05 4.458700120E-01 -5.225600000E+05 1.034800000E+05 2.784200134E+02 2.094600067E+02 7.599500179E+00 8.615999756E+02 7.565600276E-01 2.598899901E-01 2.155299997E-03
 1.639999973E-04 7.380000170E-05 5.580800176E-01 -1.050000000E+05 1.227600000E+04 2.897600098E+02 1.649400024E+02 1.425899982E+01 2.808800049E+02 5.839300156E-01 3.369700015E-01 1.679199981E-03
 1.660499984E-04 7.355999696E-05 6.037399769E-01 -2.354200000E+04 6.527100098E+03 2.928999939E+02 1.523000031E+02 1.397799969E+01 3.456600189E+01 5.363199711E-01 3.682500124E-01 1.545400009E-03
 1.680999994E-04 7.331999950E-05 6.137899756E-01 -1.605100000E+04 7.669600098E+03 2.935700073E+02 1.496900024E+02 1.193599987E+01 -1.347599983E+01 5.259799957E-01 3.752300143E-01 1.519800047E-03
 1.701500005E-04 7.308000204E-05 6.151199937E-01 -1.915900000E+04 -7.139899902E+03 2.939200134E+02 1.491999969E+02 9.530500412E+00 4.684999883E-01 5.233799815E-01 3.764800131E-01 1.516500022E-03
 1.722000015E-04 7.283999730E-05 6.147099733E-01 -2.043200000E+04 -9.968400391E+03 2.941099854E+02 1.490299988E+02 7.732900143E+00 2.933099937E+01 5.222399831E-01 3.764800131E-01 1.517500030E-03
 1.742500026E-04 7.259999984E-05 6.144099832E-01 -1.379500000E+04 4.169799805E+03 2.941499939E+02 1.487599945E+02 6.357500076E+00 3.788100052E+01 5.210199952E-01 3.763400018E-01 1.518200035E-03
 1.763000037E-04 7.236000238E-05 6.147800088E-01 -3.241899902E+03 8.840599609E+03 2.939599915E+02 1.482299957E+02 4.719900131E+00 2.648999977E+01 5.191400051E-01 3.763299882E-01 1.517300028E-03
 1.783500047E-04 7.211999764E-05 6.147699952E-01 -2.512399902E+03 -1.817500000E+03 2.938800049E+02 1.475599976E+02 4.020999908E+00 3.340200043E+01 5.167700052E-01 3.762199879E-01 1.517300028E-03
 1.804000058E-04 7.188000018E-05 6.139500141E-01 -3.661100098E+03 -3.223500000E+03 2.939899902E+02 1.469299927E+02 3.627700090E+00 4.647800064E+01 5.144400001E-01 3.758499920E-01 1.519400044E-03
 1.824500068E-04 7.164000272E-05 6.140099764E-01 -1.995400024E+03 8.188000000E+03 2.941700134E+02 1.462599945E+02 2.953799963E+00 5.380500031E+01 5.118600130E-01 3.761300147E-01 1.519200043E-03
 1.844999933E-04 7.139999798E-05 6.141899824E-01 3.658300049E+03 5.150700195E+03 2.941799927E+02 1.455599976E+02 2.723200083E+00 5.999800110E+01 5.094000101E-01 3.762499988E-01 1.518800040E-03
 1.865499944E-04 7.116000052E-05 6.132100224E-01 -9.954799805E+02 -1.094400024E+03 2.941400146E+02 1.450800018E+02 2.378999949E+00 6.109700012E+01 5.077499747E-01 3.756000102E-01 1.521200058E-03
 1.885999955E-04 7.092000305E-05 6.127300262E-01 -5.119799805E+03 8.549900391E+03 2.941900024E+02 1.444700012E+02 2.007999897E+00 6.643699646E+01 5.055500269E-01 3.753699958E-01 1.522399951E-03
 1.906499965E-04 7.067999832E-05 6.128200293E-01 -2.207899902E+03 5.808799805E+03 2.942399902E+02 1.437599945E+02 2.120699883E+00 8.006500244E+01 5.030400157E-01 3.754900098E-01 1.522199949E-03
 1.926999976E-04 7.044000085E-05 6.133199930E-01 1.891399994E+02 1.552899933E+02 2.941600037E+02 1.430700073E+02 2.497400045E+00 7.703299713E+01 5.006999969E-01 3.756900132E-01 1.520900056E-03
 1.947499986E-04 7.020000339E-05 6.133199930E-01 1.174699951E+03 1.131600000E+04 2.941300049E+02 1.425599976E+02 2.880000114E+00 8.672399902E+01 4.989599884E-01 3.756499887E-01 1.520900056E-03
 1.967999997E-04 6.995999865E-05 6.120899916E-01 -5.952500000E+02 1.245400000E+04 2.941799927E+02 1.423899994E+02 3.138400078E+00 8.711499786E+01 4.983299971E-01 3.749699891E-01 1.523999963E-03
 1.988500007E-04 6.972000119E-05 6.107800007E-01 2.515199951E+03 4.263799805E+03 2.942300110E+02 1.423200073E+02 3.674099922E+00 8.347100067E+01 4.981200099E-01 3.742299974E-01 1.527199987E-03
 2.009000018E-04 6.947999645E-05 6.099500060E-01 -1.326599976E+03 9.006700195E+03 2.942300110E+02 1.422500000E+02 4.295300007E+00 9.715599823E+01 4.979299903E-01 3.737100065E-01 1.529300003E-03
 2.029500029E-04 6.923999899E-05 6.095100045E-01 -4.887399902E+03 1.355000000E+04 2.942300110E+02 1.420899963E+02 5.001900196E+00 8.963300323E+01 4.974600077E-01 3.734500110E-01 1.530400012E-03
 2.050000039E-04 6.900000153E-05 6.092100143E-01 -2.230699951E+03 1.254400000E+04 2.942799988E+02 1.420099945E+02 5.462399960E+00 8.254399872E+01 4.971899986E-01 3.733299971E-01 1.531200018E-03
 0.000000000E+00 8.150000212E-05 1.600700021E+00 -2.728500000E+04 2.345000000E+04 3.000000000E+02 1.185400009E+02 -2.811100006E+00 1.077500000E+02 4.086199999E-01 9.970600009E-01 5.845099804E-04
 2.049999921E-06 8.173999959E-05 1.600000024E+00 -2.510100000E+04 1.300200000E+04 3.001600037E+02 1.180199966E+02 -2.040800095E+00 1.126500015E+02 4.077900052E-01 9.986199737E-01 5.838900106E-04
 4.099999842E-06 8.197999705E-05 1.598500013E+00 -4.884299850E+01 7.570700195E+03 3.001499939E+02 1.175000000E+02 -6.915900111E-01 1.103300018E+02 4.070200026E-01 9.990900159E-01 5.835599732E-04
 6.149999990E-06 8.222000179E-05 1.596400023E+00 -2.627399902E+03 8.814900391E+03 3.000199890E+02 1.177200012E+02 3.628199995E-01 1.018000031E+02 4.078899920E-01 9.973700047E-01 5.843099789E-04
 8.199999684E-06 8.245999925E-05 1.594200015E+00 -2.812900000E+04 1.045400000E+04 3.000400085E+02 1.183600006E+02 1.169199944E+00 1.332299957E+02 4.100899994E-01 9.960500002E-01 5.851300084E-04
 1.024999983E-05 8.269999671E-05 1.590899944E+00 -3.515900000E+04 1.800700000E+04 3.000100098E+02 1.193000031E+02 1.970800042E+00 1.513500061E+02 4.133999944E-01 9.939299822E-01 5.863200058E-04
 1.229999998E-05 8.294000145E-05 1.587399960E+00 -2.413800000E+04 1.494700000E+04 2.999500122E+02 1.203300018E+02 2.795900106E+00 1.014400024E+02 4.171000123E-01 9.915099740E-01 5.876200157E-04
 1.435000013E-05 8.317999891E-05 1.584300041E+00 -1.535800000E+04 1.621000000E+04 2.996700134E+02 1.216900024E+02 3.622100115E+00 8.538200378E+01 4.220800102E-01 9.886400104E-01 5.887799780E-04
 1.639999937E-05 8.341999637E-05 1.581500053E+00 -1.657500000E+04 1.496600000E+04 2.994299927E+02 1.234199982E+02 4.337100029E+00 1.208099976E+02 4.283199906E-01 9.861299992E-01 5.898100208E-04
 1.845000043E-05 8.366000111E-05 1.577399969E+00 -1.157000000E+04 -4.639200195E+03 2.992200012E+02 1.255599976E+02 4.999300003E+00 1.367299957E+02 4.359700084E-01 9.828600287E-01 5.913599744E-04
 2.049999966E-05 8.389999857E-05 1.570899963E+00 -1.109000000E+03 -8.785400391E+03 2.989500122E+02 1.280000000E+02 5.760200024E+00 1.540299988E+02 4.447500110E-01 9.779499769E-01 5.937999813E-04
 2.255000072E-05 8.414000331E-05 1.564000010E+00 1.745500000E+03 -4.299299805E+03 2.986099854E+02 1.305099945E+02 6.395899773E+00 1.450000000E+02 4.537999928E-01 9.724900126E-01 5.964399897E-04
 2.459999996E-05 8.438000077E-05 1.557299972E+00 4.139500000E+03 8.486400391E+03 2.981099854E+02 1.330099945E+02 6.992899895E+00 1.230999985E+02 4.629600048E-01 9.667099714E-01 5.990000209E-04
 2.664999920E-05 8.461999823E-05 1.550400019E+00 1.424800000E+04 6.550000000E+03 2.975499878E+02 1.357599945E+02 7.766699791E+00 1.080800018E+02 4.730899930E-01 9.606400132E-01 6.016599946E-04
 2.870000026E-05 8.486000297E-05 1.542199969E+00 1.065000000E+04 -1.593699951E+03 2.968699951E+02 1.394199982E+02 8.635800362E+00 1.157200012E+02 4.865700006E-01 9.533900023E-01 6.048600189E-04
 3.075000132E-05 8.510000043E-05 1.530900002E+00 -9.973900391E+03 7.867299805E+03 2.962099915E+02 1.436999969E+02 9.359199524E+00 1.320599976E+02 5.021700263E-01 9.442800283E-01 6.093300181E-04
 3.279999873E-05 8.533999790E-05 1.518399954E+00 -1.935800000E+04 1.257700000E+04 2.953900146E+02 1.484499969E+02 1.009500027E+01 1.538500061E+02 5.195599794E-01 9.340000153E-01 6.143500214E-04
 3.484999979E-05 8.558000263E-05 1.506000042E+00 1.887100000E+04 1.026800000E+04 2.944400024E+02 1.538500061E+02 1.097399998E+01 1.388300018E+02 5.394600034E-01 9.234200120E-01 6.193799782E-04
 3.690000085E-05 8.582000009E-05 1.489899993E+00 3.461000000E+04 -6.697100220E+02 2.933399963E+02 1.598000031E+02 1.186299992E+01 1.107300034E+02 5.615100265E-01 9.100800157E-01 6.261200178E-04
 3.894999827E-05 8.605999756E-05 1.470199943E+00 1.863100000E+04 7.670500000E+03 2.919100037E+02 1.665200043E+02 1.258100033E+01 1.235899963E+02 5.865899920E-01 8.937299848E-01 6.344899884E-04
 4.099999933E-05 8.630000229E-05 1.446799994E+00 1.272100000E+04 -6.564100098E+03 2.904200134E+02 1.743000031E+02 1.337199974E+01 1.264100037E+02 6.156399846E-01 8.750100136E-01 6.447699852E-04
 4.305000039E-05 8.653999976E-05 1.419199944E+00 1.069500000E+04 -1.225800000E+04 2.884599915E+02 1.832599945E+02 1.407299995E+01 1.100199966E+02 6.495199800E-01 8.525199890E-01 6.573499995E-04
 4.510000144E-05 8.677999722E-05 1.385499954E+00 4.234500000E+04 6.368200073E+02 2.860100098E+02 1.939400024E+02 1.419299984E+01 7.958300018E+01 6.901199818E-01 8.252500296E-01 6.733700284E-04
 4.714999886E-05 8.702000196E-05 1.344200015E+00 5.328200000E+04 7.520599976E+02 2.831300049E+02 2.064700012E+02 1.377200031E+01 5.481900024E+01 7.381200194E-01 7.925900221E-01 6.941300235E-04
 4.919999992E-05 8.725999942E-05 1.292600036E+00 4.195900000E+04 8.703400391E+03 2.794400024E+02 2.213000031E+02 1.249899960E+01 1.950200081E+01 7.958899736E-01 7.523000240E-01 7.220099797E-04
 5.125000098E-05 8.749999688E-05 1.227900028E+00 5.830100000E+04 1.432400024E+03 2.747900085E+02 2.388500061E+02 9.848799706E+00 -8.050200462E+00 8.656899929E-01 7.027900219E-01 7.603400154E-04
 5.329999840E-05 8.728400280E-05 1.153399944E+00 5.261100000E+04 -4.684500000E+03 2.691000061E+02 2.582500000E+02 5.319799900E+00 -7.818599701E+01 9.453300238E-01 6.465899944E-01 8.096600068E-04
 5.534999946E-05 8.706800145E-05 1.070500016E+00 5.120600000E+04 -2.203900000E+04 2.625100098E+02 2.788099976E+02 -1.879899979E+00 -1.496600037E+02 1.033200026E+00 5.855000019E-01 8.728600224E-04
 5.740000051E-05 8.685200009E-05 9.842100143E-01 5.864400000E+04 -4.123100000E+04 2.555299988E+02 2.988800049E+02 -1.121100044E+01 -2.064299927E+02 1.123299956E+00 5.240200162E-01 9.495500126E-04
 5.945000157E-05 8.663599874E-05 9.004200101E-01 4.120500000E+04 -4.169500000E+04 2.484100037E+02 3.177699890E+02 -2.138400078E+01 -2.364299927E+02 1.213199973E+00 4.660899937E-01 1.038199989E-03
 6.150000263E-05 8.641999739E-05 8.212000132E-01 2.132000000E+04 -3.347900000E+04 2.411100006E+02 3.353200073E+02 -3.175499916E+01 -2.019299927E+02 1.302299976E+00 4.126000106E-01 1.138400054E-03
 6.354999641E-05 8.620400331E-05 7.498000264E-01 -4.230500000E+03 -2.706200000E+04 2.342200012E+02 3.510199890E+02 -4.165100098E+01 -1.495200043E+02 1.386600018E+00 3.659499884E-01 1.246699947E-03
 6.559999747E-05 8.598800196E-05 6.869699955E-01 -3.758200000E+04 -2.098400000E+04 2.278500061E+02 3.648800049E+02 -5.023099899E+01 -9.493000031E+01 1.464800000E+00 3.261399865E-01 1.360399998E-03
 6.764999853E-05 8.577200060E-05 6.314899921E-01 -5.161300000E+04 -9.985000000E+03 2.218600006E+02 3.769599915E+02 -5.721200180E+01 -3.879199982E+01 1.536599994E+00 2.919099927E-01 1.479799976E-03
 6.969999959E-05 8.555599925E-05 5.820400119E-01 -6.746100000E+04 -4.616200195E+03 2.163999939E+02 3.880000000E+02 -6.281000137E+01 1.881800079E+01 1.603800058E+00 2.624100149E-01 1.605300000E-03
 7.175000064E-05 8.533999790E-05 5.397999883E-01 -8.929900000E+04 6.804799805E+03 2.115099945E+02 3.977099915E+02 -6.679699707E+01 8.674199677E+01 1.664399981E+00 2.378499955E-01 1.730300020E-03
 7.380000170E-05 8.512399654E-05 5.036100149E-01 -1.048600000E+05 1.729700000E+04 2.069700012E+02 4.066199951E+02 -6.952799988E+01 1.176100006E+02 1.721099973E+00 2.171400040E-01 1.854500035E-03
 7.585000276E-05 8.490800246E-05 4.721300006E-01 -1.114600000E+05 2.432100000E+04 2.029799957E+02 4.145000000E+02 -7.106199646E+01 1.182799988E+02 1.771700025E+00 1.996199936E-01 1.977599924E-03
 7.789999654E-05 8.469200111E-05 4.454300106E-01 -1.194000000E+05 3.004600000E+04 1.995599976E+02 4.212999878E+02 -7.114199829E+01 1.441699982E+02 1.815299988E+00 1.851399988E-01 2.095799893E-03
 7.994999760E-05 8.447599976E-05 4.227600098E-01 -1.333300000E+05 3.563000000E+04 1.962599945E+02 4.277300110E+02 -7.043299866E+01 1.649100037E+02 1.857100010E+00 1.728200018E-01 2.207699930E-03
 8.199999866E-05 8.425999840E-05 4.030500054E-01 -1.511400000E+05 4.267000000E+04 1.933500061E+02 4.332900085E+02 -6.893399811E+01 1.791100006E+02 1.893700004E+00 1.623100042E-01 2.315700054E-03
 8.404999971E-05 8.404399705E-05 3.852300048E-01 -1.681400000E+05 4.180600000E+04 1.909900055E+02 4.382099915E+02 -6.662200165E+01 1.911399994E+02 1.924900055E+00 1.532299966E-01 2.422600053E-03
 8.610000077E-05 8.382800297E-05 3.699499965E-01 -1.728500000E+05 3.738700000E+04 1.888000031E+02 4.426300049E+02 -6.382500076E+01 1.852599945E+02 1.953400016E+00 1.454599947E-01 2.522299998E-03
 8.815000183E-05 8.361200162E-05 3.566299975E-01 -1.720800000E+05 3.427800000E+04 1.867599945E+02 4.468200073E+02 -6.125199890E+01 1.628399963E+02 1.980599999E+00 1.387100071E-01 2.616500016E-03
 9.020000289E-05 8.339600026E-05 3.444600105E-01 -1.688200000E+05 3.802800000E+04 1.848200073E+02 4.508999939E+02 -5.900099945E+01 1.481300049E+02 2.007499933E+00 1.325899959E-01 2.708799904E-03
 9.224999667E-05 8.317999891E-05 3.337999880E-01 -1.763800000E+05 3.493200000E+04 1.830800018E+02 4.544100037E+02 -5.626100159E+01 1.370299988E+02 2.030900002E+00 1.272699982E-01 2.795099979E-03
 9.429999773E-05 8.296399756E-05 3.240700066E-01 -1.939100000E+05 3.175600000E+04 1.816799927E+02 4.573900146E+02 -5.317200089E+01 1.365200043E+02 2.050299883E+00 1.226200014E-01 2.879099920E-03
 9.634999878E-05 8.274800348E-05 3.146800101E-01 -1.995200000E+05 3.624100000E+04 1.801300049E+02 4.603900146E+02 -5.051900101E+01 1.359700012E+02 2.071099997E+00 1.180500016E-01 2.964999992E-03
 9.839999984E-05 8.253200212E-05 3.058600128E-01 -1.947800000E+05 3.330600000E+04 1.785200043E+02 4.635199890E+02 -4.806299973E+01 1.294199982E+02 2.093199968E+00 1.137100011E-01 3.050399944E-03
 1.004500009E-04 8.231600077E-05 2.976900041E-01 -1.989600000E+05 3.025800000E+04 1.770299988E+02 4.663299866E+02 -4.583599854E+01 1.166800003E+02 2.113600016E+00 1.097500026E-01 3.134099999E-03
 1.025000020E-04 8.209999942E-05 2.899599969E-01 -2.073100000E+05 3.025500000E+04 1.757100067E+02 4.689899902E+02 -4.397600174E+01 1.074100037E+02 2.132699966E+00 1.061000004E-01 3.217699938E-03
 1.045500030E-04 8.188399806E-05 2.827999890E-01 -2.123300000E+05 2.809000000E+04 1.745099945E+02 4.713900146E+02 -4.212799835E+01 1.098000031E+02 2.150099993E+00 1.027799994E-01 3.298999975E-03
 1.065999968E-04 8.166799671E-05 2.762300074E-01 -2.109500000E+05 2.311200000E+04 1.731999969E+02 4.735199890E+02 -4.051900101E+01 1.056600037E+02 2.167299986E+00 9.963200241E-02 3.377499990E-03
 1.086499979E-04 8.145200263E-05 2.698099911E-01 -2.074600000E+05 1.951100000E+04 1.719299927E+02 4.755899963E+02 -3.931000137E+01 1.000599976E+02 2.184200048E+00 9.660500288E-02 3.457800020E-03
 1.106999989E-04 8.123600128E-05 2.635799944E-01 -2.113100000E+05 1.722200000E+04 1.708399963E+02 4.776000061E+02 -3.876499939E+01 7.739199829E+01 2.200200081E+00 9.377200156E-02 3.539399942E-03
 1.127500000E-04 8.101999993E-05 2.576099932E-01 -2.152400000E+05 1.602300000E+04 1.697700043E+02 4.797099915E+02 -3.836500168E+01 6.580799866E+01 2.216599941E+00 9.107500315E-02 3.621499985E-03
 1.148000010E-04 8.080399857E-05 2.519299984E-01 -2.174600000E+05 1.285900000E+04 1.686499939E+02 4.815100098E+02 -3.781800079E+01 6.973300171E+01 2.232000113E+00 8.848299831E-02 3.703000024E-03
 1.168500021E-04 8.058799722E-05 2.467399985E-01 -2.289300000E+05 1.329000000E+04 1.677799988E+02 4.830400085E+02 -3.739099884E+01 7.554199982E+01 2.244699955E+00 8.620999753E-02 3.780799918E-03
 1.189000031E-04 8.037200314E-05 2.419199944E-01 -2.320400000E+05 1.741400000E+04 1.668500061E+02 4.846400146E+02 -3.731399918E+01 7.836000061E+01 2.258399963E+00 8.405800164E-02 3.856200026E-03
 1.209499969E-04 8.015600179E-05 2.371399999E-01 -2.306500000E+05 1.973800000E+04 1.658300018E+02 4.862000122E+02 -3.741899872E+01 6.680200195E+01 2.272599936E+00 8.189500123E-02 3.933900036E-03
 1.230000053E-04 7.994000043E-05 2.323700041E-01 -2.284800000E+05 1.983200000E+04 1.648000031E+02 4.878800049E+02 -3.750000000E+01 6.125000000E+01 2.287600040E+00 7.974600047E-02 4.014700186E-03
 1.250500063E-04 7.972399908E-05 2.278299928E-01 -2.237400000E+05 1.859400000E+04 1.637299957E+02 4.897999878E+02 -3.761000061E+01 6.828099823E+01 2.303999901E+00 7.767999917E-02 4.094699863E-03
 1.270999928E-04 7.950799773E-05 2.238499969E-01 -2.296600000E+05 2.083000000E+04 1.629499969E+02 4.911400146E+02 -3.784400177E+01 6.996199799E+01 2.315900087E+00 7.595799863E-02 4.167399835E-03
 1.291499939E-04 7.929199637E-05 2.199500054E-01 -2.250500000E+05 1.838000000E+04 1.620800018E+02 4.922799988E+02 -3.833900070E+01 5.566600037E+01 2.327699900E+00 7.423800230E-02 4.241299815E-03
 1.311999949E-04 7.907600229E-05 2.159000039E-01 -2.193000000E+05 1.395500000E+04 1.612100067E+02 4.934800110E+02 -3.878699875E+01 5.303099823E+01 2.339799881E+00 7.247799635E-02 4.320899956E-03
 1.332499960E-04 7.886000094E-05 2.121700048E-01 -2.259500000E+05 1.456300000E+04 1.605299988E+02 4.943800049E+02 -3.944699860E+01 5.415499878E+01 2.349200010E+00 7.092499733E-02 4.396799952E-03
 1.352999971E-04 7.864399959E-05 2.089699954E-01 -2.435600000E+05 1.980200000E+04 1.601699982E+02 4.948399963E+02 -3.983000183E+01 6.211899948E+01 2.354099989E+00 6.969799846E-02 4.464100115E-03
 1.373499981E-04 7.842799823E-05 2.059700042E-01 -2.720000000E+05 2.335000000E+04 1.600599976E+02 4.951600037E+02 -4.012500000E+01 7.735500336E+01 2.356600046E+00 6.865300238E-02 4.528999794E-03
 1.393999992E-04 7.821199688E-05 2.030099928E-01 -3.052500000E+05 2.707300000E+04 1.601000061E+02 4.951900024E+02 -4.077799988E+01 8.909999847E+01 2.356699944E+00 6.768000126E-02 4.595200066E-03
 1.414500002E-04 7.799600280E-05 2.002400011E-01 -3.310900000E+05 3.063200000E+04 1.601100006E+02 4.953900146E+02 -4.136299896E+01 9.221900177E+01 2.357800007E+00 6.676299870E-02 4.658599850E-03
 1.435000013E-04 7.778000145E-05 1.977799982E-01 -3.426400000E+05 3.024800000E+04 1.599499969E+02 4.956499939E+02 -4.193999863E+01 9.517800140E+01 2.360399961E+00 6.587599963E-02 4.716599826E-03
 1.455500023E-04 7.756400009E-05 1.955000013E-01 -3.548900000E+05 3.215300000E+04 1.599299927E+02 4.954200134E+02 -4.249200058E+01 1.066399994E+02 2.359699965E+00 6.510800123E-02 4.771700129E-03
 1.476000034E-04 7.734799874E-05 1.931799948E-01 -3.768700000E+05 3.615400000E+04 1.599299927E+02 4.953900146E+02 -4.342300034E+01 1.106100006E+02 2.359899998E+00 6.433700025E-02 4.829000216E-03
 1.496500045E-04 7.713199739E-05 1.909099966E-01 -4.039900000E+05 3.938700000E+04 1.599499969E+02 4.953399963E+02 -4.421200180E+01 1.175800018E+02 2.359899998E+00 6.358800083E-02 4.886299837E-03
 1.517000055E-04 7.691600331E-05 1.888200045E-01 -4.369700000E+05 4.554200000E+04 1.603800049E+02 4.947399902E+02 -4.450600052E+01 1.362299957E+02 2.354000092E+00 6.306000054E-02 4.940299783E-03
 1.537500066E-04 7.670000196E-05 1.875900030E-01 -5.062700000E+05 6.219800000E+04 1.622899933E+02 4.917500000E+02 -4.421900177E+01 1.810800018E+02 2.326100111E+00 6.339400262E-02 4.972599912E-03
 1.557999931E-04 7.648400060E-05 1.919299960E-01 -7.763300000E+05 1.164400000E+05 1.718200073E+02 4.754299927E+02 -4.149900055E+01 3.394599915E+02 2.188400030E+00 6.875400245E-02 4.863100126E-03
 1.578499941E-04 7.626799925E-05 2.155900002E-01 -1.306800000E+06 2.245800000E+05 2.000599976E+02 4.228999939E+02 -3.166900063E+01 7.372399902E+02 1.815299988E+00 9.064500034E-02 4.362199921E-03
 1.598999952E-04 7.605199789E-05 2.895799875E-01 -1.343500000E+06 2.404400000E+05 2.425299988E+02 3.235599976E+02 -1.261800003E+01 1.129800049E+03 1.263599992E+00 1.488499939E-01 3.344499972E-03
 1.619499963E-04 7.583599654E-05 4.229199886E-01 -6.563700000E+05 1.135600000E+05 2.751199951E+02 2.229400024E+02 5.394999981E+00 8.979299927E+02 8.105999827E-01 2.440200001E-01 2.286300063E-03
 1.639999973E-04 7.562000246E-05 5.465499759E-01 -1.391400000E+05 2.275400000E+04 2.887999878E+02 1.698099976E+02 1.310400009E+01 3.233900146E+02 6.018199921E-01 3.290199935E-01 1.718900050E-03
 1.660499984E-04 7.540400111E-05 6.027200222E-01 -2.255900000E+04 1.096500000E+04 2.927999878E+02 1.540700073E+02 1.356299973E+01 5.691400146E+01 5.424600244E-01 3.675000072E-01 1.548200031E-03
 1.680999994E-04 7.518799976E-05 6.158000231E-01 -8.102500000E+03 1.096199951E+03 2.936499939E+02 1.509700012E+02 1.177900028E+01 1.824600029E+01 5.303500295E-01 3.765600026E-01 1.514800009E-03
 1.701500005E-04 7.497199840E-05 6.176599860E-01 -1.151900000E+04 -6.031100098E+03 2.938900146E+02 1.504199982E+02 9.496500015E+00 2.010400009E+01 5.276600122E-01 3.779999912E-01 1.510199974E-03
 1.722000015E-04 7.475599705E-05 6.173300147E-01 -1.990700000E+04 -1.700300049E+03 2.939700012E+02 1.503500061E+02 7.716599941E+00 1.243099976E+01 5.269500017E-01 3.779000044E-01 1.510999980E-03
 1.742500026E-04 7.454000297E-05 6.166800261E-01 -1.606300000E+04 4.719600098E+03 2.938800049E+02 1.503800049E+02 6.263700008E+00 1.473999977E+01 5.269200206E-01 3.773899972E-01 1.512599993E-03
 1.763000037E-04 7.432400162E-05 6.162800193E-01 -2.584399902E+03 5.083899902E+03 2.937699890E+02 1.501699982E+02 4.875699997E+00 1.863299942E+01 5.260999799E-01 3.770000041E-01 1.513600000E-03
 1.783500047E-04 7.410800026E-05 6.158900261E-01 6.910700073E+02 3.082300049E+03 2.937000122E+02 1.498800049E+02 4.289599895E+00 3.822100067E+01 5.250800252E-01 3.766700029E-01 1.514600008E-03
 1.804000058E-04 7.389199891E-05 6.152700186E-01 -3.204699951E+03 2.728899902E+03 2.936799927E+02 1.498300018E+02 3.765899897E+00 4.807300186E+01 5.248799920E-01 3.762699962E-01 1.516100019E-03
 1.824500068E-04 7.367599756E-05 6.155700088E-01 2.403500000E+03 7.093100098E+03 2.937399902E+02 1.494499969E+02 3.139499903E+00 4.276800156E+01 5.234500170E-01 3.765400052E-01 1.515400014E-03
 1.844999933E-04 7.346000348E-05 6.151800156E-01 8.934700195E+03 4.286700195E+03 2.936900024E+02 1.490899963E+02 2.822299957E+00 4.254000092E+01 5.222100019E-01 3.762300014E-01 1.516300021E-03
 1.865499944E-04 7.324400212E-05 6.141999960E-01 -9.133800049E+02 4.954700195E+03 2.937099915E+02 1.489100037E+02 2.476799965E+00 4.315499878E+01 5.215299726E-01 3.756600022E-01 1.518700039E-03
 1.885999955E-04 7.302800077E-05 6.137899756E-01 -8.820800171E+02 1.810300000E+04 2.938500061E+02 1.485200043E+02 2.223799944E+00 5.792100143E+01 5.200099945E-01 3.755800128E-01 1.519700047E-03
 1.906499965E-04 7.281199942E-05 6.135399938E-01 7.686700195E+03 1.065500000E+04 2.938500061E+02 1.479700012E+02 2.245399952E+00 6.896399689E+01 5.180900097E-01 3.754400015E-01 1.520300051E-03
 1.926999976E-04 7.259599806E-05 6.135600209E-01 9.556700195E+03 6.140000000E+03 2.937200012E+02 1.474900055E+02 2.517699957E+00 6.152600098E+01 5.165600181E-01 3.752799928E-01 1.520300051E-03
 1.947499986E-04 7.237999671E-05 6.129800081E-01 7.055899902E+03 1.012500000E+04 2.937200012E+02 1.473099976E+02 2.839600086E+00 6.568699646E+01 5.159400105E-01 3.749299943E-01 1.521699945E-03
 1.967999997E-04 7.216400263E-05 6.117799878E-01 4.910700195E+03 6.498200195E+03 2.936600037E+02 1.472599945E+02 3.049599886E+00 6.941699982E+01 5.158500075E-01 3.741100132E-01 1.524699968E-03
 1.988500007E-04 7.194800128E-05 6.106799841E-01 5.766100098E+03 5.056899902E+03 2.936400146E+02 1.472200012E+02 3.458800077E+00 7.533499908E+01 5.157499909E-01 3.734200001E-01 1.527499990E-03
 2.009000018E-04 7.173199992E-05 6.100699902E-01 3.512300049E+03 7.891600098E+03 2.936300049E+02 1.471499939E+02 3.925600052E+00 8.282599640E+01 5.155400038E-01 3.730300069E-01 1.529000001E-03
 2.029500029E-04 7.151599857E-05 6.098600030E-01 -9.372100220E+02 1.121100000E+04 2.936000061E+02 1.471999969E+02 4.492800236E+00 7.423400116E+01 5.158200264E-01 3.728600144E-01 1.529500005E-03
 2.050000039E-04 7.129999722E-05 6.096500158E-01 -4.719100098E+03 1.347100000E+04 2.937099915E+02 1.473399963E+02 4.845399857E+00 7.465499878E+01 5.162600279E-01 3.728699982E-01 1.530100009E-03
 0.000000000E+00 8.266700024E-05 1.600700021E+00 -2.273100000E+04 1.584200000E+04 3.000000000E+02 1.221399994E+02 -2.212199926E+00 1.095400009E+02 4.197199941E-01 9.952499866E-01 5.854199990E-04
 2.049999921E-06 8.287999663E-05 1.598999977E+00 -1.628000000E+04 7.172500000E+03 3.001300049E+02 1.212799988E+02 -1.503999949E+00 9.324800110E+01 4.183900058E-01 9.969800115E-01 5.847000284E-04
 4.099999842E-06 8.309300028E-05 1.596799970E+00 -1.402400024E+03 5.615500000E+03 3.001600037E+02 1.203600006E+02 -2.562200129E-01 7.964299774E+01 4.169499874E-01 9.980900288E-01 5.841599777E-04
 6.149999990E-06 8.330700075E-05 1.595199943E+00 -1.200400000E+04 1.523000000E+04 3.000700073E+02 1.204899979E+02 5.878599882E-01 7.474600220E+01 4.174199998E-01 9.968199730E-01 5.847400171E-04
 8.199999684E-06 8.351999713E-05 1.593400002E+00 -2.594300000E+04 1.652500000E+04 3.000899963E+02 1.209800034E+02 1.159199953E+00 1.120999985E+02 4.191400111E-01 9.957299829E-01 5.854099873E-04
 1.024999983E-05 8.373300079E-05 1.589900017E+00 -2.370300000E+04 1.273400000E+04 2.999899902E+02 1.217500000E+02 1.897500038E+00 1.250100021E+02 4.219000041E-01 9.932299852E-01 5.866999854E-04
 1.229999998E-05 8.394700126E-05 1.586300015E+00 -1.460600000E+04 1.869699951E+03 2.998399963E+02 1.228499985E+02 2.632999897E+00 9.411799622E+01 4.258599877E-01 9.904699922E-01 5.880299723E-04
 1.435000013E-05 8.415999764E-05 1.583799958E+00 -1.362900000E+04 2.393100098E+03 2.996900024E+02 1.243000031E+02 3.283600092E+00 9.933000183E+01 4.310699999E-01 9.883599877E-01 5.889799795E-04
 1.639999937E-05 8.437300130E-05 1.580700040E+00 -1.033600000E+04 6.080200195E+03 2.995000000E+02 1.259400024E+02 3.866499901E+00 9.074500275E+01 4.369199872E-01 9.858499765E-01 5.901199766E-04
 1.845000043E-05 8.458700177E-05 1.575299978E+00 -1.742500000E+04 -2.423699951E+03 2.993399963E+02 1.278700027E+02 4.423399925E+00 1.057799988E+02 4.438000023E-01 9.819599986E-01 5.921300035E-04
 2.049999966E-05 8.479999815E-05 1.569300056E+00 -1.930700000E+04 -8.942999878E+02 2.990400085E+02 1.301199951E+02 5.145800114E+00 1.232500000E+02 4.519500136E-01 9.772400260E-01 5.943999859E-04
 2.255000072E-05 8.501300181E-05 1.564100027E+00 -9.070200195E+03 4.135399902E+03 2.985000000E+02 1.325599976E+02 5.726099968E+00 9.781600189E+01 4.609000087E-01 9.722200036E-01 5.964000011E-04
 2.459999996E-05 8.522700227E-05 1.557399988E+00 -8.302299805E+02 4.724299805E+03 2.979700012E+02 1.351499939E+02 6.421100140E+00 9.551599884E+01 4.703899920E-01 9.663800001E-01 5.989400088E-04
 2.664999920E-05 8.543999866E-05 1.550199986E+00 1.046000000E+04 4.977299805E+03 2.973800049E+02 1.379299927E+02 7.052199841E+00 7.778900146E+01 4.806399941E-01 9.599499702E-01 6.017499836E-04
 2.870000026E-05 8.565300232E-05 1.541100025E+00 4.219000000E+03 1.856199951E+03 2.967099915E+02 1.412899933E+02 7.665200233E+00 9.261799622E+01 4.930000007E-01 9.521800280E-01 6.053000106E-04
 3.075000132E-05 8.586700278E-05 1.530099988E+00 -6.450599976E+02 5.825500000E+03 2.960799866E+02 1.453500061E+02 8.336999893E+00 1.364100037E+02 5.078099966E-01 9.433699846E-01 6.096499856E-04
 3.279999873E-05 8.607999916E-05 1.518499970E+00 -4.321299805E+03 1.964100000E+04 2.952699890E+02 1.499600067E+02 8.854299545E+00 1.594700012E+02 5.246800184E-01 9.336900115E-01 6.143000210E-04
 3.484999979E-05 8.629300282E-05 1.505499959E+00 3.964000000E+03 4.890399902E+03 2.944100037E+02 1.552799988E+02 9.606499672E+00 1.444400024E+02 5.441600084E-01 9.230099916E-01 6.196000031E-04
 3.690000085E-05 8.650700329E-05 1.489699960E+00 1.591200000E+04 5.945399902E+03 2.932999878E+02 1.613500061E+02 1.055799961E+01 9.401999664E+01 5.666599870E-01 9.098500013E-01 6.261899834E-04
 3.894999827E-05 8.671999967E-05 1.469799995E+00 2.276500000E+04 9.299400391E+03 2.919200134E+02 1.681100006E+02 1.124400043E+01 8.160800171E+01 5.918200016E-01 8.934900165E-01 6.346899900E-04
 4.099999933E-05 8.693300333E-05 1.445400000E+00 1.688700000E+04 -2.105300000E+04 2.903900146E+02 1.758099976E+02 1.193999958E+01 9.939900208E+01 6.206200123E-01 8.741000295E-01 6.454000250E-04
 4.305000039E-05 8.714699652E-05 1.417999983E+00 1.126700000E+04 -3.039899902E+03 2.883500061E+02 1.847700043E+02 1.248600006E+01 9.180599976E+01 6.545500159E-01 8.514999747E-01 6.578899920E-04
 4.510000144E-05 8.736000018E-05 1.384600043E+00 3.762500000E+04 1.236400000E+04 2.859400024E+02 1.953399963E+02 1.251799965E+01 5.590999985E+01 6.947399974E-01 8.245099783E-01 6.738199736E-04
 4.714999886E-05 8.757299656E-05 1.343799949E+00 5.392300000E+04 2.692600098E+03 2.832099915E+02 2.076000061E+02 1.221100044E+01 4.052399826E+01 7.416999936E-01 7.925500274E-01 6.943499902E-04
 4.919999992E-05 8.778699703E-05 1.293699980E+00 4.105200000E+04 7.630999756E+01 2.796099854E+02 2.218399963E+02 1.105500031E+01 3.977399826E+01 7.973200083E-01 7.534099817E-01 7.213500212E-04
 5.125000098E-05 8.800000069E-05 1.231199980E+00 4.922400000E+04 -5.301100098E+03 2.749299927E+02 2.386499939E+02 8.627799988E+00 5.834799767E+00 8.645700216E-01 7.050799727E-01 7.581899990E-04
 5.329999840E-05 8.780800272E-05 1.158300042E+00 5.260200000E+04 -1.822200000E+04 2.693999939E+02 2.574700012E+02 4.668900013E+00 -6.577999878E+01 9.418299794E-01 6.500499845E-01 8.062000270E-04
 5.534999946E-05 8.761599747E-05 1.077499986E+00 5.193100000E+04 -2.378900000E+04 2.631400146E+02 2.773299866E+02 -1.448199987E+00 -1.312299957E+02 1.026399970E+00 5.907300115E-01 8.670400130E-04
 5.740000051E-05 8.742399950E-05 9.932500124E-01 5.752900000E+04 -3.049700000E+04 2.563200073E+02 2.971199951E+02 -9.468899727E+00 -1.782200012E+02 1.114799976E+00 5.304600000E-01 9.408500046E-04
 5.945000157E-05 8.723200153E-05 9.112300277E-01 4.135400000E+04 -3.220300000E+04 2.492799988E+02 3.159100037E+02 -1.838800049E+01 -1.890899963E+02 1.203299999E+00 4.733099937E-01 1.025700010E-03
 6.150000263E-05 8.704000356E-05 8.339700103E-01 2.017400000E+04 -2.303000000E+04 2.422400055E+02 3.332799988E+02 -2.747400093E+01 -1.657200012E+02 1.289899945E+00 4.209699929E-01 1.120800036E-03
 6.354999641E-05 8.684799832E-05 7.624199986E-01 -1.108100000E+04 -1.937800000E+04 2.354799957E+02 3.493299866E+02 -3.624399948E+01 -1.231900024E+02 1.373999953E+00 3.740999997E-01 1.226000022E-03
 6.559999747E-05 8.665600035E-05 6.979799867E-01 -4.458800000E+04 -6.878799805E+03 2.289799957E+02 3.637000122E+02 -4.401800156E+01 -8.701200104E+01 1.453400016E+00 3.330200016E-01 1.338999951E-03
 6.764999853E-05 8.646400238E-05 6.412100196E-01 -6.308000000E+04 -2.833100098E+03 2.229499969E+02 3.762000122E+02 -5.029100037E+01 -4.523600006E+01 1.525900006E+00 2.978500128E-01 1.457300037E-03
 6.969999959E-05 8.627199713E-05 5.908700228E-01 -7.859100000E+04 -7.139600098E+03 2.173999939E+02 3.876900024E+02 -5.543899918E+01 1.457699966E+01 1.594400048E+00 2.676399946E-01 1.581400051E-03
 7.175000064E-05 8.607999916E-05 5.472199917E-01 -8.968000000E+04 -1.569900024E+03 2.122200012E+02 3.978900146E+02 -5.941099930E+01 5.590200043E+01 1.657600045E+00 2.419299930E-01 1.706999959E-03
 7.380000170E-05 8.588800119E-05 5.094199777E-01 -9.691400000E+04 9.526900391E+03 2.074600067E+02 4.070100098E+02 -6.211000061E+01 8.425299835E+01 1.715800047E+00 2.201599926E-01 1.833499991E-03
 7.585000276E-05 8.569600323E-05 4.764699936E-01 -1.077500000E+05 1.537500000E+04 2.032100067E+02 4.152799988E+02 -6.378799820E+01 1.175000000E+02 1.769000053E+00 2.016900033E-01 1.959699905E-03
 7.789999654E-05 8.550399798E-05 4.481000006E-01 -1.219600000E+05 2.837900000E+04 1.995599976E+02 4.227000122E+02 -6.440200043E+01 1.383699951E+02 1.816599965E+00 1.862599999E-01 2.083600033E-03
 7.994999760E-05 8.531200001E-05 4.232200086E-01 -1.371500000E+05 3.731500000E+04 1.961999969E+02 4.294200134E+02 -6.399300003E+01 1.422899933E+02 1.860299945E+00 1.729499996E-01 2.205699915E-03
 8.199999866E-05 8.512000204E-05 4.017899930E-01 -1.550600000E+05 3.457600000E+04 1.932500000E+02 4.351900024E+02 -6.259899902E+01 1.516399994E+02 1.898300052E+00 1.617099941E-01 2.323100111E-03
 8.404999971E-05 8.492799680E-05 3.830899894E-01 -1.726000000E+05 3.177100000E+04 1.907500000E+02 4.403200073E+02 -6.063199997E+01 1.664100037E+02 1.931499958E+00 1.521899998E-01 2.436199924E-03
 8.610000077E-05 8.473599883E-05 3.675999939E-01 -1.791400000E+05 3.435500000E+04 1.884700012E+02 4.447699890E+02 -5.859600067E+01 1.592299957E+02 1.961199999E+00 1.442900002E-01 2.538400004E-03
 8.815000183E-05 8.454400086E-05 3.544900119E-01 -1.774300000E+05 3.262600000E+04 1.863200073E+02 4.487300110E+02 -5.618700027E+01 1.546699982E+02 1.988399982E+00 1.375499964E-01 2.632200019E-03
 9.020000289E-05 8.435200289E-05 3.421300054E-01 -1.729800000E+05 3.170100000E+04 1.843200073E+02 4.527300110E+02 -5.384600067E+01 1.470399933E+02 2.015399933E+00 1.313299984E-01 2.727299929E-03
 9.224999667E-05 8.415999764E-05 3.307400048E-01 -1.756400000E+05 3.127000000E+04 1.825399933E+02 4.564100037E+02 -5.126499939E+01 1.307599945E+02 2.040199995E+00 1.257299930E-01 2.821099944E-03
 9.429999773E-05 8.396799967E-05 3.204999864E-01 -1.934200000E+05 3.101200000E+04 1.810399933E+02 4.596000061E+02 -4.823099899E+01 1.351999969E+02 2.061300039E+00 1.208299994E-01 2.911299933E-03
 9.634999878E-05 8.377600170E-05 3.109999895E-01 -1.993300000E+05 3.220600000E+04 1.794499969E+02 4.627500000E+02 -4.562200165E+01 1.346399994E+02 2.083300114E+00 1.162199974E-01 3.000099910E-03
 9.839999984E-05 8.358399646E-05 3.024199903E-01 -1.972700000E+05 2.885000000E+04 1.778600006E+02 4.655899963E+02 -4.313600159E+01 1.222300034E+02 2.104199886E+00 1.120100021E-01 3.084999975E-03
 1.004500009E-04 8.339199849E-05 2.945800126E-01 -2.029800000E+05 2.766500000E+04 1.765399933E+02 4.681700134E+02 -4.092800140E+01 1.148799973E+02 2.122699976E+00 1.083000004E-01 3.167100018E-03
 1.025000020E-04 8.320000052E-05 2.869800031E-01 -2.055000000E+05 2.914600000E+04 1.752599945E+02 4.709899902E+02 -3.911999893E+01 1.114700012E+02 2.142600060E+00 1.047400013E-01 3.251000075E-03
 1.045500030E-04 8.300800255E-05 2.797800004E-01 -2.073000000E+05 2.737100000E+04 1.739499969E+02 4.734200134E+02 -3.724200058E+01 1.027300034E+02 2.160900116E+00 1.013500020E-01 3.334699897E-03
 1.065999968E-04 8.281599730E-05 2.733199894E-01 -2.089100000E+05 2.084800000E+04 1.726799927E+02 4.754400024E+02 -3.556299973E+01 9.027100372E+01 2.177500010E+00 9.828600287E-02 3.413399914E-03
 1.086499979E-04 8.262399933E-05 2.675600052E-01 -2.054600000E+05 1.720900000E+04 1.714499969E+02 4.773299866E+02 -3.438299942E+01 8.156700134E+01 2.193500042E+00 9.553000331E-02 3.486800008E-03
 1.106999989E-04 8.243200136E-05 2.618300021E-01 -2.134200000E+05 1.513700000E+04 1.703099976E+02 4.790700073E+02 -3.366500092E+01 6.904100037E+01 2.208600044E+00 9.286200255E-02 3.563199891E-03
 1.127500000E-04 8.224000339E-05 2.561900020E-01 -2.241500000E+05 1.352600000E+04 1.692700043E+02 4.808800049E+02 -3.317499924E+01 5.950999832E+01 2.223500013E+00 9.030400217E-02 3.641600022E-03
 1.148000010E-04 8.204799815E-05 2.509300113E-01 -2.218700000E+05 1.286100000E+04 1.682400055E+02 4.825899963E+02 -3.271900177E+01 5.810200119E+01 2.238100052E+00 8.791299909E-02 3.717799904E-03
 1.168500021E-04 8.185600018E-05 2.461100072E-01 -2.290000000E+05 1.398400000E+04 1.673999939E+02 4.840499878E+02 -3.260100174E+01 6.785800171E+01 2.250299931E+00 8.579199761E-02 3.790599992E-03
 1.189000031E-04 8.166400221E-05 2.414000034E-01 -2.315500000E+05 1.491300000E+04 1.665000000E+02 4.858099976E+02 -3.247600174E+01 6.947399902E+01 2.264600039E+00 8.369699866E-02 3.864600090E-03
 1.209499969E-04 8.147199696E-05 2.366299927E-01 -2.264600000E+05 1.511600000E+04 1.654499969E+02 4.877200012E+02 -3.232699966E+01 5.957699966E+01 2.280600071E+00 8.152599633E-02 3.942400217E-03
 1.230000053E-04 8.127999899E-05 2.321700007E-01 -2.243800000E+05 1.469800000E+04 1.646199951E+02 4.891700134E+02 -3.241699982E+01 5.142699814E+01 2.293200016E+00 7.958800346E-02 4.018099979E-03
 1.250500063E-04 8.108800102E-05 2.277300060E-01 -2.217400000E+05 1.549800000E+04 1.637500000E+02 4.907500000E+02 -3.248099899E+01 5.021400070E+01 2.306600094E+00 7.765600085E-02 4.096500110E-03
 1.270999928E-04 8.089600306E-05 2.235199958E-01 -2.253300000E+05 1.763200000E+04 1.629199982E+02 4.921700134E+02 -3.282300186E+01 5.126399994E+01 2.319200039E+00 7.583399862E-02 4.173499998E-03
 1.291499939E-04 8.070399781E-05 2.196999937E-01 -2.248100000E+05 1.327600000E+04 1.620099945E+02 4.932699890E+02 -3.348099899E+01 3.945100021E+01 2.331099987E+00 7.412499934E-02 4.246099852E-03
 1.311999949E-04 8.051199984E-05 2.161999941E-01 -2.228900000E+05 9.375200195E+03 1.612100067E+02 4.941799927E+02 -3.380500031E+01 3.476100159E+01 2.341399908E+00 7.257799804E-02 4.314799793E-03
 1.332499960E-04 8.032000187E-05 2.128700018E-01 -2.273800000E+05 1.144200000E+04 1.606199951E+02 4.951499939E+02 -3.427700043E+01 4.151200104E+01 2.350300074E+00 7.120200247E-02 4.382300191E-03
 1.352999971E-04 8.012799663E-05 2.096800059E-01 -2.461200000E+05 1.838500000E+04 1.603699951E+02 4.957000122E+02 -3.487900162E+01 5.602500153E+01 2.355000019E+00 7.002100348E-02 4.448899999E-03
 1.373499981E-04 7.993599866E-05 2.068700045E-01 -2.715800000E+05 2.248300000E+04 1.603000031E+02 4.957500000E+02 -3.524200058E+01 7.554699707E+01 2.355900049E+00 6.905400008E-02 4.509299994E-03
 1.393999992E-04 7.974400069E-05 2.042299956E-01 -3.000800000E+05 2.547900000E+04 1.603000031E+02 4.956300049E+02 -3.594100189E+01 8.240000153E+01 2.355499983E+00 6.817000359E-02 4.567699973E-03
 1.414500002E-04 7.955200272E-05 2.014800012E-01 -3.276800000E+05 2.778600000E+04 1.603300018E+02 4.959800110E+02 -3.681700134E+01 7.770400238E+01 2.357300043E+00 6.726600230E-02 4.630099982E-03
 1.435000013E-04 7.935999747E-05 1.990199983E-01 -3.444200000E+05 2.648700000E+04 1.601900024E+02 4.962099915E+02 -3.758499908E+01 8.194599915E+01 2.359600067E+00 6.639099866E-02 4.687000066E-03
 1.455500023E-04 7.916799950E-05 1.969899982E-01 -3.596600000E+05 3.002400000E+04 1.600700073E+02 4.957699890E+02 -3.814099884E+01 1.000100021E+02 2.358599901E+00 6.566199660E-02 4.735500086E-03
 1.476000034E-04 7.897600153E-05 1.946499944E-01 -3.807400000E+05 3.638600000E+04 1.600700073E+02 4.958800049E+02 -3.885699844E+01 1.074499969E+02 2.359400034E+00 6.488200277E-02 4.792400170E-03
 1.496500045E-04 7.878400356E-05 1.920499951E-01 -4.074600000E+05 3.930800000E+04 1.600399933E+02 4.962000122E+02 -3.936399841E+01 1.067099991E+02 2.361399889E+00 6.400600076E-02 4.857200198E-03
 1.517000055E-04 7.859199832E-05 1.896400005E-01 -4.423100000E+05 4.277200000E+04 1.602700043E+02 4.961499939E+02 -3.944800186E+01 1.225999985E+02 2.359499931E+00 6.329199672E-02 4.918899853E-03
 1.537500066E-04 7.840000035E-05 1.882400066E-01 -5.008500000E+05 5.431100000E+04 1.617200012E+02 4.938200073E+02 -3.933599854E+01 1.573500061E+02 2.337899923E+00 6.339199841E-02 4.955499899E-03
 1.557999931E-04 7.820800238E-05 1.913300008E-01 -7.261800000E+05 9.503000000E+04 1.694900055E+02 4.804599915E+02 -3.748099899E+01 2.818099976E+02 2.223900080E+00 6.757500023E-02 4.877000116E-03
 1.578499941E-04 7.801599713E-05 2.101899981E-01 -1.244600000E+06 1.883500000E+05 1.942599945E+02 4.355599976E+02 -3.004500008E+01 6.135200195E+02 1.893300056E+00 8.562199771E-02 4.462600220E-03
 1.598999952E-04 7.782399916E-05 2.738899887E-01 -1.417900000E+06 2.193900000E+05 2.359499969E+02 3.421199951E+02 -1.400500011E+01 1.000700012E+03 1.355299950E+00 1.369899958E-01 3.516499884E-03
 1.619499963E-04 7.763200119E-05 4.013299942E-01 -8.043500000E+05 1.224700000E+05 2.718399963E+02 2.369799957E+02 3.058599949E+00 8.818300171E+02 8.676099777E-01 2.292400002E-01 2.420299919E-03
 1.639999973E-04 7.744000322E-05 5.333399773E-01 -1.979800000E+05 2.966600000E+04 2.880400085E+02 1.753399963E+02 1.153800011E+01 3.582399902E+02 6.219099760E-01 3.203299940E-01 1.766799949E-03
 1.660499984E-04 7.724799798E-05 6.006699800E-01 -3.545000000E+04 4.750299805E+03 2.929100037E+02 1.557700043E+02 1.285099983E+01 6.929299927E+01 5.480999947E-01 3.664099872E-01 1.553899958E-03
 1.680999994E-04 7.705600001E-05 6.177200079E-01 -1.259900000E+04 4.724899902E+03 2.939400024E+02 1.520200043E+02 1.140799999E+01 2.068899918E+01 5.336400270E-01 3.781000078E-01 1.510099974E-03
 1.701500005E-04 7.686400204E-05 6.198899746E-01 -6.796000000E+03 3.581899902E+03 2.940000000E+02 1.516600037E+02 9.330200195E+00 1.035499954E+01 5.318499804E-01 3.795199990E-01 1.504800050E-03
 1.722000015E-04 7.667199679E-05 6.192100048E-01 -7.121399902E+03 3.401800049E+03 2.938999939E+02 1.518099976E+02 7.581500053E+00 -4.400199890E+00 5.321099758E-01 3.789600134E-01 1.506399945E-03
 1.742500026E-04 7.647999882E-05 6.180599928E-01 -5.568899902E+03 2.340300049E+03 2.938299866E+02 1.520800018E+02 6.106900215E+00 -1.173600006E+01 5.328800082E-01 3.781799972E-01 1.509199967E-03
 1.763000037E-04 7.628800086E-05 6.171000004E-01 -6.802200195E+03 3.245899902E+03 2.938599854E+02 1.522500000E+02 4.932000160E+00 4.427100182E+00 5.332800150E-01 3.776299953E-01 1.511599985E-03
 1.783500047E-04 7.609600289E-05 6.168900132E-01 -1.800000000E+03 9.631500000E+03 2.937399902E+02 1.521699982E+02 4.202499866E+00 2.467499924E+01 5.330399871E-01 3.773399889E-01 1.512099989E-03
 1.804000058E-04 7.590399764E-05 6.166700125E-01 1.827700043E+01 8.825700195E+03 2.935199890E+02 1.521600037E+02 3.613699913E+00 2.838599968E+01 5.331599712E-01 3.769200146E-01 1.512599993E-03
 1.824500068E-04 7.571199967E-05 6.164900064E-01 -3.153899902E+03 6.991899902E+03 2.935000000E+02 1.521300049E+02 3.154299974E+00 2.582699966E+01 5.330299735E-01 3.767800033E-01 1.513099996E-03
 1.844999933E-04 7.552000170E-05 6.161900163E-01 -1.627099976E+03 3.081100098E+03 2.934599915E+02 1.521799927E+02 2.796200037E+00 2.377700043E+01 5.332300067E-01 3.765499890E-01 1.513800002E-03
 1.865499944E-04 7.532799646E-05 6.152200103E-01 -4.314299805E+03 5.523799805E+03 2.934899902E+02 1.522599945E+02 2.465399981E+00 4.006600189E+01 5.334500074E-01 3.759900033E-01 1.516200020E-03
 1.885999955E-04 7.513599849E-05 6.146199703E-01 -2.133699951E+03 1.206600000E+04 2.936199951E+02 1.521100006E+02 2.296900034E+00 6.286000061E+01 5.328000188E-01 3.758000135E-01 1.517700031E-03
 1.906499965E-04 7.494400052E-05 6.144499779E-01 2.598199951E+03 9.162299805E+03 2.936000061E+02 1.517700043E+02 2.290899992E+00 6.322900009E+01 5.316200256E-01 3.756699860E-01 1.518100034E-03
 1.926999976E-04 7.475200255E-05 6.140999794E-01 5.047100098E+03 8.928299805E+03 2.935400085E+02 1.513600006E+02 2.503799915E+00 6.331499863E+01 5.302399993E-01 3.753800094E-01 1.519000041E-03
 1.947499986E-04 7.455999730E-05 6.129599810E-01 8.045200195E+02 5.775200195E+03 2.934800110E+02 1.513899994E+02 2.710999966E+00 6.200899887E+01 5.304300189E-01 3.745999932E-01 1.521799946E-03
 1.967999997E-04 7.436799933E-05 6.119899750E-01 -1.115500000E+03 8.242299805E+03 2.933299866E+02 1.515200043E+02 2.895800114E+00 5.620299911E+01 5.310400128E-01 3.738200068E-01 1.524199964E-03
 1.988500007E-04 7.417600136E-05 6.114599705E-01 1.646199951E+03 1.265000000E+04 2.932099915E+02 1.515399933E+02 3.250699997E+00 6.615799713E+01 5.312500000E-01 3.733400106E-01 1.525499974E-03
 2.009000018E-04 7.398400339E-05 6.109099984E-01 2.808899902E+03 8.222099609E+03 2.931099854E+02 1.515899963E+02 3.579600096E+00 7.492299652E+01 5.315399766E-01 3.728800118E-01 1.526899985E-03
 2.029500029E-04 7.379199815E-05 6.100900173E-01 5.281399902E+03 1.478200000E+04 2.931099854E+02 1.518000031E+02 3.902699947E+00 7.211000061E+01 5.323100090E-01 3.723799884E-01 1.529000001E-03
 2.050000039E-04 7.360000018E-05 6.092200279E-01 2.681399902E+03 2.428400000E+04 2.932399902E+02 1.520800018E+02 4.067599773E+00 7.073799896E+01 5.331799984E-01 3.720099926E-01 1.531200018E-03
 0.000000000E+00 8.383300155E-05 1.600700021E+00 -1.231000000E+04 9.902900391E+03 3.000000000E+02 1.239000015E+02 -1.759299994E+00 3.451699829E+01 4.244999886E-01 9.936000109E-01 5.865200073E-04
 2.049999921E-06 8.402000094E-05 1.597900033E+00 -1.634700000E+04 -2.420100098E+03 3.001700134E+02 1.230199966E+02 -1.127500057E+00 5.492699814E+01 4.237200022E-01 9.955700040E-01 5.856800126E-04
 4.099999842E-06 8.420700033E-05 1.594300032E+00 -1.734100000E+04 -4.621700195E+03 3.001900024E+02 1.221800003E+02 -3.146599978E-02 6.626100159E+01 4.232099950E-01 9.966499805E-01 5.850699963E-04
 6.149999990E-06 8.439300291E-05 1.593500018E+00 -9.532799805E+03 8.252000000E+03 3.000499878E+02 1.224000015E+02 5.877799988E-01 7.044000244E+01 4.240800142E-01 9.956200123E-01 5.853900220E-04
 8.199999684E-06 8.458000229E-05 1.591899991E+00 -6.591200195E+03 1.093600000E+04 3.000700073E+02 1.229400024E+02 1.134999990E+00 6.942600250E+01 4.259600043E-01 9.947299957E-01 5.859499797E-04
 1.024999983E-05 8.476700168E-05 1.588299990E+00 -9.104500000E+03 8.041799805E+03 2.999899902E+02 1.237300034E+02 1.814499974E+00 5.717399979E+01 4.287500083E-01 9.922000170E-01 5.872899783E-04
 1.229999998E-05 8.495299699E-05 1.585800052E+00 -8.571099609E+03 -2.369199951E+03 2.997600098E+02 1.247500000E+02 2.286999941E+00 9.350499725E+01 4.324899912E-01 9.898999929E-01 5.882200203E-04
 1.435000013E-05 8.513999637E-05 1.583999991E+00 -1.398599976E+03 -2.313199951E+03 2.995599976E+02 1.261800003E+02 2.809700012E+00 1.120899963E+02 4.376499951E-01 9.880899787E-01 5.888899905E-04
 1.639999937E-05 8.532700303E-05 1.579499960E+00 6.497200195E+03 -3.196800049E+03 2.995299988E+02 1.279899979E+02 3.427999973E+00 6.781800079E+01 4.439800084E-01 9.851899743E-01 5.905799917E-04
 1.845000043E-05 8.551299834E-05 1.573099971E+00 -9.590000000E+03 -1.210000000E+04 2.993699951E+02 1.300200043E+02 3.882299900E+00 8.076499939E+01 4.511800110E-01 9.806699753E-01 5.929800100E-04
 2.049999966E-05 8.569999773E-05 1.568300009E+00 -1.224200000E+04 -2.323500061E+02 2.988500061E+02 1.320299988E+02 4.456900120E+00 8.043399811E+01 4.586200118E-01 9.760000110E-01 5.947800237E-04
 2.255000072E-05 8.588699711E-05 1.564000010E+00 -8.736400391E+03 1.525300000E+04 2.983299866E+02 1.342599945E+02 5.039100170E+00 5.945199966E+01 4.668299854E-01 9.716299772E-01 5.964100128E-04
 2.459999996E-05 8.607299969E-05 1.557399988E+00 -1.216900000E+04 2.096300000E+04 2.978599854E+02 1.370099945E+02 5.737100124E+00 9.163500214E+01 4.768700004E-01 9.660199881E-01 5.989299971E-04
 2.664999920E-05 8.625999908E-05 1.550199986E+00 -2.974899902E+03 1.003500000E+04 2.971799927E+02 1.399100037E+02 6.348599911E+00 9.664800262E+01 4.875800014E-01 9.592900276E-01 6.017499836E-04
 2.870000026E-05 8.644699847E-05 1.540500045E+00 1.960199951E+03 -4.005100098E+03 2.965700073E+02 1.430500031E+02 6.837800026E+00 1.000699997E+02 4.990999997E-01 9.513700008E-01 6.055199774E-04
 3.075000132E-05 8.663300105E-05 1.528900027E+00 1.041400000E+04 7.884700195E+03 2.960700073E+02 1.470000000E+02 7.317800045E+00 1.291999969E+02 5.133500099E-01 9.426000118E-01 6.101300241E-04
 3.279999873E-05 8.682000043E-05 1.516899943E+00 1.056300000E+04 1.422200000E+04 2.952799988E+02 1.515700073E+02 7.662700176E+00 1.420800018E+02 5.300300121E-01 9.326999784E-01 6.149699911E-04
 3.484999979E-05 8.700699982E-05 1.503600001E+00 -5.460800171E+02 6.636799927E+02 2.943699951E+02 1.567200012E+02 8.289199829E+00 1.234700012E+02 5.489799976E-01 9.217200279E-01 6.203799858E-04
 3.690000085E-05 8.719300240E-05 1.488399982E+00 5.343299805E+03 9.988900391E+03 2.931900024E+02 1.626000061E+02 9.195699692E+00 8.523100281E+01 5.708400011E-01 9.087299705E-01 6.267299759E-04
 3.894999827E-05 8.738000179E-05 1.468600035E+00 2.856800000E+04 6.024899902E+03 2.918299866E+02 1.692599945E+02 9.916399956E+00 6.112799835E+01 5.956500173E-01 8.924900293E-01 6.352100172E-04
 4.099999933E-05 8.756700117E-05 1.444399953E+00 2.938700000E+04 -1.041400000E+04 2.903099976E+02 1.771100006E+02 1.047999954E+01 8.216200256E+01 6.249600053E-01 8.731999993E-01 6.458800053E-04
 4.305000039E-05 8.775299648E-05 1.416700006E+00 2.569600000E+04 1.094800000E+04 2.883299866E+02 1.860899963E+02 1.090999985E+01 1.039899979E+02 6.588900089E-01 8.506100178E-01 6.585299852E-04
 4.510000144E-05 8.794000314E-05 1.382400036E+00 2.744700000E+04 2.004600000E+04 2.860700073E+02 1.966100006E+02 1.093400002E+01 6.664700317E+01 6.987299919E-01 8.235899806E-01 6.748799933E-04
 4.714999886E-05 8.812700253E-05 1.341500044E+00 3.356400000E+04 1.100500000E+04 2.832999878E+02 2.087799988E+02 1.066699982E+01 2.906699944E+01 7.454699874E-01 7.914800048E-01 6.955200224E-04
 4.919999992E-05 8.831299783E-05 1.293400049E+00 5.046300000E+04 1.934400024E+03 2.796199951E+02 2.224400024E+02 9.610099792E+00 2.539100075E+01 7.991799712E-01 7.532100081E-01 7.215299993E-04
 5.125000098E-05 8.849999722E-05 1.233000040E+00 5.588900000E+04 -1.318100000E+04 2.750299988E+02 2.386499939E+02 7.498899937E+00 1.225399971E+00 8.642500043E-01 7.063400149E-01 7.570899907E-04
 5.329999840E-05 8.833200263E-05 1.161499977E+00 5.358300000E+04 -2.744800000E+04 2.696799927E+02 2.569899902E+02 4.145999908E+00 -5.660900116E+01 9.395499825E-01 6.524999738E-01 8.039199747E-04
 5.534999946E-05 8.816400077E-05 1.083799958E+00 5.362200000E+04 -2.376400000E+04 2.636600037E+02 2.761900024E+02 -1.121500015E+00 -1.330399933E+02 1.021100044E+00 5.953299999E-01 8.618599968E-04
 5.740000051E-05 8.799599891E-05 1.001299977E+00 5.298500000E+04 -2.926000000E+04 2.569400024E+02 2.957200012E+02 -7.954299927E+00 -1.556100006E+02 1.108000040E+00 5.360599756E-01 9.332899936E-04
 5.945000157E-05 8.782799705E-05 9.201800227E-01 4.465600000E+04 -2.993800000E+04 2.499499969E+02 3.142399902E+02 -1.560400009E+01 -1.550399933E+02 1.194700003E+00 4.792299867E-01 1.015500049E-03
 6.150000263E-05 8.766000246E-05 8.447999954E-01 2.534900000E+04 -1.649600000E+04 2.431100006E+02 3.314400024E+02 -2.357099915E+01 -1.413899994E+02 1.279299974E+00 4.279400110E-01 1.106300042E-03
 6.354999641E-05 8.749200060E-05 7.730399966E-01 -8.608299805E+03 -1.229800000E+04 2.365200043E+02 3.477999878E+02 -3.108900070E+01 -8.544100189E+01 1.363000035E+00 3.809899986E-01 1.209200011E-03
 6.559999747E-05 8.732399874E-05 7.071200013E-01 -3.478100000E+04 -2.040400024E+03 2.300200043E+02 3.624599915E+02 -3.793399811E+01 -5.700500107E+01 1.442499995E+00 3.389100134E-01 1.321700052E-03
 6.764999853E-05 8.715599688E-05 6.499699950E-01 -5.293000000E+04 -8.403400269E+02 2.239299927E+02 3.752799988E+02 -4.365100098E+01 -4.651200104E+01 1.515499949E+00 3.032400012E-01 1.437600004E-03
 6.969999959E-05 8.698800229E-05 5.996699929E-01 -7.638500000E+04 -5.076500000E+03 2.182599945E+02 3.871099854E+02 -4.829499817E+01 5.517399788E+00 1.585000038E+00 2.727000117E-01 1.558099990E-03
 7.175000064E-05 8.682000043E-05 5.546100140E-01 -8.922200000E+04 -6.866700195E+03 2.129199982E+02 3.980199890E+02 -5.196300125E+01 4.254100037E+01 1.651200056E+00 2.460100055E-01 1.684400020E-03
 7.380000170E-05 8.665199857E-05 5.150499940E-01 -9.108900000E+04 1.112600021E+02 2.080599976E+02 4.076099854E+02 -5.450299835E+01 6.326300049E+01 1.711300015E+00 2.232400030E-01 1.813499955E-03
 7.585000276E-05 8.648399671E-05 4.806700051E-01 -1.019900000E+05 1.130000000E+04 2.036199951E+02 4.159500122E+02 -5.626499939E+01 1.037699966E+02 1.765499949E+00 2.038799971E-01 1.942800009E-03
 7.789999654E-05 8.631600213E-05 4.505900145E-01 -1.229200000E+05 2.586200000E+04 1.996799927E+02 4.237600098E+02 -5.703400040E+01 1.382899933E+02 1.816100001E+00 1.874199957E-01 2.072199946E-03
 7.994999760E-05 8.614800026E-05 4.242300093E-01 -1.352600000E+05 3.244000000E+04 1.962500000E+02 4.307399902E+02 -5.685100174E+01 1.340200043E+02 1.861400008E+00 1.734099984E-01 2.200700110E-03
 8.199999866E-05 8.597999840E-05 4.017400146E-01 -1.499800000E+05 2.625400000E+04 1.932599945E+02 4.366000061E+02 -5.581800079E+01 1.313099976E+02 1.900200009E+00 1.617099941E-01 2.323399996E-03
 8.404999971E-05 8.581199654E-05 3.829199970E-01 -1.661200000E+05 2.709100000E+04 1.905099945E+02 4.418599854E+02 -5.432899857E+01 1.513200073E+02 1.935799956E+00 1.519400030E-01 2.437199932E-03
 8.610000077E-05 8.564400196E-05 3.667699993E-01 -1.759600000E+05 3.146900000E+04 1.879900055E+02 4.465299988E+02 -5.284400177E+01 1.498800049E+02 1.968199968E+00 1.436000019E-01 2.544400049E-03
 8.815000183E-05 8.547600009E-05 3.522500098E-01 -1.879300000E+05 3.043500000E+04 1.858699951E+02 4.505599976E+02 -5.070600128E+01 1.525899963E+02 1.996000051E+00 1.363500059E-01 2.649199916E-03
 9.020000289E-05 8.530799823E-05 3.390400112E-01 -1.877400000E+05 2.724400000E+04 1.839600067E+02 4.544700012E+02 -4.820800018E+01 1.343399963E+02 2.022300005E+00 1.298899949E-01 2.752400003E-03
 9.224999667E-05 8.513999637E-05 3.271499872E-01 -1.855600000E+05 2.634500000E+04 1.820599976E+02 4.582699890E+02 -4.585100174E+01 1.177600021E+02 2.048599958E+00 1.240400001E-01 2.852200065E-03
 9.429999773E-05 8.497200179E-05 3.166199923E-01 -1.937000000E+05 2.887000000E+04 1.803800049E+02 4.616499939E+02 -4.315499878E+01 1.333200073E+02 2.072000027E+00 1.189299971E-01 2.947000088E-03
 9.634999878E-05 8.480399993E-05 3.072699904E-01 -1.930100000E+05 2.849400000E+04 1.787799988E+02 4.646700134E+02 -4.044100189E+01 1.314199982E+02 2.093600035E+00 1.143999994E-01 3.036499955E-03
 9.839999984E-05 8.463599806E-05 2.989000082E-01 -1.955800000E+05 2.476400000E+04 1.772899933E+02 4.672300110E+02 -3.813499832E+01 1.146699982E+02 2.112999916E+00 1.103599966E-01 3.121400019E-03
 1.004500009E-04 8.446800348E-05 2.911399901E-01 -2.036600000E+05 2.613300000E+04 1.760700073E+02 4.697300110E+02 -3.598199844E+01 1.112099991E+02 2.130800009E+00 1.067499965E-01 3.204700071E-03
 1.025000020E-04 8.430000162E-05 2.837899923E-01 -2.041900000E+05 2.886200000E+04 1.747700043E+02 4.721900024E+02 -3.398400116E+01 1.097699966E+02 2.149199963E+00 1.032899991E-01 3.287700005E-03
 1.045500030E-04 8.413199976E-05 2.770400047E-01 -2.023200000E+05 2.818000000E+04 1.734199982E+02 4.744299927E+02 -3.226300049E+01 9.875299835E+01 2.167200089E+00 1.000500023E-01 3.367499914E-03
 1.065999968E-04 8.396399789E-05 2.706899941E-01 -2.063200000E+05 1.928100000E+04 1.722200012E+02 4.767000122E+02 -3.082099915E+01 7.385700226E+01 2.184600115E+00 9.708199650E-02 3.446500050E-03
 1.086499979E-04 8.379600331E-05 2.648400068E-01 -2.070000000E+05 1.368600000E+04 1.711399994E+02 4.786700134E+02 -2.966699982E+01 5.657600021E+01 2.200099945E+00 9.438899904E-02 3.522499930E-03
 1.106999989E-04 8.362800145E-05 2.595300078E-01 -2.065800000E+05 1.327000000E+04 1.700299988E+02 4.804899902E+02 -2.883300018E+01 6.172000122E+01 2.215399981E+00 9.189700335E-02 3.594599897E-03
 1.127500000E-04 8.345999959E-05 2.543799877E-01 -2.121700000E+05 1.060100000E+04 1.689799957E+02 4.822500000E+02 -2.840299988E+01 6.092699814E+01 2.230299950E+00 8.951500058E-02 3.667399986E-03
 1.148000010E-04 8.329199773E-05 2.495599985E-01 -2.164800000E+05 1.368900000E+04 1.681300049E+02 4.838999939E+02 -2.807200050E+01 5.602700043E+01 2.243499994E+00 8.737199754E-02 3.738200059E-03
 1.168500021E-04 8.312400314E-05 2.450899929E-01 -2.235300000E+05 1.813500000E+04 1.672500000E+02 4.853399963E+02 -2.794199944E+01 5.916799927E+01 2.256000042E+00 8.536399901E-02 3.806299996E-03
 1.189000031E-04 8.295600128E-05 2.405200005E-01 -2.309100000E+05 1.358100000E+04 1.661900024E+02 4.868800049E+02 -2.775900078E+01 5.675500107E+01 2.270299911E+00 8.324100077E-02 3.878700081E-03
 1.209499969E-04 8.278799942E-05 2.360800058E-01 -2.311200000E+05 7.569000000E+03 1.652299957E+02 4.884200134E+02 -2.739800072E+01 5.228300095E+01 2.283900023E+00 8.123199642E-02 3.951500170E-03
 1.230000053E-04 8.261999756E-05 2.319699973E-01 -2.272200000E+05 7.757799805E+03 1.644799957E+02 4.897500000E+02 -2.734399986E+01 4.145800018E+01 2.295399904E+00 7.945100218E-02 4.021599889E-03
 1.250500063E-04 8.245200297E-05 2.277899981E-01 -2.237100000E+05 1.180000000E+04 1.636100006E+02 4.912300110E+02 -2.750399971E+01 3.206600189E+01 2.308399916E+00 7.761199772E-02 4.095300101E-03
 1.270999928E-04 8.228400111E-05 2.237299979E-01 -2.195400000E+05 1.338500000E+04 1.627400055E+02 4.925700073E+02 -2.782999992E+01 2.908699989E+01 2.321000099E+00 7.582200319E-02 4.169600084E-03
 1.291499939E-04 8.211599925E-05 2.199700028E-01 -2.191300000E+05 8.004299805E+03 1.619299927E+02 4.937999878E+02 -2.851899910E+01 2.584499931E+01 2.332799911E+00 7.417599857E-02 4.240999930E-03
 1.311999949E-04 8.194799739E-05 2.166900039E-01 -2.266000000E+05 7.912299805E+03 1.613000031E+02 4.946499939E+02 -2.925600052E+01 2.675799942E+01 2.341500044E+00 7.278399915E-02 4.304999951E-03
 1.332499960E-04 8.178000280E-05 2.136600018E-01 -2.375300000E+05 1.181800000E+04 1.608899994E+02 4.953599854E+02 -2.977000046E+01 3.822900009E+01 2.348000050E+00 7.158499956E-02 4.366000183E-03
 1.352999971E-04 8.161200094E-05 2.106000036E-01 -2.528600000E+05 1.706800000E+04 1.605899963E+02 4.960899963E+02 -3.015699959E+01 5.490000153E+01 2.353699923E+00 7.042600214E-02 4.429600202E-03
 1.373499981E-04 8.144399908E-05 2.078499943E-01 -2.720400000E+05 1.939900000E+04 1.604499969E+02 4.963900146E+02 -3.060600090E+01 6.550099945E+01 2.356300116E+00 6.944999844E-02 4.487900063E-03
 1.393999992E-04 8.127599722E-05 2.053900063E-01 -2.994400000E+05 2.007100000E+04 1.605000000E+02 4.962999878E+02 -3.127599907E+01 7.339099884E+01 2.355700016E+00 6.864599884E-02 4.541900009E-03
 1.414500002E-04 8.110800263E-05 2.028000057E-01 -3.288900000E+05 2.482200000E+04 1.605700073E+02 4.965000000E+02 -3.221400070E+01 7.711000061E+01 2.356400013E+00 6.780999899E-02 4.599899985E-03
 1.435000013E-04 8.094000077E-05 2.001000047E-01 -3.499200000E+05 2.733800000E+04 1.604199982E+02 4.967900085E+02 -3.315999985E+01 7.644799805E+01 2.359200001E+00 6.684699655E-02 4.661899991E-03
 1.455500023E-04 8.077199891E-05 1.974799931E-01 -3.716000000E+05 2.872300000E+04 1.601900024E+02 4.968800049E+02 -3.363199997E+01 8.370700073E+01 2.361500025E+00 6.587400287E-02 4.723600112E-03
 1.476000034E-04 8.060399705E-05 1.949699968E-01 -3.916300000E+05 3.290100000E+04 1.601300049E+02 4.969899902E+02 -3.402199936E+01 9.580100250E+01 2.362600088E+00 6.501200050E-02 4.784599878E-03
 1.496500045E-04 8.043600246E-05 1.923599988E-01 -4.074700000E+05 3.570800000E+04 1.599499969E+02 4.973999939E+02 -3.436199951E+01 1.001800003E+02 2.365900040E+00 6.407400221E-02 4.849399906E-03
 1.517000055E-04 8.026800060E-05 1.900299937E-01 -4.318000000E+05 3.582400000E+04 1.600299988E+02 4.975000000E+02 -3.459000015E+01 1.088199997E+02 2.365799904E+00 6.332699955E-02 4.908899777E-03
 1.537500066E-04 8.009999874E-05 1.888699979E-01 -4.823300000E+05 4.254400000E+04 1.613000031E+02 4.951000061E+02 -3.470800018E+01 1.322299957E+02 2.345400095E+00 6.343699992E-02 4.938900005E-03
 1.557999931E-04 7.993199688E-05 1.912200004E-01 -6.797100000E+05 7.619900000E+04 1.678899994E+02 4.838399963E+02 -3.329499817E+01 2.310599976E+02 2.247999907E+00 6.688600034E-02 4.879000131E-03
 1.578499941E-04 7.976400229E-05 2.066099942E-01 -1.172600000E+06 1.506700000E+05 1.895599976E+02 4.452500000E+02 -2.768000031E+01 4.861099854E+02 1.955500007E+00 8.199500293E-02 4.532699939E-03
 1.598999952E-04 7.959600043E-05 2.617700100E-01 -1.459100000E+06 1.910000000E+05 2.296799927E+02 3.581000061E+02 -1.470400047E+01 8.322100220E+02 1.437800050E+00 1.273500025E-01 3.660500050E-03
 1.619499963E-04 7.942799857E-05 3.821099997E-01 -9.322800000E+05 1.196700000E+05 2.680499878E+02 2.502100067E+02 1.061400056E+00 8.079199829E+02 9.236000180E-01 2.156500071E-01 2.549099969E-03
 1.639999973E-04 7.925999671E-05 5.196099877E-01 -2.594800000E+05 3.106800000E+04 2.870299988E+02 1.804299927E+02 1.002000046E+01 3.715100098E+02 6.408600211E-01 3.111700118E-01 1.819500001E-03
 1.660499984E-04 7.909200212E-05 5.978099704E-01 -4.605800000E+04 3.943399902E+03 2.928900146E+02 1.566600037E+02 1.173799992E+01 7.603299713E+01 5.509399772E-01 3.646500111E-01 1.561900019E-03
 1.680999994E-04 7.892400026E-05 6.197599769E-01 -9.879700195E+03 5.553399902E+03 2.940799866E+02 1.522799988E+02 1.062699986E+01 -2.153100014E+00 5.342299938E-01 3.795399964E-01 1.505100052E-03
 1.701500005E-04 7.875599840E-05 6.219900250E-01 -6.407100098E+03 7.070000000E+03 2.941099854E+02 1.525700073E+02 8.904100418E+00 -1.035000038E+01 5.348100066E-01 3.809399903E-01 1.499700011E-03
 1.722000015E-04 7.858799654E-05 6.206499934E-01 -8.102799805E+03 1.689199951E+03 2.939800110E+02 1.533800049E+02 7.299600124E+00 -9.617400169E+00 5.374699831E-01 3.799400032E-01 1.503000036E-03
 1.742500026E-04 7.842000196E-05 6.198700070E-01 -3.331300049E+03 5.591799927E+02 2.938299866E+02 1.538999939E+02 5.686999798E+00 -2.119400024E+01 5.391899943E-01 3.792800009E-01 1.504800050E-03
 1.763000037E-04 7.825200009E-05 6.189799905E-01 -5.432200195E+03 6.950200195E+03 2.937600098E+02 1.542799988E+02 4.691500187E+00 -1.585199952E+00 5.404499769E-01 3.786399961E-01 1.506999950E-03
 1.783500047E-04 7.808399823E-05 6.183400154E-01 -4.438100098E+03 1.281100000E+04 2.936199951E+02 1.544199982E+02 4.139800072E+00 1.009000015E+01 5.410400033E-01 3.780699968E-01 1.508599962E-03
 1.804000058E-04 7.791599637E-05 6.176499724E-01 -1.942599945E+02 1.298000000E+04 2.934899902E+02 1.545000000E+02 3.467499971E+00 1.815999985E+01 5.413799882E-01 3.774900138E-01 1.510199974E-03
 1.824500068E-04 7.774800179E-05 6.171399951E-01 -1.639000000E+03 1.004000000E+04 2.935100098E+02 1.545599976E+02 2.972199917E+00 4.139500046E+01 5.415099859E-01 3.772000074E-01 1.511499984E-03
 1.844999933E-04 7.757999992E-05 6.168900132E-01 -1.410699951E+03 4.163799805E+03 2.934299927E+02 1.546399994E+02 2.568900108E+00 4.752700043E+01 5.418599844E-01 3.769400120E-01 1.512099989E-03
 1.865499944E-04 7.741199806E-05 6.161599755E-01 1.804199951E+03 4.241399902E+03 2.933299866E+02 1.548500061E+02 2.343100071E+00 4.168500137E+01 5.426700115E-01 3.763700128E-01 1.513900002E-03
 1.885999955E-04 7.724400348E-05 6.152899861E-01 -1.248199951E+03 4.839700195E+03 2.933299866E+02 1.549600067E+02 2.341599941E+00 3.638299942E+01 5.430600047E-01 3.758299947E-01 1.516000018E-03
 1.906499965E-04 7.707600162E-05 6.148599982E-01 -3.639899902E+03 3.295399902E+03 2.933200073E+02 1.549199982E+02 2.356400013E+00 5.039199829E+01 5.429400206E-01 3.755500019E-01 1.517100027E-03
 1.926999976E-04 7.690799976E-05 6.144999862E-01 3.143600098E+03 2.281199951E+03 2.933399963E+02 1.548699951E+02 2.405499935E+00 5.425199890E+01 5.427500010E-01 3.753600121E-01 1.518000034E-03
 1.947499986E-04 7.673999789E-05 6.133300066E-01 3.502100098E+03 2.363899902E+03 2.933200073E+02 1.550599976E+02 2.510099888E+00 5.343399811E+01 5.434200168E-01 3.746300042E-01 1.520900056E-03
 1.967999997E-04 7.657200331E-05 6.122000217E-01 -3.430100098E+03 8.000399902E+03 2.932300110E+02 1.552500000E+02 2.648499966E+00 5.863899994E+01 5.441799760E-01 3.738299906E-01 1.523699961E-03
 1.988500007E-04 7.640400145E-05 6.113499999E-01 -3.028100098E+03 1.124800000E+04 2.931499939E+02 1.554299927E+02 2.956000090E+00 5.408900070E+01 5.449000001E-01 3.732100129E-01 1.525799977E-03
 2.009000018E-04 7.623599959E-05 6.109499931E-01 3.122500000E+03 1.106600000E+04 2.930000000E+02 1.556199951E+02 3.199100018E+00 5.984199905E+01 5.457299948E-01 3.727700114E-01 1.526799984E-03
 2.029500029E-04 7.606799772E-05 6.100400090E-01 8.553599609E+03 1.175500000E+04 2.928099976E+02 1.559900055E+02 3.467499971E+00 6.356700134E+01 5.472400188E-01 3.719699979E-01 1.529100002E-03
 2.050000039E-04 7.590000314E-05 6.089800000E-01 8.562299805E+03 1.218600000E+04 2.927999878E+02 1.563200073E+02 3.707299948E+00 6.197299957E+01 5.483999848E-01 3.713099957E-01 1.531700022E-03
 0.000000000E+00 8.499999967E-05 1.600700021E+00 -2.443000000E+04 1.669300000E+04 3.000000000E+02 1.252900009E+02 -1.524399996E+00 -1.172999954E+01 4.275999963E-01 9.916099906E-01 5.881799734E-04
 2.049999921E-06 8.515999798E-05 1.597100019E+00 -2.713300000E+04 6.494399902E+03 3.002099915E+02 1.241699982E+02 -9.939799905E-01 3.212800026E+00 4.268299937E-01 9.942499995E-01 5.867800210E-04
 4.099999842E-06 8.532000356E-05 1.592700005E+00 -2.378400000E+04 -6.155899902E+03 3.002500000E+02 1.232300034E+02 -8.091700077E-02 3.284000015E+01 4.268000126E-01 9.958500266E-01 5.856499774E-04
 6.149999990E-06 8.548000187E-05 1.591899991E+00 -8.128600098E+03 -2.209899902E+03 3.001099854E+02 1.236600037E+02 4.773400128E-01 6.041099930E+01 4.283899963E-01 9.948499799E-01 5.859700032E-04
 8.199999684E-06 8.564000018E-05 1.590000033E+00 -2.657800049E+03 -7.567500000E+03 3.001799927E+02 1.243199997E+02 9.815700054E-01 4.186100006E+01 4.306499958E-01 9.939200282E-01 5.866499851E-04
 1.024999983E-05 8.579999849E-05 1.586599946E+00 -1.034800049E+03 -1.209900000E+04 3.000799866E+02 1.253399963E+02 1.562899947E+00 1.930900002E+01 4.342600107E-01 9.914500117E-01 5.879200180E-04
 1.229999998E-05 8.595999680E-05 1.584800005E+00 2.058399902E+03 -1.663300049E+03 2.998099976E+02 1.264599991E+02 1.929499984E+00 5.537400055E+01 4.383699894E-01 9.894000292E-01 5.885899882E-04
 1.435000013E-05 8.612000238E-05 1.582800031E+00 1.186300049E+03 7.480299805E+03 2.995199890E+02 1.277399979E+02 2.292900085E+00 6.940699768E+01 4.430199862E-01 9.872499704E-01 5.893200287E-04
 1.639999937E-05 8.628000069E-05 1.578899980E+00 -2.851800049E+03 -5.824600098E+03 2.993099976E+02 1.295000000E+02 2.833100080E+00 5.686500168E+01 4.493300021E-01 9.841200113E-01 5.907799932E-04
 1.845000043E-05 8.643999900E-05 1.573099971E+00 -1.063700000E+04 -1.352000000E+04 2.991199951E+02 1.316199951E+02 3.336400032E+00 6.662200165E+01 4.568600059E-01 9.798700213E-01 5.929599865E-04
 2.049999966E-05 8.659999730E-05 1.568199992E+00 1.398900024E+03 -8.824899902E+02 2.986600037E+02 1.335399933E+02 3.862699986E+00 4.962799835E+01 4.639500082E-01 9.752799869E-01 5.948300241E-04
 2.255000072E-05 8.676000289E-05 1.563400030E+00 -1.276099976E+03 8.812399902E+02 2.982399902E+02 1.356399994E+02 4.355299950E+00 5.958800125E+01 4.716199934E-01 9.709799886E-01 5.966399913E-04
 2.459999996E-05 8.692000119E-05 1.556499958E+00 -1.377900000E+04 1.729400000E+04 2.978099976E+02 1.383300018E+02 4.937500000E+00 8.336199951E+01 4.813599885E-01 9.652799964E-01 5.993000232E-04
 2.664999920E-05 8.707999950E-05 1.549600005E+00 3.265500000E+03 1.225800000E+04 2.971099854E+02 1.413399963E+02 5.544899940E+00 7.065000153E+01 4.925000072E-01 9.587200284E-01 6.019700086E-04
 2.870000026E-05 8.723999781E-05 1.539800048E+00 1.604000000E+04 -6.151600098E+03 2.965400085E+02 1.447299957E+02 6.023300171E+00 7.983899689E+01 5.048300028E-01 9.508600235E-01 6.058000145E-04
 3.075000132E-05 8.740000339E-05 1.527799964E+00 1.118000000E+04 6.857000000E+03 2.960599976E+02 1.486000061E+02 6.298099995E+00 9.651699829E+01 5.187900066E-01 9.419199824E-01 6.105499924E-04
 3.279999873E-05 8.756000170E-05 1.515699983E+00 2.898699951E+03 7.515200195E+03 2.952999878E+02 1.530599976E+02 6.547100067E+00 8.495800018E+01 5.350199938E-01 9.320499897E-01 6.154400180E-04
 3.484999979E-05 8.772000001E-05 1.502099991E+00 5.210600098E+03 5.833200195E+03 2.943200073E+02 1.580299988E+02 7.072899818E+00 9.373000336E+01 5.533699989E-01 9.206299782E-01 6.210199790E-04
 3.690000085E-05 8.787999832E-05 1.486500025E+00 1.645300000E+04 1.613400000E+04 2.930899963E+02 1.636300049E+02 7.875899792E+00 9.116699982E+01 5.742899776E-01 9.072399735E-01 6.275500054E-04
 3.894999827E-05 8.803999663E-05 1.467599988E+00 3.350900000E+04 6.279799805E+03 2.917699890E+02 1.700700073E+02 8.493800163E+00 4.535100174E+01 5.982999802E-01 8.916900158E-01 6.356299855E-04
 4.099999933E-05 8.820000221E-05 1.444300056E+00 3.394300000E+04 2.281399902E+03 2.903599854E+02 1.777299957E+02 8.897700310E+00 3.407300186E+01 6.267499924E-01 8.733199835E-01 6.459000288E-04
 4.305000039E-05 8.836000052E-05 1.416599989E+00 3.560200000E+04 6.250700195E+03 2.883800049E+02 1.866399994E+02 9.322199821E+00 6.385699844E+01 6.604400277E-01 8.507300019E-01 6.585399969E-04
 4.510000144E-05 8.851999883E-05 1.382500052E+00 2.679700000E+04 3.192900085E+02 2.861099854E+02 1.971300049E+02 9.292099953E+00 8.363700104E+01 7.002400160E-01 8.237199783E-01 6.748600281E-04
 4.714999886E-05 8.867999713E-05 1.341500044E+00 2.005600000E+04 4.111400146E+02 2.833399963E+02 2.092299957E+02 9.089799881E+00 3.159900093E+01 7.467499971E-01 7.915700078E-01 6.955399876E-04
 4.919999992E-05 8.884000272E-05 1.294100046E+00 5.598400000E+04 2.297899902E+03 2.797300110E+02 2.227899933E+02 8.211899757E+00 -3.689699936E+01 8.000699878E-01 7.539499998E-01 7.210699841E-04
 5.125000098E-05 8.900000103E-05 1.235200047E+00 6.548000000E+04 -5.106200195E+03 2.753500061E+02 2.388399963E+02 6.345600128E+00 -2.456500053E+01 8.642899990E-01 7.084100246E-01 7.557300269E-04
 5.329999840E-05 8.885600255E-05 1.165300012E+00 5.608300000E+04 -2.065500000E+04 2.700700073E+02 2.569299927E+02 3.570699930E+00 -2.903700066E+01 9.386100173E-01 6.555699706E-01 8.012899780E-04
 5.534999946E-05 8.871199680E-05 1.089499950E+00 5.867900000E+04 -3.059400000E+04 2.641499939E+02 2.756400146E+02 -8.418499827E-01 -1.092399979E+02 1.018100023E+00 5.995699763E-01 8.572600200E-04
 5.740000051E-05 8.856799832E-05 1.008999944E+00 5.254100000E+04 -3.687900000E+04 2.575799866E+02 2.947300110E+02 -6.584899902E+00 -1.215400009E+02 1.102699995E+00 5.414900184E-01 9.260899969E-04
 5.945000157E-05 8.842399984E-05 9.287599921E-01 3.685300000E+04 -2.981700000E+04 2.506799927E+02 3.131300049E+02 -1.302200031E+01 -1.193399963E+02 1.188300014E+00 4.851000011E-01 1.006099978E-03
 6.150000263E-05 8.828000136E-05 8.536599874E-01 2.307900000E+04 -9.775799805E+03 2.439199982E+02 3.302399902E+02 -1.991399956E+01 -1.206500015E+02 1.271700025E+00 4.338600039E-01 1.094699954E-03
 6.354999641E-05 8.813600289E-05 7.826799750E-01 -6.287000000E+03 -5.985399902E+03 2.373099976E+02 3.465100098E+02 -2.621100044E+01 -9.633999634E+01 1.354099989E+00 3.870199919E-01 1.194200013E-03
 6.559999747E-05 8.799199713E-05 7.172600031E-01 -2.898200000E+04 -9.389900391E+03 2.307899933E+02 3.613299866E+02 -3.195000076E+01 -5.887500000E+01 1.433400035E+00 3.449200094E-01 1.303000026E-03
 6.764999853E-05 8.784799866E-05 6.586499810E-01 -4.063600000E+04 -6.958700195E+03 2.246000061E+02 3.747699890E+02 -3.721799850E+01 -3.078499985E+01 1.508499980E+00 3.082300127E-01 1.418799977E-03
 6.969999959E-05 8.770400018E-05 6.063799858E-01 -6.934700000E+04 -1.004300000E+04 2.190099945E+02 3.870000000E+02 -4.132600021E+01 4.288799763E+00 1.578600049E+00 2.766900063E-01 1.540899975E-03
 7.175000064E-05 8.756000170E-05 5.601900220E-01 -8.259300000E+04 -1.032400000E+04 2.136999969E+02 3.979899902E+02 -4.446799850E+01 5.224499893E+01 1.644400001E+00 2.494100034E-01 1.667700009E-03
 7.380000170E-05 8.741600323E-05 5.198299885E-01 -8.803000000E+04 2.504000000E+03 2.086699982E+02 4.080400085E+02 -4.687699890E+01 6.205500031E+01 1.706699967E+00 2.259700000E-01 1.796699944E-03
 7.585000276E-05 8.727199747E-05 4.844099879E-01 -9.986600000E+04 1.396600000E+04 2.041300049E+02 4.169899902E+02 -4.850299835E+01 7.501799774E+01 1.763599992E+00 2.059900016E-01 1.928000012E-03
 7.789999654E-05 8.712799900E-05 4.529100060E-01 -1.134900000E+05 2.309300000E+04 2.000299988E+02 4.248900146E+02 -4.920100021E+01 1.085299988E+02 1.815199971E+00 1.887100041E-01 2.061800100E-03
 7.994999760E-05 8.698400052E-05 4.260100126E-01 -1.268500000E+05 2.780800000E+04 1.963999939E+02 4.317099915E+02 -4.923400116E+01 1.236999969E+02 1.860900044E+00 1.742700040E-01 2.191399923E-03
 8.199999866E-05 8.684000204E-05 4.030100107E-01 -1.450200000E+05 2.519900000E+04 1.931399994E+02 4.377900085E+02 -4.881100082E+01 1.234800034E+02 1.902400017E+00 1.621299982E-01 2.316199942E-03
 8.404999971E-05 8.669600356E-05 3.833700120E-01 -1.569300000E+05 2.730800000E+04 1.901799927E+02 4.431799927E+02 -4.779899979E+01 1.338600006E+02 1.940000057E+00 1.518500000E-01 2.434500027E-03
 8.610000077E-05 8.655199781E-05 3.660300076E-01 -1.667300000E+05 2.709700000E+04 1.875800018E+02 4.480299988E+02 -4.621799850E+01 1.379799957E+02 1.973799944E+00 1.430000067E-01 2.549800090E-03
 8.815000183E-05 8.640799933E-05 3.501000106E-01 -1.848200000E+05 2.304300000E+04 1.853300018E+02 4.525799866E+02 -4.430599976E+01 1.392700043E+02 2.004800081E+00 1.351300031E-01 2.665600041E-03
 9.020000289E-05 8.626400086E-05 3.361499906E-01 -1.930000000E+05 2.162100000E+04 1.833999939E+02 4.566199951E+02 -4.219800186E+01 1.167600021E+02 2.032200098E+00 1.283899993E-01 2.775999950E-03
 9.224999667E-05 8.612000238E-05 3.240900040E-01 -1.985300000E+05 2.491700000E+04 1.814600067E+02 4.602999878E+02 -4.011899948E+01 1.004100037E+02 2.058599949E+00 1.224699989E-01 2.879099920E-03
 9.429999773E-05 8.597599663E-05 3.134799898E-01 -1.974200000E+05 2.741600000E+04 1.795299988E+02 4.637699890E+02 -3.780099869E+01 1.044599991E+02 2.084199905E+00 1.172100008E-01 2.976400079E-03
 9.634999878E-05 8.583199815E-05 3.040899932E-01 -1.947500000E+05 2.452400000E+04 1.778999939E+02 4.667000122E+02 -3.529100037E+01 1.073199997E+02 2.105999947E+00 1.126599982E-01 3.068200080E-03
 9.839999984E-05 8.568799967E-05 2.956900001E-01 -1.991600000E+05 2.186800000E+04 1.765500031E+02 4.692000122E+02 -3.308200073E+01 1.022200012E+02 2.124500036E+00 1.087199971E-01 3.155299928E-03
 1.004500009E-04 8.554400119E-05 2.879599929E-01 -2.048900000E+05 2.188600000E+04 1.752799988E+02 4.716199951E+02 -3.093199921E+01 9.740699768E+01 2.142499924E+00 1.051099971E-01 3.239900107E-03
 1.025000020E-04 8.540000272E-05 2.809500098E-01 -2.063200000E+05 2.459100000E+04 1.740200043E+02 4.738099976E+02 -2.894300079E+01 1.013799973E+02 2.159600019E+00 1.018199995E-01 3.320599906E-03
 1.045500030E-04 8.525599696E-05 2.746900022E-01 -2.020400000E+05 2.456600000E+04 1.728399963E+02 4.760199890E+02 -2.752799988E+01 9.878500366E+01 2.176700115E+00 9.886799753E-02 3.396299900E-03
 1.065999968E-04 8.511199849E-05 2.688399851E-01 -2.025400000E+05 1.772500000E+04 1.716999969E+02 4.781499939E+02 -2.638400078E+01 6.992600250E+01 2.193300009E+00 9.612700343E-02 3.470200114E-03
 1.086499979E-04 8.496800001E-05 2.632699907E-01 -2.039100000E+05 1.343600000E+04 1.706999969E+02 4.800400085E+02 -2.521199989E+01 4.721200180E+01 2.208100080E+00 9.358499944E-02 3.543500090E-03
 1.106999989E-04 8.482400153E-05 2.580499947E-01 -2.005200000E+05 1.349400000E+04 1.697100067E+02 4.819299927E+02 -2.444899940E+01 5.028099823E+01 2.223000050E+00 9.120000154E-02 3.615200054E-03
 1.127500000E-04 8.468000306E-05 2.531999946E-01 -2.049400000E+05 1.056300000E+04 1.688200073E+02 4.835100098E+02 -2.395499992E+01 4.962400055E+01 2.236099958E+00 8.901099861E-02 3.684400115E-03
 1.148000010E-04 8.453599730E-05 2.485699952E-01 -2.146800000E+05 1.116800000E+04 1.679199982E+02 4.848699951E+02 -2.340099907E+01 5.072999954E+01 2.248199940E+00 8.692300320E-02 3.752999939E-03
 1.168500021E-04 8.439199883E-05 2.438700050E-01 -2.189900000E+05 1.630800000E+04 1.669299927E+02 4.862699890E+02 -2.308900070E+01 5.347999954E+01 2.261300087E+00 8.477500081E-02 3.825299907E-03
 1.189000031E-04 8.424800035E-05 2.392300069E-01 -2.245700000E+05 1.261200000E+04 1.659600067E+02 4.877900085E+02 -2.286599922E+01 4.334400177E+01 2.275000095E+00 8.267699927E-02 3.899500007E-03
 1.209499969E-04 8.410400187E-05 2.352000028E-01 -2.281500000E+05 5.915899902E+03 1.651399994E+02 4.889400024E+02 -2.279100037E+01 3.197400093E+01 2.285900116E+00 8.088099957E-02 3.966299817E-03
 1.230000053E-04 8.396000339E-05 2.314600050E-01 -2.259300000E+05 5.303200195E+03 1.643600006E+02 4.900700073E+02 -2.283699989E+01 2.737000084E+01 2.296600103E+00 7.922200114E-02 4.030399956E-03
 1.250500063E-04 8.381599764E-05 2.277099937E-01 -2.244100000E+05 6.126299805E+03 1.635099945E+02 4.916300049E+02 -2.299399948E+01 2.902199936E+01 2.309900045E+00 7.753399760E-02 4.096799996E-03
 1.270999928E-04 8.367199916E-05 2.244299948E-01 -2.195000000E+05 8.153299805E+03 1.627700043E+02 4.929400024E+02 -2.344799995E+01 3.081500053E+01 2.321399927E+00 7.607100159E-02 4.156500101E-03
 1.291499939E-04 8.352800069E-05 2.213499993E-01 -2.210200000E+05 7.039200195E+03 1.621499939E+02 4.939700012E+02 -2.410199928E+01 2.402400017E+01 2.330899954E+00 7.474199682E-02 4.214399960E-03
 1.311999949E-04 8.338400221E-05 2.179500014E-01 -2.310500000E+05 8.042200195E+03 1.615099945E+02 4.950599976E+02 -2.471899986E+01 2.723299980E+01 2.340699911E+00 7.330500335E-02 4.280200228E-03
 1.332499960E-04 8.323999646E-05 2.146800011E-01 -2.451800000E+05 1.145500000E+04 1.609900055E+02 4.959899902E+02 -2.526300049E+01 3.802000046E+01 2.349100113E+00 7.197099924E-02 4.345300142E-03
 1.352999971E-04 8.309599798E-05 2.117500007E-01 -2.618400000E+05 1.658300000E+04 1.606300049E+02 4.966700134E+02 -2.570899963E+01 5.390800095E+01 2.355000019E+00 7.082799822E-02 4.405499902E-03
 1.373499981E-04 8.295199950E-05 2.091100067E-01 -2.791700000E+05 1.782900000E+04 1.605000000E+02 4.969400024E+02 -2.631500053E+01 6.344699860E+01 2.357399940E+00 6.988999993E-02 4.460900091E-03
 1.393999992E-04 8.280800103E-05 2.067099959E-01 -3.053000000E+05 1.649400000E+04 1.605599976E+02 4.966099854E+02 -2.691699982E+01 6.173400116E+01 2.355499983E+00 6.911399961E-02 4.512699787E-03
 1.414500002E-04 8.266400255E-05 2.042199969E-01 -3.321300000E+05 2.148300000E+04 1.605599976E+02 4.964599915E+02 -2.742000008E+01 6.726799774E+01 2.354899883E+00 6.828100234E-02 4.567900207E-03
 1.435000013E-04 8.251999679E-05 2.014800012E-01 -3.506700000E+05 2.497400000E+04 1.603699951E+02 4.967500000E+02 -2.804100037E+01 7.426200104E+01 2.357899904E+00 6.728599966E-02 4.629999865E-03
 1.455500023E-04 8.237599832E-05 1.985999942E-01 -3.705300000E+05 2.612300000E+04 1.602100067E+02 4.971300049E+02 -2.843199921E+01 7.871399689E+01 2.361000061E+00 6.625500321E-02 4.697400145E-03
 1.476000034E-04 8.223199984E-05 1.958200037E-01 -3.908900000E+05 2.724800000E+04 1.602200012E+02 4.974800110E+02 -2.894300079E+01 7.579100037E+01 2.362699986E+00 6.533399969E-02 4.763899837E-03
 1.496500045E-04 8.208800136E-05 1.931100041E-01 -4.054800000E+05 2.757700000E+04 1.600200043E+02 4.980499878E+02 -2.948800087E+01 8.478199768E+01 2.367000103E+00 6.435099989E-02 4.830699880E-03
 1.517000055E-04 8.194400289E-05 1.909500062E-01 -4.286800000E+05 2.690600000E+04 1.601600037E+02 4.976700134E+02 -2.998399925E+01 8.950900269E+01 2.364300013E+00 6.368499994E-02 4.885199945E-03
 1.537500066E-04 8.179999713E-05 1.895200014E-01 -4.697400000E+05 3.129300000E+04 1.611300049E+02 4.957099915E+02 -3.021999931E+01 9.697799683E+01 2.348000050E+00 6.358999759E-02 4.922199994E-03
 1.557999931E-04 8.165599866E-05 1.909299940E-01 -6.366900000E+05 5.782700000E+04 1.665000000E+02 4.866400146E+02 -2.896699905E+01 1.786300049E+02 2.268599987E+00 6.622099876E-02 4.886100069E-03
 1.578499941E-04 8.151200018E-05 2.037000060E-01 -1.096100000E+06 1.146100000E+05 1.856300049E+02 4.530000000E+02 -2.472800064E+01 3.724800110E+02 2.007499933E+00 7.907000184E-02 4.592199810E-03
 1.598999952E-04 8.136800170E-05 2.520299852E-01 -1.466900000E+06 1.625600000E+05 2.241999969E+02 3.714800110E+02 -1.465699959E+01 6.742800293E+02 1.509099960E+00 1.195700020E-01 3.786500078E-03
 1.619499963E-04 8.122400322E-05 3.656400144E-01 -1.028200000E+06 1.140000000E+05 2.641700134E+02 2.621700134E+02 -6.804100275E-01 7.198699951E+02 9.757400155E-01 2.036799937E-01 2.667499939E-03
 1.639999973E-04 8.107999747E-05 5.071399808E-01 -3.123200000E+05 3.391900000E+04 2.855700073E+02 1.857700043E+02 8.273599625E+00 3.695799866E+02 6.613699794E-01 3.023500144E-01 1.871000044E-03
 1.660499984E-04 8.093599899E-05 5.949400067E-01 -5.280100000E+04 9.222000000E+03 2.926199951E+02 1.578999939E+02 1.022099972E+01 8.343599701E+01 5.551699996E-01 3.625899851E-01 1.570099965E-03
 1.680999994E-04 8.079200052E-05 6.209499836E-01 -7.152100098E+03 1.938000000E+03 2.940700073E+02 1.526699982E+02 9.462400436E+00 -5.122900009E+00 5.353400111E-01 3.802500069E-01 1.502300031E-03
 1.701500005E-04 8.064800204E-05 6.237300038E-01 -7.579799805E+03 3.958800049E+03 2.941099854E+02 1.531199951E+02 8.157899857E+00 -2.485899925E+01 5.365899801E-01 3.820100129E-01 1.495499979E-03
 1.722000015E-04 8.050400356E-05 6.227700114E-01 -8.749700195E+03 7.443899902E+03 2.939899902E+02 1.541399994E+02 6.691599846E+00 -1.277299976E+01 5.400300026E-01 3.812600076E-01 1.497799996E-03
 1.742500026E-04 8.035999781E-05 6.222900152E-01 -4.477600098E+03 5.185299805E+03 2.937099915E+02 1.548699951E+02 5.151800156E+00 -1.287100029E+01 5.426399708E-01 3.806000054E-01 1.499000005E-03
 1.763000037E-04 8.021599933E-05 6.209700108E-01 -8.287900391E+03 4.939700195E+03 2.936700134E+02 1.555099945E+02 4.467599869E+00 -8.496999741E+00 5.448399782E-01 3.797399998E-01 1.502200030E-03
 1.783500047E-04 8.007200086E-05 6.198599935E-01 -9.067200195E+03 6.720700195E+03 2.936000061E+02 1.560200043E+02 3.988600016E+00 -2.480099916E+00 5.466399789E-01 3.789699972E-01 1.504900050E-03
 1.804000058E-04 7.992800238E-05 6.186199784E-01 -5.490299805E+03 8.937200195E+03 2.935599976E+02 1.565200043E+02 3.207999945E+00 6.088500023E+00 5.483800173E-01 3.781599998E-01 1.507899957E-03
 1.824500068E-04 7.978399663E-05 6.176699996E-01 -2.833500061E+02 8.634799805E+03 2.936400146E+02 1.568600006E+02 2.648400068E+00 4.070600128E+01 5.494400263E-01 3.776899874E-01 1.510199974E-03
 1.844999933E-04 7.963999815E-05 6.168299913E-01 -3.580800049E+03 4.903299805E+03 2.936400146E+02 1.570700073E+02 2.367700100E+00 7.129900360E+01 5.501599908E-01 3.771699965E-01 1.512299990E-03
 1.865499944E-04 7.949599967E-05 6.161199808E-01 -1.401900024E+03 5.909299805E+03 2.934599915E+02 1.571900024E+02 2.241199970E+00 5.580400085E+01 5.507199764E-01 3.765099943E-01 1.514000003E-03
 1.885999955E-04 7.935200119E-05 6.158300042E-01 -1.103599976E+03 9.469700195E+03 2.932399902E+02 1.572899933E+02 2.263499975E+00 2.498500061E+01 5.512800217E-01 3.760499954E-01 1.514700009E-03
 1.906499965E-04 7.920800272E-05 6.154299974E-01 -3.455800049E+03 3.679000000E+03 2.931499939E+02 1.573999939E+02 2.272000074E+00 4.295500183E+01 5.517699718E-01 3.756999969E-01 1.515700016E-03
 1.926999976E-04 7.906399696E-05 6.149500012E-01 -1.439699951E+03 -1.594599976E+03 2.930700073E+02 1.576199951E+02 2.164400101E+00 4.963299942E+01 5.526199937E-01 3.752900064E-01 1.516900025E-03
 1.947499986E-04 7.891999849E-05 6.134399772E-01 -6.038399902E+03 3.568600098E+03 2.930299988E+02 1.581600037E+02 2.294100046E+00 4.952799988E+01 5.545300245E-01 3.743200004E-01 1.520600053E-03
 1.967999997E-04 7.877600001E-05 6.122199893E-01 -1.015100000E+04 3.631300049E+03 2.930000000E+02 1.584900055E+02 2.522500038E+00 6.286399841E+01 5.557500124E-01 3.735300004E-01 1.523599960E-03
 1.988500007E-04 7.863200153E-05 6.112800241E-01 -5.608000000E+03 5.562700195E+03 2.929500122E+02 1.587500000E+02 2.540499926E+00 5.554499817E+01 5.566999912E-01 3.729000092E-01 1.525999978E-03
 2.009000018E-04 7.848800306E-05 6.105700135E-01 2.990600098E+03 1.020300000E+04 2.928500061E+02 1.590599976E+02 2.684600115E+00 3.769100189E+01 5.579000115E-01 3.723399937E-01 1.527799992E-03
 2.029500029E-04 7.834399730E-05 6.099600196E-01 7.373399902E+03 8.146899902E+03 2.925100098E+02 1.593500061E+02 3.261199951E+00 4.074900055E+01 5.592600107E-01 3.715400100E-01 1.529300003E-03
 2.050000039E-04 7.819999882E-05 6.093599796E-01 7.752899902E+03 6.061100098E+03 2.922900085E+02 1.595200043E+02 3.635400057E+00 5.593500137E+01 5.601099730E-01 3.708899915E-01 1.530800015E-03
 0.000000000E+00 8.616699779E-05 1.600700021E+00 -3.919000000E+04 9.711500000E+03 3.000000000E+02 1.261600037E+02 -1.465600014E+00 -2.060499907E+00 4.296599925E-01 9.903399944E-01 5.888700252E-04
 2.049999921E-06 8.630000229E-05 1.596799970E+00 -2.706300000E+04 6.338399902E+03 3.001400146E+02 1.249400024E+02 -1.018000007E+00 -2.749599934E+00 4.290600121E-01 9.931700230E-01 5.872499896E-04
 4.099999842E-06 8.643299952E-05 1.592200041E+00 -9.825400391E+03 -7.630700195E+03 3.002099915E+02 1.240800018E+02 -2.745400071E-01 1.518299961E+01 4.297800064E-01 9.953600168E-01 5.858499790E-04
 6.149999990E-06 8.656700084E-05 1.591400027E+00 -1.910200043E+02 -4.637399902E+02 3.001199951E+02 1.248899994E+02 2.845700085E-01 4.642900085E+01 4.326399863E-01 9.945799708E-01 5.861400277E-04
 8.199999684E-06 8.669999806E-05 1.589200020E+00 -2.024599976E+03 -1.319099976E+03 3.002000122E+02 1.257900009E+02 7.054899931E-01 3.651100159E+01 4.357300103E-01 9.934300184E-01 5.869700108E-04
 1.024999983E-05 8.683300257E-05 1.585600019E+00 -8.236599609E+03 -1.621600000E+04 3.001400146E+02 1.269199982E+02 1.187100053E+00 1.042700005E+01 4.396699965E-01 9.909999967E-01 5.882999976E-04
 1.229999998E-05 8.696699661E-05 1.583400011E+00 3.048299866E+02 -2.709600098E+03 2.999100037E+02 1.281300049E+02 1.549299955E+00 5.340399933E+01 4.440500140E-01 9.888600111E-01 5.891299807E-04
 1.435000013E-05 8.710000111E-05 1.580800056E+00 -1.535699951E+03 1.598500000E+04 2.997500000E+02 1.293600006E+02 1.795400023E+00 6.610700226E+01 4.484600127E-01 9.867600203E-01 5.900699762E-04
 1.639999937E-05 8.723299834E-05 1.577800035E+00 -1.300500000E+04 3.315300049E+03 2.993500061E+02 1.308899994E+02 2.216700077E+00 2.305599976E+01 4.540700018E-01 9.835299850E-01 5.912000197E-04
 1.845000043E-05 8.736699965E-05 1.572900057E+00 -1.992100000E+04 -1.481700000E+04 2.989299927E+02 1.327500000E+02 2.730700016E+00 3.350199890E+01 4.608699977E-01 9.791100025E-01 5.930599873E-04
 2.049999966E-05 8.749999688E-05 1.568400025E+00 -1.478800000E+04 -8.324599609E+03 2.985400085E+02 1.347100067E+02 3.260699987E+00 5.422999954E+01 4.680300057E-01 9.750199914E-01 5.947600002E-04
 2.255000072E-05 8.763300139E-05 1.563300014E+00 -1.995700000E+04 -8.334400391E+03 2.981900024E+02 1.370200043E+02 3.683599949E+00 4.411500168E+01 4.763799906E-01 9.707499743E-01 5.966799799E-04
 2.459999996E-05 8.776700270E-05 1.555999994E+00 -6.432299805E+03 1.057700000E+04 2.977699890E+02 1.397200012E+02 4.121200085E+00 7.076000214E+01 4.861400127E-01 9.648399949E-01 5.994800013E-04
 2.664999920E-05 8.789999993E-05 1.549000025E+00 2.262500000E+04 8.919700195E+03 2.971400146E+02 1.426000061E+02 4.625999928E+00 8.071299744E+01 4.967400134E-01 9.584500194E-01 6.021999870E-04
 2.870000026E-05 8.803299716E-05 1.539299965E+00 2.105600000E+04 -1.852900000E+04 2.965899963E+02 1.459900055E+02 5.109799862E+00 6.972299957E+01 5.090699792E-01 9.506700039E-01 6.060100277E-04
 3.075000132E-05 8.816699847E-05 1.528499961E+00 1.704600000E+04 7.950900269E+01 2.959100037E+02 1.498300018E+02 5.236800194E+00 9.808499908E+01 5.230399966E-01 9.418699741E-01 6.102700136E-04
 3.279999873E-05 8.830000297E-05 1.516399980E+00 5.542399902E+03 1.982900000E+04 2.951799927E+02 1.542700043E+02 5.428500175E+00 8.232599640E+01 5.392199755E-01 9.321100116E-01 6.151400157E-04
 3.484999979E-05 8.843300020E-05 1.501600027E+00 1.523199951E+03 1.045400000E+04 2.942799988E+02 1.591600037E+02 5.937399864E+00 8.044499969E+01 5.572000146E-01 9.201599956E-01 6.212299922E-04
 3.690000085E-05 8.856700151E-05 1.485200047E+00 9.345400391E+03 6.744899902E+03 2.930799866E+02 1.646000061E+02 6.582200050E+00 8.846399689E+01 5.774800181E-01 9.064599872E-01 6.280699745E-04
 3.894999827E-05 8.869999874E-05 1.466599941E+00 1.491400000E+04 7.844399902E+03 2.917900085E+02 1.711000061E+02 7.039000034E+00 4.183100128E+01 6.016499996E-01 8.911499977E-01 6.360699772E-04
 4.099999933E-05 8.883300325E-05 1.444300056E+00 2.245400000E+04 4.315000000E+03 2.903200073E+02 1.785700073E+02 7.370200157E+00 -6.880499840E+00 6.295099854E-01 8.731999993E-01 6.458900170E-04
 4.305000039E-05 8.896699728E-05 1.417199969E+00 3.204700000E+04 -7.485100098E+03 2.883399963E+02 1.872799988E+02 7.737800121E+00 -6.452099800E+00 6.625199914E-01 8.510000110E-01 6.582500064E-04
 4.510000144E-05 8.910000179E-05 1.383399963E+00 2.923000000E+04 -1.130800000E+04 2.860799866E+02 1.975800018E+02 7.631400108E+00 8.077999878E+01 7.016299963E-01 8.241699934E-01 6.744199782E-04
 4.714999886E-05 8.923299902E-05 1.342800021E+00 2.600100000E+04 -9.095099609E+03 2.833500061E+02 2.095299988E+02 7.476200104E+00 5.576599884E+01 7.475900054E-01 7.923899889E-01 6.948499940E-04
 4.919999992E-05 8.936700033E-05 1.295500040E+00 4.906800000E+04 -9.981099854E+02 2.798399963E+02 2.232100067E+02 6.806900024E+00 -4.707300186E+01 8.012400270E-01 7.550100088E-01 7.203400019E-04
 5.125000098E-05 8.949999756E-05 1.237200022E+00 6.494800000E+04 8.213900391E+03 2.755499878E+02 2.390700073E+02 5.254199982E+00 -5.020999908E+01 8.646900058E-01 7.100700140E-01 7.544800173E-04
 5.329999840E-05 8.938000246E-05 1.168900013E+00 5.927000000E+04 -1.310000000E+04 2.702999878E+02 2.567300110E+02 2.885099888E+00 -5.138700104E+01 9.374399781E-01 6.581500173E-01 7.987699937E-04
 5.534999946E-05 8.926000010E-05 1.093999982E+00 5.140100000E+04 -2.522500000E+04 2.644200134E+02 2.752200012E+02 -6.492300034E-01 -1.002799988E+02 1.016000032E+00 6.026200056E-01 8.537800168E-04
 5.740000051E-05 8.913999773E-05 1.014799953E+00 4.007300000E+04 -2.358000000E+04 2.580899963E+02 2.939899902E+02 -5.242400169E+00 -1.039499969E+02 1.098700047E+00 5.456799865E-01 9.206099785E-04
 5.945000157E-05 8.902000263E-05 9.363200068E-01 3.016400000E+04 -2.023400000E+04 2.513600006E+02 3.121900024E+02 -1.060799980E+01 -9.724700165E+01 1.182800055E+00 4.903799891E-01 9.979299502E-04
 6.150000263E-05 8.890000026E-05 8.608300090E-01 2.913700000E+04 -6.080200195E+03 2.446300049E+02 3.295100098E+02 -1.640399933E+01 -1.116900024E+02 1.266299963E+00 4.387699962E-01 1.085600001E-03
 6.354999641E-05 8.877999790E-05 7.903599739E-01 3.794699951E+03 -3.150600098E+03 2.380599976E+02 3.457500000E+02 -2.160199928E+01 -1.017900009E+02 1.347800016E+00 3.920400143E-01 1.182400039E-03
 6.559999747E-05 8.866000280E-05 7.257500291E-01 -2.784100000E+04 -8.455799805E+03 2.316000061E+02 3.606600037E+02 -2.629999924E+01 -5.813000107E+01 1.426399946E+00 3.502199948E-01 1.287700026E-03
 6.764999853E-05 8.854000043E-05 6.659200191E-01 -4.024600000E+04 -1.456400000E+04 2.254100037E+02 3.744200134E+02 -3.084099960E+01 -2.009000015E+01 1.502099991E+00 3.127599955E-01 1.403399976E-03
 6.969999959E-05 8.841999806E-05 6.123399734E-01 -6.144900000E+04 -1.869200000E+04 2.197299957E+02 3.869800110E+02 -3.424399948E+01 2.126100063E+00 1.573199987E+00 2.803300023E-01 1.525899977E-03
 7.175000064E-05 8.830000297E-05 5.653399825E-01 -7.308500000E+04 -7.633700195E+03 2.142599945E+02 3.981400146E+02 -3.694400024E+01 3.943899918E+01 1.639700055E+00 2.523699999E-01 1.652600011E-03
 7.380000170E-05 8.818000060E-05 5.234299898E-01 -8.568200000E+04 6.587299805E+03 2.090899963E+02 4.084599915E+02 -3.926900101E+01 4.724000168E+01 1.703299999E+00 2.280099988E-01 1.784699969E-03
 7.585000276E-05 8.805999823E-05 4.871099889E-01 -1.056000000E+05 1.127300000E+04 2.045599976E+02 4.177099915E+02 -4.055500031E+01 5.331399918E+01 1.761199951E+00 2.075700015E-01 1.917200047E-03
 7.789999654E-05 8.794000314E-05 4.557099938E-01 -1.210400000E+05 1.979700000E+04 2.004499969E+02 4.255899963E+02 -4.114799881E+01 7.723400116E+01 1.812700033E+00 1.902800053E-01 2.049099887E-03
 7.994999760E-05 8.782000077E-05 4.280900061E-01 -1.327500000E+05 2.654100000E+04 1.967200012E+02 4.325499878E+02 -4.148199844E+01 9.701499939E+01 1.859500051E+00 1.754200011E-01 2.180899959E-03
 8.199999866E-05 8.769999840E-05 4.038499892E-01 -1.405900000E+05 2.321400000E+04 1.932700043E+02 4.389800110E+02 -4.132600021E+01 1.020800018E+02 1.903499961E+00 1.625799984E-01 2.311599907E-03
 8.404999971E-05 8.758000331E-05 3.826900125E-01 -1.492200000E+05 2.221400000E+04 1.901900024E+02 4.446499939E+02 -4.066699982E+01 1.126600037E+02 1.943199992E+00 1.515900046E-01 2.438999945E-03
 8.610000077E-05 8.746000094E-05 3.644199967E-01 -1.608200000E+05 2.145500000E+04 1.874600067E+02 4.495100098E+02 -3.931000137E+01 1.192600021E+02 1.978000045E+00 1.422799975E-01 2.561100060E-03
 8.815000183E-05 8.733999857E-05 3.483400047E-01 -1.744000000E+05 1.851200000E+04 1.848800049E+02 4.540799866E+02 -3.758000183E+01 1.208700027E+02 2.011100054E+00 1.341300011E-01 2.679100027E-03
 9.020000289E-05 8.722000348E-05 3.345299959E-01 -1.847400000E+05 1.767400000E+04 1.826900024E+02 4.581600037E+02 -3.594900131E+01 1.024400024E+02 2.040600061E+00 1.272799969E-01 2.789400052E-03
 9.224999667E-05 8.710000111E-05 3.222199976E-01 -1.940800000E+05 2.084000000E+04 1.807899933E+02 4.619899902E+02 -3.412599945E+01 8.514199829E+01 2.067699909E+00 1.213200018E-01 2.895900048E-03
 9.429999773E-05 8.697999874E-05 3.112100065E-01 -1.981900000E+05 2.292500000E+04 1.789600067E+02 4.654700012E+02 -3.205500031E+01 8.136699677E+01 2.093199968E+00 1.159899980E-01 2.998099895E-03
 9.634999878E-05 8.685999637E-05 3.015399873E-01 -2.027600000E+05 1.982100000E+04 1.773899994E+02 4.684700012E+02 -2.990699959E+01 8.811199951E+01 2.115299940E+00 1.113900021E-01 3.094200045E-03
 9.839999984E-05 8.674000128E-05 2.928900123E-01 -2.097100000E+05 1.802100000E+04 1.760200043E+02 4.711000061E+02 -2.778100014E+01 9.482800293E+01 2.134799957E+00 1.073599979E-01 3.185499925E-03
 1.004500009E-04 8.661999891E-05 2.853800058E-01 -2.096600000E+05 1.870400000E+04 1.746000061E+02 4.732799988E+02 -2.601399994E+01 8.064700317E+01 2.152899981E+00 1.037599966E-01 3.269199980E-03
 1.025000020E-04 8.649999654E-05 2.788800001E-01 -2.051600000E+05 2.037000000E+04 1.733099976E+02 4.753500061E+02 -2.440099907E+01 8.081300354E+01 2.169899940E+00 1.006499976E-01 3.345299978E-03
 1.045500030E-04 8.638000145E-05 2.725600004E-01 -2.033400000E+05 1.991000000E+04 1.722299957E+02 4.775000000E+02 -2.291900063E+01 8.488600159E+01 2.186199903E+00 9.775699675E-02 3.422999987E-03
 1.065999968E-04 8.625999908E-05 2.666200101E-01 -2.044000000E+05 1.565000000E+04 1.711799927E+02 4.792300110E+02 -2.181999969E+01 6.223099899E+01 2.200500011E+00 9.504400194E-02 3.499000100E-03
 1.086499979E-04 8.613999671E-05 2.615300119E-01 -2.078500000E+05 1.138500000E+04 1.701799927E+02 4.807900085E+02 -2.081500053E+01 4.902099991E+01 2.213900089E+00 9.268499911E-02 3.567100037E-03
 1.106999989E-04 8.602000162E-05 2.567200065E-01 -2.151100000E+05 1.091600000E+04 1.693600006E+02 4.824700012E+02 -2.007299995E+01 4.928499985E+01 2.226900101E+00 9.054099768E-02 3.633799963E-03
 1.127500000E-04 8.589999925E-05 2.521499991E-01 -2.209600000E+05 1.044500000E+04 1.686999969E+02 4.837500000E+02 -1.941900063E+01 4.141600037E+01 2.236999989E+00 8.857999742E-02 3.699700115E-03
 1.148000010E-04 8.577999688E-05 2.475199997E-01 -2.246200000E+05 1.043000000E+04 1.677899933E+02 4.851600037E+02 -1.865200043E+01 4.069900131E+01 2.249500036E+00 8.648400009E-02 3.769000061E-03
 1.168500021E-04 8.566000179E-05 2.430299968E-01 -2.270100000E+05 1.335600000E+04 1.667799988E+02 4.866000061E+02 -1.820199966E+01 4.767599869E+01 2.262900114E+00 8.440499753E-02 3.838599892E-03
 1.189000031E-04 8.553999942E-05 2.387000024E-01 -2.241000000E+05 1.166800000E+04 1.658800049E+02 4.881499939E+02 -1.814100075E+01 3.982899857E+01 2.276200056E+00 8.245600015E-02 3.908200189E-03
 1.209499969E-04 8.541999705E-05 2.347899973E-01 -2.226500000E+05 5.746000000E+03 1.650200043E+02 4.895700073E+02 -1.862000084E+01 1.947999954E+01 2.288899899E+00 8.067999780E-02 3.973199986E-03
 1.230000053E-04 8.530000196E-05 2.314500064E-01 -2.259500000E+05 3.284300049E+03 1.643399963E+02 4.906300049E+02 -1.891699982E+01 1.528699970E+01 2.298599958E+00 7.920700312E-02 4.030399956E-03
 1.250500063E-04 8.517999959E-05 2.280900031E-01 -2.258800000E+05 3.734800049E+03 1.636699982E+02 4.919200134E+02 -1.896599960E+01 2.738599968E+01 2.309299946E+00 7.774099708E-02 4.089899827E-03
 1.270999928E-04 8.505999722E-05 2.248000056E-01 -2.265300000E+05 6.383600098E+03 1.630899963E+02 4.930199890E+02 -1.938100052E+01 3.652600098E+01 2.318700075E+00 7.634899765E-02 4.149599932E-03
 1.291499939E-04 8.494000213E-05 2.216600031E-01 -2.313600000E+05 6.639100098E+03 1.625299988E+02 4.940700073E+02 -1.989699936E+01 2.893600082E+01 2.327800035E+00 7.501900196E-02 4.208500031E-03
 1.311999949E-04 8.481999976E-05 2.184900045E-01 -2.348100000E+05 7.544000000E+03 1.618000031E+02 4.953099976E+02 -2.033699989E+01 2.056100082E+01 2.338900089E+00 7.361900061E-02 4.269499797E-03
 1.332499960E-04 8.469999739E-05 2.153500021E-01 -2.432300000E+05 1.129000000E+04 1.611399994E+02 4.963800049E+02 -2.075000000E+01 2.593099976E+01 2.348799944E+00 7.226199657E-02 4.331800155E-03
 1.352999971E-04 8.458000229E-05 2.124699950E-01 -2.610700000E+05 1.540500000E+04 1.607899933E+02 4.968800049E+02 -2.127199936E+01 3.889599991E+01 2.353899956E+00 7.113800198E-02 4.390500020E-03
 1.373499981E-04 8.445999993E-05 2.098300010E-01 -2.820300000E+05 1.585100000E+04 1.607299957E+02 4.967000122E+02 -2.189999962E+01 4.644800186E+01 2.353600025E+00 7.023099810E-02 4.445599858E-03
 1.393999992E-04 8.433999756E-05 2.073400021E-01 -3.066200000E+05 1.507900000E+04 1.607400055E+02 4.963800049E+02 -2.246899986E+01 4.556100082E+01 2.352099895E+00 6.940100342E-02 4.499100149E-03
 1.414500002E-04 8.422000246E-05 2.047999948E-01 -3.279300000E+05 1.606700000E+04 1.606600037E+02 4.966300049E+02 -2.285899925E+01 4.802799988E+01 2.354000092E+00 6.851399690E-02 4.554999992E-03
 1.435000013E-04 8.410000009E-05 2.021400034E-01 -3.429100000E+05 1.699000000E+04 1.604799957E+02 4.971600037E+02 -2.312199974E+01 6.068000031E+01 2.357800007E+00 6.755100191E-02 4.614899866E-03
 1.455500023E-04 8.397999773E-05 1.996300071E-01 -3.566400000E+05 1.919900000E+04 1.603399963E+02 4.973200073E+02 -2.340600014E+01 6.888899994E+01 2.359600067E+00 6.665699929E-02 4.672800191E-03
 1.476000034E-04 8.386000263E-05 1.971299946E-01 -3.736300000E+05 2.129900000E+04 1.602500000E+02 4.974299927E+02 -2.382299995E+01 6.265299988E+01 2.361000061E+00 6.578200310E-02 4.732099827E-03
 1.496500045E-04 8.374000026E-05 1.944999993E-01 -3.929400000E+05 2.211200000E+04 1.600599976E+02 4.978399963E+02 -2.433499908E+01 6.343399811E+01 2.364399910E+00 6.482700258E-02 4.796199966E-03
 1.517000055E-04 8.361999789E-05 1.922300011E-01 -4.204400000E+05 2.112600000E+04 1.601999969E+02 4.974800110E+02 -2.510700035E+01 6.064699936E+01 2.361900091E+00 6.412500143E-02 4.852700047E-03
 1.537500066E-04 8.350000280E-05 1.904799938E-01 -4.633600000E+05 2.366600000E+04 1.610299988E+02 4.960199890E+02 -2.552099991E+01 6.777600098E+01 2.348900080E+00 6.387399882E-02 4.897200037E-03
 1.557999931E-04 8.338000043E-05 1.911299974E-01 -6.051600000E+05 4.007500000E+04 1.654700012E+02 4.888399963E+02 -2.464800072E+01 1.258399963E+02 2.284399986E+00 6.587000191E-02 4.880699795E-03
 1.578499941E-04 8.325999806E-05 2.018000036E-01 -1.032600000E+06 8.536700000E+04 1.825500031E+02 4.592699890E+02 -2.147200012E+01 2.730599976E+02 2.050100088E+00 7.696899772E-02 4.632099997E-03
 1.598999952E-04 8.314000297E-05 2.448900044E-01 -1.469300000E+06 1.364300000E+05 2.198200073E+02 3.823299866E+02 -1.373400021E+01 5.296099854E+02 1.567800045E+00 1.138100028E-01 3.883899888E-03
 1.619499963E-04 8.302000060E-05 3.518500030E-01 -1.118100000E+06 1.086500000E+05 2.609299927E+02 2.730000000E+02 -2.247999907E+00 6.183400269E+02 1.023100019E+00 1.937900037E-01 2.771500032E-03
 1.639999973E-04 8.289999823E-05 4.957000017E-01 -3.720000000E+05 3.475000000E+04 2.843099976E+02 1.913399963E+02 6.221099854E+00 3.519200134E+02 6.826599836E-01 2.944200039E-01 1.921399962E-03
 1.660499984E-04 8.278000314E-05 5.918599963E-01 -6.543100000E+04 5.911200195E+03 2.923800049E+02 1.592799988E+02 8.636400223E+00 7.784500122E+01 5.599399805E-01 3.604499996E-01 1.579000033E-03
 1.680999994E-04 8.266000077E-05 6.215299964E-01 -1.637600000E+04 1.344500000E+03 2.941600037E+02 1.529299927E+02 8.094200134E+00 -2.914799929E+00 5.358700156E-01 3.807199895E-01 1.500900020E-03
 1.701500005E-04 8.253999840E-05 6.256300211E-01 -1.101600000E+04 3.470199951E+03 2.942399902E+02 1.532200012E+02 7.125199795E+00 -2.738199949E+00 5.366600156E-01 3.833400011E-01 1.490999945E-03
 1.722000015E-04 8.242000331E-05 6.249600053E-01 -9.157700195E+03 8.863299805E+03 2.942099915E+02 1.544400024E+02 5.915400028E+00 -3.736000061E+00 5.407699943E-01 3.828899860E-01 1.492599957E-03
 1.742500026E-04 8.230000094E-05 6.234400272E-01 -4.709799805E+03 7.805399902E+03 2.940299988E+02 1.555299988E+02 4.670100212E+00 -1.506099987E+01 5.445899963E-01 3.817200065E-01 1.496199984E-03
 1.763000037E-04 8.217999857E-05 6.220600009E-01 -5.218600098E+03 2.960100098E+02 2.938399963E+02 1.563999939E+02 4.136400223E+00 -2.892600060E+00 5.477600098E-01 3.806299865E-01 1.499500009E-03
 1.783500047E-04 8.206000348E-05 6.208500266E-01 -9.964000000E+03 -3.655899902E+03 2.937799988E+02 1.571499939E+02 3.484800100E+00 -1.655200005E+00 5.503799915E-01 3.798199892E-01 1.502500032E-03
 1.804000058E-04 8.194000111E-05 6.193000078E-01 -1.393700000E+04 8.402700043E+01 2.936900024E+02 1.579499969E+02 2.772500038E+00 1.147199988E+00 5.532000065E-01 3.787499964E-01 1.506199944E-03
 1.824500068E-04 8.181999874E-05 6.186100245E-01 -7.538799805E+03 2.166399902E+03 2.935400085E+02 1.584799957E+02 2.349200010E+00 1.756500053E+01 5.551800132E-01 3.781400025E-01 1.507899957E-03
 1.844999933E-04 8.169999637E-05 6.177099943E-01 -9.013200195E+03 2.434800049E+03 2.935400085E+02 1.587899933E+02 2.351900101E+00 3.962900162E+01 5.562700033E-01 3.775799870E-01 1.510099974E-03
 1.865499944E-04 8.158000128E-05 6.163399816E-01 -1.006600000E+04 7.109399902E+03 2.934400024E+02 1.589400024E+02 2.277400017E+00 4.396799850E+01 5.569000244E-01 3.766199946E-01 1.513499999E-03
 1.885999955E-04 8.145999891E-05 6.156200171E-01 -5.014799805E+03 1.443400000E+04 2.932799988E+02 1.590700073E+02 1.978800058E+00 3.168600082E+01 5.574799776E-01 3.759700060E-01 1.515200012E-03
 1.906499965E-04 8.133999654E-05 6.153600216E-01 -1.477599976E+03 3.996000000E+03 2.931099854E+02 1.594499969E+02 1.954900026E+00 3.525999832E+01 5.589799881E-01 3.755899966E-01 1.515900018E-03
 1.926999976E-04 8.122000145E-05 6.150599718E-01 -3.155600098E+03 1.910199951E+03 2.928200073E+02 1.598399963E+02 1.957999945E+00 4.490499878E+01 5.606099963E-01 3.750399947E-01 1.516600023E-03
 1.947499986E-04 8.109999908E-05 6.134799719E-01 -1.068400000E+04 1.289900000E+04 2.927999878E+02 1.603300018E+02 1.996700048E+00 5.018799973E+01 5.623800159E-01 3.740499914E-01 1.520500053E-03
 1.967999997E-04 8.097999671E-05 6.120700240E-01 -1.117200000E+04 7.447700195E+03 2.928900146E+02 1.608200073E+02 2.255500078E+00 5.083499908E+01 5.640000105E-01 3.733099997E-01 1.523999963E-03
 1.988500007E-04 8.086000162E-05 6.114500165E-01 -6.216399902E+03 3.280199951E+03 2.927099915E+02 1.611499939E+02 2.264300108E+00 4.394599915E+01 5.653399825E-01 3.727000058E-01 1.525599975E-03
 2.009000018E-04 8.073999925E-05 6.103199720E-01 -2.658100098E+03 2.957600098E+03 2.926300049E+02 1.615800018E+02 2.368700027E+00 2.231900024E+01 5.669100285E-01 3.719100058E-01 1.528399996E-03
 2.029500029E-04 8.061999688E-05 6.094499826E-01 3.039899902E+03 6.396600098E+03 2.923399963E+02 1.619600067E+02 2.965899944E+00 3.143099976E+01 5.685799718E-01 3.710199893E-01 1.530600013E-03
 2.050000039E-04 8.050000179E-05 6.092299819E-01 7.070500000E+03 1.111900000E+04 2.920000000E+02 1.621199951E+02 3.205399990E+00 4.874200058E+01 5.694699883E-01 3.704400063E-01 1.531100017E-03
 0.000000000E+00 8.733299910E-05 1.600700021E+00 -2.632800000E+04 3.507900085E+02 3.000000000E+02 1.273300018E+02 -1.574300051E+00 1.710000038E+01 4.329800010E-01 9.891300201E-01 5.891500041E-04
 2.049999921E-06 8.743999933E-05 1.596300006E+00 -1.546800000E+04 -2.470599976E+02 3.000499878E+02 1.261999969E+02 -1.203799963E+00 5.189599991E+01 4.331200123E-01 9.919499755E-01 5.875800271E-04
 4.099999842E-06 8.754699957E-05 1.591099977E+00 -9.259200195E+03 -1.745000000E+04 3.001199951E+02 1.255599976E+02 -6.088399887E-01 8.772499847E+01 4.349699914E-01 9.943699837E-01 5.862599937E-04
 6.149999990E-06 8.765300299E-05 1.590600014E+00 -4.454500000E+03 -6.775700195E+03 3.000299988E+02 1.265500031E+02 -8.775199950E-02 6.996399689E+01 4.384500086E-01 9.937700033E-01 5.864499835E-04
 8.199999684E-06 8.776000323E-05 1.588999987E+00 -1.399800000E+04 6.117600098E+03 2.999599915E+02 1.275500031E+02 3.567300141E-01 4.552099991E+01 4.419899881E-01 9.925500154E-01 5.870300229E-04
 1.024999983E-05 8.786700346E-05 1.585700035E+00 -2.495700000E+04 1.533900024E+03 2.998800049E+02 1.286699982E+02 8.513600230E-01 4.626599884E+01 4.459199905E-01 9.902399778E-01 5.882499972E-04
 1.229999998E-05 8.797299961E-05 1.583799958E+00 -6.031899902E+03 3.327600098E+03 2.997099915E+02 1.296999969E+02 1.139799953E+00 8.313400269E+01 4.496299922E-01 9.884899855E-01 5.889600143E-04
 1.435000013E-05 8.807999984E-05 1.580600023E+00 -3.069399902E+03 1.152000000E+04 2.997399902E+02 1.309199982E+02 1.306699991E+00 7.003800201E+01 4.538600147E-01 9.865900278E-01 5.901400000E-04
 1.639999937E-05 8.818700007E-05 1.576400042E+00 1.175199951E+03 9.677299805E+03 2.995100098E+02 1.324499969E+02 1.749300003E+00 1.898999977E+01 4.593600035E-01 9.831500053E-01 5.917500239E-04
 1.845000043E-05 8.829300350E-05 1.572000027E+00 -4.202000000E+03 -2.300000000E+04 2.989299927E+02 1.340399933E+02 2.196599960E+00 2.694599915E+01 4.653300047E-01 9.785599709E-01 5.933900247E-04
 2.049999966E-05 8.839999646E-05 1.568199992E+00 -1.433000000E+04 -1.866900000E+04 2.984100037E+02 1.358399963E+02 2.582099915E+00 4.846699905E+01 4.720000029E-01 9.744799733E-01 5.948300241E-04
 2.255000072E-05 8.850699669E-05 1.564000010E+00 -1.316400000E+04 4.657100098E+03 2.980400085E+02 1.380899963E+02 2.881500006E+00 5.169699860E+01 4.801500142E-01 9.707199931E-01 5.964000011E-04
 2.459999996E-05 8.861300012E-05 1.556699991E+00 3.719300049E+03 1.555300000E+04 2.977000122E+02 1.408699951E+02 3.257400036E+00 4.293500137E+01 4.901399910E-01 9.650300145E-01 5.992299994E-04
 2.664999920E-05 8.872000035E-05 1.548300028E+00 1.991000000E+04 -2.090699951E+03 2.972000122E+02 1.438500061E+02 3.798500061E+00 7.334100342E+01 5.009400249E-01 9.581900239E-01 6.024899776E-04
 2.870000026E-05 8.882700058E-05 1.538300037E+00 8.370799805E+03 -1.681900000E+04 2.966099854E+02 1.471799927E+02 4.222400188E+00 8.129699707E+01 5.130800009E-01 9.501500130E-01 6.063799956E-04
 3.075000132E-05 8.893299673E-05 1.527899981E+00 9.203799805E+03 5.519799805E+03 2.958500061E+02 1.508999939E+02 4.199399948E+00 9.914900208E+01 5.267000198E-01 9.413200021E-01 6.105100038E-04
 3.279999873E-05 8.903999696E-05 1.515599966E+00 1.591600000E+04 1.962900000E+04 2.951400146E+02 1.551499939E+02 4.250400066E+00 1.208399963E+02 5.422000289E-01 9.314500093E-01 6.154999719E-04
 3.484999979E-05 8.914699720E-05 1.500800014E+00 8.184700195E+03 3.645500000E+03 2.942799988E+02 1.601100006E+02 4.769000053E+00 7.040699768E+01 5.603899956E-01 9.196900129E-01 6.215500180E-04
 3.690000085E-05 8.925300062E-05 1.485200047E+00 2.310500000E+03 -2.821899902E+03 2.931300049E+02 1.655800018E+02 5.282400131E+00 4.480699921E+01 5.807200074E-01 9.066100121E-01 6.280799862E-04
 3.894999827E-05 8.936000086E-05 1.465899944E+00 4.556500000E+03 1.257400000E+04 2.918099976E+02 1.721499939E+02 5.602700233E+00 3.469499969E+01 6.051200032E-01 8.907999992E-01 6.363600260E-04
 4.099999933E-05 8.946700109E-05 1.442600012E+00 3.660100098E+03 1.023100000E+04 2.902600098E+02 1.798899994E+02 5.969999790E+00 8.492500305E+00 6.340399981E-01 8.719800115E-01 6.466499763E-04
 4.305000039E-05 8.957299724E-05 1.416100025E+00 1.071100000E+04 -5.009000000E+03 2.882699890E+02 1.884900055E+02 6.227000237E+00 5.456900001E-01 6.666700244E-01 8.501099944E-01 6.587699754E-04
 4.510000144E-05 8.967999747E-05 1.383800030E+00 2.636900000E+04 -5.477399902E+03 2.859299927E+02 1.983500061E+02 6.107399940E+00 6.517400360E+01 7.043600082E-01 8.239899874E-01 6.741899997E-04
 4.714999886E-05 8.978699771E-05 1.343400002E+00 4.008800000E+04 4.212399902E+03 2.832300110E+02 2.100399933E+02 5.930799961E+00 6.636699677E+01 7.493699789E-01 7.924000025E-01 6.945399800E-04
 4.919999992E-05 8.989300113E-05 1.295300007E+00 5.097000000E+04 8.103399902E+03 2.798800049E+02 2.237599945E+02 5.407299995E+00 1.300399971E+01 8.030300140E-01 7.550399899E-01 7.204299909E-04
 5.125000098E-05 9.000000136E-05 1.238000035E+00 5.705900000E+04 6.803299805E+03 2.756799927E+02 2.392500000E+02 4.207300186E+00 -2.702000046E+01 8.650500178E-01 7.108799815E-01 7.539400249E-04
 5.329999840E-05 8.990400238E-05 1.170799971E+00 6.031800000E+04 -7.644200195E+03 2.705199890E+02 2.565000000E+02 2.262099981E+00 -6.255899811E+01 9.361900091E-01 6.597599983E-01 7.974500186E-04
 5.534999946E-05 8.980800339E-05 1.096899986E+00 5.480100000E+04 -1.322600000E+04 2.647399902E+02 2.749800110E+02 -5.153499842E-01 -6.530899811E+01 1.014500022E+00 6.049500108E-01 8.514199872E-04
 5.740000051E-05 8.971199713E-05 1.019799948E+00 4.389300000E+04 -1.751800000E+04 2.585199890E+02 2.936000061E+02 -4.029399872E+00 -7.153600311E+01 1.096300006E+00 5.492600203E-01 9.160399786E-04
 5.945000157E-05 8.961599815E-05 9.421100020E-01 4.011900000E+04 -2.215200000E+04 2.518999939E+02 3.116000061E+02 -8.278800011E+00 -8.865599823E+01 1.179000020E+00 4.944599867E-01 9.917899733E-04
 6.150000263E-05 8.951999916E-05 8.662300110E-01 3.297600000E+04 -1.247200000E+04 2.451399994E+02 3.289400024E+02 -1.302999973E+01 -9.224099731E+01 1.262199998E+00 4.424600005E-01 1.078899950E-03
 6.354999641E-05 8.942400018E-05 7.948099971E-01 9.722599609E+03 -6.663299805E+03 2.386999969E+02 3.454599915E+02 -1.724300003E+01 -6.441799927E+01 1.343899965E+00 3.952899873E-01 1.175799989E-03
 6.559999747E-05 8.932800120E-05 7.301599979E-01 -1.066700000E+04 -5.847500000E+03 2.323800049E+02 3.605299988E+02 -2.090999985E+01 -3.485200119E+01 1.422099948E+00 3.535299897E-01 1.279799966E-03
 6.764999853E-05 8.923200221E-05 6.711500287E-01 -3.239800000E+04 -1.271100000E+04 2.261799927E+02 3.743699951E+02 -2.447699928E+01 -1.164200020E+01 1.497400045E+00 3.162899911E-01 1.392400009E-03
 6.969999959E-05 8.913600323E-05 6.170899868E-01 -5.974000000E+04 -1.360700000E+04 2.202599945E+02 3.871400146E+02 -2.725000000E+01 8.222999573E+00 1.569700003E+00 2.831999958E-01 1.514200005E-03
 7.175000064E-05 8.903999696E-05 5.698900223E-01 -7.596200000E+04 -1.357700043E+02 2.145700073E+02 3.984400024E+02 -2.951399994E+01 2.725499916E+01 1.637199998E+00 2.547700107E-01 1.639200025E-03
 7.380000170E-05 8.894399798E-05 5.277600288E-01 -8.973100000E+04 4.462000000E+03 2.093399963E+02 4.088500061E+02 -3.138800049E+01 2.955800056E+01 1.701099992E+00 2.301699966E-01 1.770199975E-03
 7.585000276E-05 8.884799900E-05 4.902999997E-01 -1.072700000E+05 2.967199951E+03 2.047700043E+02 4.180499878E+02 -3.256999969E+01 3.758800125E+01 1.758800030E+00 2.091500014E-01 1.904799952E-03
 7.789999654E-05 8.875200001E-05 4.583700001E-01 -1.273000000E+05 8.875000000E+03 2.006999969E+02 4.261199951E+02 -3.322600174E+01 5.718500137E+01 1.810799956E+00 1.916300058E-01 2.037199913E-03
 7.994999760E-05 8.865600103E-05 4.299899936E-01 -1.371600000E+05 1.587400000E+04 1.969199982E+02 4.335899963E+02 -3.346400070E+01 6.738700104E+01 1.860000014E+00 1.763699949E-01 2.171499887E-03
 8.199999866E-05 8.856000204E-05 4.046300054E-01 -1.367400000E+05 1.991400000E+04 1.933099976E+02 4.403500061E+02 -3.331700134E+01 7.112000275E+01 1.906399965E+00 1.629299968E-01 2.307299990E-03
 8.404999971E-05 8.846400306E-05 3.826999962E-01 -1.414900000E+05 1.813400000E+04 1.900599976E+02 4.460899963E+02 -3.289500046E+01 8.290399933E+01 1.947299957E+00 1.515000015E-01 2.439100062E-03
 8.610000077E-05 8.836799680E-05 3.635100126E-01 -1.549000000E+05 1.594200000E+04 1.872100067E+02 4.510700073E+02 -3.195400047E+01 9.243599701E+01 1.983600020E+00 1.417399943E-01 2.567700110E-03
 8.815000183E-05 8.827199781E-05 3.466500044E-01 -1.675700000E+05 1.879400000E+04 1.847299957E+02 4.556400146E+02 -3.064999962E+01 9.591799927E+01 2.016599894E+00 1.333699971E-01 2.692200011E-03
 9.020000289E-05 8.817599883E-05 3.323599994E-01 -1.804200000E+05 1.721600000E+04 1.825099945E+02 4.595499878E+02 -2.948800087E+01 8.258799744E+01 2.045799971E+00 1.263300031E-01 2.807799960E-03
 9.224999667E-05 8.807999984E-05 3.197799921E-01 -1.873100000E+05 1.505700000E+04 1.803600006E+02 4.633500061E+02 -2.797800064E+01 7.641699982E+01 2.074500084E+00 1.201099977E-01 2.918099985E-03
 9.429999773E-05 8.798400086E-05 3.085300028E-01 -1.929100000E+05 1.661500000E+04 1.785200043E+02 4.668599854E+02 -2.606399918E+01 7.926200104E+01 2.100300074E+00 1.146999970E-01 3.024399979E-03
 9.634999878E-05 8.788800187E-05 2.987700105E-01 -2.069900000E+05 1.663400000E+04 1.770099945E+02 4.697999878E+02 -2.415900040E+01 7.822899628E+01 2.121999979E+00 1.101299971E-01 3.122899914E-03
 9.839999984E-05 8.779200289E-05 2.903000116E-01 -2.133000000E+05 1.430200000E+04 1.755000000E+02 4.722900085E+02 -2.241200066E+01 7.263899994E+01 2.141999960E+00 1.061000004E-01 3.213899909E-03
 1.004500009E-04 8.769599663E-05 2.828199863E-01 -2.088600000E+05 1.345300000E+04 1.740399933E+02 4.745000000E+02 -2.105299950E+01 5.548199844E+01 2.160700083E+00 1.025099978E-01 3.298700089E-03
 1.025000020E-04 8.759999764E-05 2.761999965E-01 -2.040100000E+05 1.475900000E+04 1.728000031E+02 4.765400085E+02 -1.975900078E+01 5.572399902E+01 2.177500010E+00 9.939400107E-02 3.377800109E-03
 1.045500030E-04 8.750399866E-05 2.700000107E-01 -2.042500000E+05 1.558800000E+04 1.716999969E+02 4.785499878E+02 -1.822299957E+01 6.371099854E+01 2.193399906E+00 9.653799981E-02 3.455400001E-03
 1.065999968E-04 8.740799967E-05 2.644299865E-01 -2.072100000E+05 1.390100000E+04 1.708000031E+02 4.801400146E+02 -1.708300018E+01 5.278699875E+01 2.206199884E+00 9.405399859E-02 3.528000088E-03
 1.086499979E-04 8.731200069E-05 2.595199943E-01 -2.144400000E+05 9.716599609E+03 1.700200043E+02 4.814200134E+02 -1.638199997E+01 4.537200165E+01 2.217099905E+00 9.188400209E-02 3.594700014E-03
 1.106999989E-04 8.721600170E-05 2.546199858E-01 -2.267600000E+05 8.251299805E+03 1.692500000E+02 4.827799988E+02 -1.570699978E+01 4.529199982E+01 2.228300095E+00 8.974199742E-02 3.663900075E-03
 1.127500000E-04 8.712000272E-05 2.500399947E-01 -2.262400000E+05 6.720200195E+03 1.684400024E+02 4.840799866E+02 -1.493700027E+01 3.541799927E+01 2.239500046E+00 8.770900220E-02 3.730899887E-03
 1.148000010E-04 8.702399646E-05 2.459100038E-01 -2.223500000E+05 6.376899902E+03 1.675399933E+02 4.854100037E+02 -1.425300026E+01 3.158900070E+01 2.251600027E+00 8.579599857E-02 3.793499898E-03
 1.168500021E-04 8.692799747E-05 2.419999987E-01 -2.237300000E+05 1.041100000E+04 1.667299957E+02 4.868099976E+02 -1.406400013E+01 3.231000137E+01 2.263499975E+00 8.402100205E-02 3.854899900E-03
 1.189000031E-04 8.683199849E-05 2.383199930E-01 -2.214500000E+05 1.077000000E+04 1.659299927E+02 4.881400146E+02 -1.410999966E+01 3.117000008E+01 2.275199890E+00 8.234699816E-02 3.914299887E-03
 1.209499969E-04 8.673599950E-05 2.347400039E-01 -2.215500000E+05 3.424899902E+03 1.650599976E+02 4.895700073E+02 -1.455099964E+01 2.021100044E+01 2.287899971E+00 8.068600297E-02 3.974100109E-03
 1.230000053E-04 8.664000052E-05 2.312200069E-01 -2.231400000E+05 4.065299988E+02 1.643000031E+02 4.910499878E+02 -1.503600025E+01 1.121899986E+01 2.300199986E+00 7.911299914E-02 4.034399986E-03
 1.250500063E-04 8.654400153E-05 2.279500067E-01 -2.215500000E+05 3.863800049E+03 1.636499939E+02 4.923699951E+02 -1.515600014E+01 1.855699921E+01 2.311000109E+00 7.768200338E-02 4.092299845E-03
 1.270999928E-04 8.644800255E-05 2.249799967E-01 -2.261500000E+05 6.989200195E+03 1.631300049E+02 4.931099854E+02 -1.541600037E+01 2.870700073E+01 2.318099976E+00 7.642699778E-02 4.146399908E-03
 1.291499939E-04 8.635200356E-05 2.219199985E-01 -2.293400000E+05 6.252700195E+03 1.625000000E+02 4.940799866E+02 -1.578600025E+01 2.529100037E+01 2.327199936E+00 7.509899884E-02 4.203500226E-03
 1.311999949E-04 8.625599730E-05 2.187400013E-01 -2.303100000E+05 7.580700195E+03 1.617299957E+02 4.954599915E+02 -1.620899963E+01 2.009300041E+01 2.339400053E+00 7.367099822E-02 4.264600109E-03
 1.332499960E-04 8.615999832E-05 2.157000005E-01 -2.394700000E+05 9.627299805E+03 1.612299957E+02 4.963500061E+02 -1.653400040E+01 2.078100014E+01 2.347199917E+00 7.242400199E-02 4.324600101E-03
 1.352999971E-04 8.606399933E-05 2.130399942E-01 -2.534000000E+05 1.097200000E+04 1.610299988E+02 4.966700134E+02 -1.685400009E+01 2.771800041E+01 2.350300074E+00 7.143799961E-02 4.378700163E-03
 1.373499981E-04 8.596800035E-05 2.106100023E-01 -2.759200000E+05 1.323700000E+04 1.609799957E+02 4.965599976E+02 -1.736499977E+01 3.690599823E+01 2.350199938E+00 7.060199976E-02 4.429200199E-03
 1.393999992E-04 8.587200136E-05 2.079599947E-01 -3.040800000E+05 1.122700000E+04 1.610200043E+02 4.967399902E+02 -1.785700035E+01 3.572000122E+01 2.350899935E+00 6.972999871E-02 4.485600162E-03
 1.414500002E-04 8.577600238E-05 2.052199990E-01 -3.239700000E+05 8.597200195E+03 1.609100037E+02 4.973500061E+02 -1.824300003E+01 3.459400177E+01 2.354599953E+00 6.876700372E-02 4.545500036E-03
 1.435000013E-04 8.568000339E-05 2.025599927E-01 -3.409900000E+05 1.058300000E+04 1.606900024E+02 4.978399963E+02 -1.849200058E+01 3.964500046E+01 2.358599901E+00 6.778199971E-02 4.605200142E-03
 1.455500023E-04 8.558399713E-05 2.000900060E-01 -3.555200000E+05 1.343500000E+04 1.604400024E+02 4.979899902E+02 -1.889800072E+01 4.424100113E+01 2.361200094E+00 6.684900075E-02 4.662199877E-03
 1.476000034E-04 8.548799815E-05 1.978300065E-01 -3.668800000E+05 1.871200000E+04 1.602200012E+02 4.978500061E+02 -1.921199989E+01 5.066899872E+01 2.362200022E+00 6.600700319E-02 4.715200048E-03
 1.496500045E-04 8.539199916E-05 1.953900009E-01 -3.812100000E+05 2.237900000E+04 1.599900055E+02 4.981600037E+02 -1.946999931E+01 5.385699844E+01 2.365400076E+00 6.509999931E-02 4.774199799E-03
 1.517000055E-04 8.529600018E-05 1.928800046E-01 -4.043600000E+05 1.852400000E+04 1.600299988E+02 4.984599915E+02 -1.994199944E+01 5.059999847E+01 2.366699934E+00 6.427600235E-02 4.836299922E-03
 1.537500066E-04 8.520000119E-05 1.909299940E-01 -4.496400000E+05 1.691200000E+04 1.608600006E+02 4.971900024E+02 -2.034199905E+01 5.142300034E+01 2.354599953E+00 6.395699829E-02 4.885599948E-03
 1.557999931E-04 8.510400221E-05 1.909700036E-01 -5.788300000E+05 2.753100000E+04 1.647400055E+02 4.909100037E+02 -2.014200020E+01 8.079699707E+01 2.297899961E+00 6.551799923E-02 4.884799942E-03
 1.578499941E-04 8.500800323E-05 2.003699988E-01 -9.903000000E+05 6.126800000E+04 1.804299927E+02 4.637999878E+02 -1.818300056E+01 1.830599976E+02 2.080899954E+00 7.550600171E-02 4.664000124E-03
 1.598999952E-04 8.491199696E-05 2.397000045E-01 -1.476900000E+06 1.048000000E+05 2.163300018E+02 3.908500061E+02 -1.243000031E+01 3.906000061E+02 1.614199996E+00 1.094899997E-01 3.957100213E-03
 1.619499963E-04 8.481599798E-05 3.408699930E-01 -1.193600000E+06 9.295800000E+04 2.582099915E+02 2.821000061E+02 -3.333300114E+00 4.845400085E+02 1.063599944E+00 1.859900057E-01 2.858999884E-03
 1.639999973E-04 8.471999899E-05 4.848200083E-01 -4.243900000E+05 3.234100000E+04 2.833399963E+02 1.957599945E+02 4.151700020E+00 2.958800049E+02 6.995800138E-01 2.870900035E-01 1.969600096E-03
 1.660499984E-04 8.462400001E-05 5.878400207E-01 -7.253800000E+04 3.395000000E+03 2.920400085E+02 1.602100067E+02 7.054900169E+00 7.912000275E+01 5.632799864E-01 3.576099873E-01 1.590900007E-03
 1.680999994E-04 8.452800103E-05 6.223999858E-01 -2.145100000E+04 3.700899963E+02 2.942699890E+02 1.526900024E+02 6.842100143E+00 7.256999969E+00 5.347300172E-01 3.813999891E-01 1.498800004E-03
 1.701500005E-04 8.443200204E-05 6.274600029E-01 -1.148400000E+04 1.153599976E+03 2.944800110E+02 1.528699951E+02 5.924900055E+00 -2.292200089E+00 5.350300074E-01 3.847799897E-01 1.486600027E-03
 1.722000015E-04 8.433600306E-05 6.263599992E-01 -6.616399902E+03 5.584899902E+03 2.943999939E+02 1.542799988E+02 5.000400066E+00 -8.096500397E+00 5.399100184E-01 3.840000033E-01 1.489200047E-03
 1.742500026E-04 8.423999680E-05 6.240900159E-01 -1.301800049E+03 5.742399902E+03 2.942300110E+02 1.556199951E+02 4.128499985E+00 -1.337399960E+01 5.446699858E-01 3.823800087E-01 1.494699973E-03
 1.763000037E-04 8.414399781E-05 6.227599978E-01 3.497100098E+03 -2.180300049E+03 2.938800049E+02 1.566100006E+02 3.599499941E+00 -3.917799890E-01 5.484099984E-01 3.811199963E-01 1.497799996E-03
 1.783500047E-04 8.404799883E-05 6.215299964E-01 3.006899902E+03 -5.187200195E+03 2.937799988E+02 1.574199982E+02 2.950400114E+00 -4.975699902E+00 5.512899756E-01 3.802300096E-01 1.500800019E-03
 1.804000058E-04 8.395199984E-05 6.196500063E-01 -3.358600098E+03 9.995300293E+02 2.937099915E+02 1.583300018E+02 2.412800074E+00 -4.711599827E+00 5.545099974E-01 3.790000081E-01 1.505400054E-03
 1.824500068E-04 8.385600086E-05 6.191499829E-01 -6.796200195E+03 5.203700195E+03 2.934599915E+02 1.588099976E+02 2.144000053E+00 1.478500009E+00 5.564200282E-01 3.783600032E-01 1.506599947E-03
 1.844999933E-04 8.376000187E-05 6.184499860E-01 -5.680500000E+03 4.942700195E+03 2.933699951E+02 1.591699982E+02 2.243200064E+00 6.360899806E-01 5.577499866E-01 3.778199852E-01 1.508299960E-03
 1.865499944E-04 8.366400289E-05 6.169400215E-01 -5.389700195E+03 9.138200195E+03 2.933399963E+02 1.598099976E+02 2.210700035E+00 9.512000084E+00 5.600299835E-01 3.768599927E-01 1.511999988E-03
 1.885999955E-04 8.356799663E-05 6.157400012E-01 -4.193899902E+03 1.630000000E+04 2.932300110E+02 1.603300018E+02 1.691100001E+00 2.269899940E+01 5.619300008E-01 3.759799898E-01 1.514900010E-03
 1.906499965E-04 8.347199764E-05 6.150799990E-01 3.425000000E+03 6.697700195E+03 2.930499878E+02 1.608000031E+02 1.434399962E+00 3.121400070E+01 5.637400150E-01 3.753400147E-01 1.516600023E-03
 1.926999976E-04 8.337599866E-05 6.145600080E-01 8.783599609E+03 1.823400024E+03 2.928099976E+02 1.613099976E+02 1.730599999E+00 3.245000076E+01 5.657600164E-01 3.747200072E-01 1.517800032E-03
 1.947499986E-04 8.327999967E-05 6.134799719E-01 5.873600098E+03 5.953899902E+03 2.927799988E+02 1.617500000E+02 1.811599970E+00 3.481900024E+01 5.673699975E-01 3.740200102E-01 1.520500053E-03
 1.967999997E-04 8.318400069E-05 6.125599742E-01 2.429199951E+03 1.750599976E+03 2.928500061E+02 1.622599945E+02 1.835600019E+00 4.656299973E+01 5.690699816E-01 3.735499978E-01 1.522799954E-03
 1.988500007E-04 8.308800170E-05 6.113700271E-01 -4.031799927E+02 -1.800199951E+03 2.926600037E+02 1.629299927E+02 1.951500058E+00 3.309099960E+01 5.716199875E-01 3.725900054E-01 1.525799977E-03
 2.009000018E-04 8.299200272E-05 6.098600030E-01 -4.561799805E+03 -2.797300110E+02 2.924400024E+02 1.636999969E+02 2.079600096E+00 1.685400009E+01 5.745499730E-01 3.713800013E-01 1.529500005E-03
 2.029500029E-04 8.289599646E-05 6.093699932E-01 -1.004099976E+03 6.629200195E+03 2.921199951E+02 1.642700043E+02 2.381099939E+00 4.373199844E+01 5.768499970E-01 3.706899881E-01 1.530800015E-03
 2.050000039E-04 8.279999747E-05 6.096000075E-01 3.775899902E+03 1.167700000E+04 2.918699951E+02 1.644400024E+02 2.392499924E+00 5.161800003E+01 5.777300000E-01 3.705100119E-01 1.530200010E-03
 0.000000000E+00 8.849999722E-05 1.600700021E+00 -1.785400000E+04 9.250400391E+03 3.000000000E+02 1.300899963E+02 -1.854200006E+00 9.313700104E+01 4.422500134E-01 9.886299968E-01 5.892299814E-04
 2.049999921E-06 8.857999637E-05 1.596300006E+00 -1.056100000E+04 2.738399902E+03 3.000199890E+02 1.287899933E+02 -1.450099945E+00 1.113199997E+02 4.419699907E-01 9.916099906E-01 5.876100040E-04
 4.099999842E-06 8.866000280E-05 1.590899944E+00 -1.132800000E+04 -2.061200000E+04 3.000100098E+02 1.279199982E+02 -9.209100008E-01 1.374799957E+02 4.432500005E-01 9.939100146E-01 5.863300175E-04
 6.149999990E-06 8.874000196E-05 1.589200020E+00 -1.229100000E+04 -1.302000000E+04 2.999500122E+02 1.287400055E+02 -4.608300030E-01 1.100000000E+02 4.460999966E-01 9.926499724E-01 5.869499873E-04
 8.199999684E-06 8.882000111E-05 1.588199973E+00 -1.659900000E+04 2.816300049E+03 2.997900085E+02 1.293899994E+02 9.821700305E-02 7.417700195E+01 4.484800100E-01 9.914500117E-01 5.873399787E-04
 1.024999983E-05 8.890000026E-05 1.586799979E+00 -1.313300000E+04 6.496899902E+03 2.996000061E+02 1.301300049E+02 5.424500108E-01 7.841899872E+01 4.511800110E-01 9.899799824E-01 5.878399825E-04
 1.229999998E-05 8.897999942E-05 1.584400058E+00 1.481699951E+03 -1.795800049E+03 2.994899902E+02 1.311799927E+02 7.543799877E-01 8.145800018E+01 4.549199939E-01 9.881299734E-01 5.887399893E-04
 1.435000013E-05 8.905999857E-05 1.580899954E+00 -1.012900024E+03 -1.070600000E+04 2.994800110E+02 1.323899994E+02 8.927199841E-01 4.503200150E+01 4.591200054E-01 9.858599901E-01 5.900600227E-04
 1.639999937E-05 8.913999773E-05 1.576799989E+00 2.215399933E+01 -2.729699951E+03 2.993099976E+02 1.336300049E+02 1.292299986E+00 2.303199959E+01 4.635599852E-01 9.827700257E-01 5.915900110E-04
 1.845000043E-05 8.921999688E-05 1.571900010E+00 -9.962099609E+03 -1.169100000E+04 2.989400024E+02 1.352100067E+02 1.723899961E+00 4.107799911E+01 4.693500102E-01 9.785299897E-01 5.934200017E-04
 2.049999966E-05 8.930000331E-05 1.567000031E+00 -9.143599609E+03 -3.193300049E+03 2.985100098E+02 1.370399933E+02 1.927000046E+00 1.888999939E+01 4.760499895E-01 9.740800261E-01 5.952600040E-04
 2.255000072E-05 8.938000246E-05 1.563699961E+00 7.673700195E+03 1.257400000E+04 2.980100098E+02 1.389199982E+02 2.056200027E+00 2.431299973E+01 4.830200076E-01 9.704200029E-01 5.965200253E-04
 2.459999996E-05 8.946000162E-05 1.557299972E+00 1.227500000E+04 1.363100000E+04 2.976199951E+02 1.414100037E+02 2.398999929E+00 9.062800407E+00 4.920200109E-01 9.651200175E-01 5.990000209E-04
 2.664999920E-05 8.954000077E-05 1.547099948E+00 9.380799805E+03 -5.902500000E+03 2.972799988E+02 1.446000061E+02 2.917000055E+00 3.041500092E+01 5.034400225E-01 9.577599764E-01 6.029200158E-04
 2.870000026E-05 8.961999993E-05 1.537299991E+00 3.077500000E+03 -1.162500000E+04 2.966400146E+02 1.480899963E+02 3.253599882E+00 6.793099976E+01 5.161499977E-01 9.496200085E-01 6.067900104E-04
 3.075000132E-05 8.969999908E-05 1.527699947E+00 1.144300000E+04 1.013199997E+02 2.958599854E+02 1.518099976E+02 3.186800003E+00 6.093999863E+01 5.297899842E-01 9.411900043E-01 6.106100045E-04
 3.279999873E-05 8.977999823E-05 1.515699983E+00 2.317000000E+04 8.787200195E+03 2.950199890E+02 1.559900055E+02 3.138900042E+00 8.429199982E+01 5.451499820E-01 9.311800003E-01 6.154199946E-04
 3.484999979E-05 8.985999739E-05 1.500699997E+00 1.814700000E+04 4.232399902E+03 2.939700012E+02 1.608800049E+02 3.597800016E+00 4.863299942E+01 5.632699728E-01 9.186999798E-01 6.215799949E-04
 3.690000085E-05 8.993999654E-05 1.484699965E+00 2.160699951E+03 -1.823400024E+03 2.929800110E+02 1.664799957E+02 3.982500076E+00 9.303999901E+00 5.838800073E-01 9.058099985E-01 6.283100229E-04
 3.894999827E-05 9.002000297E-05 1.465700030E+00 -6.144600098E+03 5.374200195E+03 2.918299866E+02 1.730099945E+02 4.166699886E+00 -8.078700066E+00 6.080099940E-01 8.906999826E-01 6.364699802E-04
 4.099999933E-05 9.010000213E-05 1.441799998E+00 3.453100098E+03 4.067100098E+03 2.902900085E+02 1.807200012E+02 4.470200062E+00 1.593500042E+01 6.367800236E-01 8.715699911E-01 6.470300141E-04
 4.305000039E-05 9.018000128E-05 1.415400028E+00 8.158600098E+03 -2.247899902E+03 2.882600098E+02 1.893600006E+02 4.643000126E+00 5.912099838E+01 6.695700288E-01 8.496800065E-01 6.590799894E-04
 4.510000144E-05 9.026000043E-05 1.384299994E+00 2.317800000E+04 -3.085800049E+03 2.858800049E+02 1.991199951E+02 4.612699986E+00 5.897100067E+01 7.070000172E-01 8.241199851E-01 6.739600212E-04
 4.714999886E-05 9.033999959E-05 1.344200015E+00 5.184900000E+04 1.098800000E+04 2.832200012E+02 2.105700073E+02 4.450600147E+00 5.019499969E+01 7.511399984E-01 7.928299904E-01 6.941399770E-04
 4.919999992E-05 9.041999874E-05 1.296200037E+00 5.347200000E+04 1.062400000E+04 2.799299927E+02 2.239900055E+02 4.040800095E+00 2.343400002E+01 8.036800027E-01 7.556800246E-01 7.199299871E-04
 5.125000098E-05 9.049999790E-05 1.238999963E+00 4.908500000E+04 3.018500000E+03 2.757500000E+02 2.392400055E+02 3.114799976E+00 -4.645599842E+00 8.648300171E-01 7.116100192E-01 7.533599855E-04
 5.329999840E-05 9.042800230E-05 1.172199965E+00 6.015300000E+04 1.955099976E+03 2.708200073E+02 2.563699951E+02 1.674800038E+00 -1.501000023E+01 9.351300001E-01 6.612600088E-01 7.964899996E-04
 5.534999946E-05 9.035599942E-05 1.099200010E+00 6.949800000E+04 -1.054400000E+04 2.652000122E+02 2.746099854E+02 -3.968400061E-01 -3.559299850E+01 1.012300014E+00 6.072700024E-01 8.496100199E-04
 5.740000051E-05 9.028399654E-05 1.023200035E+00 5.973700000E+04 -1.827900000E+04 2.589100037E+02 2.931900024E+02 -3.015300035E+00 -5.418600082E+01 1.093899965E+00 5.519199967E-01 9.129199898E-04
 5.945000157E-05 9.021200094E-05 9.467499852E-01 4.092000000E+04 -1.696100000E+04 2.523500061E+02 3.114100037E+02 -6.070799828E+00 -6.211700058E+01 1.177000046E+00 4.977700114E-01 9.868700290E-04
 6.150000263E-05 9.013999806E-05 8.714600205E-01 2.649900000E+04 -1.682100000E+04 2.455899963E+02 3.286499939E+02 -9.607999802E+00 -5.634700012E+01 1.259500027E+00 4.459500015E-01 1.072300016E-03
 6.354999641E-05 9.006800246E-05 7.994599938E-01 1.069300000E+04 -1.141800000E+04 2.388899994E+02 3.450199890E+02 -1.290600014E+01 -3.323400116E+01 1.340899944E+00 3.979400098E-01 1.169000054E-03
 6.559999747E-05 8.999599959E-05 7.341200113E-01 -3.911000000E+03 -6.252200195E+03 2.325899963E+02 3.602200012E+02 -1.564599991E+01 -2.018300056E+01 1.419199944E+00 3.557699919E-01 1.272800029E-03
 6.764999853E-05 8.992399671E-05 6.752700210E-01 -2.918700000E+04 -6.797600098E+03 2.265000000E+02 3.742000122E+02 -1.814800072E+01 -6.736700058E+00 1.494300008E+00 3.186700046E-01 1.383799943E-03
 6.969999959E-05 8.985200111E-05 6.208800077E-01 -5.719900000E+04 -6.475100098E+03 2.204900055E+02 3.871300049E+02 -2.039200020E+01 1.630400085E+01 1.567199945E+00 2.852399945E-01 1.505000051E-03
 7.175000064E-05 8.977999823E-05 5.728999972E-01 -7.435700000E+04 1.952599976E+03 2.148899994E+02 3.985000000E+02 -2.219300079E+01 1.816500092E+01 1.634299994E+00 2.564800084E-01 1.630599960E-03
 7.380000170E-05 8.970800263E-05 5.308600068E-01 -9.054100000E+04 4.317200195E+03 2.096999969E+02 4.088099976E+02 -2.349300003E+01 1.815399933E+01 1.697299957E+00 2.319200039E-01 1.759700011E-03
 7.585000276E-05 8.963599976E-05 4.931200147E-01 -1.085900000E+05 4.002199936E+01 2.049400024E+02 4.181799927E+02 -2.451499939E+01 3.389699936E+01 1.756299973E+00 2.105299979E-01 1.894099987E-03
 7.789999654E-05 8.956399688E-05 4.602099955E-01 -1.221500000E+05 3.189500000E+03 2.007500000E+02 4.263599854E+02 -2.513800049E+01 4.566699982E+01 1.809299946E+00 1.924500018E-01 2.029099967E-03
 7.994999760E-05 8.949200128E-05 4.312900007E-01 -1.292000000E+05 6.716899902E+03 1.968600006E+02 4.338999939E+02 -2.509900093E+01 5.044800186E+01 1.859200001E+00 1.768600047E-01 2.164999954E-03
 8.199999866E-05 8.941999840E-05 4.052399993E-01 -1.307100000E+05 1.254400000E+04 1.931499939E+02 4.409400024E+02 -2.497699928E+01 4.495299911E+01 1.907299995E+00 1.630399972E-01 2.304000081E-03
 8.404999971E-05 8.934800280E-05 3.824500144E-01 -1.362500000E+05 1.340900000E+04 1.898200073E+02 4.471000061E+02 -2.491099930E+01 4.601300049E+01 1.950700045E+00 1.512099952E-01 2.440799959E-03
 8.610000077E-05 8.927599993E-05 3.630200028E-01 -1.523700000E+05 1.194700000E+04 1.869700012E+02 4.522900085E+02 -2.420899963E+01 6.521199799E+01 1.988100052E+00 1.413599998E-01 2.571200021E-03
 8.815000183E-05 8.920399705E-05 3.463400006E-01 -1.639300000E+05 1.597600000E+04 1.844600067E+02 4.567500000E+02 -2.323699951E+01 6.944400024E+01 2.020999908E+00 1.330499947E-01 2.694600029E-03
 9.020000289E-05 8.913200145E-05 3.314000070E-01 -1.762500000E+05 1.065600000E+04 1.822200012E+02 4.608299866E+02 -2.252700043E+01 5.061399841E+01 2.051399946E+00 1.257700026E-01 2.816099906E-03
 9.224999667E-05 8.905999857E-05 3.180800080E-01 -1.877300000E+05 8.109000000E+03 1.800800018E+02 4.646600037E+02 -2.140299988E+01 5.554299927E+01 2.080300093E+00 1.192900017E-01 2.933700103E-03
 9.429999773E-05 8.898800297E-05 3.064500093E-01 -1.923700000E+05 1.342400000E+04 1.781199951E+02 4.679700012E+02 -1.971599960E+01 6.795600128E+01 2.106300116E+00 1.136799976E-01 3.044900019E-03
 9.634999878E-05 8.891600010E-05 2.964999974E-01 -2.018100000E+05 1.599600000E+04 1.765700073E+02 4.707399902E+02 -1.828899956E+01 6.409100342E+01 2.127700090E+00 1.090200022E-01 3.146700095E-03
 9.839999984E-05 8.884399722E-05 2.883099914E-01 -2.057700000E+05 1.240300000E+04 1.751000061E+02 4.730299988E+02 -1.711899948E+01 4.874200058E+01 2.146800041E+00 1.051400006E-01 3.235999960E-03
 1.004500009E-04 8.877200162E-05 2.809399962E-01 -1.987600000E+05 8.967299805E+03 1.735899963E+02 4.752799988E+02 -1.597299957E+01 3.461100006E+01 2.166199923E+00 1.015599966E-01 3.320900025E-03
 1.025000020E-04 8.869999874E-05 2.740600109E-01 -1.971500000E+05 9.250299805E+03 1.723000031E+02 4.776499939E+02 -1.485700035E+01 3.937699890E+01 2.184999943E+00 9.833399951E-02 3.404200077E-03
 1.045500030E-04 8.862800314E-05 2.680599988E-01 -2.031700000E+05 1.110500000E+04 1.712799988E+02 4.795799866E+02 -1.356200027E+01 4.963199997E+01 2.200000048E+00 9.561300278E-02 3.480199957E-03
 1.065999968E-04 8.855600026E-05 2.629500031E-01 -2.067600000E+05 1.206100000E+04 1.704799957E+02 4.809200134E+02 -1.264900017E+01 4.793899918E+01 2.211299896E+00 9.334699810E-02 3.547800006E-03
 1.086499979E-04 8.848399739E-05 2.580800056E-01 -2.110100000E+05 8.784099609E+03 1.696699982E+02 4.821199951E+02 -1.189000034E+01 3.467699814E+01 2.221999884E+00 9.118500352E-02 3.614800051E-03
 1.106999989E-04 8.841200179E-05 2.533299923E-01 -2.197400000E+05 6.666200195E+03 1.688899994E+02 4.832600098E+02 -1.127299976E+01 2.267000008E+01 2.232300043E+00 8.909299970E-02 3.682499984E-03
 1.127500000E-04 8.833999891E-05 2.489300072E-01 -2.211900000E+05 4.983799805E+03 1.680099945E+02 4.846000061E+02 -1.086699963E+01 1.707900047E+01 2.244299889E+00 8.709300309E-02 3.747500014E-03
 1.148000010E-04 8.826800331E-05 2.452400029E-01 -2.210500000E+05 3.976000000E+03 1.672400055E+02 4.857399902E+02 -1.052700043E+01 1.933600044E+01 2.254699945E+00 8.540800214E-02 3.803699976E-03
 1.168500021E-04 8.819600043E-05 2.418199927E-01 -2.178200000E+05 7.371000000E+03 1.666100006E+02 4.870599976E+02 -1.052700043E+01 1.994099998E+01 2.265100002E+00 8.389800042E-02 3.857699921E-03
 1.189000031E-04 8.812399756E-05 2.383500040E-01 -2.143700000E+05 8.916799805E+03 1.659400024E+02 4.885100098E+02 -1.046100044E+01 2.651499939E+01 2.276400089E+00 8.236300200E-02 3.913800232E-03
 1.209499969E-04 8.805200196E-05 2.349600047E-01 -2.195900000E+05 4.767600098E+03 1.652599945E+02 4.897099915E+02 -1.070199966E+01 2.461100006E+01 2.286700010E+00 8.085999638E-02 3.970299847E-03
 1.230000053E-04 8.797999908E-05 2.313600034E-01 -2.218700000E+05 2.535600098E+03 1.643500061E+02 4.911700134E+02 -1.114500046E+01 1.328199959E+01 2.299999952E+00 7.918000221E-02 4.032100085E-03
 1.250500063E-04 8.790800348E-05 2.278899997E-01 -2.210400000E+05 2.226500000E+03 1.635099945E+02 4.927000122E+02 -1.128499985E+01 1.462399960E+01 2.312999964E+00 7.759399712E-02 4.093499854E-03
 1.270999928E-04 8.783600060E-05 2.252400070E-01 -2.276200000E+05 5.245200195E+03 1.630599976E+02 4.932500000E+02 -1.159899998E+01 2.373100090E+01 2.318900108E+00 7.647799700E-02 4.141500220E-03
 1.291499939E-04 8.776399773E-05 2.223799974E-01 -2.305300000E+05 6.031100098E+03 1.625000000E+02 4.940100098E+02 -1.195400047E+01 2.295999908E+01 2.326499939E+00 7.525099814E-02 4.194899928E-03
 1.311999949E-04 8.769200213E-05 2.190800011E-01 -2.286400000E+05 6.332600098E+03 1.617400055E+02 4.953800049E+02 -1.217899990E+01 1.989200020E+01 2.338399887E+00 7.379099727E-02 4.257900175E-03
 1.332499960E-04 8.761999925E-05 2.162899971E-01 -2.371300000E+05 7.623700195E+03 1.612299957E+02 4.963099976E+02 -1.253600025E+01 1.906500053E+01 2.346499920E+00 7.261800021E-02 4.312799778E-03
 1.352999971E-04 8.754799637E-05 2.137600034E-01 -2.498100000E+05 7.400399902E+03 1.610099945E+02 4.967600098E+02 -1.279699993E+01 2.749099922E+01 2.350300074E+00 7.167199999E-02 4.363900051E-03
 1.373499981E-04 8.747600077E-05 2.113700062E-01 -2.714100000E+05 9.936500000E+03 1.610099945E+02 4.967699890E+02 -1.298799992E+01 4.147999954E+01 2.350300074E+00 7.087100297E-02 4.413200077E-03
 1.393999992E-04 8.740399790E-05 2.087299973E-01 -2.966100000E+05 8.193900391E+03 1.609499969E+02 4.971199951E+02 -1.327999973E+01 3.728900146E+01 2.352499962E+00 6.995700300E-02 4.469200037E-03
 1.414500002E-04 8.733200229E-05 2.060000002E-01 -3.161200000E+05 6.478700195E+03 1.607599945E+02 4.973900146E+02 -1.351200008E+01 3.223199844E+01 2.355099916E+00 6.896500289E-02 4.528199788E-03
 1.435000013E-04 8.725999942E-05 2.034700066E-01 -3.382600000E+05 8.094600098E+03 1.606300049E+02 4.973900146E+02 -1.380900002E+01 2.670999908E+01 2.356100082E+00 6.806199998E-02 4.584600218E-03
 1.455500023E-04 8.718799654E-05 2.008499950E-01 -3.550400000E+05 1.000300000E+04 1.603800049E+02 4.978099976E+02 -1.427499962E+01 2.263500023E+01 2.360100031E+00 6.707800180E-02 4.644500092E-03
 1.476000034E-04 8.711600094E-05 1.983799934E-01 -3.657100000E+05 1.442800000E+04 1.601499939E+02 4.979800110E+02 -1.449800014E+01 3.444800186E+01 2.362600088E+00 6.615699828E-02 4.702399950E-03
 1.496500045E-04 8.704399806E-05 1.958100051E-01 -3.815500000E+05 1.600400000E+04 1.600599976E+02 4.982500000E+02 -1.458800030E+01 4.687300110E+01 2.364500046E+00 6.526699662E-02 4.763999954E-03
 1.517000055E-04 8.697200246E-05 1.932500005E-01 -4.072000000E+05 1.539800000E+04 1.601399994E+02 4.985100098E+02 -1.465999985E+01 5.091699982E+01 2.365200043E+00 6.444600224E-02 4.827000201E-03
 1.537500066E-04 8.689999959E-05 1.912299991E-01 -4.469600000E+05 1.425200000E+04 1.608000031E+02 4.974200134E+02 -1.499499989E+01 3.972999954E+01 2.355299950E+00 6.403200328E-02 4.877899773E-03
 1.557999931E-04 8.682799671E-05 1.911700070E-01 -5.771600000E+05 2.038500000E+04 1.646000061E+02 4.913599854E+02 -1.514900017E+01 5.206299973E+01 2.300199986E+00 6.553100049E-02 4.879499786E-03
 1.578499941E-04 8.675600111E-05 1.999599934E-01 -9.857400000E+05 4.108900000E+04 1.795099945E+02 4.655199890E+02 -1.439799976E+01 1.185100021E+02 2.092499971E+00 7.493799925E-02 4.672499839E-03
 1.598999952E-04 8.668399823E-05 2.362000048E-01 -1.490500000E+06 6.795500000E+04 2.140000000E+02 3.962600098E+02 -1.080900002E+01 2.625599976E+02 1.644099951E+00 1.066100001E-01 4.006799776E-03
 1.619499963E-04 8.661200263E-05 3.328999877E-01 -1.242600000E+06 6.664300000E+04 2.561300049E+02 2.885100098E+02 -3.881000042E+00 3.573200073E+02 1.092800021E+00 1.802999973E-01 2.925900044E-03
 1.639999973E-04 8.653999976E-05 4.760299921E-01 -4.627000000E+05 2.870600000E+04 2.825700073E+02 1.991300049E+02 2.323199987E+00 2.437799988E+02 7.125999928E-01 2.812300026E-01 2.009199932E-03
 1.660499984E-04 8.646799688E-05 5.835099816E-01 -7.898800000E+04 8.066799805E+03 2.919299927E+02 1.610399933E+02 5.248700142E+00 6.941600037E+01 5.660799742E-01 3.548600078E-01 1.603699988E-03
 1.680999994E-04 8.639600128E-05 6.220099926E-01 -1.862000000E+04 1.975699951E+03 2.943999939E+02 1.524400024E+02 5.583799839E+00 -1.618899918E+01 5.335400105E-01 3.813300133E-01 1.499800012E-03
 1.701500005E-04 8.632399840E-05 6.278899908E-01 -9.016000000E+03 -4.265899902E+03 2.946600037E+02 1.523200073E+02 4.812799931E+00 -4.440299988E+01 5.328000188E-01 3.852699995E-01 1.485600020E-03
 1.722000015E-04 8.625200280E-05 6.273900270E-01 4.182900085E+02 -3.687699951E+03 2.944700012E+02 1.536100006E+02 4.004600048E+00 -3.430199814E+01 5.374100208E-01 3.847100139E-01 1.486800029E-03
 1.742500026E-04 8.617999993E-05 6.254500151E-01 2.410300049E+03 2.990599976E+02 2.942300110E+02 1.551199951E+02 3.417000055E+00 -1.779800034E+01 5.428500175E-01 3.832100034E-01 1.491399948E-03
 1.763000037E-04 8.610799705E-05 6.233599782E-01 8.566500244E+02 -7.659000244E+02 2.939299927E+02 1.564700012E+02 2.999900103E+00 -6.071499825E+00 5.478399992E-01 3.815400004E-01 1.496399986E-03
 1.783500047E-04 8.603600145E-05 6.225600243E-01 7.179200195E+03 -5.056299805E+03 2.936499939E+02 1.573800049E+02 2.430599928E+00 -1.106999969E+01 5.512300134E-01 3.806900084E-01 1.498300000E-03
 1.804000058E-04 8.596399857E-05 6.212900281E-01 8.428799805E+03 -8.471599731E+02 2.934599915E+02 1.582599945E+02 2.009099960E+00 -1.760899925E+01 5.544700027E-01 3.796699941E-01 1.501400024E-03
 1.824500068E-04 8.589200297E-05 6.193600297E-01 -4.383000000E+03 7.152500000E+02 2.933999939E+02 1.590599976E+02 1.864599943E+00 -1.392500019E+01 5.573199987E-01 3.784100115E-01 1.506099943E-03
 1.844999933E-04 8.582000009E-05 6.184200048E-01 -9.061799805E+03 -5.725999756E+02 2.933200073E+02 1.597100067E+02 1.821599960E+00 -7.446499825E+00 5.596699715E-01 3.777399957E-01 1.508399961E-03
 1.865499944E-04 8.574799722E-05 6.178799868E-01 -1.429900024E+03 5.358899902E+03 2.931000061E+02 1.604799957E+02 1.777099967E+00 1.008699989E+01 5.625900030E-01 3.771199882E-01 1.509699970E-03
 1.885999955E-04 8.567600162E-05 6.168000102E-01 4.972799805E+03 1.029300000E+04 2.929599915E+02 1.612100067E+02 1.443099976E+00 1.843099976E+01 5.652700067E-01 3.762800097E-01 1.512299990E-03
 1.906499965E-04 8.560399874E-05 6.152499914E-01 8.625900391E+03 8.011000000E+03 2.929400024E+02 1.617400055E+02 1.139700055E+00 1.728599930E+01 5.671499968E-01 3.753100038E-01 1.516100019E-03
 1.926999976E-04 8.553200314E-05 6.139600277E-01 1.808000000E+03 5.730500000E+03 2.929500122E+02 1.622599945E+02 1.337200046E+00 1.667000008E+01 5.689799786E-01 3.745400012E-01 1.519300044E-03
 1.947499986E-04 8.546000026E-05 6.134600043E-01 4.253500061E+02 -3.709999847E+01 2.928500061E+02 1.628500061E+02 1.445999980E+00 2.482099915E+01 5.711500049E-01 3.740999997E-01 1.520500053E-03
 1.967999997E-04 8.538799739E-05 6.129199862E-01 2.645899902E+03 -9.492299805E+03 2.926900024E+02 1.634299927E+02 1.437800050E+00 3.442699814E+01 5.733199716E-01 3.735699952E-01 1.521899947E-03
 1.988500007E-04 8.531600179E-05 6.112200022E-01 -4.642299805E+03 -8.694400391E+03 2.925100098E+02 1.642400055E+02 1.467599988E+00 2.554000092E+01 5.763199925E-01 3.723100126E-01 1.526099979E-03
 2.009000018E-04 8.524399891E-05 6.098899841E-01 -5.204700195E+03 4.170200195E+03 2.922600098E+02 1.651799927E+02 1.449200034E+00 1.586299992E+01 5.799000263E-01 3.711700141E-01 1.529500005E-03
 2.029500029E-04 8.517200331E-05 6.095200181E-01 5.011000000E+03 1.154900000E+04 2.919500122E+02 1.659299927E+02 1.696300030E+00 3.099300003E+01 5.828300118E-01 3.705599904E-01 1.530400012E-03
 2.050000039E-04 8.510000043E-05 6.093800068E-01 1.128600000E+04 1.200800000E+04 2.917699890E+02 1.662299957E+02 1.812700033E+00 3.881299973E+01 5.840899944E-01 3.702400029E-01 1.530700014E-03
 0.000000000E+00 8.966700261E-05 1.600700021E+00 -2.156400000E+04 2.406100000E+04 3.000000000E+02 1.338999939E+02 -1.777799964E+00 1.432700043E+02 4.557499886E-01 9.890199900E-01 5.889700260E-04
 2.049999921E-06 8.972000069E-05 1.595800042E+00 -2.190100000E+04 5.777700195E+03 3.000700073E+02 1.322599945E+02 -1.384899974E+00 1.083700027E+02 4.541099966E-01 9.916599989E-01 5.876600044E-04
 4.099999842E-06 8.977299876E-05 1.590800047E+00 -1.215900000E+04 -9.748799805E+03 2.999700012E+02 1.306300049E+02 -9.742100239E-01 7.265799713E+01 4.526700079E-01 9.936900139E-01 5.863700062E-04
 6.149999990E-06 8.982700092E-05 1.588400006E+00 -1.637900000E+04 1.675299988E+02 2.998599854E+02 1.308099976E+02 -6.191899776E-01 7.212400055E+01 4.533700049E-01 9.918199778E-01 5.872700131E-04
 8.199999684E-06 8.987999900E-05 1.587200046E+00 -2.276300000E+04 3.762600098E+03 2.997999878E+02 1.311000061E+02 -1.939599961E-02 6.650399780E+01 4.543899894E-01 9.908900261E-01 5.877100048E-04
 1.024999983E-05 8.993299707E-05 1.586899996E+00 -1.317000000E+04 -7.291300049E+02 2.995899963E+02 1.315599976E+02 2.503699958E-01 7.044499969E+01 4.561600089E-01 9.899899960E-01 5.878300290E-04
 1.229999998E-05 8.998699923E-05 1.583400011E+00 -7.651700195E+03 -1.600600000E+04 2.995000000E+02 1.324400024E+02 3.686699867E-01 6.956500244E+01 4.592899978E-01 9.875199795E-01 5.891100154E-04
 1.435000013E-05 9.003999730E-05 1.580600023E+00 7.115800171E+02 -1.730000000E+04 2.992500000E+02 1.334299927E+02 5.848199725E-01 3.634999847E+01 4.629099965E-01 9.849500060E-01 5.901699769E-04
 1.639999937E-05 9.009300265E-05 1.577499986E+00 1.397099976E+03 1.361000000E+03 2.990599976E+02 1.345000000E+02 8.510699868E-01 3.062899971E+01 4.667800069E-01 9.824299812E-01 5.913099740E-04
 1.845000043E-05 9.014699754E-05 1.572299957E+00 -3.017600098E+03 -2.381600098E+03 2.988900146E+02 1.360099945E+02 1.186900020E+00 3.099200058E+01 4.721600115E-01 9.786099792E-01 5.932800123E-04
 2.049999966E-05 9.020000289E-05 1.566900015E+00 -6.293000000E+03 4.071500000E+03 2.984400024E+02 1.379100037E+02 1.321799994E+00 6.669499874E+00 4.791199863E-01 9.737499952E-01 5.953399814E-04
 2.255000072E-05 9.025300096E-05 1.563400030E+00 -3.911199951E+03 1.255200000E+04 2.979899902E+02 1.397400055E+02 1.369099975E+00 1.046100044E+01 4.858399928E-01 9.701300263E-01 5.966600147E-04
 2.459999996E-05 9.030700312E-05 1.556200027E+00 2.401699951E+03 8.413200195E+03 2.976499939E+02 1.420899963E+02 1.615700006E+00 1.744299978E-01 4.943000078E-01 9.645699859E-01 5.994099774E-04
 2.664999920E-05 9.036000120E-05 1.545300007E+00 -6.043799805E+03 2.230399902E+03 2.973399963E+02 1.453300018E+02 1.938699961E+00 2.876700020E+01 5.058400035E-01 9.568099976E-01 6.036399864E-04
 2.870000026E-05 9.041299927E-05 1.538100004E+00 -5.579899902E+03 -4.891299805E+03 2.965799866E+02 1.488099976E+02 2.138799906E+00 5.646699905E+01 5.186300278E-01 9.499199986E-01 6.064699846E-04
 3.075000132E-05 9.046700143E-05 1.529700041E+00 1.316200000E+04 -4.630199890E+02 2.957300110E+02 1.525899963E+02 2.107399940E+00 4.776699829E+01 5.325700045E-01 9.420099854E-01 6.098099984E-04
 3.279999873E-05 9.051999950E-05 1.516600013E+00 2.088000000E+04 1.080900000E+04 2.948999939E+02 1.569299927E+02 2.093100071E+00 4.475299835E+01 5.484799743E-01 9.313200116E-01 6.150900153E-04
 3.484999979E-05 9.057299758E-05 1.501399994E+00 2.333800000E+04 4.860500000E+03 2.937699890E+02 1.617100067E+02 2.414299965E+00 4.265200043E+01 5.663099885E-01 9.185000062E-01 6.212900043E-04
 3.690000085E-05 9.062699974E-05 1.484500051E+00 1.165100000E+04 -7.338200195E+03 2.928500061E+02 1.671900024E+02 2.674000025E+00 5.053400040E+01 5.864099860E-01 9.052699804E-01 6.284000119E-04
 3.894999827E-05 9.067999781E-05 1.465399981E+00 5.313799805E+03 -3.197100098E+03 2.917799988E+02 1.735299988E+02 2.749099970E+00 2.570899963E+01 6.097900271E-01 8.903999925E-01 6.365699810E-04
 4.099999933E-05 9.073300316E-05 1.442100048E+00 2.462700000E+04 1.290199951E+03 2.902000122E+02 1.810000000E+02 2.895100117E+00 2.597999954E+01 6.377400160E-01 8.715100288E-01 6.468900247E-04
 4.305000039E-05 9.078699804E-05 1.415699959E+00 1.230300000E+04 4.349000000E+03 2.882300110E+02 1.896999969E+02 3.049700022E+00 5.013899994E+01 6.706900001E-01 8.497499824E-01 6.589500117E-04
 4.510000144E-05 9.084000339E-05 1.384299994E+00 7.364600098E+03 1.075700000E+04 2.858699951E+02 1.996000061E+02 3.095700026E+00 3.320299911E+01 7.086300254E-01 8.241099715E-01 6.739500095E-04
 4.714999886E-05 9.089300147E-05 1.344200015E+00 4.249300000E+04 7.256600098E+03 2.832200012E+02 2.110399933E+02 2.981600046E+00 1.720899963E+01 7.527499795E-01 7.928500175E-01 6.941100000E-04
 4.919999992E-05 9.094700363E-05 1.296900034E+00 6.269600000E+04 -1.728699951E+03 2.799299927E+02 2.241799927E+02 2.713900089E+00 1.587800026E+01 8.042799830E-01 7.560700178E-01 7.195399958E-04
 5.125000098E-05 9.100000170E-05 1.239899993E+00 6.296800000E+04 8.436500000E+03 2.758299866E+02 2.393999939E+02 2.058500051E+00 3.837100029E+00 8.652600050E-01 7.123200297E-01 7.528099813E-04
 5.329999840E-05 9.095200221E-05 1.173300028E+00 5.680600000E+04 6.323399902E+03 2.710000000E+02 2.564299927E+02 1.070600033E+00 -1.179899979E+01 9.350399971E-01 6.623399854E-01 7.957200287E-04
 5.534999946E-05 9.090400272E-05 1.101099968E+00 4.625400000E+04 -6.400700195E+03 2.653900146E+02 2.743999939E+02 -3.059999943E-01 -1.027600002E+01 1.011100054E+00 6.087499857E-01 8.481299737E-04
 5.740000051E-05 9.085600323E-05 1.025300026E+00 4.834200000E+04 -3.054199951E+03 2.591000061E+02 2.928599854E+02 -2.069200039E+00 -4.206299782E+00 1.092200041E+00 5.534800291E-01 9.110500105E-04
 5.945000157E-05 9.080799646E-05 9.497699738E-01 4.937300000E+04 -3.890899902E+03 2.525800018E+02 3.110100098E+02 -3.969399929E+00 -1.460099983E+01 1.174800038E+00 4.997999966E-01 9.836199461E-04
 6.150000263E-05 9.075999697E-05 8.759999871E-01 3.691800000E+04 -1.090200000E+04 2.458999939E+02 3.279899902E+02 -6.188600063E+00 -1.849200058E+01 1.255800009E+00 4.488199949E-01 1.066699973E-03
 6.354999641E-05 9.071199747E-05 8.045700192E-01 2.098600000E+04 -1.198100000E+04 2.390099945E+02 3.441900024E+02 -8.498299599E+00 5.373899937E+00 1.336899996E+00 4.006899893E-01 1.161499997E-03
 6.559999747E-05 9.066399798E-05 7.382599711E-01 -3.628100098E+03 -6.804700195E+03 2.325899963E+02 3.597099915E+02 -1.045400047E+01 1.473600006E+01 1.416399956E+00 3.577600121E-01 1.265899977E-03
 6.764999853E-05 9.061599849E-05 6.780499816E-01 -2.479600000E+04 -2.531699951E+03 2.265000000E+02 3.738200073E+02 -1.203600025E+01 -2.092300034E+01 1.491799951E+00 3.199900091E-01 1.378100016E-03
 6.969999959E-05 9.056799900E-05 6.239899993E-01 -4.180700000E+04 -3.541600098E+03 2.204299927E+02 3.866000061E+02 -1.356000042E+01 -9.619199753E+00 1.564000010E+00 2.865799963E-01 1.497399993E-03
 7.175000064E-05 9.051999950E-05 5.755500197E-01 -6.138700000E+04 -4.169400024E+02 2.148699951E+02 3.983500061E+02 -1.482299995E+01 7.781099796E+00 1.632300019E+00 2.576600015E-01 1.623300021E-03
 7.380000170E-05 9.047200001E-05 5.326700211E-01 -8.536700000E+04 8.992000122E+02 2.098699951E+02 4.089500122E+02 -1.566699982E+01 7.061399937E+00 1.695600033E+00 2.328899950E-01 1.753699966E-03
 7.585000276E-05 9.042400052E-05 4.948599935E-01 -1.104400000E+05 -1.261400024E+03 2.051999969E+02 4.183999939E+02 -1.637199974E+01 3.134399986E+01 1.754500031E+00 2.115399987E-01 1.887400053E-03
 7.789999654E-05 9.037600103E-05 4.614300132E-01 -1.205300000E+05 5.805799805E+03 2.007899933E+02 4.266300049E+02 -1.677700043E+01 3.201499939E+01 1.808500051E+00 1.930000037E-01 2.023899928E-03
 7.994999760E-05 9.032800153E-05 4.319300056E-01 -1.291300000E+05 6.918000000E+03 1.967299957E+02 4.341400146E+02 -1.679100037E+01 2.643899918E+01 1.859200001E+00 1.770000011E-01 2.161799930E-03
 8.199999866E-05 9.028000204E-05 4.058299959E-01 -1.357500000E+05 4.421899902E+03 1.929799957E+02 4.412900085E+02 -1.669700050E+01 2.476899910E+01 1.907999992E+00 1.631300002E-01 2.300600056E-03
 8.404999971E-05 9.023200255E-05 3.827700019E-01 -1.402800000E+05 6.991899902E+03 1.896100006E+02 4.476499939E+02 -1.661300087E+01 2.439900017E+01 1.952499986E+00 1.511700004E-01 2.438900061E-03
 8.610000077E-05 9.018400306E-05 3.630599976E-01 -1.571700000E+05 1.000400000E+04 1.867599945E+02 4.528699951E+02 -1.633499908E+01 4.434799957E+01 1.990200043E+00 1.412200034E-01 2.570800018E-03
 8.815000183E-05 9.013600356E-05 3.462699950E-01 -1.678200000E+05 1.343100000E+04 1.840599976E+02 4.573200073E+02 -1.578400040E+01 5.275000000E+01 2.024300098E+00 1.327400059E-01 2.695200033E-03
 9.020000289E-05 9.008799680E-05 3.310199976E-01 -1.737100000E+05 5.296399902E+03 1.816499939E+02 4.615400085E+02 -1.512300014E+01 3.931499863E+01 2.056400061E+00 1.252299994E-01 2.819400048E-03
 9.224999667E-05 9.003999730E-05 3.172500134E-01 -1.833100000E+05 1.055800049E+03 1.796399994E+02 4.654500122E+02 -1.421000004E+01 3.629600143E+01 2.085200071E+00 1.186899990E-01 2.941499930E-03
 9.429999773E-05 8.999199781E-05 3.055900037E-01 -1.916000000E+05 8.607400391E+03 1.777700043E+02 4.685700073E+02 -1.306599998E+01 4.324599838E+01 2.109999895E+00 1.131300032E-01 3.053399967E-03
 9.634999878E-05 8.994399832E-05 2.957099974E-01 -2.003800000E+05 1.396000000E+04 1.762299957E+02 4.710899963E+02 -1.234399986E+01 4.616699982E+01 2.130500078E+00 1.085200012E-01 3.155299928E-03
 9.839999984E-05 8.989599883E-05 2.869899869E-01 -2.056600000E+05 1.031900000E+04 1.748000031E+02 4.735100098E+02 -1.177099991E+01 3.723199844E+01 2.150099993E+00 1.044699997E-01 3.251000075E-03
 1.004500009E-04 8.984799933E-05 2.794100046E-01 -2.038700000E+05 5.827100098E+03 1.733800049E+02 4.757900085E+02 -1.085599995E+01 2.518000031E+01 2.169199944E+00 1.008799970E-01 3.339099931E-03
 1.025000020E-04 8.979999984E-05 2.726399899E-01 -2.009000000E+05 7.432399902E+03 1.720899963E+02 4.782099915E+02 -9.938899994E+00 2.199799919E+01 2.188199997E+00 9.771099687E-02 3.421900095E-03
 1.045500030E-04 8.975200035E-05 2.667900026E-01 -2.069300000E+05 1.031900000E+04 1.711300049E+02 4.801000061E+02 -9.074700356E+00 3.022800064E+01 2.203000069E+00 9.507200122E-02 3.496699966E-03
 1.065999968E-04 8.970400086E-05 2.614699900E-01 -2.132900000E+05 9.276500000E+03 1.702700043E+02 4.815700073E+02 -8.271699905E+00 2.919400024E+01 2.215199947E+00 9.271200001E-02 3.567999927E-03
 1.086499979E-04 8.965600136E-05 2.566500008E-01 -2.123300000E+05 6.092299805E+03 1.693500061E+02 4.828500061E+02 -7.531099796E+00 1.911400032E+01 2.226999998E+00 9.051200002E-02 3.634799970E-03
 1.106999989E-04 8.960800187E-05 2.527300119E-01 -2.159800000E+05 3.413800049E+03 1.686000061E+02 4.837799988E+02 -7.087100029E+00 5.807600021E+00 2.236299992E+00 8.873199672E-02 3.690999933E-03
 1.127500000E-04 8.956000238E-05 2.488200068E-01 -2.174200000E+05 2.535300049E+03 1.678000031E+02 4.850400085E+02 -7.059999943E+00 3.977799892E+00 2.247400045E+00 8.694600314E-02 3.749100026E-03
 1.148000010E-04 8.951200289E-05 2.451200038E-01 -2.214900000E+05 3.250500000E+03 1.671499939E+02 4.862399902E+02 -7.111899853E+00 1.636300087E+01 2.257400036E+00 8.531799912E-02 3.805699991E-03
 1.168500021E-04 8.946400339E-05 2.416999936E-01 -2.233100000E+05 6.385899902E+03 1.665500031E+02 4.876700134E+02 -7.138299942E+00 1.779999924E+01 2.268100023E+00 8.382499963E-02 3.859600052E-03
 1.189000031E-04 8.941599663E-05 2.383199930E-01 -2.179400000E+05 8.264000000E+03 1.658999939E+02 4.891799927E+02 -7.025300026E+00 1.850000000E+01 2.279500008E+00 8.233299851E-02 3.914299887E-03
 1.209499969E-04 8.936799713E-05 2.351900041E-01 -2.186700000E+05 5.644700195E+03 1.653200073E+02 4.902399902E+02 -7.052000046E+00 2.270700073E+01 2.288500071E+00 8.096700162E-02 3.966399934E-03
 1.230000053E-04 8.931999764E-05 2.319100052E-01 -2.188900000E+05 3.660899902E+03 1.644700012E+02 4.913599854E+02 -7.300099850E+00 2.231699944E+01 2.299599886E+00 7.942999899E-02 4.022399895E-03
 1.250500063E-04 8.927199815E-05 2.285300046E-01 -2.198600000E+05 1.357099976E+03 1.636499939E+02 4.926499939E+02 -7.491899967E+00 1.730200005E+01 2.311399937E+00 7.788100094E-02 4.081900232E-03
 1.270999928E-04 8.922399866E-05 2.255299985E-01 -2.311300000E+05 2.502100098E+03 1.631699982E+02 4.934200134E+02 -7.715400219E+00 1.789500046E+01 2.318500042E+00 7.663100213E-02 4.136200063E-03
 1.291499939E-04 8.917599916E-05 2.224999964E-01 -2.351200000E+05 3.640100098E+03 1.625599976E+02 4.941700134E+02 -7.963900089E+00 1.633799934E+01 2.326400042E+00 7.532200217E-02 4.192600027E-03
 1.311999949E-04 8.912799967E-05 2.195499986E-01 -2.285300000E+05 3.750699951E+03 1.618300018E+02 4.951900024E+02 -8.224599838E+00 9.791000366E+00 2.336499929E+00 7.398699969E-02 4.248800222E-03
 1.332499960E-04 8.908000018E-05 2.167599946E-01 -2.312200000E+05 5.310200195E+03 1.612500000E+02 4.961700134E+02 -8.513999939E+00 1.600200081E+01 2.345299959E+00 7.278499752E-02 4.303600173E-03
 1.352999971E-04 8.903200069E-05 2.138299942E-01 -2.457900000E+05 6.045700195E+03 1.609400024E+02 4.967999878E+02 -8.749199867E+00 2.322699928E+01 2.350600004E+00 7.166499645E-02 4.362499807E-03
 1.373499981E-04 8.898400120E-05 2.112700045E-01 -2.692600000E+05 7.414799805E+03 1.608899994E+02 4.968699951E+02 -8.725000381E+00 2.636899948E+01 2.351300001E+00 7.078400254E-02 4.415300209E-03
 1.393999992E-04 8.893600170E-05 2.088000029E-01 -2.865800000E+05 7.131200195E+03 1.606799927E+02 4.970000000E+02 -8.773699760E+00 2.872200012E+01 2.353399992E+00 6.986399740E-02 4.467600025E-03
 1.414500002E-04 8.888800221E-05 2.063300014E-01 -3.074900000E+05 6.659299805E+03 1.605399933E+02 4.970100098E+02 -9.013099670E+00 3.054500008E+01 2.354500055E+00 6.897699833E-02 4.521099851E-03
 1.435000013E-04 8.884000272E-05 2.038599998E-01 -3.355500000E+05 5.135299805E+03 1.606100006E+02 4.971400146E+02 -9.158200264E+00 2.277899933E+01 2.354700089E+00 6.818100065E-02 4.575800151E-03
 1.455500023E-04 8.879200323E-05 2.011000067E-01 -3.527100000E+05 3.816399902E+03 1.604299927E+02 4.978800049E+02 -9.333900452E+00 8.486200333E+00 2.359499931E+00 6.718400121E-02 4.638600163E-03
 1.476000034E-04 8.874399646E-05 1.985200047E-01 -3.698700000E+05 8.027299805E+03 1.602700043E+02 4.981000061E+02 -9.365099907E+00 1.430099964E+01 2.361700058E+00 6.625399739E-02 4.698900040E-03
 1.496500045E-04 8.869599696E-05 1.960899979E-01 -3.929100000E+05 1.019300000E+04 1.603099976E+02 4.979500122E+02 -9.413299561E+00 2.789699936E+01 2.360699892E+00 6.545899808E-02 4.757300019E-03
 1.517000055E-04 8.864799747E-05 1.936199963E-01 -4.133000000E+05 1.156300000E+04 1.602899933E+02 4.980000000E+02 -9.645799637E+00 3.571400070E+01 2.361099958E+00 6.462799758E-02 4.817800131E-03
 1.537500066E-04 8.859999798E-05 1.916200072E-01 -4.471400000E+05 1.080000000E+04 1.607899933E+02 4.971400146E+02 -9.990699768E+00 3.062999916E+01 2.353399992E+00 6.415600330E-02 4.868099932E-03
 1.557999931E-04 8.855199849E-05 1.917500049E-01 -5.793400000E+05 1.161900000E+04 1.646000061E+02 4.911300049E+02 -1.017000008E+01 3.522900009E+01 2.298500061E+00 6.573200226E-02 4.864700139E-03
 1.578499941E-04 8.850399900E-05 2.000699937E-01 -9.828300000E+05 2.113700000E+04 1.791699982E+02 4.662399902E+02 -9.925299644E+00 6.144200134E+01 2.096800089E+00 7.481800020E-02 4.668700043E-03
 1.598999952E-04 8.845599950E-05 2.340800017E-01 -1.498200000E+06 3.265800000E+04 2.128300018E+02 3.991799927E+02 -8.213100433E+00 1.283600006E+02 1.659600019E+00 1.049799994E-01 4.037399776E-03
 1.619499963E-04 8.840800001E-05 3.273699880E-01 -1.275200000E+06 3.720700000E+04 2.547400055E+02 2.922000122E+02 -3.914000034E+00 2.075599976E+02 1.109899998E+00 1.763699949E-01 2.972699935E-03
 1.639999973E-04 8.836000052E-05 4.693500102E-01 -4.931100000E+05 2.064000000E+04 2.820000000E+02 2.009900055E+02 9.443200231E-01 1.603200073E+02 7.201099992E-01 2.768299878E-01 2.040100051E-03
 1.660499984E-04 8.831200103E-05 5.792300105E-01 -8.263200000E+04 3.476300049E+03 2.919599915E+02 1.606900024E+02 3.564300060E+00 3.031599998E+01 5.646799803E-01 3.523199856E-01 1.616199967E-03
 1.680999994E-04 8.826400153E-05 6.208299994E-01 -4.343399902E+03 -2.643999939E+02 2.945100098E+02 1.513000031E+02 4.043600082E+00 -3.629600143E+01 5.292900205E-01 3.807500005E-01 1.502700034E-03
 1.701500005E-04 8.821600204E-05 6.279900074E-01 -4.542399902E+02 -7.673200195E+03 2.947399902E+02 1.513300018E+02 3.596299887E+00 -3.249800110E+01 5.291600227E-01 3.854399920E-01 1.485400018E-03
 1.722000015E-04 8.816800255E-05 6.277899742E-01 -1.642300049E+03 -1.007400000E+04 2.944800110E+02 1.528099976E+02 2.936399937E+00 -2.040399933E+01 5.345199704E-01 3.849799931E-01 1.485900022E-03
 1.742500026E-04 8.812000306E-05 6.262099743E-01 1.075300049E+03 -3.897800049E+03 2.941700134E+02 1.543999939E+02 2.457700014E+00 -2.055400085E+01 5.403199792E-01 3.835999966E-01 1.489600050E-03
 1.763000037E-04 8.807200356E-05 6.237800121E-01 3.255299988E+02 -9.873099976E+02 2.939400024E+02 1.560599976E+02 2.068099976E+00 -2.262399912E+00 5.463299751E-01 3.818199933E-01 1.495399978E-03
 1.783500047E-04 8.802399680E-05 6.230000257E-01 3.093300049E+03 -1.979900024E+03 2.936099854E+02 1.572599945E+02 1.661599994E+00 2.084500074E+00 5.508400202E-01 3.809100091E-01 1.497299992E-03
 1.804000058E-04 8.797599730E-05 6.224600077E-01 5.425200195E+03 -3.686800049E+03 2.933200073E+02 1.581999969E+02 1.538200021E+00 2.131000042E+00 5.543699861E-01 3.801999986E-01 1.498600002E-03
 1.824500068E-04 8.792799781E-05 6.201699972E-01 -2.666500000E+03 -5.472299805E+03 2.931799927E+02 1.593200073E+02 1.526700020E+00 1.169399977E+00 5.584300160E-01 3.786300123E-01 1.504100044E-03
 1.844999933E-04 8.787999832E-05 6.191300154E-01 -2.551600098E+03 -4.288600098E+03 2.930100098E+02 1.601100006E+02 1.216599941E+00 -2.184400082E+00 5.613499880E-01 3.777599931E-01 1.506599947E-03
 1.865499944E-04 8.783199883E-05 6.190900207E-01 7.337799805E+03 -1.405800018E+02 2.927300110E+02 1.607299957E+02 1.037999988E+00 1.036800003E+01 5.637999773E-01 3.773800135E-01 1.506699948E-03
 1.885999955E-04 8.778399933E-05 6.177800298E-01 6.405100098E+03 -2.449699951E+03 2.926099854E+02 1.616300049E+02 1.162400007E+00 8.161199570E+00 5.670700073E-01 3.764300048E-01 1.509899972E-03
 1.906499965E-04 8.773599984E-05 6.158099771E-01 -8.542299652E+01 -2.037099976E+03 2.926099854E+02 1.624700012E+02 1.036000013E+00 4.772099972E+00 5.700100064E-01 3.752300143E-01 1.514800009E-03
 1.926999976E-04 8.768800035E-05 6.143800020E-01 -1.088900000E+04 4.761200195E+03 2.926400146E+02 1.631199951E+02 8.453900218E-01 1.300399971E+01 5.722500086E-01 3.743900061E-01 1.518300036E-03
 1.947499986E-04 8.764000086E-05 6.137400270E-01 -1.063400000E+04 2.969600098E+03 2.926400146E+02 1.637899933E+02 8.388900161E-01 1.945100021E+01 5.746200085E-01 3.740099967E-01 1.519900048E-03
 1.967999997E-04 8.759200136E-05 6.128399968E-01 -6.292299805E+03 -6.765000000E+03 2.925100098E+02 1.645700073E+02 9.649299979E-01 1.434899998E+01 5.774700046E-01 3.732900023E-01 1.522099948E-03
 1.988500007E-04 8.754400187E-05 6.115800142E-01 -6.045200195E+03 -7.576299805E+03 2.922699890E+02 1.653600006E+02 9.922199845E-01 1.446800041E+01 5.805100203E-01 3.722099960E-01 1.525199972E-03
 2.009000018E-04 8.749600238E-05 6.106100082E-01 -8.437999878E+02 3.443399902E+03 2.921199951E+02 1.660099945E+02 8.692100048E-01 6.266499996E+00 5.829200149E-01 3.714300096E-01 1.527699991E-03
 2.029500029E-04 8.744800289E-05 6.097000241E-01 9.466099609E+03 8.767200195E+03 2.918699951E+02 1.666999969E+02 1.016299963E+00 2.965100050E+00 5.856099725E-01 3.705599904E-01 1.529900008E-03
 2.050000039E-04 8.740000339E-05 6.091300249E-01 1.761500000E+04 7.989200195E+03 2.915899963E+02 1.671600037E+02 1.167099953E+00 1.429699993E+01 5.875099897E-01 3.698700070E-01 1.531400019E-03
 0.000000000E+00 9.083299665E-05 1.600700021E+00 -4.167100000E+04 1.883600000E+04 3.000000000E+02 1.379400024E+02 -1.071300030E+00 1.002799988E+01 4.694600105E-01 9.887199998E-01 5.892899935E-04
 2.049999921E-06 9.085999773E-05 1.594799995E+00 -3.773800000E+04 2.254699951E+03 3.001400146E+02 1.359299927E+02 -8.540599942E-01 1.612599945E+01 4.666100144E-01 9.911400080E-01 5.881799734E-04
 4.099999842E-06 9.088699881E-05 1.589499950E+00 -2.282500000E+04 6.033399902E+03 3.001000061E+02 1.333699951E+02 -6.349999905E-01 5.222899914E+00 4.620299935E-01 9.933400154E-01 5.868399749E-04
 6.149999990E-06 9.091300308E-05 1.588000059E+00 -1.774800000E+04 1.778600000E+04 2.999500122E+02 1.326999969E+02 -4.290199876E-01 3.865400076E+00 4.598200023E-01 9.918400049E-01 5.874200142E-04
 8.199999684E-06 9.093999688E-05 1.585999966E+00 -2.723900000E+04 3.801300049E+03 2.999400024E+02 1.326199951E+02 -6.665199995E-02 2.839999962E+01 4.595699906E-01 9.906100035E-01 5.881499965E-04
 1.024999983E-05 9.096699796E-05 1.584800005E+00 -3.324500000E+04 -5.543200195E+03 2.997699890E+02 1.329100037E+02 5.780800059E-02 3.562900162E+01 4.606899917E-01 9.893199801E-01 5.885799765E-04
 1.229999998E-05 9.099300223E-05 1.582900047E+00 -1.880500000E+04 -1.033000000E+04 2.994299927E+02 1.333500061E+02 9.426499903E-02 2.195400047E+01 4.625000060E-01 9.869599938E-01 5.893200287E-04
 1.435000013E-05 9.102000331E-05 1.580899954E+00 2.354500000E+03 -5.665299805E+03 2.990499878E+02 1.340000000E+02 2.685900033E-01 4.459700108E+00 4.650200009E-01 9.844999909E-01 5.900399992E-04
 1.639999937E-05 9.104699711E-05 1.577000022E+00 -5.216799805E+03 5.537100098E+03 2.989500122E+02 1.351399994E+02 4.597499967E-01 2.394499969E+01 4.690600038E-01 9.817100167E-01 5.915199872E-04
 1.845000043E-05 9.107300139E-05 1.572900057E+00 -3.963800049E+03 2.348500000E+03 2.986799927E+02 1.365599976E+02 5.996800065E-01 2.643000031E+01 4.742299914E-01 9.782800078E-01 5.930599873E-04
 2.049999966E-05 9.110000246E-05 1.567800045E+00 -5.056399902E+03 7.773299805E+03 2.982200012E+02 1.384100037E+02 6.704499722E-01 7.929500103E+00 4.810000062E-01 9.736400247E-01 5.949700135E-04
 2.255000072E-05 9.112700354E-05 1.563799977E+00 -1.365100000E+04 6.521200195E+03 2.979400024E+02 1.404100037E+02 7.352499962E-01 1.078199959E+01 4.881800115E-01 9.702299833E-01 5.964899901E-04
 2.459999996E-05 9.115300054E-05 1.556699991E+00 -1.295200000E+04 -9.989599609E+03 2.975899963E+02 1.428800049E+02 8.129100204E-01 2.454099894E+00 4.970900118E-01 9.646800160E-01 5.992299994E-04
 2.664999920E-05 9.118000162E-05 1.545699954E+00 -1.568300000E+04 3.783800049E+03 2.971400146E+02 1.461000061E+02 9.514799714E-01 2.572800064E+01 5.086799860E-01 9.564499855E-01 6.034700200E-04
 2.870000026E-05 9.120700270E-05 1.539000034E+00 6.801900024E+02 9.976400391E+03 2.963999939E+02 1.494199982E+02 1.026900053E+00 3.265200043E+01 5.208899975E-01 9.498900175E-01 6.061100285E-04
 3.075000132E-05 9.123299969E-05 1.530699968E+00 1.570600000E+04 4.219599915E+02 2.956000061E+02 1.530899963E+02 1.025099993E+00 3.106599998E+01 5.343899727E-01 9.421899915E-01 6.094200071E-04
 3.279999873E-05 9.126000077E-05 1.516000032E+00 7.917299805E+03 1.082200000E+04 2.947999878E+02 1.574199982E+02 1.024399996E+00 2.084099960E+01 5.502600074E-01 9.306499958E-01 6.153300055E-04
 3.484999979E-05 9.128700185E-05 1.500300050E+00 9.798700195E+03 2.753000000E+03 2.938900146E+02 1.623200073E+02 1.199399948E+00 2.960700035E+01 5.682799816E-01 9.181799889E-01 6.217500195E-04
 3.690000085E-05 9.131299885E-05 1.485100031E+00 2.446300000E+04 -1.411000000E+04 2.928299866E+02 1.677599945E+02 1.362200022E+00 4.548400116E+01 5.883700252E-01 9.055899978E-01 6.281399983E-04
 3.894999827E-05 9.133999993E-05 1.465999961E+00 1.989700000E+04 -5.608200195E+03 2.915499878E+02 1.740500031E+02 1.382400036E+00 2.719599915E+01 6.118000150E-01 8.900600076E-01 6.363100256E-04
 4.099999933E-05 9.136700100E-05 1.442199945E+00 1.440900000E+04 5.871299805E+03 2.901000061E+02 1.814100037E+02 1.454200029E+00 1.280200005E+01 6.392499804E-01 8.712300062E-01 6.468599895E-04
 4.305000039E-05 9.139299800E-05 1.415799975E+00 1.308200000E+04 1.330400000E+04 2.882900085E+02 1.897899933E+02 1.506399989E+00 1.220199966E+01 6.708800197E-01 8.499500155E-01 6.589299883E-04
 4.510000144E-05 9.141999908E-05 1.384400010E+00 2.064300000E+04 1.487600000E+04 2.860299988E+02 1.995899963E+02 1.515300035E+00 4.437900162E+01 7.083100080E-01 8.245999813E-01 6.739299861E-04
 4.714999886E-05 9.144700016E-05 1.344400048E+00 4.310000000E+04 -2.393100098E+03 2.833399963E+02 2.112299957E+02 1.503600001E+00 3.800400162E+01 7.532100081E-01 7.932699919E-01 6.940399762E-04
 4.919999992E-05 9.147299716E-05 1.297299981E+00 6.650100000E+04 -1.586300000E+04 2.798599854E+02 2.244199982E+02 1.380599976E+00 2.419400024E+01 8.051999807E-01 7.561299801E-01 7.193200290E-04
 5.125000098E-05 9.149999823E-05 1.241000056E+00 7.600100000E+04 1.564000000E+03 2.757200012E+02 2.395899963E+02 9.868900180E-01 9.203900337E+00 8.660899997E-01 7.126500010E-01 7.521500229E-04
 5.329999840E-05 9.147600213E-05 1.174700022E+00 6.224300000E+04 5.376899902E+03 2.708900146E+02 2.565100098E+02 4.840700030E-01 -6.328100204E+00 9.355199933E-01 6.628800035E-01 7.947600097E-04
 5.534999946E-05 9.145199874E-05 1.102599978E+00 3.190900000E+04 1.079099976E+03 2.652799988E+02 2.742099915E+02 -1.170200035E-01 2.711800098E+00 1.010599971E+00 6.093299985E-01 8.469300228E-04
 5.740000051E-05 9.142800263E-05 1.026299953E+00 3.560000000E+04 7.115100098E+03 2.592099915E+02 2.925799866E+02 -1.060600042E+00 8.762200356E+00 1.090899944E+00 5.542100072E-01 9.102799813E-04
 5.945000157E-05 9.140399925E-05 9.506499767E-01 5.230800000E+04 -3.193699951E+02 2.527700043E+02 3.104200134E+02 -2.035599947E+00 6.859899998E+00 1.172099948E+00 5.006300211E-01 9.826499736E-04
 6.150000263E-05 9.138000314E-05 8.783699870E-01 4.895300000E+04 -7.102600098E+03 2.460299988E+02 3.272799988E+02 -3.016400099E+00 -1.337499976E+00 1.252599955E+00 4.502699971E-01 1.063799951E-03
 6.354999641E-05 9.135599976E-05 8.072000146E-01 3.822100000E+04 -1.419000000E+03 2.391100006E+02 3.438999939E+02 -4.257800102E+00 1.994499969E+01 1.335100055E+00 4.021799862E-01 1.157799968E-03
 6.559999747E-05 9.133199637E-05 7.397599816E-01 5.795700195E+03 -4.024500000E+03 2.325299988E+02 3.597500000E+02 -5.202099800E+00 2.644300079E+01 1.416300058E+00 3.584100008E-01 1.263399958E-03
 6.764999853E-05 9.130800026E-05 6.791800261E-01 -1.691600000E+04 -2.330100098E+03 2.263300018E+02 3.739800110E+02 -6.002799988E+00 -1.056200027E+01 1.492400050E+00 3.202899992E-01 1.375799999E-03
 6.969999959E-05 9.128399688E-05 6.257100105E-01 -3.170800000E+04 2.782500000E+03 2.204100037E+02 3.866000061E+02 -6.774700165E+00 -4.389800072E+00 1.563300014E+00 2.873399854E-01 1.493199961E-03
 7.175000064E-05 9.126000077E-05 5.772299767E-01 -5.350300000E+04 -2.378399902E+03 2.148200073E+02 3.984400024E+02 -7.337600231E+00 1.205900002E+01 1.632099986E+00 2.583500147E-01 1.618599985E-03
 7.380000170E-05 9.123599739E-05 5.340200067E-01 -7.181400000E+04 -3.308000000E+03 2.096999969E+02 4.091600037E+02 -7.813099861E+00 1.313599968E+01 1.696300030E+00 2.332900017E-01 1.749200048E-03
 7.585000276E-05 9.121200128E-05 4.960399866E-01 -9.425400000E+04 -2.150100098E+03 2.050500031E+02 4.184800110E+02 -8.223400116E+00 2.512000084E+01 1.754500031E+00 2.118899971E-01 1.883000019E-03
 7.789999654E-05 9.118799790E-05 4.621999860E-01 -1.081000000E+05 3.395199951E+03 2.005500031E+02 4.269700012E+02 -8.459899902E+00 1.276200008E+01 1.809999943E+00 1.931000054E-01 2.020600019E-03
 7.994999760E-05 9.116400179E-05 4.325200021E-01 -1.227000000E+05 2.395699951E+03 1.964900055E+02 4.346700134E+02 -8.497900009E+00 3.009900093E+00 1.861500025E+00 1.770299971E-01 2.158900024E-03
 8.199999866E-05 9.113999840E-05 4.065800011E-01 -1.381300000E+05 3.947399902E+02 1.928699951E+02 4.415700073E+02 -8.440400124E+00 1.177299976E+01 1.908699989E+00 1.633400023E-01 2.296299906E-03
 8.404999971E-05 9.111600230E-05 3.834699988E-01 -1.448000000E+05 1.277699966E+02 1.895200043E+02 4.479500122E+02 -8.208000183E+00 1.586200047E+01 1.953299999E+00 1.513700038E-01 2.434500027E-03
 8.610000077E-05 9.109199891E-05 3.631600142E-01 -1.593600000E+05 -6.782399750E+01 1.865700073E+02 4.533900146E+02 -8.224800110E+00 3.000099945E+01 1.992599964E+00 1.411200017E-01 2.570299897E-03
 8.815000183E-05 9.106800280E-05 3.452900052E-01 -1.652100000E+05 5.422200195E+03 1.838200073E+02 4.582099915E+02 -8.043800354E+00 3.458000183E+01 2.028700113E+00 1.322000027E-01 2.703099977E-03
 9.020000289E-05 9.104399942E-05 3.298999965E-01 -1.754100000E+05 2.714399902E+03 1.814600067E+02 4.622300110E+02 -7.514500141E+00 1.887299919E+01 2.059700012E+00 1.246699989E-01 2.828799887E-03
 9.224999667E-05 9.102000331E-05 3.165400028E-01 -1.857700000E+05 -2.186699951E+03 1.792700043E+02 4.658599854E+02 -7.120699883E+00 1.822200012E+01 2.088500023E+00 1.181899980E-01 2.948099980E-03
 9.429999773E-05 9.099599993E-05 3.049899936E-01 -1.908400000E+05 1.920099976E+03 1.773300018E+02 4.691900024E+02 -6.570199966E+00 2.174799919E+01 2.114799976E+00 1.126300022E-01 3.059299896E-03
 9.634999878E-05 9.097199654E-05 2.953799963E-01 -2.059600000E+05 6.227000000E+03 1.758899994E+02 4.715400085E+02 -6.101399899E+00 1.499600029E+01 2.134099960E+00 1.081999987E-01 3.158699954E-03
 9.839999984E-05 9.094800043E-05 2.865000069E-01 -2.153700000E+05 3.993500000E+03 1.744400024E+02 4.741199951E+02 -5.967999935E+00 1.614399910E+01 2.154599905E+00 1.040799990E-01 3.256599884E-03
 1.004500009E-04 9.092399705E-05 2.783699930E-01 -2.161900000E+05 1.904800049E+03 1.730599976E+02 4.767099915E+02 -5.640299797E+00 1.486100006E+01 2.174999952E+00 1.003199965E-01 3.351599909E-03
 1.025000020E-04 9.090000094E-05 2.715300024E-01 -2.202000000E+05 1.612800049E+03 1.719299927E+02 4.787000122E+02 -5.010600090E+00 1.056200027E+01 2.191200018E+00 9.721499681E-02 3.435800085E-03
 1.045500030E-04 9.087599756E-05 2.657000124E-01 -2.213400000E+05 4.635899902E+03 1.709400024E+02 4.804400024E+02 -4.482600212E+00 9.866600037E+00 2.205399990E+00 9.458100051E-02 3.511199960E-03
 1.065999968E-04 9.085200145E-05 2.603799999E-01 -2.198100000E+05 5.777000000E+03 1.699799957E+02 4.822900085E+02 -4.029399872E+00 7.131800175E+00 2.220200062E+00 9.216500074E-02 3.582800040E-03
 1.086499979E-04 9.082799806E-05 2.559500039E-01 -2.198000000E+05 2.925899902E+03 1.691199951E+02 4.836900024E+02 -3.659499884E+00 1.054399967E+01 2.232300043E+00 9.013900161E-02 3.644600045E-03
 1.106999989E-04 9.080400196E-05 2.522499859E-01 -2.223900000E+05 5.334400024E+02 1.684700012E+02 4.846000061E+02 -3.393300056E+00 4.808300018E+00 2.240700006E+00 8.849599957E-02 3.698100103E-03
 1.127500000E-04 9.077999857E-05 2.486999929E-01 -2.258100000E+05 -2.473300018E+02 1.678399963E+02 4.856300049E+02 -3.510999918E+00 9.147700071E-01 2.249700069E+00 8.692599833E-02 3.750799922E-03
 1.148000010E-04 9.075600246E-05 2.451599985E-01 -2.267400000E+05 -1.969099998E+01 1.671100006E+02 4.867099915E+02 -3.566499949E+00 1.098799992E+01 2.259599924E+00 8.531600237E-02 3.805000102E-03
 1.168500021E-04 9.073199908E-05 2.415499985E-01 -2.279600000E+05 3.912800049E+03 1.663999939E+02 4.879599915E+02 -3.581500053E+00 6.019000053E+00 2.270200014E+00 8.370199800E-02 3.861899953E-03
 1.189000031E-04 9.070800297E-05 2.381699979E-01 -2.288600000E+05 6.671299805E+03 1.656999969E+02 4.892900085E+02 -3.706500053E+00 2.245899916E+00 2.281300068E+00 8.217900246E-02 3.916699905E-03
 1.209499969E-04 9.068399959E-05 2.350600064E-01 -2.278800000E+05 3.045399902E+03 1.650700073E+02 4.902999878E+02 -3.652199984E+00 1.115799999E+01 2.290299892E+00 8.080299944E-02 3.968500067E-03
 1.230000053E-04 9.066000348E-05 2.319499999E-01 -2.200400000E+05 5.646300049E+02 1.644100037E+02 4.914500122E+02 -3.495300055E+00 1.735300064E+01 2.300299883E+00 7.941400260E-02 4.021700006E-03
 1.250500063E-04 9.063600010E-05 2.288900018E-01 -2.183000000E+05 2.299700012E+02 1.637700043E+02 4.924599915E+02 -3.600300074E+00 1.056299973E+01 2.309499979E+00 7.805900276E-02 4.075599834E-03
 1.270999928E-04 9.061199671E-05 2.258100063E-01 -2.264900000E+05 -4.276600037E+02 1.632299957E+02 4.933099976E+02 -3.866600037E+00 8.157100081E-01 2.317399979E+00 7.675500214E-02 4.131100141E-03
 1.291499939E-04 9.058800060E-05 2.228399962E-01 -2.329100000E+05 -9.097399902E+02 1.625899963E+02 4.941400146E+02 -3.982399940E+00 2.742399931E+00 2.325799942E+00 7.545100152E-02 4.186099861E-03
 1.311999949E-04 9.056399722E-05 2.199099958E-01 -2.339900000E+05 6.970399780E+02 1.619700012E+02 4.950599976E+02 -4.276999950E+00 6.316699982E+00 2.334599972E+00 7.417500019E-02 4.241900053E-03
 1.332499960E-04 9.054000111E-05 2.167399973E-01 -2.333100000E+05 2.877699890E+02 1.613699951E+02 4.961900024E+02 -4.275199890E+00 1.332400036E+01 2.344300032E+00 7.283300161E-02 4.304000176E-03
 1.352999971E-04 9.051599773E-05 2.138999999E-01 -2.459400000E+05 1.505000000E+03 1.610099945E+02 4.966700134E+02 -4.281099796E+00 1.622500038E+01 2.349200010E+00 7.171499729E-02 4.361100029E-03
 1.373499981E-04 9.049200162E-05 2.113199979E-01 -2.678600000E+05 3.233399902E+03 1.608300018E+02 4.970400085E+02 -4.402299881E+00 1.311699963E+01 2.352200031E+00 7.077199966E-02 4.414500203E-03
 1.393999992E-04 9.046799823E-05 2.086900026E-01 -2.852300000E+05 4.046800049E+03 1.606399994E+02 4.973900146E+02 -4.471399784E+00 1.260900021E+01 2.355299950E+00 6.981100142E-02 4.469899926E-03
 1.414500002E-04 9.044400213E-05 2.063000053E-01 -3.084700000E+05 6.307200195E+03 1.606199951E+02 4.972600098E+02 -4.533599854E+00 1.754899979E+01 2.354899883E+00 6.899999827E-02 4.521700088E-03
 1.435000013E-04 9.041999874E-05 2.037999928E-01 -3.307900000E+05 2.946600098E+03 1.605399933E+02 4.975100098E+02 -4.560100079E+00 1.436699963E+01 2.356600046E+00 6.813099980E-02 4.577199928E-03
 1.455500023E-04 9.039600263E-05 2.011300027E-01 -3.481100000E+05 -1.263699951E+03 1.603399963E+02 4.980799866E+02 -4.564400196E+00 4.223299921E-01 2.360699892E+00 6.715600193E-02 4.637999926E-03
 1.476000034E-04 9.037199925E-05 1.986899972E-01 -3.681200000E+05 1.907500000E+03 1.602899933E+02 4.982200012E+02 -4.495299816E+00 -3.049000025E+00 2.361799955E+00 6.632000208E-02 4.694799893E-03
 1.496500045E-04 9.034800314E-05 1.964599937E-01 -3.915000000E+05 5.227399902E+03 1.603500061E+02 4.981000061E+02 -4.621500015E+00 8.302499771E+00 2.360699892E+00 6.560199708E-02 4.748200066E-03
 1.517000055E-04 9.032399976E-05 1.942200065E-01 -4.145500000E+05 6.091100098E+03 1.604100037E+02 4.980199890E+02 -4.827199936E+00 1.870100021E+01 2.359899998E+00 6.487700343E-02 4.802899901E-03
 1.537500066E-04 9.029999637E-05 1.923799962E-01 -4.523300000E+05 4.408700195E+03 1.610200043E+02 4.968699951E+02 -4.988299847E+00 1.793700027E+01 2.350100040E+00 6.450600177E-02 4.848999903E-03
 1.557999931E-04 9.027600026E-05 1.923400015E-01 -5.793700000E+05 1.494699951E+03 1.646000061E+02 4.909299927E+02 -5.294799805E+00 1.187199974E+01 2.297100067E+00 6.593099982E-02 4.849900026E-03
 1.578499941E-04 9.025199688E-05 2.000900060E-01 -9.808600000E+05 2.961199951E+03 1.789199982E+02 4.667000122E+02 -5.206999779E+00 8.934700012E+00 2.099999905E+00 7.471700013E-02 4.667699803E-03
 1.598999952E-04 9.022800077E-05 2.334900051E-01 -1.517600000E+06 1.504500000E+03 2.126399994E+02 3.998800049E+02 -4.532800198E+00 9.182200432E+00 1.663100004E+00 1.046200022E-01 4.046400078E-03
 1.619499963E-04 9.020399739E-05 3.243800104E-01 -1.320700000E+06 7.371600098E+03 2.545399933E+02 2.931199951E+02 -2.684600115E+00 2.448100090E+01 1.113700032E+00 1.745599955E-01 2.994300099E-03
 1.639999973E-04 9.018000128E-05 4.645200074E-01 -5.367900000E+05 9.107099609E+03 2.819100037E+02 2.013000031E+02 3.165000081E-01 1.912199974E+01 7.213500142E-01 2.739300132E-01 2.062800108E-03
 1.660499984E-04 9.015599790E-05 5.768499970E-01 -9.979800000E+04 6.222700195E+02 2.919700012E+02 1.596499939E+02 1.980599999E+00 1.272099972E+00 5.609200001E-01 3.508799970E-01 1.623700024E-03
 1.680999994E-04 9.013200179E-05 6.210600138E-01 -7.389299805E+03 1.895699951E+03 2.945400085E+02 1.498800049E+02 2.109899998E+00 6.961299896E+00 5.241699815E-01 3.809199929E-01 1.502200030E-03
 1.701500005E-04 9.010799840E-05 6.287599802E-01 -1.627500000E+03 -3.987199951E+03 2.947799988E+02 1.502200012E+02 1.897099972E+00 9.980099678E+00 5.251299739E-01 3.859600127E-01 1.483600005E-03
 1.722000015E-04 9.008400230E-05 6.287500262E-01 -2.036199951E+03 -1.758599976E+03 2.944200134E+02 1.520299988E+02 1.615000010E+00 -1.481799960E+00 5.317900181E-01 3.854799867E-01 1.483600005E-03
 1.742500026E-04 9.005999891E-05 6.272699833E-01 -7.619699707E+02 5.429299927E+02 2.941199951E+02 1.538500061E+02 1.378000021E+00 -1.558899975E+01 5.384100080E-01 3.841800094E-01 1.487100031E-03
 1.763000037E-04 9.003600280E-05 6.247000098E-01 -1.502199951E+03 -3.700300049E+03 2.939100037E+02 1.556399994E+02 1.040199995E+00 -8.388799667E+00 5.448499918E-01 3.823400140E-01 1.493199961E-03
 1.783500047E-04 9.001199942E-05 6.230999827E-01 2.473600098E+03 3.783899902E+03 2.936199951E+02 1.570200043E+02 8.254399896E-01 4.767399788E+00 5.499600172E-01 3.809899986E-01 1.496999990E-03
 1.804000058E-04 8.998800331E-05 6.223499775E-01 5.461200195E+03 3.581399902E+03 2.933599854E+02 1.580899963E+02 8.604999781E-01 1.823100090E+01 5.539399981E-01 3.801900148E-01 1.498800004E-03
 1.824500068E-04 8.996399993E-05 6.205899715E-01 5.518599854E+02 -1.625500000E+03 2.930499878E+02 1.593500061E+02 8.316699862E-01 2.783200073E+01 5.586699843E-01 3.787100017E-01 1.503100037E-03
 1.844999933E-04 8.993999654E-05 6.198300123E-01 2.849699951E+03 1.356199951E+03 2.928099976E+02 1.602500000E+02 6.157400012E-01 6.425399780E+00 5.620300174E-01 3.779399991E-01 1.504900050E-03
 1.865499944E-04 8.991600043E-05 6.197500229E-01 1.111800000E+04 2.477800049E+03 2.926000061E+02 1.608600006E+02 4.420199990E-01 -1.440700054E+00 5.643500090E-01 3.776200116E-01 1.505100052E-03
 1.885999955E-04 8.989199705E-05 6.185299754E-01 5.389700195E+03 -3.560899902E+03 2.924899902E+02 1.617700043E+02 6.071900129E-01 7.329199791E+00 5.676800013E-01 3.767299950E-01 1.508099958E-03
 1.906499965E-04 8.986800094E-05 6.171299815E-01 -3.005299988E+02 -3.782399902E+03 2.924299927E+02 1.626999969E+02 6.776300073E-01 7.722499847E+00 5.709999800E-01 3.758000135E-01 1.511499984E-03
 1.926999976E-04 8.984399756E-05 6.153299809E-01 -2.064000000E+03 -1.902899933E+01 2.922999878E+02 1.636199951E+02 4.430899918E-01 2.255299950E+01 5.743499994E-01 3.745400012E-01 1.515900018E-03
 1.947499986E-04 8.982000145E-05 6.138499975E-01 -1.094099976E+03 1.744800049E+03 2.922600098E+02 1.643800049E+02 3.684099913E-01 2.568899918E+01 5.770400167E-01 3.735800087E-01 1.519600046E-03
 1.967999997E-04 8.979599806E-05 6.130599976E-01 2.208500000E+03 -1.448599976E+03 2.921700134E+02 1.650399933E+02 3.889499903E-01 1.040499973E+01 5.794600248E-01 3.729900122E-01 1.521499944E-03
 1.988500007E-04 8.977200196E-05 6.121699810E-01 2.804800049E+03 -6.455200195E+03 2.919100037E+02 1.658600006E+02 4.681600034E-01 8.113200188E+00 5.825899839E-01 3.721199930E-01 1.523799961E-03
 2.009000018E-04 8.974799857E-05 6.113600135E-01 1.987900024E+03 9.297499847E+01 2.917699890E+02 1.664499969E+02 4.833100140E-01 -8.070100099E-02 5.848199725E-01 3.714599907E-01 1.525799977E-03
 2.029500029E-04 8.972400246E-05 6.103100181E-01 5.774899902E+03 1.044500000E+04 2.916000061E+02 1.670500031E+02 4.412499964E-01 -1.146199989E+01 5.870800018E-01 3.705900013E-01 1.528399996E-03
 2.050000039E-04 8.969999908E-05 6.094800234E-01 1.080000000E+04 1.267100000E+04 2.913999939E+02 1.675000000E+02 4.715699852E-01 -6.685800076E+00 5.888599753E-01 3.698399961E-01 1.530500012E-03
 0.000000000E+00 9.200000204E-05 1.600700021E+00 -5.542500000E+04 -1.134800049E+03 3.000000000E+02 1.397899933E+02 -5.682299733E-01 -1.027099991E+02 4.756099880E-01 9.885900021E-01 5.896600196E-04
 2.049999921E-06 9.200000204E-05 1.594400048E+00 -3.920700000E+04 -3.625800049E+03 3.001400146E+02 1.376300049E+02 -4.512900114E-01 -5.220100021E+01 4.723800123E-01 9.908300042E-01 5.885100109E-04
 4.099999842E-06 9.200000204E-05 1.588899970E+00 -2.441000000E+04 1.733300000E+04 3.001700134E+02 1.346999969E+02 -3.646700084E-01 -5.827899933E+00 4.666100144E-01 9.931600094E-01 5.870800233E-04
 6.149999990E-06 9.200000204E-05 1.588799953E+00 -1.226700000E+04 2.243300000E+04 3.000000000E+02 1.336799927E+02 -2.603499889E-01 -5.624899864E+00 4.631800056E-01 9.925199747E-01 5.871200119E-04
 8.199999684E-06 9.200000204E-05 1.585700035E+00 -1.990600000E+04 -2.450200043E+02 2.999899902E+02 1.333600006E+02 -5.071000010E-02 2.261199951E+01 4.620899856E-01 9.905599952E-01 5.882700207E-04
 1.024999983E-05 9.200000204E-05 1.583199978E+00 -3.970500000E+04 -4.973100098E+03 2.998599854E+02 1.334299927E+02 -5.958300084E-03 2.579500008E+01 4.624400139E-01 9.885600209E-01 5.892000045E-04
 1.229999998E-05 9.200000204E-05 1.582700014E+00 -1.782900000E+04 -1.960800049E+03 2.993500061E+02 1.336999969E+02 -1.944800024E-03 -9.590600014E+00 4.637500048E-01 9.865900278E-01 5.893799826E-04
 1.435000013E-05 9.200000204E-05 1.581200004E+00 2.214100098E+03 -5.134100098E+03 2.989500122E+02 1.342100067E+02 1.075100005E-01 -2.842600060E+01 4.658299983E-01 9.843099713E-01 5.899500102E-04
 1.639999937E-05 9.200000204E-05 1.577000022E+00 -1.893900000E+04 1.005700012E+03 2.988699951E+02 1.352899933E+02 2.746999860E-01 -3.406399965E+00 4.696600139E-01 9.814299941E-01 5.915199872E-04
 1.845000043E-05 9.200000204E-05 1.573600054E+00 -2.098300000E+04 8.175000000E+03 2.985100098E+02 1.367599945E+02 3.172000051E-01 4.014799881E+01 4.750399888E-01 9.781600237E-01 5.927900202E-04
 2.049999966E-05 9.200000204E-05 1.567999959E+00 -9.621099609E+03 9.543099609E+03 2.982000122E+02 1.387100067E+02 3.244700134E-01 1.455300045E+01 4.820899963E-01 9.736599922E-01 5.949100014E-04
 2.255000072E-05 9.200000204E-05 1.563699961E+00 -9.565200195E+03 -8.316799805E+03 2.979599915E+02 1.407500000E+02 4.082399905E-01 -4.961599827E+00 4.893699884E-01 9.702299833E-01 5.965299788E-04
 2.459999996E-05 9.200000204E-05 1.558200002E+00 -1.389400000E+04 -2.924400000E+04 2.974299927E+02 1.431999969E+02 3.838799894E-01 1.627599907E+01 4.982999861E-01 9.650700092E-01 5.986599717E-04
 2.664999920E-05 9.200000204E-05 1.547299981E+00 -9.375400391E+03 2.768100098E+03 2.968900146E+02 1.463899994E+02 4.571900070E-01 1.309700012E+01 5.098900199E-01 9.565799832E-01 6.028800271E-04
 2.870000026E-05 9.200000204E-05 1.539000034E+00 1.967300000E+04 1.141500000E+04 2.963099976E+02 1.496300049E+02 4.996500015E-01 2.307399988E+00 5.216699839E-01 9.496399760E-01 6.061000167E-04
 3.075000132E-05 9.200000204E-05 1.530799985E+00 2.524600000E+04 -9.726799805E+03 2.956099854E+02 1.532500000E+02 4.968000054E-01 4.011899948E+00 5.349400043E-01 9.423000216E-01 6.093800184E-04
 3.279999873E-05 9.200000204E-05 1.516100049E+00 -5.314000000E+03 2.201500000E+03 2.946799927E+02 1.575500031E+02 4.983699918E-01 -1.809900045E+00 5.508099794E-01 9.303200245E-01 6.153000286E-04
 3.484999979E-05 9.200000204E-05 1.499300003E+00 -1.237500000E+04 -2.033900024E+03 2.938900146E+02 1.624700012E+02 6.025800109E-01 8.199799538E+00 5.687699914E-01 9.175500274E-01 6.221699878E-04
 3.690000085E-05 9.200000204E-05 1.484599948E+00 2.340700000E+04 -1.578500000E+04 2.927999878E+02 1.680099945E+02 7.085800171E-01 -7.046899796E-01 5.892599821E-01 9.052299857E-01 6.283199764E-04
 3.894999827E-05 9.200000204E-05 1.465399981E+00 1.331800000E+04 -8.461200195E+03 2.914200134E+02 1.745000000E+02 7.227799892E-01 -1.071100044E+01 6.134899855E-01 8.892800212E-01 6.365900044E-04
 4.099999933E-05 9.200000204E-05 1.441699982E+00 -6.537799805E+03 5.205600098E+03 2.901099854E+02 1.818099976E+02 7.761499882E-01 -1.623500061E+01 6.406199932E-01 8.709499836E-01 6.470800145E-04
 4.305000039E-05 9.200000204E-05 1.416000009E+00 1.609000000E+04 1.313500000E+04 2.884100037E+02 1.898999939E+02 7.268800139E-01 1.956200004E-01 6.711199880E-01 8.504300117E-01 6.588299875E-04
 4.510000144E-05 9.200000204E-05 1.384799957E+00 4.707800000E+04 3.771699951E+03 2.862500000E+02 1.995399933E+02 6.836599708E-01 7.085500336E+01 7.078700066E-01 8.254899979E-01 6.737100193E-04
 4.714999886E-05 9.200000204E-05 1.344699979E+00 6.063300000E+04 -1.122000000E+04 2.835299988E+02 2.112700043E+02 7.511600256E-01 6.270800018E+01 7.530599833E-01 7.940300107E-01 6.938599981E-04
 4.919999992E-05 9.200000204E-05 1.297700047E+00 6.194500000E+04 -2.157700000E+04 2.798399963E+02 2.245200043E+02 6.838899851E-01 1.023099995E+01 8.055999875E-01 7.563499808E-01 7.190500037E-04
 5.125000098E-05 9.200000204E-05 1.241899967E+00 7.161900000E+04 -7.039000000E+03 2.755199890E+02 2.395899963E+02 4.143700004E-01 -5.278100014E+00 8.663700223E-01 7.126700282E-01 7.515699835E-04
 5.329999840E-05 9.200000204E-05 1.175699949E+00 6.976400000E+04 6.809000000E+03 2.707000122E+02 2.563900146E+02 1.877699941E-01 1.945400047E+01 9.354000092E-01 6.629400253E-01 7.941200165E-04
 5.534999946E-05 9.200000204E-05 1.103199959E+00 4.133900000E+04 3.035399902E+03 2.651700134E+02 2.738999939E+02 2.092600055E-02 -5.166399956E+00 1.009699941E+00 6.093699932E-01 8.465399733E-04
 5.740000051E-05 9.200000204E-05 1.026000023E+00 3.695500000E+04 3.887199951E+03 2.592300110E+02 2.923299866E+02 -5.074200034E-01 -3.638700104E+01 1.089900017E+00 5.541200042E-01 9.105000063E-04
 5.945000157E-05 9.200000204E-05 9.500799775E-01 4.873100000E+04 -1.458800049E+03 2.528600006E+02 3.101400146E+02 -1.135300040E+00 -1.165400028E+01 1.170699954E+00 5.005199909E-01 9.832299547E-04
 6.150000263E-05 9.200000204E-05 8.786299825E-01 5.238800000E+04 -8.535700195E+03 2.460399933E+02 3.270599976E+02 -1.511899948E+00 -1.378999996E+01 1.251700044E+00 4.504300058E-01 1.063399948E-03
 6.354999641E-05 9.200000204E-05 8.080400229E-01 4.958500000E+04 7.325500000E+03 2.390599976E+02 3.439700012E+02 -2.180399895E+00 2.635900021E+00 1.335500002E+00 4.025000036E-01 1.156599959E-03
 6.559999747E-05 9.200000204E-05 7.397599816E-01 1.453800000E+04 5.677199707E+02 2.324100037E+02 3.599299927E+02 -2.529099941E+00 5.393899918E+00 1.417299986E+00 3.582400084E-01 1.263499958E-03
 6.764999853E-05 9.200000204E-05 6.792600155E-01 -1.078900000E+04 -4.541500000E+03 2.262100067E+02 3.741700134E+02 -2.938100100E+00 -5.253599882E-01 1.493299961E+00 3.201400042E-01 1.375499996E-03
 6.969999959E-05 9.200000204E-05 6.262199879E-01 -2.767400000E+04 6.920899902E+03 2.204700012E+02 3.867600098E+02 -3.421400070E+00 2.105500031E+01 1.563500047E+00 2.876499891E-01 1.491999952E-03
 7.175000064E-05 9.200000204E-05 5.773900151E-01 -4.866400000E+04 -3.428699951E+03 2.149400024E+02 3.985299988E+02 -3.568500042E+00 1.782399940E+01 1.631700039E+00 2.585600019E-01 1.618199982E-03
 7.380000170E-05 9.200000204E-05 5.340800285E-01 -5.882500000E+04 -3.672500000E+03 2.096100006E+02 4.091000061E+02 -3.879100084E+00 1.935600090E+01 1.696099997E+00 2.332299948E-01 1.749000046E-03
 7.585000276E-05 9.200000204E-05 4.963600039E-01 -7.797200000E+04 -4.438999939E+02 2.047100067E+02 4.182799988E+02 -4.132599831E+00 2.639599991E+01 1.754699945E+00 2.116699964E-01 1.881700009E-03
 7.789999654E-05 9.200000204E-05 4.625700116E-01 -9.696400000E+04 1.031699982E+02 2.002100067E+02 4.268699951E+02 -4.282700062E+00 9.868599892E+00 1.810799956E+00 1.929199994E-01 2.019000007E-03
 7.994999760E-05 9.200000204E-05 4.328399897E-01 -1.142400000E+05 -1.032300049E+03 1.963300018E+02 4.346499939E+02 -4.310299873E+00 -2.970499992E+00 1.861799955E+00 1.770099998E-01 2.157199895E-03
 8.199999866E-05 9.200000204E-05 4.066300094E-01 -1.339500000E+05 -4.967099915E+02 1.929299927E+02 4.414200134E+02 -4.254700184E+00 5.646699905E+00 1.907400012E+00 1.634099931E-01 2.296200022E-03
 8.404999971E-05 9.200000204E-05 3.830499947E-01 -1.485300000E+05 -4.568700195E+03 1.896399994E+02 4.480599976E+02 -4.062399864E+00 1.196800041E+01 1.952800035E+00 1.512999982E-01 2.437199932E-03
 8.610000077E-05 9.200000204E-05 3.628700078E-01 -1.607200000E+05 -8.533500000E+03 1.865800018E+02 4.537399902E+02 -4.126900196E+00 2.186000061E+01 1.993700027E+00 1.410100013E-01 2.572299913E-03
 8.815000183E-05 9.200000204E-05 3.449200094E-01 -1.614900000E+05 -1.913300049E+03 1.837500000E+02 4.587300110E+02 -4.022900105E+00 2.214999962E+01 2.031100035E+00 1.320099980E-01 2.706199884E-03
 9.020000289E-05 9.200000204E-05 3.296700120E-01 -1.763300000E+05 1.091399994E+02 1.814299927E+02 4.626499939E+02 -3.700400114E+00 -1.023499966E+00 2.061399937E+00 1.245699972E-01 2.830599900E-03
 9.224999667E-05 9.200000204E-05 3.165799975E-01 -1.904800000E+05 -4.013899902E+03 1.791699982E+02 4.661199951E+02 -3.728300095E+00 6.902800083E+00 2.089999914E+00 1.181299984E-01 2.947699977E-03
 9.429999773E-05 9.200000204E-05 3.046900034E-01 -1.934000000E+05 -2.023800049E+03 1.771199951E+02 4.696199951E+02 -3.374300003E+00 1.656100082E+01 2.117700100E+00 1.123899966E-01 3.062400036E-03
 9.634999878E-05 9.200000204E-05 2.950299978E-01 -2.098200000E+05 1.658000000E+03 1.756900024E+02 4.719700012E+02 -2.863600016E+00 -1.156399965E+00 2.137000084E+00 1.079400033E-01 3.162400099E-03
 9.839999984E-05 9.200000204E-05 2.864300013E-01 -2.210300000E+05 -1.654299927E+02 1.742100067E+02 4.745199890E+02 -2.915899992E+00 4.946400166E+00 2.157700062E+00 1.039199978E-01 3.257300006E-03
 1.004500009E-04 9.200000204E-05 2.780799866E-01 -2.158900000E+05 -5.348800182E+00 1.727100067E+02 4.773299866E+02 -2.943599939E+00 9.012200356E+00 2.179800034E+00 1.000199988E-01 3.355199937E-03
 1.025000020E-04 9.200000204E-05 2.711499929E-01 -2.267300000E+05 -2.696000000E+03 1.716399994E+02 4.790100098E+02 -2.581099987E+00 7.943099976E+00 2.194299936E+00 9.691800177E-02 3.440500004E-03
 1.045500030E-04 9.200000204E-05 2.653799951E-01 -2.315800000E+05 -1.503599976E+03 1.706999969E+02 4.805799866E+02 -2.143699884E+00 3.330100060E+00 2.207600117E+00 9.433300048E-02 3.515399992E-03
 1.065999968E-04 9.200000204E-05 2.602300048E-01 -2.244500000E+05 2.957000000E+03 1.697299957E+02 4.826099854E+02 -1.926800013E+00 -1.124799967E+00 2.223200083E+00 9.197600186E-02 3.584800055E-03
 1.086499979E-04 9.200000204E-05 2.559700012E-01 -2.253700000E+05 4.148099976E+02 1.689400024E+02 4.839899902E+02 -1.835800052E+00 6.157299995E+00 2.234699965E+00 9.005100280E-02 3.644400043E-03
 1.106999989E-04 9.200000204E-05 2.521800101E-01 -2.270800000E+05 -1.938099976E+03 1.683999939E+02 4.848900146E+02 -1.611700058E+00 5.886300087E+00 2.242500067E+00 8.843199909E-02 3.699100111E-03
 1.127500000E-04 9.200000204E-05 2.487799972E-01 -2.365800000E+05 -9.628800049E+02 1.679499969E+02 4.857500000E+02 -1.849599957E+00 3.483700037E+00 2.249500036E+00 8.700799942E-02 3.749599913E-03
 1.148000010E-04 9.200000204E-05 2.453600019E-01 -2.356800000E+05 -5.164799805E+02 1.671499939E+02 4.867600098E+02 -1.838500023E+00 3.753499985E+00 2.259500027E+00 8.540599793E-02 3.801899962E-03
 1.168500021E-04 9.200000204E-05 2.419400066E-01 -2.311600000E+05 2.222800049E+03 1.663899994E+02 4.877799988E+02 -1.722499967E+00 -5.321199894E+00 2.269399881E+00 8.383300155E-02 3.855600022E-03
 1.189000031E-04 9.200000204E-05 2.384299934E-01 -2.346600000E+05 4.473299805E+03 1.656399994E+02 4.891000061E+02 -1.980999947E+00 -6.684800148E+00 2.280699968E+00 8.224199712E-02 3.912500106E-03
 1.209499969E-04 9.200000204E-05 2.350399941E-01 -2.359000000E+05 1.456699951E+03 1.650000000E+02 4.901400146E+02 -2.031100035E+00 2.902899981E+00 2.289999962E+00 8.075799793E-02 3.968799952E-03
 1.230000053E-04 9.200000204E-05 2.319400012E-01 -2.253400000E+05 -5.615200195E+02 1.643200073E+02 4.913999939E+02 -1.690999985E+00 8.128499985E+00 2.300600052E+00 7.936699688E-02 4.021899775E-03
 1.250500063E-04 9.200000204E-05 2.290599942E-01 -2.199300000E+05 -5.104200134E+02 1.637100067E+02 4.924400024E+02 -1.662899971E+00 4.715799809E+00 2.309799910E+00 7.808700204E-02 4.072399810E-03
 1.270999928E-04 9.200000204E-05 2.261199951E-01 -2.251700000E+05 -1.933099976E+03 1.632100067E+02 4.931199951E+02 -1.914299965E+00 -7.489999771E+00 2.316499949E+00 7.685100287E-02 4.125500098E-03
 1.291499939E-04 9.200000204E-05 2.230799943E-01 -2.337400000E+05 -3.751399902E+03 1.626300049E+02 4.940799866E+02 -2.004800081E+00 -4.317800045E+00 2.325200081E+00 7.554800063E-02 4.181699827E-03
 1.311999949E-04 9.200000204E-05 2.199400067E-01 -2.407000000E+05 -8.663499756E+02 1.621300049E+02 4.951499939E+02 -2.333199978E+00 5.778100014E+00 2.333800077E+00 7.425799966E-02 4.241299815E-03
 1.332499960E-04 9.200000204E-05 2.167800069E-01 -2.389100000E+05 -2.360899902E+03 1.614900055E+02 4.963299866E+02 -2.131599903E+00 9.186100006E+00 2.344000101E+00 7.289700210E-02 4.303299822E-03
 1.352999971E-04 9.200000204E-05 2.141900063E-01 -2.491300000E+05 -2.781199951E+03 1.610599976E+02 4.965299988E+02 -1.974799991E+00 1.099400043E+01 2.348000050E+00 7.184000313E-02 4.354999866E-03
 1.373499981E-04 9.200000204E-05 2.113900036E-01 -2.683100000E+05 -1.184000000E+03 1.608300018E+02 4.971000061E+02 -2.193599939E+00 1.053499985E+01 2.352400064E+00 7.079699636E-02 4.412999842E-03
 1.393999992E-04 9.200000204E-05 2.084999979E-01 -2.878800000E+05 1.446199951E+03 1.606699982E+02 4.977999878E+02 -2.316299915E+00 8.644399643E+00 2.356899977E+00 6.976100057E-02 4.473899957E-03
 1.414500002E-04 9.200000204E-05 2.061599940E-01 -3.110600000E+05 6.269600098E+03 1.606900024E+02 4.974500122E+02 -2.221199989E+00 8.971799850E+00 2.355099916E+00 6.898199767E-02 4.524900112E-03
 1.435000013E-04 9.200000204E-05 2.036599964E-01 -3.233100000E+05 2.205500000E+03 1.604400024E+02 4.976199951E+02 -2.298399925E+00 5.789899826E+00 2.357800007E+00 6.804300100E-02 4.580299836E-03
 1.455500023E-04 9.200000204E-05 2.012100071E-01 -3.398200000E+05 -1.875300049E+03 1.602100067E+02 4.979700012E+02 -2.324100018E+00 -1.739099979E+00 2.361099958E+00 6.712599844E-02 4.636100028E-03
 1.476000034E-04 9.200000204E-05 1.988400072E-01 -3.608100000E+05 -9.372100220E+02 1.602299957E+02 4.981000061E+02 -2.251899958E+00 -7.207699776E+00 2.361599922E+00 6.634300202E-02 4.691500217E-03
 1.496500045E-04 9.200000204E-05 1.965699941E-01 -3.834600000E+05 7.570900269E+02 1.603099976E+02 4.982300110E+02 -2.408200026E+00 2.673700094E+00 2.361599922E+00 6.561899930E-02 4.745400045E-03
 1.517000055E-04 9.200000204E-05 1.945800036E-01 -4.161800000E+05 2.503899902E+03 1.605200043E+02 4.979100037E+02 -2.404999971E+00 1.072200012E+01 2.358599901E+00 6.503699720E-02 4.794199951E-03
 1.537500066E-04 9.200000204E-05 1.929000020E-01 -4.589100000E+05 1.571099976E+03 1.612500000E+02 4.964400024E+02 -2.358200073E+00 7.992599964E+00 2.346299887E+00 6.476999819E-02 4.835799802E-03
 1.557999931E-04 9.200000204E-05 1.927199960E-01 -5.840200000E+05 -3.081500000E+03 1.647299957E+02 4.906099854E+02 -2.754300117E+00 -3.743299961E+00 2.294500113E+00 6.611099839E-02 4.840299953E-03
 1.578499941E-04 9.200000204E-05 2.002699971E-01 -9.894400000E+05 -4.676899902E+03 1.788399963E+02 4.666300049E+02 -2.816299915E+00 -1.442700005E+01 2.099999905E+00 7.474499941E-02 4.663500004E-03
 1.598999952E-04 9.200000204E-05 2.338200063E-01 -1.539300000E+06 -1.262100000E+04 2.127599945E+02 3.996199951E+02 -2.423099995E+00 -4.381299973E+01 1.661800027E+00 1.048500016E-01 4.041399807E-03
 1.619499963E-04 9.200000204E-05 3.235999942E-01 -1.354800000E+06 -9.193700195E+03 2.548699951E+02 2.930499878E+02 -1.584300041E+00 -7.044899750E+01 1.112499952E+00 1.743099988E-01 2.997099888E-03
 1.639999973E-04 9.200000204E-05 4.627200067E-01 -5.672700000E+05 2.514699951E+03 2.821199951E+02 2.014799957E+02 2.402399927E-01 -5.872000122E+01 7.217400074E-01 2.730700076E-01 2.071599942E-03
 1.660499984E-04 9.200000204E-05 5.766000152E-01 -1.143400000E+05 5.410200195E+03 2.920499878E+02 1.594199982E+02 1.103800058E+00 -7.815899849E+00 5.599799752E-01 3.508400023E-01 1.624800032E-03
 1.680999994E-04 9.200000204E-05 6.216300130E-01 -1.711600000E+04 9.426400391E+03 2.945299988E+02 1.494600067E+02 1.012300014E+00 3.868099976E+01 5.226699710E-01 3.812800050E-01 1.500800019E-03
 1.701500005E-04 9.200000204E-05 6.291400194E-01 -9.020500000E+03 2.726600098E+03 2.947399902E+02 1.498099976E+02 9.038299918E-01 2.156800079E+01 5.236999989E-01 3.861399889E-01 1.482699998E-03
 1.722000015E-04 9.200000204E-05 6.294500232E-01 5.202600002E+00 5.188100098E+03 2.943800049E+02 1.516900024E+02 8.619899750E-01 -1.094400024E+01 5.306000113E-01 3.858700097E-01 1.481899992E-03
 1.742500026E-04 9.200000204E-05 6.281300187E-01 -1.500099976E+03 5.062899902E+03 2.941900024E+02 1.537400055E+02 8.478099704E-01 -1.586999989E+01 5.379300117E-01 3.847999871E-01 1.485100016E-03
 1.763000037E-04 9.200000204E-05 6.255800128E-01 -6.805600098E+03 -2.565899902E+03 2.939200134E+02 1.556799927E+02 6.259999871E-01 -1.943700027E+01 5.449600220E-01 3.828899860E-01 1.491099945E-03
 1.783500047E-04 9.200000204E-05 6.234999895E-01 -3.060600098E+03 7.325200195E+03 2.936199951E+02 1.570800018E+02 4.656899869E-01 -7.969799995E+00 5.501599908E-01 3.812299967E-01 1.496099983E-03
 1.804000058E-04 9.200000204E-05 6.223499775E-01 3.540300049E+03 1.097900000E+04 2.933800049E+02 1.582200012E+02 4.203799963E-01 1.560599995E+01 5.543599725E-01 3.802199960E-01 1.498800004E-03
 1.824500068E-04 9.200000204E-05 6.205999851E-01 2.341000000E+03 2.166399902E+03 2.930299988E+02 1.596000061E+02 3.123199940E-01 3.551599884E+01 5.595600009E-01 3.786900043E-01 1.503100037E-03
 1.844999933E-04 9.200000204E-05 6.201400161E-01 4.290499878E+02 5.814100098E+03 2.927999878E+02 1.605800018E+02 2.898899913E-01 1.605500031E+01 5.631800294E-01 3.781099916E-01 1.504200045E-03
 1.865499944E-04 9.200000204E-05 6.201199889E-01 7.346100098E+03 6.476899902E+03 2.925400085E+02 1.611000061E+02 2.260899991E-01 5.164499879E-01 5.652700067E-01 3.777700067E-01 1.504200045E-03
 1.885999955E-04 9.200000204E-05 6.188499928E-01 8.492200195E+03 6.450499725E+01 2.924200134E+02 1.618300018E+02 2.181999981E-01 1.013700008E+01 5.679600239E-01 3.768399954E-01 1.507299952E-03
 1.906499965E-04 9.200000204E-05 6.177300215E-01 9.448900391E+03 4.935699844E+01 2.924200134E+02 1.627100067E+02 4.114899933E-01 5.185200214E+00 5.710399747E-01 3.761599958E-01 1.509999973E-03
 1.926999976E-04 9.200000204E-05 6.156899929E-01 6.676899902E+03 5.593199921E+01 2.922300110E+02 1.638500061E+02 2.910000086E-01 2.984199905E+01 5.752199888E-01 3.746699989E-01 1.515000011E-03
 1.947499986E-04 9.200000204E-05 6.140300035E-01 7.299299805E+03 2.325500000E+03 2.920599976E+02 1.646499939E+02 2.005800009E-01 3.439099884E+01 5.781999826E-01 3.734399974E-01 1.519100042E-03
 1.967999997E-04 9.200000204E-05 6.133199930E-01 1.364800000E+04 -2.463100098E+03 2.918900146E+02 1.650800018E+02 8.668500185E-02 6.635600090E+00 5.798799992E-01 3.727900088E-01 1.520900056E-03
 1.988500007E-04 9.200000204E-05 6.120100021E-01 5.601899902E+03 -8.482599609E+03 2.917099915E+02 1.658099976E+02 1.233099997E-01 5.588200092E+00 5.826200247E-01 3.717699945E-01 1.524199964E-03
 2.009000018E-04 9.200000204E-05 6.114000082E-01 -4.718800049E+02 9.600999756E+02 2.916000061E+02 1.665099945E+02 2.507500052E-01 3.308700085E+00 5.852100253E-01 3.712500036E-01 1.525699976E-03
 2.029500029E-04 9.200000204E-05 6.106100082E-01 2.886100098E+03 1.410000000E+04 2.914400024E+02 1.672200012E+02 2.094600052E-01 -1.546599960E+01 5.878499746E-01 3.705700040E-01 1.527699991E-03
 2.050000039E-04 9.200000204E-05 6.095399857E-01 4.150000000E+03 1.746900000E+04 2.913699951E+02 1.677100067E+02 2.538599968E-01 -1.575800037E+01 5.896300077E-01 3.698300123E-01 1.530300011E-03
ZONE T="BUFFER ZONE"
 STRANDID=0, SOLUTIONTIME=0
 I=31, J=41, K=1, ZONETYPE=Ordered
 DATAPACKING=POINT
 DT=(SINGLE SINGLE SINGLE SINGLE SINGLE SINGLE SINGLE SINGLE SINGLE SINGLE SINGLE SINGLE )
 2.050000039E-04 0.000000000E+00 2.757000029E-01 4.508000000E+03 -1.796800000E+05 2.786900024E+02 1.737699986E+00 2.976700134E+02 1.088300018E+02 6.460700035E-01 2.867900133E-01 2.261599991E-03
 2.070500050E-04 0.000000000E+00 2.759099901E-01 4.208100098E+03 -1.798700000E+05 2.784800110E+02 4.724599838E+00 2.967500000E+02 9.017800140E+01 6.434999704E-01 2.868700027E-01 2.259399975E-03
 2.091000060E-04 0.000000000E+00 2.760699987E-01 9.760900391E+03 -1.908800000E+05 2.783099976E+02 1.147099972E+01 2.956799927E+02 6.751200104E+01 6.420000196E-01 2.865099907E-01 2.259900095E-03
 2.111500071E-04 0.000000000E+00 2.757399976E-01 1.032400000E+04 -1.930700000E+05 2.786499939E+02 1.886300087E+01 2.960799866E+02 7.408799744E+01 6.473900080E-01 2.851699889E-01 2.269299934E-03
 2.131999936E-04 0.000000000E+00 2.753899992E-01 5.652799805E+03 -1.945100000E+05 2.790000000E+02 2.669000053E+01 2.964500122E+02 7.895400238E+01 6.547799706E-01 2.833699882E-01 2.281199908E-03
 2.152499947E-04 0.000000000E+00 2.749400139E-01 4.625899902E+03 -2.023000000E+05 2.794599915E+02 3.565999985E+01 2.965899963E+02 7.605500031E+01 6.632699966E-01 2.813999951E-01 2.295000013E-03
 2.172999957E-04 0.000000000E+00 2.744500041E-01 1.772400024E+03 -2.020000000E+05 2.799599915E+02 4.468999863E+01 2.971000061E+02 7.475399780E+01 6.735000014E-01 2.797099948E-01 2.307899995E-03
 2.193499968E-04 0.000000000E+00 2.738299966E-01 -5.746799805E+03 -1.962700000E+05 2.805899963E+02 5.326800156E+01 2.979800110E+02 8.183999634E+01 6.860700250E-01 2.777700126E-01 2.323300112E-03
 2.213999978E-04 0.000000000E+00 2.733300030E-01 -3.989600098E+03 -1.862000000E+05 2.811099854E+02 6.135200119E+01 2.991799927E+02 8.819100189E+01 7.008600235E-01 2.755999863E-01 2.339199884E-03
 2.234499989E-04 0.000000000E+00 2.731199861E-01 -1.205400024E+03 -1.773600000E+05 2.813299866E+02 6.913500214E+01 2.997799988E+02 7.258699799E+01 7.142099738E-01 2.737399936E-01 2.351100091E-03
 2.254999999E-04 0.000000000E+00 2.725999951E-01 -1.290900000E+04 -1.891900000E+05 2.818599854E+02 7.726599884E+01 2.998900146E+02 7.966400146E+01 7.279599905E-01 2.712900043E-01 2.369099995E-03
 2.275500010E-04 0.000000000E+00 2.722199857E-01 -1.840800000E+04 -2.038600000E+05 2.822600098E+02 8.538899994E+01 3.003399963E+02 8.020999908E+01 7.432399988E-01 2.691000104E-01 2.384799998E-03
 2.296000021E-04 0.000000000E+00 2.716600001E-01 -1.089900000E+04 -1.962100000E+05 2.828299866E+02 9.319400024E+01 3.015499878E+02 6.059600067E+01 7.598000169E-01 2.673600018E-01 2.399600111E-03
 2.316500031E-04 0.000000000E+00 2.707299888E-01 -2.933600098E+03 -2.041000000E+05 2.837999878E+02 1.001800003E+02 3.032399902E+02 4.767499924E+01 7.766799927E-01 2.655600011E-01 2.418299904E-03
 2.337000042E-04 0.000000000E+00 2.704299986E-01 5.666200195E+03 -2.002000000E+05 2.841199951E+02 1.059899979E+02 3.043200073E+02 4.277299881E+01 7.912499905E-01 2.639499903E-01 2.430499997E-03
 2.357500052E-04 0.000000000E+00 2.703700066E-01 3.991300049E+03 -1.851500000E+05 2.841799927E+02 1.113399963E+02 3.047399902E+02 5.433499908E+01 8.046500087E-01 2.620399892E-01 2.442500088E-03
 2.378000063E-04 0.000000000E+00 2.698200047E-01 -2.901000000E+03 -1.872700000E+05 2.847600098E+02 1.169499969E+02 3.057200012E+02 7.532700348E+01 8.203999996E-01 2.597000003E-01 2.461799886E-03
 2.398499928E-04 0.000000000E+00 2.691900134E-01 5.365000000E+03 -1.890200000E+05 2.854299927E+02 1.226299973E+02 3.066799927E+02 9.636799622E+01 8.376600146E-01 2.567799985E-01 2.485800069E-03
 2.418999939E-04 0.000000000E+00 2.685599923E-01 4.507399902E+03 -1.882500000E+05 2.861000061E+02 1.282200012E+02 3.080400085E+02 8.438800049E+01 8.576899767E-01 2.532399893E-01 2.514400054E-03
 2.439499949E-04 0.000000000E+00 2.679400146E-01 -4.955000000E+02 -1.886100000E+05 2.867600098E+02 1.332200012E+02 3.093900146E+02 1.080400009E+02 8.784800172E-01 2.491299957E-01 2.547400072E-03
 2.460000105E-04 0.000000000E+00 2.672399879E-01 8.836099609E+03 -1.903700000E+05 2.875199890E+02 1.382299957E+02 3.101099854E+02 1.438999939E+02 8.982499838E-01 2.447800040E-01 2.583999885E-03
 2.480499970E-04 0.000000000E+00 2.660999894E-01 2.018000000E+04 -1.913100000E+05 2.887500000E+02 1.443399963E+02 3.122200012E+02 1.512500000E+02 9.246500134E-01 2.399300039E-01 2.629899886E-03
 2.501000126E-04 0.000000000E+00 2.648299932E-01 1.683600000E+04 -1.829600000E+05 2.901300049E+02 1.511100006E+02 3.138900146E+02 1.626699982E+02 9.536100030E-01 2.341600060E-01 2.685999963E-03
 2.521499991E-04 0.000000000E+00 2.638399899E-01 1.027200000E+04 -1.764300000E+05 2.912200012E+02 1.582599945E+02 3.147099915E+02 1.713399963E+02 9.825900197E-01 2.282299995E-01 2.743100049E-03
 2.541999856E-04 0.000000000E+00 2.630000114E-01 1.496600000E+04 -1.784000000E+05 2.921499939E+02 1.662400055E+02 3.165499878E+02 1.983200073E+02 1.018599987E+00 2.218199968E-01 2.805900062E-03
 2.562500013E-04 0.000000000E+00 2.618800104E-01 2.120500000E+04 -1.783400000E+05 2.933999939E+02 1.758699951E+02 3.184800110E+02 1.965399933E+02 1.060099959E+00 2.147900015E-01 2.881099936E-03
 2.582999878E-04 0.000000000E+00 2.606300116E-01 3.220600000E+04 -1.781600000E+05 2.948099976E+02 1.875599976E+02 3.203900146E+02 1.986799927E+02 1.108000040E+00 2.073300034E-01 2.967099892E-03
 2.603500034E-04 0.000000000E+00 2.598400116E-01 4.982600000E+04 -1.601200000E+05 2.957000122E+02 2.016499939E+02 3.217000122E+02 2.168600006E+02 1.166000009E+00 1.986799985E-01 3.067099955E-03
 2.623999899E-04 0.000000000E+00 2.595500052E-01 6.445300000E+04 -1.451300000E+05 2.960299988E+02 2.199900055E+02 3.216700134E+02 1.792400055E+02 1.236899972E+00 1.889899969E-01 3.182000015E-03
 2.644500055E-04 0.000000000E+00 2.599799931E-01 6.233100000E+04 -1.278700000E+05 2.955400085E+02 2.546699982E+02 3.093900146E+02 3.661600113E+01 1.324000001E+00 1.785400063E-01 3.310800064E-03
 2.664999920E-04 0.000000000E+00 4.494799972E-01 -4.810200195E+03 -6.289800000E+04 3.407099915E+02 7.316500092E+01 1.735700073E+02 4.725900173E+00 6.124299765E-01 3.188999891E-01 2.075300086E-03
 2.050000039E-04 2.300000006E-06 3.727299869E-01 -3.085399902E+03 -1.106600000E+05 3.108900146E+02 2.554399967E+00 2.321499939E+02 6.573999786E+01 5.930600166E-01 3.111999929E-01 2.123600105E-03
 2.070500050E-04 2.300000006E-06 3.725500107E-01 4.472300110E+02 -1.145400000E+05 3.106099854E+02 5.639699936E+00 2.311999969E+02 7.361199951E+01 5.905200243E-01 3.108699918E-01 2.123800106E-03
 2.091000060E-04 2.300000006E-06 3.717699945E-01 7.006600098E+03 -1.240600000E+05 3.104100037E+02 1.239999962E+01 2.300800018E+02 7.126000214E+01 5.886300206E-01 3.099600077E-01 2.127700020E-03
 2.111500071E-04 2.300000006E-06 3.705799878E-01 2.533899902E+03 -1.227600000E+05 3.105599976E+02 1.990900040E+01 2.304299927E+02 7.305999756E+01 5.931199789E-01 3.085500002E-01 2.136700088E-03
 2.131999936E-04 2.300000006E-06 3.694899976E-01 -4.254700195E+03 -1.198400000E+05 3.104800110E+02 2.780200005E+01 2.308500061E+02 7.566100311E+01 5.996999741E-01 3.067499995E-01 2.146699931E-03
 2.152499947E-04 2.300000006E-06 3.682200015E-01 -4.812100098E+03 -1.221600000E+05 3.104800110E+02 3.619499969E+01 2.311999969E+02 6.187099838E+01 6.074799895E-01 3.047899902E-01 2.158100018E-03
 2.172999957E-04 2.300000006E-06 3.665100038E-01 3.941499939E+02 -1.178400000E+05 3.106499939E+02 4.475199890E+01 2.321399994E+02 5.645899963E+01 6.179199815E-01 3.028300107E-01 2.171000000E-03
 2.193499968E-04 2.300000006E-06 3.648599982E-01 8.521400146E+02 -1.157400000E+05 3.108299866E+02 5.311399841E+01 2.335299988E+02 6.797899628E+01 6.309700012E-01 3.007799983E-01 2.184699988E-03
 2.213999978E-04 2.300000006E-06 3.632700145E-01 -4.493500000E+03 -1.133600000E+05 3.110000000E+02 6.120800018E+01 2.350599976E+02 7.588400269E+01 6.455199718E-01 2.986600101E-01 2.198700095E-03
 2.234499989E-04 2.300000006E-06 3.617999852E-01 -4.736100098E+03 -1.136800000E+05 3.110700073E+02 6.916300201E+01 2.362100067E+02 5.225699997E+01 6.594600081E-01 2.967300117E-01 2.210899955E-03
 2.254999999E-04 2.300000006E-06 3.600600064E-01 -7.149200195E+03 -1.199500000E+05 3.111499939E+02 7.706400299E+01 2.370899963E+02 5.118399811E+01 6.738299727E-01 2.942700088E-01 2.226799959E-03
 2.275500010E-04 2.300000006E-06 3.585000038E-01 -6.994299805E+03 -1.192000000E+05 3.110599976E+02 8.469599915E+01 2.378999939E+02 5.344800186E+01 6.883100271E-01 2.919400036E-01 2.241000067E-03
 2.296000021E-04 2.300000006E-06 3.569799960E-01 -6.077200195E+03 -1.165300000E+05 3.110700073E+02 9.217099762E+01 2.395299988E+02 4.457400131E+01 7.049800158E-01 2.899399996E-01 2.254300052E-03
 2.316500031E-04 2.300000006E-06 3.550800085E-01 -4.454500000E+03 -1.210200000E+05 3.114299927E+02 9.933599854E+01 2.418899994E+02 3.615299988E+01 7.235000134E-01 2.879100144E-01 2.270499943E-03
 2.337000042E-04 2.300000006E-06 3.536899984E-01 3.323600098E+03 -1.145700000E+05 3.115000000E+02 1.056200027E+02 2.436199951E+02 3.972700119E+01 7.396600246E-01 2.861500084E-01 2.282700036E-03
 2.357500052E-04 2.300000006E-06 3.524299860E-01 3.041800049E+03 -1.042700000E+05 3.113900146E+02 1.113700027E+02 2.447500000E+02 6.742800140E+01 7.541900277E-01 2.842000127E-01 2.294699894E-03
 2.378000063E-04 2.300000006E-06 3.505100012E-01 -3.304300049E+03 -1.050100000E+05 3.114100037E+02 1.172099991E+02 2.463600006E+02 7.744499969E+01 7.706300020E-01 2.816300094E-01 2.312599914E-03
 2.398499928E-04 2.300000006E-06 3.476099968E-01 -2.692500000E+03 -1.069200000E+05 3.114299927E+02 1.232799988E+02 2.483099976E+02 8.823600006E+01 7.893300056E-01 2.780599892E-01 2.337699989E-03
 2.418999939E-04 2.300000006E-06 3.447600007E-01 -1.337900024E+03 -1.102600000E+05 3.113099976E+02 1.291499939E+02 2.508399963E+02 9.643299866E+01 8.104599714E-01 2.741099894E-01 2.365200082E-03
 2.439499949E-04 2.300000006E-06 3.420799971E-01 -6.722000000E+03 -1.080100000E+05 3.111900024E+02 1.345500031E+02 2.533500061E+02 1.137799988E+02 8.316699862E-01 2.700000107E-01 2.394299954E-03
 2.460000105E-04 2.300000006E-06 3.387599885E-01 -4.454599915E+02 -1.090700000E+05 3.110299988E+02 1.400399933E+02 2.553500061E+02 1.360800018E+02 8.521900177E-01 2.653099895E-01 2.428800100E-03
 2.480499970E-04 2.300000006E-06 3.347499967E-01 1.260000000E+04 -1.106600000E+05 3.109899902E+02 1.461799927E+02 2.584700012E+02 1.386900024E+02 8.775900006E-01 2.599399984E-01 2.471199958E-03
 2.501000126E-04 2.300000006E-06 3.298299909E-01 1.324000000E+04 -1.024800000E+05 3.111400146E+02 1.529900055E+02 2.618299866E+02 1.477299957E+02 9.061099887E-01 2.536300123E-01 2.524500014E-03
 2.521499991E-04 2.300000006E-06 3.244299889E-01 1.463500000E+04 -1.023400000E+05 3.111199951E+02 1.603500061E+02 2.648500061E+02 1.712500000E+02 9.356999993E-01 2.468200028E-01 2.583099995E-03
 2.541999856E-04 2.300000006E-06 3.191399872E-01 1.727000000E+04 -1.056900000E+05 3.107200012E+02 1.685599976E+02 2.686400146E+02 2.068300018E+02 9.708899856E-01 2.395800054E-01 2.645999892E-03
 2.562500013E-04 2.300000006E-06 3.129900098E-01 2.297200000E+04 -1.109000000E+05 3.103099976E+02 1.782799988E+02 2.729700012E+02 2.177599945E+02 1.011999965E+00 2.314500064E-01 2.721899888E-03
 2.582999878E-04 2.300000006E-06 3.061499894E-01 3.443900000E+04 -1.151900000E+05 3.098699951E+02 1.897100067E+02 2.776700134E+02 2.102799988E+02 1.059000015E+00 2.226500064E-01 2.810199978E-03
 2.603500034E-04 2.300000006E-06 2.987900078E-01 4.967300000E+04 -1.064400000E+05 3.086199951E+02 2.036499939E+02 2.827399902E+02 2.191300049E+02 1.116799951E+00 2.124200016E-01 2.915200079E-03
 2.623999899E-04 2.300000006E-06 2.902599871E-01 6.738600000E+04 -1.032600000E+05 3.066000061E+02 2.217100067E+02 2.874100037E+02 2.027700043E+02 1.187500000E+00 2.005099952E-01 3.045199905E-03
 2.644500055E-04 2.300000006E-06 2.728999853E-01 7.402900000E+04 -9.709100000E+04 3.004299927E+02 2.580899963E+02 2.858099976E+02 1.148099976E+02 1.273800015E+00 1.869100034E-01 3.206500085E-03
 2.664999920E-04 2.300000006E-06 2.600600123E-01 7.183100000E+04 -8.657300000E+04 2.954500122E+02 2.842500000E+02 2.821000061E+02 4.857199860E+01 1.321799994E+00 1.795700043E-01 3.296700073E-03
 2.050000039E-04 4.600000011E-06 4.773199856E-01 -1.095500000E+04 -3.042200000E+04 3.443599854E+02 3.608299971E+00 1.601100006E+02 4.858200073E+00 5.179700255E-01 3.422999978E-01 1.954700099E-03
 2.070500050E-04 4.600000011E-06 4.769099951E-01 -1.826099976E+03 -3.877900000E+04 3.441199951E+02 7.060200214E+00 1.591499939E+02 3.421400070E+01 5.155699849E-01 3.417800069E-01 1.956399996E-03
 2.091000060E-04 4.600000011E-06 4.753699899E-01 6.077200195E+03 -4.400900000E+04 3.439599915E+02 1.403800011E+01 1.578699951E+02 5.215599823E+01 5.130699873E-01 3.405100107E-01 1.962800045E-03
 2.111500071E-04 4.600000011E-06 4.733400047E-01 -5.925800171E+02 -4.179500000E+04 3.439500122E+02 2.139299965E+01 1.578399963E+02 4.793600082E+01 5.156400204E-01 3.390499949E-01 1.971200109E-03
 2.131999936E-04 4.600000011E-06 4.716300070E-01 -5.971000000E+03 -4.244300000E+04 3.434899902E+02 2.929400063E+01 1.581600037E+02 5.056600189E+01 5.210999846E-01 3.373700082E-01 1.978399931E-03
 2.152499947E-04 4.600000011E-06 4.697099924E-01 -7.010000000E+03 -3.570500000E+04 3.428599854E+02 3.714400101E+01 1.587500000E+02 3.333499908E+01 5.286200047E-01 3.353799880E-01 1.986500109E-03
 2.172999957E-04 4.600000011E-06 4.670000076E-01 -1.187200012E+02 -2.533200000E+04 3.427300110E+02 4.504399872E+01 1.600099945E+02 2.668400002E+01 5.391100049E-01 3.333100080E-01 1.998099964E-03
 2.193499968E-04 4.600000011E-06 4.639500082E-01 4.588899902E+03 -3.252300000E+04 3.426600037E+02 5.312799835E+01 1.618500061E+02 5.250299835E+01 5.525000095E-01 3.310799897E-01 2.011199947E-03
 2.213999978E-04 4.600000011E-06 4.609600008E-01 2.295000000E+03 -3.801000000E+04 3.423399963E+02 6.116400146E+01 1.638600006E+02 6.691600037E+01 5.675500035E-01 3.286300004E-01 2.024200046E-03
 2.234499989E-04 4.600000011E-06 4.581499994E-01 3.145500000E+03 -4.413100000E+04 3.421300049E+02 6.911000061E+01 1.657899933E+02 3.550500107E+01 5.829700232E-01 3.264200091E-01 2.036599908E-03
 2.254999999E-04 4.600000011E-06 4.552200139E-01 2.535300049E+03 -4.588900000E+04 3.418099976E+02 7.661900330E+01 1.675700073E+02 2.002899933E+01 5.983099937E-01 3.240399957E-01 2.049800009E-03
 2.275500010E-04 4.600000011E-06 4.529100060E-01 5.215299805E+03 -3.224400000E+04 3.413800049E+02 8.367600250E+01 1.688999939E+02 2.516200066E+01 6.124200225E-01 3.219900131E-01 2.060299972E-03
 2.296000021E-04 4.600000011E-06 4.503299892E-01 1.173500000E+03 -3.143100000E+04 3.408900146E+02 9.079799652E+01 1.708300018E+02 2.369700050E+01 6.290000081E-01 3.197000027E-01 2.072100062E-03
 2.316500031E-04 4.600000011E-06 4.471699893E-01 -3.646799927E+02 -3.292100000E+04 3.404299927E+02 9.804299927E+01 1.737599945E+02 2.493700027E+01 6.490899920E-01 3.170300126E-01 2.086600056E-03
 2.337000042E-04 4.600000011E-06 4.444600046E-01 6.526600098E+03 -3.135600000E+04 3.402600098E+02 1.048499985E+02 1.766000061E+02 3.742399979E+01 6.683400273E-01 3.149499893E-01 2.099300036E-03
 2.357500052E-04 4.600000011E-06 4.415799975E-01 5.622100098E+03 -2.258500000E+04 3.400000000E+02 1.112500000E+02 1.789100037E+02 6.349300003E+01 6.858400106E-01 3.126600087E-01 2.113000024E-03
 2.378000063E-04 4.600000011E-06 4.380699992E-01 -1.244500000E+03 -1.792700000E+04 3.395000000E+02 1.175000000E+02 1.812799988E+02 7.032900238E+01 7.037699819E-01 3.097299933E-01 2.129900036E-03
 2.398499928E-04 4.600000011E-06 4.329800010E-01 -2.714100098E+03 -1.990300000E+04 3.387000122E+02 1.239599991E+02 1.841399994E+02 7.439299774E+01 7.239999771E-01 3.054000139E-01 2.155000111E-03
 2.418999939E-04 4.600000011E-06 4.283800125E-01 4.098799805E+03 -2.052800000E+04 3.375299988E+02 1.301900024E+02 1.876399994E+02 1.005400009E+02 7.461699843E-01 3.011099994E-01 2.178200055E-03
 2.439499949E-04 4.600000011E-06 4.237599969E-01 -1.423400024E+03 -1.706100000E+04 3.366600037E+02 1.364600067E+02 1.912599945E+02 1.119100037E+02 7.686300278E-01 2.971000075E-01 2.202099888E-03
 2.460000105E-04 4.600000011E-06 4.175199866E-01 -1.210000000E+03 -2.092600000E+04 3.356499939E+02 1.430399933E+02 1.947599945E+02 1.157600021E+02 7.917500138E-01 2.918500006E-01 2.234899905E-03
 2.480499970E-04 4.600000011E-06 4.109300077E-01 1.239000000E+04 -1.970200000E+04 3.342699890E+02 1.495099945E+02 1.987700043E+02 1.131399994E+02 8.166099787E-01 2.860600054E-01 2.270899946E-03
 2.501000126E-04 4.600000011E-06 4.031699896E-01 1.758200000E+04 -7.219100098E+03 3.331199951E+02 1.565000000E+02 2.032200012E+02 1.236200027E+02 8.436300159E-01 2.797000110E-01 2.314900048E-03
 2.521499991E-04 4.600000011E-06 3.936600089E-01 1.918900000E+04 -1.077800000E+04 3.320299988E+02 1.643899994E+02 2.081499939E+02 1.606799927E+02 8.738200068E-01 2.722100019E-01 2.371100010E-03
 2.541999856E-04 4.600000011E-06 3.835600019E-01 2.156900000E+04 -1.655600000E+04 3.304100037E+02 1.730899963E+02 2.135599976E+02 1.923200073E+02 9.079099894E-01 2.639299929E-01 2.433500020E-03
 2.562500013E-04 4.600000011E-06 3.727200031E-01 3.173500000E+04 -2.486900000E+04 3.282399902E+02 1.828000031E+02 2.196300049E+02 2.127200012E+02 9.468600154E-01 2.547900081E-01 2.504700096E-03
 2.582999878E-04 4.600000011E-06 3.603200018E-01 4.255300000E+04 -2.532700000E+04 3.259200134E+02 1.941000061E+02 2.266900024E+02 2.178399963E+02 9.924399853E-01 2.445800006E-01 2.591100056E-03
 2.603500034E-04 4.600000011E-06 3.462100029E-01 5.162400000E+04 -2.700000000E+04 3.227500000E+02 2.078699951E+02 2.345500031E+02 2.079900055E+02 1.047500014E+00 2.327399999E-01 2.697200049E-03
 2.623999899E-04 4.600000011E-06 3.294300139E-01 7.128000000E+04 -3.590400000E+04 3.183699951E+02 2.252700043E+02 2.430500031E+02 2.086499939E+02 1.115200043E+00 2.184700072E-01 2.835599938E-03
 2.644500055E-04 4.600000011E-06 2.905400097E-01 8.707100000E+04 -3.275200000E+04 3.052099915E+02 2.659500122E+02 2.518800049E+02 2.081600037E+02 1.201500058E+00 2.008700073E-01 3.028099891E-03
 2.664999920E-04 4.600000011E-06 2.608799934E-01 8.996600000E+04 -2.936100000E+04 2.945199890E+02 2.969200134E+02 2.562999878E+02 1.942299957E+02 1.250399947E+00 1.911000013E-01 3.140999936E-03
 2.050000039E-04 6.899999789E-06 4.891299903E-01 -1.340000000E+03 -1.892500000E+04 3.465100098E+02 3.811199903E+00 1.476300049E+02 -1.092099953E+01 4.761500061E-01 3.529500067E-01 1.907199970E-03
 2.070500050E-04 6.899999789E-06 4.887099862E-01 2.600000000E+03 -2.414300000E+04 3.463900146E+02 7.747700214E+00 1.470800018E+02 6.662899852E-01 4.751400054E-01 3.525300026E-01 1.908799983E-03
 2.091000060E-04 6.899999789E-06 4.877099991E-01 5.529500000E+03 -2.827100000E+04 3.463299866E+02 1.537500000E+01 1.459900055E+02 2.750399971E+01 4.735800028E-01 3.517400026E-01 1.912800013E-03
 2.111500071E-04 6.899999789E-06 4.861299992E-01 2.553899902E+03 -3.180800000E+04 3.462799988E+02 2.274099922E+01 1.452700043E+02 3.967399979E+01 4.744099975E-01 3.505499959E-01 1.918999944E-03
 2.131999936E-04 6.899999789E-06 4.839299917E-01 2.965500000E+03 -3.295900000E+04 3.458200073E+02 3.043400002E+01 1.453999939E+02 3.533399963E+01 4.796200097E-01 3.485099971E-01 1.927700010E-03
 2.152499947E-04 6.899999789E-06 4.820199907E-01 1.131300000E+04 -2.651400000E+04 3.451799927E+02 3.819499969E+01 1.463300018E+02 2.548699951E+01 4.887000024E-01 3.464800119E-01 1.935399952E-03
 2.172999957E-04 6.899999789E-06 4.798699915E-01 1.562600000E+04 -1.987900000E+04 3.450199890E+02 4.578300095E+01 1.473999939E+02 3.595700073E+01 4.988900125E-01 3.447700143E-01 1.944100019E-03
 2.193499968E-04 6.899999789E-06 4.767799973E-01 1.315900000E+04 -2.346200000E+04 3.450400085E+02 5.351399994E+01 1.489499969E+02 6.053900146E+01 5.115200281E-01 3.425799906E-01 1.956700115E-03
 2.213999978E-04 6.899999789E-06 4.736399949E-01 1.341400000E+04 -2.812400000E+04 3.447200012E+02 6.117900085E+01 1.512100067E+02 5.924399948E+01 5.274199843E-01 3.400099874E-01 1.969600096E-03
 2.234499989E-04 6.899999789E-06 4.704099894E-01 1.179400000E+04 -3.225100000E+04 3.443900146E+02 6.878099823E+01 1.535000000E+02 4.642900085E+01 5.440999866E-01 3.373700082E-01 1.983199967E-03
 2.254999999E-04 6.899999789E-06 4.674699903E-01 9.250799805E+03 -3.352100000E+04 3.439599915E+02 7.620700073E+01 1.554199982E+02 3.368600082E+01 5.602899790E-01 3.348399997E-01 1.995600061E-03
 2.275500010E-04 6.899999789E-06 4.652999938E-01 9.164500000E+03 -2.230800000E+04 3.436099854E+02 8.337000275E+01 1.571600037E+02 2.669400024E+01 5.761200190E-01 3.329400122E-01 2.004900016E-03
 2.296000021E-04 6.899999789E-06 4.624300003E-01 5.642000000E+03 -1.896300000E+04 3.431799927E+02 9.048000336E+01 1.591900024E+02 1.366300011E+01 5.933300257E-01 3.304699957E-01 2.017399995E-03
 2.316500031E-04 6.899999789E-06 4.588299990E-01 2.799699951E+03 -2.170000000E+04 3.425400085E+02 9.745300293E+01 1.621300049E+02 3.508499908E+01 6.134899855E-01 3.272899985E-01 2.033200115E-03
 2.337000042E-04 6.899999789E-06 4.556100070E-01 6.858600098E+03 -2.454600000E+04 3.422099915E+02 1.042600021E+02 1.655800018E+02 6.770099640E+01 6.348800063E-01 3.246800005E-01 2.047500107E-03
 2.357500052E-04 6.899999789E-06 4.520899951E-01 1.048600000E+04 -1.785000000E+04 3.418099976E+02 1.110100021E+02 1.685500031E+02 6.196900177E+01 6.552199721E-01 3.217900097E-01 2.063400112E-03
 2.378000063E-04 6.899999789E-06 4.478799999E-01 7.569000000E+03 -1.212200000E+04 3.413999939E+02 1.175999985E+02 1.713500061E+02 6.859100342E+01 6.751000285E-01 3.184100091E-01 2.082899911E-03
 2.398499928E-04 6.899999789E-06 4.433900118E-01 1.639900000E+04 -8.317200195E+03 3.404599915E+02 1.240999985E+02 1.741100006E+02 7.800700378E+01 6.955100298E-01 3.143599927E-01 2.103999956E-03
 2.418999939E-04 6.899999789E-06 4.388599992E-01 2.281200000E+04 -9.554000000E+03 3.392300110E+02 1.307100067E+02 1.775099945E+02 1.044100037E+02 7.184000015E-01 3.100199997E-01 2.125700004E-03
 2.439499949E-04 6.899999789E-06 4.333600104E-01 1.599400000E+04 -1.708300000E+04 3.384400024E+02 1.376699982E+02 1.813099976E+02 1.170599976E+02 7.427700162E-01 3.054099977E-01 2.152699977E-03
 2.460000105E-04 6.899999789E-06 4.271000028E-01 1.367800000E+04 -1.876900000E+04 3.373500061E+02 1.448699951E+02 1.851199951E+02 1.004100037E+02 7.681699991E-01 3.000400066E-01 2.184200101E-03
 2.480499970E-04 6.899999789E-06 4.210500121E-01 2.101900000E+04 -8.781200195E+03 3.358599854E+02 1.518399963E+02 1.890500031E+02 9.784400177E+01 7.941300273E-01 2.944799960E-01 2.215600107E-03
 2.501000126E-04 6.899999789E-06 4.142299891E-01 2.871100000E+04 1.369599976E+03 3.344500122E+02 1.590800018E+02 1.927700043E+02 1.145299988E+02 8.203099966E-01 2.885000110E-01 2.252100036E-03
 2.521499991E-04 6.899999789E-06 4.051600099E-01 2.051700000E+04 -5.133600098E+03 3.332900085E+02 1.675200043E+02 1.971199951E+02 1.341999969E+02 8.505100012E-01 2.811999917E-01 2.302800072E-03
 2.541999856E-04 6.899999789E-06 3.951599896E-01 2.307800000E+04 -5.157399902E+03 3.317099915E+02 1.766799927E+02 2.018899994E+02 1.396699982E+02 8.841699958E-01 2.729600072E-01 2.361099934E-03
 2.562500013E-04 6.899999789E-06 3.848800063E-01 3.830300000E+04 1.529400024E+03 3.294899902E+02 1.864700012E+02 2.071900024E+02 1.625599976E+02 9.217500091E-01 2.640900016E-01 2.424299950E-03
 2.582999878E-04 6.899999789E-06 3.724800050E-01 4.547100000E+04 1.053300000E+04 3.270299988E+02 1.979900055E+02 2.133699951E+02 1.902599945E+02 9.661800265E-01 2.536799908E-01 2.505300101E-03
 2.603500034E-04 6.899999789E-06 3.581700027E-01 5.485300000E+04 5.990500000E+03 3.239899902E+02 2.118500061E+02 2.197799988E+02 1.806999969E+02 1.018100023E+00 2.416699976E-01 2.605800051E-03
 2.623999899E-04 6.899999789E-06 3.410899937E-01 7.091300000E+04 -4.950100098E+03 3.197799988E+02 2.291799927E+02 2.270299988E+02 1.849600067E+02 1.082999945E+00 2.271800041E-01 2.737100003E-03
 2.644500055E-04 6.899999789E-06 2.970600128E-01 8.636300000E+04 2.488399963E+02 3.049700012E+02 2.736099854E+02 2.352100067E+02 2.194900055E+02 1.170799971E+00 2.083300054E-01 2.929799957E-03
 2.664999920E-04 6.899999789E-06 2.625699937E-01 9.293800000E+04 5.589200195E+03 2.926199951E+02 3.082699890E+02 2.393699951E+02 2.318699951E+02 1.221500039E+00 1.975799948E-01 3.045999911E-03
 2.050000039E-04 9.200000022E-06 4.962500036E-01 1.116300000E+04 -2.848700000E+04 3.484400024E+02 4.123700142E+00 1.361799927E+02 5.320900083E-01 4.380599856E-01 3.600800037E-01 1.879699994E-03
 2.070500050E-04 9.200000022E-06 4.960800111E-01 6.711100098E+03 -2.609700000E+04 3.484200134E+02 8.282400131E+00 1.359499969E+02 6.967999935E+00 4.381600022E-01 3.599300086E-01 1.880399999E-03
 2.091000060E-04 9.200000022E-06 4.958800077E-01 5.572799805E+03 -3.003600000E+04 3.482099915E+02 1.645100021E+01 1.351600037E+02 2.879199982E+01 4.381400049E-01 3.595800102E-01 1.881200005E-03
 2.111500071E-04 9.200000022E-06 4.946900010E-01 1.093500000E+03 -2.990800000E+04 3.477900085E+02 2.422299957E+01 1.344700012E+02 3.913899994E+01 4.399099946E-01 3.582800031E-01 1.885700040E-03
 2.131999936E-04 9.200000022E-06 4.920699894E-01 -1.503199951E+03 -2.525900000E+04 3.473500061E+02 3.177000046E+01 1.346000061E+02 4.081399918E+01 4.455499947E-01 3.559300005E-01 1.895800000E-03
 2.152499947E-04 9.200000022E-06 4.899199903E-01 1.208000000E+04 -3.021900000E+04 3.470100098E+02 3.934000015E+01 1.357599945E+02 4.927000046E+01 4.555400014E-01 3.540399969E-01 1.904099947E-03
 2.172999957E-04 9.200000022E-06 4.875400066E-01 2.016300000E+04 -2.655000000E+04 3.468800049E+02 4.669300079E+01 1.370200043E+02 6.393999863E+01 4.666399956E-01 3.521699905E-01 1.913400018E-03
 2.193499968E-04 9.200000022E-06 4.845199883E-01 1.792100000E+04 -1.801800000E+04 3.466199951E+02 5.404700089E+01 1.384700012E+02 6.554599762E+01 4.793300033E-01 3.497399986E-01 1.925299992E-03
 2.213999978E-04 9.200000022E-06 4.817900062E-01 1.282000000E+04 -1.426900000E+04 3.462900085E+02 6.147700119E+01 1.408300018E+02 5.304399872E+01 4.957099855E-01 3.474200070E-01 1.936199958E-03
 2.234499989E-04 9.200000022E-06 4.786100090E-01 1.911400024E+03 -1.784100000E+04 3.459599915E+02 6.891100311E+01 1.430599976E+02 4.729999924E+01 5.125100017E-01 3.448100090E-01 1.949100057E-03
 2.254999999E-04 9.200000022E-06 4.753600061E-01 1.763099976E+03 -2.299700000E+04 3.453399963E+02 7.627500153E+01 1.452500000E+02 4.549700165E+01 5.299599767E-01 3.418599963E-01 1.962400042E-03
 2.275500010E-04 9.200000022E-06 4.721100032E-01 7.850799805E+03 -1.210700000E+04 3.449100037E+02 8.348400116E+01 1.474299927E+02 5.596599960E+01 5.476400256E-01 3.390800059E-01 1.975900028E-03
 2.296000021E-04 9.200000022E-06 4.690200090E-01 6.306600098E+03 -6.249299805E+03 3.445700073E+02 9.053600311E+01 1.497500000E+02 3.876800156E+01 5.658800006E-01 3.365400136E-01 1.988899894E-03
 2.316500031E-04 9.200000022E-06 4.656899869E-01 3.290500000E+03 -1.020600000E+04 3.438200073E+02 9.738500214E+01 1.529900055E+02 5.231900024E+01 5.870699883E-01 3.334299922E-01 2.003199887E-03
 2.337000042E-04 9.200000022E-06 4.620899856E-01 6.251200195E+03 -1.606800000E+04 3.430599976E+02 1.041800003E+02 1.566399994E+02 9.034200287E+01 6.096100211E-01 3.301100135E-01 2.018699888E-03
 2.357500052E-04 9.200000022E-06 4.579899907E-01 1.200200000E+04 -1.663800000E+04 3.425700073E+02 1.110400009E+02 1.598399963E+02 8.481600189E+01 6.311399937E-01 3.267199993E-01 2.036799910E-03
 2.378000063E-04 9.200000022E-06 4.535099864E-01 1.880000000E+04 -1.089000000E+04 3.420799866E+02 1.179599991E+02 1.629499969E+02 8.564700317E+01 6.528199911E-01 3.230600059E-01 2.057000063E-03
 2.398499928E-04 9.200000022E-06 4.490599930E-01 3.280400000E+04 -1.022000000E+03 3.410299988E+02 1.246999969E+02 1.660700073E+02 9.239800262E+01 6.749899983E-01 3.188999891E-01 2.077300102E-03
 2.418999939E-04 9.200000022E-06 4.435200095E-01 2.975200000E+04 -9.690900391E+03 3.401600037E+02 1.316300049E+02 1.698699951E+02 1.072799988E+02 6.993499994E-01 3.141700029E-01 2.103300067E-03
 2.439499949E-04 9.200000022E-06 4.371100068E-01 1.933800000E+04 -2.857600000E+04 3.395000000E+02 1.388300018E+02 1.738000031E+02 1.068499985E+02 7.246099710E-01 3.090299964E-01 2.134199953E-03
 2.460000105E-04 9.200000022E-06 4.313099980E-01 2.054200000E+04 -1.993500000E+04 3.382799988E+02 1.460500031E+02 1.773999939E+02 8.793499756E+01 7.498800159E-01 3.038299978E-01 2.162799938E-03
 2.480499970E-04 9.200000022E-06 4.256699979E-01 2.636200000E+04 -8.100799805E+03 3.367399902E+02 1.535000000E+02 1.813800049E+02 1.010599976E+02 7.772099972E-01 2.985000014E-01 2.191599924E-03
 2.501000126E-04 9.200000022E-06 4.188199937E-01 3.450700000E+04 -8.897599609E+03 3.351000061E+02 1.613099976E+02 1.851399994E+02 1.190599976E+02 8.051699996E-01 2.922599912E-01 2.227399964E-03
 2.521499991E-04 9.200000022E-06 4.099299908E-01 2.712400000E+04 -1.152600000E+04 3.336900024E+02 1.700099945E+02 1.892599945E+02 1.205500031E+02 8.359500170E-01 2.848599851E-01 2.275899984E-03
 2.541999856E-04 9.200000022E-06 4.002400041E-01 2.515200000E+04 -7.687299805E+03 3.319200134E+02 1.792899933E+02 1.937500000E+02 1.170699997E+02 8.696799874E-01 2.766500115E-01 2.331000054E-03
 2.562500013E-04 9.200000022E-06 3.897300065E-01 3.389300000E+04 2.161899902E+03 3.297799988E+02 1.894700012E+02 1.988099976E+02 1.366999969E+02 9.077399969E-01 2.676500082E-01 2.394099953E-03
 2.582999878E-04 9.200000022E-06 3.773100078E-01 3.965800000E+04 1.107000000E+04 3.272099915E+02 2.013200073E+02 2.042200012E+02 1.604900055E+02 9.515799880E-01 2.571099997E-01 2.472999971E-03
 2.603500034E-04 9.200000022E-06 3.632099926E-01 5.698700000E+04 9.027299805E+03 3.238800049E+02 2.152599945E+02 2.098500061E+02 1.545899963E+02 1.002699971E+00 2.449900061E-01 2.569400007E-03
 2.623999899E-04 9.200000022E-06 3.458299935E-01 7.273500000E+04 3.782100098E+03 3.196400146E+02 2.328399963E+02 2.164299927E+02 1.616999969E+02 1.067399979E+00 2.302300036E-01 2.699499950E-03
 2.644500055E-04 9.200000022E-06 2.998700142E-01 8.762300000E+04 5.536700195E+03 3.043299866E+02 2.788800049E+02 2.236600037E+02 1.888800049E+02 1.155900002E+00 2.108200043E-01 2.893500030E-03
 2.664999920E-04 9.200000022E-06 2.635900080E-01 9.778000000E+04 8.775799805E+03 2.915000000E+02 3.150499878E+02 2.273899994E+02 2.033999939E+02 1.207900047E+00 1.996199936E-01 3.012100002E-03
 2.050000039E-04 1.150000026E-05 5.028799772E-01 1.015000000E+04 -3.994900000E+04 3.503599854E+02 4.216199875E+00 1.248399963E+02 1.755999947E+01 4.005199969E-01 3.668999970E-01 1.855000039E-03
 2.070500050E-04 1.150000026E-05 5.029799938E-01 6.836100098E+03 -3.332400000E+04 3.504299927E+02 8.657400131E+00 1.245899963E+02 2.816099930E+01 4.006800056E-01 3.670499921E-01 1.854600036E-03
 2.091000060E-04 1.150000026E-05 5.024799705E-01 5.605100098E+03 -3.018300000E+04 3.502900085E+02 1.731599998E+01 1.242500000E+02 3.303300095E+01 4.025300145E-01 3.665300012E-01 1.856500050E-03
 2.111500071E-04 1.150000026E-05 5.011500120E-01 4.054800049E+03 -2.834900000E+04 3.497200012E+02 2.548999977E+01 1.242900009E+02 3.400099945E+01 4.074099958E-01 3.649699986E-01 1.861399971E-03
 2.131999936E-04 1.150000026E-05 4.992400110E-01 -9.236799927E+02 -2.684400000E+04 3.490400085E+02 3.315399933E+01 1.245500031E+02 5.131999969E+01 4.142700136E-01 3.628799915E-01 1.868500025E-03
 2.152499947E-04 1.150000026E-05 4.964799881E-01 -2.723699951E+03 -3.596100000E+04 3.487399902E+02 4.065800095E+01 1.257600021E+02 7.234899902E+01 4.249599874E-01 3.605499864E-01 1.878899988E-03
 2.172999957E-04 1.150000026E-05 4.934400022E-01 -1.475500000E+03 -3.400000000E+04 3.485700073E+02 4.807199860E+01 1.274499969E+02 7.420700073E+01 4.380599856E-01 3.581700027E-01 1.890499960E-03
 2.193499968E-04 1.150000026E-05 4.904800057E-01 6.607000122E+02 -2.298700000E+04 3.480499878E+02 5.526499939E+01 1.290700073E+02 6.519599915E+01 4.518600106E-01 3.555000126E-01 1.901900047E-03
 2.213999978E-04 1.150000026E-05 4.878399968E-01 7.176299805E+03 -1.102400000E+04 3.474599915E+02 6.249300003E+01 1.313699951E+02 6.328300095E+01 4.685499966E-01 3.529799879E-01 1.912200009E-03
 2.234499989E-04 1.150000026E-05 4.845800102E-01 6.105700195E+03 -1.070700000E+04 3.470400085E+02 6.978199768E+01 1.336300049E+02 4.820899963E+01 4.858100116E-01 3.501900136E-01 1.925099990E-03
 2.254999999E-04 1.150000026E-05 4.812900126E-01 3.535199951E+03 -1.597100000E+04 3.465199890E+02 7.684400177E+01 1.361399994E+02 5.146599960E+01 5.041300058E-01 3.472999930E-01 1.938199974E-03
 2.275500010E-04 1.150000026E-05 4.775600135E-01 3.014100098E+03 -4.701700195E+03 3.460100098E+02 8.381099701E+01 1.385500031E+02 6.736299896E+01 5.225600004E-01 3.440999985E-01 1.953399973E-03
 2.296000021E-04 1.150000026E-05 4.737400115E-01 -5.106499939E+02 1.537900024E+03 3.456600037E+02 9.064399719E+01 1.410700073E+02 5.799300003E+01 5.413600206E-01 3.409999907E-01 1.969099976E-03
 2.316500031E-04 1.150000026E-05 4.706099927E-01 -9.709500122E+02 -4.963899902E+03 3.448299866E+02 9.757099915E+01 1.446300049E+02 6.319699860E+01 5.639600158E-01 3.379400074E-01 1.982199959E-03
 2.337000042E-04 1.150000026E-05 4.671899974E-01 3.666800049E+03 -1.462300000E+04 3.438299866E+02 1.046500015E+02 1.482200012E+02 7.812300110E+01 5.873600245E-01 3.345000148E-01 1.996699953E-03
 2.357500052E-04 1.150000026E-05 4.629999995E-01 6.585500000E+03 -2.048800000E+04 3.432600098E+02 1.116200027E+02 1.515000000E+02 8.333399963E+01 6.096600294E-01 3.309499919E-01 2.014799975E-03
 2.378000063E-04 1.150000026E-05 4.581499994E-01 1.136800000E+04 -1.589200000E+04 3.426700134E+02 1.186800003E+02 1.549400024E+02 9.246499634E+01 6.328399777E-01 3.269200027E-01 2.036100021E-03
 2.398499928E-04 1.150000026E-05 4.528099895E-01 2.442300000E+04 -2.963199951E+03 3.415199890E+02 1.256800003E+02 1.586100006E+02 1.038600006E+02 6.572800279E-01 3.220300078E-01 2.060200088E-03
 2.418999939E-04 1.150000026E-05 4.467299879E-01 2.262500000E+04 -6.575399902E+03 3.405599976E+02 1.327500000E+02 1.626900024E+02 9.752500153E+01 6.829400063E-01 3.168199956E-01 2.088200068E-03
 2.439499949E-04 1.150000026E-05 4.405399859E-01 1.631800000E+04 -2.240200000E+04 3.398200073E+02 1.400399933E+02 1.665200043E+02 9.275000000E+01 7.084199786E-01 3.117400110E-01 2.117600059E-03
 2.460000105E-04 1.150000026E-05 4.347499907E-01 2.127000000E+04 -1.662700000E+04 3.386900024E+02 1.473000031E+02 1.699100037E+02 9.775900269E+01 7.333999872E-01 3.066299856E-01 2.145699924E-03
 2.480499970E-04 1.150000026E-05 4.287100136E-01 3.330300000E+04 -1.043000000E+04 3.373099976E+02 1.549900055E+02 1.738699951E+02 1.113300018E+02 7.611899972E-01 3.011400104E-01 2.176000038E-03
 2.501000126E-04 1.150000026E-05 4.213199914E-01 3.675500000E+04 -1.187700000E+04 3.356900024E+02 1.634499969E+02 1.780399933E+02 1.226900024E+02 7.917600274E-01 2.945199907E-01 2.214200096E-03
 2.521499991E-04 1.150000026E-05 4.128600061E-01 2.682300000E+04 -1.352900024E+03 3.339299927E+02 1.724100037E+02 1.821199951E+02 1.211500015E+02 8.237299919E-01 2.870999873E-01 2.259599976E-03
 2.541999856E-04 1.150000026E-05 4.035499990E-01 2.942600000E+04 2.693399963E+02 3.318999939E+02 1.817400055E+02 1.863200073E+02 1.238600006E+02 8.575400114E-01 2.789300084E-01 2.311799908E-03
 2.562500013E-04 1.150000026E-05 3.927600086E-01 3.467200000E+04 2.025599976E+03 3.297600098E+02 1.922799988E+02 1.909799957E+02 1.387100067E+02 8.957999945E-01 2.697100043E-01 2.375599928E-03
 2.582999878E-04 1.150000026E-05 3.804099858E-01 3.977100000E+04 9.741500000E+03 3.270199890E+02 2.045000000E+02 1.959700012E+02 1.439900055E+02 9.401599765E-01 2.590700090E-01 2.452899935E-03
 2.603500034E-04 1.150000026E-05 3.662300110E-01 5.671300000E+04 5.955799805E+03 3.234599915E+02 2.187299957E+02 2.011600037E+02 1.302899933E+02 9.918599725E-01 2.467100024E-01 2.548200078E-03
 2.623999899E-04 1.150000026E-05 3.488999903E-01 7.390400000E+04 4.283399902E+03 3.190299988E+02 2.363699951E+02 2.069299927E+02 1.475200043E+02 1.055899978E+00 2.318399996E-01 2.675599884E-03
 2.644500055E-04 1.150000026E-05 3.020200133E-01 9.223200000E+04 6.259799805E+03 3.034200134E+02 2.832000122E+02 2.131600037E+02 1.645099945E+02 1.143700004E+00 2.123499960E-01 2.866900060E-03
 2.664999920E-04 1.150000026E-05 2.646299899E-01 1.015600000E+05 6.741700195E+03 2.903500061E+02 3.202200012E+02 2.163099976E+02 1.608099976E+02 1.195799947E+00 2.010200024E-01 2.985500032E-03
 2.050000039E-04 1.379999958E-05 5.105500221E-01 4.303299805E+03 -3.555800000E+04 3.518800049E+02 4.388400078E+00 1.127699966E+02 1.685300064E+01 3.610999882E-01 3.741100132E-01 1.827099943E-03
 2.070500050E-04 1.379999958E-05 5.099200010E-01 4.375899902E+03 -3.411000000E+04 3.521799927E+02 9.245599747E+00 1.127900009E+02 3.981499863E+01 3.622800112E-01 3.739700019E-01 1.829399960E-03
 2.091000060E-04 1.379999958E-05 5.084900260E-01 5.324200195E+03 -2.535100000E+04 3.521799927E+02 1.860000038E+01 1.131600037E+02 6.068299866E+01 3.670899868E-01 3.729200065E-01 1.834499999E-03
 2.111500071E-04 1.379999958E-05 5.069800019E-01 6.470899902E+03 -2.727600000E+04 3.515100098E+02 2.729500008E+01 1.139499969E+02 5.683800125E+01 3.753699958E-01 3.711099923E-01 1.840000041E-03
 2.131999936E-04 1.379999958E-05 5.050600171E-01 2.935399902E+03 -2.793100000E+04 3.506300049E+02 3.524800110E+01 1.148899994E+02 7.294799805E+01 3.854300082E-01 3.687799871E-01 1.846999978E-03
 2.152499947E-04 1.379999958E-05 5.018799901E-01 -3.551500000E+03 -2.525700000E+04 3.501199951E+02 4.279000092E+01 1.163399963E+02 9.933999634E+01 3.978199959E-01 3.659200072E-01 1.858699950E-03
 2.172999957E-04 1.379999958E-05 4.987699986E-01 -7.206700195E+03 -2.809200000E+04 3.497600098E+02 5.028200150E+01 1.182099991E+02 1.029400024E+02 4.124499857E-01 3.632700145E-01 1.870300039E-03
 2.193499968E-04 1.379999958E-05 4.958199859E-01 9.894299927E+02 -2.657600000E+04 3.492200012E+02 5.741899872E+01 1.202799988E+02 8.411399841E+01 4.282200038E-01 3.605599999E-01 1.881400007E-03
 2.213999978E-04 1.379999958E-05 4.925299883E-01 1.484800000E+04 -1.905800000E+04 3.485700073E+02 6.426699829E+01 1.226600037E+02 7.044300079E+01 4.453000128E-01 3.575100005E-01 1.893999986E-03
 2.234499989E-04 1.379999958E-05 4.892599881E-01 2.286000000E+04 -1.089100000E+04 3.478599854E+02 7.107599640E+01 1.250599976E+02 7.459799957E+01 4.630199969E-01 3.544099927E-01 1.906599966E-03
 2.254999999E-04 1.379999958E-05 4.860999882E-01 1.998700000E+04 -6.122799805E+03 3.474800110E+02 7.780100250E+01 1.277600021E+02 7.813200378E+01 4.817099869E-01 3.517299891E-01 1.918999944E-03
 2.275500010E-04 1.379999958E-05 4.820500016E-01 7.842899902E+03 -2.269899902E+03 3.469599915E+02 8.465200043E+01 1.303999939E+02 6.224399948E+01 5.010399818E-01 3.482899964E-01 1.935199951E-03
 2.296000021E-04 1.379999958E-05 4.781000018E-01 5.392500000E+03 -3.334699951E+03 3.464400024E+02 9.142900085E+01 1.329799957E+02 6.039699936E+01 5.204499960E-01 3.449200094E-01 1.951099955E-03
 2.316500031E-04 1.379999958E-05 4.742499888E-01 3.242600098E+03 -1.173300000E+04 3.458500061E+02 9.830200195E+01 1.365000000E+02 7.701599884E+01 5.429599881E-01 3.415499926E-01 1.967000077E-03
 2.337000042E-04 1.379999958E-05 4.703299999E-01 8.600700378E+01 -1.877700000E+04 3.449400024E+02 1.054000015E+02 1.402400055E+02 8.339199829E+01 5.669999719E-01 3.378399909E-01 1.983300084E-03
 2.357500052E-04 1.379999958E-05 4.668099880E-01 1.611599976E+03 -1.643200000E+04 3.439299927E+02 1.123899994E+02 1.436399994E+02 7.586900330E+01 5.902900100E-01 3.343299925E-01 1.998299966E-03
 2.378000063E-04 1.379999958E-05 4.618299901E-01 -2.538400078E+01 -1.325600000E+04 3.430599976E+02 1.193899994E+02 1.473000031E+02 8.570500183E+01 6.144499779E-01 3.299199939E-01 2.019899897E-03
 2.398499928E-04 1.379999958E-05 4.560300112E-01 4.094500000E+03 -8.614500000E+03 3.420700073E+02 1.265699997E+02 1.513099976E+02 9.639299774E+01 6.401900053E-01 3.248499930E-01 2.045599977E-03
 2.418999939E-04 1.379999958E-05 4.503000081E-01 1.336200000E+04 -8.264500000E+03 3.409500122E+02 1.338399963E+02 1.553200073E+02 8.391200256E+01 6.664800048E-01 3.197200000E-01 2.071599942E-03
 2.439499949E-04 1.379999958E-05 4.445399940E-01 1.813800000E+04 -1.303000000E+04 3.399400024E+02 1.412500000E+02 1.589900055E+02 9.924600220E+01 6.923400164E-01 3.146899939E-01 2.098500030E-03
 2.460000105E-04 1.379999958E-05 4.383800030E-01 2.088800000E+04 -1.134000000E+04 3.389200134E+02 1.487899933E+02 1.624400024E+02 1.118600006E+02 7.182000279E-01 3.093999922E-01 2.127999905E-03
 2.480499970E-04 1.379999958E-05 4.316900074E-01 3.194500000E+04 -7.871200195E+03 3.376199951E+02 1.565800018E+02 1.663399963E+02 1.101100006E+02 7.462400198E-01 3.035100102E-01 2.160999924E-03
 2.501000126E-04 1.379999958E-05 4.239799976E-01 3.127200000E+04 -2.831100098E+03 3.360000000E+02 1.651999969E+02 1.706399994E+02 1.145699997E+02 7.777400017E-01 2.966499925E-01 2.200399991E-03
 2.521499991E-04 1.379999958E-05 4.154900014E-01 2.060600000E+04 6.628000000E+03 3.341499939E+02 1.744700012E+02 1.747100067E+02 1.151299973E+02 8.107299805E-01 2.891199887E-01 2.245299984E-03
 2.541999856E-04 1.379999958E-05 4.060699940E-01 2.888300000E+04 -3.209800049E+03 3.320000000E+02 1.843399963E+02 1.788699951E+02 1.236800003E+02 8.461400270E-01 2.807500064E-01 2.297499916E-03
 2.562500013E-04 1.379999958E-05 3.953599930E-01 3.403500000E+04 -6.409600098E+03 3.297000122E+02 1.952100067E+02 1.833800049E+02 1.339900055E+02 8.853800297E-01 2.714500129E-01 2.359899925E-03
 2.582999878E-04 1.379999958E-05 3.832899928E-01 4.035400000E+04 5.381899902E+03 3.267900085E+02 2.074799957E+02 1.879299927E+02 1.320399933E+02 9.295600057E-01 2.608500123E-01 2.434399910E-03
 2.603500034E-04 1.379999958E-05 3.688800037E-01 6.086500000E+04 2.189300049E+03 3.231000061E+02 2.218800049E+02 1.926499939E+02 1.331100006E+02 9.812999964E-01 2.482199967E-01 2.529999940E-03
 2.623999899E-04 1.379999958E-05 3.514899909E-01 8.009900000E+04 -1.715599976E+03 3.185899963E+02 2.395200043E+02 1.976499939E+02 1.402899933E+02 1.044499993E+00 2.332399935E-01 2.655799966E-03
 2.644500055E-04 1.379999958E-05 3.038600087E-01 1.010000000E+05 2.421699951E+03 3.026600037E+02 2.868699951E+02 2.032299957E+02 1.437700043E+02 1.132699966E+00 2.135300040E-01 2.845899900E-03
 2.664999920E-04 1.379999958E-05 2.656199932E-01 1.123400000E+05 4.903000000E+03 2.892699890E+02 3.243999939E+02 2.062100067E+02 1.443200073E+02 1.185700059E+00 2.019200027E-01 2.964999992E-03
 2.050000039E-04 1.610000072E-05 5.176100135E-01 4.031500000E+03 -2.561600000E+04 3.532799988E+02 5.254899979E+00 9.995099640E+01 2.387100029E+01 3.196299970E-01 3.807899952E-01 1.802199986E-03
 2.070500050E-04 1.610000072E-05 5.164800286E-01 5.102000000E+03 -2.887200000E+04 3.535299988E+02 1.056099987E+01 1.003300018E+02 6.040900040E+01 3.224999905E-01 3.802300096E-01 1.806100016E-03
 2.091000060E-04 1.610000072E-05 5.148699880E-01 4.737100098E+03 -1.906100000E+04 3.532500000E+02 2.051499939E+01 1.015000000E+02 9.743599701E+01 3.310500085E-01 3.787400126E-01 1.811799943E-03
 2.111500071E-04 1.610000072E-05 5.130500197E-01 2.285199951E+03 -1.563200000E+04 3.525700073E+02 2.952899933E+01 1.032600021E+02 9.186399841E+01 3.436200023E-01 3.766799867E-01 1.818199991E-03
 2.131999936E-04 1.610000072E-05 5.102199912E-01 3.661600098E+03 -2.026200000E+04 3.517799988E+02 3.784600067E+01 1.052799988E+02 1.023499985E+02 3.582800031E-01 3.737699986E-01 1.828299952E-03
 2.152499947E-04 1.610000072E-05 5.074300170E-01 8.793799805E+03 -1.349000000E+04 3.510000000E+02 4.552500153E+01 1.071399994E+02 1.179599991E+02 3.731800020E-01 3.708899915E-01 1.838400029E-03
 2.172999957E-04 1.610000072E-05 5.042700171E-01 8.085399902E+03 -1.187500000E+04 3.504400024E+02 5.289599991E+01 1.090800018E+02 1.271299973E+02 3.888899982E-01 3.680000007E-01 1.849900000E-03
 2.193499968E-04 1.610000072E-05 5.006700158E-01 9.454200195E+03 -1.601000000E+04 3.498599854E+02 5.998099899E+01 1.118499985E+02 1.176999969E+02 4.074299932E-01 3.647600114E-01 1.863199985E-03
 2.213999978E-04 1.610000072E-05 4.971500039E-01 1.782600000E+04 -1.167700000E+04 3.493200073E+02 6.666899872E+01 1.145199966E+02 9.362100220E+01 4.256899953E-01 3.616400063E-01 1.876399969E-03
 2.234499989E-04 1.610000072E-05 4.939300120E-01 2.269200000E+04 3.493699951E+02 3.486700134E+02 7.314700317E+01 1.170000000E+02 1.049700012E+02 4.436599910E-01 3.586300015E-01 1.888599945E-03
 2.254999999E-04 1.610000072E-05 4.903300107E-01 1.600900000E+04 -6.156799927E+02 3.482699890E+02 7.961699677E+01 1.199800034E+02 1.170800018E+02 4.632200003E-01 3.555999994E-01 1.902500051E-03
 2.275500010E-04 1.610000072E-05 4.856599867E-01 9.288200195E+03 -4.302899902E+03 3.476300049E+02 8.622699738E+01 1.228000031E+02 8.878800201E+01 4.831199944E-01 3.515799940E-01 1.920799958E-03
 2.296000021E-04 1.610000072E-05 4.813300073E-01 1.282500000E+04 -6.175700195E+03 3.470799866E+02 9.288999939E+01 1.255800018E+02 6.301900101E+01 5.032799840E-01 3.478800058E-01 1.937999972E-03
 2.316500031E-04 1.610000072E-05 4.769499898E-01 1.229700000E+04 -1.662500000E+04 3.467000122E+02 9.950800323E+01 1.289400024E+02 7.633699799E+01 5.250599980E-01 3.443399966E-01 1.955799991E-03
 2.337000042E-04 1.610000072E-05 4.728100002E-01 5.906799805E+03 -2.369800000E+04 3.458599854E+02 1.062099991E+02 1.326699982E+02 9.673999786E+01 5.485299826E-01 3.405199945E-01 1.972900005E-03
 2.357500052E-04 1.610000072E-05 4.690800011E-01 1.007900000E+04 -1.207400000E+04 3.446700134E+02 1.130800018E+02 1.362500000E+02 8.613500214E+01 5.724700093E-01 3.366799951E-01 1.988600008E-03
 2.378000063E-04 1.610000072E-05 4.645900130E-01 1.580700000E+04 -3.056100098E+03 3.435599976E+02 1.200800018E+02 1.398699951E+02 8.160600281E+01 5.969700217E-01 3.323799968E-01 2.007900039E-03
 2.398499928E-04 1.610000072E-05 4.594300091E-01 7.411399902E+03 -9.930599609E+03 3.426099854E+02 1.273899994E+02 1.438099976E+02 8.251399994E+01 6.230300069E-01 3.277800083E-01 2.030400094E-03
 2.418999939E-04 1.610000072E-05 4.538899958E-01 8.848500000E+03 -1.174000000E+04 3.415000000E+02 1.349499969E+02 1.477700043E+02 8.495200348E+01 6.499999762E-01 3.227800131E-01 2.055200050E-03
 2.439499949E-04 1.610000072E-05 4.481900036E-01 1.946700000E+04 -8.137899902E+03 3.403099976E+02 1.425700073E+02 1.513899994E+02 1.096299973E+02 6.766499877E-01 3.176200092E-01 2.081400016E-03
 2.460000105E-04 1.610000072E-05 4.417299926E-01 2.229200000E+04 -3.174600098E+03 3.390400085E+02 1.503399963E+02 1.550500031E+02 1.203899994E+02 7.039800286E-01 3.118700087E-01 2.111899899E-03
 2.480499970E-04 1.610000072E-05 4.348500073E-01 2.467400000E+04 -1.247400024E+03 3.376400146E+02 1.583300018E+02 1.588800049E+02 1.140800018E+02 7.326800227E-01 3.057500124E-01 2.145299921E-03
 2.501000126E-04 1.610000072E-05 4.270699918E-01 2.283200000E+04 1.557800049E+03 3.361700134E+02 1.670500031E+02 1.628500061E+02 1.142200012E+02 7.637299895E-01 2.989700139E-01 2.184400102E-03
 2.521499991E-04 1.610000072E-05 4.179300070E-01 2.138100000E+04 1.358500000E+03 3.343099976E+02 1.766199951E+02 1.670399933E+02 1.105100021E+02 7.980599999E-01 2.909600139E-01 2.232200000E-03
 2.541999856E-04 1.610000072E-05 4.082199931E-01 3.235800000E+04 -1.348300000E+04 3.319899902E+02 1.868200073E+02 1.715599976E+02 1.100800018E+02 8.355699778E-01 2.822299898E-01 2.285399940E-03
 2.562500013E-04 1.610000072E-05 3.974899948E-01 3.712000000E+04 -1.501100000E+04 3.296600037E+02 1.977599945E+02 1.759600067E+02 1.233799973E+02 8.751000166E-01 2.728799880E-01 2.347199945E-03
 2.582999878E-04 1.610000072E-05 3.852899969E-01 4.270800000E+04 -3.874000000E+03 3.268399963E+02 2.100399933E+02 1.800500031E+02 1.401300049E+02 9.185600281E-01 2.622500062E-01 2.421699930E-03
 2.603500034E-04 1.610000072E-05 3.710699975E-01 6.379800000E+04 -1.536599976E+03 3.230299988E+02 2.244900055E+02 1.844799957E+02 1.487200012E+02 9.704800248E-01 2.496400028E-01 2.514899941E-03
 2.623999899E-04 1.610000072E-05 3.537000120E-01 8.136500000E+04 1.381199951E+03 3.180899963E+02 2.423000031E+02 1.889799957E+02 1.231900024E+02 1.034399986E+00 2.343399972E-01 2.639200073E-03
 2.644500055E-04 1.610000072E-05 3.054099977E-01 1.023000000E+05 6.775299805E+03 3.016700134E+02 2.899899902E+02 1.939400024E+02 1.105500031E+02 1.123399973E+00 2.141799927E-01 2.828999888E-03
 2.664999920E-04 1.610000072E-05 2.667300105E-01 1.177400000E+05 8.351299805E+03 2.880599976E+02 3.277099915E+02 1.967500000E+02 1.193499985E+02 1.176900029E+00 2.024600059E-01 2.947099973E-03
 2.050000039E-04 1.840000004E-05 5.252900124E-01 8.980400391E+03 -6.895899902E+03 3.543399963E+02 6.353600025E+00 8.533899689E+01 5.652999878E+01 2.728799880E-01 3.875899911E-01 1.775900018E-03
 2.070500050E-04 1.840000004E-05 5.242000222E-01 7.592700195E+03 -1.166200000E+04 3.542900085E+02 1.246899986E+01 8.650800323E+01 8.386199951E+01 2.794199884E-01 3.867399991E-01 1.779600047E-03
 2.091000060E-04 1.840000004E-05 5.217700005E-01 2.326600098E+03 -8.769500000E+03 3.538500061E+02 2.348299980E+01 8.942900085E+01 1.271200027E+02 2.955299914E-01 3.844699860E-01 1.787899993E-03
 2.111500071E-04 1.840000004E-05 5.186700225E-01 3.777099915E+02 -4.928200195E+03 3.533099976E+02 3.276800156E+01 9.256300354E+01 1.489299927E+02 3.139800131E-01 3.815999925E-01 1.798499958E-03
 2.131999936E-04 1.840000004E-05 5.151299834E-01 5.670700195E+03 -1.220100000E+04 3.526300049E+02 4.110499954E+01 9.567800140E+01 1.492500000E+02 3.331600130E-01 3.782700002E-01 1.810900052E-03
 2.152499947E-04 1.840000004E-05 5.120800138E-01 1.542800000E+04 -8.500799805E+03 3.517600098E+02 4.856100082E+01 9.834300232E+01 1.286900024E+02 3.512499928E-01 3.750999868E-01 1.821600017E-03
 2.172999957E-04 1.840000004E-05 5.087500215E-01 1.486300000E+04 -4.210600098E+03 3.509800110E+02 5.560800171E+01 1.005999985E+02 1.214400024E+02 3.684499860E-01 3.718299866E-01 1.833599992E-03
 2.193499968E-04 1.840000004E-05 5.049399734E-01 3.583399902E+03 -2.286199951E+03 3.503099976E+02 6.252199936E+01 1.037399979E+02 1.344900055E+02 3.885500133E-01 3.683399856E-01 1.847399981E-03
 2.213999978E-04 1.840000004E-05 5.016000271E-01 4.068100098E+03 3.704399902E+03 3.497200012E+02 6.914299774E+01 1.067699966E+02 1.241800003E+02 4.083800018E-01 3.652899861E-01 1.859699958E-03
 2.234499989E-04 1.840000004E-05 4.977999926E-01 8.606200195E+03 2.885699951E+03 3.492699890E+02 7.552500153E+01 1.095999985E+02 1.213099976E+02 4.275699854E-01 3.620600104E-01 1.873899950E-03
 2.254999999E-04 1.840000004E-05 4.939100146E-01 9.050299805E+03 -5.201599731E+02 3.487399902E+02 8.181700134E+01 1.126600037E+02 1.351799927E+02 4.475899935E-01 3.586800098E-01 1.888599945E-03
 2.275500010E-04 1.840000004E-05 4.894599915E-01 1.059300000E+04 3.732300049E+03 3.479599915E+02 8.822899628E+01 1.154400024E+02 1.015999985E+02 4.675900042E-01 3.546600044E-01 1.905799960E-03
 2.296000021E-04 1.840000004E-05 4.846799970E-01 1.016600000E+04 6.088399902E+03 3.475000000E+02 9.454699707E+01 1.184199982E+02 6.009700012E+01 4.879800081E-01 3.507300019E-01 1.924699987E-03
 2.316500031E-04 1.840000004E-05 4.806599915E-01 8.539099609E+03 -3.291600098E+03 3.470299988E+02 1.007900009E+02 1.217600021E+02 8.005599976E+01 5.093299747E-01 3.473500013E-01 1.940799993E-03
 2.337000042E-04 1.840000004E-05 4.763300121E-01 7.498799805E+03 -1.448000000E+04 3.462799988E+02 1.072900009E+02 1.252699966E+02 1.019800034E+02 5.320100188E-01 3.434799910E-01 1.958400011E-03
 2.357500052E-04 1.840000004E-05 4.714800119E-01 1.526600000E+04 -8.079600098E+03 3.453299866E+02 1.140100021E+02 1.290899963E+02 9.445800018E+01 5.562899709E-01 3.390499949E-01 1.978500048E-03
 2.378000063E-04 1.840000004E-05 4.666599929E-01 2.381800000E+04 -3.169000000E+03 3.441900024E+02 1.209400024E+02 1.328300018E+02 8.378099823E+01 5.811899900E-01 3.344700038E-01 1.999000087E-03
 2.398499928E-04 1.840000004E-05 4.619199932E-01 1.868500000E+04 -9.947299805E+03 3.430899963E+02 1.282100067E+02 1.362100067E+02 8.140299988E+01 6.061800122E-01 3.300200105E-01 2.019499894E-03
 2.418999939E-04 1.840000004E-05 4.567500055E-01 1.087000000E+04 -8.427400391E+03 3.420199890E+02 1.358500061E+02 1.399900055E+02 9.289900208E+01 6.330999732E-01 3.253099918E-01 2.042300068E-03
 2.439499949E-04 1.840000004E-05 4.508199990E-01 1.487800000E+04 -8.098000000E+03 3.407500000E+02 1.436000061E+02 1.440399933E+02 9.898000336E+01 6.613500118E-01 3.199000061E-01 2.069199923E-03
 2.460000105E-04 1.840000004E-05 4.442999959E-01 2.231400000E+04 -1.645900024E+03 3.392500000E+02 1.514600067E+02 1.479199982E+02 1.072699966E+02 6.898900270E-01 3.138799965E-01 2.099599922E-03
 2.480499970E-04 1.840000004E-05 4.373500049E-01 2.244700000E+04 4.714200195E+03 3.377500000E+02 1.597599945E+02 1.515899963E+02 1.138700027E+02 7.192900181E-01 3.075999916E-01 2.132999944E-03
 2.501000126E-04 1.840000004E-05 4.291499853E-01 1.936400000E+04 3.604899902E+02 3.361900024E+02 1.688099976E+02 1.553899994E+02 1.141699982E+02 7.510899901E-01 3.004400134E-01 2.173899906E-03
 2.521499991E-04 1.840000004E-05 4.197599888E-01 2.152000000E+04 -4.206899902E+03 3.342799988E+02 1.785800018E+02 1.596399994E+02 1.089100037E+02 7.863699794E-01 2.922100127E-01 2.222500043E-03
 2.541999856E-04 1.840000004E-05 4.106400013E-01 3.835100000E+04 -5.664600098E+03 3.320899963E+02 1.886699982E+02 1.639199982E+02 1.145100021E+02 8.232200146E-01 2.839800119E-01 2.271899953E-03
 2.562500013E-04 1.840000004E-05 4.005799890E-01 5.032100000E+04 -5.264299805E+03 3.297500000E+02 1.995899963E+02 1.679299927E+02 1.279199982E+02 8.622000217E-01 2.750799954E-01 2.329200041E-03
 2.582999878E-04 1.840000004E-05 3.880400062E-01 5.243000000E+04 -9.939400024E+02 3.269500122E+02 2.121799927E+02 1.719100037E+02 1.327700043E+02 9.065600038E-01 2.642099857E-01 2.404700033E-03
 2.603500034E-04 1.840000004E-05 3.734399974E-01 6.036000000E+04 2.538399902E+03 3.231000061E+02 2.269799957E+02 1.762299957E+02 1.302400055E+02 9.596700072E-01 2.513000071E-01 2.498999937E-03
 2.623999899E-04 1.840000004E-05 3.555000126E-01 7.603900000E+04 3.611699951E+03 3.178200073E+02 2.454499969E+02 1.806300049E+02 1.079599991E+02 1.026299953E+00 2.353399992E-01 2.626100089E-03
 2.644500055E-04 1.840000004E-05 3.064799905E-01 1.012900000E+05 8.806799805E+03 3.009400024E+02 2.936400146E+02 1.851000061E+02 1.034700012E+02 1.116600037E+00 2.147399932E-01 2.815899905E-03
 2.664999920E-04 1.840000004E-05 2.676100135E-01 1.163400000E+05 1.235500000E+04 2.871199951E+02 3.314599915E+02 1.874100037E+02 1.146699982E+02 1.169499993E+00 2.031199932E-01 2.930700080E-03
 2.050000039E-04 2.069999937E-05 5.376099944E-01 1.147800000E+04 6.569600000E+04 3.524700012E+02 9.004699707E+00 6.700900269E+01 1.416999969E+02 2.163099945E-01 3.945600092E-01 1.735399943E-03
 2.070500050E-04 2.069999937E-05 5.349199772E-01 1.705099976E+03 4.861500000E+04 3.527399902E+02 1.600200081E+01 7.040100098E+01 1.532500000E+02 2.318200022E-01 3.928900063E-01 1.744100009E-03
 2.091000060E-04 2.069999937E-05 5.296499729E-01 -6.589700195E+03 2.789300000E+04 3.528599854E+02 2.807099915E+01 7.698000336E+01 1.781000061E+02 2.624500096E-01 3.891699910E-01 1.761300024E-03
 2.111500071E-04 2.069999937E-05 5.249000192E-01 -3.904500000E+03 1.749900000E+04 3.526400146E+02 3.729299927E+01 8.222100067E+01 1.906000061E+02 2.890000045E-01 3.854399920E-01 1.777200028E-03
 2.131999936E-04 2.069999937E-05 5.205900073E-01 5.481100098E+03 4.457100098E+03 3.523599854E+02 4.509099960E+01 8.655500031E+01 1.833200073E+02 3.123599887E-01 3.819800019E-01 1.791900024E-03
 2.152499947E-04 2.069999937E-05 5.164200068E-01 1.428200000E+04 3.854699951E+03 3.518900146E+02 5.207099915E+01 9.006600189E+01 1.494299927E+02 3.331300020E-01 3.784199953E-01 1.806300017E-03
 2.172999957E-04 2.069999937E-05 5.121899843E-01 8.130500000E+03 3.053300049E+03 3.512000122E+02 5.870700073E+01 9.293499756E+01 1.248099976E+02 3.522599936E-01 3.745799959E-01 1.821300015E-03
 2.193499968E-04 2.069999937E-05 5.081700087E-01 4.702799805E+03 6.356799805E+03 3.506600037E+02 6.520099640E+01 9.619999695E+01 1.288300018E+02 3.726400137E-01 3.710699975E-01 1.835600007E-03
 2.213999978E-04 2.069999937E-05 5.045199990E-01 8.367799805E+03 1.043700000E+04 3.502000122E+02 7.155200195E+01 9.957199860E+01 1.195999985E+02 3.933700025E-01 3.679299951E-01 1.848899992E-03
 2.234499989E-04 2.069999937E-05 5.002099872E-01 6.443000000E+03 -2.660000000E+03 3.497200012E+02 7.780400085E+01 1.029000015E+02 1.143300018E+02 4.141199887E-01 3.642799854E-01 1.864899998E-03
 2.254999999E-04 2.069999937E-05 4.963000119E-01 8.860000000E+03 -1.706699951E+03 3.490499878E+02 8.393299866E+01 1.058600006E+02 1.221100006E+02 4.340899885E-01 3.607400060E-01 1.879499992E-03
 2.275500010E-04 2.069999937E-05 4.924600124E-01 1.415400000E+04 4.025600098E+03 3.483800049E+02 9.007099915E+01 1.085400009E+02 1.000999985E+02 4.536400139E-01 3.572599888E-01 1.894199988E-03
 2.296000021E-04 2.069999937E-05 4.880700111E-01 1.515000000E+04 5.062200195E+03 3.478599854E+02 9.629799652E+01 1.115699997E+02 7.405699921E+01 4.743399918E-01 3.535499871E-01 1.911200001E-03
 2.316500031E-04 2.069999937E-05 4.838399887E-01 1.410500000E+04 3.326100098E+03 3.471400146E+02 1.025299988E+02 1.148899994E+02 8.772000122E+01 4.961299896E-01 3.497599959E-01 1.928000012E-03
 2.337000042E-04 2.069999937E-05 4.790000021E-01 9.945000000E+03 -9.309200195E+03 3.464299927E+02 1.089599991E+02 1.184100037E+02 9.942800140E+01 5.189399719E-01 3.455600142E-01 1.947500044E-03
 2.357500052E-04 2.069999937E-05 4.740099907E-01 1.307700000E+04 -3.029500000E+03 3.455100098E+02 1.155599976E+02 1.222799988E+02 1.077500000E+02 5.433099866E-01 3.410399854E-01 1.968000084E-03
 2.378000063E-04 2.069999937E-05 4.689599872E-01 1.950900000E+04 2.049000000E+03 3.444200134E+02 1.223600006E+02 1.258300018E+02 1.109499969E+02 5.676699877E-01 3.363400102E-01 1.989200013E-03
 2.398499928E-04 2.069999937E-05 4.638499916E-01 1.723800000E+04 -6.536200195E+03 3.435199890E+02 1.294900055E+02 1.288800049E+02 9.345099640E+01 5.916799903E-01 3.318200111E-01 2.011100063E-03
 2.418999939E-04 2.069999937E-05 4.589399993E-01 1.277300000E+04 -6.237500000E+03 3.424200134E+02 1.368399963E+02 1.324400024E+02 8.778099823E+01 6.177399755E-01 3.272500038E-01 2.032600110E-03
 2.439499949E-04 2.069999937E-05 4.533199966E-01 1.246600000E+04 -9.456299805E+03 3.410299988E+02 1.445099945E+02 1.366600037E+02 9.625000000E+01 6.464899778E-01 3.219299912E-01 2.057800069E-03
 2.460000105E-04 2.069999937E-05 4.467799962E-01 1.638100000E+04 -2.153500000E+03 3.396700134E+02 1.526799927E+02 1.406499939E+02 1.011999969E+02 6.760799885E-01 3.160299957E-01 2.088000067E-03
 2.480499970E-04 2.069999937E-05 4.394400120E-01 2.118900000E+04 6.017500000E+03 3.381099854E+02 1.612599945E+02 1.443000031E+02 9.422799683E+01 7.063800097E-01 3.093999922E-01 2.122899983E-03
 2.501000126E-04 2.069999937E-05 4.313800037E-01 2.221700000E+04 4.782100098E+03 3.361700134E+02 1.702200012E+02 1.479499969E+02 8.686100006E+01 7.383300066E-01 3.019900024E-01 2.162599936E-03
 2.521499991E-04 2.069999937E-05 4.224900007E-01 2.407700000E+04 4.637500000E+03 3.342900085E+02 1.798699951E+02 1.519400024E+02 1.040599976E+02 7.729700208E-01 2.941100001E-01 2.208200051E-03
 2.541999856E-04 2.069999937E-05 4.132699966E-01 3.822300000E+04 5.763000000E+03 3.322200012E+02 1.899799957E+02 1.559400024E+02 1.262300034E+02 8.094000220E-01 2.859199941E-01 2.257399959E-03
 2.562500013E-04 2.069999937E-05 4.032199979E-01 5.419800000E+04 3.105899902E+03 3.296600037E+02 2.010899963E+02 1.598500061E+02 1.204599991E+02 8.492199779E-01 2.768200040E-01 2.313900040E-03
 2.582999878E-04 2.069999937E-05 3.906899989E-01 5.783700000E+04 2.671400146E+02 3.267699890E+02 2.140200043E+02 1.638999939E+02 1.038099976E+02 8.951299787E-01 2.658700049E-01 2.388299908E-03
 2.603500034E-04 2.069999937E-05 3.756699860E-01 6.264100000E+04 2.026699951E+03 3.230299988E+02 2.291399994E+02 1.679400024E+02 9.281600189E+01 9.488599896E-01 2.527399957E-01 2.484200057E-03
 2.623999899E-04 2.069999937E-05 3.569099903E-01 8.182600000E+04 -9.364899902E+02 3.178900146E+02 2.480200043E+02 1.723000031E+02 9.385399628E+01 1.016899943E+00 2.363300025E-01 2.615799895E-03
 2.644500055E-04 2.069999937E-05 3.071399927E-01 1.080600000E+05 3.452800049E+03 3.007999878E+02 2.967900085E+02 1.766300049E+02 1.007099991E+02 1.108899951E+00 2.153699994E-01 2.807300072E-03
 2.664999920E-04 2.069999937E-05 2.679899931E-01 1.211600000E+05 9.933000000E+03 2.867000122E+02 3.348900146E+02 1.786100006E+02 1.020699997E+02 1.162199974E+00 2.036799937E-01 2.920900006E-03
 2.050000039E-04 2.300000051E-05 5.554599762E-01 -5.004600000E+04 1.544100000E+05 3.443099976E+02 1.527499962E+01 4.642100143E+01 4.068200073E+02 1.596399993E-01 3.981199861E-01 1.679899986E-03
 2.070500050E-04 2.300000051E-05 5.498200059E-01 -4.587000000E+04 1.301600000E+05 3.460400085E+02 2.167000008E+01 5.336199951E+01 3.281499939E+02 1.870799959E-01 3.960799873E-01 1.697200001E-03
 2.091000060E-04 2.300000051E-05 5.401600003E-01 -3.309900000E+04 8.944400000E+04 3.485700073E+02 3.283800125E+01 6.492099762E+01 2.323500061E+02 2.343399972E-01 3.920400143E-01 1.727199997E-03
 2.111500071E-04 2.300000051E-05 5.329099894E-01 -2.047700000E+04 5.562500000E+04 3.498099976E+02 4.151900101E+01 7.247599792E+01 2.070099945E+02 2.683599889E-01 3.881700039E-01 1.750599942E-03
 2.131999936E-04 2.300000051E-05 5.268999934E-01 -6.457100098E+03 3.634300000E+04 3.503699951E+02 4.894900131E+01 7.803600311E+01 1.896600037E+02 2.956300080E-01 3.844200075E-01 1.770499977E-03
 2.152499947E-04 2.300000051E-05 5.213699937E-01 3.246000000E+03 2.941200000E+04 3.507600098E+02 5.576900101E+01 8.230500031E+01 1.487200012E+02 3.188399971E-01 3.808099926E-01 1.789200003E-03
 2.172999957E-04 2.300000051E-05 5.162400007E-01 3.591199951E+03 1.587700000E+04 3.507699890E+02 6.207799911E+01 8.571499634E+01 1.119700012E+02 3.393299878E-01 3.770700097E-01 1.807000022E-03
 2.193499968E-04 2.300000051E-05 5.115000010E-01 7.381200195E+03 1.266900000E+04 3.504800110E+02 6.816400146E+01 8.925900269E+01 1.113600006E+02 3.601999879E-01 3.732999861E-01 1.823700033E-03
 2.213999978E-04 2.300000051E-05 5.073599815E-01 1.375900000E+04 1.583800000E+04 3.502099915E+02 7.412999725E+01 9.278800201E+01 1.143300018E+02 3.810200095E-01 3.700000048E-01 1.838600030E-03
 2.234499989E-04 2.300000051E-05 5.030699968E-01 6.595899902E+03 1.132700000E+04 3.497999878E+02 8.018499756E+01 9.621499634E+01 1.064400024E+02 4.020499885E-01 3.664500117E-01 1.854300033E-03
 2.254999999E-04 2.300000051E-05 4.987899959E-01 5.042299805E+03 1.169300000E+04 3.490000000E+02 8.633499908E+01 9.931999969E+01 1.014800034E+02 4.229100049E-01 3.625000119E-01 1.870200038E-03
 2.275500010E-04 2.300000051E-05 4.948599935E-01 1.129700000E+04 7.376899902E+03 3.483500061E+02 9.229900360E+01 1.020899963E+02 9.798400116E+01 4.426699877E-01 3.589699864E-01 1.885000034E-03
 2.296000021E-04 2.300000051E-05 4.907999933E-01 1.271400000E+04 7.120499878E+02 3.478200073E+02 9.831900024E+01 1.050899963E+02 9.040899658E+01 4.632099867E-01 3.554899991E-01 1.900600037E-03
 2.316500031E-04 2.300000051E-05 4.862500131E-01 1.550900000E+04 6.290300293E+02 3.470199890E+02 1.045000000E+02 1.083700027E+02 8.782800293E+01 4.851100147E-01 3.513799906E-01 1.918500056E-03
 2.337000042E-04 2.300000051E-05 4.812499881E-01 1.395300000E+04 -3.882899902E+03 3.463800049E+02 1.108799973E+02 1.118899994E+02 8.838999939E+01 5.080599785E-01 3.471300006E-01 1.938299974E-03
 2.357500052E-04 2.300000051E-05 4.764400125E-01 1.829800000E+04 -6.642500000E+02 3.454299927E+02 1.174000015E+02 1.155899963E+02 9.931199646E+01 5.320900083E-01 3.427200019E-01 1.957899891E-03
 2.378000063E-04 2.300000051E-05 4.714399874E-01 2.206300000E+04 6.660299805E+03 3.444800110E+02 1.241600037E+02 1.187099991E+02 1.152200012E+02 5.555499792E-01 3.381800056E-01 1.978700049E-03
 2.398499928E-04 2.300000051E-05 4.661499858E-01 1.658900000E+04 7.000000000E+02 3.437399902E+02 1.313300018E+02 1.218899994E+02 1.050199966E+02 5.800899863E-01 3.336699903E-01 2.001200104E-03
 2.418999939E-04 2.300000051E-05 4.607400000E-01 1.568500000E+04 -3.914899902E+03 3.426099854E+02 1.384600067E+02 1.255599976E+02 1.002900009E+02 6.061099768E-01 3.287200034E-01 2.024600049E-03
 2.439499949E-04 2.300000051E-05 4.552200139E-01 1.932200000E+04 -2.708199951E+03 3.411900024E+02 1.458600006E+02 1.293699951E+02 1.170400009E+02 6.335499883E-01 3.234300017E-01 2.049200004E-03
 2.460000105E-04 2.300000051E-05 4.485499859E-01 1.817900000E+04 -3.130600098E+03 3.397999878E+02 1.541199951E+02 1.333999939E+02 1.054400024E+02 6.637200117E-01 3.174000084E-01 2.079699887E-03
 2.480499970E-04 2.300000051E-05 4.407800138E-01 2.013500000E+04 -2.269699951E+03 3.382099915E+02 1.628099976E+02 1.372400055E+02 7.265599823E+01 6.949800253E-01 3.104400039E-01 2.116400050E-03
 2.501000126E-04 2.300000051E-05 4.331499934E-01 2.790000000E+04 1.180900024E+03 3.364200134E+02 1.716100006E+02 1.407700043E+02 6.495999908E+01 7.263500094E-01 3.034499884E-01 2.153699985E-03
 2.521499991E-04 2.300000051E-05 4.247199893E-01 3.294700000E+04 2.528100098E+03 3.344500122E+02 1.810599976E+02 1.444199982E+02 8.223799896E+01 7.601500154E-01 2.958100140E-01 2.196500078E-03
 2.541999856E-04 2.300000051E-05 4.153200090E-01 3.700000000E+04 1.536000000E+03 3.321400146E+02 1.912899933E+02 1.482200012E+02 8.976200104E+01 7.970200181E-01 2.872700095E-01 2.246200107E-03
 2.562500013E-04 2.300000051E-05 4.050500095E-01 4.770200000E+04 4.518000000E+03 3.295000000E+02 2.025500031E+02 1.521199951E+02 9.768099976E+01 8.376500010E-01 2.779400051E-01 2.303400077E-03
 2.582999878E-04 2.300000051E-05 3.922699988E-01 5.409900000E+04 1.465900024E+03 3.264200134E+02 2.157100067E+02 1.560700073E+02 9.635600281E+01 8.845800161E-01 2.666699886E-01 2.378700068E-03
 2.603500034E-04 2.300000051E-05 3.770099878E-01 6.381300000E+04 -4.653799805E+03 3.226099854E+02 2.310899963E+02 1.599700012E+02 8.948300171E+01 9.393299818E-01 2.533099949E-01 2.475399990E-03
 2.623999899E-04 2.300000051E-05 3.585000038E-01 8.370700000E+04 -4.206200195E+03 3.175799866E+02 2.499600067E+02 1.640200043E+02 1.032900009E+02 1.007200003E+00 2.371499985E-01 2.604200039E-03
 2.644500055E-04 2.300000051E-05 3.083100021E-01 1.091500000E+05 -6.442899780E+02 3.004200134E+02 2.991499939E+02 1.678300018E+02 9.705000305E+01 1.099099994E+00 2.163500041E-01 2.793000080E-03
 2.664999920E-04 2.300000051E-05 2.684899867E-01 1.250600000E+05 2.377800049E+03 2.861799927E+02 3.377600098E+02 1.695599976E+02 8.131800079E+01 1.152799964E+00 2.045699954E-01 2.906600013E-03
 2.050000039E-04 2.529999983E-05 5.699399710E-01 -1.136200000E+05 1.585300000E+05 3.338399963E+02 2.332399940E+01 3.152000046E+01 5.410800171E+02 1.301600039E-01 3.961699903E-01 1.636800007E-03
 2.070500050E-04 2.529999983E-05 5.628700256E-01 -9.302400000E+04 1.474600000E+05 3.370799866E+02 2.795899963E+01 4.005899811E+01 4.186600037E+02 1.605699956E-01 3.950099945E-01 1.657600049E-03
 2.091000060E-04 2.529999983E-05 5.509799719E-01 -6.008900000E+04 1.217800000E+05 3.422300110E+02 3.695000076E+01 5.430199814E+01 2.583999939E+02 2.134799957E-01 3.926100135E-01 1.693199971E-03
 2.111500071E-04 2.529999983E-05 5.413500071E-01 -4.762100000E+04 8.942200000E+04 3.452600098E+02 4.512900162E+01 6.349300003E+01 2.071699982E+02 2.518999875E-01 3.891800046E-01 1.723299967E-03
 2.131999936E-04 2.529999983E-05 5.333099961E-01 -3.430700000E+04 6.690400000E+04 3.470400085E+02 5.229000092E+01 7.004100037E+01 1.762400055E+02 2.818099856E-01 3.853900135E-01 1.749200048E-03
 2.152499947E-04 2.529999983E-05 5.268300176E-01 -1.227400000E+04 4.946700000E+04 3.482500000E+02 5.880400085E+01 7.503299713E+01 1.330700073E+02 3.067499995E-01 3.820399940E-01 1.770699979E-03
 2.172999957E-04 2.529999983E-05 5.208399892E-01 -6.597799805E+03 2.744500000E+04 3.491700134E+02 6.505100250E+01 7.882700348E+01 9.570600128E+01 3.284099996E-01 3.786999881E-01 1.791000017E-03
 2.193499968E-04 2.529999983E-05 5.152999759E-01 -4.711500000E+03 1.808300000E+04 3.495599976E+02 7.109500122E+01 8.273100281E+01 1.129899979E+02 3.503000140E-01 3.750900030E-01 1.810300048E-03
 2.213999978E-04 2.529999983E-05 5.109599829E-01 6.518399902E+03 2.161300000E+04 3.493299866E+02 7.682099915E+01 8.628900146E+01 1.401999969E+02 3.711099923E-01 3.716900051E-01 1.825600048E-03
 2.234499989E-04 2.529999983E-05 5.065400004E-01 5.542799805E+03 2.551300000E+04 3.490199890E+02 8.273100281E+01 8.945099640E+01 1.163799973E+02 3.915599883E-01 3.681499958E-01 1.841600053E-03
 2.254999999E-04 2.529999983E-05 5.015400052E-01 5.355000000E+03 2.293700000E+04 3.485199890E+02 8.890899658E+01 9.278500366E+01 9.069999695E+01 4.132600129E-01 3.639900088E-01 1.859899960E-03
 2.275500010E-04 2.529999983E-05 4.970999956E-01 7.364000000E+03 1.541500000E+04 3.479899902E+02 9.491000366E+01 9.593199921E+01 8.817600250E+01 4.342699945E-01 3.602199852E-01 1.876599970E-03
 2.296000021E-04 2.529999983E-05 4.928300083E-01 1.484500000E+03 3.812300049E+03 3.475400085E+02 1.007500000E+02 9.901399994E+01 9.200900269E+01 4.548600018E-01 3.566699922E-01 1.892799977E-03
 2.316500031E-04 2.529999983E-05 4.884099960E-01 8.637099609E+03 -1.701500000E+03 3.468800049E+02 1.066500015E+02 1.021500015E+02 9.919499969E+01 4.759700000E-01 3.528000116E-01 1.909899991E-03
 2.337000042E-04 2.529999983E-05 4.838399887E-01 2.083500000E+04 2.004599976E+03 3.462999878E+02 1.128199997E+02 1.054000015E+02 8.917500305E+01 4.980199933E-01 3.489100039E-01 1.928000012E-03
 2.357500052E-04 2.529999983E-05 4.792400002E-01 2.519600000E+04 4.052600098E+03 3.454200134E+02 1.192200012E+02 1.088499985E+02 8.627200317E+01 5.214099884E-01 3.447200060E-01 1.946500037E-03
 2.378000063E-04 2.529999983E-05 4.741100073E-01 2.055900000E+04 2.672000000E+03 3.444500122E+02 1.259000015E+02 1.119199982E+02 9.835299683E+01 5.448499918E-01 3.400599957E-01 1.967600081E-03
 2.398499928E-04 2.529999983E-05 4.683899879E-01 2.007200000E+04 6.521199951E+02 3.436700134E+02 1.328800049E+02 1.151999969E+02 1.018600006E+02 5.694000125E-01 3.352099955E-01 1.991600031E-03
 2.418999939E-04 2.529999983E-05 4.624800086E-01 2.349400000E+04 -1.863999939E+02 3.427300110E+02 1.400200043E+02 1.189000015E+02 1.062300034E+02 5.955799818E-01 3.300699890E-01 2.016999992E-03
 2.439499949E-04 2.529999983E-05 4.566000104E-01 2.337900000E+04 7.676000000E+03 3.414400024E+02 1.474199982E+02 1.224700012E+02 1.157900009E+02 6.225699782E-01 3.246499896E-01 2.042999957E-03
 2.460000105E-04 2.529999983E-05 4.499799907E-01 2.485800000E+04 3.625000000E+03 3.397699890E+02 1.554400024E+02 1.262200012E+02 1.029599991E+02 6.520199776E-01 3.183799982E-01 2.073100070E-03
 2.480499970E-04 2.529999983E-05 4.424400032E-01 2.295900000E+04 -6.924200195E+03 3.381099854E+02 1.641600037E+02 1.300200043E+02 7.748699951E+01 6.836000085E-01 3.115099967E-01 2.108500106E-03
 2.501000126E-04 2.529999983E-05 4.347699881E-01 2.841600000E+04 9.989699707E+02 3.365299988E+02 1.731300049E+02 1.336999969E+02 7.716899872E+01 7.157099843E-01 3.046900034E-01 2.145699924E-03
 2.521499991E-04 2.529999983E-05 4.261299968E-01 2.985800000E+04 3.163199951E+03 3.345400085E+02 1.826799927E+02 1.372700043E+02 7.226499939E+01 7.499099970E-01 2.968699932E-01 2.189300023E-03
 2.541999856E-04 2.529999983E-05 4.165999889E-01 3.196300000E+04 -6.343100098E+03 3.321600037E+02 1.930800018E+02 1.408099976E+02 6.792800140E+01 7.870600224E-01 2.881700099E-01 2.239299938E-03
 2.562500013E-04 2.529999983E-05 4.063400030E-01 4.574500000E+04 -1.578800049E+03 3.294599915E+02 2.043800049E+02 1.445599976E+02 9.108599854E+01 8.278800249E-01 2.787899971E-01 2.296099905E-03
 2.582999878E-04 2.529999983E-05 3.937200010E-01 5.257000000E+04 3.863100098E+03 3.262200012E+02 2.174100037E+02 1.482500000E+02 9.774700165E+01 8.745499849E-01 2.674899995E-01 2.369999886E-03
 2.603500034E-04 2.529999983E-05 3.785200119E-01 6.732100000E+04 -6.204899902E+03 3.222000122E+02 2.327400055E+02 1.520399933E+02 9.524199677E+01 9.297199845E-01 2.540000081E-01 2.465500031E-03
 2.623999899E-04 2.529999983E-05 3.598999977E-01 8.811100000E+04 -4.237000000E+03 3.170599976E+02 2.516499939E+02 1.558300018E+02 1.022099991E+02 9.979799986E-01 2.376800030E-01 2.593999961E-03
 2.644500055E-04 2.529999983E-05 3.093000054E-01 1.123700000E+05 4.812600098E+03 2.998800049E+02 3.010799866E+02 1.592200012E+02 8.772399902E+01 1.090199947E+00 2.168300003E-01 2.782600001E-03
 2.664999920E-04 2.529999983E-05 2.690500021E-01 1.289000000E+05 6.322000000E+03 2.855799866E+02 3.399299927E+02 1.608500061E+02 7.560500336E+01 1.144400001E+00 2.049700022E-01 2.896500053E-03
 2.050000039E-04 2.759999916E-05 5.787900090E-01 -1.200200000E+05 1.155100000E+05 3.260199890E+02 3.031200027E+01 2.455999947E+01 3.860299988E+02 1.303299963E-01 3.929100037E-01 1.611700049E-03
 2.070500050E-04 2.759999916E-05 5.721200109E-01 -1.052400000E+05 1.158500000E+05 3.293200073E+02 3.350500107E+01 3.190999985E+01 3.406600037E+02 1.538199931E-01 3.922599852E-01 1.630799961E-03
 2.091000060E-04 2.759999916E-05 5.605800152E-01 -7.782400000E+04 1.178700000E+05 3.350400085E+02 4.045800018E+01 4.522800064E+01 2.678999939E+02 1.993100047E-01 3.910399973E-01 1.664199983E-03
 2.111500071E-04 2.759999916E-05 5.503000021E-01 -6.478000000E+04 1.072000000E+05 3.392900085E+02 4.787799835E+01 5.508900070E+01 2.062700043E+02 2.380000055E-01 3.887499869E-01 1.695399988E-03
 2.131999936E-04 2.759999916E-05 5.409100056E-01 -5.077200000E+04 8.474200000E+04 3.423500061E+02 5.481399918E+01 6.233900070E+01 1.604199982E+02 2.694100142E-01 3.855800033E-01 1.724699978E-03
 2.152499947E-04 2.759999916E-05 5.334699750E-01 -2.744100000E+04 6.550500000E+04 3.443399963E+02 6.139500046E+01 6.791500092E+01 1.351499939E+02 2.962900102E-01 3.824999928E-01 1.748700044E-03
 2.172999957E-04 2.759999916E-05 5.265899897E-01 -2.219900000E+04 4.744600000E+04 3.458299866E+02 6.781199646E+01 7.200700378E+01 1.132399979E+02 3.193799853E-01 3.792099953E-01 1.771599986E-03
 2.193499968E-04 2.759999916E-05 5.203499794E-01 -2.010600000E+04 3.619100000E+04 3.469400024E+02 7.382599640E+01 7.620899963E+01 1.193300018E+02 3.420200050E-01 3.759199977E-01 1.792800031E-03
 2.213999978E-04 2.759999916E-05 5.150300264E-01 -9.987099609E+03 3.361400000E+04 3.475400085E+02 7.954000092E+01 8.008499908E+01 1.404299927E+02 3.634999990E-01 3.727299869E-01 1.811200054E-03
 2.234499989E-04 2.759999916E-05 5.099200010E-01 9.058200073E+02 3.465100000E+04 3.476900024E+02 8.533399963E+01 8.299700165E+01 1.205100021E+02 3.832800090E-01 3.691999912E-01 1.829399960E-03
 2.254999999E-04 2.759999916E-05 5.048800111E-01 1.229600000E+04 2.911300000E+04 3.475100098E+02 9.129399872E+01 8.633899689E+01 9.678700256E+01 4.046500027E-01 3.653500080E-01 1.847599982E-03
 2.275500010E-04 2.759999916E-05 5.001900196E-01 1.375000000E+04 2.019000000E+04 3.472699890E+02 9.720999908E+01 8.971900177E+01 8.626799774E+01 4.261499941E-01 3.617100120E-01 1.864999998E-03
 2.296000021E-04 2.759999916E-05 4.952400029E-01 4.834899902E+03 9.048799805E+03 3.470299988E+02 1.031800003E+02 9.299800110E+01 9.240399933E+01 4.476099908E-01 3.578900099E-01 1.883600024E-03
 2.316500031E-04 2.759999916E-05 4.903700054E-01 2.548500000E+03 6.080399902E+03 3.465499878E+02 1.091800003E+02 9.626899719E+01 1.121500015E+02 4.693799913E-01 3.538799882E-01 1.902300050E-03
 2.337000042E-04 2.759999916E-05 4.860900044E-01 1.135400000E+04 1.115200000E+04 3.459299927E+02 1.150599976E+02 9.920400238E+01 1.040100021E+02 4.902999997E-01 3.501600027E-01 1.918999944E-03
 2.357500052E-04 2.759999916E-05 4.814499915E-01 1.472200000E+04 8.394700195E+03 3.453399963E+02 1.211800003E+02 1.024899979E+02 1.110500031E+02 5.126500130E-01 3.462199867E-01 1.937599969E-03
 2.378000063E-04 2.759999916E-05 4.760699868E-01 1.353200000E+04 4.959500000E+03 3.444899902E+02 1.277600021E+02 1.057399979E+02 1.224100037E+02 5.363500118E-01 3.415200114E-01 1.959400019E-03
 2.398499928E-04 2.759999916E-05 4.704500139E-01 2.333900000E+04 6.151300049E+02 3.435199890E+02 1.344299927E+02 1.087500000E+02 1.130199966E+02 5.599899888E-01 3.365300000E-01 1.982900081E-03
 2.418999939E-04 2.759999916E-05 4.644899964E-01 2.976700000E+04 2.613399902E+03 3.424800110E+02 1.415099945E+02 1.121900024E+02 9.725900269E+01 5.857300162E-01 3.312700093E-01 2.008300042E-03
 2.439499949E-04 2.759999916E-05 4.579200149E-01 2.298400000E+04 1.413200000E+04 3.413099976E+02 1.491600037E+02 1.159000015E+02 1.040800018E+02 6.137199998E-01 3.254700005E-01 2.037100028E-03
 2.460000105E-04 2.759999916E-05 4.511800110E-01 2.614800000E+04 6.653399902E+03 3.398200073E+02 1.570200043E+02 1.193700027E+02 1.159499969E+02 6.422500014E-01 3.192700148E-01 2.067599911E-03
 2.480499970E-04 2.759999916E-05 4.441899955E-01 3.262600000E+04 -3.501000000E+03 3.379700012E+02 1.654499969E+02 1.227200012E+02 9.874600220E+01 6.725900173E-01 3.126100004E-01 2.100199927E-03
 2.501000126E-04 2.759999916E-05 4.364599884E-01 3.118700000E+04 8.119799805E+03 3.362099915E+02 1.746000061E+02 1.263199997E+02 8.584400177E+01 7.054799795E-01 3.055799901E-01 2.137399977E-03
 2.521499991E-04 2.759999916E-05 4.276399910E-01 2.647100000E+04 7.916399902E+03 3.344599915E+02 1.842799988E+02 1.300800018E+02 8.777100372E+01 7.403200269E-01 2.978500128E-01 2.181499964E-03
 2.541999856E-04 2.759999916E-05 4.179199934E-01 3.165800000E+04 -7.219899902E+03 3.322799988E+02 1.946199951E+02 1.335099945E+02 9.235199738E+01 7.771499753E-01 2.891899943E-01 2.232299885E-03
 2.562500013E-04 2.759999916E-05 4.068999887E-01 4.117800000E+04 -2.889000000E+03 3.293999939E+02 2.061799927E+02 1.371799927E+02 8.547799683E+01 8.190299869E-01 2.791300118E-01 2.292999998E-03
 2.582999878E-04 2.759999916E-05 3.946799934E-01 5.216500000E+04 3.268300049E+03 3.259899902E+02 2.190299988E+02 1.408399963E+02 7.679599762E+01 8.657299876E-01 2.679499984E-01 2.364000073E-03
 2.603500034E-04 2.759999916E-05 3.802399933E-01 7.116300000E+04 -5.587100098E+03 3.220400085E+02 2.339400024E+02 1.442700043E+02 8.081700134E+01 9.193800092E-01 2.550300062E-01 2.454299945E-03
 2.623999899E-04 2.759999916E-05 3.615899980E-01 8.927400000E+04 -1.375800049E+03 3.169100037E+02 2.527500000E+02 1.475000000E+02 7.828099823E+01 9.869199991E-01 2.386900038E-01 2.581899986E-03
 2.644500055E-04 2.759999916E-05 3.103399873E-01 1.148000000E+05 6.279600098E+03 2.995400085E+02 3.025000000E+02 1.506799927E+02 7.186399841E+01 1.080100060E+00 2.175199986E-01 2.771799918E-03
 2.664999920E-04 2.759999916E-05 2.694799900E-01 1.309800000E+05 6.542899902E+03 2.851199951E+02 3.416799927E+02 1.524299927E+02 7.213700104E+01 1.135599971E+00 2.054200023E-01 2.887400100E-03
 2.050000039E-04 2.990000030E-05 5.875700116E-01 -1.087600000E+05 9.371800000E+04 3.195499878E+02 3.586999893E+01 2.065699959E+01 2.990499878E+02 1.392499954E-01 3.909499943E-01 1.587599982E-03
 2.070500050E-04 2.990000030E-05 5.817700028E-01 -1.059500000E+05 9.555000000E+04 3.222200012E+02 3.815999985E+01 2.652400017E+01 2.808399963E+02 1.560900062E-01 3.902899921E-01 1.603699988E-03
 2.091000060E-04 2.990000030E-05 5.708199739E-01 -9.275300000E+04 1.022900000E+05 3.276300049E+02 4.350699997E+01 3.778200150E+01 2.568299866E+02 1.914400011E-01 3.893800080E-01 1.634399989E-03
 2.111500071E-04 2.990000030E-05 5.606600046E-01 -7.155200000E+04 1.054700000E+05 3.323999939E+02 4.988800049E+01 4.725099945E+01 2.313099976E+02 2.264100015E-01 3.880200088E-01 1.664099982E-03
 2.131999936E-04 2.990000030E-05 5.506700277E-01 -5.606600000E+04 9.502200000E+04 3.361400146E+02 5.677000046E+01 5.460800171E+01 1.799700012E+02 2.580400109E-01 3.853999972E-01 1.694199978E-03
 2.152499947E-04 2.990000030E-05 5.417199731E-01 -4.456800000E+04 8.377500000E+04 3.391300049E+02 6.363700104E+01 6.052299881E+01 1.442500000E+02 2.863700092E-01 3.825199902E-01 1.722099958E-03
 2.172999957E-04 2.990000030E-05 5.341600180E-01 -3.252300000E+04 7.536800000E+04 3.412200012E+02 6.994799805E+01 6.519899750E+01 1.233300018E+02 3.107999861E-01 3.795199990E-01 1.746500027E-03
 2.193499968E-04 2.990000030E-05 5.269100070E-01 -3.042100000E+04 6.575400000E+04 3.430000000E+02 7.590599823E+01 6.974400330E+01 1.035299988E+02 3.341299891E-01 3.763299882E-01 1.770499977E-03
 2.213999978E-04 2.990000030E-05 5.202800035E-01 -2.880600000E+04 5.671900000E+04 3.445299988E+02 8.180300140E+01 7.391000366E+01 1.090299988E+02 3.565700054E-01 3.732599914E-01 1.793000032E-03
 2.234499989E-04 2.990000030E-05 5.146499872E-01 -1.391800000E+04 5.303100000E+04 3.451700134E+02 8.756800079E+01 7.686299896E+01 1.064100037E+02 3.764899969E-01 3.699100018E-01 1.812599949E-03
 2.254999999E-04 2.990000030E-05 5.091699958E-01 -2.587600098E+02 4.492500000E+04 3.452900085E+02 9.331800079E+01 8.013500214E+01 9.870999908E+01 3.973700106E-01 3.661000133E-01 1.832099981E-03
 2.275500010E-04 2.990000030E-05 5.041199923E-01 1.319300049E+03 3.357100000E+04 3.455299988E+02 9.916400146E+01 8.339700317E+01 1.000999985E+02 4.184400141E-01 3.627200127E-01 1.850400004E-03
 2.296000021E-04 2.990000030E-05 4.991500080E-01 2.716000000E+03 2.473100000E+04 3.457300110E+02 1.050500031E+02 8.665299988E+01 1.119499969E+02 4.396399856E-01 3.593600094E-01 1.868900028E-03
 2.316500031E-04 2.990000030E-05 4.937100112E-01 -3.678500000E+03 2.457100000E+04 3.454100037E+02 1.110999985E+02 9.020400238E+01 1.143499985E+02 4.622099996E-01 3.551200032E-01 1.889399951E-03
 2.337000042E-04 2.990000030E-05 4.887999892E-01 -7.778600098E+03 2.478900000E+04 3.449500122E+02 1.170999985E+02 9.325700378E+01 1.118499985E+02 4.837999940E-01 3.511100113E-01 1.908399980E-03
 2.357500052E-04 2.990000030E-05 4.840199947E-01 -1.279599991E+02 1.454600000E+04 3.446499939E+02 1.232600021E+02 9.624099731E+01 1.227399979E+02 5.056499839E-01 3.473800123E-01 1.927300007E-03
 2.378000063E-04 2.990000030E-05 4.785400033E-01 6.956600098E+03 1.317800000E+04 3.438599854E+02 1.298600006E+02 9.941899872E+01 1.334199982E+02 5.294200182E-01 3.426600099E-01 1.949399943E-03
 2.398499928E-04 2.990000030E-05 4.726899862E-01 1.950900000E+04 9.097299805E+03 3.427699890E+02 1.364900055E+02 1.025999985E+02 1.245800018E+02 5.536100268E-01 3.373999894E-01 1.973500010E-03
 2.418999939E-04 2.990000030E-05 4.663299918E-01 2.187600000E+04 8.907299805E+03 3.418500061E+02 1.433999939E+02 1.059199982E+02 1.010400009E+02 5.787600279E-01 3.319599926E-01 2.000400098E-03
 2.439499949E-04 2.990000030E-05 4.595400095E-01 1.764000000E+04 2.120700000E+04 3.406799927E+02 1.508500061E+02 1.093600006E+02 8.688800049E+01 6.059299707E-01 3.260099888E-01 2.030000091E-03
 2.460000105E-04 2.990000030E-05 4.525800049E-01 2.329200000E+04 1.134600000E+04 3.393599854E+02 1.587400055E+02 1.126500015E+02 1.064400024E+02 6.342300177E-01 3.198300004E-01 2.061200095E-03
 2.480499970E-04 2.990000030E-05 4.454300106E-01 3.290500000E+04 3.786899902E+03 3.377000122E+02 1.669799957E+02 1.157200012E+02 1.055000000E+02 6.636000276E-01 3.132399917E-01 2.094299998E-03
 2.501000126E-04 2.990000030E-05 4.376499951E-01 3.425300000E+04 1.112200000E+04 3.358699951E+02 1.758800049E+02 1.191299973E+02 8.203099823E+01 6.957200170E-01 3.061099946E-01 2.131599933E-03
 2.521499991E-04 2.990000030E-05 4.292300045E-01 3.273700000E+04 2.590100098E+03 3.342099915E+02 1.853500061E+02 1.229700012E+02 9.056500244E+01 7.302799821E-01 2.987299860E-01 2.173400018E-03
 2.541999856E-04 2.990000030E-05 4.193499982E-01 3.296900000E+04 -4.733700195E+03 3.321700134E+02 1.957500000E+02 1.263300018E+02 8.398500061E+01 7.672799826E-01 2.900800109E-01 2.224799944E-03
 2.562500013E-04 2.990000030E-05 4.077500105E-01 3.458400000E+04 2.726100098E+03 3.292500000E+02 2.075700073E+02 1.298099976E+02 6.274200058E+01 8.098700047E-01 2.795900106E-01 2.288100077E-03
 2.582999878E-04 2.990000030E-05 3.957099915E-01 4.863000000E+04 2.293000000E+03 3.257799988E+02 2.203999939E+02 1.333099976E+02 5.832699966E+01 8.566399813E-01 2.684699893E-01 2.357800025E-03
 2.603500034E-04 2.990000030E-05 3.819000125E-01 6.495100000E+04 -7.006400299E+01 3.219200134E+02 2.350200043E+02 1.363800049E+02 6.596199799E+01 9.090999961E-01 2.560499907E-01 2.443500096E-03
 2.623999899E-04 2.990000030E-05 3.637700081E-01 8.161400000E+04 4.529500000E+03 3.167600098E+02 2.535800018E+02 1.392599945E+02 5.620100021E+01 9.759100080E-01 2.400099933E-01 2.566399984E-03
 2.644500055E-04 2.990000030E-05 3.116900027E-01 1.110700000E+05 4.877100098E+03 2.991199951E+02 3.038900146E+02 1.422100067E+02 4.828599930E+01 1.070400000E+00 2.185299993E-01 2.756699920E-03
 2.664999920E-04 2.990000030E-05 2.700400054E-01 1.295200000E+05 6.277000000E+03 2.845299988E+02 3.436099854E+02 1.438099976E+02 5.080599976E+01 1.126600027E+00 2.062499970E-01 2.873399993E-03
 2.050000039E-04 3.220000144E-05 5.953299999E-01 -7.199200000E+04 6.986800000E+04 3.140499878E+02 4.073899841E+01 1.796299934E+01 2.568900146E+02 1.509699970E-01 3.893100023E-01 1.566900057E-03
 2.070500050E-04 3.220000144E-05 5.904300213E-01 -7.977300000E+04 7.646100000E+04 3.163299866E+02 4.245199966E+01 2.267399979E+01 2.404499969E+02 1.629800051E-01 3.888800144E-01 1.580000040E-03
 2.091000060E-04 3.220000144E-05 5.806499720E-01 -8.541000000E+04 8.560600000E+04 3.211000061E+02 4.671900177E+01 3.185899925E+01 2.294400024E+02 1.897799969E-01 3.882000148E-01 1.606700011E-03
 2.111500071E-04 3.220000144E-05 5.709400177E-01 -7.047100000E+04 9.767600000E+04 3.255499878E+02 5.239099884E+01 4.021799850E+01 2.187100067E+02 2.199800014E-01 3.869999945E-01 1.633999986E-03
 2.131999936E-04 3.220000144E-05 5.610499978E-01 -5.743600000E+04 9.869500000E+04 3.293299866E+02 5.872999954E+01 4.726200104E+01 1.866199951E+02 2.495000064E-01 3.847100139E-01 1.662899973E-03
 2.152499947E-04 3.220000144E-05 5.516999960E-01 -5.324300000E+04 9.043700000E+04 3.328900146E+02 6.510600281E+01 5.327399826E+01 1.637700043E+02 2.768499851E-01 3.823899925E-01 1.690999954E-03
 2.172999957E-04 3.220000144E-05 5.431399941E-01 -4.517600000E+04 8.940400000E+04 3.357399902E+02 7.129000092E+01 5.859799957E+01 1.372899933E+02 3.023700118E-01 3.796899915E-01 1.717700041E-03
 2.193499968E-04 3.220000144E-05 5.346599817E-01 -3.902600000E+04 8.282900000E+04 3.383500061E+02 7.735800171E+01 6.330599976E+01 1.081900024E+02 3.262400031E-01 3.766799867E-01 1.744900015E-03
 2.213999978E-04 3.220000144E-05 5.273299813E-01 -3.152300000E+04 7.332200000E+04 3.405700073E+02 8.345700073E+01 6.736199951E+01 9.576799774E+01 3.489100039E-01 3.739599884E-01 1.769099967E-03
 2.234499989E-04 3.220000144E-05 5.205299854E-01 -2.150200000E+04 6.911600000E+04 3.416900024E+02 8.940100098E+01 7.075800323E+01 9.112500000E+01 3.702799976E-01 3.703599870E-01 1.792200026E-03
 2.254999999E-04 3.220000144E-05 5.141199827E-01 -1.915600000E+04 6.152600000E+04 3.423299866E+02 9.509300232E+01 7.412400055E+01 8.721199799E+01 3.911899924E-01 3.664900064E-01 1.814499963E-03
 2.275500010E-04 3.220000144E-05 5.084499717E-01 -1.795300000E+04 4.713400000E+04 3.430799866E+02 1.007900009E+02 7.743399811E+01 9.623100281E+01 4.119200110E-01 3.632299900E-01 1.834700000E-03
 2.296000021E-04 3.220000144E-05 5.028799772E-01 -8.967500000E+03 3.758500000E+04 3.436499939E+02 1.065899963E+02 8.071700287E+01 1.039599991E+02 4.329400063E-01 3.598699868E-01 1.855000039E-03
 2.316500031E-04 3.220000144E-05 4.971599877E-01 -5.104399902E+03 4.195000000E+04 3.436000061E+02 1.125299988E+02 8.416899872E+01 9.385099792E+01 4.550600052E-01 3.557200134E-01 1.876299968E-03
 2.337000042E-04 3.220000144E-05 4.916200042E-01 -3.943300049E+03 3.563400000E+04 3.434599915E+02 1.185899963E+02 8.729699707E+01 8.862300110E+01 4.769299924E-01 3.516199887E-01 1.897500013E-03
 2.357500052E-04 3.220000144E-05 4.865500033E-01 2.886199951E+03 2.672500000E+04 3.432399902E+02 1.248199997E+02 8.996600342E+01 9.757299805E+01 4.984999895E-01 3.477700055E-01 1.917200047E-03
 2.378000063E-04 3.220000144E-05 4.811600149E-01 1.461400000E+04 2.541700000E+04 3.423299866E+02 1.313899994E+02 9.314299774E+01 1.072699966E+02 5.224800110E-01 3.429999948E-01 1.938699977E-03
 2.398499928E-04 3.220000144E-05 4.746899903E-01 1.996000000E+04 2.318600000E+04 3.414800110E+02 1.382100067E+02 9.669699860E+01 1.023099976E+02 5.478900075E-01 3.375400007E-01 1.965200063E-03
 2.418999939E-04 3.220000144E-05 4.681099951E-01 1.089200000E+04 2.604200000E+04 3.408699951E+02 1.451699982E+02 9.981600189E+01 8.945500183E+01 5.727599859E-01 3.322699964E-01 1.992800040E-03
 2.439499949E-04 3.220000144E-05 4.618600011E-01 1.069100000E+04 3.144500000E+04 3.397699890E+02 1.524299927E+02 1.028099976E+02 6.825599670E+01 5.986999869E-01 3.267900050E-01 2.019800013E-03
 2.460000105E-04 3.220000144E-05 4.545300007E-01 1.665300000E+04 2.588900000E+04 3.385700073E+02 1.603300018E+02 1.060299988E+02 8.393199921E+01 6.270200014E-01 3.204599917E-01 2.052400028E-03
 2.480499970E-04 3.220000144E-05 4.469000101E-01 2.021900000E+04 1.426600000E+04 3.372000122E+02 1.684400024E+02 1.091699982E+02 8.595700073E+01 6.560999751E-01 3.138099909E-01 2.087400062E-03
 2.501000126E-04 3.220000144E-05 4.390699863E-01 2.924100000E+04 1.466100000E+04 3.354599915E+02 1.768699951E+02 1.123199997E+02 6.658999634E+01 6.866099834E-01 3.067199886E-01 2.124699997E-03
 2.521499991E-04 3.220000144E-05 4.306100011E-01 3.437200000E+04 4.400899902E+03 3.337000122E+02 1.863300018E+02 1.158199997E+02 6.975299835E+01 7.208700180E-01 2.992300093E-01 2.166500082E-03
 2.541999856E-04 3.220000144E-05 4.203900099E-01 3.233200000E+04 -4.325899963E+02 3.315499878E+02 1.971300049E+02 1.192300034E+02 5.461299896E+01 7.594699860E-01 2.902599871E-01 2.219300019E-03
 2.562500013E-04 3.220000144E-05 4.088999927E-01 3.910500000E+04 6.890799805E+03 3.288500061E+02 2.088899994E+02 1.225199966E+02 5.328699875E+01 8.015699983E-01 2.800300121E-01 2.281700028E-03
 2.582999878E-04 3.220000144E-05 3.970200121E-01 4.751200000E+04 5.345100098E+03 3.257999878E+02 2.216199951E+02 1.255599976E+02 6.175199890E+01 8.470799923E-01 2.693800032E-01 2.350100083E-03
 2.603500034E-04 3.220000144E-05 3.829900026E-01 5.361400000E+04 4.625399902E+03 3.219700012E+02 2.364900055E+02 1.285099945E+02 5.956600189E+01 9.004499912E-01 2.568199933E-01 2.436500043E-03
 2.623999899E-04 3.220000144E-05 3.650900126E-01 7.484500000E+04 6.238500000E+03 3.165899963E+02 2.551300049E+02 1.313699951E+02 4.220700073E+01 9.682700038E-01 2.407599986E-01 2.556999912E-03
 2.644500055E-04 3.220000144E-05 3.128199875E-01 1.083600000E+05 4.423700195E+03 2.985899963E+02 3.056199951E+02 1.340800018E+02 2.624500084E+01 1.062800050E+00 2.194100022E-01 2.742500044E-03
 2.664999920E-04 3.220000144E-05 2.707400024E-01 1.273100000E+05 3.399199951E+03 2.837999878E+02 3.455899963E+02 1.354700012E+02 2.417700005E+01 1.118800044E+00 2.072100043E-01 2.856600098E-03
 2.050000039E-04 3.450000077E-05 6.011000276E-01 -5.343200000E+04 4.709000000E+04 3.101400146E+02 4.557799911E+01 1.601799965E+01 1.990200043E+02 1.647399962E-01 3.882000148E-01 1.551799942E-03
 2.070500050E-04 3.450000077E-05 5.971300006E-01 -5.640900000E+04 5.849100000E+04 3.119800110E+02 4.691600037E+01 1.975399971E+01 2.122799988E+02 1.733999997E-01 3.879100084E-01 1.562200021E-03
 2.091000060E-04 3.450000077E-05 5.888400078E-01 -6.657600000E+04 7.760600000E+04 3.156400146E+02 5.029199982E+01 2.711300087E+01 2.176999969E+02 1.933500022E-01 3.869999945E-01 1.584299956E-03
 2.111500071E-04 3.450000077E-05 5.800999999E-01 -6.422500000E+04 9.196800000E+04 3.192999878E+02 5.495899963E+01 3.413700104E+01 1.791100006E+02 2.175299972E-01 3.856700063E-01 1.608200022E-03
 2.131999936E-04 3.450000077E-05 5.710999966E-01 -5.100700000E+04 9.366100000E+04 3.228599854E+02 6.044300079E+01 4.078599930E+01 1.641699982E+02 2.437299937E-01 3.839100003E-01 1.633599983E-03
 2.152499947E-04 3.450000077E-05 5.621200204E-01 -4.918100000E+04 9.185600000E+04 3.263800049E+02 6.632700348E+01 4.674300003E+01 1.652299957E+02 2.696900070E-01 3.819899857E-01 1.659699949E-03
 2.172999957E-04 3.450000077E-05 5.529699922E-01 -4.936000000E+04 8.981100000E+04 3.296199951E+02 7.238099670E+01 5.207500076E+01 1.509600067E+02 2.948800027E-01 3.795099854E-01 1.687200041E-03
 2.193499968E-04 3.450000077E-05 5.438200235E-01 -4.348500000E+04 8.179200000E+04 3.325400085E+02 7.856900024E+01 5.667900085E+01 1.236299973E+02 3.189499974E-01 3.765400052E-01 1.715500024E-03
 2.213999978E-04 3.450000077E-05 5.354999900E-01 -3.439500000E+04 7.855700000E+04 3.352200012E+02 8.485299683E+01 6.083200073E+01 9.656199646E+01 3.423300087E-01 3.737699986E-01 1.742099994E-03
 2.234499989E-04 3.450000077E-05 5.275099874E-01 -2.803800000E+04 8.123700000E+04 3.371499939E+02 9.083499908E+01 6.472299957E+01 8.905599976E+01 3.646399975E-01 3.703199923E-01 1.768499962E-03
 2.254999999E-04 3.450000077E-05 5.205399990E-01 -2.427700000E+04 7.605000000E+04 3.383699951E+02 9.641899872E+01 6.817400360E+01 8.413200378E+01 3.853499889E-01 3.667500019E-01 1.792100025E-03
 2.275500010E-04 3.450000077E-05 5.142599940E-01 -2.470600000E+04 6.049300000E+04 3.393800049E+02 1.020500031E+02 7.159400177E+01 8.520700073E+01 4.061799943E-01 3.634099960E-01 1.813999959E-03
 2.296000021E-04 3.450000077E-05 5.081700087E-01 -1.748100000E+04 4.935700000E+04 3.402500000E+02 1.078799973E+02 7.485399628E+01 8.208999634E+01 4.273000062E-01 3.600400090E-01 1.835800009E-03
 2.316500031E-04 3.450000077E-05 5.019900203E-01 -4.827799805E+03 5.217300000E+04 3.408800049E+02 1.138600006E+02 7.808899689E+01 8.236599731E+01 4.488700032E-01 3.563300073E-01 1.858399948E-03
 2.337000042E-04 3.450000077E-05 4.955999851E-01 1.098599976E+03 4.701500000E+04 3.412699890E+02 1.199800034E+02 8.119200134E+01 7.434600067E+01 4.707199931E-01 3.522000015E-01 1.882300014E-03
 2.357500052E-04 3.450000077E-05 4.898999929E-01 6.311799805E+03 4.478500000E+04 3.411900024E+02 1.261200027E+02 8.392900085E+01 7.127999878E+01 4.923000038E-01 3.480600119E-01 1.904199948E-03
 2.378000063E-04 3.450000077E-05 4.839299917E-01 1.150000000E+04 4.437700000E+04 3.405499878E+02 1.325899963E+02 8.705799866E+01 8.059999847E+01 5.159500241E-01 3.431800008E-01 1.927700010E-03
 2.398499928E-04 3.450000077E-05 4.770500064E-01 1.239500000E+04 3.796800000E+04 3.400199890E+02 1.396199951E+02 9.050900269E+01 8.289099884E+01 5.416399837E-01 3.377699852E-01 1.955500105E-03
 2.418999939E-04 3.450000077E-05 4.706999958E-01 9.170599609E+03 3.647100000E+04 3.394100037E+02 1.466499939E+02 9.350900269E+01 6.944400024E+01 5.666599870E-01 3.326799870E-01 1.981799956E-03
 2.439499949E-04 3.450000077E-05 4.643799961E-01 1.211800000E+04 3.186800000E+04 3.386000061E+02 1.539100037E+02 9.637599945E+01 5.812799835E+01 5.923500061E-01 3.274399936E-01 2.008799929E-03
 2.460000105E-04 3.450000077E-05 4.566299915E-01 1.469600000E+04 2.629000000E+04 3.376700134E+02 1.617400055E+02 9.965000153E+01 6.707599640E+01 6.205400229E-01 3.210799992E-01 2.042999957E-03
 2.480499970E-04 3.450000077E-05 4.487000108E-01 1.911300000E+04 2.133200000E+04 3.361900024E+02 1.698999939E+02 1.028300018E+02 6.451999664E+01 6.501100063E-01 3.141300082E-01 2.078999998E-03
 2.501000126E-04 3.450000077E-05 4.407199919E-01 2.678700000E+04 2.390700000E+04 3.345700073E+02 1.784100037E+02 1.056900024E+02 6.080899811E+01 6.804900169E-01 3.070600033E-01 2.116699936E-03
 2.521499991E-04 3.450000077E-05 4.317800105E-01 2.727400000E+04 1.566900000E+04 3.327500000E+02 1.878000031E+02 1.087300034E+02 5.201699829E+01 7.140399814E-01 2.991999984E-01 2.160599921E-03
 2.541999856E-04 3.450000077E-05 4.215700030E-01 2.756900000E+04 4.418299805E+03 3.306099854E+02 1.985099945E+02 1.120000000E+02 4.821699905E+01 7.524200082E-01 2.902500033E-01 2.213099971E-03
 2.562500013E-04 3.450000077E-05 4.108600020E-01 3.744200000E+04 4.992399902E+03 3.282699890E+02 2.098800049E+02 1.150500031E+02 6.848000336E+01 7.929300070E-01 2.808699906E-01 2.270800062E-03
 2.582999878E-04 3.450000077E-05 3.988200128E-01 4.619300000E+04 1.188700000E+04 3.254400024E+02 2.225099945E+02 1.178499985E+02 6.957099915E+01 8.378199935E-01 2.703000009E-01 2.339599887E-03
 2.603500034E-04 3.450000077E-05 3.839699924E-01 5.257600000E+04 9.099299805E+03 3.216499939E+02 2.378200073E+02 1.206999969E+02 5.083700180E+01 8.926600218E-01 2.572200000E-01 2.430499997E-03
 2.623999899E-04 3.450000077E-05 3.660700023E-01 7.773400000E+04 6.794399902E+03 3.164100037E+02 2.565400085E+02 1.234000015E+02 3.358800125E+01 9.607800245E-01 2.412700057E-01 2.550000092E-03
 2.644500055E-04 3.450000077E-05 3.137300014E-01 1.124500000E+05 4.657100098E+03 2.983099976E+02 3.070499878E+02 1.260899963E+02 2.480599976E+01 1.054999948E+00 2.202199996E-01 2.731200075E-03
 2.664999920E-04 3.450000077E-05 2.712300122E-01 1.277400000E+05 -2.730600098E+03 2.832799988E+02 3.472600098E+02 1.274400024E+02 2.211700058E+01 1.111299992E+00 2.080000043E-01 2.843899885E-03
 2.050000039E-04 3.680000009E-05 6.050500274E-01 -4.567600000E+04 4.248600000E+04 3.072900085E+02 5.062200165E+01 1.464799976E+01 1.538099976E+02 1.805000007E-01 3.871699870E-01 1.541699981E-03
 2.070500050E-04 3.680000009E-05 6.018300056E-01 -4.858400000E+04 5.058900000E+04 3.085100098E+02 5.176200104E+01 1.740800095E+01 1.755700073E+02 1.868699938E-01 3.866199851E-01 1.550000045E-03
 2.091000060E-04 3.680000009E-05 5.950199962E-01 -5.413300000E+04 6.985900000E+04 3.111300049E+02 5.444100189E+01 2.359799957E+01 1.966199951E+02 2.022099942E-01 3.854900002E-01 1.567799947E-03
 2.111500071E-04 3.680000009E-05 5.876700282E-01 -5.122100000E+04 8.108500000E+04 3.141900024E+02 5.801900101E+01 2.955999947E+01 1.781300049E+02 2.206699997E-01 3.844600022E-01 1.587399980E-03
 2.131999936E-04 3.680000009E-05 5.796700120E-01 -4.410800000E+04 7.739300000E+04 3.173299866E+02 6.272200012E+01 3.516699982E+01 1.611199951E+02 2.425000072E-01 3.830200136E-01 1.609300030E-03
 2.152499947E-04 3.680000009E-05 5.709900260E-01 -4.251300000E+04 8.323200000E+04 3.205199890E+02 6.813500214E+01 4.077399826E+01 1.429799957E+02 2.663600147E-01 3.810800016E-01 1.633799984E-03
 2.172999957E-04 3.680000009E-05 5.620200038E-01 -4.382400000E+04 8.326000000E+04 3.237000122E+02 7.374600220E+01 4.586700058E+01 1.261999969E+02 2.898400128E-01 3.788099885E-01 1.659899950E-03
 2.193499968E-04 3.680000009E-05 5.531600118E-01 -4.214400000E+04 7.651100000E+04 3.264299927E+02 7.954399872E+01 5.034799957E+01 1.090199966E+02 3.128100038E-01 3.759799898E-01 1.686500036E-03
 2.213999978E-04 3.680000009E-05 5.444599986E-01 -3.502300000E+04 8.598100000E+04 3.290700073E+02 8.550599670E+01 5.449599838E+01 9.145899963E+01 3.355300128E-01 3.730500042E-01 1.713500009E-03
 2.234499989E-04 3.680000009E-05 5.360500216E-01 -3.124600000E+04 9.180100000E+04 3.314700012E+02 9.153700256E+01 5.865499878E+01 9.489700317E+01 3.584499955E-01 3.699699938E-01 1.740399981E-03
 2.254999999E-04 3.680000009E-05 5.284900069E-01 -2.913600000E+04 8.367000000E+04 3.332799988E+02 9.745500183E+01 6.225099945E+01 1.020500031E+02 3.802500069E-01 3.667500019E-01 1.765200053E-03
 2.275500010E-04 3.680000009E-05 5.218099952E-01 -2.892100000E+04 7.376300000E+04 3.346199951E+02 1.032300034E+02 6.563300323E+01 1.021800003E+02 4.014199972E-01 3.635799885E-01 1.787799993E-03
 2.296000021E-04 3.680000009E-05 5.152400136E-01 -1.848300000E+04 6.696500000E+04 3.357200012E+02 1.089400024E+02 6.886799622E+01 9.447499847E+01 4.222300053E-01 3.601700068E-01 1.810600050E-03
 2.316500031E-04 3.680000009E-05 5.083600283E-01 -3.106500000E+03 6.297200000E+04 3.368800049E+02 1.148399963E+02 7.195300293E+01 8.865399933E+01 4.432100058E-01 3.565900028E-01 1.835100004E-03
 2.337000042E-04 3.680000009E-05 5.013800263E-01 -3.566899902E+03 6.193800000E+04 3.377300110E+02 1.211800003E+02 7.501599884E+01 8.248899841E+01 4.655100107E-01 3.526000082E-01 1.860599965E-03
 2.357500052E-04 3.680000009E-05 4.947099984E-01 -4.889299805E+03 6.609800000E+04 3.381300049E+02 1.275800018E+02 7.794400024E+01 7.687100220E+01 4.880299866E-01 3.483200073E-01 1.885600039E-03
 2.378000063E-04 3.680000009E-05 4.875200093E-01 -6.366600098E+03 6.000800000E+04 3.382200012E+02 1.340800018E+02 8.099800110E+01 7.511199951E+01 5.112699866E-01 3.433600068E-01 1.913500018E-03
 2.398499928E-04 3.680000009E-05 4.803499877E-01 -6.011600098E+03 4.516600000E+04 3.380000000E+02 1.408800049E+02 8.428399658E+01 7.987200165E+01 5.359600186E-01 3.380900025E-01 1.942000003E-03
 2.418999939E-04 3.680000009E-05 4.735899866E-01 1.660300049E+03 3.457600000E+04 3.376600037E+02 1.479600067E+02 8.731400299E+01 7.138999939E+01 5.611900091E-01 3.329899907E-01 1.969800098E-03
 2.439499949E-04 3.680000009E-05 4.664900005E-01 1.007100000E+04 3.027400000E+04 3.370299988E+02 1.553399963E+02 9.012899780E+01 6.572000122E+01 5.871700048E-01 3.273999989E-01 1.999699976E-03
 2.460000105E-04 3.680000009E-05 4.591299891E-01 1.334900000E+04 2.802100000E+04 3.361600037E+02 1.629799957E+02 9.320200348E+01 7.106999969E+01 6.146399975E-01 3.213999867E-01 2.031800104E-03
 2.480499970E-04 3.680000009E-05 4.511300027E-01 2.005400000E+04 2.874400000E+04 3.349899902E+02 1.713200073E+02 9.624299622E+01 6.529199982E+01 6.444399953E-01 3.147000074E-01 2.067900030E-03
 2.501000126E-04 3.680000009E-05 4.429300129E-01 2.853100000E+04 3.406100000E+04 3.335299988E+02 1.800899963E+02 9.910399628E+01 6.437500000E+01 6.755899787E-01 3.076399863E-01 2.106199972E-03
 2.521499991E-04 3.680000009E-05 4.335399866E-01 2.247900000E+04 2.866400000E+04 3.316900024E+02 1.895200043E+02 1.018899994E+02 4.884500122E+01 7.091699839E-01 2.994599938E-01 2.151899971E-03
 2.541999856E-04 3.680000009E-05 4.235300124E-01 2.384600000E+04 1.568300000E+04 3.296199951E+02 1.997299957E+02 1.047600021E+02 4.588199997E+01 7.456600070E-01 2.907199860E-01 2.202699892E-03
 2.562500013E-04 3.680000009E-05 4.135299921E-01 3.734200000E+04 1.040500000E+04 3.272999878E+02 2.105299988E+02 1.075199966E+02 7.381700134E+01 7.843199968E-01 2.818599939E-01 2.256100066E-03
 2.582999878E-04 3.680000009E-05 4.008899927E-01 4.385200000E+04 1.525200000E+04 3.244599915E+02 2.233800049E+02 1.102399979E+02 6.575700378E+01 8.301200271E-01 2.708800137E-01 2.327600028E-03
 2.603500034E-04 3.680000009E-05 3.855400085E-01 5.390300000E+04 1.459900000E+04 3.208599854E+02 2.387799988E+02 1.128899994E+02 3.883300018E+01 8.851299882E-01 2.576299906E-01 2.420600038E-03
 2.623999899E-04 3.680000009E-05 3.675499856E-01 7.851000000E+04 1.644000000E+04 3.159200134E+02 2.572399902E+02 1.154199982E+02 3.563299942E+01 9.523100257E-01 2.418600023E-01 2.539699897E-03
 2.644500055E-04 3.680000009E-05 3.146399856E-01 1.127100000E+05 1.693200000E+04 2.979299927E+02 3.078999939E+02 1.179599991E+02 3.316299820E+01 1.046499968E+00 2.208199948E-01 2.721400000E-03
 2.664999920E-04 3.680000009E-05 2.716900110E-01 1.312900000E+05 1.296700000E+04 2.828099976E+02 3.482799988E+02 1.191100006E+02 2.662999916E+01 1.102800012E+00 2.085299939E-01 2.834100043E-03
 2.050000039E-04 3.909999941E-05 6.078500152E-01 -2.391400000E+04 3.052500000E+04 3.050000000E+02 5.613999939E+01 1.368799973E+01 1.517200012E+02 1.986300051E-01 3.860700130E-01 1.534600044E-03
 2.070500050E-04 3.909999941E-05 6.053000093E-01 -3.176100000E+04 3.763400000E+04 3.057999878E+02 5.693600082E+01 1.586100006E+01 1.557400055E+02 2.029999942E-01 3.854399920E-01 1.541099977E-03
 2.091000060E-04 3.909999941E-05 5.999100208E-01 -3.657300000E+04 5.246900000E+04 3.076300049E+02 5.898799896E+01 2.089500046E+01 1.707400055E+02 2.143899947E-01 3.842900097E-01 1.554999966E-03
 2.111500071E-04 3.909999941E-05 5.938299894E-01 -3.397700000E+04 6.250600000E+04 3.099299927E+02 6.209700012E+01 2.585099983E+01 1.704799957E+02 2.294999957E-01 3.832300007E-01 1.570899971E-03
 2.131999936E-04 3.909999941E-05 5.868899822E-01 -3.531600000E+04 6.094000000E+04 3.123399963E+02 6.603700256E+01 3.049099922E+01 1.568600006E+02 2.471999973E-01 3.817000091E-01 1.589499996E-03
 2.152499947E-04 3.909999941E-05 5.792300105E-01 -3.786300000E+04 6.880600000E+04 3.149899902E+02 7.053500366E+01 3.545800018E+01 1.422899933E+02 2.671200037E-01 3.799000084E-01 1.610600040E-03
 2.172999957E-04 3.909999941E-05 5.711500049E-01 -4.322300000E+04 7.924400000E+04 3.177600098E+02 7.551799774E+01 4.034600067E+01 1.187900009E+02 2.883999944E-01 3.778800070E-01 1.633399981E-03
 2.193499968E-04 3.909999941E-05 5.626699924E-01 -4.205800000E+04 7.683900000E+04 3.204500122E+02 8.075499725E+01 4.476300049E+01 9.845200348E+01 3.096599877E-01 3.754200041E-01 1.658100053E-03
 2.213999978E-04 3.909999941E-05 5.540300012E-01 -4.045800000E+04 8.071800000E+04 3.232699890E+02 8.620300293E+01 4.859099960E+01 8.696700287E+01 3.303999901E-01 3.729200065E-01 1.683900016E-03
 2.234499989E-04 3.909999941E-05 5.455899835E-01 -3.815700000E+04 8.917900000E+04 3.256300049E+02 9.202899933E+01 5.242900085E+01 9.141400146E+01 3.523499966E-01 3.699199855E-01 1.709899982E-03
 2.254999999E-04 3.909999941E-05 5.375000238E-01 -3.390900000E+04 8.847800000E+04 3.276499939E+02 9.816699982E+01 5.606900024E+01 9.783000183E+01 3.749099970E-01 3.666900098E-01 1.735699945E-03
 2.275500010E-04 3.909999941E-05 5.304499865E-01 -2.896700000E+04 8.475000000E+04 3.293900146E+02 1.041399994E+02 5.958300018E+01 1.016900024E+02 3.968299925E-01 3.638100028E-01 1.758700004E-03
 2.296000021E-04 3.909999941E-05 5.231400132E-01 -2.123700000E+04 8.322800000E+04 3.307699890E+02 1.100699997E+02 6.300099945E+01 1.062200012E+02 4.185799956E-01 3.603099883E-01 1.783299958E-03
 2.316500031E-04 3.909999941E-05 5.155699849E-01 -1.591500000E+04 7.896300000E+04 3.319400024E+02 1.161100006E+02 6.596600342E+01 9.382399750E+01 4.399699867E-01 3.563500047E-01 1.809400041E-03
 2.337000042E-04 3.909999941E-05 5.078200102E-01 -1.176900000E+04 7.808300000E+04 3.329700012E+02 1.223399963E+02 6.893000031E+01 8.007900238E+01 4.619199932E-01 3.520900011E-01 1.837100019E-03
 2.357500052E-04 3.909999941E-05 5.000500083E-01 -1.337100000E+04 7.785200000E+04 3.338999939E+02 1.286900024E+02 7.208899689E+01 7.718199921E+01 4.845399857E-01 3.476600051E-01 1.865600003E-03
 2.378000063E-04 3.909999941E-05 4.927000105E-01 -1.236700000E+04 6.933500000E+04 3.344400024E+02 1.351000061E+02 7.501699829E+01 6.209500122E+01 5.072000027E-01 3.431099951E-01 1.893499983E-03
 2.398499928E-04 3.909999941E-05 4.856399894E-01 -3.515800049E+03 5.443200000E+04 3.346300049E+02 1.417100067E+02 7.804699707E+01 5.957300186E+01 5.308499932E-01 3.383899927E-01 1.920999959E-03
 2.418999939E-04 3.909999941E-05 4.780299962E-01 2.191199951E+03 4.281800000E+04 3.346499939E+02 1.488300018E+02 8.103099823E+01 6.485700226E+01 5.560200214E-01 3.331199884E-01 1.951599959E-03
 2.439499949E-04 3.909999941E-05 4.702999890E-01 7.308799805E+03 4.401400000E+04 3.342600098E+02 1.562599945E+02 8.372899628E+01 6.179700089E+01 5.820199847E-01 3.273400068E-01 1.983599970E-03
 2.460000105E-04 3.909999941E-05 4.629999995E-01 1.179000000E+04 4.504000000E+04 3.336600037E+02 1.640000000E+02 8.657599640E+01 7.351300049E+01 6.093800068E-01 3.216899931E-01 2.014900092E-03
 2.480499970E-04 3.909999941E-05 4.547800124E-01 1.647200000E+04 4.272900000E+04 3.329299927E+02 1.722899933E+02 8.936900330E+01 7.599099731E+01 6.384699941E-01 3.152999878E-01 2.051299904E-03
 2.501000126E-04 3.909999941E-05 4.464200139E-01 2.586800000E+04 4.213800000E+04 3.316700134E+02 1.809199982E+02 9.225199890E+01 6.502400208E+01 6.693099737E-01 3.083199859E-01 2.089800080E-03
 2.521499991E-04 3.909999941E-05 4.366900027E-01 2.537200000E+04 3.910100000E+04 3.300899963E+02 1.905200043E+02 9.499099731E+01 5.158900070E+01 7.033100128E-01 3.001700044E-01 2.136500087E-03
 2.541999856E-04 3.909999941E-05 4.264400005E-01 2.731800000E+04 3.354300000E+04 3.283099976E+02 2.007599945E+02 9.774600220E+01 4.733000183E+01 7.396799922E-01 2.915500104E-01 2.187700011E-03
 2.562500013E-04 3.909999941E-05 4.158500135E-01 3.826300000E+04 2.599500000E+04 3.260700073E+02 2.117700043E+02 1.003700027E+02 5.594499969E+01 7.790399790E-01 2.823800147E-01 2.243600087E-03
 2.582999878E-04 3.909999941E-05 4.029699862E-01 4.539800000E+04 1.878100000E+04 3.232000122E+02 2.247100067E+02 1.027300034E+02 6.100899887E+01 8.249899745E-01 2.712300122E-01 2.315500053E-03
 2.603500034E-04 3.909999941E-05 3.879300058E-01 5.752100000E+04 1.895300000E+04 3.196700134E+02 2.396300049E+02 1.052399979E+02 5.359899902E+01 8.786900043E-01 2.582600117E-01 2.405700041E-03
 2.623999899E-04 3.909999941E-05 3.696599901E-01 7.632900000E+04 2.729200000E+04 3.147900085E+02 2.577300110E+02 1.076399994E+02 3.774900055E+01 9.450600147E-01 2.423699945E-01 2.525399905E-03
 2.644500055E-04 3.909999941E-05 3.159500062E-01 1.074700000E+05 2.832600000E+04 2.969500122E+02 3.084700012E+02 1.099199982E+02 2.802599907E+01 1.038900018E+00 2.212499976E-01 2.708100015E-03
 2.664999920E-04 3.909999941E-05 2.724500000E-01 1.294700000E+05 2.542100000E+04 2.820100098E+02 3.490100098E+02 1.110199966E+02 2.536000061E+01 1.095000029E+00 2.090599984E-01 2.821099944E-03
 2.050000039E-04 4.139999874E-05 6.102499962E-01 -7.867299805E+03 1.615700000E+04 3.027900085E+02 6.153599930E+01 1.259399986E+01 1.562400055E+02 2.167000026E-01 3.847700059E-01 1.528599998E-03
 2.070500050E-04 4.139999874E-05 6.080800295E-01 -1.625700000E+04 2.561500000E+04 3.033900146E+02 6.232899857E+01 1.462300014E+01 1.553099976E+02 2.207400054E-01 3.841699958E-01 1.534000039E-03
 2.091000060E-04 4.139999874E-05 6.036999822E-01 -2.254600000E+04 3.393400000E+04 3.047799988E+02 6.421199799E+01 1.864999962E+01 1.476799927E+02 2.300300002E-01 3.831399977E-01 1.545200008E-03
 2.111500071E-04 4.139999874E-05 5.989500284E-01 -2.264700000E+04 4.135600000E+04 3.063099976E+02 6.677600098E+01 2.261700058E+01 1.488200073E+02 2.419299930E-01 3.820399940E-01 1.557399984E-03
 2.131999936E-04 4.139999874E-05 5.931299925E-01 -2.221200000E+04 5.170200000E+04 3.079899902E+02 6.986699677E+01 2.682200050E+01 1.521499939E+02 2.560999990E-01 3.803899884E-01 1.572799985E-03
 2.152499947E-04 4.139999874E-05 5.864999890E-01 -2.878500000E+04 6.187200000E+04 3.101099854E+02 7.344999695E+01 3.121699905E+01 1.450899963E+02 2.721300125E-01 3.787199855E-01 1.590500004E-03
 2.172999957E-04 4.139999874E-05 5.795000196E-01 -4.079400000E+04 7.243300000E+04 3.123699951E+02 7.772899628E+01 3.553499985E+01 1.295500031E+02 2.903499901E-01 3.769200146E-01 1.609800034E-03
 2.193499968E-04 4.139999874E-05 5.718799829E-01 -4.450100000E+04 7.599800000E+04 3.147799988E+02 8.258899689E+01 3.959600067E+01 1.102699966E+02 3.099499941E-01 3.748300076E-01 1.631299965E-03
 2.213999978E-04 4.139999874E-05 5.638999939E-01 -4.577600000E+04 7.873700000E+04 3.173699951E+02 8.775700378E+01 4.319200134E+01 9.348100281E+01 3.296299875E-01 3.726300001E-01 1.654400025E-03
 2.234499989E-04 4.139999874E-05 5.554900169E-01 -4.561200000E+04 8.387800000E+04 3.196400146E+02 9.323799896E+01 4.668700027E+01 7.722599792E+01 3.501400054E-01 3.696900010E-01 1.679499983E-03
 2.254999999E-04 4.139999874E-05 5.469099879E-01 -4.160300000E+04 8.685900000E+04 3.216700134E+02 9.891400146E+01 5.014799881E+01 8.331199646E+01 3.711900115E-01 3.662999868E-01 1.705799950E-03
 2.275500010E-04 4.139999874E-05 5.394700170E-01 -3.533000000E+04 9.046300000E+04 3.235700073E+02 1.045199966E+02 5.354899979E+01 9.255899811E+01 3.919099867E-01 3.634600043E-01 1.729300013E-03
 2.296000021E-04 4.139999874E-05 5.316399932E-01 -3.644300000E+04 9.148800000E+04 3.253299866E+02 1.105400009E+02 5.700199890E+01 8.808399963E+01 4.139100015E-01 3.601300120E-01 1.754799974E-03
 2.316500031E-04 4.139999874E-05 5.232800245E-01 -3.475400000E+04 8.660000000E+04 3.266700134E+02 1.167699966E+02 6.008100128E+01 8.247499847E+01 4.361099899E-01 3.559400141E-01 1.782799955E-03
 2.337000042E-04 4.139999874E-05 5.151699781E-01 -2.491400000E+04 8.535500000E+04 3.277799988E+02 1.229800034E+02 6.311800003E+01 7.264199829E+01 4.582700133E-01 3.516100049E-01 1.810900052E-03
 2.357500052E-04 4.139999874E-05 5.073800087E-01 -1.835000000E+04 8.465100000E+04 3.287300110E+02 1.293200073E+02 6.619499969E+01 6.295000076E+01 4.809499979E-01 3.472999930E-01 1.838700031E-03
 2.378000063E-04 4.139999874E-05 4.998100102E-01 -1.021700000E+04 8.144000000E+04 3.294800110E+02 1.357899933E+02 6.882299805E+01 5.787699890E+01 5.034199953E-01 3.429000080E-01 1.866500010E-03
 2.398499928E-04 4.139999874E-05 4.920400083E-01 -2.216399902E+03 6.873800000E+04 3.301199951E+02 1.425700073E+02 7.178299713E+01 6.968199921E+01 5.273100138E-01 3.382399976E-01 1.896000002E-03
 2.418999939E-04 4.139999874E-05 4.842500091E-01 -1.668599976E+03 6.053800000E+04 3.304299927E+02 1.495200043E+02 7.467900085E+01 6.502500153E+01 5.518699884E-01 3.331899941E-01 1.926500001E-03
 2.439499949E-04 4.139999874E-05 4.761700034E-01 2.078000000E+03 6.547800000E+04 3.304299927E+02 1.568200073E+02 7.714900208E+01 5.495500183E+01 5.770999789E-01 3.276300132E-01 1.959200017E-03
 2.460000105E-04 4.139999874E-05 4.678399861E-01 6.857600098E+03 6.133800000E+04 3.302399902E+02 1.647400055E+02 7.991100311E+01 7.306900024E+01 6.047499776E-01 3.217200041E-01 1.994099934E-03
 2.480499970E-04 4.139999874E-05 4.591499865E-01 1.286400000E+04 5.372100000E+04 3.298399963E+02 1.730099945E+02 8.266000366E+01 8.837000275E+01 6.336899996E-01 3.153699934E-01 2.031800104E-03
 2.501000126E-04 4.139999874E-05 4.501900077E-01 1.842100000E+04 5.244900000E+04 3.290000000E+02 1.816199951E+02 8.546199799E+01 8.032099915E+01 6.642100215E-01 3.084299862E-01 2.072300063E-03
 2.521499991E-04 4.139999874E-05 4.405699968E-01 2.418400000E+04 4.605500000E+04 3.276600037E+02 1.910599976E+02 8.802999878E+01 5.418600082E+01 6.975700259E-01 3.006100059E-01 2.117600059E-03
 2.541999856E-04 4.139999874E-05 4.303900003E-01 3.186800000E+04 4.068800000E+04 3.260499878E+02 2.012899933E+02 9.056600189E+01 4.121500015E+01 7.337099910E-01 2.922300100E-01 2.167700091E-03
 2.562500013E-04 4.139999874E-05 4.187900126E-01 3.505000000E+04 3.631800000E+04 3.241000061E+02 2.126900024E+02 9.309700012E+01 4.286800003E+01 7.740899920E-01 2.826499939E-01 2.227900084E-03
 2.582999878E-04 4.139999874E-05 4.058200121E-01 4.765700000E+04 2.842000000E+04 3.214100037E+02 2.253800049E+02 9.537699890E+01 5.289400101E+01 8.194000125E-01 2.716299891E-01 2.299200045E-03
 2.603500034E-04 4.139999874E-05 3.912099898E-01 6.697600000E+04 2.556200000E+04 3.178299866E+02 2.398399963E+02 9.779599762E+01 4.732400131E+01 8.721100092E-01 2.589499950E-01 2.385499887E-03
 2.623999899E-04 4.139999874E-05 3.723700047E-01 7.724700000E+04 3.108500000E+04 3.130899963E+02 2.581300049E+02 1.000899963E+02 3.207500076E+01 9.393100142E-01 2.428400069E-01 2.507100115E-03
 2.644500055E-04 4.139999874E-05 3.177300096E-01 1.040500000E+05 3.010100000E+04 2.954599915E+02 3.090599976E+02 1.022799988E+02 2.624799919E+01 1.033699989E+00 2.215999961E-01 2.691099886E-03
 2.664999920E-04 4.139999874E-05 2.738499939E-01 1.296200000E+05 2.372100000E+04 2.805700073E+02 3.496300049E+02 1.033600006E+02 2.167200089E+01 1.089800000E+00 2.094999999E-01 2.802700037E-03
 2.050000039E-04 4.370000170E-05 6.113600135E-01 -8.644700195E+03 1.814100000E+04 3.008900146E+02 6.758599854E+01 1.138000011E+01 1.393200073E+02 2.371699959E-01 3.830499947E-01 1.525799977E-03
 2.070500050E-04 4.370000170E-05 6.097400188E-01 -1.310300000E+04 2.082600000E+04 3.013900146E+02 6.825399780E+01 1.325500011E+01 1.397599945E+02 2.404800057E-01 3.826799989E-01 1.529800007E-03
 2.091000060E-04 4.370000170E-05 6.066799760E-01 -1.453200000E+04 2.442600000E+04 3.024500122E+02 6.980200195E+01 1.679100037E+01 1.305800018E+02 2.478699982E-01 3.820999861E-01 1.537599950E-03
 2.111500071E-04 4.370000170E-05 6.031000018E-01 -1.311300000E+04 2.903900000E+04 3.034500122E+02 7.186499786E+01 2.021999931E+01 1.456499939E+02 2.573300004E-01 3.810999990E-01 1.546700019E-03
 2.131999936E-04 4.370000170E-05 5.982099771E-01 -1.855800000E+04 3.998300000E+04 3.045400085E+02 7.453600311E+01 2.397699928E+01 1.649400024E+02 2.694100142E-01 3.793500066E-01 1.559400000E-03
 2.152499947E-04 4.370000170E-05 5.925999880E-01 -2.915400000E+04 5.455000000E+04 3.062200012E+02 7.758300018E+01 2.782799911E+01 1.567500000E+02 2.828299999E-01 3.778600097E-01 1.574199996E-03
 2.172999957E-04 4.370000170E-05 5.862200260E-01 -3.872800000E+04 5.925200000E+04 3.081900024E+02 8.123400116E+01 3.136599922E+01 1.356600037E+02 2.978399992E-01 3.761999905E-01 1.591300010E-03
 2.193499968E-04 4.370000170E-05 5.799599886E-01 -3.813700000E+04 6.560400000E+04 3.099599915E+02 8.544100189E+01 3.488100052E+01 1.258399963E+02 3.147400022E-01 3.743200004E-01 1.608500024E-03
 2.213999978E-04 4.370000170E-05 5.730900168E-01 -3.951100000E+04 7.952400000E+04 3.118099976E+02 9.002100372E+01 3.822399902E+01 1.151800003E+02 3.325200081E-01 3.720799983E-01 1.627800055E-03
 2.234499989E-04 4.370000170E-05 5.647600293E-01 -4.474300000E+04 7.978200000E+04 3.138399963E+02 9.516100311E+01 4.144699860E+01 9.277300262E+01 3.517499864E-01 3.690600097E-01 1.651900006E-03
 2.254999999E-04 4.370000170E-05 5.564600229E-01 -4.079200000E+04 8.286900000E+04 3.157300110E+02 1.005400009E+02 4.480899811E+01 1.004000015E+02 3.718799949E-01 3.658199906E-01 1.676499960E-03
 2.275500010E-04 4.370000170E-05 5.487800241E-01 -3.289200000E+04 9.066500000E+04 3.174599915E+02 1.058199997E+02 4.805699921E+01 9.750099945E+01 3.915700018E-01 3.627600074E-01 1.700000023E-03
 2.296000021E-04 4.370000170E-05 5.406600237E-01 -3.175700000E+04 9.680600000E+04 3.193399963E+02 1.112900009E+02 5.131600189E+01 8.363300323E+01 4.116500020E-01 3.594900072E-01 1.725599985E-03
 2.316500031E-04 4.370000170E-05 5.321599841E-01 -2.888800000E+04 9.242800000E+04 3.209700012E+02 1.171200027E+02 5.444400024E+01 7.609400177E+01 4.327099919E-01 3.556599915E-01 1.753099961E-03
 2.337000042E-04 4.370000170E-05 5.237100124E-01 -2.730200000E+04 8.482700000E+04 3.222500000E+02 1.233199997E+02 5.733900070E+01 6.733799744E+01 4.547500014E-01 3.514100015E-01 1.781399944E-03
 2.357500052E-04 4.370000170E-05 5.157200098E-01 -1.897500000E+04 9.288800000E+04 3.233599854E+02 1.296300049E+02 6.003799820E+01 6.307099915E+01 4.768800139E-01 3.472299874E-01 1.809000038E-03
 2.378000063E-04 4.370000170E-05 5.076900125E-01 -7.274200195E+03 8.988500000E+04 3.243699951E+02 1.361399994E+02 6.274700165E+01 5.407099915E+01 4.995900095E-01 3.429000080E-01 1.837600023E-03
 2.398499928E-04 4.370000170E-05 4.994400144E-01 -9.028599609E+03 7.659400000E+04 3.251600037E+02 1.429499969E+02 6.567800140E+01 6.191099930E+01 5.236399770E-01 3.381400108E-01 1.868000021E-03
 2.418999939E-04 4.370000170E-05 4.916999936E-01 -1.004600000E+04 7.482000000E+04 3.257099915E+02 1.499100037E+02 6.834500122E+01 6.470500183E+01 5.479400158E-01 3.334800005E-01 1.897400012E-03
 2.439499949E-04 4.370000170E-05 4.829500020E-01 -8.912700195E+03 7.773400000E+04 3.260000000E+02 1.573699951E+02 7.073500061E+01 5.450999832E+01 5.735700130E-01 3.278400004E-01 1.931800041E-03
 2.460000105E-04 4.370000170E-05 4.737600088E-01 -5.439500000E+03 6.695800000E+04 3.261499939E+02 1.650700073E+02 7.344999695E+01 6.394400024E+01 6.004800200E-01 3.217400014E-01 1.969200093E-03
 2.480499970E-04 4.370000170E-05 4.646199942E-01 4.110799805E+03 5.969900000E+04 3.261600037E+02 1.730599976E+02 7.628900146E+01 7.951300049E+01 6.285700202E-01 3.155499995E-01 2.007999923E-03
 2.501000126E-04 4.370000170E-05 4.548000097E-01 9.129900391E+03 5.732500000E+04 3.255899963E+02 1.818999939E+02 7.872399902E+01 6.356499863E+01 6.593099833E-01 3.083499968E-01 2.051400021E-03
 2.521499991E-04 4.370000170E-05 4.447500110E-01 1.845900000E+04 4.986200000E+04 3.245599976E+02 1.914400024E+02 8.106900024E+01 4.553400040E+01 6.926500201E-01 3.005900085E-01 2.097700024E-03
 2.541999856E-04 4.370000170E-05 4.345999956E-01 3.515500000E+04 5.012900000E+04 3.229800110E+02 2.013200073E+02 8.350599670E+01 4.252299881E+01 7.279199958E-01 2.922999859E-01 2.146699931E-03
 2.562500013E-04 4.370000170E-05 4.226599932E-01 3.885200000E+04 4.723700000E+04 3.211300049E+02 2.126100006E+02 8.590100098E+01 3.879199982E+01 7.680600286E-01 2.826400101E-01 2.207600046E-03
 2.582999878E-04 4.370000170E-05 4.094099998E-01 4.417700000E+04 3.993900000E+04 3.189100037E+02 2.251999969E+02 8.825399780E+01 3.015600014E+01 8.129699826E-01 2.718999982E-01 2.279100008E-03
 2.603500034E-04 4.370000170E-05 3.946500123E-01 6.172000000E+04 3.518900000E+04 3.156199951E+02 2.394199982E+02 9.039800262E+01 1.191300011E+01 8.646900058E-01 2.594099939E-01 2.364699962E-03
 2.623999899E-04 4.370000170E-05 3.757100105E-01 7.697800000E+04 3.186600000E+04 3.110899963E+02 2.577799988E+02 9.246399689E+01 2.535300064E+01 9.321100116E-01 2.434400022E-01 2.484899946E-03
 2.644500055E-04 4.370000170E-05 3.203899860E-01 1.056900000E+05 3.073500000E+04 2.935700073E+02 3.091000061E+02 9.445700073E+01 3.553900146E+01 1.028100014E+00 2.221499979E-01 2.667899942E-03
 2.664999920E-04 4.370000170E-05 2.758100033E-01 1.294200000E+05 3.030100000E+04 2.785799866E+02 3.499200134E+02 9.539499664E+01 2.690900040E+01 1.085399985E+00 2.098100036E-01 2.779799979E-03
 2.050000039E-04 4.600000102E-05 6.112300158E-01 -2.224699951E+03 1.217300000E+04 2.999599915E+02 7.402899933E+01 1.074699974E+01 1.598899994E+02 2.592299879E-01 3.817900121E-01 1.526099979E-03
 2.070500050E-04 4.600000102E-05 6.099200249E-01 -4.249500000E+03 9.795400391E+03 3.002699890E+02 7.445300293E+01 1.235299969E+01 1.594600067E+02 2.614600062E-01 3.813700080E-01 1.529400004E-03
 2.091000060E-04 4.600000102E-05 6.079199910E-01 -1.049500000E+04 1.754100000E+04 3.008699951E+02 7.565200043E+01 1.529300022E+01 1.483999939E+02 2.671200037E-01 3.808799982E-01 1.534400042E-03
 2.111500071E-04 4.600000102E-05 6.055300236E-01 -1.482900000E+04 2.789000000E+04 3.013900146E+02 7.744499969E+01 1.819599915E+01 1.496900024E+02 2.751199901E-01 3.800399899E-01 1.540499972E-03
 2.131999936E-04 4.600000102E-05 6.018199921E-01 -2.002300000E+04 3.688000000E+04 3.020599976E+02 7.973999786E+01 2.155400085E+01 1.658300018E+02 2.853499949E-01 3.785499930E-01 1.550000045E-03
 2.152499947E-04 4.600000102E-05 5.973700285E-01 -2.819300000E+04 4.514100000E+04 3.031900024E+02 8.246900177E+01 2.487199974E+01 1.682400055E+02 2.969999909E-01 3.771499991E-01 1.561500016E-03
 2.172999957E-04 4.600000102E-05 5.918099880E-01 -2.705000000E+04 4.603100000E+04 3.045499878E+02 8.564499664E+01 2.787299919E+01 1.481799927E+02 3.098399937E-01 3.753100038E-01 1.576200011E-03
 2.193499968E-04 4.600000102E-05 5.864199996E-01 -1.915500000E+04 5.454200000E+04 3.057900085E+02 8.916899872E+01 3.102700043E+01 1.406799927E+02 3.241400123E-01 3.734000027E-01 1.590700005E-03
 2.213999978E-04 4.600000102E-05 5.804100037E-01 -2.532300000E+04 6.693800000E+04 3.072300110E+02 9.314099884E+01 3.396900177E+01 1.321900024E+02 3.395699859E-01 3.713099957E-01 1.607200014E-03
 2.234499989E-04 4.600000102E-05 5.729200244E-01 -3.795200000E+04 6.796900000E+04 3.087699890E+02 9.759999847E+01 3.669300079E+01 1.090999985E+02 3.562299907E-01 3.683499992E-01 1.628299942E-03
 2.254999999E-04 4.600000102E-05 5.657399893E-01 -3.341600000E+04 7.572900000E+04 3.102399902E+02 1.023799973E+02 3.986700058E+01 1.019800034E+02 3.744499981E-01 3.654600084E-01 1.648999983E-03
 2.275500010E-04 4.600000102E-05 5.582000017E-01 -2.279900000E+04 8.368100000E+04 3.117000122E+02 1.075000000E+02 4.315599823E+01 8.815699768E+01 3.938499987E-01 3.622800112E-01 1.671300037E-03
 2.296000021E-04 4.600000102E-05 5.500100255E-01 -2.129600000E+04 8.845100000E+04 3.133999939E+02 1.128700027E+02 4.623500061E+01 8.499900055E+01 4.135699868E-01 3.589099944E-01 1.696199994E-03
 2.316500031E-04 4.600000102E-05 5.419300199E-01 -1.963800000E+04 9.205700000E+04 3.151799927E+02 1.184899979E+02 4.907600021E+01 8.467700195E+01 4.336499870E-01 3.556500077E-01 1.721499953E-03
 2.337000042E-04 4.600000102E-05 5.329999924E-01 -2.023200000E+04 8.514400000E+04 3.165199890E+02 1.244499969E+02 5.166799927E+01 7.396099854E+01 4.546500146E-01 3.512699902E-01 1.750400057E-03
 2.357500052E-04 4.600000102E-05 5.242599845E-01 -2.011300000E+04 8.867900000E+04 3.178299866E+02 1.304600067E+02 5.429100037E+01 6.197299957E+01 4.757699966E-01 3.469499946E-01 1.779500046E-03
 2.378000063E-04 4.600000102E-05 5.162699819E-01 -1.348400000E+04 8.741300000E+04 3.189899902E+02 1.366399994E+02 5.699300003E+01 4.082799911E+01 4.975500107E-01 3.429200053E-01 1.807000022E-03
 2.398499928E-04 4.600000102E-05 5.082299709E-01 -1.208200000E+04 7.854400000E+04 3.197000122E+02 1.431799927E+02 5.952899933E+01 3.878099823E+01 5.205500126E-01 3.383199871E-01 1.835600007E-03
 2.418999939E-04 4.600000102E-05 4.997900128E-01 -1.168800000E+04 7.909400000E+04 3.203399963E+02 1.501399994E+02 6.201800156E+01 5.235400009E+01 5.447700024E-01 3.333800137E-01 1.866600011E-03
 2.439499949E-04 4.600000102E-05 4.905900061E-01 -1.210700000E+04 7.907500000E+04 3.208099976E+02 1.576399994E+02 6.445500183E+01 4.430500031E+01 5.707100034E-01 3.277100027E-01 1.901700045E-03
 2.460000105E-04 4.600000102E-05 4.814000130E-01 -7.258399902E+03 7.123700000E+04 3.210499878E+02 1.652899933E+02 6.718000031E+01 4.402099991E+01 5.976899862E-01 3.218199909E-01 1.937999972E-03
 2.480499970E-04 4.600000102E-05 4.718599916E-01 2.455699951E+03 6.743000000E+04 3.211099854E+02 1.731600037E+02 6.991100311E+01 5.274399948E+01 6.254900098E-01 3.154999912E-01 1.977199921E-03
 2.501000126E-04 4.600000102E-05 4.615800083E-01 7.682100098E+03 6.668100000E+04 3.207600098E+02 1.818399963E+02 7.199099731E+01 3.723199844E+01 6.554399729E-01 3.082900047E-01 2.021299908E-03
 2.521499991E-04 4.600000102E-05 4.506900012E-01 8.179700195E+03 6.680800000E+04 3.202000122E+02 1.913699951E+02 7.418499756E+01 3.764899826E+01 6.884499788E-01 3.004899919E-01 2.070199931E-03
 2.541999856E-04 4.600000102E-05 4.398300052E-01 2.295000000E+04 6.736700000E+04 3.189800110E+02 2.012899933E+02 7.656400299E+01 3.917200089E+01 7.237799764E-01 2.921499908E-01 2.121200087E-03
 2.562500013E-04 4.600000102E-05 4.279899895E-01 4.190600000E+04 6.348000000E+04 3.172799988E+02 2.123300018E+02 7.874400330E+01 2.515500069E+01 7.631099820E-01 2.827700078E-01 2.180099953E-03
 2.582999878E-04 4.600000102E-05 4.143500030E-01 4.610300000E+04 5.733600000E+04 3.152399902E+02 2.248999939E+02 8.094599915E+01 2.680299950E+01 8.080700040E-01 2.720099986E-01 2.251999918E-03
 2.603500034E-04 4.600000102E-05 3.991299868E-01 5.868100000E+04 5.096800000E+04 3.122999878E+02 2.391799927E+02 8.293399811E+01 1.076900005E+01 8.598799706E-01 2.595799863E-01 2.338099992E-03
 2.623999899E-04 4.600000102E-05 3.801400065E-01 8.158600000E+04 4.403400000E+04 3.080299988E+02 2.571600037E+02 8.471700287E+01 6.823999882E+00 9.261299968E-01 2.438900024E-01 2.455899958E-03
 2.644500055E-04 4.600000102E-05 3.238900006E-01 1.075700000E+05 3.787800000E+04 2.907099915E+02 3.083299866E+02 8.649199677E+01 2.184099960E+01 1.022300005E+00 2.224500030E-01 2.638899954E-03
 2.664999920E-04 4.600000102E-05 2.784500122E-01 1.214700000E+05 3.595400000E+04 2.759500122E+02 3.492099915E+02 8.734100342E+01 2.099300003E+01 1.080299973E+00 2.099699974E-01 2.752099885E-03
 2.050000039E-04 4.830000034E-05 6.105099916E-01 5.531700195E+03 8.770700195E+03 2.995400085E+02 8.024900055E+01 1.024899960E+01 1.659100037E+02 2.805399895E-01 3.808200061E-01 1.527899993E-03
 2.070500050E-04 4.830000034E-05 6.095399857E-01 -9.385999756E+02 4.902600098E+03 2.997099915E+02 8.080100250E+01 1.164799976E+01 1.740899963E+02 2.830600142E-01 3.804199994E-01 1.530300011E-03
 2.091000060E-04 4.830000034E-05 6.080099940E-01 -1.117100000E+04 1.351700000E+04 2.998900146E+02 8.202200317E+01 1.407100010E+01 1.649400024E+02 2.884599864E-01 3.797000051E-01 1.534200041E-03
 2.111500071E-04 4.830000034E-05 6.061900258E-01 -1.310800000E+04 3.001300000E+04 3.000199890E+02 8.346099854E+01 1.649099922E+01 1.503200073E+02 2.948499918E-01 3.787299991E-01 1.538799959E-03
 2.131999936E-04 4.830000034E-05 6.032000184E-01 -1.242200000E+04 3.554200000E+04 3.005199890E+02 8.529399872E+01 1.942200089E+01 1.626100006E+02 3.029600084E-01 3.774800003E-01 1.546400017E-03
 2.152499947E-04 4.830000034E-05 5.995000005E-01 -2.087500000E+04 3.456600000E+04 3.011799927E+02 8.782700348E+01 2.224200058E+01 1.642599945E+02 3.134199977E-01 3.759799898E-01 1.555999974E-03
 2.172999957E-04 4.830000034E-05 5.954700112E-01 -2.094300000E+04 3.659700000E+04 3.016600037E+02 9.070800018E+01 2.501600075E+01 1.584100037E+02 3.252399862E-01 3.740600049E-01 1.566500054E-03
 2.193499968E-04 4.830000034E-05 5.909799933E-01 -1.133700000E+04 4.682100000E+04 3.022900085E+02 9.373699951E+01 2.785099983E+01 1.533200073E+02 3.376500010E-01 3.720099926E-01 1.578400028E-03
 2.213999978E-04 4.830000034E-05 5.855100155E-01 -1.210400000E+04 5.494000000E+04 3.034500122E+02 9.719100189E+01 3.043000031E+01 1.253399963E+02 3.509700000E-01 3.699699938E-01 1.593200024E-03
 2.234499989E-04 4.830000034E-05 5.793399811E-01 -1.985600000E+04 5.412000000E+04 3.046199951E+02 1.010000000E+02 3.281499863E+01 1.064400024E+02 3.652600050E-01 3.674800098E-01 1.610200037E-03
 2.254999999E-04 4.830000034E-05 5.729900002E-01 -1.960300000E+04 6.061400000E+04 3.057399902E+02 1.051399994E+02 3.560200119E+01 1.032600021E+02 3.811199963E-01 3.647899926E-01 1.628100057E-03
 2.275500010E-04 4.830000034E-05 5.657799840E-01 -1.426600000E+04 6.656700000E+04 3.069200134E+02 1.097600021E+02 3.859700012E+01 8.998100281E+01 3.986899853E-01 3.615899980E-01 1.648799982E-03
 2.296000021E-04 4.830000034E-05 5.583000183E-01 -1.783900000E+04 6.887900000E+04 3.081499939E+02 1.148899994E+02 4.133100128E+01 8.517500305E+01 4.175300002E-01 3.582299948E-01 1.670900034E-03
 2.316500031E-04 4.830000034E-05 5.503699780E-01 -2.114500000E+04 7.974000000E+04 3.096199951E+02 1.203700027E+02 4.395800018E+01 8.599900055E+01 4.371599853E-01 3.548200130E-01 1.694999984E-03
 2.337000042E-04 4.830000034E-05 5.418800116E-01 -2.019500000E+04 8.025400000E+04 3.108299866E+02 1.260000000E+02 4.659000015E+01 7.558100128E+01 4.573900104E-01 3.507199883E-01 1.721599954E-03
 2.357500052E-04 4.830000034E-05 5.333499908E-01 -2.476900000E+04 7.953900000E+04 3.120000000E+02 1.317899933E+02 4.912799835E+01 6.042599869E+01 4.779500067E-01 3.464899957E-01 1.749200048E-03
 2.378000063E-04 4.830000034E-05 5.252799988E-01 -2.093400000E+04 8.323100000E+04 3.131099854E+02 1.376999969E+02 5.148300171E+01 5.746599960E+01 4.986799955E-01 3.424499929E-01 1.776100020E-03
 2.398499928E-04 4.830000034E-05 5.173299909E-01 -1.120500000E+04 8.629500000E+04 3.138099976E+02 1.438500061E+02 5.373500061E+01 5.316099930E+01 5.203099847E-01 3.380300105E-01 1.803399995E-03
 2.418999939E-04 4.830000034E-05 5.081800222E-01 -1.477800000E+04 8.759000000E+04 3.145000000E+02 1.506600037E+02 5.600099945E+01 5.411000061E+01 5.440300107E-01 3.327800035E-01 1.835900010E-03
 2.439499949E-04 4.830000034E-05 4.988699853E-01 -1.039200000E+04 8.386800000E+04 3.151400146E+02 1.578999939E+02 5.836399841E+01 5.025299835E+01 5.691900253E-01 3.273600042E-01 1.870100037E-03
 2.460000105E-04 4.830000034E-05 4.897600114E-01 6.544799805E+02 8.097100000E+04 3.154100037E+02 1.654600067E+02 6.096799850E+01 4.129600143E+01 5.959600210E-01 3.216499984E-01 1.904899953E-03
 2.480499970E-04 4.830000034E-05 4.801500142E-01 5.084299805E+03 7.876000000E+04 3.153800049E+02 1.736199951E+02 6.341699982E+01 4.815999985E+01 6.247500181E-01 3.153100014E-01 1.943100011E-03
 2.501000126E-04 4.830000034E-05 4.695400000E-01 5.048500000E+03 7.762700000E+04 3.153699951E+02 1.822899933E+02 6.552400208E+01 5.035699844E+01 6.547099948E-01 3.083299994E-01 1.987100113E-03
 2.521499991E-04 4.830000034E-05 4.578399956E-01 1.796800049E+03 7.880000000E+04 3.151000061E+02 1.916199951E+02 6.760199738E+01 4.757400131E+01 6.870800257E-01 3.003999889E-01 2.037900034E-03
 2.541999856E-04 4.830000034E-05 4.465200007E-01 1.379200000E+04 7.763600000E+04 3.141400146E+02 2.014400024E+02 6.963300323E+01 4.474800110E+01 7.217800021E-01 2.920899987E-01 2.089400077E-03
 2.562500013E-04 4.830000034E-05 4.349400103E-01 3.332400000E+04 7.182900000E+04 3.128900146E+02 2.120399933E+02 7.158999634E+01 2.988699913E+01 7.594100237E-01 2.833800018E-01 2.145200036E-03
 2.582999878E-04 4.830000034E-05 4.208700061E-01 4.203000000E+04 6.804600000E+04 3.109899902E+02 2.245399933E+02 7.356600189E+01 2.618300056E+01 8.042399883E-01 2.725600004E-01 2.217300003E-03
 2.603500034E-04 4.830000034E-05 4.047099948E-01 5.487700000E+04 6.043400000E+04 3.081600037E+02 2.391300049E+02 7.563700104E+01 2.061199951E+01 8.576200008E-01 2.597199976E-01 2.306000097E-03
 2.623999899E-04 4.830000034E-05 3.854500055E-01 7.324600000E+04 5.360000000E+04 3.041099854E+02 2.568200073E+02 7.723500061E+01 -1.806399941E+00 9.231899977E-01 2.441399992E-01 2.422099933E-03
 2.644500055E-04 4.830000034E-05 3.283300102E-01 1.002400000E+05 5.019600000E+04 2.870100098E+02 3.073200073E+02 7.861799622E+01 -9.462400436E+00 1.017400026E+00 2.228900045E-01 2.601200016E-03
 2.664999920E-04 4.830000034E-05 2.820599973E-01 1.197600000E+05 4.604700000E+04 2.724200134E+02 3.478999939E+02 7.939700317E+01 -1.121000004E+01 1.074499965E+00 2.105100006E-01 2.712100046E-03
 2.050000039E-04 5.059999967E-05 6.090999842E-01 -6.555100098E+03 9.427099609E+03 2.993500061E+02 8.696800232E+01 9.740300179E+00 1.483500061E+02 3.035599887E-01 3.796899915E-01 1.531500020E-03
 2.070500050E-04 5.059999967E-05 6.086900234E-01 -1.296300000E+04 7.805500000E+03 2.993699951E+02 8.751799774E+01 1.079899979E+01 1.633099976E+02 3.059000075E-01 3.794600070E-01 1.532500028E-03
 2.091000060E-04 5.059999967E-05 6.079499722E-01 -1.304400000E+04 1.642600000E+04 2.992000122E+02 8.853500366E+01 1.291600037E+01 1.521900024E+02 3.104700148E-01 3.787899911E-01 1.534300041E-03
 2.111500071E-04 5.059999967E-05 6.065099835E-01 -5.452600098E+03 2.819000000E+04 2.990199890E+02 8.967199707E+01 1.518700027E+01 1.519299927E+02 3.157100081E-01 3.776600063E-01 1.537999953E-03
 2.131999936E-04 5.059999967E-05 6.039199829E-01 -5.319399902E+03 2.307900000E+04 2.992200012E+02 9.129599762E+01 1.768700027E+01 1.656100006E+02 3.227199912E-01 3.763000071E-01 1.544600003E-03
 2.152499947E-04 5.059999967E-05 6.005100012E-01 -1.436100000E+04 2.086700000E+04 2.996400146E+02 9.346399689E+01 2.004199982E+01 1.510099945E+02 3.314799964E-01 3.746899962E-01 1.553399954E-03
 2.172999957E-04 5.059999967E-05 5.970600247E-01 -1.638800000E+04 2.994000000E+04 2.998900146E+02 9.597499847E+01 2.248100090E+01 1.600200043E+02 3.416900039E-01 3.728600144E-01 1.562300022E-03
 2.193499968E-04 5.059999967E-05 5.935599804E-01 -6.847600098E+03 3.840600000E+04 3.001799927E+02 9.873300171E+01 2.502300072E+01 1.521399994E+02 3.528900146E-01 3.710199893E-01 1.571499975E-03
 2.213999978E-04 5.059999967E-05 5.891000032E-01 -8.708500000E+03 4.321200000E+04 3.008500061E+02 1.018600006E+02 2.741300011E+01 1.284400024E+02 3.650600016E-01 3.690600097E-01 1.583499950E-03
 2.234499989E-04 5.059999967E-05 5.838900208E-01 -6.910100098E+03 4.381600000E+04 3.014800110E+02 1.053300018E+02 2.949399948E+01 1.289199982E+02 3.781599998E-01 3.665600121E-01 1.597600058E-03
 2.254999999E-04 5.059999967E-05 5.780299902E-01 -6.479000000E+03 4.799700000E+04 3.021900024E+02 1.091200027E+02 3.193700027E+01 1.255800018E+02 3.926100135E-01 3.637300134E-01 1.613799948E-03
 2.275500010E-04 5.059999967E-05 5.714300275E-01 -1.251400000E+04 5.072600000E+04 3.030000000E+02 1.133000031E+02 3.462099838E+01 1.097799988E+02 4.085499942E-01 3.605299890E-01 1.632499974E-03
 2.296000021E-04 5.059999967E-05 5.647299886E-01 -1.360400000E+04 5.925800000E+04 3.037699890E+02 1.178000031E+02 3.690399933E+01 9.563200378E+01 4.251700044E-01 3.572100103E-01 1.651800005E-03
 2.316500031E-04 5.059999967E-05 5.577600002E-01 -1.772800000E+04 6.716800000E+04 3.047099915E+02 1.226699982E+02 3.934000015E+01 8.543599701E+01 4.429999888E-01 3.538799882E-01 1.672600047E-03
 2.337000042E-04 5.059999967E-05 5.502499938E-01 -2.037500000E+04 6.341400000E+04 3.056799927E+02 1.279400024E+02 4.186299896E+01 8.540799713E+01 4.621599913E-01 3.502300084E-01 1.695399988E-03
 2.357500052E-04 5.059999967E-05 5.421199799E-01 -1.885500000E+04 6.623200000E+04 3.065899963E+02 1.335399933E+02 4.417599869E+01 8.901100159E+01 4.821900129E-01 3.460899889E-01 1.720899949E-03
 2.378000063E-04 5.059999967E-05 5.340300202E-01 -1.255000000E+04 7.715600000E+04 3.075400085E+02 1.392599945E+02 4.637900162E+01 8.063800049E+01 5.023999810E-01 3.419699967E-01 1.746900030E-03
 2.398499928E-04 5.059999967E-05 5.258899927E-01 -7.554600098E+03 8.669000000E+04 3.083399963E+02 1.451300049E+02 4.852500153E+01 6.620099640E+01 5.231000185E-01 3.376500010E-01 1.774000004E-03
 2.418999939E-04 5.059999967E-05 5.167599916E-01 -1.401400000E+04 8.691500000E+04 3.090799866E+02 1.515099945E+02 5.055300140E+01 6.701899719E+01 5.453199744E-01 3.325800002E-01 1.805300009E-03
 2.439499949E-04 5.059999967E-05 5.073300004E-01 -1.229500000E+04 8.333900000E+04 3.097200012E+02 1.583699951E+02 5.265700150E+01 7.280200195E+01 5.691900253E-01 3.271799982E-01 1.838900032E-03
 2.460000105E-04 5.059999967E-05 4.980599880E-01 -7.021400146E+02 7.915600000E+04 3.098900146E+02 1.656900024E+02 5.478599930E+01 5.802399826E+01 5.950499773E-01 3.213900030E-01 1.873099944E-03
 2.480499970E-04 5.059999967E-05 4.885500073E-01 2.269399902E+03 7.775000000E+04 3.098500061E+02 1.737299957E+02 5.694200134E+01 4.622200012E+01 6.234099865E-01 3.152100146E-01 1.909599989E-03
 2.501000126E-04 5.059999967E-05 4.780299962E-01 5.691700195E+03 7.599600000E+04 3.097999878E+02 1.823800049E+02 5.916199875E+01 5.255500031E+01 6.538199782E-01 3.083600104E-01 1.951799961E-03
 2.521499991E-04 5.059999967E-05 4.663900137E-01 8.683500000E+03 7.326000000E+04 3.095299988E+02 1.915299988E+02 6.118700027E+01 5.572100067E+01 6.859499812E-01 3.005900085E-01 2.000600100E-03
 2.541999856E-04 5.059999967E-05 4.542599916E-01 1.106500000E+04 8.021600000E+04 3.088999939E+02 2.012700043E+02 6.307899857E+01 5.684000015E+01 7.203099728E-01 2.921800017E-01 2.054000041E-03
 2.562500013E-04 5.059999967E-05 4.419699907E-01 2.244000000E+04 7.873200000E+04 3.077799988E+02 2.117100067E+02 6.486299896E+01 4.263999939E+01 7.575700283E-01 2.832599878E-01 2.111099893E-03
 2.582999878E-04 5.059999967E-05 4.277899861E-01 3.502400000E+04 7.076500000E+04 3.060000000E+02 2.238800049E+02 6.655300140E+01 1.775699997E+01 8.014400005E-01 2.725900114E-01 2.181400079E-03
 2.603500034E-04 5.059999967E-05 4.112600088E-01 4.777500000E+04 6.698200000E+04 3.034700012E+02 2.381999969E+02 6.842099762E+01 1.199400043E+01 8.539299965E-01 2.599000037E-01 2.269299934E-03
 2.623999899E-04 5.059999967E-05 3.916999996E-01 6.695800000E+04 6.051100000E+04 2.996799927E+02 2.556799927E+02 6.996299744E+01 9.863499999E-01 9.192199707E-01 2.444700003E-01 2.383500105E-03
 2.644500055E-04 5.059999967E-05 3.334800005E-01 9.410800000E+04 5.647700000E+04 2.829100037E+02 3.059700012E+02 7.126300049E+01 -2.038599968E+01 1.013399959E+00 2.233500034E-01 2.559500048E-03
 2.664999920E-04 5.059999967E-05 2.862400115E-01 1.110300000E+05 5.536900000E+04 2.684500122E+02 3.463699951E+02 7.199199677E+01 -2.829700089E+01 1.070500016E+00 2.109400034E-01 2.668699948E-03
 2.050000039E-04 5.289999899E-05 6.080999970E-01 -1.936200000E+04 5.514700195E+03 2.988599854E+02 9.462300110E+01 9.355299950E+00 1.368699951E+02 3.301100135E-01 3.784399927E-01 1.534000039E-03
 2.070500050E-04 5.289999899E-05 6.080800295E-01 -1.680300000E+04 1.029300000E+04 2.987099915E+02 9.485700226E+01 1.005200005E+01 1.460099945E+02 3.312599957E-01 3.782500029E-01 1.534000039E-03
 2.091000060E-04 5.289999899E-05 6.076800227E-01 -1.253400000E+04 1.887400000E+04 2.985100098E+02 9.549400330E+01 1.192800045E+01 1.456600037E+02 3.343299925E-01 3.777399957E-01 1.535000047E-03
 2.111500071E-04 5.289999899E-05 6.063799858E-01 -2.256399902E+03 1.880000000E+04 2.982699890E+02 9.651399994E+01 1.411800003E+01 1.492599945E+02 3.389900029E-01 3.766300082E-01 1.538299955E-03
 2.131999936E-04 5.289999899E-05 6.043499708E-01 3.477800049E+03 1.434500000E+04 2.981499939E+02 9.794000244E+01 1.630400085E+01 1.422299957E+02 3.451400101E-01 3.752200007E-01 1.543499995E-03
 2.152499947E-04 5.289999899E-05 6.015099883E-01 -2.834100098E+03 2.127700000E+04 2.984200134E+02 9.961100006E+01 1.829999924E+01 1.316300049E+02 3.519000113E-01 3.737899959E-01 1.550800051E-03
 2.172999957E-04 5.289999899E-05 5.981199741E-01 -3.926899902E+03 2.691900000E+04 2.987399902E+02 1.017500000E+02 2.026300049E+01 1.493099976E+02 3.602899909E-01 3.720799983E-01 1.559600001E-03
 2.193499968E-04 5.289999899E-05 5.946199894E-01 -4.332399902E+03 2.699800000E+04 2.988500061E+02 1.044400024E+02 2.245700073E+01 1.543200073E+02 3.709500134E-01 3.700500131E-01 1.568699954E-03
 2.213999978E-04 5.289999899E-05 5.911999941E-01 -1.144300000E+04 3.222100000E+04 2.990700073E+02 1.072399979E+02 2.464900017E+01 1.513800049E+02 3.819499910E-01 3.681800067E-01 1.577800023E-03
 2.234499989E-04 5.289999899E-05 5.869299769E-01 -9.038299805E+03 3.583900000E+04 2.992699890E+02 1.103300018E+02 2.655500031E+01 1.337700043E+02 3.937399983E-01 3.657700121E-01 1.589299995E-03
 2.254999999E-04 5.289999899E-05 5.814200044E-01 -8.695200195E+03 3.784200000E+04 2.994800110E+02 1.138000031E+02 2.867799950E+01 1.191299973E+02 4.070700109E-01 3.625899851E-01 1.604399993E-03
 2.275500010E-04 5.289999899E-05 5.758500099E-01 -1.546600000E+04 4.227200000E+04 2.998900146E+02 1.175699997E+02 3.108900070E+01 1.058799973E+02 4.215500057E-01 3.596099913E-01 1.619899995E-03
 2.296000021E-04 5.289999899E-05 5.698500276E-01 -1.519400000E+04 4.850400000E+04 3.004700012E+02 1.216900024E+02 3.314699936E+01 9.636900330E+01 4.367499948E-01 3.565500081E-01 1.637000008E-03
 2.316500031E-04 5.289999899E-05 5.638700128E-01 -1.295500000E+04 5.253500000E+04 3.010799866E+02 1.260100021E+02 3.524800110E+01 1.042500000E+02 4.526500106E-01 3.535099924E-01 1.654400025E-03
 2.337000042E-04 5.289999899E-05 5.572299957E-01 -1.383200000E+04 4.925200000E+04 3.015499878E+02 1.308399963E+02 3.744900131E+01 1.042500000E+02 4.704299867E-01 3.498899937E-01 1.674100058E-03
 2.357500052E-04 5.289999899E-05 5.493299961E-01 -1.057200000E+04 5.262500000E+04 3.020000000E+02 1.361799927E+02 3.957899857E+01 1.033499985E+02 4.898299873E-01 3.454500139E-01 1.698200009E-03
 2.378000063E-04 5.289999899E-05 5.416700244E-01 -5.918899902E+03 6.279300000E+04 3.026099854E+02 1.416199951E+02 4.171599960E+01 9.506800079E+01 5.094400048E-01 3.413099945E-01 1.722199959E-03
 2.398499928E-04 5.289999899E-05 5.334299803E-01 -1.016900000E+04 6.716200000E+04 3.033999939E+02 1.473300018E+02 4.375699997E+01 8.857199860E+01 5.296300054E-01 3.370000124E-01 1.748900046E-03
 2.418999939E-04 5.289999899E-05 5.247399807E-01 -1.420100000E+04 7.208900000E+04 3.039700012E+02 1.533399963E+02 4.559799957E+01 8.590299988E+01 5.507699847E-01 3.321300149E-01 1.777900034E-03
 2.439499949E-04 5.289999899E-05 5.159299970E-01 -8.590799805E+03 7.390800000E+04 3.043299866E+02 1.597400055E+02 4.741799927E+01 7.964499664E+01 5.733199716E-01 3.269400001E-01 1.808300032E-03
 2.460000105E-04 5.289999899E-05 5.063099861E-01 -9.645599976E+02 6.898400000E+04 3.045000000E+02 1.667400055E+02 4.915700150E+01 7.350800323E+01 5.979400277E-01 3.210200071E-01 1.842699945E-03
 2.480499970E-04 5.289999899E-05 4.964100122E-01 1.491900024E+03 7.002200000E+04 3.045100098E+02 1.741900024E+02 5.098300171E+01 4.970600128E+01 6.242899895E-01 3.147599995E-01 1.879399992E-03
 2.501000126E-04 5.289999899E-05 4.864000082E-01 1.293800000E+04 7.607300000E+04 3.042399902E+02 1.822400055E+02 5.303599930E+01 2.915699959E+01 6.531400084E-01 3.081400096E-01 1.918100053E-03
 2.521499991E-04 5.289999899E-05 4.753800035E-01 1.493100000E+04 7.523800000E+04 3.038099976E+02 1.911999969E+02 5.493799973E+01 3.959700012E+01 6.850600243E-01 3.007200062E-01 1.962699927E-03
 2.541999856E-04 5.289999899E-05 4.628500044E-01 9.899299805E+03 7.585200000E+04 3.031700134E+02 2.010399933E+02 5.670999908E+01 4.481600189E+01 7.200899720E-01 2.921899855E-01 2.015900100E-03
 2.562500013E-04 5.289999899E-05 4.495100081E-01 2.143000000E+04 7.927400000E+04 3.019299927E+02 2.116399994E+02 5.848300171E+01 2.851399994E+01 7.584699988E-01 2.826099992E-01 2.075799974E-03
 2.582999878E-04 5.289999899E-05 4.348999858E-01 3.300200000E+04 7.408300000E+04 3.003500061E+02 2.235599976E+02 6.009299850E+01 1.837299919E+01 8.017600179E-01 2.720000148E-01 2.145699924E-03
 2.603500034E-04 5.289999899E-05 4.185299873E-01 4.649600000E+04 7.097500000E+04 2.980199890E+02 2.372299957E+02 6.155899811E+01 2.004800034E+01 8.521699905E-01 2.597399950E-01 2.229799982E-03
 2.623999899E-04 5.289999899E-05 3.986099958E-01 6.519300000E+04 7.330500000E+04 2.944299927E+02 2.544900055E+02 6.279499817E+01 1.239799976E+01 9.170200229E-01 2.444300056E-01 2.342199907E-03
 2.644500055E-04 5.289999899E-05 3.391799927E-01 8.566900000E+04 6.733500000E+04 2.781300049E+02 3.045400085E+02 6.401599884E+01 -8.389200211E+00 1.011899948E+00 2.233200073E-01 2.516499953E-03
 2.664999920E-04 5.289999899E-05 2.911399901E-01 9.776300000E+04 6.132000000E+04 2.639400024E+02 3.445899963E+02 6.469999695E+01 -1.965099907E+01 1.069100022E+00 2.109400034E-01 2.623900073E-03
 2.050000039E-04 5.519999831E-05 6.084700227E-01 -1.591800000E+04 5.425100098E+03 2.980100098E+02 1.023399963E+02 8.970199585E+00 1.444900055E+02 3.571600020E-01 3.776000142E-01 1.533000031E-03
 2.070500050E-04 5.519999831E-05 6.083499789E-01 -1.070500000E+04 7.689299805E+03 2.978500061E+02 1.024100037E+02 9.630399704E+00 1.465399933E+02 3.577199876E-01 3.773100078E-01 1.533300034E-03
 2.091000060E-04 5.519999831E-05 6.074000001E-01 -6.480000000E+03 1.465200000E+04 2.977500000E+02 1.029499969E+02 1.124199963E+01 1.376799927E+02 3.602199852E-01 3.766100109E-01 1.535700052E-03
 2.111500071E-04 5.519999831E-05 6.054599881E-01 1.187199951E+03 1.342200000E+04 2.977500000E+02 1.040699997E+02 1.315799999E+01 1.306499939E+02 3.648599982E-01 3.754099905E-01 1.540699974E-03
 2.131999936E-04 5.519999831E-05 6.032699943E-01 7.947899902E+03 1.218900000E+04 2.976600037E+02 1.053799973E+02 1.509899998E+01 1.349600067E+02 3.703500032E-01 3.739300072E-01 1.546300016E-03
 2.152499947E-04 5.519999831E-05 6.015599966E-01 4.893899902E+03 1.962700000E+04 2.976400146E+02 1.069000015E+02 1.669199944E+01 1.378899994E+02 3.763999939E-01 3.728500009E-01 1.550600049E-03
 2.172999957E-04 5.519999831E-05 5.995600224E-01 2.815400085E+02 2.099300000E+04 2.975700073E+02 1.088600006E+02 1.823200035E+01 1.449700012E+02 3.840500116E-01 3.715200126E-01 1.555799972E-03
 2.193499968E-04 5.519999831E-05 5.958799720E-01 -3.720000000E+03 1.704900000E+04 2.973999939E+02 1.112900009E+02 2.024699974E+01 1.523200073E+02 3.937300146E-01 3.690299988E-01 1.565400045E-03
 2.213999978E-04 5.519999831E-05 5.921599865E-01 -9.002099609E+03 1.986300000E+04 2.974899902E+02 1.137699966E+02 2.232799911E+01 1.515399933E+02 4.034700096E-01 3.668299913E-01 1.575300004E-03
 2.234499989E-04 5.519999831E-05 5.883799791E-01 -1.212700000E+04 2.505700000E+04 2.976499939E+02 1.164400024E+02 2.412199974E+01 1.293899994E+02 4.137200117E-01 3.646900058E-01 1.585399965E-03
 2.254999999E-04 5.519999831E-05 5.833699703E-01 -1.416600000E+04 3.181200000E+04 2.976199951E+02 1.195699997E+02 2.597999954E+01 1.153700027E+02 4.257099926E-01 3.615599871E-01 1.598999952E-03
 2.275500010E-04 5.519999831E-05 5.788800120E-01 -1.770700000E+04 3.281700000E+04 2.977099915E+02 1.227799988E+02 2.795800018E+01 1.159199982E+02 4.380399883E-01 3.588800132E-01 1.611400046E-03
 2.296000021E-04 5.519999831E-05 5.741900206E-01 -1.312700000E+04 3.178700000E+04 2.978699951E+02 1.263099976E+02 2.972900009E+01 1.166200027E+02 4.512900114E-01 3.561500013E-01 1.624600030E-03
 2.316500031E-04 5.519999831E-05 5.684999824E-01 -9.087700195E+03 4.117700000E+04 2.980799866E+02 1.303099976E+02 3.160000038E+01 1.177200012E+02 4.661900103E-01 3.528699875E-01 1.640900038E-03
 2.337000042E-04 5.519999831E-05 5.622400045E-01 -8.582299805E+03 3.905500000E+04 2.982099915E+02 1.347299957E+02 3.353799820E+01 9.623100281E+01 4.826000035E-01 3.491399884E-01 1.659199945E-03
 2.357500052E-04 5.519999831E-05 5.551999807E-01 -6.304700195E+03 4.384600000E+04 2.982500000E+02 1.396399994E+02 3.543299866E+01 8.894799805E+01 5.007200241E-01 3.448100090E-01 1.680199988E-03
 2.378000063E-04 5.519999831E-05 5.481299758E-01 -5.265899902E+03 4.939800000E+04 2.984899902E+02 1.447100067E+02 3.748099899E+01 1.095699997E+02 5.193499923E-01 3.406899869E-01 1.701900037E-03
 2.398499928E-04 5.519999831E-05 5.406900048E-01 -3.264300049E+03 5.019000000E+04 2.989100037E+02 1.500000000E+02 3.927999878E+01 1.112900009E+02 5.383099914E-01 3.365300000E-01 1.725399983E-03
 2.418999939E-04 5.519999831E-05 5.322899818E-01 -2.426199951E+03 5.863600000E+04 2.990799866E+02 1.559100037E+02 4.093500137E+01 1.045000000E+02 5.594699979E-01 3.314999938E-01 1.752599957E-03
 2.439499949E-04 5.519999831E-05 5.236999989E-01 3.112899902E+03 5.865500000E+04 2.992500000E+02 1.620599976E+02 4.263999939E+01 7.952200317E+01 5.814300179E-01 3.263300061E-01 1.781399944E-03
 2.460000105E-04 5.519999831E-05 5.142999887E-01 4.982299805E+03 6.188100000E+04 2.994899902E+02 1.685500031E+02 4.423099899E+01 6.331000137E+01 6.043999791E-01 3.207199872E-01 1.813999959E-03
 2.480499970E-04 5.519999831E-05 5.039299726E-01 5.978900146E+02 6.400600000E+04 2.994500122E+02 1.756100006E+02 4.583399963E+01 6.594899750E+01 6.295300126E-01 3.142099977E-01 1.851300010E-03
 2.501000126E-04 5.519999831E-05 4.939500093E-01 1.013400000E+04 6.913000000E+04 2.991199951E+02 1.830700073E+02 4.737799835E+01 3.465599823E+01 6.562899947E-01 3.076499999E-01 1.888699946E-03
 2.521499991E-04 5.519999831E-05 4.834299982E-01 1.440800000E+04 7.919700000E+04 2.985199890E+02 1.914799957E+02 4.899599838E+01 2.662899971E+01 6.866000295E-01 3.005000055E-01 1.929900027E-03
 2.541999856E-04 5.519999831E-05 4.709900022E-01 1.445100000E+04 7.013800000E+04 2.976199951E+02 2.010299988E+02 5.074100113E+01 4.186600113E+01 7.213500142E-01 2.918899953E-01 1.981100067E-03
 2.562500013E-04 5.519999831E-05 4.574199915E-01 2.148000000E+04 6.883200000E+04 2.964800110E+02 2.115500031E+02 5.237400055E+01 2.819400024E+01 7.597000003E-01 2.824000120E-01 2.039900050E-03
 2.582999878E-04 5.519999831E-05 4.429599941E-01 2.700500000E+04 7.397400000E+04 2.950100098E+02 2.232100067E+02 5.378900146E+01 2.013699913E+01 8.023700118E-01 2.721099854E-01 2.106700093E-03
 2.603500034E-04 5.519999831E-05 4.266700149E-01 4.146900000E+04 6.903300000E+04 2.925199890E+02 2.365200043E+02 5.502500153E+01 3.262699890E+01 8.522400260E-01 2.599000037E-01 2.187399892E-03
 2.623999899E-04 5.519999831E-05 4.065900147E-01 6.100100000E+04 7.344100000E+04 2.889500122E+02 2.532200012E+02 5.593399811E+01 1.031000042E+01 9.157599807E-01 2.446700037E-01 2.296299906E-03
 2.644500055E-04 5.519999831E-05 3.459199965E-01 8.612200000E+04 7.360000000E+04 2.729800110E+02 3.026300049E+02 5.679800034E+01 -1.187800026E+01 1.009799957E+00 2.236099988E-01 2.467100043E-03
 2.664999920E-04 5.519999831E-05 2.966800034E-01 1.031200000E+05 6.907300000E+04 2.590000000E+02 3.424800110E+02 5.733000183E+01 -4.497499943E+00 1.067499995E+00 2.111299932E-01 2.573299920E-03
 2.050000039E-04 5.750000128E-05 6.090899706E-01 -6.296099854E+02 1.376500000E+03 2.972099915E+02 1.091800003E+02 8.741700172E+00 1.514100037E+02 3.812899888E-01 3.769699931E-01 1.531500020E-03
 2.070500050E-04 5.750000128E-05 6.081600189E-01 -7.218499756E+02 -4.516900024E+02 2.971700134E+02 1.095999985E+02 9.326700211E+00 1.469400024E+02 3.829599917E-01 3.763400018E-01 1.533800038E-03
 2.091000060E-04 5.750000128E-05 6.062300205E-01 -2.041099976E+03 3.356400146E+02 2.971799927E+02 1.105899963E+02 1.061699963E+01 1.242200012E+02 3.867999911E-01 3.751699924E-01 1.538699958E-03
 2.111500071E-04 5.750000128E-05 6.045299768E-01 7.891199951E+02 4.377600098E+03 2.971400146E+02 1.117200012E+02 1.212699986E+01 1.237500000E+02 3.912799954E-01 3.740600049E-01 1.542999991E-03
 2.131999936E-04 5.750000128E-05 6.024199724E-01 2.585899902E+03 6.530399902E+03 2.970299988E+02 1.130899963E+02 1.380399990E+01 1.475700073E+02 3.967599869E-01 3.726199865E-01 1.548400032E-03
 2.152499947E-04 5.750000128E-05 6.007800102E-01 1.599400024E+03 1.082700000E+04 2.969800110E+02 1.146100006E+02 1.523600006E+01 1.580899963E+02 4.026699960E-01 3.715400100E-01 1.552599948E-03
 2.172999957E-04 5.750000128E-05 5.996800065E-01 6.110100098E+03 1.144000000E+04 2.966000061E+02 1.160599976E+02 1.659199905E+01 1.500700073E+02 4.086000025E-01 3.703800142E-01 1.555499970E-03
 2.193499968E-04 5.750000128E-05 5.967800021E-01 5.073899902E+03 1.085800000E+04 2.962699890E+02 1.179400024E+02 1.840099907E+01 1.337899933E+02 4.162499905E-01 3.681899905E-01 1.563100028E-03
 2.213999978E-04 5.750000128E-05 5.932899714E-01 -4.196599960E+01 1.735800000E+04 2.962900085E+02 1.202799988E+02 2.031599998E+01 1.409400024E+02 4.253700078E-01 3.660500050E-01 1.572299981E-03
 2.234499989E-04 5.750000128E-05 5.893399715E-01 -7.760899902E+03 2.127500000E+04 2.962799988E+02 1.229199982E+02 2.193899918E+01 1.427799988E+02 4.353899956E-01 3.635999858E-01 1.582799945E-03
 2.254999999E-04 5.750000128E-05 5.849099755E-01 -1.342600000E+04 2.750500000E+04 2.961499939E+02 1.257200012E+02 2.367000008E+01 1.343800049E+02 4.462099969E-01 3.607099950E-01 1.594800036E-03
 2.275500010E-04 5.750000128E-05 5.811799765E-01 -6.268000000E+03 2.202500000E+04 2.958999939E+02 1.285899963E+02 2.537899971E+01 1.478399963E+02 4.573599994E-01 3.581100106E-01 1.604999998E-03
 2.296000021E-04 5.750000128E-05 5.770300031E-01 -3.730899963E+02 2.006900000E+04 2.956600037E+02 1.318300018E+02 2.678300095E+01 1.292899933E+02 4.695999920E-01 3.552699983E-01 1.616599970E-03
 2.316500031E-04 5.750000128E-05 5.717099905E-01 -8.446500244E+02 3.172900000E+04 2.956199951E+02 1.355000000E+02 2.837199974E+01 1.015599976E+02 4.833000004E-01 3.519400060E-01 1.631699968E-03
 2.337000042E-04 5.750000128E-05 5.659099817E-01 -1.377400024E+03 3.005100000E+04 2.956000061E+02 1.394499969E+02 3.006999969E+01 9.826799774E+01 4.980500042E-01 3.483499885E-01 1.648399979E-03
 2.357500052E-04 5.750000128E-05 5.596399903E-01 -1.680500000E+03 3.412600000E+04 2.953999939E+02 1.437899933E+02 3.183799934E+01 1.064700012E+02 5.142999887E-01 3.442499936E-01 1.666900003E-03
 2.378000063E-04 5.750000128E-05 5.529900193E-01 -1.742000000E+03 3.722900000E+04 2.953299866E+02 1.483899994E+02 3.371099854E+01 1.369100037E+02 5.314900279E-01 3.400799930E-01 1.686900039E-03
 2.398499928E-04 5.750000128E-05 5.463100076E-01 2.625100098E+03 4.012600000E+04 2.953200073E+02 1.533899994E+02 3.520800018E+01 1.328300018E+02 5.496900082E-01 3.359600008E-01 1.707599964E-03
 2.418999939E-04 5.750000128E-05 5.385500193E-01 5.287100098E+03 4.714200000E+04 2.951199951E+02 1.589400024E+02 3.670999908E+01 1.040599976E+02 5.699300170E-01 3.309600055E-01 1.732200035E-03
 2.439499949E-04 5.750000128E-05 5.302399993E-01 3.774899902E+03 4.253500000E+04 2.950299988E+02 1.646499939E+02 3.824900055E+01 7.833200073E+01 5.906699896E-01 3.257400095E-01 1.759400009E-03
 2.460000105E-04 5.750000128E-05 5.215799809E-01 3.418100098E+03 4.858600000E+04 2.949400024E+02 1.707799988E+02 3.970399857E+01 6.706400299E+01 6.127899885E-01 3.203299940E-01 1.788599999E-03
 2.480499970E-04 5.750000128E-05 5.117999911E-01 2.230000000E+03 5.680000000E+04 2.946199951E+02 1.775899963E+02 4.114400101E+01 8.293399811E+01 6.374700069E-01 3.139800131E-01 1.822900027E-03
 2.501000126E-04 5.750000128E-05 5.016700029E-01 9.264099609E+03 5.806000000E+04 2.942099915E+02 1.848800049E+02 4.230400085E+01 6.341600037E+01 6.636599898E-01 3.073300123E-01 1.859699958E-03
 2.521499991E-04 5.750000128E-05 4.908500016E-01 1.329100000E+04 6.707400000E+04 2.937000122E+02 1.927599945E+02 4.369400024E+01 3.046800041E+01 6.922500134E-01 3.001900017E-01 1.900700037E-03
 2.541999856E-04 5.750000128E-05 4.783000052E-01 1.475600000E+04 6.511600000E+04 2.928800049E+02 2.017899933E+02 4.525000000E+01 4.667300034E+01 7.253100276E-01 2.917000055E-01 1.950799953E-03
 2.562500013E-04 5.750000128E-05 4.650700092E-01 2.082400000E+04 6.287500000E+04 2.917000122E+02 2.117899933E+02 4.651200104E+01 5.080799866E+01 7.620599866E-01 2.824800014E-01 2.006300027E-03
 2.582999878E-04 5.750000128E-05 4.509899914E-01 2.516400000E+04 6.670800000E+04 2.899899902E+02 2.229400024E+02 4.765200043E+01 3.088899994E+01 8.035699725E-01 2.723299861E-01 2.069100039E-03
 2.603500034E-04 5.750000128E-05 4.347800016E-01 4.014900000E+04 6.360700000E+04 2.874299927E+02 2.359900055E+02 4.876900101E+01 3.509000015E+01 8.531799912E-01 2.602399886E-01 2.146400046E-03
 2.623999899E-04 5.750000128E-05 4.147500098E-01 6.582100000E+04 6.261300000E+04 2.838500061E+02 2.522400055E+02 4.955799866E+01 1.318500042E+01 9.159200191E-01 2.451799959E-01 2.250999911E-03
 2.644500055E-04 5.750000128E-05 3.527899981E-01 9.494500000E+04 6.366100000E+04 2.680000000E+02 3.010400085E+02 5.022000122E+01 -1.269099998E+01 1.008599997E+00 2.242300063E-01 2.416499890E-03
 2.664999920E-04 5.750000128E-05 3.022300005E-01 1.098700000E+05 6.402300000E+04 2.542500000E+02 3.406000061E+02 5.060400009E+01 -7.294000149E+00 1.065400004E+00 2.118400037E-01 2.520200098E-03
 2.050000039E-04 5.980000060E-05 6.085100174E-01 9.545700195E+03 1.670500000E+04 2.964800110E+02 1.163799973E+02 8.148099899E+00 1.486000061E+02 4.066500068E-01 3.756799996E-01 1.532900031E-03
 2.070500050E-04 5.980000060E-05 6.075099707E-01 9.633000000E+03 7.964200195E+03 2.964599915E+02 1.170199966E+02 8.669599533E+00 1.458800049E+02 4.090200067E-01 3.750500083E-01 1.535400050E-03
 2.091000060E-04 5.980000060E-05 6.057500243E-01 3.487600098E+03 -2.861600098E+03 2.965899963E+02 1.180699997E+02 9.844799995E+00 1.385700073E+02 4.128899872E-01 3.741199970E-01 1.539899968E-03
 2.111500071E-04 5.980000060E-05 6.046000123E-01 2.419400024E+02 5.338299805E+03 2.964200134E+02 1.189599991E+02 1.113799953E+01 1.406499939E+02 4.165099859E-01 3.731899858E-01 1.542799990E-03
 2.131999936E-04 5.980000060E-05 6.031100154E-01 9.894500122E+02 1.099200000E+04 2.961099854E+02 1.202900009E+02 1.252099991E+01 1.549600067E+02 4.218200147E-01 3.718799949E-01 1.546700019E-03
 2.152499947E-04 5.980000060E-05 6.010500193E-01 -2.975199951E+03 9.846500000E+03 2.961199951E+02 1.217799988E+02 1.406299973E+01 1.632200012E+02 4.275499880E-01 3.706299961E-01 1.551999943E-03
 2.172999957E-04 5.980000060E-05 5.990399718E-01 2.431199951E+03 8.288400391E+03 2.958299866E+02 1.231399994E+02 1.545300007E+01 1.466900024E+02 4.330500066E-01 3.690299988E-01 1.557199983E-03
 2.193499968E-04 5.980000060E-05 5.968000293E-01 5.223299805E+03 1.062200000E+04 2.955400085E+02 1.247300034E+02 1.674799919E+01 1.249899979E+02 4.393599927E-01 3.672800064E-01 1.563000027E-03
 2.213999978E-04 5.980000060E-05 5.939400196E-01 -1.778500061E+02 2.237500000E+04 2.954400024E+02 1.268899994E+02 1.835499954E+01 1.320599976E+02 4.477100074E-01 3.653999865E-01 1.570499968E-03
 2.234499989E-04 5.980000060E-05 5.902900100E-01 -1.614099976E+03 2.456100000E+04 2.951400146E+02 1.293600006E+02 1.993899918E+01 1.372200012E+02 4.572899938E-01 3.627899885E-01 1.580300042E-03
 2.254999999E-04 5.980000060E-05 5.864099860E-01 -5.563700104E+01 2.374600000E+04 2.947799988E+02 1.319400024E+02 2.147900009E+01 1.309600067E+02 4.673300087E-01 3.599700034E-01 1.590700005E-03
 2.275500010E-04 5.980000060E-05 5.827199817E-01 6.816600098E+03 1.719500000E+04 2.943599854E+02 1.348000031E+02 2.291500092E+01 1.372899933E+02 4.783500135E-01 3.571999967E-01 1.600799966E-03
 2.296000021E-04 5.980000060E-05 5.785499811E-01 6.602200195E+03 1.667000000E+04 2.939299927E+02 1.379299927E+02 2.422299957E+01 1.109899979E+02 4.902699888E-01 3.541199863E-01 1.612300053E-03
 2.316500031E-04 5.980000060E-05 5.739399791E-01 6.972600098E+03 2.052500000E+04 2.936900024E+02 1.411300049E+02 2.579800034E+01 9.019699860E+01 5.024600029E-01 3.510099947E-01 1.625300036E-03
 2.337000042E-04 5.980000060E-05 5.687699914E-01 1.056000000E+04 2.405500000E+04 2.935100098E+02 1.445200043E+02 2.722500038E+01 1.085000000E+02 5.152099729E-01 3.476299942E-01 1.640100032E-03
 2.357500052E-04 5.980000060E-05 5.626000166E-01 8.199099609E+03 3.341000000E+04 2.931300049E+02 1.485500031E+02 2.859600067E+01 1.195500031E+02 5.303300023E-01 3.434099853E-01 1.658100053E-03
 2.378000063E-04 5.980000060E-05 5.565500259E-01 8.363500000E+03 3.102600000E+04 2.928900146E+02 1.529600067E+02 3.016300011E+01 1.377200012E+02 5.467799902E-01 3.394399881E-01 1.676099957E-03
 2.398499928E-04 5.980000060E-05 5.500199795E-01 5.407500000E+03 3.092000000E+04 2.926600037E+02 1.577899933E+02 3.149399948E+01 1.320899963E+02 5.645400286E-01 3.352000117E-01 1.695999992E-03
 2.418999939E-04 5.980000060E-05 5.429400206E-01 2.352500000E+03 3.551400000E+04 2.922200012E+02 1.628399963E+02 3.285400009E+01 1.063700027E+02 5.832899809E-01 3.303799927E-01 1.718100044E-03
 2.439499949E-04 5.980000060E-05 5.358399749E-01 4.801299805E+03 3.755200000E+04 2.917699890E+02 1.681600037E+02 3.417599869E+01 9.717400360E+01 6.029800177E-01 3.255600035E-01 1.740899985E-03
 2.460000105E-04 5.980000060E-05 5.272399783E-01 5.021799805E+03 4.280200000E+04 2.912999878E+02 1.741100006E+02 3.556200027E+01 9.354000092E+01 6.249399781E-01 3.198199868E-01 1.769399969E-03
 2.480499970E-04 5.980000060E-05 5.182499886E-01 7.250600098E+03 4.844900000E+04 2.907200012E+02 1.803200073E+02 3.684299850E+01 8.867800140E+01 6.478800178E-01 3.137399852E-01 1.800099970E-03
 2.501000126E-04 5.980000060E-05 5.084400177E-01 1.174200000E+04 4.821100000E+04 2.900299988E+02 1.872100067E+02 3.783300018E+01 6.698999786E+01 6.731500030E-01 3.070600033E-01 1.834900002E-03
 2.521499991E-04 5.980000060E-05 4.971100092E-01 1.270300000E+04 4.375000000E+04 2.894200134E+02 1.949900055E+02 3.902999878E+01 4.823500061E+01 7.015799880E-01 2.995899916E-01 1.876799972E-03
 2.541999856E-04 5.980000060E-05 4.853999913E-01 1.400800000E+04 4.970300000E+04 2.886099854E+02 2.034199982E+02 4.023899841E+01 5.986299896E+01 7.326099873E-01 2.917099893E-01 1.922099967E-03
 2.562500013E-04 5.980000060E-05 4.724900126E-01 1.678000000E+04 5.724000000E+04 2.873299866E+02 2.128300018E+02 4.119599915E+01 6.375000000E+01 7.676100135E-01 2.827099860E-01 1.974700019E-03
 2.582999878E-04 5.980000060E-05 4.584200084E-01 2.704800000E+04 5.872000000E+04 2.854899902E+02 2.233999939E+02 4.200999832E+01 4.619400024E+01 8.075100183E-01 2.725299895E-01 2.035500016E-03
 2.603500034E-04 5.980000060E-05 4.421299994E-01 4.673600000E+04 5.505800000E+04 2.829500122E+02 2.360500031E+02 4.297200012E+01 3.629100037E+01 8.561699986E-01 2.605200112E-01 2.110800007E-03
 2.623999899E-04 5.980000060E-05 4.215300083E-01 6.903100000E+04 5.044900000E+04 2.793200073E+02 2.521999969E+02 4.371200180E+01 2.667000008E+01 9.193400145E-01 2.452200055E-01 2.214699984E-03
 2.644500055E-04 5.980000060E-05 3.586699963E-01 9.080500000E+04 5.306800000E+04 2.635799866E+02 3.003399963E+02 4.426800156E+01 2.578299999E+00 1.010900021E+00 2.244099975E-01 2.375199925E-03
 2.664999920E-04 5.980000060E-05 3.073399961E-01 1.016100000E+05 5.491000000E+04 2.500099945E+02 3.393800049E+02 4.459500122E+01 -1.313199997E+01 1.066599965E+00 2.122099996E-01 2.475100104E-03
 2.050000039E-04 6.209999992E-05 6.077100039E-01 8.387500000E+03 2.128500000E+04 2.960899963E+02 1.238000031E+02 7.506199837E+00 1.435500031E+02 4.325799942E-01 3.747000098E-01 1.534900046E-03
 2.070500050E-04 6.209999992E-05 6.069700122E-01 1.322500000E+04 8.886400391E+03 2.959700012E+02 1.242300034E+02 8.022199631E+00 1.449499969E+02 4.343000054E-01 3.740899861E-01 1.536799944E-03
 2.091000060E-04 6.209999992E-05 6.058999896E-01 1.148200000E+04 2.946600098E+03 2.958999939E+02 1.249899979E+02 9.087400436E+00 1.414499969E+02 4.372600019E-01 3.733400106E-01 1.539499965E-03
 2.111500071E-04 6.209999992E-05 6.048600078E-01 4.240100098E+03 2.054800000E+04 2.957000122E+02 1.259899979E+02 1.017199993E+01 1.527400055E+02 4.411799908E-01 3.724499941E-01 1.542199985E-03
 2.131999936E-04 6.209999992E-05 6.032099724E-01 1.322500000E+03 2.109400000E+04 2.954599915E+02 1.272099991E+02 1.143400002E+01 1.636699982E+02 4.459500015E-01 3.711299896E-01 1.546400017E-03
 2.152499947E-04 6.209999992E-05 6.009299755E-01 -6.924100098E+03 8.617700195E+03 2.953699951E+02 1.285399933E+02 1.298200035E+01 1.529100037E+02 4.511800110E-01 3.696199954E-01 1.552299946E-03
 2.172999957E-04 6.209999992E-05 5.986800194E-01 -5.051500000E+03 4.325299805E+03 2.950100098E+02 1.301399994E+02 1.426000023E+01 1.462799988E+02 4.574699998E-01 3.677800000E-01 1.558099990E-03
 2.193499968E-04 6.209999992E-05 5.966600180E-01 3.009800049E+03 7.849700195E+03 2.946799927E+02 1.318099976E+02 1.533199978E+01 1.291100006E+02 4.639599919E-01 3.661400080E-01 1.563400030E-03
 2.213999978E-04 6.209999992E-05 5.939800143E-01 2.815399902E+03 2.139200000E+04 2.944500122E+02 1.337400055E+02 1.663199997E+01 1.192399979E+02 4.713900089E-01 3.642100096E-01 1.570399967E-03
 2.234499989E-04 6.209999992E-05 5.911399722E-01 7.610399902E+03 2.385700000E+04 2.940599976E+02 1.358699951E+02 1.804800034E+01 1.233700027E+02 4.797399938E-01 3.619799912E-01 1.578000025E-03
 2.254999999E-04 6.209999992E-05 5.873900056E-01 1.045600000E+04 2.102200000E+04 2.935899963E+02 1.384100037E+02 1.938899994E+01 1.278799973E+02 4.895699918E-01 3.591099977E-01 1.588099985E-03
 2.275500010E-04 6.209999992E-05 5.832200050E-01 6.605899902E+03 1.840900000E+04 2.931600037E+02 1.412599945E+02 2.063599968E+01 1.278899994E+02 5.004100204E-01 3.560500145E-01 1.599399955E-03
 2.296000021E-04 6.209999992E-05 5.794500113E-01 5.306100098E+03 1.533400000E+04 2.926700134E+02 1.440800018E+02 2.192700005E+01 1.109700012E+02 5.113099813E-01 3.531399965E-01 1.609800034E-03
 2.316500031E-04 6.209999992E-05 5.756099820E-01 7.902700195E+03 1.406700000E+04 2.921799927E+02 1.470500031E+02 2.344799995E+01 1.029100037E+02 5.228700042E-01 3.502100110E-01 1.620600000E-03
 2.337000042E-04 6.209999992E-05 5.711399913E-01 1.200800000E+04 1.704600000E+04 2.918299866E+02 1.503500061E+02 2.471999931E+01 1.036900024E+02 5.353500247E-01 3.470799923E-01 1.633299980E-03
 2.357500052E-04 6.209999992E-05 5.651400089E-01 8.467700195E+03 2.588500000E+04 2.914700012E+02 1.542200012E+02 2.568300056E+01 1.079400024E+02 5.496299863E-01 3.430100083E-01 1.650599996E-03
 2.378000063E-04 6.209999992E-05 5.592100024E-01 8.076399902E+03 2.590100000E+04 2.911400146E+02 1.583399963E+02 2.690099907E+01 1.213099976E+02 5.649799705E-01 3.390200138E-01 1.668100012E-03
 2.398499928E-04 6.209999992E-05 5.530999899E-01 9.043000000E+03 2.663100000E+04 2.905599976E+02 1.626600037E+02 2.817399979E+01 1.161399994E+02 5.812699795E-01 3.346599936E-01 1.686600037E-03
 2.418999939E-04 6.209999992E-05 5.466099977E-01 8.744000000E+03 3.148100000E+04 2.899100037E+02 1.672299957E+02 2.943799973E+01 1.058300018E+02 5.985699892E-01 3.299899995E-01 1.706599956E-03
 2.439499949E-04 6.209999992E-05 5.396100283E-01 1.129900000E+04 3.143700000E+04 2.893299866E+02 1.722700043E+02 3.063500023E+01 1.044800034E+02 6.173999906E-01 3.251099885E-01 1.728800009E-03
 2.460000105E-04 6.209999992E-05 5.309200287E-01 9.372400391E+03 3.316000000E+04 2.886799927E+02 1.780399933E+02 3.187500000E+01 9.760800171E+01 6.389099956E-01 3.191600144E-01 1.757099992E-03
 2.480499970E-04 6.209999992E-05 5.224800110E-01 1.602600000E+04 3.584100000E+04 2.878900146E+02 1.839600067E+02 3.293399811E+01 8.149099731E+01 6.610999703E-01 3.132300079E-01 1.785399974E-03
 2.501000126E-04 6.209999992E-05 5.130900145E-01 1.631900000E+04 3.517500000E+04 2.869899902E+02 1.905000000E+02 3.381700134E+01 6.646199799E+01 6.854799986E-01 3.066299856E-01 1.818299992E-03
 2.521499991E-04 6.209999992E-05 5.024700165E-01 1.619000000E+04 3.117300000E+04 2.860199890E+02 1.978500061E+02 3.472499847E+01 7.478199768E+01 7.128999829E-01 2.992700040E-01 1.856700052E-03
 2.541999856E-04 6.209999992E-05 4.920699894E-01 2.019200000E+04 3.501000000E+04 2.847799988E+02 2.055800018E+02 3.567599869E+01 7.002700043E+01 7.421200275E-01 2.917999923E-01 1.896000002E-03
 2.562500013E-04 6.209999992E-05 4.795700014E-01 1.966200000E+04 4.230100000E+04 2.833500061E+02 2.144900055E+02 3.649900055E+01 5.564300156E+01 7.758100033E-01 2.829599977E-01 1.945600030E-03
 2.582999878E-04 6.209999992E-05 4.652099907E-01 2.977600000E+04 5.003500000E+04 2.815599976E+02 2.246699982E+02 3.702299881E+01 4.846200180E+01 8.144999743E-01 2.727699876E-01 2.005700022E-03
 2.603500034E-04 6.209999992E-05 4.488199949E-01 4.388500000E+04 4.829500000E+04 2.790599976E+02 2.368300018E+02 3.777299881E+01 4.413299942E+01 8.616999984E-01 2.608299851E-01 2.079299884E-03
 2.623999899E-04 6.209999992E-05 4.280500114E-01 6.123500000E+04 4.144100000E+04 2.754599915E+02 2.525299988E+02 3.836899948E+01 3.772999954E+01 9.238299727E-01 2.455800027E-01 2.180899959E-03
 2.644500055E-04 6.209999992E-05 3.642100096E-01 8.434400000E+04 4.619200000E+04 2.597600098E+02 3.001199951E+02 3.872100067E+01 1.294400024E+01 1.014700055E+00 2.247200012E-01 2.337899990E-03
 2.664999920E-04 6.209999992E-05 3.120700121E-01 9.668300000E+04 4.797100000E+04 2.462200012E+02 3.388800049E+02 3.896599960E+01 -1.883499980E+00 1.070299983E+00 2.125100046E-01 2.435300034E-03
 2.050000039E-04 6.440000288E-05 6.082500219E-01 5.203799805E+03 4.340299805E+03 2.955199890E+02 1.304799957E+02 7.183800220E+00 1.378600006E+02 4.562200010E-01 3.743000031E-01 1.533600036E-03
 2.070500050E-04 6.440000288E-05 6.071400046E-01 3.768899902E+03 2.024300049E+03 2.954200134E+02 1.308999939E+02 7.464799881E+00 1.327100067E+02 4.578100145E-01 3.734999895E-01 1.536400057E-03
 2.091000060E-04 6.440000288E-05 6.058200002E-01 1.421300049E+03 4.694299805E+03 2.951499939E+02 1.316699982E+02 8.357700348E+00 1.223099976E+02 4.609200060E-01 3.723399937E-01 1.539699966E-03
 2.111500071E-04 6.440000288E-05 6.049100161E-01 3.355399902E+03 2.085000000E+04 2.947900085E+02 1.325899963E+02 9.330400467E+00 1.338899994E+02 4.646100104E-01 3.713299930E-01 1.542099984E-03
 2.131999936E-04 6.440000288E-05 6.030300260E-01 2.715399902E+03 2.199400000E+04 2.945499878E+02 1.338000031E+02 1.048900032E+01 1.421300049E+02 4.693199992E-01 3.698799908E-01 1.546900021E-03
 2.152499947E-04 6.440000288E-05 6.008399725E-01 -4.042899902E+03 1.216100000E+04 2.943800049E+02 1.352500000E+02 1.177400017E+01 1.257399979E+02 4.749000072E-01 3.683300018E-01 1.552499947E-03
 2.172999957E-04 6.440000288E-05 5.988900065E-01 6.189700127E+00 6.617600098E+03 2.941000061E+02 1.368099976E+02 1.289599991E+01 1.331199951E+02 4.809100032E-01 3.667800128E-01 1.557499985E-03
 2.193499968E-04 6.440000288E-05 5.963500142E-01 4.775100098E+03 6.447399902E+03 2.937699890E+02 1.385500031E+02 1.404599953E+01 1.410700073E+02 4.876399934E-01 3.648099899E-01 1.564200036E-03
 2.213999978E-04 6.440000288E-05 5.941200256E-01 8.999900391E+03 1.825200000E+04 2.933900146E+02 1.403099976E+02 1.509500027E+01 1.207799988E+02 4.944700003E-01 3.629800081E-01 1.570099965E-03
 2.234499989E-04 6.440000288E-05 5.918400288E-01 1.442600000E+04 1.942600000E+04 2.929500122E+02 1.422599945E+02 1.633900070E+01 1.098799973E+02 5.021200180E-01 3.610500097E-01 1.576100010E-03
 2.254999999E-04 6.440000288E-05 5.877199769E-01 1.137500000E+04 1.687400000E+04 2.925700073E+02 1.448500061E+02 1.742200089E+01 1.274499969E+02 5.119299889E-01 3.580600023E-01 1.587199979E-03
 2.275500010E-04 6.440000288E-05 5.836499929E-01 8.299299805E+03 1.340600000E+04 2.922699890E+02 1.475700073E+02 1.864699936E+01 1.297799988E+02 5.221800208E-01 3.552199900E-01 1.598199946E-03
 2.296000021E-04 6.440000288E-05 5.799400210E-01 7.888600098E+03 5.900299805E+03 2.917699890E+02 1.502599945E+02 1.986700058E+01 1.213899994E+02 5.325700045E-01 3.523600101E-01 1.608500024E-03
 2.316500031E-04 6.440000288E-05 5.760899782E-01 7.730200195E+03 1.000300000E+04 2.912300110E+02 1.532299957E+02 2.100499916E+01 1.218499985E+02 5.439500213E-01 3.493700027E-01 1.619199989E-03
 2.337000042E-04 6.440000288E-05 5.721099973E-01 1.214600000E+04 1.621100000E+04 2.907200012E+02 1.564799957E+02 2.221999931E+01 1.129000015E+02 5.563399792E-01 3.463599980E-01 1.630499959E-03
 2.357500052E-04 6.440000288E-05 5.664899945E-01 7.015799805E+03 1.728300000E+04 2.902000122E+02 1.600899963E+02 2.318600082E+01 1.122200012E+02 5.699200034E-01 3.423399925E-01 1.646699966E-03
 2.378000063E-04 6.440000288E-05 5.606999993E-01 3.718000000E+03 1.567300000E+04 2.896799927E+02 1.637799988E+02 2.426300049E+01 1.114100037E+02 5.838400126E-01 3.382300138E-01 1.663699979E-03
 2.398499928E-04 6.440000288E-05 5.551300049E-01 1.049600000E+04 1.634100000E+04 2.889400024E+02 1.676699982E+02 2.532699966E+01 9.937599945E+01 5.987399817E-01 3.340100050E-01 1.680399990E-03
 2.418999939E-04 6.440000288E-05 5.486800075E-01 1.382000000E+04 2.710400000E+04 2.882099915E+02 1.720800018E+02 2.644599915E+01 9.215499878E+01 6.155200005E-01 3.292999864E-01 1.700100023E-03
 2.439499949E-04 6.440000288E-05 5.414999723E-01 1.145300000E+04 2.468800000E+04 2.875499878E+02 1.768999939E+02 2.745999908E+01 9.891699982E+01 6.336200237E-01 3.242500126E-01 1.722699963E-03
 2.460000105E-04 6.440000288E-05 5.339999795E-01 1.118500000E+04 1.860900000E+04 2.866799927E+02 1.821999969E+02 2.836800003E+01 1.018499985E+02 6.536499858E-01 3.187899888E-01 1.746900030E-03
 2.480499970E-04 6.440000288E-05 5.258899927E-01 2.003500000E+04 2.220700000E+04 2.857000122E+02 1.880099945E+02 2.930400085E+01 9.080500031E+01 6.756500006E-01 3.128800094E-01 1.773900003E-03
 2.501000126E-04 6.440000288E-05 5.165399909E-01 1.674300000E+04 2.760600000E+04 2.847500000E+02 1.944499969E+02 3.011700058E+01 7.718399811E+01 6.998500228E-01 3.062799871E-01 1.806000015E-03
 2.521499991E-04 6.440000288E-05 5.068399906E-01 1.783100000E+04 3.534900000E+04 2.835599976E+02 2.013000031E+02 3.079500008E+01 7.695899963E+01 7.258399725E-01 2.992799878E-01 1.840600045E-03
 2.541999856E-04 6.440000288E-05 4.968900084E-01 2.502100000E+04 3.545600000E+04 2.820199890E+02 2.085200043E+02 3.151600075E+01 6.872599792E+01 7.537299991E-01 2.918100059E-01 1.877499977E-03
 2.562500013E-04 6.440000288E-05 4.850699902E-01 2.781700000E+04 2.867300000E+04 2.802500000E+02 2.170200043E+02 3.222999954E+01 4.853400040E+01 7.865999937E-01 2.830899954E-01 1.923399977E-03
 2.582999878E-04 6.440000288E-05 4.708000124E-01 3.263700000E+04 3.539900000E+04 2.783699951E+02 2.271699982E+02 3.271400070E+01 4.096799850E+01 8.256400228E-01 2.729200125E-01 1.981900074E-03
 2.603500034E-04 6.440000288E-05 4.544500113E-01 3.856400000E+04 3.907900000E+04 2.758699951E+02 2.389100037E+02 3.325099945E+01 4.674000168E+01 8.716999888E-01 2.610799968E-01 2.053400036E-03
 2.623999899E-04 6.440000288E-05 4.340200126E-01 5.479700000E+04 3.486800000E+04 2.722300110E+02 2.538399963E+02 3.354499817E+01 4.435100174E+01 9.315500259E-01 2.460899949E-01 2.150800079E-03
 2.644500055E-04 6.440000288E-05 3.693200052E-01 7.975600000E+04 4.109300000E+04 2.565499878E+02 3.010599976E+02 3.360599899E+01 2.655900002E+01 1.021499991E+00 2.253800035E-01 2.303200075E-03
 2.664999920E-04 6.440000288E-05 3.161900043E-01 9.240500000E+04 4.320300000E+04 2.430099945E+02 3.397000122E+02 3.371500015E+01 1.878700066E+01 1.076900005E+00 2.131800056E-01 2.398299985E-03
 2.050000039E-04 6.669999857E-05 6.088700294E-01 3.838399902E+03 6.934200195E+03 2.947500000E+02 1.366100006E+02 6.610300064E+00 1.191200027E+02 4.780899882E-01 3.737100065E-01 1.532000024E-03
 2.070500050E-04 6.669999857E-05 6.075699925E-01 -1.222699951E+03 9.720599609E+03 2.945599976E+02 1.371799927E+02 6.918499947E+00 1.154899979E+02 4.802899957E-01 3.726699948E-01 1.535300049E-03
 2.091000060E-04 6.669999857E-05 6.060699821E-01 -3.945000000E+03 1.286700000E+04 2.942099915E+02 1.380599976E+02 7.711400032E+00 1.154800034E+02 4.838199914E-01 3.713099957E-01 1.539099962E-03
 2.111500071E-04 6.669999857E-05 6.049799919E-01 -2.990600098E+03 1.971200000E+04 2.939500122E+02 1.388699951E+02 8.577699661E+00 1.131900024E+02 4.870299995E-01 3.703100085E-01 1.541899983E-03
 2.131999936E-04 6.669999857E-05 6.031399965E-01 -1.611300049E+03 1.772600000E+04 2.936499939E+02 1.400800018E+02 9.538399696E+00 1.094000015E+02 4.917500019E-01 3.688200116E-01 1.546600019E-03
 2.152499947E-04 6.669999857E-05 6.014099717E-01 5.336799805E+03 1.109500000E+04 2.933299866E+02 1.415500031E+02 1.046000004E+01 1.118799973E+02 4.973599911E-01 3.673599958E-01 1.551000052E-03
 2.172999957E-04 6.669999857E-05 5.993000269E-01 8.498799805E+03 1.042200000E+04 2.932099915E+02 1.431799927E+02 1.159700012E+01 1.205199966E+02 5.034700036E-01 3.659200072E-01 1.556499978E-03
 2.193499968E-04 6.669999857E-05 5.965700150E-01 6.998000000E+03 1.259400000E+04 2.929500122E+02 1.449499969E+02 1.276700020E+01 1.293699951E+02 5.102300048E-01 3.639299870E-01 1.563600032E-03
 2.213999978E-04 6.669999857E-05 5.943800211E-01 7.852799805E+03 1.488900000E+04 2.925499878E+02 1.466499939E+02 1.371500015E+01 1.224800034E+02 5.168200135E-01 3.621000051E-01 1.569399959E-03
 2.234499989E-04 6.669999857E-05 5.917599797E-01 1.469000000E+04 1.124600000E+04 2.921799927E+02 1.485399933E+02 1.482400036E+01 1.105800018E+02 5.241299868E-01 3.600499928E-01 1.576300012E-03
 2.254999999E-04 6.669999857E-05 5.883299708E-01 2.156800000E+04 1.304900000E+04 2.916600037E+02 1.507899933E+02 1.568500042E+01 1.102799988E+02 5.327699780E-01 3.573200107E-01 1.585499966E-03
 2.275500010E-04 6.669999857E-05 5.845999718E-01 1.600700000E+04 7.952100098E+03 2.913500061E+02 1.532899933E+02 1.678199959E+01 1.181699982E+02 5.422000289E-01 3.546800017E-01 1.595700043E-03
 2.296000021E-04 6.669999857E-05 5.801299810E-01 7.320299805E+03 3.659100098E+03 2.909299927E+02 1.561100006E+02 1.784700012E+01 1.269100037E+02 5.528799891E-01 3.514600098E-01 1.607900020E-03
 2.316500031E-04 6.669999857E-05 5.762400031E-01 6.260000000E+03 1.382600000E+04 2.903999939E+02 1.589799957E+02 1.884000015E+01 1.251500015E+02 5.638200045E-01 3.484700024E-01 1.618799986E-03
 2.337000042E-04 6.669999857E-05 5.726100206E-01 7.189799805E+03 2.142000000E+04 2.898399963E+02 1.619400024E+02 1.986000061E+01 1.216399994E+02 5.751699805E-01 3.456099927E-01 1.628999948E-03
 2.357500052E-04 6.669999857E-05 5.673599839E-01 4.376200195E+03 1.843900000E+04 2.891300049E+02 1.654900055E+02 2.083099937E+01 1.094800034E+02 5.887399912E-01 3.415899873E-01 1.644199947E-03
 2.378000063E-04 6.669999857E-05 5.616999865E-01 6.204700195E+03 9.257500000E+03 2.885400085E+02 1.691799927E+02 2.195999908E+01 9.622100067E+01 6.027600169E-01 3.375000060E-01 1.660699956E-03
 2.398499928E-04 6.669999857E-05 5.562400222E-01 9.497500000E+03 3.822300049E+03 2.877799988E+02 1.728699951E+02 2.278300095E+01 9.127200317E+01 6.168900132E-01 3.333399892E-01 1.676999964E-03
 2.418999939E-04 6.669999857E-05 5.499699712E-01 9.725000000E+03 1.405000000E+04 2.870100098E+02 1.771399994E+02 2.367700005E+01 9.320899963E+01 6.331300139E-01 3.286899924E-01 1.696199994E-03
 2.439499949E-04 6.669999857E-05 5.432299972E-01 9.027599609E+03 1.929600000E+04 2.862799988E+02 1.818099976E+02 2.449600029E+01 9.923100281E+01 6.507400274E-01 3.238500059E-01 1.717200037E-03
 2.460000105E-04 6.669999857E-05 5.361899734E-01 1.405000000E+04 1.516600000E+04 2.852600098E+02 1.866699982E+02 2.519300079E+01 9.105699921E+01 6.693500280E-01 3.185099959E-01 1.739799976E-03
 2.480499970E-04 6.669999857E-05 5.280799866E-01 1.675800000E+04 1.561400000E+04 2.841700134E+02 1.921999969E+02 2.594199944E+01 9.042199707E+01 6.905199885E-01 3.125000000E-01 1.766499947E-03
 2.501000126E-04 6.669999857E-05 5.192499757E-01 1.678500000E+04 2.011200000E+04 2.829400024E+02 1.983800049E+02 2.661100006E+01 9.129499817E+01 7.142000198E-01 3.059499860E-01 1.796599943E-03
 2.521499991E-04 6.669999857E-05 5.100499988E-01 2.163700000E+04 2.874700000E+04 2.816099854E+02 2.049499969E+02 2.729000092E+01 8.693599701E+01 7.394899726E-01 2.991099954E-01 1.828999957E-03
 2.541999856E-04 6.669999857E-05 5.000500083E-01 2.035600000E+04 3.041800000E+04 2.801799927E+02 2.119299927E+02 2.787500000E+01 8.005999756E+01 7.664600015E-01 2.917599976E-01 1.865600003E-03
 2.562500013E-04 6.669999857E-05 4.884400070E-01 2.222300000E+04 2.002400000E+04 2.782099915E+02 2.201000061E+02 2.824099922E+01 5.808100128E+01 7.984899879E-01 2.829900086E-01 1.910099993E-03
 2.582999878E-04 6.669999857E-05 4.749400020E-01 3.052800000E+04 1.822800000E+04 2.760299988E+02 2.298300018E+02 2.866900063E+01 3.690900040E+01 8.367099762E-01 2.730099857E-01 1.964499941E-03
 2.603500034E-04 6.669999857E-05 4.589599967E-01 4.191800000E+04 2.523100000E+04 2.733599854E+02 2.411900024E+02 2.915399933E+01 3.705899811E+01 8.819699883E-01 2.612900138E-01 2.033200115E-03
 2.623999899E-04 6.669999857E-05 4.388900101E-01 5.758800000E+04 2.351900000E+04 2.695400085E+02 2.556399994E+02 2.931999969E+01 3.100200081E+01 9.408000112E-01 2.463900000E-01 2.126799896E-03
 2.644500055E-04 6.669999857E-05 3.737600148E-01 7.827700000E+04 2.678500000E+04 2.538300018E+02 3.023099976E+02 2.915500069E+01 2.315200043E+01 1.028900027E+00 2.260300070E-01 2.273299964E-03
 2.664999920E-04 6.669999857E-05 3.197399974E-01 8.952600000E+04 3.170300000E+04 2.403099976E+02 3.407500000E+02 2.899300003E+01 2.686100006E+01 1.083299994E+00 2.139199972E-01 2.366000088E-03
 2.050000039E-04 6.900000153E-05 6.087200046E-01 2.682500000E+03 1.317600000E+04 2.940400085E+02 1.424299927E+02 5.824500084E+00 8.981700134E+01 4.988900125E-01 3.727299869E-01 1.532400027E-03
 2.070500050E-04 6.900000153E-05 6.078100204E-01 4.262000000E+03 1.516500000E+04 2.937600098E+02 1.429100037E+02 6.336299896E+00 9.367800140E+01 5.009199977E-01 3.718099892E-01 1.534700044E-03
 2.091000060E-04 6.900000153E-05 6.060799956E-01 3.895700073E+02 1.675800000E+04 2.935599976E+02 1.438600006E+02 7.128200054E+00 1.065299988E+02 5.045199990E-01 3.704999983E-01 1.539099962E-03
 2.111500071E-04 6.900000153E-05 6.042100191E-01 -9.352500000E+03 2.372900000E+04 2.936000061E+02 1.449100037E+02 7.837500095E+00 1.080100021E+02 5.083000064E-01 3.693999946E-01 1.543899998E-03
 2.131999936E-04 6.900000153E-05 6.026300192E-01 -7.944000000E+03 1.742600000E+04 2.933999939E+02 1.459700012E+02 8.639100075E+00 1.008199997E+02 5.123199821E-01 3.681899905E-01 1.547900029E-03
 2.152499947E-04 6.900000153E-05 6.010900140E-01 3.485500000E+03 8.142000000E+03 2.930000000E+02 1.471000061E+02 9.363699913E+00 1.185500031E+02 5.167800188E-01 3.667599857E-01 1.551799942E-03
 2.172999957E-04 6.900000153E-05 5.991899967E-01 4.119299805E+03 1.066200000E+04 2.927300110E+02 1.486399994E+02 1.033800030E+01 1.122399979E+02 5.226600170E-01 3.652499914E-01 1.556799980E-03
 2.193499968E-04 6.900000153E-05 5.966600180E-01 2.177500000E+03 1.276900000E+04 2.924200134E+02 1.504299927E+02 1.146399975E+01 9.790100098E+01 5.294799805E-01 3.633300066E-01 1.563400030E-03
 2.213999978E-04 6.900000153E-05 5.939599872E-01 5.637399902E+03 1.165800000E+04 2.920000000E+02 1.522599945E+02 1.247599983E+01 1.152399979E+02 5.365599990E-01 3.611699939E-01 1.570499968E-03
 2.234499989E-04 6.900000153E-05 5.913199782E-01 1.048200000E+04 1.328700000E+04 2.916600037E+02 1.542100067E+02 1.332499981E+01 1.071100006E+02 5.439299941E-01 3.591400087E-01 1.577500021E-03
 2.254999999E-04 6.900000153E-05 5.886999965E-01 2.593200000E+04 1.709800000E+04 2.910199890E+02 1.562100067E+02 1.405099964E+01 9.710600281E+01 5.517699718E-01 3.567700088E-01 1.584499958E-03
 2.275500010E-04 6.900000153E-05 5.848900080E-01 2.057600000E+04 9.801000000E+03 2.904899902E+02 1.586000061E+02 1.505500031E+01 1.155500031E+02 5.610100031E-01 3.537999988E-01 1.594900037E-03
 2.296000021E-04 6.900000153E-05 5.802900195E-01 3.832399902E+03 1.162800000E+04 2.901099854E+02 1.613999939E+02 1.606999969E+01 1.193300018E+02 5.715100169E-01 3.505699933E-01 1.607500017E-03
 2.316500031E-04 6.900000153E-05 5.769100189E-01 7.173600098E+03 1.650100000E+04 2.895799866E+02 1.639700012E+02 1.687700081E+01 9.841400146E+01 5.813500285E-01 3.478899896E-01 1.616899972E-03
 2.337000042E-04 6.900000153E-05 5.732799768E-01 5.325899902E+03 1.647400000E+04 2.890400085E+02 1.668000031E+02 1.756999969E+01 9.652899933E+01 5.921000242E-01 3.450500071E-01 1.627100050E-03
 2.357500052E-04 6.900000153E-05 5.680999756E-01 1.180199951E+03 1.082000000E+04 2.883299866E+02 1.703399963E+02 1.853800011E+01 9.430799866E+01 6.056299806E-01 3.411099911E-01 1.642000047E-03
 2.378000063E-04 6.900000153E-05 5.624799728E-01 4.427600098E+03 1.827800049E+03 2.876199951E+02 1.741100006E+02 1.968199921E+01 8.404499817E+01 6.200699806E-01 3.368900120E-01 1.658400055E-03
 2.398499928E-04 6.900000153E-05 5.573499799E-01 6.375299805E+03 4.851799805E+03 2.868599854E+02 1.777599945E+02 2.040600014E+01 8.724199677E+01 6.340500116E-01 3.329400122E-01 1.673700055E-03
 2.418999939E-04 6.900000153E-05 5.513899922E-01 9.391400391E+03 9.130799805E+03 2.860599976E+02 1.819100037E+02 2.102000046E+01 8.697799683E+01 6.498200297E-01 3.284499943E-01 1.691799960E-03
 2.439499949E-04 6.900000153E-05 5.448300242E-01 1.270400000E+04 1.102500000E+04 2.851900024E+02 1.864600067E+02 2.172100067E+01 8.632099915E+01 6.671400070E-01 3.235700130E-01 1.712199999E-03
 2.460000105E-04 6.900000153E-05 5.378100276E-01 1.441500000E+04 1.352000000E+04 2.842200012E+02 1.912400055E+02 2.243899918E+01 7.980500031E+01 6.854699850E-01 3.183000088E-01 1.734500052E-03
 2.480499970E-04 6.900000153E-05 5.300499797E-01 1.515000000E+04 1.667400000E+04 2.830899963E+02 1.965899963E+02 2.287800026E+01 8.956700134E+01 7.059999704E-01 3.124699891E-01 1.759900013E-03
 2.501000126E-04 6.900000153E-05 5.215899944E-01 1.931900000E+04 1.646600000E+04 2.816700134E+02 2.023999939E+02 2.329100037E+01 1.006800003E+02 7.285900116E-01 3.059499860E-01 1.788499998E-03
 2.521499991E-04 6.900000153E-05 5.124899745E-01 2.245500000E+04 1.660400000E+04 2.803099976E+02 2.086900024E+02 2.399699974E+01 9.230599976E+01 7.530300021E-01 2.991499901E-01 1.820300007E-03
 2.541999856E-04 6.900000153E-05 5.024999976E-01 1.628300000E+04 2.044000000E+04 2.787799988E+02 2.156499939E+02 2.460700035E+01 8.366500092E+01 7.802199721E-01 2.917200029E-01 1.856500050E-03
 2.562500013E-04 6.900000153E-05 4.908699989E-01 1.959600000E+04 1.102800000E+04 2.767600098E+02 2.235299988E+02 2.469799995E+01 6.178400040E+01 8.113499880E-01 2.829099894E-01 1.900600037E-03
 2.582999878E-04 6.900000153E-05 4.779500067E-01 3.195400000E+04 6.223100098E+03 2.745100098E+02 2.324299927E+02 2.484900093E+01 4.040200043E+01 8.467699885E-01 2.732200027E-01 1.952099963E-03
 2.603500034E-04 6.900000153E-05 4.622200131E-01 4.156200000E+04 1.578700000E+04 2.717000122E+02 2.435200043E+02 2.529400063E+01 3.545100021E+01 8.915299773E-01 2.615500093E-01 2.018899890E-03
 2.623999899E-04 6.900000153E-05 4.425899982E-01 5.683500000E+04 1.738300000E+04 2.678399963E+02 2.576700134E+02 2.545999908E+01 2.555200005E+01 9.496399760E-01 2.469000071E-01 2.108799992E-03
 2.644500055E-04 6.900000153E-05 3.772000074E-01 8.054500000E+04 1.164000000E+04 2.519900055E+02 3.038200073E+02 2.517700005E+01 1.975699997E+01 1.035300016E+00 2.269899994E-01 2.248700010E-03
 2.664999920E-04 6.900000153E-05 3.224099874E-01 9.422500000E+04 9.085700195E+03 2.383200073E+02 3.422000122E+02 2.487299919E+01 2.425200081E+01 1.088700056E+00 2.150100023E-01 2.338099992E-03
 2.050000039E-04 7.129999722E-05 6.082400084E-01 -3.387500000E+03 3.586399902E+03 2.934800110E+02 1.478999939E+02 5.311200142E+00 8.391699982E+01 5.184500217E-01 3.717199862E-01 1.533600036E-03
 2.070500050E-04 7.129999722E-05 6.078299880E-01 2.272100098E+03 9.852200195E+03 2.933099976E+02 1.482200012E+02 5.720799923E+00 8.843599701E+01 5.197600126E-01 3.712599874E-01 1.534600044E-03
 2.091000060E-04 7.129999722E-05 6.060000062E-01 4.630299988E+02 1.228900000E+04 2.932699890E+02 1.492400055E+02 6.465499878E+00 9.459400177E+01 5.234900117E-01 3.700799942E-01 1.539299963E-03
 2.111500071E-04 7.129999722E-05 6.041100025E-01 -7.329100098E+03 1.418900000E+04 2.932799988E+02 1.504600067E+02 7.172200203E+00 1.019300003E+02 5.278599858E-01 3.689399958E-01 1.544100000E-03
 2.131999936E-04 7.129999722E-05 6.030099988E-01 -3.623100098E+03 1.366800000E+04 2.930000000E+02 1.513099976E+02 7.905300140E+00 1.061900024E+02 5.312500000E-01 3.679200113E-01 1.546900021E-03
 2.152499947E-04 7.129999722E-05 6.011000276E-01 1.069400024E+03 9.892299805E+03 2.927200012E+02 1.523500061E+02 8.522800446E+00 1.074899979E+02 5.352299809E-01 3.664099872E-01 1.551799942E-03
 2.172999957E-04 7.129999722E-05 5.988299847E-01 -3.865599976E+02 1.166400000E+04 2.923999939E+02 1.537700043E+02 9.175499916E+00 9.850599670E+01 5.406500101E-01 3.646200001E-01 1.557699987E-03
 2.193499968E-04 7.129999722E-05 5.959900022E-01 -2.910899902E+03 9.916400391E+03 2.920199890E+02 1.555899963E+02 1.013399982E+01 9.143900299E+01 5.475999713E-01 3.624199927E-01 1.565100043E-03
 2.213999978E-04 7.129999722E-05 5.933099985E-01 3.812000122E+02 1.051300000E+04 2.916900024E+02 1.575000000E+02 1.119400024E+01 9.978600311E+01 5.548400283E-01 3.603900075E-01 1.572199981E-03
 2.234499989E-04 7.129999722E-05 5.913199782E-01 5.798799805E+03 1.576100000E+04 2.911099854E+02 1.593099976E+02 1.192800045E+01 8.924400330E+01 5.619599819E-01 3.584600091E-01 1.577500021E-03
 2.254999999E-04 7.129999722E-05 5.889999866E-01 1.546100000E+04 1.903800000E+04 2.904200134E+02 1.612400055E+02 1.246899986E+01 8.279599762E+01 5.695400238E-01 3.562099934E-01 1.583699952E-03
 2.275500010E-04 7.129999722E-05 5.850899816E-01 1.262900000E+04 1.382100000E+04 2.899400024E+02 1.636699982E+02 1.342700005E+01 9.523000336E+01 5.788099766E-01 3.532699943E-01 1.594300033E-03
 2.296000021E-04 7.129999722E-05 5.805400014E-01 2.509800049E+03 1.177200000E+04 2.895299988E+02 1.664100037E+02 1.438399982E+01 9.725299835E+01 5.891500115E-01 3.500199914E-01 1.606800011E-03
 2.316500031E-04 7.129999722E-05 5.771099925E-01 1.178000000E+04 1.238900000E+04 2.889599915E+02 1.689299927E+02 1.496100044E+01 7.906999969E+01 5.987600088E-01 3.472700119E-01 1.616299967E-03
 2.337000042E-04 7.129999722E-05 5.728999972E-01 1.126200000E+04 1.030200000E+04 2.883299866E+02 1.717200012E+02 1.557800007E+01 7.533599854E+01 6.094400287E-01 3.439800143E-01 1.628200058E-03
 2.357500052E-04 7.129999722E-05 5.677400231E-01 3.342300049E+03 5.320200195E+03 2.876700134E+02 1.750200043E+02 1.641500092E+01 8.484400177E+01 6.220300198E-01 3.400999904E-01 1.643000054E-03
 2.378000063E-04 7.129999722E-05 5.626800060E-01 1.886300049E+03 1.512199951E+03 2.869400024E+02 1.786399994E+02 1.737500000E+01 8.041600037E+01 6.359000206E-01 3.362199962E-01 1.657800050E-03
 2.398499928E-04 7.129999722E-05 5.579599738E-01 4.181100098E+03 8.384900391E+03 2.861700134E+02 1.823099976E+02 1.799900055E+01 8.126999664E+01 6.499300003E-01 3.325000107E-01 1.671800041E-03
 2.418999939E-04 7.129999722E-05 5.522599816E-01 1.103900000E+04 5.493299805E+03 2.853299866E+02 1.864299927E+02 1.840200043E+01 7.894200134E+01 6.656100154E-01 3.281300068E-01 1.689100056E-03
 2.439499949E-04 7.129999722E-05 5.454099774E-01 1.338700000E+04 8.332299805E+03 2.843999939E+02 1.910899963E+02 1.906299973E+01 7.902100372E+01 6.834499836E-01 3.230099976E-01 1.710299985E-03
 2.460000105E-04 7.129999722E-05 5.387200117E-01 1.010700000E+04 1.367100000E+04 2.833299866E+02 1.958500061E+02 1.968700027E+01 8.226499939E+01 7.018399835E-01 3.178499937E-01 1.731600030E-03
 2.480499970E-04 7.129999722E-05 5.316299796E-01 1.272700000E+04 1.842700000E+04 2.820199890E+02 2.008000031E+02 2.007500076E+01 7.816999817E+01 7.212100029E-01 3.122200072E-01 1.754699973E-03
 2.501000126E-04 7.129999722E-05 5.231599808E-01 1.664000000E+04 1.950000000E+04 2.806799927E+02 2.063300018E+02 2.055800056E+01 7.320400238E+01 7.427899837E-01 3.057799935E-01 1.783099957E-03
 2.521499991E-04 7.129999722E-05 5.139999986E-01 1.804900000E+04 1.060500000E+04 2.794100037E+02 2.123999939E+02 2.102499962E+01 7.280400085E+01 7.663400173E-01 2.990700006E-01 1.814899966E-03
 2.541999856E-04 7.129999722E-05 5.040599704E-01 1.963600000E+04 1.305300000E+04 2.776700134E+02 2.192599945E+02 2.148200035E+01 7.263700104E+01 7.934899926E-01 2.914699912E-01 1.850800007E-03
 2.562500013E-04 7.129999722E-05 4.928900003E-01 2.387600000E+04 9.546599609E+03 2.756400146E+02 2.269299927E+02 2.165399933E+01 5.806700134E+01 8.240799904E-01 2.829299867E-01 1.892799977E-03
 2.582999878E-04 7.129999722E-05 4.803699851E-01 3.254500000E+04 5.872100098E+03 2.734700012E+02 2.354900055E+02 2.156100082E+01 5.228200150E+01 8.582400084E-01 2.735700011E-01 1.942200004E-03
 2.603500034E-04 7.129999722E-05 4.647200108E-01 3.968700000E+04 1.138600000E+04 2.706000061E+02 2.462899933E+02 2.172299957E+01 5.015700150E+01 9.021199942E-01 2.619000077E-01 2.007999923E-03
 2.623999899E-04 7.129999722E-05 4.453499913E-01 5.449000000E+04 1.232000000E+04 2.668500061E+02 2.600400085E+02 2.178800011E+01 4.224100113E+01 9.588500261E-01 2.475199997E-01 2.095700009E-03
 2.644500055E-04 7.129999722E-05 3.795300126E-01 8.217800000E+04 4.708799805E+03 2.508999939E+02 3.060400085E+02 2.154500008E+01 3.155900002E+01 1.043200016E+00 2.279099971E-01 2.231300110E-03
 2.664999920E-04 7.129999722E-05 3.242099881E-01 1.000400000E+05 1.416699982E+02 2.369900055E+02 3.444500122E+02 2.137100029E+01 2.063999939E+01 1.095999956E+00 2.160300016E-01 2.317500068E-03
 2.050000039E-04 7.360000018E-05 6.081600189E-01 1.769699951E+03 -4.878299805E+03 2.930400085E+02 1.525299988E+02 5.076700211E+00 8.918800354E+01 5.350199938E-01 3.711200058E-01 1.533800038E-03
 2.070500050E-04 7.360000018E-05 6.074200273E-01 1.040500000E+03 2.850000000E+03 2.930599976E+02 1.529299927E+02 5.276299953E+00 9.635399628E+01 5.364500284E-01 3.706899881E-01 1.535700052E-03
 2.091000060E-04 7.360000018E-05 6.057699919E-01 -7.184799805E+02 1.066900000E+04 2.930299988E+02 1.538600006E+02 5.708199978E+00 8.949299622E+01 5.397999883E-01 3.696300089E-01 1.539899968E-03
 2.111500071E-04 7.360000018E-05 6.044999957E-01 2.047800049E+03 9.415200195E+03 2.927799988E+02 1.548699951E+02 6.403500080E+00 9.252500153E+01 5.436599851E-01 3.685500026E-01 1.543099992E-03
 2.131999936E-04 7.360000018E-05 6.032599807E-01 5.086799805E+03 9.278200195E+03 2.924200134E+02 1.559299927E+02 7.190199852E+00 1.020800018E+02 5.478500128E-01 3.673399985E-01 1.546300016E-03
 2.152499947E-04 7.360000018E-05 6.014699936E-01 3.274500000E+03 1.160700000E+04 2.920799866E+02 1.571699982E+02 7.678999901E+00 7.885099792E+01 5.525799990E-01 3.658199906E-01 1.550900051E-03
 2.172999957E-04 7.360000018E-05 5.989999771E-01 2.953000000E+03 1.579300000E+04 2.917200012E+02 1.586199951E+02 8.140299797E+00 7.078500366E+01 5.580899715E-01 3.638699949E-01 1.557299984E-03
 2.193499968E-04 7.360000018E-05 5.958899856E-01 -7.681500244E+02 1.303700000E+04 2.914500122E+02 1.604600067E+02 8.892600060E+00 7.687100220E+01 5.649700165E-01 3.616499901E-01 1.565400045E-03
 2.213999978E-04 7.360000018E-05 5.935599804E-01 -1.586300049E+02 1.278400000E+04 2.911400146E+02 1.623300018E+02 9.807499886E+00 7.650199890E+01 5.719900131E-01 3.598499894E-01 1.571599976E-03
 2.234499989E-04 7.360000018E-05 5.914300084E-01 1.033400000E+04 1.507600000E+04 2.904599915E+02 1.641100006E+02 1.054500008E+01 8.203900146E+01 5.790899992E-01 3.577199876E-01 1.577200019E-03
 2.254999999E-04 7.360000018E-05 5.889800191E-01 1.662100000E+04 1.184000000E+04 2.898999939E+02 1.660299988E+02 1.111600018E+01 7.645400238E+01 5.865399837E-01 3.555600047E-01 1.583799953E-03
 2.275500010E-04 7.360000018E-05 5.852500200E-01 6.905100098E+03 1.042000000E+04 2.897000122E+02 1.684499969E+02 1.187699986E+01 8.150299835E+01 5.954300165E-01 3.530600071E-01 1.593900030E-03
 2.296000021E-04 7.360000018E-05 5.808799863E-01 2.184399902E+03 8.612700195E+03 2.892200012E+02 1.711499939E+02 1.257100010E+01 8.817900085E+01 6.056200266E-01 3.498399854E-01 1.605900005E-03
 2.316500031E-04 7.360000018E-05 5.768399835E-01 1.016600000E+04 9.496799805E+03 2.885599976E+02 1.739100037E+02 1.319999981E+01 6.561000061E+01 6.161900163E-01 3.466300070E-01 1.617099973E-03
 2.337000042E-04 7.360000018E-05 5.719400048E-01 7.535700195E+03 6.733899902E+03 2.878999939E+02 1.769600067E+02 1.390200043E+01 6.511100006E+01 6.278600097E-01 3.428899944E-01 1.630999963E-03
 2.357500052E-04 7.360000018E-05 5.674600005E-01 7.753600098E+03 3.086800049E+03 2.871199951E+02 1.799900055E+02 1.439299965E+01 7.100499725E+01 6.395300031E-01 3.392899930E-01 1.643799944E-03
 2.378000063E-04 7.360000018E-05 5.631399751E-01 9.342099609E+03 7.199399902E+03 2.864599915E+02 1.832599945E+02 1.504399967E+01 7.266999817E+01 6.520299911E-01 3.359299898E-01 1.656500041E-03
 2.398499928E-04 7.360000018E-05 5.583199859E-01 1.081800000E+04 9.716200195E+03 2.856799927E+02 1.868399963E+02 1.561999989E+01 8.208300018E+01 6.657299995E-01 3.321500123E-01 1.670800033E-03
 2.418999939E-04 7.360000018E-05 5.527700186E-01 1.449200000E+04 2.950800049E+03 2.847200012E+02 1.906900024E+02 1.600699997E+01 8.498899841E+01 6.806100011E-01 3.277400136E-01 1.687600045E-03
 2.439499949E-04 7.360000018E-05 5.461699963E-01 1.077800000E+04 7.116399902E+03 2.837399902E+02 1.950200043E+02 1.664100075E+01 7.447200012E+01 6.973800063E-01 3.227100074E-01 1.707999967E-03
 2.460000105E-04 7.360000018E-05 5.394099951E-01 1.013200000E+04 1.052200000E+04 2.826499939E+02 1.995700073E+02 1.718700027E+01 6.363899994E+01 7.150599957E-01 3.174900115E-01 1.729400014E-03
 2.480499970E-04 7.360000018E-05 5.324100256E-01 1.886400000E+04 1.233300000E+04 2.813200073E+02 2.043699951E+02 1.751000023E+01 6.263299942E+01 7.339599729E-01 3.118999898E-01 1.752099954E-03
 2.501000126E-04 7.360000018E-05 5.243499875E-01 2.285100000E+04 1.116100000E+04 2.800100098E+02 2.097799988E+02 1.796100044E+01 5.277199936E+01 7.551500201E-01 3.057500124E-01 1.779100043E-03
 2.521499991E-04 7.360000018E-05 5.153899789E-01 2.302700000E+04 4.271399902E+03 2.786099854E+02 2.157200012E+02 1.828599930E+01 5.679499817E+01 7.784500122E-01 2.990199924E-01 1.810000045E-03
 2.541999856E-04 7.360000018E-05 5.054200292E-01 2.522500000E+04 7.158100098E+03 2.768999939E+02 2.224400024E+02 1.849300003E+01 6.713400269E+01 8.050600290E-01 2.914400101E-01 1.845799969E-03
 2.562500013E-04 7.360000018E-05 4.945600033E-01 2.377700000E+04 3.962800049E+03 2.750400085E+02 2.300299988E+02 1.866900063E+01 6.848000336E+01 8.352100253E-01 2.832599878E-01 1.886300044E-03
 2.582999878E-04 7.360000018E-05 4.823400080E-01 2.931900000E+04 1.371900024E+03 2.727500000E+02 2.385800018E+02 1.858399963E+01 5.822299957E+01 8.696500063E-01 2.739700079E-01 1.934299944E-03
 2.603500034E-04 7.360000018E-05 4.668599963E-01 4.200900000E+04 3.989000000E+03 2.697500000E+02 2.491300049E+02 1.851399994E+01 4.682899857E+01 9.129400253E-01 2.622799873E-01 1.998699969E-03
 2.623999899E-04 7.360000018E-05 4.479300082E-01 5.607100000E+04 3.833600098E+03 2.658800049E+02 2.623900146E+02 1.845800018E+01 4.411800003E+01 9.682700038E-01 2.480500042E-01 2.083600033E-03
 2.644500055E-04 7.360000018E-05 3.817400038E-01 8.051600000E+04 4.891200195E+03 2.498000031E+02 3.080899963E+02 1.826399994E+01 2.896599960E+01 1.051499963E+00 2.284699976E-01 2.216800116E-03
 2.664999920E-04 7.360000018E-05 3.257800043E-01 9.744900000E+04 7.601899902E+03 2.358500061E+02 3.464700012E+02 1.812500000E+01 1.655599976E+01 1.103999972E+00 2.165600061E-01 2.302499954E-03
 2.050000039E-04 7.590000314E-05 6.078799963E-01 9.408700195E+03 -1.303800049E+03 2.927399902E+02 1.568300018E+02 4.634600163E+00 8.629399872E+01 5.503399968E-01 3.705599904E-01 1.534500043E-03
 2.070500050E-04 7.590000314E-05 6.072599888E-01 3.398199951E+03 1.707099976E+03 2.926900024E+02 1.572100067E+02 4.766600132E+00 8.739700317E+01 5.517399907E-01 3.701199889E-01 1.536100055E-03
 2.091000060E-04 7.590000314E-05 6.060100198E-01 -3.702800049E+03 8.960099609E+03 2.925700073E+02 1.579499969E+02 5.128699780E+00 8.360099792E+01 5.544899702E-01 3.692100048E-01 1.539299963E-03
 2.111500071E-04 7.590000314E-05 6.042500138E-01 1.937099976E+03 1.587100000E+04 2.922799988E+02 1.588500061E+02 5.669600010E+00 8.252899933E+01 5.579800010E-01 3.677699864E-01 1.543699997E-03
 2.131999936E-04 7.590000314E-05 6.023600101E-01 6.931899902E+03 1.546300000E+04 2.919299927E+02 1.601100006E+02 6.313300133E+00 8.411599731E+01 5.628499985E-01 3.661800027E-01 1.548600034E-03
 2.152499947E-04 7.590000314E-05 6.009799838E-01 5.975500000E+03 1.528500000E+04 2.915700073E+02 1.614900055E+02 6.743899822E+00 6.727300262E+01 5.680900216E-01 3.648999929E-01 1.552099944E-03
 2.172999957E-04 7.590000314E-05 5.988199711E-01 6.922299805E+03 1.938700000E+04 2.911300049E+02 1.630099945E+02 7.068200111E+00 5.881600189E+01 5.738899708E-01 3.630400002E-01 1.557699987E-03
 2.193499968E-04 7.590000314E-05 5.960000157E-01 4.246700195E+03 1.713400000E+04 2.908900146E+02 1.647100067E+02 7.643499851E+00 6.735700226E+01 5.802000165E-01 3.610300124E-01 1.565100043E-03
 2.213999978E-04 7.590000314E-05 5.938199759E-01 5.868799805E+03 1.105200000E+04 2.905100098E+02 1.664400024E+02 8.475600243E+00 7.465000153E+01 5.868099928E-01 3.592300117E-01 1.570799970E-03
 2.234499989E-04 7.590000314E-05 5.912500024E-01 1.363100000E+04 1.035600000E+04 2.899500122E+02 1.683300018E+02 9.194299698E+00 7.644200134E+01 5.941600204E-01 3.569900095E-01 1.577700023E-03
 2.254999999E-04 7.590000314E-05 5.881500244E-01 1.618600000E+04 1.061200000E+04 2.896499939E+02 1.705000000E+02 9.705300331E+00 7.019200134E+01 6.021999717E-01 3.547500074E-01 1.585999969E-03
 2.275500010E-04 7.590000314E-05 5.849599838E-01 1.006500000E+04 2.160100098E+03 2.894100037E+02 1.727700043E+02 1.036900043E+01 7.268800354E+01 6.105999947E-01 3.525399864E-01 1.594700036E-03
 2.296000021E-04 7.590000314E-05 5.809299946E-01 8.318900391E+03 1.792199951E+03 2.888800049E+02 1.752700043E+02 1.092500019E+01 6.924400330E+01 6.200900078E-01 3.494699895E-01 1.605700003E-03
 2.316500031E-04 7.590000314E-05 5.764799714E-01 1.074600000E+04 1.031000000E+04 2.881700134E+02 1.780899963E+02 1.152499962E+01 6.105699921E+01 6.309300065E-01 3.459300101E-01 1.618099981E-03
 2.337000042E-04 7.590000314E-05 5.721799731E-01 1.164300000E+04 6.198100098E+03 2.874599915E+02 1.810000000E+02 1.218500042E+01 6.688600159E+01 6.421499848E-01 3.425100148E-01 1.630299957E-03
 2.357500052E-04 7.590000314E-05 5.675600171E-01 1.143200000E+04 2.626600098E+03 2.867099915E+02 1.841399994E+02 1.245400047E+01 5.943199921E+01 6.541500092E-01 3.388499916E-01 1.643599942E-03
 2.378000063E-04 7.590000314E-05 5.632699728E-01 1.570000000E+04 7.967600098E+03 2.859800110E+02 1.872400055E+02 1.298200035E+01 6.506800079E+01 6.660900116E-01 3.354499936E-01 1.656000037E-03
 2.398499928E-04 7.590000314E-05 5.583699942E-01 2.196900000E+04 1.033800000E+04 2.852399902E+02 1.905899963E+02 1.356299973E+01 7.467400360E+01 6.789900064E-01 3.316600025E-01 1.670600032E-03
 2.418999939E-04 7.590000314E-05 5.524899960E-01 1.867000000E+04 6.346899902E+03 2.843399963E+02 1.943399963E+02 1.389500046E+01 7.732099915E+01 6.934599876E-01 3.271400034E-01 1.688400051E-03
 2.439499949E-04 7.590000314E-05 5.465400219E-01 9.791200195E+03 4.100600098E+03 2.833699951E+02 1.983899994E+02 1.434799957E+01 6.992600250E+01 7.091699839E-01 3.225100040E-01 1.706799958E-03
 2.460000105E-04 7.590000314E-05 5.399100184E-01 9.958000000E+03 7.468500000E+03 2.821799927E+02 2.029700012E+02 1.478499985E+01 4.539699936E+01 7.271100283E-01 3.172599971E-01 1.727800001E-03
 2.480499970E-04 7.590000314E-05 5.329200029E-01 2.310500000E+04 7.892799805E+03 2.808699951E+02 2.078699951E+02 1.511200047E+01 5.249499893E+01 7.463700175E-01 3.116999865E-01 1.750400057E-03
 2.501000126E-04 7.590000314E-05 5.254600048E-01 2.768500000E+04 6.042700195E+03 2.796499939E+02 2.130899963E+02 1.534399986E+01 5.725199890E+01 7.667199969E-01 3.060100079E-01 1.775300014E-03
 2.521499991E-04 7.590000314E-05 5.169100165E-01 2.606100000E+04 6.753700195E+03 2.781400146E+02 2.188099976E+02 1.558899975E+01 5.035499954E+01 7.894300222E-01 2.994000018E-01 1.804700005E-03
 2.541999856E-04 7.590000314E-05 5.069500208E-01 2.687200000E+04 4.419899902E+03 2.764599915E+02 2.254299927E+02 1.572500038E+01 6.000899887E+01 8.156800270E-01 2.918600142E-01 1.840200042E-03
 2.562500013E-04 7.590000314E-05 4.958199859E-01 2.476600000E+04 1.776099976E+03 2.746000061E+02 2.329299927E+02 1.578499985E+01 7.229799652E+01 8.455500007E-01 2.835400105E-01 1.881600008E-03
 2.582999878E-04 7.590000314E-05 4.833999872E-01 3.130400000E+04 2.601000000E+03 2.721799927E+02 2.413699951E+02 1.573299980E+01 5.205300140E+01 8.799600005E-01 2.739999890E-01 1.930000028E-03
 2.603500034E-04 7.590000314E-05 4.683099985E-01 4.690500000E+04 7.510700073E+02 2.690400085E+02 2.516999969E+02 1.565200043E+01 2.549900055E+01 9.228100181E-01 2.624000013E-01 1.992499921E-03
 2.623999899E-04 7.590000314E-05 4.500199854E-01 6.185800000E+04 1.155300049E+03 2.650700073E+02 2.645199890E+02 1.557100010E+01 2.636700058E+01 9.768900275E-01 2.484399974E-01 2.073799958E-03
 2.644500055E-04 7.590000314E-05 3.835000098E-01 7.887100000E+04 4.972299805E+03 2.489900055E+02 3.101900024E+02 1.516399956E+01 2.323699951E+01 1.058899999E+00 2.292200029E-01 2.203800017E-03
 2.664999920E-04 7.590000314E-05 3.267999887E-01 8.796100000E+04 6.438799805E+03 2.351100006E+02 3.488200073E+02 1.485099983E+01 1.708099937E+01 1.110999942E+00 2.174800038E-01 2.288599964E-03
 2.050000039E-04 7.819999882E-05 6.077600121E-01 9.920900391E+03 -5.599299927E+02 2.921600037E+02 1.603600006E+02 3.916300058E+00 6.471900177E+01 5.632100105E-01 3.697499931E-01 1.534800045E-03
 2.070500050E-04 7.819999882E-05 6.078799963E-01 8.156799805E+03 2.609100098E+03 2.920599976E+02 1.606100006E+02 4.105800152E+00 5.707799911E+01 5.641999841E-01 3.697000146E-01 1.534500043E-03
 2.091000060E-04 7.819999882E-05 6.067799926E-01 2.871100098E+03 6.983399902E+03 2.919100037E+02 1.615200043E+02 4.590600014E+00 6.183000183E+01 5.675699711E-01 3.688400090E-01 1.537299948E-03
 2.111500071E-04 7.819999882E-05 6.045500040E-01 1.541699951E+03 1.536000000E+04 2.916600037E+02 1.628099976E+02 5.004499912E+00 6.231499863E+01 5.724300146E-01 3.671700060E-01 1.542999991E-03
 2.131999936E-04 7.819999882E-05 6.025800109E-01 5.964399902E+03 1.686300000E+04 2.913299866E+02 1.641199951E+02 5.390399933E+00 6.550800323E+01 5.773900151E-01 3.655599952E-01 1.548000029E-03
 2.152499947E-04 7.819999882E-05 6.006000042E-01 5.009500000E+03 1.011200000E+04 2.911199951E+02 1.654400024E+02 5.697999954E+00 6.579100037E+01 5.822499990E-01 3.641000092E-01 1.553099952E-03
 2.172999957E-04 7.819999882E-05 5.984600186E-01 3.337300049E+03 1.439100000E+04 2.909299927E+02 1.669100037E+02 6.048500061E+00 5.806200027E+01 5.876500010E-01 3.625600040E-01 1.558699994E-03
 2.193499968E-04 7.819999882E-05 5.961499810E-01 8.078799805E+03 1.809000000E+04 2.906000061E+02 1.683899994E+02 6.587500095E+00 5.822700119E+01 5.932700038E-01 3.607499897E-01 1.564700040E-03
 2.213999978E-04 7.819999882E-05 5.934000015E-01 1.073700000E+04 8.869299805E+03 2.902099915E+02 1.700399933E+02 7.259300232E+00 6.328900146E+01 5.995799899E-01 3.586100042E-01 1.571999979E-03
 2.234499989E-04 7.819999882E-05 5.904800296E-01 1.285600000E+04 4.347700195E+03 2.898500061E+02 1.720399933E+02 7.885200024E+00 6.573500061E+01 6.070899963E-01 3.564000130E-01 1.579700038E-03
 2.254999999E-04 7.819999882E-05 5.874300003E-01 1.010600000E+04 6.715100098E+03 2.894899902E+02 1.741900024E+02 8.253800392E+00 5.615299988E+01 6.150900126E-01 3.541199863E-01 1.587899984E-03
 2.275500010E-04 7.819999882E-05 5.841599703E-01 6.910000000E+03 -4.239500000E+03 2.890599976E+02 1.765200043E+02 8.911800385E+00 3.596099854E+01 6.238800287E-01 3.516300023E-01 1.596800052E-03
 2.296000021E-04 7.819999882E-05 5.804200172E-01 6.506600098E+03 -2.676500000E+03 2.884899902E+02 1.790700073E+02 9.457900047E+00 2.629000092E+01 6.336100101E-01 3.486799896E-01 1.607100014E-03
 2.316500031E-04 7.819999882E-05 5.765699744E-01 9.402599609E+03 9.307000000E+03 2.877200012E+02 1.815800018E+02 9.846599579E+00 5.437599945E+01 6.433799863E-01 3.454500139E-01 1.617899979E-03
 2.337000042E-04 7.819999882E-05 5.730400085E-01 1.887200000E+04 7.633000000E+03 2.869899902E+02 1.841499939E+02 1.037300014E+01 6.841799927E+01 6.534100175E-01 3.424600065E-01 1.627800055E-03
 2.357500052E-04 7.819999882E-05 5.683599710E-01 1.451300000E+04 6.766899902E+03 2.863299866E+02 1.873200073E+02 1.056599998E+01 4.818199921E+01 6.654400229E-01 3.388899863E-01 1.641300041E-03
 2.378000063E-04 7.819999882E-05 5.639200211E-01 1.428400000E+04 3.055100098E+03 2.855199890E+02 1.905099945E+02 1.104300022E+01 5.288299942E+01 6.777999997E-01 3.352800012E-01 1.654200023E-03
 2.398499928E-04 7.819999882E-05 5.591499805E-01 2.108400000E+04 4.393000000E+03 2.847500000E+02 1.939100037E+02 1.158800030E+01 5.615499878E+01 6.909000278E-01 3.315599859E-01 1.668300014E-03
 2.418999939E-04 7.819999882E-05 5.534399748E-01 1.615900000E+04 5.994000000E+03 2.840000000E+02 1.977299957E+02 1.186600018E+01 5.459500122E+01 7.054100037E-01 3.273099959E-01 1.685500029E-03
 2.439499949E-04 7.819999882E-05 5.472700000E-01 1.226500000E+04 1.818500000E+03 2.830000000E+02 2.018600006E+02 1.217300034E+01 5.739500046E+01 7.214599848E-01 3.225199878E-01 1.704500057E-03
 2.460000105E-04 7.819999882E-05 5.406799912E-01 1.778800000E+04 5.739700195E+03 2.817399902E+02 2.063600006E+02 1.229599953E+01 4.357699966E+01 7.391499877E-01 3.172200024E-01 1.725299982E-03
 2.480499970E-04 7.819999882E-05 5.335599780E-01 1.957100000E+04 6.325000000E+03 2.804899902E+02 2.112299957E+02 1.259700012E+01 4.749700165E+01 7.582799792E-01 3.116500080E-01 1.748400042E-03
 2.501000126E-04 7.819999882E-05 5.257400274E-01 1.930100000E+04 6.555799805E+03 2.791900024E+02 2.164799957E+02 1.296399975E+01 4.931700134E+01 7.789599895E-01 3.056600094E-01 1.774300006E-03
 2.521499991E-04 7.819999882E-05 5.178099871E-01 2.503400000E+04 4.987200195E+03 2.777699890E+02 2.219900055E+02 1.315999985E+01 4.228099823E+01 8.007900119E-01 2.995199859E-01 1.801499981E-03
 2.541999856E-04 7.819999882E-05 5.081599951E-01 2.721100000E+04 3.212900162E+01 2.761499939E+02 2.283899994E+02 1.313799953E+01 3.881000137E+01 8.262199759E-01 2.922199965E-01 1.835900010E-03
 2.562500013E-04 7.819999882E-05 4.967600107E-01 2.849300000E+04 4.484899902E+03 2.741499939E+02 2.357700043E+02 1.318799973E+01 5.204000092E+01 8.559600115E-01 2.836000025E-01 1.877999981E-03
 2.582999878E-04 7.819999882E-05 4.841299951E-01 3.473000000E+04 8.760799805E+03 2.716900024E+02 2.441199951E+02 1.318099976E+01 5.355400085E+01 8.902000189E-01 2.739300132E-01 1.927100006E-03
 2.603500034E-04 7.819999882E-05 4.695000052E-01 4.594400000E+04 1.084200000E+04 2.685499878E+02 2.540299988E+02 1.292399979E+01 4.149800110E+01 9.315800071E-01 2.625899911E-01 1.987399999E-03
 2.623999899E-04 7.819999882E-05 4.517900050E-01 6.292100000E+04 7.866299805E+03 2.647200012E+02 2.665100098E+02 1.268999958E+01 3.368399811E+01 9.842900038E-01 2.490900010E-01 2.065599896E-03
 2.644500055E-04 7.819999882E-05 3.847399950E-01 8.396600000E+04 8.257700195E+02 2.486499939E+02 3.123299866E+02 1.242599964E+01 1.780200005E+01 1.066100001E+00 2.299299985E-01 2.194900066E-03
 2.664999920E-04 7.819999882E-05 3.274100125E-01 9.415100000E+04 -9.457299805E+02 2.346699982E+02 3.511400146E+02 1.230099964E+01 8.007800102E+00 1.118299961E+00 2.181099951E-01 2.279700013E-03
 2.050000039E-04 8.050000179E-05 6.079900265E-01 9.156599609E+03 5.985600098E+03 2.917600098E+02 1.630700073E+02 3.193799973E+00 4.684099960E+01 5.730599761E-01 3.693900108E-01 1.534200041E-03
 2.070500050E-04 8.050000179E-05 6.078000069E-01 9.855299805E+03 9.903099609E+03 2.917099915E+02 1.634799957E+02 3.380300045E+00 4.375099945E+01 5.745499730E-01 3.692100048E-01 1.534700044E-03
 2.091000060E-04 8.050000179E-05 6.064699888E-01 1.058000000E+04 8.484200195E+03 2.915299988E+02 1.645500031E+02 3.798199892E+00 4.597299957E+01 5.785499811E-01 3.681699932E-01 1.538099954E-03
 2.111500071E-04 8.050000179E-05 6.044600010E-01 9.274000000E+03 3.099300049E+03 2.912600098E+02 1.657700043E+02 4.224299908E+00 4.794599915E+01 5.831300020E-01 3.666099906E-01 1.543199993E-03
 2.131999936E-04 8.050000179E-05 6.027699709E-01 1.272700000E+04 4.799600098E+03 2.910100098E+02 1.670299988E+02 4.522500038E+00 5.209799957E+01 5.878300071E-01 3.652699888E-01 1.547500025E-03
 2.152499947E-04 8.050000179E-05 6.005300283E-01 6.162299805E+03 3.281600098E+03 2.908200073E+02 1.685700073E+02 4.723400116E+00 4.726599884E+01 5.934500098E-01 3.636800051E-01 1.553299953E-03
 2.172999957E-04 8.050000179E-05 5.982199907E-01 2.002300049E+03 5.460799805E+03 2.907399902E+02 1.700099945E+02 5.187900066E+00 3.884999847E+01 5.986700058E-01 3.621799946E-01 1.559299999E-03
 2.193499968E-04 8.050000179E-05 5.963100195E-01 1.393200000E+04 7.334000000E+03 2.904700012E+02 1.714100037E+02 5.691100121E+00 4.503699875E+01 6.039100289E-01 3.606899977E-01 1.564300037E-03
 2.213999978E-04 8.050000179E-05 5.935699940E-01 1.278200000E+04 5.532100098E+03 2.900199890E+02 1.732100067E+02 6.039999962E+00 5.309299850E+01 6.107699871E-01 3.584800065E-01 1.571499975E-03
 2.234499989E-04 8.050000179E-05 5.902400017E-01 8.801200195E+03 7.151100098E+03 2.895700073E+02 1.753300018E+02 6.516099930E+00 5.470100021E+01 6.187999845E-01 3.559100032E-01 1.580400043E-03
 2.254999999E-04 8.050000179E-05 5.867699981E-01 6.038399902E+03 6.201200195E+03 2.892000122E+02 1.775399933E+02 6.911699772E+00 3.751599884E+01 6.270300150E-01 3.533700109E-01 1.589699998E-03
 2.275500010E-04 8.050000179E-05 5.834599733E-01 -4.768200073E+02 -4.462799988E+02 2.886799927E+02 1.798300018E+02 7.378399849E+00 2.259700012E+01 6.357399821E-01 3.507399857E-01 1.598699950E-03
 2.296000021E-04 8.050000179E-05 5.806300044E-01 6.136400146E+02 2.779800049E+03 2.880299988E+02 1.821199951E+02 7.943900108E+00 2.071500015E+01 6.446499825E-01 3.482599854E-01 1.606500009E-03
 2.316500031E-04 8.050000179E-05 5.777500272E-01 1.093800000E+04 1.109400000E+04 2.873800049E+02 1.843899994E+02 8.289099693E+00 3.484400177E+01 6.534600258E-01 3.457399905E-01 1.614599954E-03
 2.337000042E-04 8.050000179E-05 5.737599730E-01 2.063100000E+04 5.465799805E+03 2.865499878E+02 1.871000061E+02 8.545999527E+00 5.148699951E+01 6.640300155E-01 3.423700035E-01 1.625800040E-03
 2.357500052E-04 8.050000179E-05 5.692099929E-01 1.818200000E+04 4.533799805E+03 2.858699951E+02 1.901900024E+02 8.699600220E+00 4.196200180E+01 6.758199930E-01 3.388499916E-01 1.638800022E-03
 2.378000063E-04 8.050000179E-05 5.646299720E-01 1.555100000E+04 -2.049800049E+03 2.850700073E+02 1.934400024E+02 9.090600014E+00 4.628200150E+01 6.883400083E-01 3.351800144E-01 1.652100007E-03
 2.398499928E-04 8.050000179E-05 5.595800281E-01 1.727300000E+04 -2.246199951E+03 2.842399902E+02 1.969600067E+02 9.473899841E+00 4.068399811E+01 7.019299865E-01 3.312200010E-01 1.667000004E-03
 2.418999939E-04 8.050000179E-05 5.543799996E-01 1.243500000E+04 3.020000000E+03 2.834700012E+02 2.006999969E+02 9.791099548E+00 4.159400177E+01 7.162600160E-01 3.272500038E-01 1.682600006E-03
 2.439499949E-04 8.050000179E-05 5.481699705E-01 1.301600000E+04 5.390100098E+02 2.824500122E+02 2.048699951E+02 1.016699982E+01 4.938100052E+01 7.324799895E-01 3.224200010E-01 1.701700035E-03
 2.460000105E-04 8.050000179E-05 5.417299867E-01 2.510600000E+04 3.395199951E+03 2.812500000E+02 2.091300049E+02 1.012699986E+01 3.252299881E+01 7.492700219E-01 3.172799945E-01 1.721899956E-03
 2.480499970E-04 8.050000179E-05 5.342599750E-01 2.024400000E+04 6.122399902E+02 2.800599976E+02 2.139100037E+02 1.026299953E+01 3.955500031E+01 7.680199742E-01 3.115899861E-01 1.746100024E-03
 2.501000126E-04 8.050000179E-05 5.259900093E-01 1.732100000E+04 -6.377199936E+01 2.788299866E+02 2.192299957E+02 1.068599987E+01 4.875699997E+01 7.888799906E-01 3.054099977E-01 1.773500000E-03
 2.521499991E-04 8.050000179E-05 5.180199742E-01 2.333700000E+04 2.246399994E+02 2.774500122E+02 2.247400055E+02 1.079800034E+01 5.086800003E+01 8.106799722E-01 2.992999852E-01 1.800799975E-03
 2.541999856E-04 8.050000179E-05 5.087900162E-01 2.689100000E+04 -3.756100098E+03 2.758599854E+02 2.309600067E+02 1.063899994E+01 3.889400101E+01 8.354600072E-01 2.922799885E-01 1.833499991E-03
 2.562500013E-04 8.050000179E-05 4.981600046E-01 3.587000000E+04 6.126100159E+01 2.738599854E+02 2.380299988E+02 1.067700005E+01 3.663299942E+01 8.641099930E-01 2.841100097E-01 1.872700057E-03
 2.582999878E-04 8.050000179E-05 4.855599999E-01 4.224500000E+04 7.085000000E+03 2.714200134E+02 2.463500061E+02 1.075000000E+01 4.978799820E+01 8.982999921E-01 2.744599879E-01 1.921499963E-03
 2.603500034E-04 8.050000179E-05 4.706299901E-01 4.866700000E+04 1.293900000E+04 2.684800110E+02 2.562300110E+02 1.059200001E+01 5.239300156E+01 9.393600225E-01 2.631500065E-01 1.982599963E-03
 2.623999899E-04 8.050000179E-05 4.525400102E-01 6.320100000E+04 1.194100000E+04 2.647300110E+02 2.684800110E+02 1.022500038E+01 3.259799957E+01 9.911400080E-01 2.495200038E-01 2.062299987E-03
 2.644500055E-04 8.050000179E-05 3.851200044E-01 8.729000000E+04 2.728800049E+03 2.484799957E+02 3.139700012E+02 1.004599953E+01 6.318500042E+00 1.072299957E+00 2.300300002E-01 2.192599932E-03
 2.664999920E-04 8.050000179E-05 3.277800083E-01 9.932400000E+04 -9.584199829E+02 2.344100037E+02 3.525700073E+02 1.012500000E+01 6.975499988E-01 1.123999953E+00 2.181400061E-01 2.276899992E-03
 2.050000039E-04 8.279999747E-05 6.078299880E-01 6.687999878E+02 1.573300000E+04 2.917999878E+02 1.654600067E+02 2.519999981E+00 3.236000061E+01 5.813699961E-01 3.693499863E-01 1.534600044E-03
 2.070500050E-04 8.279999747E-05 6.070200205E-01 3.476000000E+03 1.422700000E+04 2.917000122E+02 1.659700012E+02 2.667999983E+00 3.620399857E+01 5.832800269E-01 3.687300086E-01 1.536699943E-03
 2.091000060E-04 8.279999747E-05 6.057199836E-01 9.617200195E+03 1.050600000E+04 2.915000000E+02 1.669900055E+02 3.024100065E+00 3.407600021E+01 5.870800018E-01 3.676800132E-01 1.539999968E-03
 2.111500071E-04 8.279999747E-05 6.046900153E-01 1.179300000E+04 6.399899902E+02 2.911499939E+02 1.680500031E+02 3.396699905E+00 3.598699951E+01 5.911800265E-01 3.666200042E-01 1.542599988E-03
 2.131999936E-04 8.279999747E-05 6.027799845E-01 9.068099609E+03 -2.786600098E+03 2.908299866E+02 1.694499969E+02 3.500000000E+00 4.481900024E+01 5.964499712E-01 3.650600016E-01 1.547500025E-03
 2.152499947E-04 8.279999747E-05 6.000999808E-01 1.828900024E+03 4.970399902E+03 2.906199951E+02 1.711399994E+02 3.747299910E+00 3.299000168E+01 6.026300192E-01 3.631699979E-01 1.554399962E-03
 2.172999957E-04 8.279999747E-05 5.983399749E-01 3.969699951E+03 3.265199951E+03 2.903500061E+02 1.725000000E+02 4.268599987E+00 2.934700012E+01 6.077299714E-01 3.617599905E-01 1.558999997E-03
 2.193499968E-04 8.279999747E-05 5.966600180E-01 1.194200000E+04 -5.864899902E+02 2.900599976E+02 1.738800049E+02 4.668900013E+00 3.636299896E+01 6.129299998E-01 3.603900075E-01 1.563400030E-03
 2.213999978E-04 8.279999747E-05 5.937700272E-01 1.100000000E+04 3.521899902E+03 2.895799866E+02 1.755899963E+02 4.951200008E+00 4.113600159E+01 6.194999814E-01 3.580600023E-01 1.570999972E-03
 2.234499989E-04 8.279999747E-05 5.905100107E-01 7.887899902E+03 3.510100098E+03 2.889500122E+02 1.775299988E+02 5.274600029E+00 3.790200043E+01 6.270499825E-01 3.553200066E-01 1.579700038E-03
 2.254999999E-04 8.279999747E-05 5.871899724E-01 6.093299805E+03 6.732799805E+03 2.886000061E+02 1.798200073E+02 5.500699997E+00 2.651099968E+01 6.355400085E-01 3.528800011E-01 1.588599989E-03
 2.275500010E-04 8.279999747E-05 5.838599801E-01 6.450500000E+03 5.156500000E+03 2.882399902E+02 1.820800018E+02 5.840700150E+00 3.424100113E+01 6.439700127E-01 3.504500091E-01 1.597699942E-03
 2.296000021E-04 8.279999747E-05 5.805900097E-01 3.858399902E+03 4.315200195E+03 2.877799988E+02 1.843699951E+02 6.405000210E+00 3.581399918E+01 6.526399851E-01 3.479300141E-01 1.606600010E-03
 2.316500031E-04 8.279999747E-05 5.777599812E-01 1.026600000E+04 1.257800000E+04 2.872300110E+02 1.868500061E+02 6.690700054E+00 2.245100021E+01 6.620799899E-01 3.455800116E-01 1.614499954E-03
 2.337000042E-04 8.279999747E-05 5.736299753E-01 2.042000000E+04 2.483899902E+03 2.862699890E+02 1.898200073E+02 6.866199970E+00 2.620899963E+01 6.737300158E-01 3.419600129E-01 1.626200043E-03
 2.357500052E-04 8.279999747E-05 5.687299967E-01 1.494800000E+04 1.012400024E+03 2.855899963E+02 1.929499969E+02 6.999499798E+00 3.371200180E+01 6.856799722E-01 3.382300138E-01 1.640200033E-03
 2.378000063E-04 8.279999747E-05 5.641999841E-01 1.219300000E+04 3.779399902E+03 2.849500122E+02 1.960299988E+02 7.197599888E+00 3.849100113E+01 6.974200010E-01 3.347800076E-01 1.653300016E-03
 2.398499928E-04 8.279999747E-05 5.592600107E-01 1.479400000E+04 3.292800049E+03 2.839899902E+02 1.994299927E+02 7.367700100E+00 2.846100044E+01 7.107099891E-01 3.307299912E-01 1.667900011E-03
 2.418999939E-04 8.279999747E-05 5.543400049E-01 1.297600000E+04 8.132299805E+03 2.829800110E+02 2.030899963E+02 7.695899963E+00 3.563700104E+01 7.250800133E-01 3.266600072E-01 1.682700007E-03
 2.439499949E-04 8.279999747E-05 5.485200286E-01 1.724100000E+04 4.549399902E+03 2.818699951E+02 2.071199951E+02 8.119700432E+00 4.091899872E+01 7.409600019E-01 3.219600022E-01 1.700600027E-03
 2.460000105E-04 8.279999747E-05 5.419899821E-01 2.552200000E+04 4.925700195E+03 2.806600037E+02 2.114199982E+02 8.085700035E+00 2.063899994E+01 7.579399943E-01 3.167699873E-01 1.721099950E-03
 2.480499970E-04 8.279999747E-05 5.348899961E-01 2.393500000E+04 2.318800049E+03 2.795199890E+02 2.160700073E+02 8.180500031E+00 3.411399841E+01 7.761899829E-01 3.113499880E-01 1.744000008E-03
 2.501000126E-04 8.279999747E-05 5.271199942E-01 2.376400000E+04 -2.341600098E+03 2.784800110E+02 2.211399994E+02 8.534600258E+00 5.202700043E+01 7.958999872E-01 3.056800067E-01 1.769699971E-03
 2.521499991E-04 8.279999747E-05 5.184199810E-01 2.424800000E+04 -5.750000000E+02 2.771600037E+02 2.267700043E+02 8.493499756E+00 5.504800034E+01 8.180599809E-01 2.992199957E-01 1.799499965E-03
 2.541999856E-04 8.279999747E-05 5.092300177E-01 2.940600000E+04 9.025800171E+02 2.754800110E+02 2.328399963E+02 8.323200226E+00 3.788700104E+01 8.424800038E-01 2.921299934E-01 1.831899979E-03
 2.562500013E-04 8.279999747E-05 4.991700053E-01 3.678000000E+04 2.184000000E+03 2.735299988E+02 2.394900055E+02 8.434499741E+00 1.977000046E+01 8.696200252E-01 2.843300104E-01 1.869000029E-03
 2.582999878E-04 8.279999747E-05 4.863699973E-01 4.002900000E+04 3.120300049E+03 2.712399902E+02 2.477100067E+02 8.490799904E+00 2.190099907E+01 9.032499790E-01 2.747299969E-01 1.918300055E-03
 2.603500034E-04 8.279999747E-05 4.711300135E-01 5.146800000E+04 2.652100098E+03 2.683900146E+02 2.576900024E+02 8.490300179E+00 2.929000092E+01 9.445800185E-01 2.633399963E-01 1.980500063E-03
 2.623999899E-04 8.279999747E-05 4.530400038E-01 6.812900000E+04 6.124600098E+03 2.646400146E+02 2.699100037E+02 8.232000351E+00 1.636199951E+01 9.963499904E-01 2.497099936E-01 2.060000086E-03
 2.644500055E-04 8.279999747E-05 3.856300116E-01 9.016800000E+04 7.806200195E+03 2.482799988E+02 3.154899902E+02 7.760799885E+00 1.565899968E+00 1.076699972E+00 2.305700034E-01 2.186700003E-03
 2.664999920E-04 8.279999747E-05 3.282200098E-01 1.016900000E+05 6.376100098E+03 2.340899963E+02 3.542000122E+02 7.595600128E+00 3.968499899E+00 1.127799988E+00 2.189799994E-01 2.267899923E-03
 2.050000039E-04 8.510000043E-05 6.079499722E-01 1.045000000E+04 1.845000000E+04 2.915199890E+02 1.670200043E+02 1.955299973E+00 1.562600040E+01 5.870900154E-01 3.690600097E-01 1.534300041E-03
 2.070500050E-04 8.510000043E-05 6.071500182E-01 1.088300000E+04 1.160500000E+04 2.913800049E+02 1.675000000E+02 2.087500095E+00 2.408300018E+01 5.889499784E-01 3.684000075E-01 1.536400057E-03
 2.091000060E-04 8.510000043E-05 6.058400273E-01 6.839500000E+03 8.971700195E+03 2.912500000E+02 1.685099945E+02 2.245599985E+00 2.464699936E+01 5.926300287E-01 3.674399853E-01 1.539699966E-03
 2.111500071E-04 8.510000043E-05 6.049799919E-01 8.424200195E+03 5.950100098E+03 2.910400085E+02 1.695899963E+02 2.403800011E+00 2.227300072E+01 5.966600180E-01 3.666499853E-01 1.541899983E-03
 2.131999936E-04 8.510000043E-05 6.026099920E-01 8.520200195E+03 -2.390800049E+03 2.907000122E+02 1.710700073E+02 2.539599895E+00 3.892200089E+01 6.022199988E-01 3.647899926E-01 1.548000029E-03
 2.152499947E-04 8.510000043E-05 5.992599726E-01 -2.017300049E+03 2.235100098E+03 2.904299927E+02 1.727599945E+02 2.869999886E+00 2.733200073E+01 6.084700227E-01 3.624199927E-01 1.556599978E-03
 2.172999957E-04 8.510000043E-05 5.979999900E-01 2.140500031E+02 -4.100199890E+02 2.900599976E+02 1.739100037E+02 3.355000019E+00 1.614399910E+01 6.129500270E-01 3.612099886E-01 1.559900003E-03
 2.193499968E-04 8.510000043E-05 5.967400074E-01 8.003799805E+03 -1.893300049E+03 2.896400146E+02 1.750899963E+02 3.636600018E+00 2.109000015E+01 6.175699830E-01 3.599199951E-01 1.563200029E-03
 2.213999978E-04 8.510000043E-05 5.937100053E-01 1.008300000E+04 4.193000000E+03 2.892000122E+02 1.769600067E+02 3.858900070E+00 2.026300049E+01 6.246399879E-01 3.575499952E-01 1.571199973E-03
 2.234499989E-04 8.510000043E-05 5.909699798E-01 1.061400000E+04 7.591599731E+02 2.885799866E+02 1.789400024E+02 3.954299927E+00 2.021400070E+01 6.323199868E-01 3.551400006E-01 1.578400028E-03
 2.254999999E-04 8.510000043E-05 5.880900025E-01 9.048099609E+03 3.523800049E+03 2.881400146E+02 1.811300049E+02 4.064499855E+00 2.002000046E+01 6.405699849E-01 3.528699875E-01 1.586199971E-03
 2.275500010E-04 8.510000043E-05 5.841400027E-01 1.041700000E+04 4.353100098E+03 2.878900146E+02 1.836600037E+02 4.540900230E+00 3.645899963E+01 6.498100162E-01 3.501900136E-01 1.596900052E-03
 2.296000021E-04 8.510000043E-05 5.800700188E-01 6.714200195E+03 2.141500000E+03 2.874899902E+02 1.862500000E+02 4.852700233E+00 4.080599976E+01 6.594700217E-01 3.472700119E-01 1.608100021E-03
 2.316500031E-04 8.510000043E-05 5.767499804E-01 5.586299805E+03 6.697299805E+03 2.870400085E+02 1.889199982E+02 4.830200195E+00 2.669300079E+01 6.694200039E-01 3.447400033E-01 1.617399976E-03
 2.337000042E-04 8.510000043E-05 5.729100108E-01 1.029100000E+04 5.303099976E+02 2.863200073E+02 1.918899994E+02 5.100800037E+00 2.779000092E+01 6.808099747E-01 3.415899873E-01 1.628200058E-03
 2.357500052E-04 8.510000043E-05 5.685799718E-01 7.446799805E+03 3.150800049E+03 2.855599976E+02 1.949600067E+02 5.334799767E+00 3.538600159E+01 6.926599741E-01 3.381099999E-01 1.640600036E-03
 2.378000063E-04 8.510000043E-05 5.641899705E-01 1.081300000E+04 1.040500000E+04 2.847099915E+02 1.980899963E+02 5.393400192E+00 2.324099922E+01 7.048100233E-01 3.345000148E-01 1.653400017E-03
 2.398499928E-04 8.510000043E-05 5.592799783E-01 1.682600000E+04 7.908299805E+03 2.838299866E+02 2.014900055E+02 5.504300117E+00 1.087600040E+01 7.180299759E-01 3.305599988E-01 1.667900011E-03
 2.418999939E-04 8.510000043E-05 5.541800261E-01 1.796500000E+04 8.229200195E+03 2.829700012E+02 2.049900055E+02 5.715000153E+00 1.491300011E+01 7.316200137E-01 3.265500069E-01 1.683200011E-03
 2.439499949E-04 8.510000043E-05 5.482400060E-01 1.863700000E+04 6.828200195E+03 2.818200073E+02 2.088300018E+02 5.992000103E+00 1.589799976E+01 7.468900084E-01 3.217400014E-01 1.701500034E-03
 2.460000105E-04 8.510000043E-05 5.416100025E-01 1.934900000E+04 5.420100098E+03 2.806400146E+02 2.131699982E+02 6.063499928E+00 1.346199989E+01 7.639700174E-01 3.165200055E-01 1.722399960E-03
 2.480499970E-04 8.510000043E-05 5.350300074E-01 2.437800000E+04 1.557800049E+03 2.794599915E+02 2.177200012E+02 6.147500038E+00 2.959499931E+01 7.819399834E-01 3.113600016E-01 1.743500005E-03
 2.501000126E-04 8.510000043E-05 5.280900002E-01 3.029500000E+04 -3.702000000E+03 2.782000122E+02 2.224299927E+02 6.390699863E+00 4.913499832E+01 8.006799817E-01 3.059299886E-01 1.766499947E-03
 2.521499991E-04 8.510000043E-05 5.194200277E-01 3.041000000E+04 -1.073599976E+03 2.767099915E+02 2.279499969E+02 6.367199898E+00 3.681299973E+01 8.227599859E-01 2.993099988E-01 1.796000055E-03
 2.541999856E-04 8.510000043E-05 5.098099709E-01 2.960900000E+04 3.086500000E+03 2.749800110E+02 2.340899963E+02 6.360799789E+00 1.143900013E+01 8.475300074E-01 2.919299901E-01 1.829799963E-03
 2.562500013E-04 8.510000043E-05 4.993000031E-01 3.031300000E+04 -9.908800049E+02 2.731700134E+02 2.408200073E+02 6.454999924E+00 2.825599909E+00 8.747900128E-01 2.840400040E-01 1.868500025E-03
 2.582999878E-04 8.510000043E-05 4.868699908E-01 3.564800000E+04 -8.429699707E+02 2.709800110E+02 2.488600006E+02 6.330100060E+00 1.768200040E+00 9.076399803E-01 2.747499943E-01 1.916300040E-03
 2.603500034E-04 8.510000043E-05 4.721800089E-01 4.222500000E+04 6.189600098E+03 2.681400146E+02 2.586900024E+02 6.168700218E+00 1.355099964E+01 9.484300017E-01 2.636800110E-01 1.976100029E-03
 2.623999899E-04 8.510000043E-05 4.544399977E-01 5.900500000E+04 7.317100098E+03 2.644100037E+02 2.709899902E+02 5.913000107E+00 1.585400009E+01 1.000499964E+00 2.502599955E-01 2.053600037E-03
 2.644500055E-04 8.510000043E-05 3.867999911E-01 8.508200000E+04 6.950899902E+03 2.479499969E+02 3.166600037E+02 5.550600052E+00 6.809899807E+00 1.081099987E+00 2.311300039E-01 2.179000061E-03
 2.664999920E-04 8.510000043E-05 3.288399875E-01 9.521600000E+04 9.060299805E+03 2.336600037E+02 3.554899902E+02 5.364600182E+00 7.360499859E+00 1.132300019E+00 2.193800062E-01 2.260799985E-03
 2.050000039E-04 8.740000339E-05 6.084899902E-01 1.794700000E+04 1.354300000E+04 2.914100037E+02 1.678800049E+02 1.341199994E+00 2.257900047E+01 5.902000070E-01 3.692499995E-01 1.533000031E-03
 2.070500050E-04 8.740000339E-05 6.076899767E-01 1.728200000E+04 7.876500000E+03 2.913200073E+02 1.684400024E+02 1.520699978E+00 2.580500031E+01 5.922999978E-01 3.686400056E-01 1.535000047E-03
 2.091000060E-04 8.740000339E-05 6.061999798E-01 9.959200195E+03 6.328500000E+03 2.911400146E+02 1.695099945E+02 1.538400054E+00 2.124699974E+01 5.962200165E-01 3.675099909E-01 1.538799959E-03
 2.111500071E-04 8.740000339E-05 6.047300100E-01 7.292000000E+03 3.069500000E+03 2.909200134E+02 1.704600067E+02 1.493100047E+00 1.151700020E+01 5.998100042E-01 3.663499951E-01 1.542499987E-03
 2.131999936E-04 8.740000339E-05 6.022999883E-01 1.041400000E+04 -3.213899902E+03 2.905499878E+02 1.717700043E+02 1.727100015E+00 1.644400024E+01 6.048099995E-01 3.644199967E-01 1.548800035E-03
 2.152499947E-04 8.740000339E-05 5.988100171E-01 -1.170400009E+02 5.512799805E+03 2.902999878E+02 1.735700073E+02 2.075799942E+00 5.477200031E+00 6.114199758E-01 3.619900048E-01 1.557799987E-03
 2.172999957E-04 8.740000339E-05 5.973399878E-01 -2.209000000E+03 1.203900024E+03 2.900700073E+02 1.748800049E+02 2.437299967E+00 2.892400026E+00 6.162999868E-01 3.608100116E-01 1.561600016E-03
 2.193499968E-04 8.740000339E-05 5.967199802E-01 8.655500000E+03 -4.671500000E+03 2.895799866E+02 1.761399994E+02 2.473999977E+00 1.621100044E+01 6.212499738E-01 3.598299921E-01 1.563200029E-03
 2.213999978E-04 8.740000339E-05 5.942000151E-01 7.131299805E+03 1.893699951E+03 2.891499939E+02 1.781900024E+02 2.528700113E+00 1.723999977E+01 6.289700270E-01 3.577800095E-01 1.569799962E-03
 2.234499989E-04 8.740000339E-05 5.913000107E-01 8.150000000E+03 3.428399963E+02 2.885700073E+02 1.802700043E+02 2.560100079E+00 1.790200043E+01 6.369400024E-01 3.553299904E-01 1.577500021E-03
 2.254999999E-04 8.740000339E-05 5.876399875E-01 8.644299805E+03 1.232099991E+02 2.880700073E+02 1.825500031E+02 2.658299923E+00 1.996100044E+01 6.455399990E-01 3.525100052E-01 1.587399980E-03
 2.275500010E-04 8.740000339E-05 5.838500261E-01 6.254000000E+03 -9.578499756E+02 2.876700134E+02 1.851199951E+02 3.104799986E+00 3.839899826E+01 6.551399827E-01 3.497500122E-01 1.597699942E-03
 2.296000021E-04 8.740000339E-05 5.805000067E-01 1.167800000E+04 -2.062100098E+03 2.870599976E+02 1.875800018E+02 3.193000078E+00 4.186600113E+01 6.645299792E-01 3.470099866E-01 1.606900012E-03
 2.316500031E-04 8.740000339E-05 5.768499970E-01 8.370700195E+03 2.478300018E+02 2.866099854E+02 1.901600037E+02 2.978399992E+00 3.230199814E+01 6.742100120E-01 3.442800045E-01 1.617099973E-03
 2.337000042E-04 8.740000339E-05 5.730100274E-01 1.731000000E+03 3.608899902E+03 2.861600037E+02 1.928999939E+02 3.255199909E+00 4.034500122E+01 6.844699979E-01 3.414599895E-01 1.627900056E-03
 2.357500052E-04 8.740000339E-05 5.691199899E-01 6.855000000E+03 7.637000000E+03 2.854500122E+02 1.958300018E+02 3.626499891E+00 3.414699936E+01 6.957399845E-01 3.382900059E-01 1.639000024E-03
 2.378000063E-04 8.740000339E-05 5.643699765E-01 1.432300000E+04 8.161000000E+03 2.845000000E+02 1.991999969E+02 3.630500078E+00 1.772500038E+01 7.088800073E-01 3.343499899E-01 1.652900013E-03
 2.398499928E-04 8.740000339E-05 5.591400266E-01 1.680600000E+04 7.723200195E+03 2.836600037E+02 2.026399994E+02 3.759799957E+00 5.100699902E+00 7.222099900E-01 3.302800059E-01 1.668300014E-03
 2.418999939E-04 8.740000339E-05 5.539199710E-01 1.926800000E+04 2.857399902E+03 2.828699951E+02 2.060700073E+02 3.921999931E+00 -5.276500225E+00 7.354500294E-01 3.262900114E-01 1.684000017E-03
 2.439499949E-04 8.740000339E-05 5.483700037E-01 2.020100000E+04 4.085800049E+03 2.819800110E+02 2.098899994E+02 3.982700109E+00 -3.344799995E+00 7.502899766E-01 3.219999969E-01 1.701100031E-03
 2.460000105E-04 8.740000339E-05 5.415899754E-01 1.568000000E+04 5.690799805E+03 2.810199890E+02 2.143099976E+02 4.113500118E+00 -3.779299974E+00 7.673699856E-01 3.169499934E-01 1.722399960E-03
 2.480499970E-04 8.740000339E-05 5.343300104E-01 2.134400000E+04 2.834300049E+03 2.798299866E+02 2.188899994E+02 4.151700020E+00 9.122799873E+00 7.854400277E-01 3.113600016E-01 1.745800022E-03
 2.501000126E-04 8.740000339E-05 5.276799798E-01 3.139900000E+04 2.034099976E+03 2.782900085E+02 2.235599976E+02 4.215600014E+00 4.286199951E+01 8.044400215E-01 3.057999909E-01 1.767799957E-03
 2.521499991E-04 8.740000339E-05 5.194900036E-01 3.045200000E+04 2.129500000E+03 2.765599976E+02 2.290899963E+02 4.291800022E+00 3.935400009E+01 8.269100189E-01 2.991900146E-01 1.795800054E-03
 2.541999856E-04 8.740000339E-05 5.101100206E-01 2.637500000E+04 7.940100098E+02 2.748900146E+02 2.352799988E+02 4.361899853E+00 1.597599983E+01 8.518000245E-01 2.920100093E-01 1.828799956E-03
 2.562500013E-04 8.740000339E-05 4.998300076E-01 2.635300000E+04 -5.032200195E+03 2.730599976E+02 2.421499939E+02 4.319900036E+00 1.323600006E+01 8.796100020E-01 2.842200100E-01 1.866500010E-03
 2.582999878E-04 8.740000339E-05 4.877699912E-01 3.848600000E+04 -6.537600098E+02 2.706900024E+02 2.500500031E+02 4.196899891E+00 8.008399963E+00 9.122700095E-01 2.749600112E-01 1.912700012E-03
 2.603500034E-04 8.740000339E-05 4.734599888E-01 4.027900000E+04 8.485799805E+03 2.678999939E+02 2.595299988E+02 3.965100050E+00 4.704400063E+00 9.517700076E-01 2.641600072E-01 1.970699988E-03
 2.623999899E-04 8.740000339E-05 4.555000067E-01 4.799600000E+04 6.502700195E+03 2.642300110E+02 2.717099915E+02 3.687700033E+00 1.309300041E+01 1.003399968E+00 2.506799996E-01 2.048899885E-03
 2.644500055E-04 8.740000339E-05 3.873000145E-01 7.607100000E+04 3.435300049E+03 2.476999969E+02 3.173200073E+02 3.558599949E+00 2.020400047E+01 1.083899975E+00 2.312300056E-01 2.176000038E-03
 2.664999920E-04 8.740000339E-05 3.291999996E-01 8.879700000E+04 5.358200195E+03 2.333999939E+02 3.560400085E+02 3.452399969E+00 2.048600006E+01 1.134799957E+00 2.194499969E-01 2.257799963E-03
 2.050000039E-04 8.969999908E-05 6.088399887E-01 1.694700000E+04 2.058500000E+03 2.915599976E+02 1.683200073E+02 7.728300095E-01 3.648899841E+01 5.916100144E-01 3.696599901E-01 1.532100025E-03
 2.070500050E-04 8.969999908E-05 6.077700257E-01 1.623700000E+04 3.033199951E+03 2.914700012E+02 1.689900055E+02 8.032699823E-01 3.440700150E+01 5.940300226E-01 3.688800037E-01 1.534800045E-03
 2.091000060E-04 8.969999908E-05 6.058899760E-01 1.364700000E+04 6.307500000E+03 2.912699890E+02 1.701699982E+02 7.691400051E-01 7.433800220E+00 5.984100103E-01 3.675000072E-01 1.539599965E-03
 2.111500071E-04 8.969999908E-05 6.044899821E-01 7.785799805E+03 1.907400024E+03 2.909800110E+02 1.712200012E+02 8.009300232E-01 -2.038899994E+01 6.024000049E-01 3.662900031E-01 1.543099992E-03
 2.131999936E-04 8.969999908E-05 6.019999981E-01 3.279699951E+03 8.956799927E+02 2.905799866E+02 1.726699982E+02 9.277700186E-01 -1.614599991E+01 6.079199910E-01 3.642700016E-01 1.549500041E-03
 2.152499947E-04 8.969999908E-05 5.988199711E-01 2.505699951E+03 1.009300000E+04 2.903399963E+02 1.744100037E+02 1.092399955E+00 -4.048799992E+00 6.143000126E-01 3.620499969E-01 1.557699987E-03
 2.172999957E-04 8.969999908E-05 5.974500179E-01 5.979700195E+03 4.773600098E+03 2.902099915E+02 1.758800049E+02 1.206500053E+00 3.320400000E+00 6.196200252E-01 3.610599935E-01 1.561300014E-03
 2.193499968E-04 8.969999908E-05 5.964599848E-01 1.241500000E+04 -1.085000000E+03 2.897900085E+02 1.773899994E+02 1.180500031E+00 2.963900089E+00 6.253899932E-01 3.599399924E-01 1.563900034E-03
 2.213999978E-04 8.969999908E-05 5.938699841E-01 1.036800000E+04 4.469799805E+03 2.893399963E+02 1.792700043E+02 1.225999951E+00 3.833100080E+00 6.324999928E-01 3.578200042E-01 1.570699969E-03
 2.234499989E-04 8.969999908E-05 5.902900100E-01 9.153000000E+03 4.616900024E+02 2.888699951E+02 1.814400024E+02 1.296800017E+00 6.438700199E+00 6.406900287E-01 3.550899923E-01 1.580200042E-03
 2.254999999E-04 8.969999908E-05 5.867400169E-01 1.169200000E+04 -4.250799805E+03 2.883099976E+02 1.836699982E+02 1.236099958E+00 1.148299980E+01 6.492000222E-01 3.522599936E-01 1.589799998E-03
 2.275500010E-04 8.969999908E-05 5.838800073E-01 1.168800000E+04 -3.282699951E+03 2.877699890E+02 1.858200073E+02 1.453799963E+00 2.396599960E+01 6.574299932E-01 3.498899937E-01 1.597600058E-03
 2.296000021E-04 8.969999908E-05 5.809400082E-01 1.899300000E+04 -4.780100098E+03 2.869800110E+02 1.881799927E+02 1.634799957E+00 2.273600006E+01 6.667000055E-01 3.471699953E-01 1.605700003E-03
 2.316500031E-04 8.969999908E-05 5.775099993E-01 1.794500000E+04 -4.926100098E+03 2.862600098E+02 1.907100067E+02 1.450000048E+00 7.271200180E+00 6.765000224E-01 3.442600071E-01 1.615199959E-03
 2.337000042E-04 8.969999908E-05 5.739899874E-01 1.185300000E+04 1.276599976E+03 2.858800049E+02 1.932700043E+02 1.654399991E+00 1.318000031E+01 6.860299706E-01 3.416999876E-01 1.625100034E-03
 2.357500052E-04 8.969999908E-05 5.694900155E-01 1.627500000E+04 6.434899902E+03 2.852999878E+02 1.963000031E+02 1.842499971E+00 1.319600010E+01 6.974999905E-01 3.383400142E-01 1.638000016E-03
 2.378000063E-04 8.969999908E-05 5.639899969E-01 1.244000000E+04 6.617500000E+03 2.845700073E+02 1.998300018E+02 1.781700015E+00 3.008199930E+00 7.109500170E-01 3.342100084E-01 1.654000022E-03
 2.398499928E-04 8.969999908E-05 5.590000153E-01 1.265000000E+04 5.532399902E+03 2.837300110E+02 2.032799988E+02 1.899700046E+00 3.618999958E+00 7.243099809E-01 3.302800059E-01 1.668700017E-03
 2.418999939E-04 8.969999908E-05 5.541200042E-01 1.971900000E+04 2.967200012E+02 2.827699890E+02 2.068099976E+02 2.029900074E+00 -1.069900036E+00 7.381200194E-01 3.262900114E-01 1.683400013E-03
 2.439499949E-04 8.969999908E-05 5.489100218E-01 1.888800000E+04 1.543000000E+03 2.819500122E+02 2.106100006E+02 2.006900072E+00 -2.618700027E+00 7.527700067E-01 3.222900033E-01 1.699400018E-03
 2.460000105E-04 8.969999908E-05 5.425800085E-01 1.858900000E+04 4.937399902E+03 2.810199890E+02 2.149299927E+02 2.120899916E+00 -2.433799982E+00 7.694900036E-01 3.175199926E-01 1.719300053E-03
 2.480499970E-04 8.969999908E-05 5.351999998E-01 2.358800000E+04 5.325700195E+03 2.798099976E+02 2.196399994E+02 2.095999956E+00 1.349100018E+01 7.880600095E-01 3.118500113E-01 1.743000001E-03
 2.501000126E-04 8.969999908E-05 5.276899934E-01 2.710000000E+04 3.921000000E+03 2.783800049E+02 2.246499939E+02 2.038800001E+00 2.580500031E+01 8.081200123E-01 3.059000075E-01 1.767799957E-03
 2.521499991E-04 8.969999908E-05 5.189800262E-01 2.407600000E+04 4.932899902E+03 2.767900085E+02 2.303800049E+02 2.202600002E+00 1.161600018E+01 8.310999870E-01 2.991299927E-01 1.797499950E-03
 2.541999856E-04 8.969999908E-05 5.098999739E-01 2.618500000E+04 3.362000000E+03 2.751400146E+02 2.364199982E+02 2.164000034E+00 5.447299957E+00 8.554499745E-01 2.921499908E-01 1.829499961E-03
 2.562500013E-04 8.969999908E-05 5.000900030E-01 3.371400000E+04 -3.453699951E+03 2.731300049E+02 2.430899963E+02 2.071399927E+00 5.942100048E+00 8.828099966E-01 2.844499946E-01 1.865500002E-03
 2.582999878E-04 8.969999908E-05 4.881100059E-01 4.391600000E+04 -2.033000000E+03 2.706300049E+02 2.509499969E+02 2.084000111E+00 4.888500214E+00 9.155899882E-01 2.750900090E-01 1.911400002E-03
 2.603500034E-04 8.969999908E-05 4.740099907E-01 4.908600000E+04 1.123300049E+03 2.678900146E+02 2.602200012E+02 1.995399952E+00 9.608300209E+00 9.542599916E-01 2.644500136E-01 1.968400087E-03
 2.623999899E-04 8.969999908E-05 4.560199976E-01 5.697400000E+04 1.708000000E+03 2.643299866E+02 2.722799988E+02 1.913499951E+00 1.655900002E+01 1.005200028E+00 2.510600090E-01 2.046599984E-03
 2.644500055E-04 8.969999908E-05 3.873899877E-01 8.383700000E+04 1.191099976E+03 2.478099976E+02 3.181799927E+02 1.779800057E+00 2.677700043E+01 1.086199999E+00 2.315499932E-01 2.174400026E-03
 2.664999920E-04 8.969999908E-05 3.291400075E-01 1.012700000E+05 5.993499756E+02 2.334400024E+02 3.570799866E+02 1.596300006E+00 3.189699936E+01 1.137300014E+00 2.198099941E-01 2.255700063E-03
 2.050000039E-04 9.200000204E-05 6.086400151E-01 2.003900000E+04 -2.229500000E+03 2.917099915E+02 1.685399933E+02 5.976999998E-01 4.667300034E+01 5.922200084E-01 3.697200119E-01 1.532600028E-03
 2.070500050E-04 9.200000204E-05 6.075999737E-01 1.939500000E+04 2.094899902E+03 2.914599915E+02 1.691699982E+02 4.202499986E-01 4.366999817E+01 5.946900249E-01 3.687799871E-01 1.535200048E-03
 2.091000060E-04 9.200000204E-05 6.055399776E-01 1.441100000E+04 7.264200195E+03 2.912399902E+02 1.704400024E+02 2.722699940E-01 1.477200031E+00 5.993800163E-01 3.672400117E-01 1.540399971E-03
 2.111500071E-04 9.200000204E-05 6.041799784E-01 6.125200195E+03 2.823800049E+03 2.910400085E+02 1.716300049E+02 4.265300035E-01 -3.900999832E+01 6.037600040E-01 3.661699891E-01 1.543899998E-03
 2.131999936E-04 9.200000204E-05 6.015899777E-01 1.983699951E+03 4.510799805E+03 2.906700134E+02 1.732200012E+02 5.528699756E-01 -3.069099998E+01 6.097700000E-01 3.641299903E-01 1.550600049E-03
 2.152499947E-04 9.200000204E-05 5.987799764E-01 8.966000000E+03 7.486399902E+03 2.904299927E+02 1.748999939E+02 5.841199756E-01 1.240399957E+00 6.159099936E-01 3.621299863E-01 1.557799987E-03
 2.172999957E-04 9.200000204E-05 5.974500179E-01 1.622100000E+04 1.470300049E+03 2.903099976E+02 1.763399963E+02 4.957399964E-01 1.260200024E+01 6.211100221E-01 3.611800075E-01 1.561300014E-03
 2.193499968E-04 9.200000204E-05 5.959299803E-01 1.788100000E+04 7.982999878E+02 2.899500122E+02 1.778300018E+02 5.475699902E-01 -1.066000015E-01 6.267499924E-01 3.598200083E-01 1.565300045E-03
 2.213999978E-04 9.200000204E-05 5.933700204E-01 1.716000000E+04 7.627899902E+03 2.894800110E+02 1.795599976E+02 6.284499764E-01 -3.939599991E+00 6.333500147E-01 3.576900065E-01 1.571999979E-03
 2.234499989E-04 9.200000204E-05 5.894500017E-01 1.206500000E+04 2.219199951E+03 2.891099854E+02 1.819499969E+02 6.539700031E-01 -8.401300430E+00 6.421999931E-01 3.548699915E-01 1.582499943E-03
 2.254999999E-04 9.200000204E-05 5.862699747E-01 1.273600000E+04 -5.516000000E+03 2.885400085E+02 1.841900024E+02 5.125499964E-01 -5.595699787E+00 6.507499814E-01 3.522500098E-01 1.591100008E-03
 2.275500010E-04 9.200000204E-05 5.840600133E-01 1.469400000E+04 2.380299988E+02 2.878999939E+02 1.859700012E+02 6.532199979E-01 5.830299854E+00 6.577799916E-01 3.501499891E-01 1.597100054E-03
 2.296000021E-04 9.200000204E-05 5.809800029E-01 2.271600000E+04 -3.253800049E+03 2.870100098E+02 1.883300018E+02 9.175400138E-01 9.940899849E+00 6.671599746E-01 3.472299874E-01 1.605600002E-03
 2.316500031E-04 9.200000204E-05 5.777300000E-01 2.670900000E+04 -8.352700195E+03 2.861400146E+02 1.909100037E+02 7.719399929E-01 -6.086500168E+00 6.773200035E-01 3.442499936E-01 1.614599954E-03
 2.337000042E-04 9.200000204E-05 5.747399926E-01 2.155200000E+04 -4.922299805E+03 2.857900085E+02 1.933699951E+02 9.227499962E-01 -3.344599962E+00 6.864699721E-01 3.420499861E-01 1.623000018E-03
 2.357500052E-04 9.200000204E-05 5.698300004E-01 2.089400000E+04 2.837899902E+03 2.852300110E+02 1.965200043E+02 8.980299830E-01 6.074999809E+00 6.983399987E-01 3.384599984E-01 1.637000008E-03
 2.378000063E-04 9.200000204E-05 5.637400150E-01 7.050100098E+03 7.977299805E+03 2.845599976E+02 2.001499939E+02 8.043900132E-01 -4.837100029E+00 7.120599747E-01 3.340600133E-01 1.654700027E-03
 2.398499928E-04 9.200000204E-05 5.589200258E-01 9.620299805E+03 1.917699951E+03 2.838200073E+02 2.036100006E+02 9.334300160E-01 1.040300012E+00 7.253500223E-01 3.303300142E-01 1.668900019E-03
 2.418999939E-04 9.200000204E-05 5.543299913E-01 2.002300000E+04 -1.899199951E+03 2.828699951E+02 2.071799927E+02 1.001199961E+00 5.288400173E+00 7.392899990E-01 3.265300095E-01 1.682800008E-03
 2.439499949E-04 9.200000204E-05 5.488299727E-01 7.819600098E+03 6.842999878E+02 2.820400085E+02 2.109799957E+02 9.884300232E-01 1.212399960E+00 7.539499998E-01 3.223499954E-01 1.699700020E-03
 2.460000105E-04 9.200000204E-05 5.430399776E-01 1.421500000E+04 2.802600098E+03 2.809100037E+02 2.151300049E+02 1.118299961E+00 5.334400177E+00 7.703400254E-01 3.176600039E-01 1.717800042E-03
 2.480499970E-04 9.200000204E-05 5.363299847E-01 2.674400000E+04 3.407500000E+03 2.795499878E+02 2.199299927E+02 1.049200058E+00 2.610499954E+01 7.894499898E-01 3.122200072E-01 1.739299973E-03
 2.501000126E-04 9.200000204E-05 5.282999873E-01 2.511800000E+04 -6.251300049E+02 2.783200073E+02 2.251100006E+02 9.599199891E-01 1.674399948E+01 8.098199964E-01 3.061900139E-01 1.765800058E-03
 2.521499991E-04 9.200000204E-05 5.189700127E-01 1.972200000E+04 5.573500000E+03 2.768599854E+02 2.308800049E+02 1.112900019E+00 -1.951099968E+01 8.327800035E-01 2.992100120E-01 1.797599951E-03
 2.541999856E-04 9.200000204E-05 5.096899867E-01 2.675900000E+04 5.527299805E+03 2.751600037E+02 2.368699951E+02 1.070199966E+00 -1.820599937E+01 8.569999933E-01 2.920599878E-01 1.830199966E-03
 2.562500013E-04 9.200000204E-05 4.999099970E-01 4.353200000E+04 -3.826800049E+03 2.731499939E+02 2.433999939E+02 9.753599763E-01 -1.538799953E+01 8.838899732E-01 2.843599916E-01 1.866200007E-03
 2.582999878E-04 9.200000204E-05 4.880299866E-01 4.926400000E+04 -3.590899902E+03 2.706400146E+02 2.512599945E+02 9.742900133E-01 -6.215600014E+00 9.166600108E-01 2.750599980E-01 1.911700005E-03
 2.603500034E-04 9.200000204E-05 4.741300046E-01 5.391800000E+04 -4.489599915E+02 2.679599915E+02 2.605499878E+02 1.062299967E+00 2.156299973E+01 9.552900195E-01 2.645899951E-01 1.967899967E-03
 2.623999899E-04 9.200000204E-05 4.562500119E-01 6.696900000E+04 2.553899902E+03 2.644400024E+02 2.726000061E+02 1.094699979E+00 2.375900078E+01 1.006199956E+00 2.512899935E-01 2.045500092E-03
 2.644500055E-04 9.200000204E-05 3.874700069E-01 9.185000000E+04 -2.163699951E+02 2.479400024E+02 3.186499939E+02 9.189800024E-01 2.109900093E+01 1.087599993E+00 2.317200005E-01 2.174200024E-03
 2.664999920E-04 9.200000204E-05 3.289499879E-01 1.074800000E+05 -3.150500000E+03 2.335800018E+02 3.577399902E+02 7.443100214E-01 2.736100006E+01 1.139199972E+00 2.198400050E-01 2.256900072E-03
