TITLE     = "Subsonic"
VARIABLES = "X"
"Y"
"Density"
"QX"
"QY"
"T"
"U"
"V"
"Txy"
"Mach"
"Pressure"
"Kundsen"
ZONE T="MAIN ZONE"
 STRANDID=0, SOLUTIONTIME=0
 I=101, J=31, K=1, ZONETYPE=Ordered
 DATAPACKING=POINT
 DT=(SINGLE SINGLE SINGLE SINGLE SINGLE SINGLE SINGLE SINGLE SINGLE SINGLE SINGLE SINGLE )
 0.000000000E+00 5.700000111E-05 1.600700021E+00 1.611000000E+05 1.323200000E+05 3.000000000E+02 3.056100082E+01 1.196800041E+01 -1.311599976E+03 1.216000021E-01 1.010499954E+00 5.712599959E-04
 2.049999921E-06 5.779999992E-05 1.606199980E+00 7.216300000E+04 6.811000000E+04 2.990899963E+02 3.377099991E+01 1.267899990E+01 -5.704299927E+02 1.291500032E-01 1.005599976E+00 5.750199780E-04
 4.099999842E-06 5.859999874E-05 1.611600041E+00 -2.444000000E+04 -1.435900024E+03 2.981799927E+02 3.856100082E+01 1.405500031E+01 1.394700012E+02 1.426399946E-01 1.000699997E+00 5.787999835E-04
 6.149999990E-06 5.940000119E-05 1.610700011E+00 -1.525600000E+04 -1.247500000E+04 2.981600037E+02 4.161399841E+01 1.537600040E+01 1.021800003E+02 1.541900039E-01 1.000000000E+00 5.791399744E-04
 8.199999684E-06 6.020000001E-05 1.607800007E+00 -8.460799805E+03 -1.428400000E+04 2.981799927E+02 4.497499847E+01 1.654500008E+01 9.000199890E+01 1.665599942E-01 9.983100295E-01 5.801700172E-04
 1.024999983E-05 6.099999882E-05 1.606799960E+00 3.400199951E+03 9.993599854E+02 2.977300110E+02 4.887799835E+01 1.794599915E+01 1.023899994E+02 1.811199933E-01 9.961599708E-01 5.805499968E-04
 1.229999998E-05 6.179999764E-05 1.604799986E+00 3.311300049E+03 1.313400024E+03 2.972300110E+02 5.271599960E+01 1.960099983E+01 1.471799927E+02 1.957899928E-01 9.933099747E-01 5.812500021E-04
 1.435000013E-05 6.259999645E-05 1.598299980E+00 -3.623600098E+03 -2.231500000E+03 2.973299866E+02 5.661500168E+01 2.112800026E+01 1.739700012E+02 2.103199959E-01 9.896000028E-01 5.836299970E-04
 1.639999937E-05 6.340000255E-05 1.594499946E+00 -1.609400000E+04 2.888899902E+03 2.972999878E+02 6.105300140E+01 2.271400070E+01 1.429799957E+02 2.267300040E-01 9.871600270E-01 5.849999725E-04
 1.845000043E-05 6.420000136E-05 1.590999961E+00 -1.811600000E+04 1.848800049E+03 2.970400085E+02 6.572699738E+01 2.458900070E+01 1.392299957E+02 2.443899959E-01 9.841099977E-01 5.862999824E-04
 2.049999966E-05 6.500000018E-05 1.586099982E+00 1.699199951E+03 2.270800049E+03 2.965899963E+02 7.015200043E+01 2.638500023E+01 1.435000000E+02 2.612200081E-01 9.796199799E-01 5.880999961E-04
 2.255000072E-05 6.579999899E-05 1.580100060E+00 5.025899902E+03 1.450100000E+04 2.962200012E+02 7.467199707E+01 2.818600082E+01 1.111800003E+02 2.783200145E-01 9.746800065E-01 5.903500132E-04
 2.459999996E-05 6.659999781E-05 1.571499944E+00 3.411000000E+03 2.923400000E+04 2.960499878E+02 7.958000183E+01 3.003499985E+01 1.471600037E+02 2.966899872E-01 9.688299894E-01 5.935700028E-04
 2.664999920E-05 6.739999662E-05 1.564200044E+00 -4.662600098E+03 1.515000000E+04 2.955299988E+02 8.481400299E+01 3.200699997E+01 1.746399994E+02 3.164800107E-01 9.625999928E-01 5.963500007E-04
 2.870000026E-05 6.820000272E-05 1.553699970E+00 -1.049000000E+04 -3.212199951E+03 2.950400085E+02 9.041600037E+01 3.429600143E+01 1.634299927E+02 3.378700018E-01 9.545599818E-01 6.003999733E-04
 3.075000132E-05 6.900000153E-05 1.542600036E+00 -1.183199951E+03 2.937699951E+03 2.945000000E+02 9.601300049E+01 3.641500092E+01 2.135700073E+02 3.591099977E-01 9.460200071E-01 6.047100178E-04
 3.279999873E-05 6.980000035E-05 1.534399986E+00 1.739300000E+04 6.908600098E+03 2.936199951E+02 1.017500000E+02 3.867599869E+01 1.953600006E+02 3.812499940E-01 9.381399751E-01 6.079499726E-04
 3.484999979E-05 7.059999916E-05 1.521299958E+00 2.391800000E+04 6.766200195E+03 2.928800049E+02 1.079899979E+02 4.113499832E+01 1.322500000E+02 4.052399993E-01 9.278699756E-01 6.131600239E-04
 3.690000085E-05 7.139999798E-05 1.504899979E+00 3.331300000E+04 1.238100000E+04 2.918200073E+02 1.149599991E+02 4.375199890E+01 1.996000061E+02 4.321300089E-01 9.145100117E-01 6.198500050E-04
 3.894999827E-05 7.219999679E-05 1.488399982E+00 4.606600000E+04 1.334600000E+04 2.905000000E+02 1.227200012E+02 4.672900009E+01 2.480599976E+02 4.623799920E-01 9.004099965E-01 6.267200224E-04
 4.099999933E-05 7.300000289E-05 1.467700005E+00 4.565600000E+04 2.246400000E+04 2.891900024E+02 1.316699982E+02 5.014699936E+01 2.359299927E+02 4.972499907E-01 8.838599920E-01 6.356100203E-04
 4.305000039E-05 7.380000170E-05 1.440700054E+00 5.135500000E+04 3.029800000E+04 2.876400146E+02 1.421399994E+02 5.417699814E+01 2.847000122E+02 5.382900238E-01 8.629500270E-01 6.475499831E-04
 4.510000144E-05 7.460000052E-05 1.406800032E+00 4.799800000E+04 2.042100000E+04 2.853399963E+02 1.543500061E+02 5.880799866E+01 3.589400024E+02 5.868999958E-01 8.359699845E-01 6.631700089E-04
 4.714999886E-05 7.539999933E-05 1.360800028E+00 5.711600000E+04 2.425900000E+04 2.819599915E+02 1.706000061E+02 6.480000305E+01 4.513999939E+02 6.523699760E-01 7.990999818E-01 6.857499829E-04
 4.919999992E-05 7.619999815E-05 1.294800043E+00 1.077200000E+05 3.357500000E+04 2.768299866E+02 1.954400024E+02 7.343900299E+01 5.729000244E+02 7.534300089E-01 7.466999888E-01 7.210500189E-04
 5.125000098E-05 7.699999696E-05 9.149699807E-01 1.318900000E+05 4.762200000E+04 2.566199951E+02 2.528300018E+02 4.654600143E+00 1.231900024E+02 9.951900244E-01 5.009899735E-01 1.184000052E-03
 5.329999840E-05 7.627999730E-05 5.019199848E-01 7.882300000E+04 4.939300000E+04 2.348899994E+02 2.967300110E+02 -8.785500336E+01 -1.345399933E+02 1.214100003E+00 2.462199926E-01 1.897500013E-03
 5.534999946E-05 7.555999764E-05 4.351100028E-01 1.312800000E+04 2.783300000E+04 2.296600037E+02 3.011499939E+02 -1.075199966E+02 8.848300171E+01 1.266299963E+00 2.080799937E-01 2.144200029E-03
 5.740000051E-05 7.483999798E-05 4.464499950E-01 -2.925899902E+03 2.292000000E+04 2.288500061E+02 3.057900085E+02 -1.093000031E+02 4.842599869E+01 1.288300037E+00 2.127600014E-01 2.089800080E-03
 5.945000157E-05 7.411999832E-05 4.591499865E-01 -1.604600000E+04 2.414900000E+04 2.283399963E+02 3.094400024E+02 -1.105299988E+02 4.165100098E+01 1.304999948E+00 2.183199972E-01 2.032000106E-03
 6.150000263E-05 7.339999866E-05 4.685899913E-01 -1.203200000E+04 2.651600000E+04 2.276600037E+02 3.133500061E+02 -1.114400024E+02 3.078300095E+01 1.322800040E+00 2.221499979E-01 1.990699908E-03
 6.354999641E-05 7.267999899E-05 4.720700085E-01 -8.589400391E+03 1.944000000E+04 2.265599976E+02 3.177799988E+02 -1.124800034E+02 1.775300026E+01 1.344099998E+00 2.227099985E-01 1.975999912E-03
 6.559999747E-05 7.195999933E-05 4.718399942E-01 -8.694500000E+03 9.716099609E+03 2.250500031E+02 3.222500000E+02 -1.139000015E+02 5.178599930E+01 1.367300034E+00 2.211199999E-01 1.976999920E-03
 6.764999853E-05 7.123999967E-05 4.693500102E-01 -1.518500000E+03 1.425100000E+04 2.231399994E+02 3.272600098E+02 -1.154400024E+02 5.404700089E+01 1.394199967E+00 2.180899978E-01 1.987399999E-03
 6.969999959E-05 7.052000001E-05 4.631899893E-01 -7.084700195E+03 1.707000000E+04 2.212100067E+02 3.329100037E+02 -1.168300018E+02 3.763199997E+01 1.423599958E+00 2.133699954E-01 2.014100086E-03
 7.175000064E-05 6.980000035E-05 4.524300098E-01 -1.401400000E+04 1.482000000E+04 2.190399933E+02 3.389500122E+02 -1.184300003E+02 4.597100067E+01 1.455999970E+00 2.063799948E-01 2.062099986E-03
 7.380000170E-05 6.908000069E-05 4.420099854E-01 -2.352900000E+04 1.765300000E+04 2.166499939E+02 3.440100098E+02 -1.202699966E+02 4.772000122E+01 1.485900044E+00 1.994300038E-01 2.110600006E-03
 7.585000276E-05 6.836000102E-05 4.319500029E-01 -2.788000000E+04 1.954300000E+04 2.143600006E+02 3.488999939E+02 -1.220599976E+02 7.653299713E+01 1.515200019E+00 1.928299963E-01 2.159900032E-03
 7.789999654E-05 6.764000136E-05 4.196900129E-01 -3.289000000E+04 2.306000000E+04 2.118699951E+02 3.549299927E+02 -1.238399963E+02 8.717299652E+01 1.549999952E+00 1.851799935E-01 2.223100048E-03
 7.994999760E-05 6.692000170E-05 4.073899984E-01 -3.876000000E+04 2.651400000E+04 2.093999939E+02 3.606300049E+02 -1.255599976E+02 9.206800079E+01 1.583699942E+00 1.776600033E-01 2.290199976E-03
 8.199999866E-05 6.620000204E-05 3.949399889E-01 -4.587900000E+04 2.477300000E+04 2.071499939E+02 3.660299988E+02 -1.272699966E+02 1.073700027E+02 1.615900040E+00 1.703799963E-01 2.362499945E-03
 8.404999971E-05 6.548000238E-05 3.819299936E-01 -4.855900000E+04 2.795100000E+04 2.045800018E+02 3.717099915E+02 -1.291000061E+02 1.000400009E+02 1.651100039E+00 1.627299935E-01 2.442999976E-03
 8.610000077E-05 6.476000272E-05 3.698099852E-01 -5.131200000E+04 2.809600000E+04 2.020700073E+02 3.764800110E+02 -1.306799927E+02 9.531300354E+01 1.682500005E+00 1.556199938E-01 2.522999886E-03
 8.815000183E-05 6.404000305E-05 3.581100106E-01 -6.336800000E+04 2.707000000E+04 1.998399963E+02 3.810499878E+02 -1.321300049E+02 1.226999969E+02 1.712200046E+00 1.490399987E-01 2.605600050E-03
 9.020000289E-05 6.332000339E-05 3.460899889E-01 -7.177600000E+04 3.187000000E+04 1.974799957E+02 3.862799988E+02 -1.337299957E+02 1.337100067E+02 1.745800018E+00 1.423400044E-01 2.696000040E-03
 9.224999667E-05 6.259999645E-05 3.345800042E-01 -7.797300000E+04 3.342400000E+04 1.952400055E+02 3.908599854E+02 -1.351600037E+02 1.193399963E+02 1.776299953E+00 1.360400021E-01 2.788800048E-03
 9.429999773E-05 6.187999679E-05 3.233099878E-01 -8.187900000E+04 3.468100000E+04 1.930299988E+02 3.950899963E+02 -1.366000061E+02 1.220500031E+02 1.805799961E+00 1.299699992E-01 2.886099974E-03
 9.634999878E-05 6.115999713E-05 3.131299913E-01 -9.269600000E+04 4.148500000E+04 1.909100037E+02 3.987699890E+02 -1.379199982E+02 1.493600006E+02 1.832700014E+00 1.244900003E-01 2.979600104E-03
 9.839999984E-05 6.044000111E-05 3.034999967E-01 -9.963600000E+04 4.056200000E+04 1.889600067E+02 4.022999878E+02 -1.389799957E+02 1.678999939E+02 1.858299971E+00 1.194299981E-01 3.074399894E-03
 1.004500009E-04 5.972000145E-05 2.936600149E-01 -1.100000000E+05 4.110600000E+04 1.870099945E+02 4.062999878E+02 -1.403200073E+02 1.741900024E+02 1.886399984E+00 1.143700033E-01 3.177300096E-03
 1.025000020E-04 5.900000178E-05 2.848599851E-01 -1.303000000E+05 4.780700000E+04 1.852899933E+02 4.098399963E+02 -1.415599976E+02 1.968000031E+02 1.911700010E+00 1.099200025E-01 3.275299910E-03
 1.045500030E-04 5.827999848E-05 2.770299911E-01 -1.499800000E+05 5.334500000E+04 1.838200073E+02 4.125700073E+02 -1.424799957E+02 2.171000061E+02 1.932100058E+00 1.060499996E-01 3.367800033E-03
 1.065999968E-04 5.755999882E-05 2.695499957E-01 -1.767100000E+05 6.590000000E+04 1.827100067E+02 4.147300110E+02 -1.431799927E+02 2.447500000E+02 1.947999954E+00 1.025599986E-01 3.461200045E-03
 1.086499979E-04 5.683999916E-05 2.641899884E-01 -2.562700000E+05 9.372700000E+04 1.833999939E+02 4.132699890E+02 -1.423300018E+02 3.292399902E+02 1.937100053E+00 1.008900031E-01 3.531000111E-03
 1.106999989E-04 5.611999950E-05 2.732500136E-01 -5.994400000E+05 2.094100000E+05 1.948800049E+02 3.903699951E+02 -1.344700012E+02 7.400700073E+02 1.779299974E+00 1.111200005E-01 3.418900073E-03
 1.127500000E-04 5.539999984E-05 3.347499967E-01 -9.596400000E+05 3.350400000E+05 2.268899994E+02 3.177900085E+02 -1.098399963E+02 1.553599976E+03 1.354799986E+00 1.604499966E-01 2.852299949E-03
 1.148000010E-04 5.468000018E-05 4.753400087E-01 -6.954900000E+05 2.468900000E+05 2.620700073E+02 2.211699982E+02 -7.617600250E+01 1.706099976E+03 8.725900054E-01 2.619400024E-01 2.034999896E-03
 1.168500021E-04 5.396000051E-05 6.243799925E-01 -2.186200000E+05 7.521700000E+04 2.805299988E+02 1.586900024E+02 -5.390999985E+01 9.606099854E+02 6.011899710E-01 3.653500080E-01 1.507499954E-03
 1.189000031E-04 5.324000085E-05 7.020099759E-01 -7.479200000E+04 1.993800000E+04 2.870400085E+02 1.338999939E+02 -4.492699814E+01 4.068999939E+02 5.003799796E-01 4.196699858E-01 1.329699997E-03
 1.209499969E-04 5.252000119E-05 7.275099754E-01 -4.719700000E+04 1.818800000E+04 2.891799927E+02 1.226200027E+02 -4.099200058E+01 2.424799957E+02 4.563100040E-01 4.381099939E-01 1.282299985E-03
 1.230000053E-04 5.180000153E-05 7.382599711E-01 -3.378000000E+04 1.343000000E+04 2.902300110E+02 1.148000031E+02 -3.855899811E+01 1.954400024E+02 4.266499877E-01 4.461899996E-01 1.263499958E-03
 1.250500063E-04 5.107999823E-05 7.448599935E-01 -3.624300000E+04 1.090800000E+04 2.911400146E+02 1.088000031E+02 -3.680799866E+01 1.818600006E+02 4.040000141E-01 4.515900016E-01 1.252299990E-03
 1.270999928E-04 5.035999857E-05 7.516599894E-01 -2.134600000E+04 -1.253199997E+02 2.920000000E+02 1.036999969E+02 -3.520399857E+01 1.638399963E+02 3.846299946E-01 4.570499957E-01 1.241000020E-03
 1.291499939E-04 4.963999891E-05 7.568699718E-01 -2.070600000E+04 9.176799927E+02 2.928500061E+02 9.913200378E+01 -3.362599945E+01 1.420200043E+02 3.671100140E-01 4.615600109E-01 1.232499955E-03
 1.311999949E-04 4.891999924E-05 7.602599859E-01 -2.551800000E+04 1.103400000E+04 2.936700134E+02 9.519799805E+01 -3.240100098E+01 1.265899963E+02 3.521800041E-01 4.649299979E-01 1.227000030E-03
 1.332499960E-04 4.819999958E-05 7.647899985E-01 -1.299400000E+04 5.524000000E+03 2.941700134E+02 9.177899933E+01 -3.128700066E+01 1.295099945E+02 3.392899930E-01 4.684900045E-01 1.219699974E-03
 1.352999971E-04 4.747999992E-05 7.691900134E-01 -9.110099609E+03 -3.302399902E+02 2.945199890E+02 8.849600220E+01 -3.014200020E+01 1.363399963E+02 3.269400001E-01 4.717499912E-01 1.212700037E-03
 1.373499981E-04 4.676000026E-05 7.723500133E-01 -5.241000000E+03 -3.277399902E+03 2.948299866E+02 8.551699829E+01 -2.926499939E+01 1.384600067E+02 3.159100115E-01 4.741800129E-01 1.207800000E-03
 1.393999992E-04 4.604000060E-05 7.759299874E-01 7.538499756E+02 -5.125799805E+03 2.951000061E+02 8.285199738E+01 -2.843499947E+01 1.098199997E+02 3.060199916E-01 4.768100083E-01 1.202199957E-03
 1.414500002E-04 4.532000094E-05 7.783200145E-01 1.076500000E+03 -3.379600098E+03 2.953999939E+02 8.051599884E+01 -2.769099998E+01 7.915200043E+01 2.973099947E-01 4.787699878E-01 1.198500046E-03
 1.435000013E-04 4.460000127E-05 7.800099850E-01 -1.043300000E+04 3.518399902E+03 2.956799927E+02 7.847000122E+01 -2.682299995E+01 7.610299683E+01 2.894299924E-01 4.802600145E-01 1.195900026E-03
 1.455500023E-04 4.388000161E-05 7.838900089E-01 -7.242000122E+02 -4.608100098E+03 2.956900024E+02 7.610500336E+01 -2.591699982E+01 8.370899963E+01 2.805899978E-01 4.826799929E-01 1.189999981E-03
 1.476000034E-04 4.315999831E-05 7.877100110E-01 1.307700000E+04 -4.464399902E+03 2.957200012E+02 7.382199860E+01 -2.525799942E+01 8.017099762E+01 2.722899914E-01 4.850699902E-01 1.184200053E-03
 1.496500045E-04 4.243999865E-05 7.890300155E-01 -5.804000000E+03 5.957700195E+03 2.962999878E+02 7.169000244E+01 -2.444400024E+01 7.390699768E+01 2.640799880E-01 4.868400097E-01 1.182200038E-03
 1.517000055E-04 4.171999899E-05 7.899799943E-01 -9.371200195E+03 4.754700195E+03 2.966000061E+02 6.939399719E+01 -2.358399963E+01 8.227999878E+01 2.554099858E-01 4.879100025E-01 1.180800027E-03
 1.537500066E-04 4.099999933E-05 7.930099964E-01 -6.441200195E+03 3.251000000E+03 2.966400146E+02 6.722799683E+01 -2.297999954E+01 7.466899872E+01 2.475599945E-01 4.898599982E-01 1.176299993E-03
 1.557999931E-04 4.027999967E-05 7.951899767E-01 -1.436100000E+04 4.294000000E+03 2.969800110E+02 6.527700043E+01 -2.221299934E+01 6.297299957E+01 2.401400059E-01 4.917599857E-01 1.173099969E-03
 1.578499941E-04 3.956000000E-05 7.968000174E-01 -5.355000000E+03 -3.731600098E+03 2.969899902E+02 6.324700165E+01 -2.142799950E+01 6.663500214E+01 2.325599939E-01 4.927800000E-01 1.170699950E-03
 1.598999952E-04 3.884000034E-05 7.983999848E-01 1.544300049E+03 -4.440200195E+03 2.971300049E+02 6.128400040E+01 -2.094700050E+01 5.467599869E+01 2.254900038E-01 4.939999878E-01 1.168300048E-03
 1.619499963E-04 3.812000068E-05 7.991799712E-01 -8.316900024E+02 7.953899902E+03 2.974700012E+02 5.961800003E+01 -2.033399963E+01 5.515000153E+01 2.191900015E-01 4.950599968E-01 1.167200040E-03
 1.639999973E-04 3.740000102E-05 8.004000187E-01 -7.180200195E+03 1.195300000E+04 2.974500122E+02 5.810599899E+01 -1.986899948E+01 5.958200073E+01 2.136999965E-01 4.957700074E-01 1.165400026E-03
 1.660499984E-04 3.668000136E-05 8.017699718E-01 -1.376500000E+04 1.062300000E+04 2.975899963E+02 5.668899918E+01 -1.936100006E+01 6.646700287E+01 2.084099948E-01 4.968500137E-01 1.163400011E-03
 1.680999994E-04 3.596000170E-05 8.033099771E-01 -1.274000000E+04 1.375500000E+04 2.981300049E+02 5.515499878E+01 -1.877300072E+01 6.224100113E+01 2.025099993E-01 4.987100065E-01 1.161199994E-03
 1.701500005E-04 3.523999840E-05 8.050299883E-01 -1.388100000E+04 1.060200000E+04 2.984500122E+02 5.366600037E+01 -1.826700020E+01 3.459400177E+01 1.969400048E-01 5.003100038E-01 1.158699975E-03
 1.722000015E-04 3.451999874E-05 8.062499762E-01 -1.558500000E+04 5.665399902E+03 2.984400024E+02 5.207500076E+01 -1.767499924E+01 3.485100174E+01 1.910399944E-01 5.010600090E-01 1.156999962E-03
 1.742500026E-04 3.379999907E-05 8.083199859E-01 -1.053500000E+04 4.845100098E+03 2.982399902E+02 5.023899841E+01 -1.691500092E+01 5.316899872E+01 1.842200011E-01 5.020099878E-01 1.154000056E-03
 1.763000037E-04 3.307999941E-05 8.107500076E-01 1.232500000E+03 2.488000000E+03 2.981300049E+02 4.828900146E+01 -1.611899948E+01 6.858699799E+01 1.769399941E-01 5.033400059E-01 1.150500029E-03
 1.783500047E-04 3.235999975E-05 8.117399812E-01 1.984199951E+03 7.278899902E+03 2.984599915E+02 4.625500107E+01 -1.545600033E+01 7.504299927E+01 1.694200039E-01 5.045099854E-01 1.149100019E-03
 1.804000058E-04 3.164000009E-05 8.126999736E-01 -6.818000000E+03 5.932100098E+03 2.987600098E+02 4.433800125E+01 -1.475899982E+01 7.101000214E+01 1.622499973E-01 5.055999756E-01 1.147800009E-03
 1.824500068E-04 3.092000043E-05 8.141599894E-01 3.551099854E+02 7.316899902E+03 2.985799866E+02 4.255199814E+01 -1.414099979E+01 5.767699814E+01 1.557399929E-01 5.062100291E-01 1.145699993E-03
 1.844999933E-04 3.020000077E-05 8.153499961E-01 7.372200195E+03 1.040400000E+04 2.985499878E+02 4.075500107E+01 -1.352600002E+01 3.389199829E+01 1.491499990E-01 5.069100261E-01 1.143999980E-03
 1.865499944E-04 2.947999928E-05 8.152300119E-01 -6.482000000E+03 5.263000000E+03 2.989899902E+02 3.900199890E+01 -1.285099983E+01 2.990900040E+01 1.425299942E-01 5.075700283E-01 1.144199981E-03
 1.885999955E-04 2.875999962E-05 8.157899976E-01 -5.319399902E+03 7.176299805E+03 2.992699890E+02 3.713299942E+01 -1.214099979E+01 6.033900070E+01 1.355299950E-01 5.083900094E-01 1.143399975E-03
 1.906499965E-04 2.803999996E-05 8.175200224E-01 2.850000000E+03 1.209400000E+04 2.995100098E+02 3.509199905E+01 -1.135400009E+01 5.028699875E+01 1.279000044E-01 5.098900199E-01 1.140999957E-03
 1.926999976E-04 2.732000030E-05 8.169299960E-01 -9.727099609E+03 4.442000000E+03 3.001400146E+02 3.309299850E+01 -1.062300014E+01 4.886600113E+01 1.203999966E-01 5.105800033E-01 1.141799963E-03
 1.947499986E-04 2.660000064E-05 8.133900166E-01 -2.459500000E+04 2.721800049E+03 3.015799866E+02 3.108399963E+01 -9.945500374E+00 7.015200043E+01 1.127900034E-01 5.108000040E-01 1.146800001E-03
 1.967999997E-04 2.587999916E-05 8.077200055E-01 -4.354700000E+04 1.887300000E+04 3.041099854E+02 2.897900009E+01 -9.064599991E+00 6.289199829E+01 1.045200005E-01 5.115000010E-01 1.154899946E-03
 1.988500007E-04 2.515999950E-05 7.987599969E-01 -8.003900000E+04 2.748500000E+04 3.078800049E+02 2.671100044E+01 -7.884300232E+00 7.053600311E+01 9.530299902E-02 5.120800138E-01 1.167900045E-03
 2.009000018E-04 2.443999983E-05 7.813000083E-01 -1.359800000E+05 3.944200000E+04 3.143599854E+02 2.384900093E+01 -6.102499962E+00 1.243600006E+02 8.344499767E-02 5.113400221E-01 1.194200013E-03
 2.029500029E-04 2.372000017E-05 7.509199977E-01 -1.970100000E+05 8.765200000E+04 3.247699890E+02 1.817000008E+01 -1.196300015E-01 4.142500000E+02 6.288599968E-02 5.076100230E-01 1.243000035E-03
 2.050000039E-04 2.300000051E-05 4.656899869E-01 -2.459100000E+04 2.423500000E+04 2.281799927E+02 3.111099854E+02 -1.110199966E+02 4.388399887E+01 1.312399983E+00 2.212799937E-01 2.003100002E-03
 0.000000000E+00 5.816699922E-05 1.600700021E+00 7.008200000E+04 1.048600000E+05 3.000000000E+02 3.211100006E+01 1.185799980E+01 -9.645800171E+02 1.269599944E-01 1.011299968E+00 5.718399771E-04
 2.049999921E-06 5.894000060E-05 1.606299996E+00 3.167800000E+04 5.895100000E+04 2.992000122E+02 3.502700043E+01 1.239900017E+01 -4.108800049E+02 1.331299990E-01 1.006399989E+00 5.752900033E-04
 4.099999842E-06 5.971299834E-05 1.611400008E+00 -1.455100000E+04 2.906699951E+03 2.983099976E+02 3.944499969E+01 1.363700008E+01 1.362799988E+02 1.450400054E-01 1.001000047E+00 5.788899725E-04
 6.149999990E-06 6.048700016E-05 1.610499978E+00 -2.143600000E+04 -1.904800000E+04 2.981099854E+02 4.252999878E+01 1.492899990E+01 1.138499985E+02 1.567000002E-01 9.997699857E-01 5.791999865E-04
 8.199999684E-06 6.125999789E-05 1.608000040E+00 -1.594600000E+04 -2.090700000E+04 2.980400085E+02 4.597800064E+01 1.602000046E+01 9.574800110E+01 1.692900062E-01 9.980099797E-01 5.800899817E-04
 1.024999983E-05 6.203300291E-05 1.606699944E+00 -3.817800049E+03 -4.136299805E+03 2.976799927E+02 4.972100067E+01 1.739100075E+01 1.062200012E+02 1.832599938E-01 9.959999919E-01 5.805600085E-04
 1.229999998E-05 6.280699745E-05 1.605000019E+00 -5.422600098E+02 -2.194699951E+03 2.971900024E+02 5.352600098E+01 1.901499939E+01 1.319400024E+02 1.977699995E-01 9.932900071E-01 5.811700248E-04
 1.435000013E-05 6.358000246E-05 1.599300027E+00 -4.672100067E+01 -7.219100098E+03 2.972699890E+02 5.752799988E+01 2.051000023E+01 1.509499969E+02 2.126100063E-01 9.899899960E-01 5.832699826E-04
 1.639999937E-05 6.435300020E-05 1.594599962E+00 -9.373000000E+03 9.131699829E+02 2.973099976E+02 6.183599854E+01 2.204999924E+01 1.373500061E+02 2.285200059E-01 9.872699976E-01 5.849599838E-04
 1.845000043E-05 6.512700202E-05 1.590000033E+00 -3.379800049E+03 8.465900391E+03 2.969800110E+02 6.626100159E+01 2.386199951E+01 1.424100037E+02 2.452999949E-01 9.833300114E-01 5.866499851E-04
 2.049999966E-05 6.589999975E-05 1.584800005E+00 7.033000000E+03 1.750199951E+03 2.965599976E+02 7.071600342E+01 2.568799973E+01 1.501100006E+02 2.622399926E-01 9.786999822E-01 5.885899882E-04
 2.255000072E-05 6.667299749E-05 1.578600049E+00 -6.931400146E+02 5.116199875E+01 2.962699890E+02 7.543099976E+01 2.753599930E+01 1.300899963E+02 2.800000012E-01 9.739000201E-01 5.909199826E-04
 2.459999996E-05 6.744699931E-05 1.570500016E+00 1.390000000E+03 1.236700000E+04 2.959700012E+02 8.044599915E+01 2.941500092E+01 1.406000061E+02 2.988300025E-01 9.679499865E-01 5.939400289E-04
 2.664999920E-05 6.821999705E-05 1.563599944E+00 7.585000000E+02 1.143300000E+04 2.954400024E+02 8.560199738E+01 3.135799980E+01 1.544299927E+02 3.183299899E-01 9.619299769E-01 5.965899909E-04
 2.870000026E-05 6.899300206E-05 1.553699970E+00 -2.838399902E+03 -1.314099976E+03 2.949800110E+02 9.103700256E+01 3.360400009E+01 1.451399994E+02 3.391099870E-01 9.543799758E-01 6.003800081E-04
 3.075000132E-05 6.976699660E-05 1.542400002E+00 -1.655400024E+03 3.759300049E+03 2.944500122E+02 9.671700287E+01 3.576200104E+01 1.864900055E+02 3.606599867E-01 9.457499981E-01 6.047699717E-04
 3.279999873E-05 7.054000162E-05 1.532999992E+00 1.619800000E+04 9.255200195E+03 2.936300049E+02 1.025199966E+02 3.806999969E+01 2.060899963E+02 3.830400109E-01 9.373499751E-01 6.084900233E-04
 3.484999979E-05 7.131299935E-05 1.520300031E+00 2.019000000E+04 1.668900000E+04 2.927699890E+02 1.088099976E+02 4.053599930E+01 1.613500061E+02 4.072900116E-01 9.268599749E-01 6.135799922E-04
 3.690000085E-05 7.208700117E-05 1.504199982E+00 1.567100000E+04 2.134400000E+04 2.917500000E+02 1.158300018E+02 4.309199905E+01 1.986100006E+02 4.342499971E-01 9.138600230E-01 6.201500073E-04
 3.894999827E-05 7.285999891E-05 1.486700058E+00 3.056100000E+04 1.812600000E+04 2.905599976E+02 1.237500000E+02 4.605799866E+01 2.496199951E+02 4.649299979E-01 8.995599747E-01 6.274500047E-04
 4.099999933E-05 7.363299665E-05 1.465399981E+00 2.850500000E+04 2.040700000E+04 2.891799927E+02 1.328399963E+02 4.943399811E+01 2.494700012E+02 5.002599955E-01 8.824300170E-01 6.366100279E-04
 4.305000039E-05 7.440699846E-05 1.438799977E+00 3.130200000E+04 1.930600000E+04 2.874800110E+02 1.432200012E+02 5.339899826E+01 2.797999878E+02 5.410699844E-01 8.613799810E-01 6.483700126E-04
 4.510000144E-05 7.518000348E-05 1.405099988E+00 3.515200000E+04 1.301200000E+04 2.851700134E+02 1.556399994E+02 5.799700165E+01 3.450100098E+02 5.903499722E-01 8.344900012E-01 6.639700150E-04
 4.714999886E-05 7.595300121E-05 1.358500004E+00 5.298900000E+04 1.480200000E+04 2.818999939E+02 1.721300049E+02 6.375500107E+01 4.341400146E+02 6.562500000E-01 7.975999713E-01 6.868999917E-04
 4.919999992E-05 7.672700303E-05 1.290199995E+00 1.142700000E+05 2.381900000E+04 2.766199951E+02 1.976499939E+02 7.169899750E+01 5.491900024E+02 7.591400146E-01 7.434999943E-01 7.237099926E-04
 5.125000098E-05 7.750000077E-05 9.480100274E-01 1.451200000E+05 4.627900000E+04 2.578299866E+02 2.570599976E+02 1.331499958E+01 -2.083800077E+00 1.000100017E+00 5.188500285E-01 1.103800023E-03
 5.329999840E-05 7.680399722E-05 5.472800136E-01 7.951800000E+04 5.028800000E+04 2.361199951E+02 3.026400146E+02 -7.772699738E+01 -2.342799988E+02 1.226899981E+00 2.706100047E-01 1.773500000E-03
 5.534999946E-05 7.610800094E-05 4.456900060E-01 5.628100098E+03 3.638600000E+04 2.291499939E+02 3.058399963E+02 -1.083499985E+02 1.714799957E+02 1.286399961E+00 2.126599997E-01 2.094700001E-03
 5.740000051E-05 7.541199739E-05 4.488100111E-01 -9.823200195E+03 4.088800000E+04 2.282599945E+02 3.084400024E+02 -1.115699997E+02 1.725899963E+02 1.302899957E+00 2.133300006E-01 2.078799997E-03
 5.945000157E-05 7.471600111E-05 4.600099921E-01 -1.489900000E+04 4.103600000E+04 2.278200073E+02 3.113599854E+02 -1.126100006E+02 1.416100006E+02 1.316499949E+00 2.182299942E-01 2.028099960E-03
 6.150000263E-05 7.401999756E-05 4.690299928E-01 -9.202099609E+03 3.601400000E+04 2.272400055E+02 3.147099915E+02 -1.131399994E+02 1.106399994E+02 1.331400037E+00 2.219499946E-01 1.988899894E-03
 6.354999641E-05 7.332400128E-05 4.727999866E-01 -8.960099609E+03 2.922800000E+04 2.263000031E+02 3.189700012E+02 -1.137500000E+02 8.634200287E+01 1.350999951E+00 2.228000015E-01 1.972999889E-03
 6.559999747E-05 7.262799772E-05 4.728499949E-01 -9.368200195E+03 2.248900000E+04 2.248399963E+02 3.234700012E+02 -1.148499985E+02 1.068700027E+02 1.373800039E+00 2.213899940E-01 1.972700004E-03
 6.764999853E-05 7.193200145E-05 4.699299932E-01 -5.317200195E+03 2.058600000E+04 2.230500031E+02 3.283399963E+02 -1.160400009E+02 9.744000244E+01 1.399399996E+00 2.182800025E-01 1.984999981E-03
 6.969999959E-05 7.123599789E-05 4.636200070E-01 -1.253500000E+04 2.262900000E+04 2.211100006E+02 3.337399902E+02 -1.170400009E+02 8.198799896E+01 1.427399993E+00 2.134799957E-01 2.012100071E-03
 7.175000064E-05 7.054000162E-05 4.539900124E-01 -1.834300000E+04 2.189500000E+04 2.188699951E+02 3.395700073E+02 -1.183000031E+02 8.442500305E+01 1.458699942E+00 2.069299966E-01 2.055000048E-03
 7.380000170E-05 6.984399806E-05 4.435499907E-01 -2.525900000E+04 2.441900000E+04 2.165899963E+02 3.449200134E+02 -1.200299988E+02 8.297000122E+01 1.489300013E+00 2.000599951E-01 2.103300067E-03
 7.585000276E-05 6.914800178E-05 4.328100085E-01 -3.613400000E+04 2.711700000E+04 2.143899994E+02 3.501400146E+02 -1.216699982E+02 1.070400009E+02 1.519299984E+00 1.932400018E-01 2.155600116E-03
 7.789999654E-05 6.845199823E-05 4.205499887E-01 -3.765200000E+04 2.655600000E+04 2.119299927E+02 3.560499878E+02 -1.232200012E+02 1.202200012E+02 1.553200006E+00 1.856199950E-01 2.218599897E-03
 7.994999760E-05 6.775600195E-05 4.081299901E-01 -3.801600000E+04 2.683500000E+04 2.093699951E+02 3.616300049E+02 -1.247500000E+02 1.190299988E+02 1.586699963E+00 1.779499948E-01 2.286100062E-03
 8.199999866E-05 6.705999840E-05 3.958500028E-01 -4.495900000E+04 2.620400000E+04 2.070200043E+02 3.669599915E+02 -1.262600021E+02 1.145000000E+02 1.618700027E+00 1.706600040E-01 2.357000019E-03
 8.404999971E-05 6.636400212E-05 3.832300007E-01 -4.794800000E+04 2.715300000E+04 2.045299988E+02 3.723299866E+02 -1.278000031E+02 1.199899979E+02 1.651999950E+00 1.632400006E-01 2.434799913E-03
 8.610000077E-05 6.566799857E-05 3.709999919E-01 -5.368800000E+04 2.863600000E+04 2.021499939E+02 3.772399902E+02 -1.292200012E+02 1.299799957E+02 1.683200002E+00 1.561899930E-01 2.514899941E-03
 8.815000183E-05 6.497200229E-05 3.590500057E-01 -6.335100000E+04 3.181800000E+04 1.999199982E+02 3.820400085E+02 -1.305899963E+02 1.392500000E+02 1.713700056E+00 1.494999975E-01 2.598700114E-03
 9.020000289E-05 6.427599874E-05 3.468300104E-01 -7.061500000E+04 3.467500000E+04 1.974900055E+02 3.871300049E+02 -1.320700073E+02 1.375099945E+02 1.746799946E+00 1.426499933E-01 2.690300113E-03
 9.224999667E-05 6.358000246E-05 3.354699910E-01 -7.860000000E+04 3.468700000E+04 1.952299957E+02 3.916799927E+02 -1.333399963E+02 1.416199951E+02 1.777199984E+00 1.363900006E-01 2.781300107E-03
 9.429999773E-05 6.288399891E-05 3.246200085E-01 -8.313200000E+04 3.673800000E+04 1.929700012E+02 3.958999939E+02 -1.346399994E+02 1.529600067E+02 1.806599975E+00 1.304599941E-01 2.874400001E-03
 9.634999878E-05 6.218800263E-05 3.140699863E-01 -9.242700000E+04 4.121000000E+04 1.908899994E+02 3.998500061E+02 -1.358699951E+02 1.626199951E+02 1.834400058E+00 1.248600036E-01 2.970800037E-03
 9.839999984E-05 6.149199908E-05 3.040800095E-01 -1.016100000E+05 4.187300000E+04 1.890500031E+02 4.035700073E+02 -1.369299927E+02 1.723099976E+02 1.860200047E+00 1.197199970E-01 3.068400081E-03
 1.004500009E-04 6.079599916E-05 2.945300043E-01 -1.115600000E+05 4.433900000E+04 1.871300049E+02 4.071799927E+02 -1.381799927E+02 1.797599945E+02 1.886500001E+00 1.147800013E-01 3.167799907E-03
 1.025000020E-04 6.009999925E-05 2.856299877E-01 -1.293800000E+05 5.134500000E+04 1.853500061E+02 4.105000000E+02 -1.393600006E+02 2.027400055E+02 1.911000013E+00 1.102500036E-01 3.266500076E-03
 1.045500030E-04 5.940399933E-05 2.773199975E-01 -1.513000000E+05 5.690400000E+04 1.838399963E+02 4.133800049E+02 -1.401999969E+02 2.212799988E+02 1.932100058E+00 1.061699986E-01 3.364400007E-03
 1.065999968E-04 5.870799941E-05 2.694999874E-01 -1.781800000E+05 6.563800000E+04 1.826600037E+02 4.157300110E+02 -1.407100067E+02 2.460000000E+02 1.949000001E+00 1.025099978E-01 3.461899934E-03
 1.086499979E-04 5.801199950E-05 2.637799978E-01 -2.463200000E+05 8.982000000E+04 1.829900055E+02 4.150799866E+02 -1.401199951E+02 3.153299866E+02 1.943600059E+00 1.005100012E-01 3.536500037E-03
 1.106999989E-04 5.731599958E-05 2.708399892E-01 -5.479900000E+05 1.935100000E+05 1.929700012E+02 3.953099976E+02 -1.331199951E+02 6.708599854E+02 1.805799961E+00 1.090200022E-01 3.448300064E-03
 1.127500000E-04 5.661999967E-05 3.260399997E-01 -9.284100000E+05 3.272300000E+05 2.235700073E+02 3.265599976E+02 -1.097399979E+02 1.468099976E+03 1.398300052E+00 1.539199948E-01 2.921700012E-03
 1.148000010E-04 5.592399975E-05 4.596700072E-01 -7.159100000E+05 2.596400000E+05 2.596300049E+02 2.285700073E+02 -7.615699768E+01 1.706599976E+03 9.038599730E-01 2.512499988E-01 2.107900102E-03
 1.168500021E-04 5.522799984E-05 6.106699705E-01 -2.281100000E+05 8.577000000E+04 2.796499939E+02 1.612799988E+02 -5.281299973E+01 9.997100220E+02 6.099299788E-01 3.563700020E-01 1.545300009E-03
 1.189000031E-04 5.453199992E-05 6.954600215E-01 -6.732900000E+04 1.814800000E+04 2.868399963E+02 1.341300049E+02 -4.315499878E+01 3.931000061E+02 4.994100034E-01 4.154900014E-01 1.342699979E-03
 1.209499969E-04 5.383600001E-05 7.243000269E-01 -3.511000000E+04 8.980599609E+03 2.892099915E+02 1.227900009E+02 -3.918500137E+01 2.119600067E+02 4.549199939E-01 4.362199903E-01 1.288000029E-03
 1.230000053E-04 5.314000009E-05 7.364000082E-01 -2.101700000E+04 1.219800000E+04 2.902999878E+02 1.153399963E+02 -3.699499893E+01 1.706600037E+02 4.266999960E-01 4.451699853E-01 1.266799984E-03
 1.250500063E-04 5.244400018E-05 7.440299988E-01 -2.650800000E+04 1.151300000E+04 2.912600098E+02 1.093600006E+02 -3.541799927E+01 1.597599945E+02 4.042600095E-01 4.512600005E-01 1.253700000E-03
 1.270999928E-04 5.174800026E-05 7.508100271E-01 -2.025400000E+04 1.226699951E+03 2.920599976E+02 1.040899963E+02 -3.389799881E+01 1.492599945E+02 3.844600022E-01 4.566299915E-01 1.242400031E-03
 1.291499939E-04 5.105200034E-05 7.560600042E-01 -1.676600000E+04 7.724900055E+01 2.928599854E+02 9.959999847E+01 -3.252700043E+01 1.349799957E+02 3.674699962E-01 4.610800147E-01 1.233799965E-03
 1.311999949E-04 5.035600043E-05 7.600299716E-01 -2.214300000E+04 6.250500000E+03 2.936300049E+02 9.582599640E+01 -3.149300003E+01 1.258700027E+02 3.532899916E-01 4.647200108E-01 1.227300032E-03
 1.332499960E-04 4.966000051E-05 7.646700144E-01 -1.389600000E+04 6.458500000E+03 2.940199890E+02 9.236299896E+01 -3.050799942E+01 1.120500031E+02 3.404600024E-01 4.681699872E-01 1.219899976E-03
 1.352999971E-04 4.896400060E-05 7.689800262E-01 -1.044400000E+04 -1.980800018E+02 2.943800049E+02 8.915799713E+01 -2.938599968E+01 1.100999985E+02 3.283799887E-01 4.713999927E-01 1.213000040E-03
 1.373499981E-04 4.826800068E-05 7.720299959E-01 -1.010000000E+04 -3.363100098E+03 2.947699890E+02 8.623000336E+01 -2.847699928E+01 1.230400009E+02 3.174600005E-01 4.738900065E-01 1.208200003E-03
 1.393999992E-04 4.757200077E-05 7.754399776E-01 -4.238700195E+03 -2.127700043E+02 2.950199890E+02 8.349700165E+01 -2.774900055E+01 1.129100037E+02 3.074499965E-01 4.763999879E-01 1.202899963E-03
 1.414500002E-04 4.687600085E-05 7.783899903E-01 -1.649599976E+03 2.879899902E+03 2.952900085E+02 8.107199860E+01 -2.707699966E+01 7.853399658E+01 2.985199988E-01 4.786399901E-01 1.198400045E-03
 1.435000013E-04 4.618000094E-05 7.800199986E-01 -7.752899902E+03 3.996199951E+03 2.957200012E+02 7.891999817E+01 -2.622599983E+01 6.916400146E+01 2.902500033E-01 4.803400040E-01 1.195900026E-03
 1.455500023E-04 4.548400102E-05 7.832900286E-01 -5.644399902E+03 -1.445599976E+03 2.958800049E+02 7.665399933E+01 -2.533200073E+01 7.334799957E+01 2.816799879E-01 4.826200008E-01 1.190899988E-03
 1.476000034E-04 4.478800111E-05 7.868000269E-01 4.141600098E+03 1.477700043E+02 2.958599854E+02 7.431999969E+01 -2.457299995E+01 7.689700317E+01 2.731299996E-01 4.847500026E-01 1.185599947E-03
 1.496500045E-04 4.409200119E-05 7.885900140E-01 -2.896000000E+03 2.913000000E+03 2.962200012E+02 7.205899811E+01 -2.361000061E+01 7.748699951E+01 2.644299865E-01 4.864400029E-01 1.182900043E-03
 1.517000055E-04 4.339600127E-05 7.900300026E-01 -4.031399902E+03 1.861900024E+02 2.964299927E+02 6.986399841E+01 -2.289100075E+01 7.857900238E+01 2.562899888E-01 4.876700044E-01 1.180700026E-03
 1.537500066E-04 4.270000136E-05 7.921800017E-01 -4.884299805E+03 2.149800049E+03 2.965799866E+02 6.787699890E+01 -2.247999954E+01 6.658499908E+01 2.491800040E-01 4.892500043E-01 1.177500002E-03
 1.557999931E-04 4.200400144E-05 7.941700220E-01 -1.342700000E+04 7.739799805E+03 2.969599915E+02 6.602600098E+01 -2.173600006E+01 6.127299881E+01 2.421000004E-01 4.911000133E-01 1.174599980E-03
 1.578499941E-04 4.130800153E-05 7.963700294E-01 -5.546100098E+03 -3.731000061E+02 2.970199890E+02 6.408999634E+01 -2.088699913E+01 7.568199921E+01 2.347500026E-01 4.925599992E-01 1.171299955E-03
 1.598999952E-04 4.061200161E-05 7.980200052E-01 -2.235899902E+03 -1.548400024E+03 2.971400146E+02 6.227600098E+01 -2.045700073E+01 6.511900330E+01 2.282399982E-01 4.937700033E-01 1.168900053E-03
 1.619499963E-04 3.991600170E-05 7.988499999E-01 -7.697100098E+03 8.964200195E+03 2.974700012E+02 6.061399841E+01 -1.995800018E+01 5.551300049E+01 2.220699936E-01 4.948399961E-01 1.167700044E-03
 1.639999973E-04 3.922000178E-05 8.000900149E-01 -1.184600000E+04 8.377900391E+03 2.975899963E+02 5.901499939E+01 -1.951600075E+01 4.968299866E+01 2.162600011E-01 4.958199859E-01 1.165900030E-03
 1.660499984E-04 3.852399823E-05 8.011500239E-01 -1.172400000E+04 7.217299805E+03 2.977399902E+02 5.747299957E+01 -1.895999908E+01 6.411399841E+01 2.105000019E-01 4.967299998E-01 1.164300018E-03
 1.680999994E-04 3.782799831E-05 8.026900291E-01 -1.251400000E+04 8.771599609E+03 2.981600037E+02 5.588700104E+01 -1.828800011E+01 7.725800323E+01 2.043900043E-01 4.983699918E-01 1.162100001E-03
 1.701500005E-04 3.713199840E-05 8.045600057E-01 -1.596700000E+04 7.008299805E+03 2.984100037E+02 5.427099991E+01 -1.774500084E+01 5.227000046E+01 1.983799934E-01 4.999600053E-01 1.159399981E-03
 1.722000015E-04 3.643599848E-05 8.054999709E-01 -9.991700195E+03 3.942600098E+03 2.984599915E+02 5.264099884E+01 -1.706100082E+01 4.225099945E+01 1.922499985E-01 5.006300211E-01 1.157999970E-03
 1.742500026E-04 3.573999857E-05 8.072100282E-01 -8.900599976E+02 2.206300049E+03 2.983599854E+02 5.093399811E+01 -1.633600044E+01 5.811100006E+01 1.858700067E-01 5.015199780E-01 1.155599952E-03
 1.763000037E-04 3.504399865E-05 8.098000288E-01 1.102400024E+03 2.476600098E+03 2.982699890E+02 4.908200073E+01 -1.546599960E+01 7.380200195E+01 1.788499951E-01 5.029799938E-01 1.151900040E-03
 1.783500047E-04 3.434799874E-05 8.109499812E-01 -3.470899902E+03 7.982200195E+03 2.985899963E+02 4.716999817E+01 -1.476599979E+01 7.509400177E+01 1.717000008E-01 5.042300224E-01 1.150300028E-03
 1.804000058E-04 3.365199882E-05 8.116800189E-01 -6.574399902E+03 7.956000000E+03 2.988399963E+02 4.529899979E+01 -1.420400047E+01 5.907600021E+01 1.648399979E-01 5.051100254E-01 1.149200019E-03
 1.824500068E-04 3.295599890E-05 8.131600022E-01 -1.229800049E+03 4.940899902E+03 2.986799927E+02 4.348699951E+01 -1.356000042E+01 4.880799866E+01 1.582099944E-01 5.057500005E-01 1.147100003E-03
 1.844999933E-04 3.225999899E-05 8.144999743E-01 2.764000000E+03 5.530899902E+03 2.987200012E+02 4.164899826E+01 -1.289200020E+01 4.112900162E+01 1.514199972E-01 5.066699982E-01 1.145199989E-03
 1.865499944E-04 3.156399907E-05 8.150299788E-01 -4.618100098E+03 2.425699951E+03 2.991400146E+02 3.978200150E+01 -1.214900017E+01 4.398400116E+01 1.443700045E-01 5.077000260E-01 1.144499984E-03
 1.885999955E-04 3.086799916E-05 8.156899810E-01 -6.630799805E+03 4.235899902E+03 2.993299866E+02 3.792599869E+01 -1.138399982E+01 5.321400070E+01 1.374000013E-01 5.084400177E-01 1.143599977E-03
 1.906499965E-04 3.017199924E-05 8.169400096E-01 -1.855000000E+03 6.012000000E+03 2.995400085E+02 3.594200134E+01 -1.052299976E+01 4.577199936E+01 1.299200058E-01 5.095700026E-01 1.141799963E-03
 1.926999976E-04 2.947599933E-05 8.166700006E-01 -6.483899902E+03 2.627800049E+03 3.002399902E+02 3.378699875E+01 -9.652600288E+00 4.671200180E+01 1.217700019E-01 5.105999708E-01 1.142199966E-03
 1.947499986E-04 2.877999941E-05 8.134899735E-01 -2.110200000E+04 7.606100098E+03 3.015799866E+02 3.161199951E+01 -8.797599792E+00 5.333000183E+01 1.134900004E-01 5.108799934E-01 1.146700000E-03
 1.967999997E-04 2.808399950E-05 8.080999851E-01 -4.091200000E+04 2.085400000E+04 3.038800049E+02 2.949099922E+01 -7.856900215E+00 6.340100098E+01 1.051900014E-01 5.113400221E-01 1.154299942E-03
 1.988500007E-04 2.738799958E-05 7.997400165E-01 -7.083900000E+04 2.780400000E+04 3.074700012E+02 2.718899918E+01 -6.475800037E+00 8.250099945E+01 9.586299956E-02 5.120199919E-01 1.166400034E-03
 2.009000018E-04 2.669199966E-05 7.843099833E-01 -1.159800000E+05 3.833100000E+04 3.134400024E+02 2.413999939E+01 -3.844899893E+00 1.402599945E+02 8.347900212E-02 5.118299723E-01 1.189599978E-03
 2.029500029E-04 2.599599975E-05 7.585499883E-01 -1.657700000E+05 8.248200000E+04 3.230599976E+02 1.916500092E+01 3.481499910E+00 3.883900146E+02 6.896299869E-02 5.100799799E-01 1.230400056E-03
 2.050000039E-04 2.529999983E-05 7.429800034E-01 -1.901600000E+05 1.151100000E+05 3.288500061E+02 1.598799992E+01 9.070599556E+00 5.905599976E+02 6.167099997E-02 5.087400079E-01 1.255700015E-03
 0.000000000E+00 5.933300054E-05 1.600700021E+00 -5.798800000E+04 5.378400000E+04 3.000000000E+02 3.470000076E+01 1.146199989E+01 -4.129500122E+02 1.350899935E-01 1.011500001E+00 5.729600089E-04
 2.049999921E-06 6.008000128E-05 1.606099963E+00 -3.129600000E+04 3.941400000E+04 2.993800049E+02 3.722800064E+01 1.181299973E+01 -1.591900024E+02 1.397300065E-01 1.006999969E+00 5.759099731E-04
 4.099999842E-06 6.082699838E-05 1.610700011E+00 -6.009899902E+03 9.642099609E+03 2.985299988E+02 4.119100189E+01 1.277600002E+01 1.009199982E+02 1.498199999E-01 1.001299977E+00 5.791200092E-04
 6.149999990E-06 6.157300231E-05 1.609899998E+00 -1.021100000E+04 -1.843600000E+04 2.981499939E+02 4.430599976E+01 1.389900017E+01 1.223600006E+02 1.614200026E-01 9.995099902E-01 5.794300232E-04
 8.199999684E-06 6.232000305E-05 1.607599974E+00 -9.420900391E+03 -1.766700000E+04 2.979800110E+02 4.788199997E+01 1.491600037E+01 1.371999969E+02 1.743900031E-01 9.975100160E-01 5.802499945E-04
 1.024999983E-05 6.306699652E-05 1.605299950E+00 -1.404400000E+04 1.688500000E+03 2.977500000E+02 5.161500168E+01 1.624799919E+01 1.268199997E+02 1.882299930E-01 9.953200221E-01 5.810899893E-04
 1.229999998E-05 6.381300045E-05 1.603000045E+00 -7.648100098E+03 6.755399902E+03 2.973800049E+02 5.553599930E+01 1.791600037E+01 1.292599945E+02 2.031099945E-01 9.926900268E-01 5.819100188E-04
 1.435000013E-05 6.456000119E-05 1.598099947E+00 6.356900024E+02 -3.153899902E+03 2.973500061E+02 5.963299942E+01 1.946500015E+01 1.378899994E+02 2.183399945E-01 9.895499945E-01 5.836799974E-04
 1.639999937E-05 6.530700193E-05 1.592900038E+00 -8.479799805E+03 2.979199951E+03 2.974200134E+02 6.369900131E+01 2.086700058E+01 1.276299973E+02 2.332700044E-01 9.865300059E-01 5.856099888E-04
 1.845000043E-05 6.605299859E-05 1.588000059E+00 -4.670600098E+03 1.600800000E+04 2.970899963E+02 6.795200348E+01 2.260000038E+01 1.296199951E+02 2.493599951E-01 9.824399948E-01 5.873899790E-04
 2.049999966E-05 6.679999933E-05 1.582800031E+00 1.473000000E+03 3.913100098E+03 2.966499939E+02 7.252700043E+01 2.448600006E+01 1.290599976E+02 2.667500079E-01 9.777600169E-01 5.893299822E-04
 2.255000072E-05 6.754700007E-05 1.576400042E+00 4.115299805E+03 -4.613700195E+03 2.962999878E+02 7.731999969E+01 2.629599953E+01 1.284100037E+02 2.847599983E-01 9.726399779E-01 5.917400122E-04
 2.459999996E-05 6.829299673E-05 1.569200039E+00 9.363400391E+03 7.098899902E+03 2.958099976E+02 8.227700043E+01 2.815500069E+01 1.514299927E+02 3.034600019E-01 9.665899873E-01 5.944599980E-04
 2.664999920E-05 6.903999747E-05 1.562600017E+00 1.231000000E+04 8.575500000E+03 2.952900085E+02 8.729499817E+01 3.013199997E+01 1.641000061E+02 3.225399852E-01 9.608299732E-01 5.969700287E-04
 2.870000026E-05 6.978699821E-05 1.553400040E+00 1.372400000E+04 -2.400000000E+03 2.948399963E+02 9.258799744E+01 3.230199814E+01 1.424600067E+02 3.427500129E-01 9.537400007E-01 6.005099858E-04
 3.075000132E-05 7.053300214E-05 1.541499972E+00 8.035000000E+03 5.347899902E+03 2.943399963E+02 9.826200104E+01 3.444200134E+01 1.622799988E+02 3.642500043E-01 9.448599815E-01 6.051199744E-04
 3.279999873E-05 7.128000289E-05 1.531000018E+00 9.332299805E+03 8.188500000E+03 2.935599976E+02 1.041200027E+02 3.678099823E+01 2.129400024E+02 3.868100047E-01 9.359200001E-01 6.092899712E-04
 3.484999979E-05 7.202700363E-05 1.518599987E+00 6.610600098E+03 1.574600000E+04 2.926199951E+02 1.105800018E+02 3.926300049E+01 1.842299957E+02 4.116899967E-01 9.253399968E-01 6.142799975E-04
 3.690000085E-05 7.277300028E-05 1.502200007E+00 1.296199951E+03 1.470300000E+04 2.916900024E+02 1.177500000E+02 4.180899811E+01 1.924100037E+02 4.390900135E-01 9.124600291E-01 6.209799903E-04
 3.894999827E-05 7.352000102E-05 1.483299971E+00 1.726100000E+04 1.837800000E+04 2.906099854E+02 1.257900009E+02 4.466699982E+01 2.426900024E+02 4.699499905E-01 8.976299763E-01 6.289100274E-04
 4.099999933E-05 7.426700176E-05 1.461500049E+00 1.919800000E+04 1.772200000E+04 2.892399902E+02 1.348699951E+02 4.788800049E+01 2.400800018E+02 5.050600171E-01 8.802899718E-01 6.382900174E-04
 4.305000039E-05 7.501299842E-05 1.435700059E+00 7.865100098E+03 3.942300049E+03 2.873500061E+02 1.451999969E+02 5.172900009E+01 2.742699890E+02 5.457699895E-01 8.591300249E-01 6.497700233E-04
 4.510000144E-05 7.575999916E-05 1.401800036E+00 1.660900000E+04 5.641000000E+03 2.849200134E+02 1.579799957E+02 5.617900085E+01 3.112500000E+02 5.962399840E-01 8.317800164E-01 6.655500038E-04
 4.714999886E-05 7.650699990E-05 1.354099989E+00 5.374300000E+04 4.307299805E+03 2.816600037E+02 1.749499969E+02 6.145999908E+01 3.772799988E+02 6.632500291E-01 7.943300009E-01 6.891600206E-04
 4.919999992E-05 7.725299656E-05 1.282299995E+00 1.161100000E+05 1.268900000E+04 2.761300049E+02 2.015200043E+02 6.793299866E+01 4.787300110E+02 7.685899734E-01 7.376899719E-01 7.282900042E-04
 5.125000098E-05 7.799999730E-05 1.004400015E+00 1.500700000E+05 2.314000000E+04 2.596799927E+02 2.620700073E+02 2.679199982E+01 -2.139900055E+02 1.003200054E+00 5.494499803E-01 9.847499896E-04
 5.329999840E-05 7.732799713E-05 6.337800026E-01 7.977000000E+04 2.144400000E+04 2.383699951E+02 3.115499878E+02 -5.827199936E+01 -4.438099976E+02 1.243299961E+00 3.170999885E-01 1.549800043E-03
 5.534999946E-05 7.665599696E-05 4.766899943E-01 -5.265600098E+03 4.134400000E+04 2.284700012E+02 3.162699890E+02 -1.064300003E+02 2.071000061E+02 1.325500011E+00 2.268600017E-01 1.964699943E-03
 5.740000051E-05 7.598399679E-05 4.577299953E-01 -2.549100000E+04 6.954800000E+04 2.268099976E+02 3.155499878E+02 -1.153700027E+02 3.266400146E+02 1.338899970E+00 2.161799967E-01 2.038399922E-03
 5.945000157E-05 7.531199662E-05 4.633800089E-01 -2.117600000E+04 6.775600000E+04 2.264499969E+02 3.168200073E+02 -1.168199997E+02 2.799200134E+02 1.346699953E+00 2.185000032E-01 2.013300080E-03
 6.150000263E-05 7.463999646E-05 4.704400003E-01 -1.838600000E+04 5.603500000E+04 2.260700073E+02 3.191300049E+02 -1.167900009E+02 2.427400055E+02 1.356400013E+00 2.214699984E-01 1.982900081E-03
 6.354999641E-05 7.396800356E-05 4.744200110E-01 -1.861600000E+04 4.943700000E+04 2.253800049E+02 3.224200134E+02 -1.164899979E+02 2.106699982E+02 1.370399952E+00 2.226600051E-01 1.966200070E-03
 6.559999747E-05 7.329600339E-05 4.747799933E-01 -1.104200000E+04 4.432800000E+04 2.241499939E+02 3.265499878E+02 -1.169100037E+02 1.882100067E+02 1.390400052E+00 2.216099948E-01 1.964699943E-03
 6.764999853E-05 7.262400322E-05 4.714300036E-01 -1.011700000E+04 3.693000000E+04 2.225700073E+02 3.312099915E+02 -1.175000000E+02 1.677899933E+02 1.413699985E+00 2.185000032E-01 1.978700049E-03
 6.969999959E-05 7.195200305E-05 4.650599957E-01 -1.772800000E+04 3.519000000E+04 2.206499939E+02 3.362799988E+02 -1.178099976E+02 1.697500000E+02 1.439599991E+00 2.136899978E-01 2.005900024E-03
 7.175000064E-05 7.128000289E-05 4.564400017E-01 -2.084700000E+04 3.476700000E+04 2.184299927E+02 3.419599915E+02 -1.184499969E+02 1.490800018E+02 1.469499946E+00 2.076299936E-01 2.043900080E-03
 7.380000170E-05 7.060800272E-05 4.459599853E-01 -2.527700000E+04 3.528400000E+04 2.163600006E+02 3.475700073E+02 -1.197399979E+02 1.424799957E+02 1.499899983E+00 2.009299994E-01 2.092000097E-03
 7.585000276E-05 6.993600255E-05 4.346399903E-01 -3.894700000E+04 3.466700000E+04 2.141799927E+02 3.529700012E+02 -1.210000000E+02 1.594600067E+02 1.530200005E+00 1.938699931E-01 2.146499930E-03
 7.789999654E-05 6.926400238E-05 4.225899875E-01 -3.999800000E+04 3.035600000E+04 2.117200012E+02 3.585599976E+02 -1.220299988E+02 1.596600037E+02 1.562199950E+00 1.863300055E-01 2.207800047E-03
 7.994999760E-05 6.859200221E-05 4.102100134E-01 -3.820900000E+04 3.015600000E+04 2.091199951E+02 3.638800049E+02 -1.232200012E+02 1.569299927E+02 1.594400048E+00 1.786500067E-01 2.274499973E-03
 8.199999866E-05 6.792000204E-05 3.980300128E-01 -4.250000000E+04 3.214100000E+04 2.066799927E+02 3.691400146E+02 -1.243600006E+02 1.456100006E+02 1.626099944E+00 1.713200063E-01 2.344100038E-03
 8.404999971E-05 6.724800187E-05 3.857100010E-01 -4.756800000E+04 3.087400000E+04 2.043399963E+02 3.744299927E+02 -1.254599991E+02 1.632100067E+02 1.657899976E+00 1.641400009E-01 2.419099910E-03
 8.610000077E-05 6.657600170E-05 3.735199869E-01 -6.023200000E+04 3.173700000E+04 2.020500031E+02 3.793500061E+02 -1.265500031E+02 1.812100067E+02 1.688500047E+00 1.571699977E-01 2.497999929E-03
 8.815000183E-05 6.590400153E-05 3.613699973E-01 -6.795400000E+04 3.537600000E+04 1.997899933E+02 3.840799866E+02 -1.275299988E+02 1.723999939E+02 1.718400002E+00 1.503600031E-01 2.582099987E-03
 9.020000289E-05 6.523200136E-05 3.489199877E-01 -7.251000000E+04 3.878500000E+04 1.974600067E+02 3.891000061E+02 -1.288099976E+02 1.586999969E+02 1.750499964E+00 1.434900016E-01 2.674299991E-03
 9.224999667E-05 6.456000119E-05 3.374199867E-01 -7.886500000E+04 3.989800000E+04 1.952200012E+02 3.938200073E+02 -1.300500031E+02 1.724299927E+02 1.781499982E+00 1.371800005E-01 2.765299985E-03
 9.429999773E-05 6.388800102E-05 3.265700042E-01 -8.308900000E+04 3.995900000E+04 1.929700012E+02 3.981099854E+02 -1.308899994E+02 1.876199951E+02 1.810600042E+00 1.312399954E-01 2.857200103E-03
 9.634999878E-05 6.321600085E-05 3.156700134E-01 -9.312100000E+04 4.150000000E+04 1.909199982E+02 4.022099915E+02 -1.318600006E+02 1.874299927E+02 1.838500023E+00 1.255100071E-01 2.955900040E-03
 9.839999984E-05 6.254400068E-05 3.055199981E-01 -1.052600000E+05 4.501300000E+04 1.890899963E+02 4.059400024E+02 -1.329600067E+02 1.873099976E+02 1.864300013E+00 1.203100011E-01 3.053900087E-03
 1.004500009E-04 6.187200051E-05 2.961800098E-01 -1.159600000E+05 4.920400000E+04 1.872100067E+02 4.094200134E+02 -1.340099945E+02 1.878500061E+02 1.889600039E+00 1.154699996E-01 3.150200006E-03
 1.025000020E-04 6.120000035E-05 2.870799899E-01 -1.281800000E+05 5.302800000E+04 1.853800049E+02 4.126499939E+02 -1.349900055E+02 2.081399994E+02 1.913800001E+00 1.108300015E-01 3.250099951E-03
 1.045500030E-04 6.052800018E-05 2.784900069E-01 -1.462200000E+05 5.611300000E+04 1.837700043E+02 4.156000061E+02 -1.356799927E+02 2.196900024E+02 1.935500026E+00 1.065799966E-01 3.350300016E-03
 1.065999968E-04 5.985600001E-05 2.704800069E-01 -1.740400000E+05 6.221800000E+04 1.825299988E+02 4.181700134E+02 -1.360899963E+02 2.412899933E+02 1.953500032E+00 1.028100029E-01 3.449399956E-03
 1.086499979E-04 5.918399984E-05 2.641699910E-01 -2.226600000E+05 8.060000000E+04 1.822700043E+02 4.187099915E+02 -1.359700012E+02 2.925000000E+02 1.957000017E+00 1.002599970E-01 3.531400114E-03
 1.106999989E-04 5.851199967E-05 2.675699890E-01 -4.482500000E+05 1.634100000E+05 1.893099976E+02 4.047500000E+02 -1.305399933E+02 5.549199829E+02 1.857200027E+00 1.055700034E-01 3.487899899E-03
 1.127500000E-04 5.783999950E-05 3.106699884E-01 -8.703700000E+05 3.095800000E+05 2.166199951E+02 3.450799866E+02 -1.095899963E+02 1.306800049E+03 1.491400003E+00 1.418000013E-01 3.047900042E-03
 1.148000010E-04 5.716799933E-05 4.304800034E-01 -7.777000000E+05 2.788900000E+05 2.540800018E+02 2.463099976E+02 -7.623799896E+01 1.719000000E+03 9.797300100E-01 2.307499945E-01 2.251700033E-03
 1.168500021E-04 5.649599916E-05 5.842199922E-01 -2.780600000E+05 1.021600000E+05 2.775199890E+02 1.691900024E+02 -5.082799911E+01 1.120599976E+03 6.377599835E-01 3.386299908E-01 1.621800009E-03
 1.189000031E-04 5.582399899E-05 6.824300289E-01 -6.834200000E+04 1.944800000E+04 2.862600098E+02 1.360500031E+02 -3.994699860E+01 4.257300110E+02 5.031499863E-01 4.069199860E-01 1.369199948E-03
 1.209499969E-04 5.515199882E-05 7.187200189E-01 -2.608100000E+04 9.317000000E+03 2.891900024E+02 1.235000000E+02 -3.590599823E+01 1.890000000E+02 4.539299905E-01 4.328399897E-01 1.298099989E-03
 1.230000053E-04 5.447999865E-05 7.329400182E-01 -1.395100000E+04 1.456200000E+04 2.904100037E+02 1.163199997E+02 -3.405699921E+01 1.477799988E+02 4.268699884E-01 4.432500005E-01 1.272800029E-03
 1.250500063E-04 5.380799848E-05 7.417399883E-01 -1.525700000E+04 8.284500000E+03 2.913099976E+02 1.104700012E+02 -3.274700165E+01 1.350200043E+02 4.052000046E-01 4.499599934E-01 1.257600030E-03
 1.270999928E-04 5.313599831E-05 7.489699721E-01 -1.318000000E+04 9.910000000E+02 2.920599976E+02 1.052900009E+02 -3.156299973E+01 1.208700027E+02 3.860400021E-01 4.555099905E-01 1.245500054E-03
 1.291499939E-04 5.246400178E-05 7.544199824E-01 -1.215900000E+04 1.399000000E+03 2.928900146E+02 1.009499969E+02 -3.056699944E+01 1.183099976E+02 3.699100018E-01 4.601300061E-01 1.236499986E-03
 1.311999949E-04 5.179200161E-05 7.594199777E-01 -1.529300000E+04 8.311599731E+02 2.935400085E+02 9.715100098E+01 -2.977300072E+01 1.189700012E+02 3.559400141E-01 4.642100036E-01 1.228300040E-03
 1.332499960E-04 5.112000144E-05 7.638700008E-01 -9.654500000E+03 6.347100098E+03 2.938599854E+02 9.369799805E+01 -2.896199989E+01 9.914199829E+01 3.433699906E-01 4.674400091E-01 1.221199986E-03
 1.352999971E-04 5.044800128E-05 7.676299810E-01 -1.184100000E+04 2.102500000E+03 2.942799988E+02 9.056999969E+01 -2.795599937E+01 9.786699677E+01 3.316200078E-01 4.704200029E-01 1.215200056E-03
 1.373499981E-04 4.977600111E-05 7.710899711E-01 -1.371000000E+04 -2.122300049E+03 2.947200012E+02 8.763800049E+01 -2.709199905E+01 1.139300003E+02 3.206900060E-01 4.732399881E-01 1.209700014E-03
 1.393999992E-04 4.910400094E-05 7.743300200E-01 -6.971200195E+03 5.882899902E+03 2.949599915E+02 8.493399811E+01 -2.648500061E+01 1.146999969E+02 3.109099865E-01 4.756000042E-01 1.204699976E-03
 1.414500002E-04 4.843200077E-05 7.776499987E-01 -2.027099976E+03 4.602899902E+03 2.951600037E+02 8.239600372E+01 -2.581800079E+01 7.872899628E+01 3.016400039E-01 4.779700041E-01 1.199500053E-03
 1.435000013E-04 4.776000060E-05 7.798500061E-01 -2.682199951E+03 2.258600006E+02 2.956499939E+02 8.000299835E+01 -2.503199959E+01 6.484400177E+01 2.926099896E-01 4.801299870E-01 1.196100027E-03
 1.455500023E-04 4.708800043E-05 7.826499939E-01 -6.686500000E+03 -4.042999878E+02 2.959500122E+02 7.779299927E+01 -2.421299934E+01 7.700800323E+01 2.842499912E-01 4.823299944E-01 1.191899995E-03
 1.476000034E-04 4.641600026E-05 7.856299877E-01 -4.281200195E+03 5.005200195E+03 2.960000000E+02 7.558499908E+01 -2.330800056E+01 8.140399933E+01 2.759299874E-01 4.842500091E-01 1.187299960E-03
 1.496500045E-04 4.574400009E-05 7.877100110E-01 -6.171299805E+03 4.166299805E+03 2.962300110E+02 7.332299805E+01 -2.233600044E+01 8.564399719E+01 2.672800124E-01 4.859200120E-01 1.184200053E-03
 1.517000055E-04 4.507199992E-05 7.895799875E-01 -7.959100098E+03 1.586199951E+03 2.964400024E+02 7.133499908E+01 -2.186000061E+01 7.076000214E+01 2.600699961E-01 4.874100089E-01 1.181400032E-03
 1.537500066E-04 4.439999975E-05 7.908200026E-01 -1.043100000E+04 3.574500000E+03 2.966199951E+02 6.959500122E+01 -2.156599998E+01 6.781999969E+01 2.538999915E-01 4.884699881E-01 1.179500017E-03
 1.557999931E-04 4.372799958E-05 7.927100062E-01 -1.259800000E+04 6.156200195E+03 2.969299927E+02 6.783699799E+01 -2.089699936E+01 6.759999847E+01 2.472299933E-01 4.901500046E-01 1.176699996E-03
 1.578499941E-04 4.305599941E-05 7.953199744E-01 -6.770700195E+03 3.249500122E+02 2.971000061E+02 6.602799988E+01 -2.010000038E+01 6.693800354E+01 2.403199971E-01 4.920499921E-01 1.172899967E-03
 1.598999952E-04 4.238399924E-05 7.970700264E-01 -4.228600098E+03 1.356400024E+03 2.971900024E+02 6.421800232E+01 -1.961000061E+01 6.591200256E+01 2.337599993E-01 4.932799935E-01 1.170299947E-03
 1.619499963E-04 4.171199907E-05 7.983899713E-01 -7.285000000E+03 9.382400391E+03 2.975199890E+02 6.243199921E+01 -1.910099983E+01 6.316199875E+01 2.271800041E-01 4.946500063E-01 1.168400049E-03
 1.639999973E-04 4.103999891E-05 7.997900248E-01 -6.494899902E+03 4.607500000E+03 2.977900085E+02 6.064899826E+01 -1.866799927E+01 6.306700134E+01 2.206999958E-01 4.959700108E-01 1.166300033E-03
 1.660499984E-04 4.036799874E-05 8.009499907E-01 -2.208500000E+03 -1.443300049E+03 2.979400024E+02 5.885499954E+01 -1.806699944E+01 8.303800201E+01 2.140700072E-01 4.969300032E-01 1.164600020E-03
 1.680999994E-04 3.969599857E-05 8.018699884E-01 -7.620899902E+03 -5.348400116E+01 2.982099915E+02 5.718199921E+01 -1.725000000E+01 9.751999664E+01 2.075899988E-01 4.979499876E-01 1.163300010E-03
 1.701500005E-04 3.902399840E-05 8.032000065E-01 -1.348600000E+04 -2.902500000E+02 2.984100037E+02 5.550099945E+01 -1.665099907E+01 7.839800262E+01 2.013200074E-01 4.991199970E-01 1.161399996E-03
 1.722000015E-04 3.835199823E-05 8.047400117E-01 -5.783100098E+03 -2.623600098E+03 2.984100037E+02 5.385400009E+01 -1.591699982E+01 6.730200195E+01 1.951099932E-01 5.000699759E-01 1.159099978E-03
 1.742500026E-04 3.768000170E-05 8.066499829E-01 2.554300049E+03 -8.349500122E+02 2.983599854E+02 5.218799973E+01 -1.519400024E+01 7.731099701E+01 1.888699979E-01 5.011699796E-01 1.156399958E-03
 1.763000037E-04 3.700800153E-05 8.087099791E-01 2.168899902E+03 1.998000000E+03 2.984700012E+02 5.047499847E+01 -1.426599979E+01 9.002100372E+01 1.822299957E-01 5.026299953E-01 1.153400051E-03
 1.783500047E-04 3.633600136E-05 8.098199964E-01 -2.261699951E+03 5.692600098E+03 2.987099915E+02 4.889500046E+01 -1.359399986E+01 7.760700226E+01 1.762399971E-01 5.037299991E-01 1.151900040E-03
 1.804000058E-04 3.566400119E-05 8.105199933E-01 -3.598399902E+03 4.029000000E+03 2.988399963E+02 4.720899963E+01 -1.311800003E+01 6.190200043E+01 1.701299995E-01 5.043900013E-01 1.150900032E-03
 1.824500068E-04 3.499200102E-05 8.117100000E-01 -9.267299805E+02 -2.876000061E+02 2.988599854E+02 4.533399963E+01 -1.238700008E+01 5.133499908E+01 1.631799936E-01 5.051699877E-01 1.149200019E-03
 1.844999933E-04 3.432000085E-05 8.129500151E-01 -1.964099976E+03 2.704300049E+03 2.990299988E+02 4.353200150E+01 -1.173299980E+01 5.818500137E+01 1.564999968E-01 5.062199831E-01 1.147400006E-03
 1.865499944E-04 3.364800068E-05 8.139899969E-01 -3.472300049E+03 3.616699951E+03 2.992699890E+02 4.163299942E+01 -1.076599979E+01 6.764600372E+01 1.492200047E-01 5.072799921E-01 1.145999995E-03
 1.885999955E-04 3.297600051E-05 8.149799705E-01 -4.841899902E+03 6.485100098E+02 2.993699951E+02 3.957600021E+01 -9.820899963E+00 4.627199936E+01 1.414899975E-01 5.080500245E-01 1.144599984E-03
 1.906499965E-04 3.230400034E-05 8.161600232E-01 -5.976100098E+03 -2.855500000E+03 2.995700073E+02 3.755599976E+01 -8.932499886E+00 4.297000122E+01 1.339100003E-01 5.091400146E-01 1.142899971E-03
 1.926999976E-04 3.163200017E-05 8.163400292E-01 -8.461700195E+03 5.526800156E+01 3.002099915E+02 3.545500183E+01 -7.844999790E+00 5.748099899E+01 1.258399934E-01 5.103300214E-01 1.142699970E-03
 1.947499986E-04 3.096000000E-05 8.138800263E-01 -2.207300000E+04 1.515400000E+04 3.013200073E+02 3.331399918E+01 -6.776500225E+00 6.048799896E+01 1.176100001E-01 5.106800199E-01 1.146099996E-03
 1.967999997E-04 3.028799983E-05 8.094199896E-01 -3.600400000E+04 2.684600000E+04 3.033200073E+02 3.111899948E+01 -5.685100079E+00 7.077300262E+01 1.091099977E-01 5.112500191E-01 1.152400044E-03
 1.988500007E-04 2.961599967E-05 8.022199869E-01 -5.104100000E+04 2.665100000E+04 3.065199890E+02 2.865600014E+01 -3.730999947E+00 9.926399994E+01 9.932199866E-02 5.120300055E-01 1.162800007E-03
 2.009000018E-04 2.894399950E-05 7.903100252E-01 -8.492300000E+04 3.256500000E+04 3.115400085E+02 2.565600014E+01 1.654900014E-01 1.570599976E+02 8.789599687E-02 5.126600266E-01 1.180400024E-03
 2.029500029E-04 2.827199933E-05 7.716000080E-01 -1.232400000E+05 7.014600000E+04 3.194700012E+02 2.207600021E+01 8.541999817E+00 3.236099854E+02 8.230300248E-02 5.131800175E-01 1.209200011E-03
 2.050000039E-04 2.759999916E-05 7.602099776E-01 -1.393500000E+05 9.736800000E+04 3.242600098E+02 2.016699982E+01 1.444699955E+01 4.491300049E+02 8.273900300E-02 5.132799745E-01 1.227100031E-03
 0.000000000E+00 6.049999865E-05 1.600700021E+00 -7.865300000E+04 1.188400000E+04 3.000000000E+02 3.612699890E+01 1.078299999E+01 -2.917900085E+02 1.392199993E-01 1.011600018E+00 5.734000006E-04
 2.049999921E-06 6.122000195E-05 1.605999947E+00 -4.266900000E+04 1.079300000E+04 2.994100037E+02 3.882899857E+01 1.112800026E+01 -1.059100037E+02 1.444099993E-01 1.007099986E+00 5.761799985E-04
 4.099999842E-06 6.194000161E-05 1.610200047E+00 -6.486799805E+03 5.922600098E+03 2.986199951E+02 4.306800079E+01 1.191199970E+01 9.051599884E+01 1.552100033E-01 1.001299977E+00 5.793099990E-04
 6.149999990E-06 6.266000128E-05 1.608700037E+00 -1.709900024E+03 -1.624000000E+03 2.983299866E+02 4.635300064E+01 1.278800011E+01 1.330800018E+02 1.670999974E-01 9.993900061E-01 5.798499915E-04
 8.199999684E-06 6.338000094E-05 1.606099963E+00 -1.173099976E+03 -4.860799866E+02 2.981099854E+02 5.004100037E+01 1.376599979E+01 1.619199982E+02 1.804199964E-01 9.970700145E-01 5.807700218E-04
 1.024999983E-05 6.410000060E-05 1.603500009E+00 -1.245100000E+04 6.931500000E+03 2.979400024E+02 5.386700058E+01 1.511800003E+01 1.521699982E+02 1.945499927E-01 9.948400259E-01 5.817399942E-04
 1.229999998E-05 6.482000026E-05 1.600399971E+00 -1.532800000E+04 8.652799805E+03 2.977600098E+02 5.784400177E+01 1.683200073E+01 1.523699951E+02 2.095499933E-01 9.923400283E-01 5.828400026E-04
 1.435000013E-05 6.553999992E-05 1.595800042E+00 -1.364300000E+04 1.302500000E+03 2.975100098E+02 6.199499893E+01 1.849500084E+01 1.528300018E+02 2.251199931E-01 9.886800051E-01 5.845300038E-04
 1.639999937E-05 6.625999958E-05 1.590999961E+00 -1.553800000E+04 -1.144900024E+03 2.973999939E+02 6.609899902E+01 1.987400055E+01 1.589600067E+02 2.402199954E-01 9.853199720E-01 5.862900289E-04
 1.845000043E-05 6.697999925E-05 1.586699963E+00 -1.073200000E+04 4.016600098E+03 2.972000122E+02 7.045300293E+01 2.153199959E+01 1.564400024E+02 2.564899921E-01 9.819499850E-01 5.878999946E-04
 2.049999966E-05 6.769999891E-05 1.581699967E+00 3.213800049E+03 -8.444400024E+02 2.967699890E+02 7.502200317E+01 2.347699928E+01 1.403800049E+02 2.738699913E-01 9.774600267E-01 5.897600204E-04
 2.255000072E-05 6.841999857E-05 1.575000048E+00 1.302200000E+04 5.175799805E+03 2.962999878E+02 7.950000000E+01 2.519700050E+01 1.474900055E+02 2.907800078E-01 9.718000293E-01 5.922699929E-04
 2.459999996E-05 6.913999823E-05 1.567800045E+00 1.415800000E+04 2.089600000E+04 2.958099976E+02 8.416500092E+01 2.693700027E+01 1.935500031E+02 3.083800077E-01 9.657599926E-01 5.949700135E-04
 2.664999920E-05 6.985999789E-05 1.560500026E+00 1.352300000E+04 4.930700195E+03 2.953800049E+02 8.917500305E+01 2.897900009E+01 1.934600067E+02 3.274300098E-01 9.598500133E-01 5.977699766E-04
 2.870000026E-05 7.057999755E-05 1.551399946E+00 1.381400000E+04 -6.634899902E+03 2.948599854E+02 9.450700378E+01 3.111400032E+01 1.409299927E+02 3.477500081E-01 9.525899887E-01 6.012800150E-04
 3.075000132E-05 7.129999722E-05 1.540599942E+00 1.681500000E+04 3.304100098E+03 2.942799988E+02 1.001600037E+02 3.322000122E+01 1.596000061E+02 3.691700101E-01 9.440600276E-01 6.055000122E-04
 3.279999873E-05 7.201999688E-05 1.529500008E+00 9.089099609E+03 5.593899902E+03 2.934700012E+02 1.060400009E+02 3.550600052E+01 2.121799927E+02 3.917900026E-01 9.347400069E-01 6.098700105E-04
 3.484999979E-05 7.273999654E-05 1.516499996E+00 4.577500000E+03 9.361200195E+03 2.925799866E+02 1.125800018E+02 3.794900131E+01 2.119600067E+02 4.168399870E-01 9.239199758E-01 6.151300040E-04
 3.690000085E-05 7.346000348E-05 1.500000000E+00 9.264500000E+03 2.227899902E+03 2.916900024E+02 1.197799988E+02 4.046599960E+01 2.220599976E+02 4.442799985E-01 9.111300111E-01 6.219000206E-04
 3.894999827E-05 7.418000314E-05 1.480700016E+00 1.797200000E+04 1.055400000E+04 2.905400085E+02 1.276699982E+02 4.320600128E+01 2.306799927E+02 4.745799899E-01 8.958799839E-01 6.300000241E-04
 4.099999933E-05 7.490000280E-05 1.458899975E+00 2.441300000E+04 1.705000000E+04 2.892300110E+02 1.366799927E+02 4.628499985E+01 2.244799957E+02 5.092700124E-01 8.787000179E-01 6.394099910E-04
 4.305000039E-05 7.562000246E-05 1.432999969E+00 1.864600000E+04 8.599299805E+03 2.873200073E+02 1.470899963E+02 4.987300110E+01 2.819800110E+02 5.499500036E-01 8.574100137E-01 6.510199746E-04
 4.510000144E-05 7.634000212E-05 1.398300052E+00 2.567300000E+04 6.067500000E+03 2.847399902E+02 1.601100006E+02 5.411100006E+01 2.942500000E+02 6.011599898E-01 8.291599751E-01 6.672400050E-04
 4.714999886E-05 7.706000179E-05 1.349699974E+00 5.645900000E+04 4.221299805E+03 2.812900085E+02 1.775500031E+02 5.897399902E+01 3.338900146E+02 6.696199775E-01 7.907199860E-01 6.914000260E-04
 4.919999992E-05 7.778000145E-05 1.276200056E+00 9.929500000E+04 4.534700195E+03 2.756900024E+02 2.044199982E+02 6.392699814E+01 3.941600037E+02 7.746999860E-01 7.329900265E-01 7.318399730E-04
 5.125000098E-05 7.850000111E-05 1.043400049E+00 1.274600000E+05 -1.296300000E+04 2.609200134E+02 2.618900146E+02 3.400500107E+01 -3.542999878E+02 9.948199987E-01 5.713499784E-01 9.247299749E-04
 5.329999840E-05 7.785199705E-05 7.111600041E-01 7.841700000E+04 -2.679800000E+04 2.405700073E+02 3.148299866E+02 -4.053699875E+01 -6.748499756E+02 1.240599990E+00 3.591000140E-01 1.372899977E-03
 5.534999946E-05 7.720400026E-05 5.237200260E-01 -1.025300000E+04 1.626200000E+04 2.286199951E+02 3.266000061E+02 -9.805899811E+01 1.650900078E+01 1.355200052E+00 2.496200055E-01 1.797699952E-03
 5.740000051E-05 7.655600348E-05 4.751499891E-01 -4.509400000E+04 7.122100000E+04 2.253999939E+02 3.252500000E+02 -1.166299973E+02 3.189599915E+02 1.381399989E+00 2.230100036E-01 1.964699943E-03
 5.945000157E-05 7.590799942E-05 4.705100060E-01 -3.629900000E+04 8.276700000E+04 2.247899933E+02 3.247399902E+02 -1.204599991E+02 3.495499878E+02 1.386500001E+00 2.202399969E-01 1.982799964E-03
 6.150000263E-05 7.526000263E-05 4.739300013E-01 -2.998600000E+04 7.575100000E+04 2.244700012E+02 3.257699890E+02 -1.204700012E+02 3.299100037E+02 1.391299963E+00 2.215300053E-01 1.968299970E-03
 6.354999641E-05 7.461199857E-05 4.770799875E-01 -2.627300000E+04 6.673900000E+04 2.239100037E+02 3.278699951E+02 -1.195500031E+02 3.043599854E+02 1.399700046E+00 2.224500030E-01 1.955300104E-03
 6.559999747E-05 7.396400179E-05 4.771099985E-01 -1.726000000E+04 6.174000000E+04 2.228600006E+02 3.313999939E+02 -1.193199997E+02 2.610000000E+02 1.416000009E+00 2.214200050E-01 1.955100102E-03
 6.764999853E-05 7.331599772E-05 4.733299911E-01 -1.699000000E+04 5.669200000E+04 2.214199982E+02 3.357999878E+02 -1.193000031E+02 2.292500000E+02 1.437299967E+00 2.182500064E-01 1.970800105E-03
 6.969999959E-05 7.266800094E-05 4.668000042E-01 -2.533500000E+04 5.273100000E+04 2.197100067E+02 3.405799866E+02 -1.190999985E+02 2.337100067E+02 1.460899949E+00 2.135699987E-01 1.998400083E-03
 7.175000064E-05 7.201999688E-05 4.583500028E-01 -3.055900000E+04 5.126800000E+04 2.177299957E+02 3.459599915E+02 -1.191500015E+02 2.054199982E+02 1.488199949E+00 2.078299969E-01 2.035399899E-03
 7.380000170E-05 7.137200009E-05 4.483500123E-01 -2.853600000E+04 4.633900000E+04 2.156999969E+02 3.513099976E+02 -1.196900024E+02 1.968300018E+02 1.516600013E+00 2.013899982E-01 2.080800012E-03
 7.585000276E-05 7.072400331E-05 4.372600019E-01 -3.075400000E+04 3.966600000E+04 2.134499969E+02 3.565100098E+02 -1.204899979E+02 2.038699951E+02 1.545899987E+00 1.943700016E-01 2.133700065E-03
 7.789999654E-05 7.007599925E-05 4.253900051E-01 -3.855600000E+04 3.765300000E+04 2.110000000E+02 3.618999939E+02 -1.210899963E+02 1.937200012E+02 1.576699972E+00 1.869300008E-01 2.193300053E-03
 7.994999760E-05 6.942800246E-05 4.132100046E-01 -4.502100000E+04 3.982200000E+04 2.085899963E+02 3.671499939E+02 -1.219000015E+02 1.933099976E+02 1.607599974E+00 1.794999987E-01 2.257999964E-03
 8.199999866E-05 6.877999840E-05 4.007399976E-01 -4.403900000E+04 3.910000000E+04 2.061799927E+02 3.723200073E+02 -1.227300034E+02 1.896100006E+02 1.638599992E+00 1.720699966E-01 2.328299917E-03
 8.404999971E-05 6.813200162E-05 3.880499899E-01 -4.866600000E+04 3.546000000E+04 2.039499969E+02 3.775400085E+02 -1.233899994E+02 1.986100006E+02 1.669199944E+00 1.648200005E-01 2.404500032E-03
 8.610000077E-05 6.748399755E-05 3.756900132E-01 -6.245200000E+04 3.578800000E+04 2.017299957E+02 3.823999939E+02 -1.240699997E+02 2.017700043E+02 1.698699951E+00 1.578299999E-01 2.483600052E-03
 8.815000183E-05 6.683600077E-05 3.635100126E-01 -7.103000000E+04 3.758700000E+04 1.994299927E+02 3.870199890E+02 -1.247399979E+02 1.970599976E+02 1.728099942E+00 1.509799957E-01 2.566799987E-03
 9.020000289E-05 6.618799671E-05 3.513500094E-01 -7.695600000E+04 3.906900000E+04 1.971499939E+02 3.919899902E+02 -1.257799988E+02 1.880399933E+02 1.759699941E+00 1.442600042E-01 2.655700082E-03
 9.224999667E-05 6.553999992E-05 3.395900130E-01 -7.947000000E+04 3.970800000E+04 1.950000000E+02 3.966799927E+02 -1.267500000E+02 1.859499969E+02 1.789800048E+00 1.379099935E-01 2.747599967E-03
 9.429999773E-05 6.489200314E-05 3.283100128E-01 -8.173500000E+04 4.013800000E+04 1.928999939E+02 4.007999878E+02 -1.272099991E+02 1.937100067E+02 1.817000031E+00 1.318899989E-01 2.841999987E-03
 9.634999878E-05 6.424399908E-05 3.175899982E-01 -9.028100000E+04 4.182200000E+04 1.908500061E+02 4.047699890E+02 -1.279100037E+02 1.932700043E+02 1.844200015E+00 1.262300014E-01 2.938000020E-03
 9.839999984E-05 6.359600229E-05 3.076499999E-01 -1.049000000E+05 4.582400000E+04 1.889299927E+02 4.083500061E+02 -1.289299927E+02 1.971100006E+02 1.869699955E+00 1.210500002E-01 3.032800043E-03
 1.004500009E-04 6.294799823E-05 2.981100082E-01 -1.190000000E+05 4.962900000E+04 1.871100006E+02 4.117999878E+02 -1.298800049E+02 2.027500000E+02 1.894500017E+00 1.161599979E-01 3.129899967E-03
 1.025000020E-04 6.230000145E-05 2.889199853E-01 -1.306100000E+05 5.075600000E+04 1.853500061E+02 4.152200012E+02 -1.306199951E+02 2.135899963E+02 1.918799996E+00 1.115199998E-01 3.229399910E-03
 1.045500030E-04 6.165199738E-05 2.803100049E-01 -1.443300000E+05 5.357400000E+04 1.836999969E+02 4.183900146E+02 -1.312400055E+02 2.239499969E+02 1.941599965E+00 1.072300002E-01 3.328599967E-03
 1.065999968E-04 6.100400060E-05 2.723299861E-01 -1.666000000E+05 5.926400000E+04 1.823200073E+02 4.211099854E+02 -1.317400055E+02 2.414600067E+02 1.961199999E+00 1.033999994E-01 3.426000010E-03
 1.086499979E-04 6.035600018E-05 2.655499876E-01 -2.041500000E+05 7.395400000E+04 1.816499939E+02 4.223500061E+02 -1.318600006E+02 2.778699951E+02 1.970199943E+00 1.004500017E-01 3.513199976E-03
 1.106999989E-04 5.970799975E-05 2.654600143E-01 -3.707100000E+05 1.382400000E+05 1.862299957E+02 4.132600098E+02 -1.279199982E+02 4.735799866E+02 1.903599977E+00 1.029800028E-01 3.514500102E-03
 1.127500000E-04 5.905999933E-05 2.974399924E-01 -8.097500000E+05 2.873800000E+05 2.095599976E+02 3.642399902E+02 -1.097099991E+02 1.151300049E+03 1.590199947E+00 1.309799999E-01 3.167900024E-03
 1.148000010E-04 5.841199891E-05 4.031899869E-01 -8.510000000E+05 2.977200000E+05 2.472599945E+02 2.684100037E+02 -7.673500061E+01 1.696199951E+03 1.077100039E+00 2.107400000E-01 2.403199906E-03
 1.168500021E-04 5.776399848E-05 5.581300259E-01 -3.664900000E+05 1.279400000E+05 2.743299866E+02 1.821300049E+02 -4.925899887E+01 1.245099976E+03 6.857299805E-01 3.202100098E-01 1.706199953E-03
 1.189000031E-04 5.711600170E-05 6.698700190E-01 -8.273100000E+04 2.562800000E+04 2.851099854E+02 1.410800018E+02 -3.723199844E+01 5.139500122E+02 5.188900232E-01 3.979099989E-01 1.396200038E-03
 1.209499969E-04 5.646800128E-05 7.140100002E-01 -2.793500000E+04 1.679100000E+04 2.888399963E+02 1.257699966E+02 -3.323400116E+01 2.198399963E+02 4.594500065E-01 4.294799864E-01 1.306700055E-03
 1.230000053E-04 5.582000085E-05 7.300699949E-01 -2.160200000E+04 1.861400000E+04 2.903399963E+02 1.181500015E+02 -3.169499969E+01 1.552899933E+02 4.308699965E-01 4.414100051E-01 1.277799951E-03
 1.250500063E-04 5.517200043E-05 7.399500012E-01 -1.556100000E+04 7.534100098E+03 2.912300110E+02 1.124199982E+02 -3.061499977E+01 1.284400024E+02 4.097799957E-01 4.487499893E-01 1.260700054E-03
 1.270999928E-04 5.452400001E-05 7.476400137E-01 -8.595299805E+03 5.478100098E+03 2.919800110E+02 1.074800034E+02 -2.972800064E+01 1.085899963E+02 3.916800022E-01 4.545800090E-01 1.247699955E-03
 1.291499939E-04 5.387599958E-05 7.532399893E-01 -7.934100098E+03 6.459600098E+03 2.928200073E+02 1.031200027E+02 -2.889900017E+01 9.426899719E+01 3.756099939E-01 4.593000114E-01 1.238400000E-03
 1.311999949E-04 5.322799916E-05 7.584000230E-01 -1.157100000E+04 1.444699951E+03 2.934599915E+02 9.917099762E+01 -2.830999947E+01 1.004000015E+02 3.613300025E-01 4.634500146E-01 1.230000053E-03
 1.332499960E-04 5.257999874E-05 7.628999949E-01 -7.557700195E+03 5.465000000E+03 2.937999878E+02 9.573100281E+01 -2.763599968E+01 1.056100006E+02 3.488900065E-01 4.667499959E-01 1.222699997E-03
 1.352999971E-04 5.193199831E-05 7.667400241E-01 -8.798200195E+03 6.985200195E+03 2.941400146E+02 9.256999969E+01 -2.670599937E+01 9.142199707E+01 3.371700048E-01 4.696399868E-01 1.216599951E-03
 1.373499981E-04 5.128400153E-05 7.705900073E-01 -9.292299805E+03 1.823599976E+03 2.944500122E+02 8.957499695E+01 -2.588100052E+01 9.347699738E+01 3.261199892E-01 4.724999964E-01 1.210500021E-03
 1.393999992E-04 5.063600111E-05 7.739300132E-01 -2.343000000E+03 3.452199951E+03 2.947699890E+02 8.683000183E+01 -2.537599945E+01 9.544999695E+01 3.162299991E-01 4.750599861E-01 1.205299981E-03
 1.414500002E-04 4.998800068E-05 7.768499851E-01 -2.023199951E+03 -1.662099976E+03 2.951099854E+02 8.425399780E+01 -2.475000000E+01 8.772100067E+01 3.067899942E-01 4.773899913E-01 1.200799947E-03
 1.435000013E-04 4.934000026E-05 7.796199918E-01 -5.285899902E+03 -8.849699707E+02 2.954899902E+02 8.183999634E+01 -2.405800056E+01 8.974099731E+01 2.978299856E-01 4.797100127E-01 1.196500030E-03
 1.455500023E-04 4.869199984E-05 7.826600075E-01 7.286099854E+02 4.587700195E+03 2.956700134E+02 7.959500122E+01 -2.337899971E+01 8.914900208E+01 2.895500064E-01 4.818899930E-01 1.191799995E-03
 1.476000034E-04 4.804399941E-05 7.849100232E-01 -3.090000000E+03 7.538700195E+03 2.957900085E+02 7.761499786E+01 -2.239200020E+01 9.049900055E+01 2.818999887E-01 4.834800065E-01 1.188399969E-03
 1.496500045E-04 4.739599899E-05 7.871000171E-01 -1.146800000E+04 4.978799805E+03 2.961199951E+02 7.557199860E+01 -2.155900002E+01 9.008000183E+01 2.740899920E-01 4.853500128E-01 1.185099944E-03
 1.517000055E-04 4.674799857E-05 7.892400026E-01 -9.366000000E+03 4.317700195E+03 2.964599915E+02 7.355200195E+01 -2.119599915E+01 6.830500031E+01 2.668200135E-01 4.872199893E-01 1.181900036E-03
 1.537500066E-04 4.610000178E-05 7.899799943E-01 -8.598799805E+03 5.044700195E+03 2.967399902E+02 7.177100372E+01 -2.084199905E+01 8.492900085E+01 2.603799999E-01 4.881399870E-01 1.180800027E-03
 1.557999931E-04 4.545200136E-05 7.917199731E-01 -4.196799805E+03 -1.310800018E+02 2.969400024E+02 7.005699921E+01 -2.033399963E+01 8.960700226E+01 2.540700138E-01 4.895499945E-01 1.178200007E-03
 1.578499941E-04 4.480400094E-05 7.943400145E-01 -3.919899902E+03 -6.350999756E+02 2.970599976E+02 6.839700317E+01 -1.961400032E+01 6.807599640E+01 2.477699965E-01 4.913699925E-01 1.174299978E-03
 1.598999952E-04 4.415600051E-05 7.962599993E-01 -1.661900024E+03 3.770600098E+03 2.971499939E+02 6.660299683E+01 -1.888199997E+01 6.979199982E+01 2.410500050E-01 4.927099943E-01 1.171499956E-03
 1.619499963E-04 4.350800009E-05 7.980499864E-01 5.712500000E+02 7.166700195E+03 2.974800110E+02 6.468199921E+01 -1.831299973E+01 7.053199768E+01 2.339500040E-01 4.943599999E-01 1.168800052E-03
 1.639999973E-04 4.285999967E-05 7.997599840E-01 -1.701300049E+03 2.976199951E+03 2.977799988E+02 6.273899841E+01 -1.775200081E+01 7.819100189E+01 2.267899960E-01 4.959200025E-01 1.166400034E-03
 1.660499984E-04 4.221199924E-05 8.010900021E-01 -1.915099976E+03 -5.960799805E+03 2.980000000E+02 6.084299850E+01 -1.706999969E+01 8.815499878E+01 2.197200060E-01 4.971100092E-01 1.164400019E-03
 1.680999994E-04 4.156399882E-05 8.017899990E-01 -4.441799805E+03 -5.394899902E+03 2.982799988E+02 5.900000000E+01 -1.630400085E+01 8.774500275E+01 2.127300054E-01 4.980199933E-01 1.163400011E-03
 1.701500005E-04 4.091599840E-05 8.029800057E-01 -9.254200195E+03 -6.261200195E+03 2.983900146E+02 5.716500092E+01 -1.572599983E+01 7.447899628E+01 2.060000002E-01 4.989500046E-01 1.161699998E-03
 1.722000015E-04 4.026800161E-05 8.047199845E-01 -8.763200195E+03 -4.782299805E+03 2.983299866E+02 5.549300003E+01 -1.501299953E+01 7.634700012E+01 1.997600049E-01 4.999299943E-01 1.159199979E-03
 1.742500026E-04 3.962000119E-05 8.064799905E-01 -1.885400024E+03 1.179400024E+03 2.983500061E+02 5.381399918E+01 -1.414599991E+01 9.211900330E+01 1.933500022E-01 5.010499954E-01 1.156599959E-03
 1.763000037E-04 3.897200077E-05 8.076800108E-01 5.086600037E+02 2.549600098E+03 2.985499878E+02 5.216699982E+01 -1.340499973E+01 8.716699982E+01 1.870899945E-01 5.021399856E-01 1.154899946E-03
 1.783500047E-04 3.832400034E-05 8.090000153E-01 2.144500000E+03 2.023000000E+03 2.986400146E+02 5.071599960E+01 -1.286200047E+01 6.863600159E+01 1.817100048E-01 5.030999780E-01 1.153000048E-03
 1.804000058E-04 3.767599992E-05 8.102700114E-01 2.584000000E+03 -9.071300049E+02 2.987300110E+02 4.915800095E+01 -1.203800011E+01 7.322499847E+01 1.757600009E-01 5.040500164E-01 1.151200035E-03
 1.824500068E-04 3.702799950E-05 8.110499978E-01 1.635099976E+03 -2.458000000E+03 2.989100037E+02 4.734099960E+01 -1.123200035E+01 6.562899780E+01 1.689299941E-01 5.048300028E-01 1.150100026E-03
 1.844999933E-04 3.637999907E-05 8.121299744E-01 6.217999878E+02 1.118799973E+02 2.990299988E+02 4.553699875E+01 -1.065699959E+01 5.897800064E+01 1.623400003E-01 5.057100058E-01 1.148600015E-03
 1.865499944E-04 3.573199865E-05 8.132100105E-01 -3.678899902E+03 6.888500000E+03 2.991799927E+02 4.370999908E+01 -9.408900261E+00 7.764299774E+01 1.551800072E-01 5.066300035E-01 1.147100003E-03
 1.885999955E-04 3.508399823E-05 8.142300248E-01 -6.256000000E+03 6.417799805E+03 2.994200134E+02 4.159500122E+01 -8.346799850E+00 6.781700134E+01 1.471800059E-01 5.076799989E-01 1.145599992E-03
 1.906499965E-04 3.443600144E-05 8.154799938E-01 -3.045699951E+03 7.115499878E+02 2.996400146E+02 3.952000046E+01 -7.532000065E+00 5.585100174E+01 1.395300031E-01 5.088400245E-01 1.143899979E-03
 1.926999976E-04 3.378800102E-05 8.155300021E-01 -6.222100098E+03 2.346399902E+03 3.001199951E+02 3.760100174E+01 -6.352000237E+00 7.009899902E+01 1.321499944E-01 5.096799731E-01 1.143799978E-03
 1.947499986E-04 3.314000060E-05 8.138200045E-01 -2.375900000E+04 9.859500000E+03 3.010799866E+02 3.560499954E+01 -5.120999813E+00 8.740699768E+01 1.244800016E-01 5.102300048E-01 1.146199997E-03
 1.967999997E-04 3.249200017E-05 8.108299971E-01 -3.381900000E+04 2.053600000E+04 3.027000122E+02 3.339799881E+01 -3.716799974E+00 9.377899933E+01 1.160100028E-01 5.110999942E-01 1.150400029E-03
 1.988500007E-04 3.184399975E-05 8.053799868E-01 -3.894700000E+04 2.711900000E+04 3.052999878E+02 3.089299965E+01 -1.243600011E+00 1.154899979E+02 1.064599976E-01 5.120099783E-01 1.158199972E-03
 2.009000018E-04 3.119599933E-05 7.961599827E-01 -6.445500000E+04 3.427000000E+04 3.094400024E+02 2.830800056E+01 3.048899889E+00 1.682700043E+02 9.766200185E-02 5.129899979E-01 1.171699958E-03
 2.029500029E-04 3.054799890E-05 7.811999917E-01 -1.013000000E+05 6.226000000E+04 3.158200073E+02 2.596500015E+01 1.061999989E+01 2.699100037E+02 9.633000195E-02 5.136799812E-01 1.194300014E-03
 2.050000039E-04 2.990000030E-05 7.720800042E-01 -1.191400000E+05 8.226000000E+04 3.195899963E+02 2.488199997E+01 1.564000034E+01 3.399500122E+02 9.876400232E-02 5.138000250E-01 1.208200003E-03
 0.000000000E+00 6.166700041E-05 1.600700021E+00 -4.276200000E+04 4.944899902E+03 3.000000000E+02 3.745299911E+01 9.850899696E+00 -3.993599854E+02 1.431899965E-01 1.012099981E+00 5.731799756E-04
 2.049999921E-06 6.235999899E-05 1.605900049E+00 -2.420600000E+04 -4.523200195E+03 2.993900146E+02 4.054899979E+01 1.022399998E+01 -1.468000031E+02 1.495800018E-01 1.007200003E+00 5.760900094E-04
 4.099999842E-06 6.305299758E-05 1.609500051E+00 -8.257200195E+03 -2.896300049E+03 2.986700134E+02 4.536299896E+01 1.098999977E+01 1.297299957E+02 1.621100008E-01 1.001000047E+00 5.795600009E-04
 6.149999990E-06 6.374700024E-05 1.607399940E+00 -8.759799805E+03 7.757399902E+03 2.984899902E+02 4.898300171E+01 1.177400017E+01 1.548399963E+02 1.750199944E-01 9.990699887E-01 5.803299719E-04
 8.199999684E-06 6.443999882E-05 1.604400039E+00 -1.123000000E+04 7.728700195E+03 2.983699951E+02 5.277399826E+01 1.277999973E+01 1.545299988E+02 1.886699945E-01 9.968500137E-01 5.814100150E-04
 1.024999983E-05 6.513299741E-05 1.601899981E+00 -1.743200000E+04 6.517600098E+03 2.982900085E+02 5.651800156E+01 1.418099976E+01 1.535399933E+02 2.025000006E-01 9.949899912E-01 5.823299871E-04
 1.229999998E-05 6.582700007E-05 1.598799944E+00 -1.989700000E+04 3.105500000E+03 2.980799866E+02 6.044900131E+01 1.576000023E+01 1.467899933E+02 2.171700001E-01 9.924100041E-01 5.834400072E-04
 1.435000013E-05 6.651999865E-05 1.594099998E+00 -1.925100000E+04 -1.548400044E+00 2.976900024E+02 6.465299988E+01 1.744300079E+01 1.442799988E+02 2.329500020E-01 9.881899953E-01 5.851699971E-04
 1.639999937E-05 6.721299724E-05 1.589800000E+00 -1.295200000E+04 -9.310500000E+03 2.973399963E+02 6.883799744E+01 1.897800064E+01 1.778399963E+02 2.485399991E-01 9.843400121E-01 5.867599975E-04
 1.845000043E-05 6.790699990E-05 1.585399985E+00 2.533800049E+03 -5.644700195E+03 2.971300049E+02 7.301899719E+01 2.051499939E+01 1.856999969E+02 2.640900016E-01 9.809299707E-01 5.883799749E-04
 2.049999966E-05 6.859999849E-05 1.580399990E+00 5.567500000E+03 3.121399902E+03 2.968599854E+02 7.740299988E+01 2.243499947E+01 1.708999939E+02 2.807199955E-01 9.769899845E-01 5.902299890E-04
 2.255000072E-05 6.929299707E-05 1.573099971E+00 1.529500000E+03 4.962500000E+03 2.964200134E+02 8.188999939E+01 2.428400040E+01 1.921300049E+02 2.977600098E-01 9.710199833E-01 5.929699983E-04
 2.459999996E-05 6.998699973E-05 1.565299988E+00 1.095400000E+04 1.447100000E+04 2.959700012E+02 8.645200348E+01 2.595199966E+01 2.257500000E+02 3.148899972E-01 9.647499919E-01 5.959200207E-04
 2.664999920E-05 7.067999832E-05 1.557700038E+00 5.946799805E+03 3.411199951E+03 2.956199951E+02 9.131900024E+01 2.782099915E+01 2.022299957E+02 3.332299888E-01 9.589200020E-01 5.988299963E-04
 2.870000026E-05 7.137299690E-05 1.549299955E+00 4.451100098E+03 -5.053200195E+03 2.949400024E+02 9.652899933E+01 2.993300056E+01 1.477799988E+02 3.531900048E-01 9.515799880E-01 6.020700093E-04
 3.075000132E-05 7.206699956E-05 1.539199948E+00 1.702300000E+04 -9.218800049E+02 2.942699890E+02 1.020899963E+02 3.209099960E+01 1.642200012E+02 3.744100034E-01 9.432100058E-01 6.060299929E-04
 3.279999873E-05 7.275999815E-05 1.527199984E+00 1.111900000E+04 6.603799805E+03 2.935700073E+02 1.080100021E+02 3.425899887E+01 2.045500031E+02 3.969300091E-01 9.336500168E-01 6.107800291E-04
 3.484999979E-05 7.345299673E-05 1.513599992E+00 1.116900000E+04 1.579800000E+04 2.926099854E+02 1.145400009E+02 3.661800003E+01 2.249299927E+02 4.219000041E-01 9.222900271E-01 6.162800128E-04
 3.690000085E-05 7.414699940E-05 1.498000026E+00 1.525500000E+04 1.617600000E+04 2.915899963E+02 1.217699966E+02 3.905500031E+01 2.220200043E+02 4.494700134E-01 9.096199870E-01 6.227000267E-04
 3.894999827E-05 7.483999798E-05 1.479599953E+00 1.333100000E+04 1.087100000E+04 2.903500061E+02 1.296699982E+02 4.171699905E+01 2.060200043E+02 4.797799885E-01 8.946200013E-01 6.304699928E-04
 4.099999933E-05 7.553299656E-05 1.457000017E+00 1.966900000E+04 9.042299805E+03 2.890199890E+02 1.386799927E+02 4.472299957E+01 2.329900055E+02 5.144199729E-01 8.769599795E-01 6.402499857E-04
 4.305000039E-05 7.622699923E-05 1.429999948E+00 3.113900000E+04 1.205700000E+04 2.872200012E+02 1.492299957E+02 4.808800125E+01 2.667099915E+02 5.552499890E-01 8.553599715E-01 6.523599732E-04
 4.510000144E-05 7.691999781E-05 1.394299984E+00 3.962800000E+04 2.170299988E+02 2.845899963E+02 1.624199982E+02 5.204499817E+01 2.861900024E+02 6.068500280E-01 8.263800144E-01 6.691599847E-04
 4.714999886E-05 7.761299639E-05 1.345000029E+00 5.261100000E+04 2.710699951E+03 2.810599976E+02 1.800700073E+02 5.640100098E+01 3.324599915E+02 6.756700277E-01 7.873499990E-01 6.938200095E-04
 4.919999992E-05 7.830699906E-05 1.271100044E+00 9.049000000E+04 2.712399902E+03 2.755100098E+02 2.066100006E+02 5.998099899E+01 3.147600098E+02 7.784100175E-01 7.296100259E-01 7.348000072E-04
 5.125000098E-05 7.899999764E-05 1.070999980E+00 1.257400000E+05 -3.584800000E+04 2.622300110E+02 2.593900146E+02 3.723899841E+01 -4.049700012E+02 9.800400138E-01 5.879899859E-01 8.898900123E-04
 5.329999840E-05 7.837599696E-05 7.785300016E-01 8.922000000E+04 -6.489100000E+04 2.431999969E+02 3.133500061E+02 -2.532699966E+01 -8.431199951E+02 1.220700026E+00 3.970299959E-01 1.239800011E-03
 5.534999946E-05 7.775200356E-05 5.790600181E-01 -1.100599976E+03 -2.436300000E+04 2.296999969E+02 3.332399902E+02 -8.539199829E+01 -2.641600037E+02 1.365399957E+00 2.775799930E-01 1.633099979E-03
 5.740000051E-05 7.712800289E-05 5.015699863E-01 -4.986900000E+04 4.582700000E+04 2.244100037E+02 3.346300049E+02 -1.137900009E+02 2.048500061E+02 1.416399956E+00 2.344100028E-01 1.863599988E-03
 5.945000157E-05 7.650400221E-05 4.824199975E-01 -5.057300000E+04 8.003700000E+04 2.230399933E+02 3.333599854E+02 -1.221100006E+02 3.477000122E+02 1.426699996E+00 2.240500003E-01 1.934199943E-03
 6.150000263E-05 7.588000153E-05 4.796200097E-01 -4.290200000E+04 8.785000000E+04 2.226100006E+02 3.334899902E+02 -1.234199982E+02 3.435799866E+02 1.430400014E+00 2.223300040E-01 1.945000025E-03
 6.354999641E-05 7.525600086E-05 4.808300138E-01 -3.616600000E+04 7.903500000E+04 2.220500031E+02 3.348800049E+02 -1.226699982E+02 3.424100037E+02 1.436400056E+00 2.223300040E-01 1.939999987E-03
 6.559999747E-05 7.463200018E-05 4.802600145E-01 -2.788100000E+04 6.986700000E+04 2.211100006E+02 3.375000000E+02 -1.218499985E+02 3.195499878E+02 1.448300004E+00 2.211299986E-01 1.942300005E-03
 6.764999853E-05 7.400799950E-05 4.758200049E-01 -2.462100000E+04 6.526000000E+04 2.198800049E+02 3.413800049E+02 -1.210899963E+02 2.810299988E+02 1.465999961E+00 2.178699970E-01 1.960499911E-03
 6.969999959E-05 7.338399882E-05 4.689399898E-01 -3.306700000E+04 6.473700000E+04 2.184199982E+02 3.458500061E+02 -1.203600006E+02 2.764200134E+02 1.487100005E+00 2.132900059E-01 1.989299897E-03
 7.175000064E-05 7.275999815E-05 4.602800012E-01 -4.161100000E+04 6.326500000E+04 2.166399994E+02 3.507799988E+02 -1.200100021E+02 2.515299988E+02 1.511700034E+00 2.076500058E-01 2.026800066E-03
 7.380000170E-05 7.213599747E-05 4.508500099E-01 -3.612100000E+04 5.470400000E+04 2.145500031E+02 3.557500000E+02 -1.198799973E+02 2.314199982E+02 1.538200021E+00 2.014400065E-01 2.069199923E-03
 7.585000276E-05 7.151199679E-05 4.400500059E-01 -3.178800000E+04 5.021400000E+04 2.124299927E+02 3.608399963E+02 -1.200699997E+02 2.207200012E+02 1.565899968E+00 1.946800053E-01 2.120200079E-03
 7.789999654E-05 7.088800339E-05 4.279299974E-01 -3.937800000E+04 4.883900000E+04 2.101100006E+02 3.661600037E+02 -1.204300003E+02 2.183999939E+02 1.595900059E+00 1.872500032E-01 2.180200070E-03
 7.994999760E-05 7.026400272E-05 4.157100022E-01 -4.887400000E+04 4.824800000E+04 2.078200073E+02 3.712999878E+02 -1.207900009E+02 2.168399963E+02 1.625499964E+00 1.799100041E-01 2.244400093E-03
 8.199999866E-05 6.964000204E-05 4.030500054E-01 -5.259000000E+04 4.516300000E+04 2.055399933E+02 3.763900146E+02 -1.210999985E+02 2.066900024E+02 1.655200005E+00 1.725299954E-01 2.314999932E-03
 8.404999971E-05 6.901600136E-05 3.903400004E-01 -5.477700000E+04 4.272300000E+04 2.032700043E+02 3.812999878E+02 -1.213399963E+02 2.124199982E+02 1.684399962E+00 1.652400047E-01 2.390400041E-03
 8.610000077E-05 6.839200068E-05 3.775799870E-01 -6.447000000E+04 4.037300000E+04 2.011199951E+02 3.862200012E+02 -1.217099991E+02 2.145700073E+02 1.713700056E+00 1.581500024E-01 2.471199958E-03
 8.815000183E-05 6.776800001E-05 3.651399910E-01 -7.161900000E+04 3.975700000E+04 1.988899994E+02 3.910299988E+02 -1.222099991E+02 2.076100006E+02 1.743499994E+00 1.512400061E-01 2.555300016E-03
 9.020000289E-05 6.714399933E-05 3.531900048E-01 -7.620100000E+04 3.741400000E+04 1.966199951E+02 3.955599976E+02 -1.227799988E+02 1.998899994E+02 1.772699952E+00 1.446200013E-01 2.641899977E-03
 9.224999667E-05 6.651999865E-05 3.413600028E-01 -8.032100000E+04 3.515400000E+04 1.944499969E+02 3.999899902E+02 -1.232799988E+02 1.861600037E+02 1.801399946E+00 1.382299960E-01 2.733400092E-03
 9.429999773E-05 6.589599798E-05 3.301799893E-01 -8.351800000E+04 4.002400000E+04 1.923699951E+02 4.041000061E+02 -1.237300034E+02 1.874199982E+02 1.828699946E+00 1.322800070E-01 2.825899981E-03
 9.634999878E-05 6.527199730E-05 3.197999895E-01 -8.893600000E+04 4.395100000E+04 1.903600006E+02 4.080599976E+02 -1.242799988E+02 1.928800049E+02 1.855499983E+00 1.267800033E-01 2.917600097E-03
 9.839999984E-05 6.464799662E-05 3.098700047E-01 -1.033400000E+05 4.698100000E+04 1.885599976E+02 4.115199890E+02 -1.249300003E+02 2.012400055E+02 1.879699945E+00 1.216799989E-01 3.011099994E-03
 1.004500009E-04 6.402400322E-05 3.003700078E-01 -1.192400000E+05 4.911900000E+04 1.868300018E+02 4.145899963E+02 -1.257200012E+02 2.156000061E+02 1.902199984E+00 1.168700010E-01 3.106199903E-03
 1.025000020E-04 6.340000255E-05 2.911899984E-01 -1.337100000E+05 4.951600000E+04 1.851100006E+02 4.179700012E+02 -1.264300003E+02 2.261399994E+02 1.926200032E+00 1.122500002E-01 3.204199951E-03
 1.045500030E-04 6.277600187E-05 2.822999954E-01 -1.477500000E+05 5.374700000E+04 1.834900055E+02 4.213099976E+02 -1.269100037E+02 2.368800049E+02 1.949499965E+00 1.078699976E-01 3.305099905E-03
 1.065999968E-04 6.215200119E-05 2.740499973E-01 -1.638600000E+05 6.014200000E+04 1.820200043E+02 4.239899902E+02 -1.272600021E+02 2.451499939E+02 1.969200015E+00 1.038800031E-01 3.404499963E-03
 1.086499979E-04 6.152800051E-05 2.665799856E-01 -1.963900000E+05 7.209600000E+04 1.811399994E+02 4.257399902E+02 -1.273199997E+02 2.643999939E+02 1.981500030E+00 1.005600020E-01 3.499800107E-03
 1.106999989E-04 6.090399984E-05 2.637799978E-01 -3.169600000E+05 1.169600000E+05 1.838800049E+02 4.205799866E+02 -1.246800003E+02 4.023599854E+02 1.942000031E+00 1.010100022E-01 3.536300035E-03
 1.127500000E-04 6.027999916E-05 2.860400081E-01 -7.291800000E+05 2.616600000E+05 2.027799988E+02 3.821199951E+02 -1.098199997E+02 9.821699829E+02 1.685799956E+00 1.215500012E-01 3.280800069E-03
 1.148000010E-04 5.965599848E-05 3.764699996E-01 -9.024900000E+05 3.213100000E+05 2.395099945E+02 2.923299866E+02 -7.815499878E+01 1.629599976E+03 1.187700033E+00 1.908500046E-01 2.566300100E-03
 1.168500021E-04 5.903200145E-05 5.302900076E-01 -4.746400000E+05 1.674000000E+05 2.703399963E+02 1.987599945E+02 -4.829499817E+01 1.361300049E+03 7.497900128E-01 3.003700078E-01 1.807200024E-03
 1.189000031E-04 5.840800077E-05 6.569899917E-01 -1.111200000E+05 3.666300000E+04 2.837200012E+02 1.488000031E+02 -3.454299927E+01 6.208400269E+02 5.446599722E-01 3.884600103E-01 1.425800030E-03
 1.209499969E-04 5.778400009E-05 7.107200027E-01 -3.250000000E+04 1.696400000E+04 2.882799988E+02 1.300399933E+02 -3.079100037E+01 2.897399902E+02 4.724400043E-01 4.266900122E-01 1.312799985E-03
 1.230000053E-04 5.715999941E-05 7.288900018E-01 -2.081500000E+04 1.433000000E+04 2.900599976E+02 1.213899994E+02 -2.974099922E+01 2.017299957E+02 4.404500127E-01 4.402700067E-01 1.279799966E-03
 1.250500063E-04 5.653599874E-05 7.393900156E-01 -1.090000000E+04 8.313000000E+03 2.911099854E+02 1.153499985E+02 -2.887100029E+01 1.464600067E+02 4.182899892E-01 4.482200146E-01 1.261599944E-03
 1.270999928E-04 5.591200170E-05 7.467300296E-01 -6.225000000E+03 9.977900391E+03 2.918999939E+02 1.104400024E+02 -2.816399956E+01 1.281799927E+02 4.003799856E-01 4.539000094E-01 1.249199966E-03
 1.291499939E-04 5.528800102E-05 7.526500225E-01 -7.621100098E+03 4.889000000E+03 2.924800110E+02 1.061200027E+02 -2.748999977E+01 1.131100006E+02 3.847199976E-01 4.584099948E-01 1.239400008E-03
 1.311999949E-04 5.466400034E-05 7.582399845E-01 -1.204700000E+04 1.120199951E+03 2.931499939E+02 1.022500000E+02 -2.714100075E+01 1.113600006E+02 3.708199859E-01 4.628700018E-01 1.230200054E-03
 1.332499960E-04 5.403999967E-05 7.628800273E-01 -8.650299805E+03 7.577200195E+03 2.935700073E+02 9.874500275E+01 -2.658699989E+01 1.108199997E+02 3.582000136E-01 4.663699865E-01 1.222699997E-03
 1.352999971E-04 5.341599899E-05 7.666500211E-01 -5.449200195E+03 1.202700000E+04 2.938299866E+02 9.550700378E+01 -2.567300034E+01 8.712400055E+01 3.462699950E-01 4.690800011E-01 1.216699951E-03
 1.373499981E-04 5.279199831E-05 7.702599764E-01 -5.487899902E+03 7.181000000E+03 2.942000122E+02 9.246099854E+01 -2.490299988E+01 8.403399658E+01 3.350499868E-01 4.718999863E-01 1.211000024E-03
 1.393999992E-04 5.216800128E-05 7.740799785E-01 -2.041000000E+03 -1.316800022E+01 2.945599976E+02 8.957299805E+01 -2.449500084E+01 9.061100006E+01 3.247300088E-01 4.748100042E-01 1.205099979E-03
 1.414500002E-04 5.154400060E-05 7.771099806E-01 -5.670399902E+03 -2.864699951E+03 2.949400024E+02 8.702300262E+01 -2.401199913E+01 1.037399979E+02 3.154799938E-01 4.772799909E-01 1.200399944E-03
 1.435000013E-04 5.091999992E-05 7.798100114E-01 -7.639700195E+03 3.953000000E+03 2.952399902E+02 8.469799805E+01 -2.330299950E+01 1.102500000E+02 3.068400025E-01 4.794299901E-01 1.196200028E-03
 1.455500023E-04 5.029599924E-05 7.826099992E-01 1.050000000E+03 1.241000000E+04 2.954299927E+02 8.237799835E+01 -2.276399994E+01 8.791500092E+01 2.984299958E-01 4.814600050E-01 1.191899995E-03
 1.476000034E-04 4.967199857E-05 7.839900255E-01 -2.178100098E+03 9.656400391E+03 2.956099854E+02 8.040000153E+01 -2.191600037E+01 1.005500031E+02 2.908900082E-01 4.826000035E-01 1.189799979E-03
 1.496500045E-04 4.904800153E-05 7.865099907E-01 -7.169000000E+03 2.484300049E+03 2.958800049E+02 7.855699921E+01 -2.102599907E+01 9.693099976E+01 2.837400138E-01 4.845899940E-01 1.185999950E-03
 1.517000055E-04 4.842400085E-05 7.895500064E-01 -3.062300049E+03 3.913500000E+03 2.961900024E+02 7.645500183E+01 -2.060300064E+01 7.268000031E+01 2.761299908E-01 4.869900048E-01 1.181400032E-03
 1.537500066E-04 4.780000017E-05 7.902899981E-01 -6.683000000E+03 3.613199951E+03 2.966000061E+02 7.447200012E+01 -2.022500038E+01 8.716899872E+01 2.689299881E-01 4.881100059E-01 1.180300023E-03
 1.557999931E-04 4.717599950E-05 7.915800214E-01 -5.639600098E+03 -1.346099976E+03 2.967900085E+02 7.258300018E+01 -1.981399918E+01 9.304799652E+01 2.621200085E-01 4.892300069E-01 1.178400009E-03
 1.578499941E-04 4.655199882E-05 7.940499783E-01 -4.111300049E+02 3.599800049E+03 2.968500061E+02 7.070999908E+01 -1.908900070E+01 9.225199890E+01 2.551400065E-01 4.908399880E-01 1.174699981E-03
 1.598999952E-04 4.592800178E-05 7.958199978E-01 2.832800049E+03 9.155799805E+03 2.970199890E+02 6.907299805E+01 -1.819099998E+01 9.631500244E+01 2.487599999E-01 4.922200143E-01 1.172099961E-03
 1.619499963E-04 4.530400111E-05 7.972300053E-01 2.903399902E+03 4.653500000E+03 2.973599854E+02 6.739099884E+01 -1.762400055E+01 8.469899750E+01 2.424499989E-01 4.936600029E-01 1.170099946E-03
 1.639999973E-04 4.468000043E-05 7.989699841E-01 -3.516600098E+03 8.399899902E+02 2.977600098E+02 6.548400116E+01 -1.697200012E+01 7.024199677E+01 2.353000045E-01 4.954099953E-01 1.167500042E-03
 1.660499984E-04 4.405599975E-05 8.003000021E-01 -9.164099609E+03 -2.007199951E+03 2.980199890E+02 6.364199829E+01 -1.630100060E+01 7.493099976E+01 2.284000069E-01 4.966700077E-01 1.165600028E-03
 1.680999994E-04 4.343199907E-05 8.014199734E-01 -6.588399902E+03 -2.784699951E+03 2.981799927E+02 6.186399841E+01 -1.560700035E+01 8.763999939E+01 2.217700034E-01 4.976199865E-01 1.163900015E-03
 1.701500005E-04 4.280799840E-05 8.031899929E-01 -6.117799805E+03 -2.092399902E+03 2.982200012E+02 5.991899872E+01 -1.500100040E+01 7.430899811E+01 2.146899998E-01 4.987800121E-01 1.161399996E-03
 1.722000015E-04 4.218400136E-05 8.044300079E-01 -8.351200195E+03 -7.728700256E+01 2.982799988E+02 5.809700012E+01 -1.434300041E+01 7.800900269E+01 2.079699934E-01 4.996599853E-01 1.159599982E-03
 1.742500026E-04 4.156000068E-05 8.054800034E-01 -2.412800049E+03 -3.430499878E+02 2.984500122E+02 5.640299988E+01 -1.339599991E+01 9.805000305E+01 2.014099956E-01 5.005999804E-01 1.158099971E-03
 1.763000037E-04 4.093600000E-05 8.065900207E-01 -3.587199951E+03 1.405900024E+03 2.985899963E+02 5.473199844E+01 -1.278999996E+01 8.008300018E+01 1.952300072E-01 5.015299916E-01 1.156499959E-03
 1.783500047E-04 4.031199933E-05 8.079699874E-01 -1.639400024E+03 4.672100098E+03 2.986700134E+02 5.311800003E+01 -1.221199989E+01 6.438700104E+01 1.893000007E-01 5.025100112E-01 1.154499943E-03
 1.804000058E-04 3.968799865E-05 8.097400069E-01 2.476600098E+03 8.372899628E+01 2.987799988E+02 5.146400070E+01 -1.109500027E+01 7.518399811E+01 1.828200072E-01 5.037999749E-01 1.152000041E-03
 1.824500068E-04 3.906400161E-05 8.111199737E-01 4.813299866E+02 1.670199951E+03 2.987699890E+02 4.971300125E+01 -1.019799995E+01 7.645300293E+01 1.762199998E-01 5.046399832E-01 1.150000026E-03
 1.844999933E-04 3.844000094E-05 8.120599985E-01 1.696900024E+03 5.030299805E+03 2.988099976E+02 4.780599976E+01 -9.575499535E+00 6.873799896E+01 1.693000048E-01 5.052899718E-01 1.148700016E-03
 1.865499944E-04 3.781600026E-05 8.129500151E-01 -1.383800049E+02 6.978299805E+03 2.990799866E+02 4.600199890E+01 -8.265399933E+00 7.957599640E+01 1.622399986E-01 5.063099861E-01 1.147400006E-03
 1.885999955E-04 3.719199958E-05 8.135100007E-01 -6.752200195E+03 1.087500000E+04 2.994899902E+02 4.424900055E+01 -7.169400215E+00 8.673600006E+01 1.554799974E-01 5.073500276E-01 1.146600000E-03
 1.906499965E-04 3.656799890E-05 8.144800067E-01 -2.274100098E+03 7.008700195E+03 2.996300049E+02 4.229800034E+01 -6.420199871E+00 8.550800323E+01 1.483500004E-01 5.081899762E-01 1.145299990E-03
 1.926999976E-04 3.594399823E-05 8.145300150E-01 -2.114300049E+03 4.239399902E+03 2.999599915E+02 4.038000107E+01 -5.152599812E+00 8.683200073E+01 1.411000043E-01 5.087800026E-01 1.145199989E-03
 1.947499986E-04 3.532000119E-05 8.136100173E-01 -1.863200000E+04 3.352100098E+03 3.008200073E+02 3.832199860E+01 -3.561700106E+00 9.809100342E+01 1.332499981E-01 5.096700191E-01 1.146499999E-03
 1.967999997E-04 3.469600051E-05 8.119900227E-01 -3.170000000E+04 1.082700000E+04 3.020400085E+02 3.598099899E+01 -1.812899947E+00 1.153700027E+02 1.244999990E-01 5.107100010E-01 1.148800016E-03
 1.988500007E-04 3.407199983E-05 8.079299927E-01 -4.225700000E+04 2.638900000E+04 3.040499878E+02 3.365000153E+01 7.570599914E-01 1.350500031E+02 1.160600036E-01 5.115299821E-01 1.154599944E-03
 2.009000018E-04 3.344799916E-05 8.007599711E-01 -5.356200000E+04 3.926600000E+04 3.073599854E+02 3.148600006E+01 4.900899887E+00 1.749299927E+02 1.094899997E-01 5.124999881E-01 1.164900023E-03
 2.029500029E-04 3.282399848E-05 7.890999913E-01 -7.797600000E+04 5.764400000E+04 3.124100037E+02 2.981800079E+01 1.153999996E+01 2.309400024E+02 1.094999984E-01 5.132899880E-01 1.182200038E-03
 2.050000039E-04 3.220000144E-05 7.822300196E-01 -9.673500000E+04 6.838200000E+04 3.153599854E+02 2.916600037E+01 1.572700024E+01 2.602699890E+02 1.120499969E-01 5.136700273E-01 1.192500000E-03
 0.000000000E+00 6.283300172E-05 1.600700021E+00 -2.291100000E+04 2.142700000E+04 3.000000000E+02 3.986399841E+01 8.829500198E+00 -3.626199951E+02 1.504999995E-01 1.011999965E+00 5.730999983E-04
 2.049999921E-06 6.350000331E-05 1.606299996E+00 -2.117800000E+04 6.459899902E+03 2.993200073E+02 4.309500122E+01 9.239899635E+00 -1.162099991E+02 1.574299932E-01 1.007200003E+00 5.759099731E-04
 4.099999842E-06 6.416699762E-05 1.610100031E+00 -2.042500000E+04 -8.710099609E+03 2.985799866E+02 4.821500015E+01 1.000699997E+01 1.408500061E+02 1.710499972E-01 1.001099944E+00 5.793499877E-04
 6.149999990E-06 6.483300240E-05 1.607200027E+00 -1.616900000E+04 3.333000000E+03 2.984700012E+02 5.206100082E+01 1.077499962E+01 1.562100067E+02 1.847099960E-01 9.989399910E-01 5.803700187E-04
 8.199999684E-06 6.549999671E-05 1.603700042E+00 -1.567900000E+04 1.325900000E+04 2.984800110E+02 5.599900055E+01 1.194299984E+01 1.551600037E+02 1.989199966E-01 9.967600107E-01 5.816700286E-04
 1.024999983E-05 6.616699829E-05 1.600399971E+00 -1.921600000E+04 6.899100098E+03 2.984700012E+02 5.984700012E+01 1.345199966E+01 1.527400055E+02 2.131000012E-01 9.947000146E-01 5.828600260E-04
 1.229999998E-05 6.683300307E-05 1.597000003E+00 -1.173900000E+04 3.316199951E+03 2.981799927E+02 6.374599838E+01 1.493200016E+01 1.476600037E+02 2.275699973E-01 9.915900230E-01 5.841099774E-04
 1.435000013E-05 6.749999739E-05 1.592499971E+00 -3.779399902E+03 7.748299805E+03 2.977699890E+02 6.781199646E+01 1.653400040E+01 1.516000061E+02 2.427700013E-01 9.874799848E-01 5.857400247E-04
 1.639999937E-05 6.816699897E-05 1.588400006E+00 -2.684600098E+03 -4.136500000E+03 2.974599915E+02 7.191100311E+01 1.818899918E+01 1.581100006E+02 2.581300139E-01 9.838600159E-01 5.872700131E-04
 1.845000043E-05 6.883299648E-05 1.583899975E+00 -2.140100002E+00 -2.727600098E+03 2.972000122E+02 7.598999786E+01 1.976499939E+01 1.573000031E+02 2.733500004E-01 9.802500010E-01 5.889299791E-04
 2.049999966E-05 6.949999806E-05 1.578099966E+00 -1.388400000E+04 1.059500000E+04 2.970299988E+02 8.025800323E+01 2.153199959E+01 1.937799988E+02 2.893800139E-01 9.761099815E-01 5.910799955E-04
 2.255000072E-05 7.016699965E-05 1.570199966E+00 -1.062900000E+04 -3.777100098E+03 2.965799866E+02 8.474800110E+01 2.347599983E+01 2.320899963E+02 3.064700067E-01 9.697899818E-01 5.940499832E-04
 2.459999996E-05 7.083299715E-05 1.563300014E+00 9.754400391E+03 -3.939199951E+03 2.960700073E+02 8.917700195E+01 2.514800072E+01 2.039199982E+02 3.231799901E-01 9.638299942E-01 5.966899917E-04
 2.664999920E-05 7.149999874E-05 1.555999994E+00 1.454400024E+03 7.652000000E+03 2.957099915E+02 9.382700348E+01 2.680200005E+01 1.777700043E+02 3.405700028E-01 9.581800103E-01 5.994800013E-04
 2.870000026E-05 7.216700033E-05 1.547199965E+00 4.812100098E+03 -1.786500000E+03 2.950000000E+02 9.891699982E+01 2.888899994E+01 1.736499939E+02 3.601000011E-01 9.504600167E-01 6.028899807E-04
 3.075000132E-05 7.283299783E-05 1.537500024E+00 1.788600000E+04 -8.563700195E+03 2.943099976E+02 1.042399979E+02 3.099600029E+01 1.906499939E+02 3.804700077E-01 9.422600269E-01 6.067199865E-04
 3.279999873E-05 7.349999942E-05 1.525699973E+00 1.780900000E+04 2.477399902E+03 2.936300049E+02 1.100599976E+02 3.302600098E+01 2.111399994E+02 4.024699926E-01 9.328799844E-01 6.114200223E-04
 3.484999979E-05 7.416700100E-05 1.511399984E+00 1.467200000E+04 2.025700000E+04 2.925400085E+02 1.166500015E+02 3.530899811E+01 2.066199951E+02 4.276799858E-01 9.207199812E-01 6.172099966E-04
 3.690000085E-05 7.483299851E-05 1.495800018E+00 1.758900000E+04 2.747800000E+04 2.913999939E+02 1.239199982E+02 3.771200180E+01 2.028899994E+02 4.554199874E-01 9.076399803E-01 6.236499758E-04
 3.894999827E-05 7.550000009E-05 1.477699995E+00 2.996900000E+04 1.640300000E+04 2.902500000E+02 1.318200073E+02 4.030599976E+01 2.093000031E+02 4.856100082E-01 8.931599855E-01 6.312699988E-04
 4.099999933E-05 7.616700168E-05 1.455100060E+00 3.520500000E+04 1.435000000E+04 2.889100037E+02 1.407500000E+02 4.314599991E+01 2.500200043E+02 5.198199749E-01 8.754299879E-01 6.411100039E-04
 4.305000039E-05 7.683299918E-05 1.427700043E+00 2.897700000E+04 7.048200195E+03 2.870299988E+02 1.514199982E+02 4.636800003E+01 2.484499969E+02 5.610299706E-01 8.534100056E-01 6.534099812E-04
 4.510000144E-05 7.750000077E-05 1.391000032E+00 3.534100000E+04 -4.312899902E+03 2.844200134E+02 1.647299957E+02 4.995000076E+01 2.566199951E+02 6.126400232E-01 8.239200115E-01 6.707599969E-04
 4.714999886E-05 7.816700236E-05 1.341199994E+00 5.623600000E+04 3.768300049E+03 2.809700012E+02 1.823600006E+02 5.364300156E+01 3.080899963E+02 6.807500124E-01 7.848299742E-01 6.958100130E-04
 4.919999992E-05 7.883299986E-05 1.266800046E+00 9.969800000E+04 4.991799805E+03 2.755000000E+02 2.084100037E+02 5.608499908E+01 2.626799927E+02 7.808799744E-01 7.271100283E-01 7.373099797E-04
 5.125000098E-05 7.950000145E-05 1.091599941E+00 1.316600000E+05 -4.355800000E+04 2.635599976E+02 2.562900085E+02 3.804600143E+01 -3.881000061E+02 9.638000131E-01 6.014099717E-01 8.668699884E-04
 5.329999840E-05 7.889999688E-05 8.356900215E-01 9.438400000E+04 -8.476100000E+04 2.461100006E+02 3.088900146E+02 -1.347000027E+01 -9.009799805E+02 1.191499949E+00 4.307299852E-01 1.144099981E-03
 5.534999946E-05 7.829999959E-05 6.358399987E-01 1.824500000E+04 -5.131800000E+04 2.317500000E+02 3.353900146E+02 -7.121099854E+01 -4.827500000E+02 1.355800033E+00 3.077499866E-01 1.489500050E-03
 5.740000051E-05 7.770000229E-05 5.357800126E-01 -3.373300000E+04 9.403700195E+03 2.243000031E+02 3.412300110E+02 -1.068300018E+02 3.809299850E+01 1.433599949E+00 2.503899932E-01 1.747600036E-03
 5.945000157E-05 7.709999772E-05 4.997799993E-01 -4.878300000E+04 5.748000000E+04 2.216399994E+02 3.408599854E+02 -1.209499969E+02 2.576400146E+02 1.458099961E+00 2.306700051E-01 1.867800020E-03
 6.150000263E-05 7.650000043E-05 4.881899953E-01 -5.514600000E+04 8.409200000E+04 2.208000031E+02 3.410599976E+02 -1.249499969E+02 3.070299988E+02 1.467000008E+00 2.244600058E-01 1.910999999E-03
 6.354999641E-05 7.590000314E-05 4.851900041E-01 -4.866700000E+04 8.482500000E+04 2.201300049E+02 3.422200012E+02 -1.251900024E+02 3.277699890E+02 1.473999977E+00 2.224099934E-01 1.922599971E-03
 6.559999747E-05 7.529999857E-05 4.833300114E-01 -3.487300000E+04 7.185000000E+04 2.192799988E+02 3.439500122E+02 -1.240000000E+02 3.160199890E+02 1.481799960E+00 2.206999958E-01 1.930000028E-03
 6.764999853E-05 7.470000128E-05 4.786599874E-01 -3.365100000E+04 6.488800000E+04 2.182599945E+02 3.472699890E+02 -1.227099991E+02 3.016300049E+02 1.496199965E+00 2.175499946E-01 1.948900055E-03
 6.969999959E-05 7.409999671E-05 4.713900089E-01 -3.644500000E+04 6.989000000E+04 2.168800049E+02 3.516600037E+02 -1.215199966E+02 3.017900085E+02 1.516299963E+00 2.128999978E-01 1.978999935E-03
 7.175000064E-05 7.349999942E-05 4.626199901E-01 -3.920700000E+04 6.572100000E+04 2.151699982E+02 3.561700134E+02 -1.206999969E+02 2.725499878E+02 1.538699985E+00 2.072899938E-01 2.016599989E-03
 7.380000170E-05 7.290000212E-05 4.532699883E-01 -4.142600000E+04 5.840900000E+04 2.132299957E+02 3.608200073E+02 -1.202600021E+02 2.489600067E+02 1.563199997E+00 2.012699991E-01 2.058200072E-03
 7.585000276E-05 7.229999756E-05 4.425300062E-01 -4.437500000E+04 5.809400000E+04 2.112299957E+02 3.657900085E+02 -1.197600021E+02 2.387299957E+02 1.589400053E+00 1.946599931E-01 2.108300105E-03
 7.789999654E-05 7.170000026E-05 4.304600060E-01 -4.544800000E+04 5.385300000E+04 2.090500031E+02 3.708800049E+02 -1.196399994E+02 2.356699982E+02 1.617599964E+00 1.873999983E-01 2.167399973E-03
 7.994999760E-05 7.110000297E-05 4.181900024E-01 -5.062100000E+04 5.101500000E+04 2.068600006E+02 3.758299866E+02 -1.195800018E+02 2.285800018E+02 1.645799994E+00 1.801500022E-01 2.231100108E-03
 8.199999866E-05 7.049999840E-05 4.053699970E-01 -6.269100000E+04 5.029000000E+04 2.046499939E+02 3.809899902E+02 -1.193700027E+02 2.092100067E+02 1.674999952E+00 1.727599949E-01 2.301800065E-03
 8.404999971E-05 6.990000111E-05 3.924899995E-01 -6.733300000E+04 4.818100000E+04 2.023600006E+02 3.859200134E+02 -1.193799973E+02 2.119199982E+02 1.704300046E+00 1.654099971E-01 2.377199940E-03
 8.610000077E-05 6.929999654E-05 3.795700073E-01 -7.251500000E+04 4.384300000E+04 2.001699982E+02 3.907300110E+02 -1.194400024E+02 2.209199982E+02 1.733199954E+00 1.582300067E-01 2.458299976E-03
 8.815000183E-05 6.869999925E-05 3.670699894E-01 -7.775300000E+04 4.364400000E+04 1.980899963E+02 3.953200073E+02 -1.195599976E+02 2.108200073E+02 1.761199951E+00 1.514299959E-01 2.541899914E-03
 9.020000289E-05 6.810000195E-05 3.552899957E-01 -7.922700000E+04 4.022800000E+04 1.959600067E+02 3.994800110E+02 -1.197399979E+02 2.043500061E+02 1.787999988E+00 1.449899971E-01 2.626199974E-03
 9.224999667E-05 6.749999739E-05 3.436399996E-01 -8.258800000E+04 3.856700000E+04 1.936900024E+02 4.037900085E+02 -1.201100006E+02 1.941100006E+02 1.816699982E+00 1.386200041E-01 2.715300070E-03
 9.429999773E-05 6.690000009E-05 3.325999975E-01 -8.693700000E+04 4.179900000E+04 1.915200043E+02 4.079700012E+02 -1.204000015E+02 1.936499939E+02 1.844699979E+00 1.326600015E-01 2.805300057E-03
 9.634999878E-05 6.630000280E-05 3.221299946E-01 -9.093200000E+04 4.330000000E+04 1.895700073E+02 4.117900085E+02 -1.206999969E+02 2.020899963E+02 1.870499969E+00 1.271699965E-01 2.896599937E-03
 9.839999984E-05 6.569999823E-05 3.120999932E-01 -1.035400000E+05 4.840900000E+04 1.878699951E+02 4.152000122E+02 -1.210899963E+02 2.037400055E+02 1.893700004E+00 1.221100017E-01 2.989500063E-03
 1.004500009E-04 6.510000094E-05 3.026399910E-01 -1.213900000E+05 5.088900000E+04 1.862299957E+02 4.182099915E+02 -1.215599976E+02 2.127899933E+02 1.915400028E+00 1.173700020E-01 3.082999960E-03
 1.025000020E-04 6.449999637E-05 2.933200002E-01 -1.350300000E+05 5.059900000E+04 1.845399933E+02 4.213399963E+02 -1.221800003E+02 2.294799957E+02 1.938199997E+00 1.127299964E-01 3.181000007E-03
 1.045500030E-04 6.389999908E-05 2.841599882E-01 -1.483800000E+05 5.427700000E+04 1.829700012E+02 4.245599976E+02 -1.225100021E+02 2.399700012E+02 1.960600019E+00 1.082800031E-01 3.283499973E-03
 1.065999968E-04 6.330000178E-05 2.756499946E-01 -1.653800000E+05 6.043500000E+04 1.815899963E+02 4.272000122E+02 -1.225800018E+02 2.431999969E+02 1.979400039E+00 1.042400002E-01 3.384700045E-03
 1.086499979E-04 6.269999722E-05 2.679800093E-01 -1.937200000E+05 6.932100000E+04 1.805700073E+02 4.292300110E+02 -1.226699982E+02 2.571600037E+02 1.993800044E+00 1.007699966E-01 3.481599968E-03
 1.106999989E-04 6.209999992E-05 2.634299994E-01 -2.770600000E+05 9.878300000E+04 1.818500061E+02 4.269599915E+02 -1.210800018E+02 3.419500122E+02 1.975299954E+00 9.975299984E-02 3.540999955E-03
 1.127500000E-04 6.150000263E-05 2.775599957E-01 -6.339900000E+05 2.297800000E+05 1.962100067E+02 3.985000000E+02 -1.096200027E+02 8.069500122E+02 1.777799964E+00 1.138399988E-01 3.371400060E-03
 1.148000010E-04 6.090000170E-05 3.519900143E-01 -9.266400000E+05 3.310700000E+05 2.312400055E+02 3.168900146E+02 -8.037300110E+01 1.550900024E+03 1.307000041E+00 1.723600030E-01 2.730400069E-03
 1.168500021E-04 6.030000077E-05 5.005199909E-01 -5.897000000E+05 2.006800000E+05 2.658900146E+02 2.178099976E+02 -4.822499847E+01 1.490400024E+03 8.258500099E-01 2.794800103E-01 1.926900004E-03
 1.189000031E-04 5.969999984E-05 6.413300037E-01 -1.550000000E+05 4.765400000E+04 2.822500000E+02 1.583999939E+02 -3.202600098E+01 7.404299927E+02 5.778499842E-01 3.774000108E-01 1.464499976E-03
 1.209499969E-04 5.909999891E-05 7.079200149E-01 -4.287200000E+04 1.381600000E+04 2.877099915E+02 1.354299927E+02 -2.818499947E+01 3.335899963E+02 4.895600080E-01 4.241800010E-01 1.318300026E-03
 1.230000053E-04 5.850000161E-05 7.285299897E-01 -2.429700000E+04 4.481399902E+03 2.897799988E+02 1.254800034E+02 -2.766399956E+01 2.292200012E+02 4.530700147E-01 4.396199882E-01 1.280499971E-03
 1.250500063E-04 5.790000068E-05 7.388700247E-01 -1.206900000E+04 7.797000000E+03 2.909200134E+02 1.189899979E+02 -2.721100044E+01 1.732599945E+02 4.295099974E-01 4.476200044E-01 1.262499951E-03
 1.270999928E-04 5.729999975E-05 7.461000085E-01 -6.813899902E+03 9.805799805E+03 2.916600037E+02 1.140100021E+02 -2.678499985E+01 1.522700043E+02 4.115700126E-01 4.531399906E-01 1.250199974E-03
 1.291499939E-04 5.669999882E-05 7.521600127E-01 -1.270800000E+04 3.085699951E+03 2.921600037E+02 1.097600021E+02 -2.635400009E+01 1.598600006E+02 3.963600099E-01 4.576100111E-01 1.240200014E-03
 1.311999949E-04 5.610000153E-05 7.581099868E-01 -1.390200000E+04 1.931000000E+03 2.927500000E+02 1.057900009E+02 -2.607999992E+01 1.490599976E+02 3.822000027E-01 4.621700048E-01 1.230400056E-03
 1.332499960E-04 5.550000060E-05 7.625899911E-01 -9.359700195E+03 8.507799805E+03 2.932399902E+02 1.021699982E+02 -2.556800079E+01 1.220000000E+02 3.691200018E-01 4.656699896E-01 1.223200001E-03
 1.352999971E-04 5.489999967E-05 7.663599849E-01 -3.928199951E+03 1.667800000E+04 2.936300049E+02 9.893699646E+01 -2.480100060E+01 1.126900024E+02 3.572399914E-01 4.686000049E-01 1.217199955E-03
 1.373499981E-04 5.429999874E-05 7.700399756E-01 -2.178500000E+03 1.677300000E+04 2.940400085E+02 9.610299683E+01 -2.431800079E+01 1.086100006E+02 3.469600081E-01 4.715000093E-01 1.211400027E-03
 1.393999992E-04 5.370000144E-05 7.740899920E-01 -2.155000000E+02 7.127000000E+03 2.943200073E+02 9.336299896E+01 -2.394300079E+01 1.025000000E+02 3.371900022E-01 4.744299948E-01 1.204999979E-03
 1.414500002E-04 5.310000051E-05 7.771700025E-01 -8.179199829E+02 4.432500000E+02 2.946300049E+02 9.072899628E+01 -2.341300011E+01 1.019700012E+02 3.276300132E-01 4.768199921E-01 1.200299943E-03
 1.435000013E-04 5.249999958E-05 7.795100212E-01 1.567599976E+03 5.996500000E+03 2.948699951E+02 8.830999756E+01 -2.271500015E+01 1.029400024E+02 3.186999857E-01 4.786500037E-01 1.196600031E-03
 1.455500023E-04 5.189999865E-05 7.822600007E-01 4.205899902E+03 9.592500000E+03 2.952099915E+02 8.592600250E+01 -2.226600075E+01 9.169000244E+01 3.100599945E-01 4.808900058E-01 1.192399999E-03
 1.476000034E-04 5.130000136E-05 7.841399908E-01 -1.723699951E+03 9.219200195E+03 2.956199951E+02 8.385399628E+01 -2.168000031E+01 1.093899994E+02 3.023299873E-01 4.827100039E-01 1.189599978E-03
 1.496500045E-04 5.070000043E-05 7.864099741E-01 -7.344799805E+03 7.393399902E+03 2.959100037E+02 8.204699707E+01 -2.075499916E+01 1.172399979E+02 2.952699959E-01 4.845800102E-01 1.186199952E-03
 1.517000055E-04 5.009999950E-05 7.893000245E-01 -7.738299805E+03 4.147299805E+03 2.961199951E+02 7.998999786E+01 -2.004400063E+01 1.043300018E+02 2.876099944E-01 4.867199957E-01 1.181800035E-03
 1.537500066E-04 4.949999857E-05 7.907099724E-01 -1.026400000E+04 2.449600098E+03 2.964299927E+02 7.778399658E+01 -1.959199905E+01 1.102500000E+02 2.796199918E-01 4.880900085E-01 1.179700019E-03
 1.557999931E-04 4.890000127E-05 7.920299768E-01 -1.157000000E+04 6.601699829E+02 2.966600037E+02 7.561799622E+01 -1.910499954E+01 1.005100021E+02 2.717700005E-01 4.893000126E-01 1.177700004E-03
 1.578499941E-04 4.830000034E-05 7.942900062E-01 -4.566200195E+03 3.890000000E+03 2.967300110E+02 7.344200134E+01 -1.843300056E+01 1.053300018E+02 2.638199925E-01 4.907999933E-01 1.174399978E-03
 1.598999952E-04 4.769999941E-05 7.957800031E-01 -5.105499878E+02 1.007500000E+04 2.970000000E+02 7.166400146E+01 -1.772400093E+01 1.117300034E+02 2.570999861E-01 4.921599925E-01 1.172199962E-03
 1.619499963E-04 4.709999848E-05 7.964699864E-01 -5.488099976E+02 2.740500000E+03 2.973800049E+02 7.014900208E+01 -1.702599907E+01 9.563400269E+01 2.512300014E-01 4.932299852E-01 1.171199954E-03
 1.639999973E-04 4.650000119E-05 7.976599932E-01 -2.262899902E+03 1.231099976E+03 2.977799988E+02 6.843699646E+01 -1.630900002E+01 7.157299805E+01 2.446800023E-01 4.946300089E-01 1.169400057E-03
 1.660499984E-04 4.590000026E-05 7.993199825E-01 -5.934500000E+03 1.844000000E+03 2.979400024E+02 6.668399811E+01 -1.579699993E+01 7.009200287E+01 2.382799983E-01 4.959200025E-01 1.167000039E-03
 1.680999994E-04 4.529999933E-05 8.010100126E-01 -7.654700195E+03 -5.213499756E+02 2.979100037E+02 6.503399658E+01 -1.509599972E+01 8.768900299E+01 2.321600020E-01 4.969199896E-01 1.164500020E-03
 1.701500005E-04 4.469999840E-05 8.027499914E-01 -7.765200195E+03 4.470899902E+03 2.980199890E+02 6.327799988E+01 -1.430300045E+01 8.121099854E+01 2.255499959E-01 4.981800020E-01 1.162000000E-03
 1.722000015E-04 4.410000111E-05 8.040300012E-01 -5.606200195E+03 2.094500000E+03 2.982300110E+02 6.137599945E+01 -1.366199970E+01 7.840100098E+01 2.185299993E-01 4.993200004E-01 1.160199987E-03
 1.742500026E-04 4.350000017E-05 8.050100207E-01 -5.194200195E+03 -1.754000000E+03 2.984100037E+02 5.953499985E+01 -1.282400036E+01 9.656500244E+01 2.115900069E-01 5.002400279E-01 1.158699975E-03
 1.763000037E-04 4.289999924E-05 8.064299822E-01 -2.171300049E+03 1.228400024E+03 2.984800110E+02 5.775000000E+01 -1.213099957E+01 9.600399780E+01 2.050099969E-01 5.012300014E-01 1.156699960E-03
 1.783500047E-04 4.229999831E-05 8.077499866E-01 -1.262300049E+03 4.798500000E+03 2.986300049E+02 5.594100189E+01 -1.141499996E+01 8.006600189E+01 1.983100027E-01 5.023099780E-01 1.154799946E-03
 1.804000058E-04 4.170000102E-05 8.091499805E-01 -4.605600098E+03 1.790400024E+03 2.987799988E+02 5.419900131E+01 -1.039799976E+01 7.792099762E+01 1.916300058E-01 5.034400225E-01 1.152800047E-03
 1.824500068E-04 4.110000009E-05 8.107399940E-01 -2.762399902E+03 9.387799805E+03 2.986700134E+02 5.254800034E+01 -9.349699974E+00 7.800299835E+01 1.853699982E-01 5.042399764E-01 1.150600030E-03
 1.844999933E-04 4.049999916E-05 8.118399978E-01 7.929000244E+02 1.028200000E+04 2.986799927E+02 5.070000076E+01 -8.554699898E+00 8.079499817E+01 1.785800010E-01 5.049399734E-01 1.149000018E-03
 1.865499944E-04 3.989999823E-05 8.126000166E-01 4.284500000E+03 3.987100098E+03 2.990299988E+02 4.878099823E+01 -7.407499790E+00 8.458100128E+01 1.712799966E-01 5.059999824E-01 1.147900010E-03
 1.885999955E-04 3.930000094E-05 8.130499721E-01 -1.882900024E+03 1.045700000E+04 2.994200134E+02 4.709600067E+01 -6.242099762E+00 9.936199951E+01 1.647900045E-01 5.069400072E-01 1.147300005E-03
 1.906499965E-04 3.870000000E-05 8.140699863E-01 -5.392000000E+03 5.986500000E+03 2.994599915E+02 4.531600189E+01 -5.368100166E+00 1.058499985E+02 1.582899988E-01 5.076500177E-01 1.145799994E-03
 1.926999976E-04 3.809999907E-05 8.145800233E-01 -6.473500000E+03 -1.056699951E+03 2.996700134E+02 4.340800095E+01 -3.966799974E+00 1.046399994E+02 1.511700004E-01 5.083299875E-01 1.145099988E-03
 1.947499986E-04 3.750000178E-05 8.140299916E-01 -1.375300000E+04 2.434699951E+03 3.003200073E+02 4.138399887E+01 -2.092600107E+00 1.155299988E+02 1.435700059E-01 5.090799928E-01 1.145899994E-03
 1.967999997E-04 3.690000085E-05 8.126199841E-01 -1.986500000E+04 1.211800000E+04 3.012300110E+02 3.909600067E+01 -7.326900214E-02 1.181699982E+02 1.352699995E-01 5.097399950E-01 1.147900010E-03
 1.988500007E-04 3.629999992E-05 8.093900084E-01 -3.409200000E+04 2.375900000E+04 3.028200073E+02 3.692200089E+01 2.312299967E+00 1.367799988E+02 1.277299970E-01 5.103899837E-01 1.152500045E-03
 2.009000018E-04 3.569999899E-05 8.038700223E-01 -4.864500000E+04 3.518500000E+04 3.054899902E+02 3.509899902E+01 6.052599907E+00 1.644199982E+02 1.226200014E-01 5.113499761E-01 1.160399988E-03
 2.029500029E-04 3.510000170E-05 7.951999903E-01 -6.108300000E+04 4.899900000E+04 3.093800049E+02 3.376499939E+01 1.189999962E+01 1.918200073E+02 1.227599978E-01 5.122799873E-01 1.173099969E-03
 2.050000039E-04 3.450000077E-05 7.900900245E-01 -6.917500000E+04 5.524500000E+04 3.116000061E+02 3.325999832E+01 1.539999962E+01 2.072200012E+02 1.246900037E-01 5.126600266E-01 1.180600026E-03
 0.000000000E+00 6.399999984E-05 1.600700021E+00 -5.064200000E+04 2.301700000E+04 3.000000000E+02 4.285499954E+01 7.933800220E+00 -2.602600098E+02 1.604399979E-01 1.012400031E+00 5.729399854E-04
 2.049999921E-06 6.464000035E-05 1.606299996E+00 -3.460600000E+04 1.225900000E+04 2.992699890E+02 4.627600098E+01 8.299300194E+00 -6.524600220E+01 1.678400040E-01 1.007300019E+00 5.758000189E-04
 4.099999842E-06 6.528000085E-05 1.610299945E+00 -1.652000000E+04 -3.657600098E+03 2.984400024E+02 5.176499939E+01 9.068699837E+00 1.457299957E+02 1.825899929E-01 1.000699997E+00 5.792700103E-04
 6.149999990E-06 6.592000136E-05 1.607200027E+00 -1.949500000E+04 5.669600098E+03 2.983900146E+02 5.576499939E+01 9.921099663E+00 1.550399933E+02 1.967999935E-01 9.986299872E-01 5.803899840E-04
 8.199999684E-06 6.656000187E-05 1.603299975E+00 -1.944500000E+04 8.796599609E+03 2.983900146E+02 5.968199921E+01 1.116499996E+01 1.711199951E+02 2.109699994E-01 9.962499738E-01 5.817899946E-04
 1.024999983E-05 6.720000238E-05 1.599400043E+00 -1.208800000E+04 -4.746700195E+03 2.982600098E+02 6.356499863E+01 1.275000000E+01 1.805000000E+02 2.253099978E-01 9.933699965E-01 5.832199822E-04
 1.229999998E-05 6.784000288E-05 1.596500039E+00 -5.268600098E+03 1.693600006E+02 2.978999939E+02 6.740899658E+01 1.427200031E+01 1.556600037E+02 2.396100014E-01 9.903699756E-01 5.842900136E-04
 1.435000013E-05 6.848000339E-05 1.592900038E+00 3.513500000E+03 1.043000000E+04 2.976300049E+02 7.131800079E+01 1.582199955E+01 1.579400024E+02 2.541399896E-01 9.872400165E-01 5.856099888E-04
 1.639999937E-05 6.911999662E-05 1.587399960E+00 3.837199951E+03 -3.420800049E+03 2.975799866E+02 7.528700256E+01 1.748500061E+01 1.746900024E+02 2.689099908E-01 9.836699963E-01 5.876200157E-04
 1.845000043E-05 6.975999713E-05 1.581900001E+00 -5.113600098E+03 -1.014800000E+04 2.973599854E+02 7.934400177E+01 1.912500000E+01 1.789600067E+02 2.840699852E-01 9.795100093E-01 5.896899966E-04
 2.049999966E-05 7.039999764E-05 1.575999975E+00 -1.902600000E+04 -5.716500244E+02 2.970799866E+02 8.344999695E+01 2.079100037E+01 1.976799927E+02 2.994700074E-01 9.749900103E-01 5.918699899E-04
 2.255000072E-05 7.103999815E-05 1.568600059E+00 -7.876000000E+03 -6.658899902E+03 2.966499939E+02 8.769300079E+01 2.268199921E+01 2.275599976E+02 3.156400025E-01 9.689999819E-01 5.946700112E-04
 2.459999996E-05 7.167999865E-05 1.562199950E+00 8.930000000E+03 1.443699951E+03 2.961099854E+02 9.200199890E+01 2.435400009E+01 2.090800018E+02 3.319399953E-01 9.632599950E-01 5.971199716E-04
 2.664999920E-05 7.231999916E-05 1.554299951E+00 5.600500000E+03 1.757200000E+04 2.956600037E+02 9.656400299E+01 2.596899986E+01 1.795299988E+02 3.490299881E-01 9.569299817E-01 6.001699949E-04
 2.870000026E-05 7.295999967E-05 1.544800043E+00 1.031600000E+04 5.206899902E+03 2.949800110E+02 1.015000000E+02 2.795199966E+01 1.856999969E+02 3.678900003E-01 9.489300251E-01 6.038200227E-04
 3.075000132E-05 7.360000018E-05 1.536000013E+00 1.615200000E+04 -2.535800049E+03 2.942200012E+02 1.067300034E+02 2.995499992E+01 1.991999969E+02 3.878900111E-01 9.410700202E-01 6.073199911E-04
 3.279999873E-05 7.424000069E-05 1.524799943E+00 2.112700000E+04 3.519600098E+03 2.934400024E+02 1.125599976E+02 3.195700073E+01 2.045899963E+02 4.099699855E-01 9.317600131E-01 6.117500016E-04
 3.484999979E-05 7.488000119E-05 1.509400010E+00 1.480800000E+04 1.913500000E+04 2.924700012E+02 1.190699997E+02 3.408300018E+01 2.318200073E+02 4.346399903E-01 9.193000197E-01 6.180100027E-04
 3.690000085E-05 7.552000170E-05 1.492200017E+00 1.140500000E+04 2.206300000E+04 2.915400085E+02 1.261600037E+02 3.640900040E+01 2.370500031E+02 4.615699947E-01 9.059299827E-01 6.251200102E-04
 3.894999827E-05 7.616000221E-05 1.473799944E+00 2.856400000E+04 1.194800000E+04 2.904599915E+02 1.340200043E+02 3.893799973E+01 2.229400024E+02 4.914700091E-01 8.914300203E-01 6.329700118E-04
 4.099999933E-05 7.680000272E-05 1.452299953E+00 3.581800000E+04 1.602900000E+04 2.889299927E+02 1.428899994E+02 4.154199982E+01 2.382100067E+02 5.254300237E-01 8.738099933E-01 6.423399900E-04
 4.305000039E-05 7.744000322E-05 1.424999952E+00 2.936400000E+04 1.193700000E+04 2.868900146E+02 1.535200043E+02 4.455899811E+01 2.543999939E+02 5.664499998E-01 8.513399959E-01 6.546900258E-04
 4.510000144E-05 7.807999646E-05 1.387799978E+00 4.270000000E+04 7.352899902E+03 2.842600098E+02 1.669600067E+02 4.784899902E+01 2.567099915E+02 6.183199883E-01 8.215500116E-01 6.723100087E-04
 4.714999886E-05 7.871999696E-05 1.338099957E+00 7.198500000E+04 7.357500000E+03 2.807600098E+02 1.844900055E+02 5.098199844E+01 2.622699890E+02 6.857100129E-01 7.824500203E-01 6.974299904E-04
 4.919999992E-05 7.935999747E-05 1.264500022E+00 1.070100000E+05 4.490799805E+03 2.753500061E+02 2.097200012E+02 5.233100128E+01 2.140899963E+02 7.822899818E-01 7.253500223E-01 7.386200014E-04
 5.125000098E-05 7.999999798E-05 1.108999968E+00 1.232800000E+05 -4.567500000E+04 2.645299988E+02 2.531999969E+02 3.748300171E+01 -3.726400146E+02 9.486200213E-01 6.126099825E-01 8.496899973E-04
 5.329999840E-05 7.942399679E-05 8.834400177E-01 9.598500000E+04 -9.416100000E+04 2.488399963E+02 3.030700073E+02 -4.784699917E+00 -9.042399902E+02 1.159899950E+00 4.598299861E-01 1.075000037E-03
 5.534999946E-05 7.884800289E-05 6.900799870E-01 3.647700000E+04 -7.269200000E+04 2.345000000E+02 3.338699951E+02 -5.765999985E+01 -6.360599976E+02 1.332200050E+00 3.380500078E-01 1.371399965E-03
 5.740000051E-05 7.827200170E-05 5.745300055E-01 -1.835100000E+04 -2.440100000E+04 2.254299927E+02 3.446499939E+02 -9.707399750E+01 -1.586699982E+02 1.432600021E+00 2.699699998E-01 1.632399973E-03
 5.945000157E-05 7.769600052E-05 5.219299793E-01 -3.566400000E+04 2.411700000E+04 2.210500031E+02 3.465599976E+02 -1.168700027E+02 1.233399963E+02 1.476600051E+00 2.402999997E-01 1.789800008E-03
 6.150000263E-05 7.711999933E-05 5.000900030E-01 -4.882100000E+04 6.157500000E+04 2.192899933E+02 3.474200134E+02 -1.245400009E+02 2.449600067E+02 1.495800018E+00 2.283599973E-01 1.865900005E-03
 6.354999641E-05 7.654399815E-05 4.911099970E-01 -5.013600000E+04 7.912000000E+04 2.184100037E+02 3.487600098E+02 -1.264100037E+02 2.892699890E+02 1.506500006E+00 2.233500034E-01 1.899500028E-03
 6.559999747E-05 7.596799696E-05 4.867199957E-01 -4.107400000E+04 7.534900000E+04 2.174900055E+02 3.504200134E+02 -1.255100021E+02 2.896799927E+02 1.514799953E+00 2.204300016E-01 1.916500041E-03
 6.764999853E-05 7.539200305E-05 4.814099967E-01 -4.272600000E+04 6.976300000E+04 2.164199982E+02 3.532999878E+02 -1.240599976E+02 3.006199951E+02 1.527600050E+00 2.169599980E-01 1.937799971E-03
 6.969999959E-05 7.481600187E-05 4.740400016E-01 -4.314800000E+04 7.159100000E+04 2.151600037E+02 3.573500061E+02 -1.223899994E+02 3.108099976E+02 1.545500040E+00 2.123900056E-01 1.967899967E-03
 7.175000064E-05 7.424000069E-05 4.655500054E-01 -4.284000000E+04 6.691800000E+04 2.136399994E+02 3.615899963E+02 -1.211399994E+02 2.825100098E+02 1.565799952E+00 2.071200013E-01 2.003900008E-03
 7.380000170E-05 7.366399950E-05 4.556899965E-01 -4.835000000E+04 6.388000000E+04 2.118699951E+02 3.660899963E+02 -1.204199982E+02 2.604500122E+02 1.588999987E+00 2.010599971E-01 2.047300106E-03
 7.585000276E-05 7.308799832E-05 4.447500110E-01 -5.364600000E+04 6.303100000E+04 2.099600067E+02 3.708299866E+02 -1.194499969E+02 2.675599976E+02 1.613600016E+00 1.944700032E-01 2.097700024E-03
 7.789999654E-05 7.251199713E-05 4.328700006E-01 -4.902400000E+04 5.944800000E+04 2.078500061E+02 3.757999878E+02 -1.187699966E+02 2.527200012E+02 1.640699983E+00 1.873800009E-01 2.155299997E-03
 7.994999760E-05 7.193600322E-05 4.203099906E-01 -5.375700000E+04 5.403000000E+04 2.057500000E+02 3.807900085E+02 -1.182900009E+02 2.313600006E+02 1.668300033E+00 1.800999939E-01 2.219799906E-03
 8.199999866E-05 7.136000204E-05 4.071899951E-01 -6.878000000E+04 5.348000000E+04 2.035899963E+02 3.858299866E+02 -1.176900024E+02 2.231999969E+02 1.696699977E+00 1.726399958E-01 2.291399986E-03
 8.404999971E-05 7.078400085E-05 3.939200044E-01 -7.562800000E+04 5.111700000E+04 2.012799988E+02 3.907999878E+02 -1.173799973E+02 2.162599945E+02 1.726099968E+00 1.651200056E-01 2.368600108E-03
 8.610000077E-05 7.020799967E-05 3.812099993E-01 -7.802500000E+04 4.477400000E+04 1.991199951E+02 3.955000000E+02 -1.170699997E+02 2.161100006E+02 1.754299998E+00 1.580799967E-01 2.447600011E-03
 8.815000183E-05 6.963199849E-05 3.692199886E-01 -8.160300000E+04 4.510500000E+04 1.971100006E+02 3.998200073E+02 -1.168300018E+02 2.048399963E+02 1.780599952E+00 1.515599936E-01 2.526999917E-03
 9.020000289E-05 6.905599730E-05 3.575899899E-01 -8.367400000E+04 4.610800000E+04 1.950599976E+02 4.038900146E+02 -1.168300018E+02 1.980299988E+02 1.806699991E+00 1.452600062E-01 2.609299961E-03
 9.224999667E-05 6.848000339E-05 3.459500074E-01 -8.587100000E+04 4.720900000E+04 1.928099976E+02 4.080899963E+02 -1.169700012E+02 1.992899933E+02 1.834900022E+00 1.389099956E-01 2.697099932E-03
 9.429999773E-05 6.790400221E-05 3.347800076E-01 -8.890800000E+04 4.418500000E+04 1.906999969E+02 4.120199890E+02 -1.169899979E+02 1.985599976E+02 1.861400008E+00 1.329499930E-01 2.787000034E-03
 9.634999878E-05 6.732800102E-05 3.243100047E-01 -9.394700000E+04 4.142100000E+04 1.888399963E+02 4.156300049E+02 -1.169499969E+02 2.055800018E+02 1.885699987E+00 1.275400072E-01 2.877000021E-03
 9.839999984E-05 6.675199984E-05 3.144400120E-01 -1.092400000E+05 4.855600000E+04 1.871699982E+02 4.190000000E+02 -1.170999985E+02 2.155000000E+02 1.908499956E+00 1.225600019E-01 2.967299893E-03
 1.004500009E-04 6.617599865E-05 3.046599925E-01 -1.285200000E+05 5.196300000E+04 1.856000061E+02 4.221499939E+02 -1.173099976E+02 2.210299988E+02 1.930199981E+00 1.177499965E-01 3.062699921E-03
 1.025000020E-04 6.559999747E-05 2.949300110E-01 -1.397100000E+05 5.082200000E+04 1.840000000E+02 4.252300110E+02 -1.176399994E+02 2.238399963E+02 1.952100039E+00 1.130099967E-01 3.163600108E-03
 1.045500030E-04 6.502400356E-05 2.855199873E-01 -1.524500000E+05 5.493300000E+04 1.824199982E+02 4.283299866E+02 -1.178899994E+02 2.290200043E+02 1.974099994E+00 1.084700003E-01 3.267999971E-03
 1.065999968E-04 6.444800238E-05 2.770099938E-01 -1.669800000E+05 5.997600000E+04 1.809499969E+02 4.309899902E+02 -1.179899979E+02 2.368500061E+02 1.993600011E+00 1.043900028E-01 3.368099919E-03
 1.086499979E-04 6.387200119E-05 2.694999874E-01 -1.889200000E+05 6.617300000E+04 1.798300018E+02 4.330700073E+02 -1.181800003E+02 2.496199951E+02 2.009000063E+00 1.009199992E-01 3.461800050E-03
 1.106999989E-04 6.329600001E-05 2.637499869E-01 -2.503700000E+05 8.603300000E+04 1.801300049E+02 4.325899963E+02 -1.173099976E+02 3.037900085E+02 2.004300117E+00 9.892799705E-02 3.536799923E-03
 1.127500000E-04 6.271999882E-05 2.713499963E-01 -5.446500000E+05 1.933900000E+05 1.904600067E+02 4.126600037E+02 -1.088600006E+02 6.584899902E+02 1.860200047E+00 1.078300029E-01 3.442399902E-03
 1.148000010E-04 6.214399764E-05 3.302400112E-01 -9.326400000E+05 3.255800000E+05 2.227599945E+02 3.408599854E+02 -8.263099670E+01 1.433000000E+03 1.428300023E+00 1.556099951E-01 2.891399898E-03
 1.168500021E-04 6.156799645E-05 4.695599973E-01 -7.047100000E+05 2.342000000E+05 2.602799988E+02 2.388399963E+02 -4.914899826E+01 1.574900024E+03 9.140899777E-01 2.573800087E-01 2.065100009E-03
 1.189000031E-04 6.099199891E-05 6.219199896E-01 -1.992300000E+05 5.938400000E+04 2.802399902E+02 1.696300049E+02 -3.011000061E+01 8.529799805E+02 6.184800267E-01 3.636400104E-01 1.515800017E-03
 1.209499969E-04 6.041600136E-05 7.035099864E-01 -4.059400000E+04 1.365600000E+04 2.869700012E+02 1.417799988E+02 -2.562899971E+01 3.413900146E+02 5.105800033E-01 4.204699993E-01 1.326999976E-03
 1.230000053E-04 5.984000018E-05 7.287300229E-01 -2.528000000E+04 3.640300049E+03 2.894400024E+02 1.306000061E+02 -2.552199936E+01 2.190099945E+02 4.694699943E-01 4.392400086E-01 1.280099968E-03
 1.250500063E-04 5.926399899E-05 7.393100262E-01 -2.259900000E+04 5.509600098E+03 2.907399902E+02 1.236699982E+02 -2.567300034E+01 1.934499969E+02 4.445999861E-01 4.476000071E-01 1.261799945E-03
 1.270999928E-04 5.868800145E-05 7.466700077E-01 -1.098200000E+04 1.242900000E+04 2.913999939E+02 1.184400024E+02 -2.563599968E+01 1.738500061E+02 4.260599911E-01 4.530900121E-01 1.249299967E-03
 1.291499939E-04 5.811200026E-05 7.522699833E-01 -1.188800000E+04 1.030900000E+04 2.920199890E+02 1.140800018E+02 -2.533200073E+01 1.651499939E+02 4.104200006E-01 4.574599862E-01 1.240000012E-03
 1.311999949E-04 5.753599908E-05 7.572799921E-01 -2.068000000E+04 8.790700195E+03 2.925199890E+02 1.101100006E+02 -2.513299942E+01 1.444199982E+02 3.963299990E-01 4.612999856E-01 1.231799950E-03
 1.332499960E-04 5.696000153E-05 7.617800236E-01 -1.860100000E+04 1.109800000E+04 2.930000000E+02 1.064499969E+02 -2.469499969E+01 1.354799957E+02 3.831700087E-01 4.647899866E-01 1.224500011E-03
 1.352999971E-04 5.638400035E-05 7.661299706E-01 -6.646299805E+03 2.087000000E+04 2.933900146E+02 1.030999985E+02 -2.414299965E+01 1.324900055E+02 3.710100055E-01 4.680599868E-01 1.217599958E-03
 1.373499981E-04 5.580799916E-05 7.699699998E-01 -4.329799805E+03 2.361400000E+04 2.936600037E+02 1.002200012E+02 -2.388199997E+01 1.135000000E+02 3.608199954E-01 4.708499908E-01 1.211500028E-03
 1.393999992E-04 5.523200161E-05 7.736899853E-01 -4.236600098E+03 1.076500000E+04 2.940199890E+02 9.755300140E+01 -2.348600006E+01 1.007799988E+02 3.512000144E-01 4.736999869E-01 1.205699984E-03
 1.414500002E-04 5.465600043E-05 7.769899964E-01 8.682000122E+02 3.722099915E+02 2.943699951E+02 9.487699890E+01 -2.289100075E+01 1.086800003E+02 3.414100111E-01 4.762899876E-01 1.200499944E-03
 1.435000013E-04 5.407999925E-05 7.798399925E-01 5.888799805E+03 7.044600098E+03 2.946099854E+02 9.236799622E+01 -2.228700066E+01 1.322100067E+02 3.322399855E-01 4.784300029E-01 1.196100027E-03
 1.455500023E-04 5.350400170E-05 7.824699879E-01 4.519700195E+03 1.618800000E+04 2.949700012E+02 8.995700073E+01 -2.182500076E+01 1.359400024E+02 3.234699965E-01 4.806300104E-01 1.192099997E-03
 1.476000034E-04 5.292800051E-05 7.842699885E-01 -7.402200195E+03 1.613500000E+04 2.955199890E+02 8.763200378E+01 -2.131299973E+01 1.321900024E+02 3.148599863E-01 4.826399982E-01 1.189399976E-03
 1.496500045E-04 5.235199933E-05 7.860000134E-01 -9.822900391E+03 6.517899902E+03 2.959100037E+02 8.557399750E+01 -2.044000053E+01 1.227200012E+02 3.069599867E-01 4.843299985E-01 1.186799956E-03
 1.517000055E-04 5.177600178E-05 7.886400223E-01 -4.549899902E+03 -6.738499756E+02 2.960700073E+02 8.356500244E+01 -1.947599983E+01 1.173099976E+02 2.992799878E-01 4.862200022E-01 1.182800042E-03
 1.537500066E-04 5.120000060E-05 7.906500101E-01 -5.499600098E+03 2.158000000E+03 2.962699890E+02 8.137300110E+01 -1.888199997E+01 1.197600021E+02 2.912800014E-01 4.877899885E-01 1.179800020E-03
 1.557999931E-04 5.062399941E-05 7.916899920E-01 -6.237799805E+03 3.544100098E+03 2.965799866E+02 7.919999695E+01 -1.842600060E+01 1.120100021E+02 2.833899856E-01 4.889400005E-01 1.178200007E-03
 1.578499941E-04 5.004799823E-05 7.935600281E-01 -1.198300049E+03 1.783000000E+03 2.967099915E+02 7.719100189E+01 -1.789500046E+01 1.134599991E+02 2.760800123E-01 4.903100133E-01 1.175499987E-03
 1.598999952E-04 4.947200068E-05 7.949399948E-01 1.704300049E+03 1.690000000E+03 2.970100098E+02 7.529699707E+01 -1.742499924E+01 1.124499969E+02 2.691499889E-01 4.916599989E-01 1.173399971E-03
 1.619499963E-04 4.889599950E-05 7.959300280E-01 -2.803899902E+03 -8.001500244E+02 2.973800049E+02 7.347100067E+01 -1.664299965E+01 9.650199890E+01 2.621800005E-01 4.928900003E-01 1.171999960E-03
 1.639999973E-04 4.831999831E-05 7.975400090E-01 -8.075399902E+03 1.335699951E+03 2.975700073E+02 7.173200226E+01 -1.581799984E+01 7.581900024E+01 2.555600107E-01 4.941999912E-01 1.169599942E-03
 1.660499984E-04 4.774400077E-05 7.989299893E-01 -6.933600098E+03 2.760500000E+03 2.977200012E+02 7.002999878E+01 -1.533699989E+01 7.841899872E+01 2.493599951E-01 4.953199923E-01 1.167600043E-03
 1.680999994E-04 4.716799958E-05 8.007100224E-01 -9.900000000E+03 -5.402999878E+02 2.978399963E+02 6.831500244E+01 -1.463000011E+01 9.008000183E+01 2.429700047E-01 4.966099858E-01 1.165000023E-03
 1.701500005E-04 4.659199840E-05 8.026800156E-01 -8.769500000E+03 2.032599976E+03 2.978800049E+02 6.657900238E+01 -1.370699978E+01 8.515699768E+01 2.363799959E-01 4.979000092E-01 1.162100001E-03
 1.722000015E-04 4.601600085E-05 8.036999702E-01 -2.318699951E+03 2.717000122E+02 2.980899963E+02 6.484799957E+01 -1.296199989E+01 8.577200317E+01 2.298900038E-01 4.988799989E-01 1.160599990E-03
 1.742500026E-04 4.543999967E-05 8.044400215E-01 -3.075899902E+03 -1.030099976E+03 2.983099976E+02 6.313899994E+01 -1.224800014E+01 8.978299713E+01 2.234899998E-01 4.997099936E-01 1.159599982E-03
 1.763000037E-04 4.486399848E-05 8.058699965E-01 -7.463800049E+02 1.424900024E+03 2.983399963E+02 6.131399918E+01 -1.151000023E+01 9.163500214E+01 2.167699933E-01 5.006499887E-01 1.157499966E-03
 1.783500047E-04 4.428800094E-05 8.073899746E-01 -1.590099976E+03 1.429900024E+03 2.984200134E+02 5.940700150E+01 -1.070100021E+01 8.859300232E+01 2.097299993E-01 5.017399788E-01 1.155299949E-03
 1.804000058E-04 4.371199975E-05 8.087800145E-01 -2.896000000E+03 2.441800049E+03 2.985299988E+02 5.752199936E+01 -9.758299828E+00 8.470300293E+01 2.026699930E-01 5.027800202E-01 1.153300051E-03
 1.824500068E-04 4.313599857E-05 8.101099730E-01 1.499199951E+03 1.010000000E+04 2.984800110E+02 5.578200150E+01 -8.661299706E+00 8.136000061E+01 1.961199939E-01 5.035300255E-01 1.151400036E-03
 1.844999933E-04 4.256000102E-05 8.113999963E-01 5.271799805E+03 7.208000000E+03 2.985499878E+02 5.399399948E+01 -7.575399876E+00 8.263600159E+01 1.894100010E-01 5.044500232E-01 1.149600022E-03
 1.865499944E-04 4.198399984E-05 8.120599985E-01 1.839099976E+03 3.625899902E+03 2.990000000E+02 5.206299973E+01 -6.505499840E+00 1.008099976E+02 1.821299940E-01 5.056200027E-01 1.148700016E-03
 1.885999955E-04 4.140799865E-05 8.126099706E-01 -4.251600098E+03 9.141500000E+03 2.993500061E+02 5.025600052E+01 -5.446199894E+00 1.141399994E+02 1.753599942E-01 5.065500140E-01 1.147900010E-03
 1.906499965E-04 4.083200110E-05 8.135100007E-01 -1.452199951E+03 1.236599976E+03 2.994500122E+02 4.844699860E+01 -4.295700073E+00 9.752600098E+01 1.687099934E-01 5.072799921E-01 1.146600000E-03
 1.926999976E-04 4.025599992E-05 8.140000105E-01 -5.367200195E+03 -1.676500000E+03 2.997200012E+02 4.645899963E+01 -2.724600077E+00 1.012399979E+02 1.613699943E-01 5.080500245E-01 1.145899994E-03
 1.947499986E-04 3.967999874E-05 8.139799833E-01 -1.394900000E+04 5.814200195E+03 3.000799866E+02 4.452399826E+01 -8.872100115E-01 1.280800018E+02 1.543300003E-01 5.086500049E-01 1.145999995E-03
 1.967999997E-04 3.910400119E-05 8.130000234E-01 -1.290100000E+04 1.236900000E+04 3.006700134E+02 4.272499847E+01 1.150300026E+00 1.217399979E+02 1.479800045E-01 5.090299845E-01 1.147400006E-03
 1.988500007E-04 3.852800000E-05 8.106799722E-01 -1.674300000E+04 1.969100000E+04 3.018099976E+02 4.084500122E+01 3.547399998E+00 1.232900009E+02 1.417299956E-01 5.095000267E-01 1.150600030E-03
 2.009000018E-04 3.795199882E-05 8.067799807E-01 -3.076300000E+04 3.041800000E+04 3.037300110E+02 3.905300140E+01 6.924799919E+00 1.377100067E+02 1.368000060E-01 5.102699995E-01 1.156199956E-03
 2.029500029E-04 3.737600127E-05 7.999399900E-01 -4.590900000E+04 4.207900000E+04 3.067099915E+02 3.785800171E+01 1.192300034E+01 1.693000031E+02 1.364199966E-01 5.108900070E-01 1.166100032E-03
 2.050000039E-04 3.680000009E-05 7.955099940E-01 -5.277500000E+04 4.549900000E+04 3.084299927E+02 3.746200180E+01 1.486900043E+01 1.966300049E+02 1.377899945E-01 5.109300017E-01 1.172599965E-03
 0.000000000E+00 6.516699796E-05 1.600700021E+00 -8.297700000E+04 7.939799805E+03 3.000000000E+02 4.644400024E+01 6.989699841E+00 -2.342299957E+02 1.725499928E-01 1.012899995E+00 5.728700198E-04
 2.049999921E-06 6.577999739E-05 1.605800033E+00 -4.693500000E+04 9.202200195E+03 2.992699890E+02 5.014899826E+01 7.341100216E+00 -4.119300079E+01 1.807599962E-01 1.007200003E+00 5.759599735E-04
 4.099999842E-06 6.639299681E-05 1.609200001E+00 -1.515800000E+04 8.733799805E+03 2.984200134E+02 5.599200058E+01 8.187700272E+00 1.640200043E+02 1.966100037E-01 1.000000000E+00 5.796700134E-04
 6.149999990E-06 6.700700033E-05 1.605599999E+00 -2.327300000E+04 9.653700195E+03 2.984299927E+02 6.009500122E+01 9.227600098E+00 1.729400024E+02 2.112399936E-01 9.977800250E-01 5.809700233E-04
 8.199999684E-06 6.761999975E-05 1.602300048E+00 -1.400200000E+04 -3.565599976E+02 2.983699951E+02 6.390200043E+01 1.056599998E+01 1.956199951E+02 2.250600010E-01 9.955499768E-01 5.821699742E-04
 1.024999983E-05 6.823299918E-05 1.599200010E+00 -5.101899902E+03 -9.231900391E+03 2.980499878E+02 6.766600037E+01 1.209799957E+01 1.989499969E+02 2.389699966E-01 9.925799966E-01 5.832799943E-04
 1.229999998E-05 6.884700269E-05 1.596600056E+00 -8.897299805E+03 -5.854099731E+02 2.977200012E+02 7.138899994E+01 1.365200043E+01 1.655299988E+02 2.528199852E-01 9.898499846E-01 5.842300016E-04
 1.435000013E-05 6.946000212E-05 1.592300057E+00 -1.051300049E+03 4.976700195E+03 2.975799866E+02 7.504100037E+01 1.528800011E+01 1.558699951E+02 2.664400041E-01 9.867399931E-01 5.858099903E-04
 1.639999937E-05 7.007300155E-05 1.585700035E+00 4.302799805E+03 -6.542899902E+03 2.975799866E+02 7.876000214E+01 1.680599976E+01 1.893899994E+02 2.801899910E-01 9.825999737E-01 5.882700207E-04
 1.845000043E-05 7.068699779E-05 1.580199957E+00 -3.636699951E+03 -1.611600000E+04 2.972799988E+02 8.257099915E+01 1.842499924E+01 2.142599945E+02 2.944999933E-01 9.782400131E-01 5.902900011E-04
 2.049999966E-05 7.129999722E-05 1.574599981E+00 -7.534799805E+03 -1.120500000E+04 2.969100037E+02 8.633100128E+01 2.012700081E+01 1.856100006E+02 3.087599874E-01 9.735299945E-01 5.924300058E-04
 2.255000072E-05 7.191299665E-05 1.567899942E+00 3.420199951E+03 -2.352600098E+03 2.965599976E+02 9.028199768E+01 2.185400009E+01 1.723800049E+02 3.237400055E-01 9.682700038E-01 5.949300248E-04
 2.459999996E-05 7.252700016E-05 1.561300039E+00 1.543200000E+04 1.234300000E+04 2.960799866E+02 9.461699677E+01 2.346100044E+01 1.997599945E+02 3.400200009E-01 9.626200199E-01 5.974500091E-04
 2.664999920E-05 7.313999959E-05 1.552800059E+00 1.495200000E+04 1.970200000E+04 2.955899963E+02 9.923100281E+01 2.514399910E+01 1.924600067E+02 3.573499918E-01 9.557999969E-01 6.007300108E-04
 2.870000026E-05 7.375299901E-05 1.543599963E+00 1.278800000E+04 1.094500000E+04 2.948599854E+02 1.040699997E+02 2.704999924E+01 1.865399933E+02 3.758299947E-01 9.477999806E-01 6.043000030E-04
 3.075000132E-05 7.436700253E-05 1.534199953E+00 1.675000000E+04 8.344400391E+03 2.940100098E+02 1.093300018E+02 2.892799950E+01 2.086699982E+02 3.958599865E-01 9.393200278E-01 6.079999730E-04
 3.279999873E-05 7.498000195E-05 1.522300005E+00 1.746500000E+04 9.792700195E+03 2.932200012E+02 1.152300034E+02 3.093400002E+01 2.094900055E+02 4.181700051E-01 9.295200109E-01 6.127699744E-04
 3.484999979E-05 7.559300138E-05 1.506999969E+00 1.732000000E+04 1.499800000E+04 2.924500122E+02 1.215699997E+02 3.296300125E+01 2.373800049E+02 4.420700073E-01 9.177299738E-01 6.190100103E-04
 3.690000085E-05 7.620699762E-05 1.489699960E+00 1.785000000E+04 1.295200000E+04 2.915400085E+02 1.284900055E+02 3.517900085E+01 2.376300049E+02 4.682700038E-01 9.044100046E-01 6.261799717E-04
 3.894999827E-05 7.681999705E-05 1.471099973E+00 2.284800000E+04 8.270700195E+03 2.903500061E+02 1.362200012E+02 3.753400040E+01 2.113999939E+02 4.976699948E-01 8.894799948E-01 6.341100088E-04
 4.099999933E-05 7.743299648E-05 1.450000048E+00 2.088100000E+04 6.879500000E+03 2.887999878E+02 1.450099945E+02 3.992300034E+01 2.144900055E+02 5.311999917E-01 8.720700145E-01 6.433299859E-04
 4.305000039E-05 7.804699999E-05 1.422000051E+00 2.527000000E+04 9.081400391E+03 2.868500061E+02 1.557299957E+02 4.279800034E+01 2.500800018E+02 5.723400116E-01 8.494200110E-01 6.560899783E-04
 4.510000144E-05 7.865999942E-05 1.383999944E+00 4.583200000E+04 1.118300000E+04 2.842399902E+02 1.692200012E+02 4.575799942E+01 2.418000031E+02 6.241199970E-01 8.192700148E-01 6.741299876E-04
 4.714999886E-05 7.927299885E-05 1.334800005E+00 6.739400000E+04 8.462900391E+03 2.806700134E+02 1.866100006E+02 4.837799835E+01 2.041499939E+02 6.907399893E-01 7.802900076E-01 6.991199916E-04
 4.919999992E-05 7.988700236E-05 1.263399959E+00 9.764600000E+04 8.429299805E+03 2.753299866E+02 2.110599976E+02 4.890700150E+01 1.386499939E+02 7.841200233E-01 7.246500254E-01 7.392099942E-04
 5.125000098E-05 8.050000179E-05 1.124099970E+00 1.111500000E+05 -3.836500000E+04 2.654100037E+02 2.506499939E+02 3.623600006E+01 -3.440199890E+02 9.359599948E-01 6.225900054E-01 8.360000211E-04
 5.329999840E-05 7.994799671E-05 9.236699939E-01 9.397900000E+04 -9.045700000E+04 2.512400055E+02 2.971300049E+02 1.267600060E+00 -8.368300171E+02 1.130100012E+00 4.849500060E-01 1.023499994E-03
 5.534999946E-05 7.939599891E-05 7.399600148E-01 5.023700000E+04 -8.779800000E+04 2.373800049E+02 3.300599976E+02 -4.585400009E+01 -7.175599976E+02 1.302199960E+00 3.668699861E-01 1.276699943E-03
 5.740000051E-05 7.884400111E-05 6.155700088E-01 7.747500000E+02 -5.317000000E+04 2.272400055E+02 3.453500061E+02 -8.608699799E+01 -3.281499939E+02 1.418799996E+00 2.917000055E-01 1.525299973E-03
 5.945000157E-05 7.829200331E-05 5.484600067E-01 -2.424200000E+04 -1.013900000E+04 2.212899933E+02 3.503299866E+02 -1.102799988E+02 -1.410700035E+01 1.482200027E+00 2.528400123E-01 1.704699942E-03
 6.150000263E-05 7.773999823E-05 5.156499743E-01 -4.117500000E+04 3.244200000E+04 2.183800049E+02 3.522999878E+02 -1.218799973E+02 1.551199951E+02 1.514099956E+00 2.345100045E-01 1.810300048E-03
 6.354999641E-05 7.718800043E-05 4.997999966E-01 -5.084200000E+04 6.259000000E+04 2.170000000E+02 3.541300049E+02 -1.260899963E+02 2.256100006E+02 1.531499982E+00 2.258500010E-01 1.866800012E-03
 6.559999747E-05 7.663600263E-05 4.916000068E-01 -4.961100000E+04 7.203300000E+04 2.158800049E+02 3.562300110E+02 -1.263199997E+02 2.581900024E+02 1.543900013E+00 2.209900022E-01 1.897600014E-03
 6.764999853E-05 7.608399756E-05 4.848299921E-01 -5.471400000E+04 7.363700000E+04 2.146799927E+02 3.590599976E+02 -1.249199982E+02 2.894299927E+02 1.557199955E+00 2.167399973E-01 1.924099983E-03
 6.969999959E-05 7.553199976E-05 4.772000015E-01 -5.935600000E+04 7.335200000E+04 2.135200043E+02 3.626900024E+02 -1.229400024E+02 3.086799927E+02 1.572900057E+00 2.121800035E-01 1.954900101E-03
 7.175000064E-05 7.498000195E-05 4.681900144E-01 -5.757700000E+04 6.865000000E+04 2.121199951E+02 3.669700012E+02 -1.213899994E+02 2.809400024E+02 1.592800021E+00 2.068099976E-01 1.992600039E-03
 7.380000170E-05 7.442799688E-05 4.578500092E-01 -5.936200000E+04 6.728100000E+04 2.102899933E+02 3.713800049E+02 -1.202399979E+02 2.586300049E+02 1.615599990E+00 2.004999965E-01 2.037599916E-03
 7.585000276E-05 7.387599908E-05 4.467599988E-01 -5.855400000E+04 6.811200000E+04 2.084499969E+02 3.757900085E+02 -1.189000015E+02 2.647300110E+02 1.638499975E+00 1.939399987E-01 2.088299952E-03
 7.789999654E-05 7.332400128E-05 4.342699945E-01 -5.464300000E+04 6.264300000E+04 2.065299988E+02 3.807099915E+02 -1.176699982E+02 2.447799988E+02 1.664100051E+00 1.867900044E-01 2.148499945E-03
 7.994999760E-05 7.277200348E-05 4.213800132E-01 -6.056900000E+04 5.588600000E+04 2.045500031E+02 3.853699951E+02 -1.167099991E+02 2.316600037E+02 1.689700007E+00 1.794999987E-01 2.214200096E-03
 8.199999866E-05 7.221999840E-05 4.084500074E-01 -7.106400000E+04 5.646100000E+04 2.024799957E+02 3.900400085E+02 -1.156699982E+02 2.389499969E+02 1.715899944E+00 1.722300053E-01 2.284399932E-03
 8.404999971E-05 7.166800060E-05 3.952699900E-01 -7.540600000E+04 5.291300000E+04 2.002400055E+02 3.950499878E+02 -1.150599976E+02 2.236300049E+02 1.745100021E+00 1.648299992E-01 2.360600047E-03
 8.610000077E-05 7.111600280E-05 3.828299940E-01 -7.630300000E+04 4.579700000E+04 1.980399933E+02 3.998800049E+02 -1.145999985E+02 2.178300018E+02 1.774000049E+00 1.578900069E-01 2.437199932E-03
 8.815000183E-05 7.056399772E-05 3.710100055E-01 -7.997800000E+04 4.316800000E+04 1.959900055E+02 4.041900024E+02 -1.140299988E+02 2.061900024E+02 1.800400019E+00 1.514299959E-01 2.514800057E-03
 9.020000289E-05 7.001199992E-05 3.591600060E-01 -8.510300000E+04 4.895100000E+04 1.940599976E+02 4.083099976E+02 -1.137399979E+02 1.884900055E+02 1.826099992E+00 1.451500058E-01 2.597900108E-03
 9.224999667E-05 6.946000212E-05 3.474200070E-01 -8.925900000E+04 5.251200000E+04 1.920200043E+02 4.123800049E+02 -1.135800018E+02 1.941100006E+02 1.852599978E+00 1.389299929E-01 2.685700078E-03
 9.429999773E-05 6.890799705E-05 3.362999856E-01 -9.101600000E+04 4.592100000E+04 1.899700012E+02 4.162099915E+02 -1.134300003E+02 1.972799988E+02 1.878399968E+00 1.330499947E-01 2.774399938E-03
 9.634999878E-05 6.835599925E-05 3.259100020E-01 -1.004500000E+05 4.295900000E+04 1.881499939E+02 4.196000061E+02 -1.132699966E+02 2.098800049E+02 1.901600003E+00 1.277000010E-01 2.862799913E-03
 9.839999984E-05 6.780400145E-05 3.158699870E-01 -1.172100000E+05 4.905500000E+04 1.865599976E+02 4.228200073E+02 -1.130599976E+02 2.245700073E+02 1.923099995E+00 1.227200031E-01 2.953900024E-03
 1.004500009E-04 6.725199637E-05 3.058699965E-01 -1.308700000E+05 5.270200000E+04 1.849499969E+02 4.262699890E+02 -1.129599991E+02 2.192100067E+02 1.946099997E+00 1.178100035E-01 3.050500061E-03
 1.025000020E-04 6.669999857E-05 2.962400019E-01 -1.390400000E+05 4.846400000E+04 1.832500000E+02 4.294299927E+02 -1.130599976E+02 2.136000061E+02 1.968799949E+00 1.130499989E-01 3.149600001E-03
 1.045500030E-04 6.614800077E-05 2.872000039E-01 -1.514700000E+05 4.999700000E+04 1.816999969E+02 4.322600098E+02 -1.131200027E+02 2.183600006E+02 1.989300013E+00 1.086700037E-01 3.248699941E-03
 1.065999968E-04 6.559600297E-05 2.786099911E-01 -1.671200000E+05 5.736500000E+04 1.802799988E+02 4.350100098E+02 -1.134100037E+02 2.276999969E+02 2.009399891E+00 1.045999974E-01 3.348799888E-03
 1.086499979E-04 6.504399789E-05 2.709200084E-01 -1.845500000E+05 6.410500000E+04 1.790800018E+02 4.371799927E+02 -1.137300034E+02 2.370700073E+02 2.025899887E+00 1.010299996E-01 3.443700029E-03
 1.106999989E-04 6.449200009E-05 2.647700012E-01 -2.317900000E+05 7.859700000E+04 1.788200073E+02 4.375899963E+02 -1.131399994E+02 2.792600098E+02 2.028500080E+00 9.859000146E-02 3.523400053E-03
 1.127500000E-04 6.394000229E-05 2.674199939E-01 -4.641300000E+05 1.571300000E+05 1.857899933E+02 4.242999878E+02 -1.070800018E+02 5.350700073E+02 1.929100037E+00 1.035500020E-01 3.489699913E-03
 1.148000010E-04 6.338799722E-05 3.118500113E-01 -9.174400000E+05 3.065600000E+05 2.141799927E+02 3.634299927E+02 -8.464099884E+01 1.271500000E+03 1.547500014E+00 1.409299970E-01 3.041000105E-03
 1.168500021E-04 6.283599942E-05 4.388299882E-01 -8.248500000E+05 2.666800000E+05 2.534199982E+02 2.613399963E+02 -5.109400177E+01 1.614000000E+03 1.013800025E+00 2.349099964E-01 2.217199886E-03
 1.189000031E-04 6.228400161E-05 5.999000072E-01 -2.750100000E+05 8.594100000E+04 2.776099854E+02 1.821100006E+02 -2.900200081E+01 9.762999878E+02 6.655700207E-01 3.478400111E-01 1.579400036E-03
 1.209499969E-04 6.173199654E-05 6.976299882E-01 -4.540100000E+04 2.223900000E+04 2.861300049E+02 1.485700073E+02 -2.318000031E+01 3.651199951E+02 5.336599946E-01 4.157800078E-01 1.338799950E-03
 1.230000053E-04 6.117999874E-05 7.293900251E-01 -2.160700000E+04 8.983599609E+03 2.889899902E+02 1.359600067E+02 -2.324200058E+01 2.177899933E+02 4.870199859E-01 4.389500022E-01 1.278999960E-03
 1.250500063E-04 6.062800094E-05 7.405599952E-01 -2.284400000E+04 7.951299805E+03 2.903699951E+02 1.286999969E+02 -2.398500061E+01 1.964199982E+02 4.611200094E-01 4.478000104E-01 1.259600045E-03
 1.270999928E-04 6.007599950E-05 7.474499941E-01 -1.068900000E+04 1.411900000E+04 2.911099854E+02 1.232600021E+02 -2.444899940E+01 1.741799927E+02 4.420500100E-01 4.530999959E-01 1.247999957E-03
 1.291499939E-04 5.952400170E-05 7.528899908E-01 -1.201100000E+04 1.463600000E+04 2.917399902E+02 1.189300003E+02 -2.446699905E+01 1.606999969E+02 4.266499877E-01 4.573900104E-01 1.239000005E-03
 1.311999949E-04 5.897200026E-05 7.574599981E-01 -2.093500000E+04 1.146700000E+04 2.923399963E+02 1.151900024E+02 -2.436300087E+01 1.400700073E+02 4.132800102E-01 4.611200094E-01 1.231499948E-03
 1.332499960E-04 5.841999882E-05 7.618700266E-01 -1.660100000E+04 1.138400000E+04 2.928800049E+02 1.115599976E+02 -2.397400093E+01 1.478600006E+02 4.001600146E-01 4.646599889E-01 1.224400010E-03
 1.352999971E-04 5.786800102E-05 7.662100196E-01 -8.538299805E+03 1.837200000E+04 2.931700134E+02 1.080800018E+02 -2.356100082E+01 1.435800018E+02 3.877300024E-01 4.677599967E-01 1.217399957E-03
 1.373499981E-04 5.731599958E-05 7.701900005E-01 -7.838700195E+03 2.038800000E+04 2.933900146E+02 1.048799973E+02 -2.334600067E+01 1.201699982E+02 3.764899969E-01 4.705500007E-01 1.211100025E-03
 1.393999992E-04 5.676400178E-05 7.735199928E-01 -9.197000000E+03 1.559600000E+04 2.937699890E+02 1.019499969E+02 -2.297800064E+01 1.252099991E+02 3.659299910E-01 4.731999934E-01 1.205899986E-03
 1.414500002E-04 5.621200035E-05 7.771099806E-01 -5.242600098E+03 2.985100098E+03 2.941099854E+02 9.913999939E+01 -2.240900040E+01 1.416499939E+02 3.556999862E-01 4.759300053E-01 1.200399944E-03
 1.435000013E-04 5.565999891E-05 7.803699970E-01 -8.693900146E+02 4.984700195E+03 2.944400024E+02 9.653099823E+01 -2.181999969E+01 1.543399963E+02 3.461500108E-01 4.784699976E-01 1.195300021E-03
 1.455500023E-04 5.510800111E-05 7.822399735E-01 -4.235500000E+03 2.107300000E+04 2.948599854E+02 9.414600372E+01 -2.124500084E+01 1.566399994E+02 3.373300135E-01 4.803000093E-01 1.192500000E-03
 1.476000034E-04 5.455599967E-05 7.834600210E-01 -8.673099609E+03 1.637300000E+04 2.954100037E+02 9.168299866E+01 -2.066099930E+01 1.435800018E+02 3.281700015E-01 4.819599986E-01 1.190599985E-03
 1.496500045E-04 5.400399823E-05 7.852200270E-01 -3.336199951E+03 1.828599976E+03 2.957900085E+02 8.935299683E+01 -1.997299957E+01 1.129199982E+02 3.194999993E-01 4.836600125E-01 1.187999966E-03
 1.517000055E-04 5.345200043E-05 7.880300283E-01 -5.064200134E+02 -1.321900024E+03 2.958800049E+02 8.726200104E+01 -1.903899956E+01 9.976300049E+01 3.116199970E-01 4.855299890E-01 1.183700049E-03
 1.537500066E-04 5.289999899E-05 7.903100252E-01 -5.372600098E+03 -1.563399963E+02 2.960199890E+02 8.523200226E+01 -1.831699944E+01 1.042900009E+02 3.041000068E-01 4.871700108E-01 1.180300023E-03
 1.557999931E-04 5.234800119E-05 7.912099957E-01 -6.049200195E+03 4.288700195E+03 2.963399963E+02 8.328600311E+01 -1.805200005E+01 1.148600006E+02 2.971099913E-01 4.882600009E-01 1.179000014E-03
 1.578499941E-04 5.179599975E-05 7.924399972E-01 2.665399902E+03 1.695400024E+03 2.966099854E+02 8.146600342E+01 -1.764999962E+01 1.122200012E+02 2.904799879E-01 4.894500077E-01 1.177099999E-03
 1.598999952E-04 5.124399831E-05 7.939299941E-01 5.061200195E+03 2.735700073E+02 2.968999939E+02 7.951899719E+01 -1.690600014E+01 1.014300003E+02 2.831700146E-01 4.908599854E-01 1.174899982E-03
 1.619499963E-04 5.069200051E-05 7.955800295E-01 -9.129199829E+02 7.100000000E+03 2.971799927E+02 7.732299805E+01 -1.603000069E+01 1.023700027E+02 2.749300003E-01 4.923300147E-01 1.172499964E-03
 1.639999973E-04 5.013999908E-05 7.978600264E-01 -8.511400391E+03 4.941600098E+03 2.972699890E+02 7.527700043E+01 -1.534700012E+01 9.228800201E+01 2.674300075E-01 4.939000010E-01 1.169100055E-03
 1.660499984E-04 4.958800127E-05 7.992100120E-01 -1.239000000E+04 3.772099915E+02 2.974599915E+02 7.350900269E+01 -1.487399960E+01 8.423899841E+01 2.609800100E-01 4.950500131E-01 1.167200040E-03
 1.680999994E-04 4.903599984E-05 8.004299998E-01 -1.042300000E+04 -3.278199951E+03 2.977500000E+02 7.179900360E+01 -1.416199970E+01 9.832299805E+01 2.545399964E-01 4.962899983E-01 1.165400026E-03
 1.701500005E-04 4.848399840E-05 8.024200201E-01 -7.564000000E+03 -2.703399902E+03 2.978399963E+02 7.011100006E+01 -1.330200005E+01 9.930500031E+01 2.481600046E-01 4.976699948E-01 1.162500004E-03
 1.722000015E-04 4.793200060E-05 8.035699725E-01 -5.899600098E+03 1.814199951E+03 2.979400024E+02 6.853199768E+01 -1.247299957E+01 1.020800018E+02 2.422000021E-01 4.985499978E-01 1.160799991E-03
 1.742500026E-04 4.737999916E-05 8.040400147E-01 -3.337000000E+03 3.164600098E+03 2.981199951E+02 6.694599915E+01 -1.174499989E+01 9.409899902E+01 2.362599969E-01 4.991500080E-01 1.160099986E-03
 1.763000037E-04 4.682800136E-05 8.051999807E-01 1.294599976E+03 3.113399902E+03 2.982799988E+02 6.521199799E+01 -1.093599987E+01 8.428700256E+01 2.297800034E-01 5.001400113E-01 1.158499974E-03
 1.783500047E-04 4.627599992E-05 8.067100048E-01 5.005299805E+03 2.681899902E+03 2.983999939E+02 6.333700180E+01 -9.962800026E+00 9.859700012E+01 2.227700055E-01 5.012800097E-01 1.156299957E-03
 1.804000058E-04 4.572399848E-05 8.082699776E-01 8.151600098E+03 9.697199707E+02 2.984299927E+02 6.138899994E+01 -9.022100449E+00 9.668299866E+01 2.155700028E-01 5.022900105E-01 1.154100057E-03
 1.824500068E-04 4.517200068E-05 8.095800281E-01 8.671099609E+03 4.159100098E+03 2.984200134E+02 5.949100113E+01 -8.015399933E+00 1.010500031E+02 2.085700035E-01 5.030999780E-01 1.152200042E-03
 1.844999933E-04 4.461999924E-05 8.105599880E-01 6.710399902E+03 4.537200195E+03 2.985599976E+02 5.771300125E+01 -6.794899940E+00 1.023000031E+02 2.018699944E-01 5.039299726E-01 1.150800032E-03
 1.865499944E-04 4.406800144E-05 8.111000061E-01 1.494600010E+01 5.862200195E+03 2.988699951E+02 5.593099976E+01 -5.665699959E+00 9.466799927E+01 1.951700002E-01 5.048000216E-01 1.150000026E-03
 1.885999955E-04 4.351600001E-05 8.115800023E-01 -4.436200195E+03 5.775799805E+03 2.991300049E+02 5.404399872E+01 -4.615099907E+00 9.728099823E+01 1.882400066E-01 5.055299997E-01 1.149400021E-03
 1.906499965E-04 4.296399857E-05 8.124600053E-01 -6.529500122E+02 -6.630200195E+02 2.993099976E+02 5.208700180E+01 -3.298099995E+00 9.141400146E+01 1.810799986E-01 5.063899755E-01 1.148100011E-03
 1.926999976E-04 4.241200077E-05 8.129299879E-01 -3.714899902E+03 3.676000000E+03 2.996199951E+02 5.017399979E+01 -1.709900022E+00 8.910500336E+01 1.740999967E-01 5.072000027E-01 1.147500006E-03
 1.947499986E-04 4.185999933E-05 8.132500052E-01 -1.037200000E+04 7.294600098E+03 2.999299927E+02 4.837200165E+01 -9.621299803E-02 1.095699997E+02 1.676499993E-01 5.079299808E-01 1.147000003E-03
 1.967999997E-04 4.130800153E-05 8.129900098E-01 -1.232900000E+04 6.787100098E+03 3.004200134E+02 4.670800018E+01 1.889500022E+00 1.278899994E+02 1.619199961E-01 5.085999966E-01 1.147400006E-03
 1.988500007E-04 4.075600009E-05 8.110899925E-01 -1.526200000E+04 1.327200000E+04 3.012600098E+02 4.511899948E+01 4.544700146E+00 1.354700012E+02 1.568800062E-01 5.088300109E-01 1.150100026E-03
 2.009000018E-04 4.020399865E-05 8.084200025E-01 -2.020900000E+04 2.456300000E+04 3.025499878E+02 4.348400116E+01 7.674200058E+00 1.386999969E+02 1.525000036E-01 5.093200207E-01 1.153900055E-03
 2.029500029E-04 3.965200085E-05 8.035299778E-01 -3.314300000E+04 3.620700000E+04 3.046700134E+02 4.231900024E+01 1.181700039E+01 1.600299988E+02 1.513399929E-01 5.097799897E-01 1.160899992E-03
 2.050000039E-04 3.909999941E-05 8.001300097E-01 -4.306800000E+04 4.139000000E+04 3.058999939E+02 4.195700073E+01 1.423999977E+01 1.786499939E+02 1.520999968E-01 5.096799731E-01 1.165800029E-03
 0.000000000E+00 6.633299927E-05 1.600700021E+00 -8.526800000E+04 -1.529700000E+04 3.000000000E+02 5.130300140E+01 6.022299767E+00 -2.213099976E+02 1.887400001E-01 1.012799978E+00 5.731899873E-04
 2.049999921E-06 6.692000170E-05 1.605299950E+00 -5.675900000E+04 -1.847599976E+03 2.993599854E+02 5.522399902E+01 6.470099926E+00 -2.584199905E+01 1.977600008E-01 1.007099986E+00 5.763000227E-04
 4.099999842E-06 6.750699686E-05 1.608700037E+00 -2.673100000E+04 7.132399902E+03 2.985000000E+02 6.112300110E+01 7.472099781E+00 1.671000061E+02 2.139199972E-01 9.999700189E-01 5.798499915E-04
 6.149999990E-06 6.809300248E-05 1.605200052E+00 -2.175500000E+04 6.037500000E+03 2.983599854E+02 6.501799774E+01 8.682200432E+00 1.697400055E+02 2.279299945E-01 9.973000288E-01 5.811200244E-04
 8.199999684E-06 6.867999764E-05 1.601999998E+00 -8.123500000E+03 4.409200195E+03 2.982799988E+02 6.867199707E+01 1.015499973E+01 1.835800018E+02 2.412499934E-01 9.950699806E-01 5.822600215E-04
 1.024999983E-05 6.926700007E-05 1.598899961E+00 -8.704299805E+03 2.922000000E+03 2.980199890E+02 7.216300201E+01 1.164400005E+01 1.901000061E+02 2.541300058E-01 9.922599792E-01 5.834099720E-04
 1.229999998E-05 6.985299842E-05 1.595399976E+00 -9.135500000E+03 6.225600098E+03 2.978099976E+02 7.556099701E+01 1.321599960E+01 1.779100037E+02 2.667700052E-01 9.894300103E-01 5.846699933E-04
 1.435000013E-05 7.044000085E-05 1.591199994E+00 -1.200699951E+03 3.292799988E+02 2.976400146E+02 7.892900085E+01 1.487199974E+01 1.871300049E+02 2.793999910E-01 9.862599969E-01 5.862099933E-04
 1.639999937E-05 7.102700329E-05 1.585100055E+00 -7.898600098E+03 -6.086200195E+03 2.974700012E+02 8.240899658E+01 1.626399994E+01 2.011100006E+02 2.922900021E-01 9.818900228E-01 5.884799757E-04
 1.845000043E-05 7.161300164E-05 1.579800010E+00 -1.273500000E+04 -8.260799805E+03 2.971099854E+02 8.589099884E+01 1.785600090E+01 2.100200043E+02 3.054699898E-01 9.773899913E-01 5.904699792E-04
 2.049999966E-05 7.219999679E-05 1.573400021E+00 -4.607399902E+03 -6.063600098E+03 2.967999878E+02 8.943499756E+01 1.959199905E+01 1.924600067E+02 3.189499974E-01 9.724799991E-01 5.928499741E-04
 2.255000072E-05 7.278699923E-05 1.566900015E+00 3.072100098E+03 7.779500122E+02 2.964500122E+02 9.321499634E+01 2.117099953E+01 1.496499939E+02 3.332000077E-01 9.672999978E-01 5.953100044E-04
 2.459999996E-05 7.337299758E-05 1.560999990E+00 1.073400000E+04 1.557300049E+03 2.958999939E+02 9.730400085E+01 2.259199905E+01 1.499100037E+02 3.485200107E-01 9.618399739E-01 5.975799868E-04
 2.664999920E-05 7.396000001E-05 1.552700043E+00 1.693900000E+04 1.246400000E+04 2.954200134E+02 1.018700027E+02 2.424500084E+01 1.627299957E+02 3.656400144E-01 9.552000165E-01 6.007499760E-04
 2.870000026E-05 7.454700244E-05 1.543099999E+00 1.143300000E+04 1.806000000E+04 2.947000122E+02 1.068799973E+02 2.617399979E+01 1.678800049E+02 3.847100139E-01 9.469900131E-01 6.045000046E-04
 3.075000132E-05 7.513300079E-05 1.532999992E+00 1.702900000E+04 9.469299805E+03 2.939200134E+02 1.121500015E+02 2.796400070E+01 1.890599976E+02 4.046100080E-01 9.382799864E-01 6.084900233E-04
 3.279999873E-05 7.572000322E-05 1.520099998E+00 1.990700000E+04 1.078800000E+04 2.932200012E+02 1.178899994E+02 2.987299919E+01 2.110599976E+02 4.262599945E-01 9.282000065E-01 6.136500160E-04
 3.484999979E-05 7.630699838E-05 1.504999995E+00 2.031600000E+04 1.412500000E+04 2.923599854E+02 1.241699982E+02 3.189500046E+01 2.286199951E+02 4.499799907E-01 9.162700176E-01 6.198200281E-04
 3.690000085E-05 7.689299673E-05 1.488899946E+00 2.217500000E+04 9.370400391E+03 2.911900024E+02 1.309100037E+02 3.398500061E+01 2.430099945E+02 4.756999910E-01 9.028300047E-01 6.265299744E-04
 3.894999827E-05 7.747999916E-05 1.470600009E+00 2.933600000E+04 1.356800000E+04 2.899400024E+02 1.384700012E+02 3.616600037E+01 2.349900055E+02 5.044599771E-01 8.878700137E-01 6.343499990E-04
 4.099999933E-05 7.806700160E-05 1.448600054E+00 2.435600000E+04 1.079200000E+04 2.885499878E+02 1.473200073E+02 3.837300110E+01 2.343300018E+02 5.378800035E-01 8.704800010E-01 6.439600256E-04
 4.305000039E-05 7.865299995E-05 1.419100046E+00 3.007800000E+04 2.701300049E+03 2.867200012E+02 1.580800018E+02 4.105300140E+01 2.421399994E+02 5.788999796E-01 8.473200202E-01 6.574100116E-04
 4.510000144E-05 7.924000238E-05 1.380900025E+00 4.680400000E+04 6.841799805E+03 2.842399902E+02 1.713899994E+02 4.361999893E+01 2.153300018E+02 6.296499968E-01 8.173800111E-01 6.756699877E-04
 4.714999886E-05 7.982699753E-05 1.332200050E+00 5.486500000E+04 6.202600098E+03 2.807300110E+02 1.885899963E+02 4.569300079E+01 1.890500031E+02 6.952199936E-01 7.789000273E-01 7.004900253E-04
 4.919999992E-05 8.041300316E-05 1.262199998E+00 8.699400000E+04 6.939299805E+03 2.754100037E+02 2.123000031E+02 4.566799927E+01 1.116100006E+02 7.857800126E-01 7.242100239E-01 7.398300222E-04
 5.125000098E-05 8.099999832E-05 1.136299968E+00 9.897500000E+04 -2.799900000E+04 2.663500061E+02 2.483600006E+02 3.468799973E+01 -2.991099854E+02 9.243699908E-01 6.312299967E-01 8.254700224E-04
 5.329999840E-05 8.047199663E-05 9.577500224E-01 8.424600000E+04 -8.127700000E+04 2.535000000E+02 2.912900085E+02 5.460599899E+00 -7.518499756E+02 1.102100015E+00 5.070099831E-01 9.839199483E-04
 5.534999946E-05 7.994400221E-05 7.851700187E-01 5.610100000E+04 -8.976700000E+04 2.402599945E+02 3.248200073E+02 -3.594100189E+01 -7.412000122E+02 1.269000053E+00 3.939000070E-01 1.200799947E-03
 5.740000051E-05 7.941600052E-05 6.570699811E-01 1.503000000E+04 -7.025700000E+04 2.295399933E+02 3.435400085E+02 -7.499700165E+01 -4.360599976E+02 1.394899964E+00 3.146100044E-01 1.429400058E-03
 5.945000157E-05 7.888799882E-05 5.783900023E-01 -1.907500000E+04 -3.601600000E+04 2.224100037E+02 3.520599976E+02 -1.020000000E+02 -1.301600037E+02 1.475800037E+00 2.680599988E-01 1.617799979E-03
 6.150000263E-05 7.835999713E-05 5.348799825E-01 -3.935700000E+04 1.066200000E+04 2.183600006E+02 3.558800049E+02 -1.172099991E+02 5.912599945E+01 1.521900058E+00 2.432699949E-01 1.746000024E-03
 6.354999641E-05 7.783200272E-05 5.112900138E-01 -4.949800000E+04 4.484100000E+04 2.161000061E+02 3.584599915E+02 -1.241999969E+02 1.599600067E+02 1.548799992E+00 2.301000059E-01 1.825200045E-03
 6.559999747E-05 7.730400102E-05 4.978500009E-01 -5.285500000E+04 6.010000000E+04 2.146300049E+02 3.609700012E+02 -1.259899979E+02 2.226799927E+02 1.566200018E+00 2.225099951E-01 1.873899950E-03
 6.764999853E-05 7.677599933E-05 4.881800115E-01 -6.024800000E+04 6.718300000E+04 2.133300018E+02 3.640000000E+02 -1.250899963E+02 2.625299988E+02 1.581500053E+00 2.168699950E-01 1.910999999E-03
 6.969999959E-05 7.624799764E-05 4.790799916E-01 -6.522300000E+04 7.072400000E+04 2.120000000E+02 3.676499939E+02 -1.232600021E+02 2.840899963E+02 1.598299980E+00 2.115000039E-01 1.947200042E-03
 7.175000064E-05 7.572000322E-05 4.694100022E-01 -6.596700000E+04 6.938000000E+04 2.104799957E+02 3.718399963E+02 -1.214000015E+02 2.651600037E+02 1.618100047E+00 2.057500035E-01 1.987399999E-03
 7.380000170E-05 7.519200153E-05 4.589000046E-01 -6.379000000E+04 6.681500000E+04 2.086900024E+02 3.762500000E+02 -1.198199997E+02 2.493500061E+02 1.640400052E+00 1.994400024E-01 2.033000113E-03
 7.585000276E-05 7.466399984E-05 4.477399886E-01 -6.032200000E+04 6.402000000E+04 2.068200073E+02 3.806099854E+02 -1.180199966E+02 2.446900024E+02 1.662999988E+00 1.928499937E-01 2.083699917E-03
 7.789999654E-05 7.413599815E-05 4.354000092E-01 -6.332300000E+04 5.735100000E+04 2.050200043E+02 3.853099976E+02 -1.162099991E+02 2.305500031E+02 1.686900020E+00 1.859000027E-01 2.142899903E-03
 7.994999760E-05 7.360799646E-05 4.228399992E-01 -6.692000000E+04 5.324200000E+04 2.031499939E+02 3.898500061E+02 -1.148899994E+02 2.319799957E+02 1.711400032E+00 1.788900048E-01 2.206499921E-03
 8.199999866E-05 7.308000204E-05 4.099999964E-01 -7.455600000E+04 5.498400000E+04 2.012400055E+02 3.944100037E+02 -1.135299988E+02 2.349700012E+02 1.736400008E+00 1.718299985E-01 2.275699982E-03
 8.404999971E-05 7.255200035E-05 3.968999982E-01 -8.009700000E+04 5.156500000E+04 1.992700043E+02 3.992099915E+02 -1.126200027E+02 2.220599976E+02 1.763499975E+00 1.647100002E-01 2.350900089E-03
 8.610000077E-05 7.202399865E-05 3.843100071E-01 -7.942700000E+04 4.886600000E+04 1.971499939E+02 4.038599854E+02 -1.118899994E+02 2.204299927E+02 1.791300058E+00 1.577900052E-01 2.427800093E-03
 8.815000183E-05 7.149599696E-05 3.722099960E-01 -8.131600000E+04 4.677400000E+04 1.950700073E+02 4.080499878E+02 -1.110500031E+02 2.114799957E+02 1.817199945E+00 1.512099952E-01 2.506799996E-03
 9.020000289E-05 7.096800255E-05 3.603299856E-01 -8.715600000E+04 4.723300000E+04 1.930899963E+02 4.121900024E+02 -1.103799973E+02 1.927200012E+02 1.843000054E+00 1.448899955E-01 2.589500044E-03
 9.224999667E-05 7.044000085E-05 3.488500118E-01 -9.082800000E+04 5.061500000E+04 1.911199951E+02 4.162500000E+02 -1.099100037E+02 2.002299957E+02 1.868999958E+00 1.388500035E-01 2.674600109E-03
 9.429999773E-05 6.991199916E-05 3.378100097E-01 -9.220500000E+04 4.530300000E+04 1.891199951E+02 4.200400085E+02 -1.096399994E+02 2.031600037E+02 1.894500017E+00 1.330499947E-01 2.762000076E-03
 9.634999878E-05 6.938399747E-05 3.270500004E-01 -1.038000000E+05 4.218700000E+04 1.873399963E+02 4.234800110E+02 -1.092500000E+02 2.046799927E+02 1.917700052E+00 1.275999993E-01 2.852899954E-03
 9.839999984E-05 6.885600305E-05 3.166300058E-01 -1.174400000E+05 4.747900000E+04 1.857299957E+02 4.268099976E+02 -1.088499985E+02 2.109700012E+02 1.939800024E+00 1.224699989E-01 2.946800087E-03
 1.004500009E-04 6.832800136E-05 3.065800071E-01 -1.259300000E+05 5.176200000E+04 1.840200043E+02 4.302500000E+02 -1.086399994E+02 2.100099945E+02 1.963299990E+00 1.174900010E-01 3.043399891E-03
 1.025000020E-04 6.779999967E-05 2.972800136E-01 -1.360600000E+05 4.912900000E+04 1.822799988E+02 4.334200134E+02 -1.086100006E+02 2.065299988E+02 1.986299992E+00 1.128500029E-01 3.138500033E-03
 1.045500030E-04 6.727199798E-05 2.888300121E-01 -1.524600000E+05 4.813500000E+04 1.808099976E+02 4.362000122E+02 -1.085299988E+02 2.097400055E+02 2.006200075E+00 1.087500006E-01 3.230300033E-03
 1.065999968E-04 6.674400356E-05 2.805399895E-01 -1.677700000E+05 5.471400000E+04 1.794900055E+02 4.389500122E+02 -1.087500000E+02 2.214100037E+02 2.025799990E+00 1.048600003E-01 3.325799946E-03
 1.086499979E-04 6.621600187E-05 2.725400031E-01 -1.821500000E+05 6.230200000E+04 1.781799927E+02 4.413200073E+02 -1.090599976E+02 2.272299957E+02 2.043900013E+00 1.011300012E-01 3.423300106E-03
 1.106999989E-04 6.568800018E-05 2.654800117E-01 -2.192900000E+05 7.219200000E+04 1.775800018E+02 4.424299927E+02 -1.084700012E+02 2.487799988E+02 2.051599979E+00 9.817100316E-02 3.514199983E-03
 1.127500000E-04 6.515999848E-05 2.647500038E-01 -3.906900000E+05 1.264300000E+05 1.820399933E+02 4.339599915E+02 -1.042600021E+02 4.240899963E+02 1.986400008E+00 1.003900021E-01 3.523800056E-03
 1.148000010E-04 6.463199679E-05 2.972599864E-01 -8.653400000E+05 2.798300000E+05 2.060299988E+02 3.842500000E+02 -8.625399780E+01 1.083900024E+03 1.661499977E+00 1.288100034E-01 3.171799937E-03
 1.168500021E-04 6.410400238E-05 4.092699885E-01 -9.279100000E+05 2.878000000E+05 2.458999939E+02 2.848699951E+02 -5.385100174E+01 1.600599976E+03 1.122900009E+00 2.131599933E-01 2.377500059E-03
 1.189000031E-04 6.357600068E-05 5.746700168E-01 -3.890800000E+05 1.116800000E+05 2.745299988E+02 1.959100037E+02 -2.870400047E+01 1.097800049E+03 7.193199992E-01 3.300099969E-01 1.659499947E-03
 1.209499969E-04 6.304799899E-05 6.898699999E-01 -7.743000000E+04 2.174000000E+04 2.852799988E+02 1.553099976E+02 -2.087500000E+01 3.952600098E+02 5.570300221E-01 4.100100100E-01 1.355199958E-03
 1.230000053E-04 6.251999730E-05 7.300699949E-01 -3.623000000E+04 1.093600000E+04 2.886000061E+02 1.410299988E+02 -2.096899986E+01 1.949400024E+02 5.037500262E-01 4.387800097E-01 1.277899952E-03
 1.250500063E-04 6.199200288E-05 7.420799732E-01 -2.598200000E+04 1.323400000E+04 2.899100037E+02 1.338099976E+02 -2.227300072E+01 1.798800049E+02 4.781599939E-01 4.480099976E-01 1.257000025E-03
 1.270999928E-04 6.146400119E-05 7.487400174E-01 -1.029000000E+04 1.201100000E+04 2.907399902E+02 1.283600006E+02 -2.310199928E+01 1.699199982E+02 4.590899944E-01 4.533199966E-01 1.245900057E-03
 1.291499939E-04 6.093599950E-05 7.538999915E-01 -1.381000000E+04 1.076100000E+04 2.914899902E+02 1.238199997E+02 -2.354299927E+01 1.643200073E+02 4.430699944E-01 4.576199949E-01 1.237299992E-03
 1.311999949E-04 6.040800145E-05 7.580400109E-01 -1.567800000E+04 1.041300000E+04 2.922200012E+02 1.199400024E+02 -2.357200050E+01 1.616799927E+02 4.291499853E-01 4.612900019E-01 1.230500056E-03
 1.332499960E-04 5.987999975E-05 7.622100115E-01 -9.007799805E+03 1.224500000E+04 2.927999878E+02 1.163799973E+02 -2.320599937E+01 1.703399963E+02 4.162099957E-01 4.647400081E-01 1.223800005E-03
 1.352999971E-04 5.935200170E-05 7.668499947E-01 -9.556099609E+03 1.737900000E+04 2.931099854E+02 1.129300003E+02 -2.286300087E+01 1.712400055E+02 4.039199948E-01 4.680599868E-01 1.216399949E-03
 1.373499981E-04 5.882400001E-05 7.706599832E-01 -5.633200195E+03 1.950500000E+04 2.933900146E+02 1.097500000E+02 -2.273800087E+01 1.512500000E+02 3.926999867E-01 4.708400071E-01 1.210400020E-03
 1.393999992E-04 5.829599831E-05 7.732099891E-01 -4.595399902E+03 1.798100000E+04 2.937500000E+02 1.067799988E+02 -2.235799980E+01 1.563899994E+02 3.820100129E-01 4.729700089E-01 1.206399989E-03
 1.414500002E-04 5.776800026E-05 7.764599919E-01 -7.207600098E+03 5.720799805E+03 2.939800110E+02 1.038099976E+02 -2.180900002E+01 1.470800018E+02 3.713200092E-01 4.753299952E-01 1.201399951E-03
 1.435000013E-04 5.723999857E-05 7.794399858E-01 -6.267500000E+03 2.707000000E+03 2.943999939E+02 1.010899963E+02 -2.137500000E+01 1.286100006E+02 3.614000082E-01 4.778400064E-01 1.196800033E-03
 1.455500023E-04 5.671200051E-05 7.814400196E-01 -6.756200195E+03 9.161900391E+03 2.949100037E+02 9.862500000E+01 -2.067600060E+01 1.294100037E+02 3.521699905E-01 4.798800051E-01 1.193700009E-03
 1.476000034E-04 5.618399882E-05 7.829899788E-01 -4.973299805E+03 8.926799805E+03 2.953500061E+02 9.617700195E+01 -1.997200012E+01 1.267500000E+02 3.430300057E-01 4.815700054E-01 1.191299991E-03
 1.496500045E-04 5.565600077E-05 7.848700285E-01 -2.091399902E+03 6.742899902E+03 2.956400146E+02 9.369599915E+01 -1.947500038E+01 1.215000000E+02 3.340300024E-01 4.832000136E-01 1.188499969E-03
 1.517000055E-04 5.512799908E-05 7.872499824E-01 -6.104000000E+03 8.906099854E+02 2.957699890E+02 9.144799805E+01 -1.869199944E+01 1.160199966E+02 3.257299960E-01 4.848699868E-01 1.184899942E-03
 1.537500066E-04 5.460000102E-05 7.896299958E-01 -8.521700195E+03 -2.311500000E+03 2.960100098E+02 8.947200012E+01 -1.802000046E+01 1.194599991E+02 3.183700144E-01 4.867300093E-01 1.181300031E-03
 1.557999931E-04 5.407199933E-05 7.913900018E-01 -7.864200195E+03 2.417800049E+03 2.962699890E+02 8.760500336E+01 -1.776300049E+01 1.183000031E+02 3.116700053E-01 4.882400036E-01 1.178700011E-03
 1.578499941E-04 5.354400128E-05 7.921800017E-01 -9.492799805E+03 3.625399902E+03 2.965499878E+02 8.576200104E+01 -1.727599907E+01 1.033000031E+02 3.048900068E-01 4.891900122E-01 1.177500002E-03
 1.598999952E-04 5.301599958E-05 7.937499881E-01 -9.663599609E+03 8.000299805E+03 2.968200073E+02 8.374700165E+01 -1.626399994E+01 9.129900360E+01 2.971900105E-01 4.906100035E-01 1.175199985E-03
 1.619499963E-04 5.248800153E-05 7.953799963E-01 -2.900199951E+03 1.505800000E+04 2.970499878E+02 8.162599945E+01 -1.539200020E+01 9.794400024E+01 2.892499864E-01 4.919900000E-01 1.172799966E-03
 1.639999973E-04 5.195999984E-05 7.970399857E-01 -2.650500000E+03 5.033299805E+03 2.972000122E+02 7.956500244E+01 -1.495199966E+01 1.025999985E+02 2.818399966E-01 4.932700098E-01 1.170299947E-03
 1.660499984E-04 5.143200178E-05 7.987300158E-01 -6.492000000E+03 -3.427100098E+03 2.973099976E+02 7.763099670E+01 -1.443400002E+01 9.290599823E+01 2.748399973E-01 4.945099950E-01 1.167900045E-03
 1.680999994E-04 5.090400009E-05 8.000699878E-01 -3.282300049E+03 -3.281699951E+03 2.975100098E+02 7.577600098E+01 -1.370600033E+01 1.072799988E+02 2.679400146E-01 4.956600070E-01 1.165900030E-03
 1.701500005E-04 5.037599840E-05 8.019099832E-01 -4.683200195E+03 -2.262300049E+03 2.976700134E+02 7.397000122E+01 -1.294699955E+01 1.203700027E+02 2.612200081E-01 4.970799983E-01 1.163200010E-03
 1.722000015E-04 4.984800034E-05 8.033699989E-01 -8.798900391E+03 2.040699951E+03 2.977999878E+02 7.225199890E+01 -1.203699970E+01 1.147600021E+02 2.547399998E-01 4.982100129E-01 1.161099994E-03
 1.742500026E-04 4.931999865E-05 8.040400147E-01 -1.823400024E+03 5.701799805E+03 2.979500122E+02 7.061599731E+01 -1.118599987E+01 1.000999985E+02 2.485900074E-01 4.988600016E-01 1.160099986E-03
 1.763000037E-04 4.879200060E-05 8.051499724E-01 4.625500000E+03 7.514799805E+03 2.981400146E+02 6.893299866E+01 -1.035900021E+01 1.022399979E+02 2.422900051E-01 4.998599887E-01 1.158499974E-03
 1.783500047E-04 4.826399891E-05 8.065299988E-01 4.950200195E+03 6.928700195E+03 2.983500061E+02 6.717700195E+01 -9.277600288E+00 1.176299973E+02 2.356400043E-01 5.010799766E-01 1.156599959E-03
 1.804000058E-04 4.773600085E-05 8.076800108E-01 8.807500000E+03 3.325699951E+03 2.984299927E+02 6.535299683E+01 -8.251399994E+00 1.074100037E+02 2.288600057E-01 5.019199848E-01 1.154899946E-03
 1.824500068E-04 4.720799916E-05 8.087499738E-01 8.799799805E+03 4.386899902E+03 2.984100037E+02 6.351900101E+01 -7.345799923E+00 1.092500000E+02 2.221599966E-01 5.025600195E-01 1.153400051E-03
 1.844999933E-04 4.668000111E-05 8.092200160E-01 5.560100098E+03 8.113700195E+03 2.986099854E+02 6.183399963E+01 -6.210000038E+00 1.075199966E+02 2.158499956E-01 5.031899810E-01 1.152700046E-03
 1.865499944E-04 4.615199941E-05 8.099300265E-01 1.353699951E+03 6.017600098E+03 2.987900085E+02 6.013999939E+01 -4.966300011E+00 8.387599945E+01 2.095299959E-01 5.039399862E-01 1.151700038E-03
 1.885999955E-04 4.562400136E-05 8.108100295E-01 -8.241799927E+02 1.733999939E+02 2.989299927E+02 5.826200104E+01 -3.780499935E+00 7.917600250E+01 2.026800066E-01 5.047199726E-01 1.150500029E-03
 1.906499965E-04 4.509599967E-05 8.116400242E-01 1.001799988E+03 2.896100098E+03 2.990499878E+02 5.629399872E+01 -2.484200001E+00 8.180899811E+01 1.955700070E-01 5.054299831E-01 1.149300020E-03
 1.926999976E-04 4.456800161E-05 8.120800257E-01 4.765700073E+02 4.245799805E+03 2.992999878E+02 5.447999954E+01 -9.866399765E-01 7.974900055E+01 1.890500039E-01 5.061399937E-01 1.148700016E-03
 1.947499986E-04 4.403999992E-05 8.122599721E-01 -3.544600098E+03 3.284199951E+03 2.997099915E+02 5.281999969E+01 5.976600051E-01 9.916899872E+01 1.831600070E-01 5.069299936E-01 1.148400013E-03
 1.967999997E-04 4.351199823E-05 8.118699789E-01 -9.757799805E+03 6.046700195E+03 3.001900024E+02 5.118600082E+01 2.630700111E+00 1.359600067E+02 1.776099950E-01 5.074999928E-01 1.149000018E-03
 1.988500007E-04 4.298400017E-05 8.104900122E-01 -1.359100000E+04 8.455000000E+03 3.007699890E+02 4.966500092E+01 5.169499874E+00 1.504199982E+02 1.728599966E-01 5.076199770E-01 1.150900032E-03
 2.009000018E-04 4.245599848E-05 8.089600205E-01 -1.601000000E+04 1.612700000E+04 3.016600037E+02 4.832199860E+01 7.987800121E+00 1.475800018E+02 1.693499982E-01 5.081700087E-01 1.153100049E-03
 2.029500029E-04 4.192800043E-05 8.061599731E-01 -2.242900000E+04 2.774600000E+04 3.031199951E+02 4.733599854E+01 1.152900028E+01 1.539299927E+02 1.681199968E-01 5.088599920E-01 1.157099963E-03
 2.050000039E-04 4.139999874E-05 8.042600155E-01 -2.708900000E+04 3.461100000E+04 3.038900146E+02 4.698899841E+01 1.351000023E+01 1.560800018E+02 1.683800071E-01 5.089399815E-01 1.159799984E-03
 0.000000000E+00 6.749999739E-05 1.600700021E+00 -8.748600000E+04 -2.178900000E+04 3.000000000E+02 5.756100082E+01 5.156400204E+00 -1.264800034E+02 2.093899995E-01 1.011899948E+00 5.737100146E-04
 2.049999921E-06 6.805999874E-05 1.604599953E+00 -6.024100000E+04 -7.428600098E+03 2.994400024E+02 6.137500000E+01 5.734399796E+00 2.949500084E+01 2.183800042E-01 1.006500006E+00 5.768199917E-04
 4.099999842E-06 6.862000009E-05 1.607200027E+00 -2.056100000E+04 1.148600000E+04 2.986099854E+02 6.688500214E+01 7.019499779E+00 1.896199951E+02 2.335900068E-01 9.993799925E-01 5.803899840E-04
 6.149999990E-06 6.918000145E-05 1.604300022E+00 -5.401200195E+03 1.184700000E+04 2.982699890E+02 7.026499939E+01 8.371000290E+00 1.868200073E+02 2.459100038E-01 9.964200258E-01 5.814500037E-04
 8.199999684E-06 6.974000280E-05 1.601500034E+00 2.681199951E+02 5.077500000E+02 2.980799866E+02 7.350499725E+01 9.830699921E+00 1.792200012E+02 2.578000128E-01 9.941099882E-01 5.824399996E-04
 1.024999983E-05 7.029999688E-05 1.597100019E+00 -1.168100000E+04 1.863900024E+03 2.980400085E+02 7.667299652E+01 1.133399963E+01 1.764100037E+02 2.694500089E-01 9.911699891E-01 5.840800004E-04
 1.229999998E-05 7.085999823E-05 1.592399955E+00 -1.480800000E+04 1.477500000E+04 2.980100098E+02 7.988999939E+01 1.291699982E+01 1.832799988E+02 2.813600004E-01 9.881899953E-01 5.857900251E-04
 1.435000013E-05 7.141999959E-05 1.589400053E+00 -6.858000000E+03 5.910600098E+03 2.977200012E+02 8.308799744E+01 1.454399967E+01 2.096900024E+02 2.933999896E-01 9.854099751E-01 5.868800217E-04
 1.639999937E-05 7.198000094E-05 1.583699942E+00 -1.669900000E+04 -3.225100098E+03 2.973999939E+02 8.626399994E+01 1.594999981E+01 2.068200073E+02 3.052999973E-01 9.807699919E-01 5.890100147E-04
 1.845000043E-05 7.254000229E-05 1.577800035E+00 -1.529700000E+04 -1.546300049E+03 2.970899963E+02 8.934300232E+01 1.745100021E+01 1.896799927E+02 3.169699907E-01 9.761000276E-01 5.912199849E-04
 2.049999966E-05 7.309999637E-05 1.572399974E+00 -6.524500122E+02 4.611900024E+02 2.967600098E+02 9.275900269E+01 1.905100060E+01 1.664299927E+02 3.298999965E-01 9.717000127E-01 5.932400236E-04
 2.255000072E-05 7.365999772E-05 1.565899968E+00 -1.134500000E+03 3.181899902E+03 2.963999939E+02 9.661100006E+01 2.062599945E+01 1.580399933E+02 3.443700075E-01 9.665200114E-01 5.956999958E-04
 2.459999996E-05 7.421999908E-05 1.559200048E+00 -1.946500000E+03 1.399199951E+03 2.958800049E+02 1.004800034E+02 2.196199989E+01 1.596600037E+02 3.588399887E-01 9.607099891E-01 5.982500152E-04
 2.664999920E-05 7.478000043E-05 1.551200032E+00 1.001100000E+04 1.126400000E+04 2.952399902E+02 1.047900009E+02 2.335899925E+01 1.655399933E+02 3.750100136E-01 9.537000060E-01 6.013400271E-04
 2.870000026E-05 7.534000179E-05 1.541300058E+00 6.205000000E+03 1.652400000E+04 2.946099854E+02 1.097300034E+02 2.521400070E+01 1.650599976E+02 3.936800063E-01 9.455800056E-01 6.052100216E-04
 3.075000132E-05 7.590000314E-05 1.530900002E+00 6.267299805E+03 8.935900391E+03 2.940199890E+02 1.148600006E+02 2.704700089E+01 1.505200043E+02 4.130200148E-01 9.372900128E-01 6.093300181E-04
 3.279999873E-05 7.645999722E-05 1.518499970E+00 2.041600000E+04 6.820399902E+03 2.932799988E+02 1.203899994E+02 2.882299995E+01 1.832899933E+02 4.338200092E-01 9.273899794E-01 6.143099745E-04
 3.484999979E-05 7.701999857E-05 1.503499985E+00 2.265800000E+04 1.300000000E+04 2.922900085E+02 1.264800034E+02 3.077099991E+01 2.254299927E+02 4.569500089E-01 9.151300192E-01 6.204500096E-04
 3.690000085E-05 7.757999992E-05 1.487599969E+00 1.679300000E+04 1.538000000E+04 2.911700134E+02 1.331699982E+02 3.275400162E+01 2.501600037E+02 4.823299944E-01 9.019899964E-01 6.270700251E-04
 3.894999827E-05 7.814000128E-05 1.469200015E+00 1.850600000E+04 9.862500000E+03 2.899899902E+02 1.407899933E+02 3.480599976E+01 2.305899963E+02 5.111299753E-01 8.872299790E-01 6.349299802E-04
 4.099999933E-05 7.870000263E-05 1.445999980E+00 2.146800000E+04 6.471299805E+03 2.885400085E+02 1.496999969E+02 3.688999939E+01 2.166100006E+02 5.447400212E-01 8.688499928E-01 6.451500230E-04
 4.305000039E-05 7.925999671E-05 1.415599942E+00 3.888400000E+04 7.984100098E+03 2.866099854E+02 1.603200073E+02 3.925500107E+01 2.248000031E+02 5.851600170E-01 8.449199796E-01 6.590299890E-04
 4.510000144E-05 7.981999806E-05 1.378000021E+00 5.324000000E+04 2.127199951E+03 2.841199951E+02 1.735200043E+02 4.151100159E+01 2.199100037E+02 6.353200078E-01 8.153399825E-01 6.770999753E-04
 4.714999886E-05 8.037999942E-05 1.330199957E+00 5.623500000E+04 -8.594799805E+03 2.806199951E+02 1.902599945E+02 4.310900116E+01 2.213399963E+02 6.990699768E-01 7.774199843E-01 7.015399751E-04
 4.919999992E-05 8.094000077E-05 1.261999965E+00 8.358600000E+04 -5.970799805E+03 2.753999939E+02 2.128699951E+02 4.247600174E+01 1.358300018E+02 7.854499817E-01 7.239800096E-01 7.399499882E-04
 5.125000098E-05 8.150000212E-05 1.146399975E+00 1.022300000E+05 -3.429500000E+04 2.671099854E+02 2.461000061E+02 3.293299866E+01 -2.549299927E+02 9.133999944E-01 6.384599805E-01 8.171700174E-04
 5.329999840E-05 8.099599654E-05 9.861599803E-01 9.080500000E+04 -8.021400000E+04 2.554799957E+02 2.856300049E+02 8.369799614E+00 -6.912999878E+02 1.075999975E+00 5.258299708E-01 9.532999829E-04
 5.534999946E-05 8.049199823E-05 8.251399994E-01 6.090600000E+04 -8.870000000E+04 2.429799957E+02 3.187600098E+02 -2.771800041E+01 -7.309199829E+02 1.235100031E+00 4.184899926E-01 1.140599954E-03
 5.740000051E-05 7.998799992E-05 6.963099837E-01 2.161800000E+04 -7.922900000E+04 2.321900024E+02 3.400000000E+02 -6.445700073E+01 -5.007399902E+02 1.365100026E+00 3.372499943E-01 1.348600024E-03
 5.945000157E-05 7.948400162E-05 6.095600128E-01 -1.080600000E+04 -5.454800000E+04 2.242700043E+02 3.517099915E+02 -9.280300140E+01 -2.402700043E+02 1.458699942E+00 2.849299908E-01 1.535900054E-03
 6.150000263E-05 7.898000331E-05 5.569900274E-01 -3.135400000E+04 -1.132600000E+04 2.190700073E+02 3.578599854E+02 -1.109700012E+02 -2.374300003E+01 1.519600034E+00 2.541899979E-01 1.677499968E-03
 6.354999641E-05 7.847599773E-05 5.256299973E-01 -4.500100000E+04 2.433800000E+04 2.157700043E+02 3.616199951E+02 -1.206100006E+02 1.105199966E+02 1.557500005E+00 2.362100035E-01 1.776000019E-03
 6.559999747E-05 7.797199942E-05 5.058100224E-01 -5.106700000E+04 4.223500000E+04 2.136699982E+02 3.648099976E+02 -1.241699982E+02 1.800700073E+02 1.582200050E+00 2.250699997E-01 1.844699960E-03
 6.764999853E-05 7.746800111E-05 4.918600023E-01 -5.202200000E+04 5.374700000E+04 2.121199951E+02 3.682200012E+02 -1.243300018E+02 2.122799988E+02 1.601500034E+00 2.172700018E-01 1.896800008E-03
 6.969999959E-05 7.696400280E-05 4.805200100E-01 -5.508200000E+04 6.112700000E+04 2.106100006E+02 3.719400024E+02 -1.229800034E+02 2.343999939E+02 1.620100021E+00 2.107499987E-01 1.941499999E-03
 7.175000064E-05 7.645999722E-05 4.700399935E-01 -5.976700000E+04 6.605900000E+04 2.090700073E+02 3.761799927E+02 -1.211399994E+02 2.417100067E+02 1.640400052E+00 2.046499997E-01 1.984799979E-03
 7.380000170E-05 7.595599891E-05 4.590300024E-01 -5.950100000E+04 6.309300000E+04 2.074900055E+02 3.806099854E+02 -1.190699997E+02 2.332700043E+02 1.661599994E+00 1.983399987E-01 2.032400109E-03
 7.585000276E-05 7.545200060E-05 4.472599924E-01 -6.339300000E+04 5.442100000E+04 2.056999969E+02 3.848999939E+02 -1.169100037E+02 2.272200012E+02 1.683300018E+00 1.915999949E-01 2.086000051E-03
 7.789999654E-05 7.494800229E-05 4.352900088E-01 -6.710200000E+04 5.212200000E+04 2.038099976E+02 3.895000000E+02 -1.148399963E+02 2.227799988E+02 1.707100034E+00 1.847600043E-01 2.143299906E-03
 7.994999760E-05 7.444399671E-05 4.229100049E-01 -6.785400000E+04 5.372000000E+04 2.018999939E+02 3.944100037E+02 -1.131200027E+02 2.173200073E+02 1.733100057E+00 1.778199971E-01 2.206200035E-03
 8.199999866E-05 7.393999840E-05 4.105400145E-01 -7.528500000E+04 5.400800000E+04 2.000299988E+02 3.989500122E+02 -1.114199982E+02 2.187299957E+02 1.757699966E+00 1.710200012E-01 2.272600075E-03
 8.404999971E-05 7.343600009E-05 3.980900049E-01 -8.344200000E+04 5.151100000E+04 1.981000061E+02 4.032600098E+02 -1.100299988E+02 2.184900055E+02 1.782400012E+00 1.642400026E-01 2.343799919E-03
 8.610000077E-05 7.293200179E-05 3.853000104E-01 -8.570700000E+04 5.084200000E+04 1.961000061E+02 4.076900024E+02 -1.089100037E+02 2.116499939E+02 1.808500051E+00 1.573500037E-01 2.421600046E-03
 8.815000183E-05 7.242800348E-05 3.731000125E-01 -8.206500000E+04 4.742300000E+04 1.940500031E+02 4.118099976E+02 -1.079100037E+02 2.038000031E+02 1.834100008E+00 1.507800072E-01 2.500799950E-03
 9.020000289E-05 7.192399789E-05 3.613699973E-01 -8.649400000E+04 4.624900000E+04 1.920200043E+02 4.158099976E+02 -1.069199982E+02 1.978999939E+02 1.859500051E+00 1.445100009E-01 2.582000103E-03
 9.224999667E-05 7.141999959E-05 3.499400020E-01 -9.157300000E+04 5.017100000E+04 1.900700073E+02 4.198299866E+02 -1.061900024E+02 1.978300018E+02 1.885200024E+00 1.385200024E-01 2.666299930E-03
 9.429999773E-05 7.091600128E-05 3.386600018E-01 -9.476400000E+04 4.597000000E+04 1.882100067E+02 4.236600037E+02 -1.055899963E+02 1.992200012E+02 1.910099983E+00 1.327400059E-01 2.755099908E-03
 9.634999878E-05 7.041200297E-05 3.277899921E-01 -1.048900000E+05 4.242000000E+04 1.864600067E+02 4.273399963E+02 -1.050599976E+02 1.940700073E+02 1.934200048E+00 1.272799969E-01 2.846499905E-03
 9.839999984E-05 6.990799739E-05 3.177399933E-01 -1.132800000E+05 4.430900000E+04 1.847299957E+02 4.307500000E+02 -1.045699997E+02 1.936399994E+02 1.957299948E+00 1.222399995E-01 2.936400007E-03
 1.004500009E-04 6.940399908E-05 3.080599904E-01 -1.239600000E+05 4.782800000E+04 1.830399933E+02 4.338599854E+02 -1.041800003E+02 2.041600037E+02 1.979300022E+00 1.174300015E-01 3.028699895E-03
 1.025000020E-04 6.890000077E-05 2.986699939E-01 -1.388700000E+05 5.103800000E+04 1.814700012E+02 4.371099854E+02 -1.041600037E+02 1.971000061E+02 2.001899958E+00 1.128700003E-01 3.123899922E-03
 1.045500030E-04 6.839600246E-05 2.900399864E-01 -1.576900000E+05 5.229200000E+04 1.800700073E+02 4.400100098E+02 -1.040800018E+02 1.964299927E+02 2.022200108E+00 1.087699980E-01 3.216800047E-03
 1.065999968E-04 6.789199688E-05 2.819299996E-01 -1.732900000E+05 5.608300000E+04 1.786900024E+02 4.423800049E+02 -1.040000000E+02 2.090000000E+02 2.040299892E+00 1.049100012E-01 3.309200052E-03
 1.086499979E-04 6.738799857E-05 2.737700045E-01 -1.851100000E+05 6.165200000E+04 1.773500061E+02 4.447600098E+02 -1.038600006E+02 2.139700012E+02 2.058300018E+00 1.011099964E-01 3.408000106E-03
 1.106999989E-04 6.688400026E-05 2.661499977E-01 -2.140700000E+05 6.652900000E+04 1.765200043E+02 4.464899902E+02 -1.033000031E+02 2.233399963E+02 2.070199966E+00 9.783100337E-02 3.505399916E-03
 1.127500000E-04 6.638000195E-05 2.634899914E-01 -3.377400000E+05 1.034000000E+05 1.792599945E+02 4.411600037E+02 -1.005999985E+02 3.441900024E+02 2.028800011E+00 9.836199880E-02 3.540199948E-03
 1.148000010E-04 6.587599637E-05 2.860400081E-01 -7.914600000E+05 2.487200000E+05 1.987500000E+02 4.019500122E+02 -8.672000122E+01 8.933099976E+02 1.761899948E+00 1.191800013E-01 3.281299956E-03
 1.168500021E-04 6.537199806E-05 3.811900020E-01 -9.941700000E+05 2.993500000E+05 2.380399933E+02 3.081300049E+02 -5.664300156E+01 1.524400024E+03 1.235499978E+00 1.925300062E-01 2.544200048E-03
 1.189000031E-04 6.486799975E-05 5.459300280E-01 -5.138500000E+05 1.415100000E+05 2.709100037E+02 2.110700073E+02 -2.930999947E+01 1.209000000E+03 7.802299857E-01 3.099800050E-01 1.759800012E-03
 1.209499969E-04 6.436400145E-05 6.790599823E-01 -1.205500000E+05 2.273200000E+04 2.841900024E+02 1.623399963E+02 -1.924099922E+01 4.577900085E+02 5.822499990E-01 4.021500051E-01 1.379100024E-03
 1.230000053E-04 6.386000314E-05 7.310600281E-01 -4.660500000E+04 8.717799805E+03 2.882600098E+02 1.458899994E+02 -1.896400070E+01 1.779299927E+02 5.200899839E-01 4.388499856E-01 1.276200055E-03
 1.250500063E-04 6.335599755E-05 7.443400025E-01 -2.929000000E+04 1.605500000E+04 2.896099854E+02 1.387500000E+02 -2.059900093E+01 1.557700043E+02 4.947200119E-01 4.488900006E-01 1.253199996E-03
 1.270999928E-04 6.285199925E-05 7.506899834E-01 -1.739200000E+04 1.351300000E+04 2.903699951E+02 1.334499969E+02 -2.169599915E+01 1.692899933E+02 4.762000144E-01 4.539200068E-01 1.242600032E-03
 1.291499939E-04 6.234800094E-05 7.557700276E-01 -1.714700000E+04 1.268500000E+04 2.911600037E+02 1.287100067E+02 -2.230200005E+01 1.639400024E+02 4.594799876E-01 4.582299888E-01 1.234199968E-03
 1.311999949E-04 6.184400263E-05 7.593600154E-01 -1.546900000E+04 1.041400000E+04 2.918800049E+02 1.245199966E+02 -2.249500084E+01 1.576100006E+02 4.444999993E-01 4.615499973E-01 1.228400040E-03
 1.332499960E-04 6.133999705E-05 7.626299858E-01 -1.218500000E+04 1.076800000E+04 2.925599976E+02 1.208799973E+02 -2.234900093E+01 1.723500061E+02 4.313400090E-01 4.646100104E-01 1.223100000E-03
 1.352999971E-04 6.083599874E-05 7.665600181E-01 -1.372900000E+04 1.805500000E+04 2.930100098E+02 1.175800018E+02 -2.217200089E+01 1.839700012E+02 4.195100069E-01 4.677200019E-01 1.216899953E-03
 1.373499981E-04 6.033200043E-05 7.703400254E-01 -4.220200195E+03 2.113300000E+04 2.933299866E+02 1.144400024E+02 -2.204199982E+01 1.572799988E+02 4.083899856E-01 4.705500007E-01 1.210900024E-03
 1.393999992E-04 5.982799848E-05 7.727400064E-01 -5.890300293E+02 1.363000000E+04 2.937200012E+02 1.115299988E+02 -2.156299973E+01 1.497100067E+02 3.977999985E-01 4.726400077E-01 1.207099995E-03
 1.414500002E-04 5.932400018E-05 7.756199837E-01 -5.265499878E+01 1.989500000E+03 2.939800110E+02 1.086800003E+02 -2.116200066E+01 1.356900024E+02 3.875499964E-01 4.748300016E-01 1.202699961E-03
 1.435000013E-04 5.881999823E-05 7.785599828E-01 -5.191299805E+03 1.351000000E+03 2.943999939E+02 1.059700012E+02 -2.088100052E+01 1.143199997E+02 3.777700067E-01 4.772999883E-01 1.198100043E-03
 1.455500023E-04 5.831599992E-05 7.808899879E-01 -7.392399902E+03 1.515699951E+03 2.948999939E+02 1.032900009E+02 -2.002199936E+01 1.233000031E+02 3.676899970E-01 4.795500040E-01 1.194500015E-03
 1.476000034E-04 5.781200161E-05 7.823500037E-01 -6.283799805E+03 1.164100000E+04 2.953599854E+02 1.007099991E+02 -1.927700043E+01 1.134800034E+02 3.580699861E-01 4.811800122E-01 1.192299998E-03
 1.496500045E-04 5.730799967E-05 7.839499712E-01 -8.959000000E+03 1.417000000E+04 2.956300049E+02 9.822899628E+01 -1.889900017E+01 1.180000000E+02 3.491599858E-01 4.826099873E-01 1.189899980E-03
 1.517000055E-04 5.680400136E-05 7.864000201E-01 -8.080700195E+03 3.045500000E+03 2.957799988E+02 9.590100098E+01 -1.834000015E+01 1.356900024E+02 3.407199979E-01 4.843600094E-01 1.186199952E-03
 1.537500066E-04 5.629999941E-05 7.888500094E-01 -1.031200000E+04 5.009799805E+03 2.960799866E+02 9.396600342E+01 -1.777199936E+01 1.185100021E+02 3.335500062E-01 4.863600135E-01 1.182500040E-03
 1.557999931E-04 5.579600111E-05 7.910699844E-01 -1.123800000E+04 9.554200195E+03 2.962900085E+02 9.195200348E+01 -1.726499939E+01 9.993299866E+01 3.262099922E-01 4.880799949E-01 1.179200015E-03
 1.578499941E-04 5.529199916E-05 7.922499776E-01 -1.466500000E+04 7.590299805E+03 2.964700012E+02 8.983399963E+01 -1.662500000E+01 1.018099976E+02 3.184399903E-01 4.891099930E-01 1.177400001E-03
 1.598999952E-04 5.478800085E-05 7.933899760E-01 -1.399600000E+04 8.747599609E+03 2.967799988E+02 8.787300110E+01 -1.578699970E+01 9.808699799E+01 3.110300004E-01 4.903300107E-01 1.175699988E-03
 1.619499963E-04 5.428399891E-05 7.946699858E-01 -2.518600098E+03 1.237400000E+04 2.970199890E+02 8.607099915E+01 -1.498600006E+01 9.766899872E+01 3.042399883E-01 4.915100038E-01 1.173799974E-03
 1.639999973E-04 5.378000060E-05 7.961900234E-01 4.137000000E+03 1.102400024E+03 2.971499939E+02 8.418499756E+01 -1.448900032E+01 1.069400024E+02 2.974100113E-01 4.926699996E-01 1.171599957E-03
 1.660499984E-04 5.327599865E-05 7.984099984E-01 3.065500000E+03 -4.103700195E+03 2.971300049E+02 8.208899689E+01 -1.391199970E+01 1.181800003E+02 2.898899913E-01 4.939999878E-01 1.168300048E-03
 1.680999994E-04 5.277200034E-05 8.001000285E-01 1.313500000E+03 4.922700195E+03 2.972300110E+02 8.004100037E+01 -1.314700031E+01 1.276299973E+02 2.823700011E-01 4.952099919E-01 1.165900030E-03
 1.701500005E-04 5.226799840E-05 8.013899922E-01 1.140900024E+03 4.964200195E+03 2.974299927E+02 7.811699677E+01 -1.241399956E+01 1.309900055E+02 2.752600014E-01 4.963499904E-01 1.164000016E-03
 1.722000015E-04 5.176400009E-05 8.028399944E-01 -2.426999969E+02 6.026099854E+02 2.975299988E+02 7.632199860E+01 -1.156799984E+01 1.147900009E+02 2.685900033E-01 4.974200130E-01 1.161900000E-03
 1.742500026E-04 5.126000178E-05 8.044099808E-01 4.470200195E+03 3.729000000E+03 2.976600037E+02 7.459799957E+01 -1.065499973E+01 1.027099991E+02 2.621299922E-01 4.986099899E-01 1.159599982E-03
 1.763000037E-04 5.075599984E-05 8.054999709E-01 1.998099976E+03 6.077500000E+03 2.978999939E+02 7.289600372E+01 -9.816300392E+00 1.119300003E+02 2.557699978E-01 4.996899962E-01 1.157999970E-03
 1.783500047E-04 5.025200153E-05 8.062199950E-01 -3.506199951E+03 -4.808399963E+01 2.981300049E+02 7.129000092E+01 -8.755599976E+00 1.195800018E+02 2.496699989E-01 5.005199909E-01 1.156999962E-03
 1.804000058E-04 4.974799958E-05 8.070600033E-01 2.919800049E+03 -2.045699951E+03 2.982500000E+02 6.957900238E+01 -7.624499798E+00 1.220400009E+02 2.432599962E-01 5.012400150E-01 1.155799953E-03
 1.824500068E-04 4.924400127E-05 8.079100251E-01 5.366000000E+03 6.888600098E+03 2.983599854E+02 6.779299927E+01 -6.738100052E+00 1.150299988E+02 2.367099971E-01 5.019599795E-01 1.154599944E-03
 1.844999933E-04 4.873999933E-05 8.084499836E-01 6.436299805E+03 1.202300000E+04 2.985799866E+02 6.618399811E+01 -5.712699890E+00 1.094300003E+02 2.307299972E-01 5.026599765E-01 1.153800054E-03
 1.865499944E-04 4.823600102E-05 8.089299798E-01 3.662800049E+03 4.814100098E+03 2.988200073E+02 6.460500336E+01 -4.386300087E+00 1.076900024E+02 2.248300016E-01 5.033599734E-01 1.153100049E-03
 1.885999955E-04 4.773199908E-05 8.101300001E-01 3.843999863E+01 -4.145500000E+03 2.989400024E+02 6.285300064E+01 -3.024300098E+00 9.596499634E+01 2.184299976E-01 5.043200254E-01 1.151400036E-03
 1.906499965E-04 4.722800077E-05 8.114100099E-01 -4.101699829E+01 2.642399902E+03 2.988699951E+02 6.099000168E+01 -1.820999980E+00 8.645800018E+01 2.118300050E-01 5.049899817E-01 1.149600022E-03
 1.926999976E-04 4.672399882E-05 8.119099736E-01 -2.534500000E+03 5.898299805E+03 2.989899902E+02 5.924100113E+01 -4.783500135E-01 9.359799957E+01 2.056400031E-01 5.055000186E-01 1.148900017E-03
 1.947499986E-04 4.622000051E-05 8.122699857E-01 -5.211299805E+03 5.158399902E+03 2.993500061E+02 5.761299896E+01 1.232900023E+00 1.142099991E+02 1.999299973E-01 5.063400269E-01 1.148400013E-03
 1.967999997E-04 4.571599857E-05 8.116700053E-01 -6.399200195E+03 8.021000000E+03 2.997900085E+02 5.602500153E+01 3.253700018E+00 1.433399963E+02 1.945700049E-01 5.066999793E-01 1.149200019E-03
 1.988500007E-04 4.521200026E-05 8.104100227E-01 -5.303100098E+03 7.697899902E+03 3.001700134E+02 5.455099869E+01 5.439700127E+00 1.450399933E+02 1.899500042E-01 5.065600276E-01 1.151000033E-03
 2.009000018E-04 4.470799831E-05 8.098800182E-01 -8.804299805E+03 1.280400000E+04 3.006300049E+02 5.330799866E+01 8.044199944E+00 1.345500031E+02 1.866900027E-01 5.070099831E-01 1.151800039E-03
 2.029500029E-04 4.420400001E-05 8.082200289E-01 -1.496800000E+04 1.836400000E+04 3.015700073E+02 5.237799835E+01 1.122299957E+01 1.461699982E+02 1.852400005E-01 5.075500011E-01 1.154100057E-03
 2.050000039E-04 4.370000170E-05 8.067499995E-01 -1.620800000E+04 2.068200000E+04 3.021199951E+02 5.200699997E+01 1.289799976E+01 1.526100006E+02 1.850399971E-01 5.075600147E-01 1.156299957E-03
 0.000000000E+00 6.866700278E-05 1.600700021E+00 -8.618500000E+04 -2.222800000E+04 3.000000000E+02 6.457599640E+01 4.518499851E+00 -4.923899841E+01 2.332199961E-01 1.011500001E+00 5.739799817E-04
 2.049999921E-06 6.920000305E-05 1.603999972E+00 -5.254400000E+04 -9.620400391E+03 2.994100037E+02 6.803399658E+01 5.319900036E+00 7.725800323E+01 2.411700040E-01 1.005800009E+00 5.771900178E-04
 4.099999842E-06 6.973300333E-05 1.605200052E+00 -1.187700000E+04 1.012000000E+04 2.986400146E+02 7.295800018E+01 6.909599781E+00 1.960399933E+02 2.545099854E-01 9.982500076E-01 5.811200244E-04
 6.149999990E-06 7.026700041E-05 1.603199959E+00 1.725500031E+02 1.134600000E+04 2.982900085E+02 7.575099945E+01 8.309700012E+00 1.803800049E+02 2.648099959E-01 9.958299994E-01 5.818399950E-04
 8.199999684E-06 7.080000069E-05 1.600900054E+00 7.850000000E+03 -1.104800049E+03 2.980799866E+02 7.841799927E+01 9.695699692E+00 1.791600037E+02 2.746700048E-01 9.937099814E-01 5.826699780E-04
 1.024999983E-05 7.133300096E-05 1.595800042E+00 -4.853500061E+02 -4.393299866E+02 2.980799866E+02 8.119300079E+01 1.111699963E+01 1.823699951E+02 2.848699987E-01 9.905400276E-01 5.845400156E-04
 1.229999998E-05 7.186699804E-05 1.591500044E+00 -9.205900391E+03 8.431599609E+03 2.979800110E+02 8.409300232E+01 1.260099983E+01 1.795599976E+02 2.956399918E-01 9.875400066E-01 5.861200043E-04
 1.435000013E-05 7.239999832E-05 1.587299943E+00 4.055899811E+01 7.023700195E+03 2.976700134E+02 8.703099823E+01 1.422900009E+01 1.960200043E+02 3.067600131E-01 9.839500189E-01 5.876499927E-04
 1.639999937E-05 7.293299859E-05 1.580899954E+00 -5.175899902E+03 1.236900024E+03 2.974100037E+02 9.003299713E+01 1.572000027E+01 2.004199982E+02 3.180600107E-01 9.790899754E-01 5.900399992E-04
 1.845000043E-05 7.346700295E-05 1.575600028E+00 -8.919700195E+03 -3.895000000E+03 2.971000061E+02 9.293900299E+01 1.716900063E+01 1.883500061E+02 3.290799856E-01 9.748100042E-01 5.920199910E-04
 2.049999966E-05 7.400000322E-05 1.571599960E+00 6.563899902E+03 -2.346000000E+03 2.965899963E+02 9.610299683E+01 1.851399994E+01 1.735099945E+02 3.410699964E-01 9.706199765E-01 5.935499794E-04
 2.255000072E-05 7.453300350E-05 1.565099955E+00 -5.166600098E+03 -2.061399994E+02 2.963399963E+02 9.983899689E+01 2.001700020E+01 1.758200073E+02 3.549999893E-01 9.657999873E-01 5.960100098E-04
 2.459999996E-05 7.506700058E-05 1.557199955E+00 -1.070500000E+04 4.712500000E+02 2.960000000E+02 1.036900024E+02 2.144899940E+01 1.618399963E+02 3.693799973E-01 9.598600268E-01 5.990099744E-04
 2.664999920E-05 7.560000086E-05 1.548699975E+00 9.719899750E+01 2.046800049E+03 2.952600098E+02 1.076999969E+02 2.263599968E+01 1.792500000E+02 3.843699992E-01 9.521999955E-01 6.023200112E-04
 2.870000026E-05 7.613300113E-05 1.539199948E+00 -2.071199951E+03 2.939800110E+02 2.946400146E+02 1.121800003E+02 2.422500038E+01 2.034700012E+02 4.012700021E-01 9.443600178E-01 6.060500164E-04
 3.075000132E-05 7.666699821E-05 1.529000044E+00 6.219600098E+03 -9.378400269E+02 2.939599915E+02 1.170500031E+02 2.599099922E+01 1.700800018E+02 4.196999967E-01 9.359899759E-01 6.100600003E-04
 3.279999873E-05 7.719999849E-05 1.517199993E+00 2.723500000E+04 -1.073900024E+03 2.931300049E+02 1.223499985E+02 2.767900085E+01 1.761999969E+02 4.397299886E-01 9.261400104E-01 6.148199900E-04
 3.484999979E-05 7.773299876E-05 1.502599955E+00 2.511200000E+04 2.765399902E+03 2.922200012E+02 1.283500061E+02 2.954100037E+01 2.193899994E+02 4.623799920E-01 9.143499732E-01 6.208199775E-04
 3.690000085E-05 7.826700312E-05 1.485599995E+00 1.835000000E+04 6.310899902E+03 2.912500000E+02 1.351499939E+02 3.143400002E+01 2.458800049E+02 4.879600108E-01 9.010099769E-01 6.279299851E-04
 3.894999827E-05 7.880000339E-05 1.466400027E+00 2.415700000E+04 -2.788000000E+03 2.901300049E+02 1.429299927E+02 3.334400177E+01 2.028000031E+02 5.171499848E-01 8.859400153E-01 6.361699780E-04
 4.099999933E-05 7.933299639E-05 1.442999959E+00 2.314200000E+04 2.791600098E+03 2.885700073E+02 1.517899933E+02 3.536700058E+01 1.551600037E+02 5.506700277E-01 8.671200275E-01 6.464999751E-04
 4.305000039E-05 7.986700075E-05 1.413900018E+00 3.153100000E+04 1.841400000E+04 2.864700012E+02 1.623300018E+02 3.748199844E+01 1.786799927E+02 5.907899737E-01 8.434699774E-01 6.598400068E-04
 4.510000144E-05 8.040000102E-05 1.376700044E+00 4.364000000E+04 3.413100098E+03 2.838900146E+02 1.753399963E+02 3.937200165E+01 2.157700043E+02 6.402000189E-01 8.138899803E-01 6.777400267E-04
 4.714999886E-05 8.093300130E-05 1.329399943E+00 5.792700000E+04 -1.035700000E+04 2.804200134E+02 1.915599976E+02 4.058300018E+01 2.074299927E+02 7.019000053E-01 7.764099836E-01 7.019499899E-04
 4.919999992E-05 8.146699838E-05 1.262899995E+00 7.885800000E+04 -1.120600000E+04 2.755299988E+02 2.132799988E+02 3.950099945E+01 1.109000015E+02 7.846199870E-01 7.248399854E-01 7.393700071E-04
 5.125000098E-05 8.199999866E-05 1.155699968E+00 9.616100000E+04 -3.957100000E+04 2.679200134E+02 2.440399933E+02 3.103599930E+01 -2.373500061E+02 9.032899737E-01 6.454300284E-01 8.098799735E-04
 5.329999840E-05 8.151999646E-05 1.010300040E+00 9.348200000E+04 -7.081700000E+04 2.571900024E+02 2.804700012E+02 1.021300030E+01 -6.232500000E+02 1.052700043E+00 5.420899987E-01 9.290300077E-04
 5.534999946E-05 8.104000153E-05 8.607699871E-01 6.856300000E+04 -8.490400000E+04 2.453200073E+02 3.127799988E+02 -2.114699936E+01 -6.896300049E+02 1.203899980E+00 4.406299889E-01 1.091600046E-03
 5.740000051E-05 8.055999933E-05 7.342200279E-01 3.212600000E+04 -8.501800000E+04 2.346799927E+02 3.357500000E+02 -5.495999908E+01 -5.457000122E+02 1.334800005E+00 3.594000041E-01 1.278699958E-03
 5.945000157E-05 8.007999713E-05 6.416800022E-01 1.616800049E+03 -6.119900000E+04 2.262599945E+02 3.498900146E+02 -8.344000244E+01 -3.282200012E+02 1.436300039E+00 3.026500046E-01 1.459500054E-03
 6.150000263E-05 7.960000221E-05 5.809500217E-01 -2.119300000E+04 -2.777700000E+04 2.201799927E+02 3.580899963E+02 -1.035400009E+02 -1.026100006E+02 1.508100033E+00 2.664999962E-01 1.609000028E-03
 6.354999641E-05 7.912000001E-05 5.417199731E-01 -3.448200000E+04 4.656100098E+03 2.160899963E+02 3.633399963E+02 -1.154599991E+02 3.897000122E+01 1.556599975E+00 2.438299954E-01 1.723699970E-03
 6.559999747E-05 7.863999781E-05 5.154899955E-01 -4.878800000E+04 2.603400000E+04 2.133200073E+02 3.675199890E+02 -1.209800034E+02 1.256600037E+02 1.589900017E+00 2.290100008E-01 1.810500049E-03
 6.764999853E-05 7.816000289E-05 4.970099926E-01 -5.995600000E+04 4.235700000E+04 2.113000031E+02 3.716099854E+02 -1.225999985E+02 1.707500000E+02 1.615599990E+00 2.187000066E-01 1.877299976E-03
 6.969999959E-05 7.768000069E-05 4.834200144E-01 -5.747700000E+04 5.537800000E+04 2.095599976E+02 3.756000061E+02 -1.220199966E+02 1.958399963E+02 1.637300014E+00 2.109600008E-01 1.929900027E-03
 7.175000064E-05 7.719999849E-05 4.714399874E-01 -5.651800000E+04 5.828800000E+04 2.079199982E+02 3.798999939E+02 -1.202600021E+02 2.282500000E+02 1.658499956E+00 2.041299939E-01 1.978999935E-03
 7.380000170E-05 7.672000356E-05 4.591999948E-01 -6.212400000E+04 5.310600000E+04 2.063300018E+02 3.844800110E+02 -1.178799973E+02 2.251199951E+02 1.680299997E+00 1.973000020E-01 2.031699987E-03
 7.585000276E-05 7.624000136E-05 4.472399950E-01 -6.978800000E+04 5.105800000E+04 2.046000061E+02 3.887500000E+02 -1.155599976E+02 2.187400055E+02 1.701699972E+00 1.905599982E-01 2.086000051E-03
 7.789999654E-05 7.575999916E-05 4.351400137E-01 -7.192900000E+04 5.220500000E+04 2.026900024E+02 3.933099976E+02 -1.133399963E+02 2.213600006E+02 1.725499988E+00 1.836699992E-01 2.144099912E-03
 7.994999760E-05 7.527999696E-05 4.224100113E-01 -7.349100000E+04 5.439800000E+04 2.007700043E+02 3.982500000E+02 -1.111399994E+02 2.093099976E+02 1.751299977E+00 1.766200066E-01 2.208800055E-03
 8.199999866E-05 7.480000204E-05 4.102199972E-01 -7.682200000E+04 5.419800000E+04 1.988899994E+02 4.026700134E+02 -1.091399994E+02 2.057500000E+02 1.775400043E+00 1.699099988E-01 2.274299972E-03
 8.404999971E-05 7.431999984E-05 3.984200060E-01 -8.348800000E+04 4.879400000E+04 1.968699951E+02 4.069200134E+02 -1.073099976E+02 2.107799988E+02 1.800099969E+00 1.633500010E-01 2.341799904E-03
 8.610000077E-05 7.383999764E-05 3.860000074E-01 -8.586300000E+04 4.663700000E+04 1.947799988E+02 4.114700012E+02 -1.058600006E+02 1.998000031E+02 1.827100039E+00 1.565800011E-01 2.417299896E-03
 8.815000183E-05 7.336000272E-05 3.740099967E-01 -8.161900000E+04 4.565900000E+04 1.927899933E+02 4.156000061E+02 -1.046200027E+02 1.945500031E+02 1.852399945E+00 1.501599997E-01 2.494599903E-03
 9.020000289E-05 7.288000052E-05 3.623900115E-01 -8.924100000E+04 4.707500000E+04 1.909600067E+02 4.195000000E+02 -1.033700027E+02 1.949299927E+02 1.876399994E+00 1.441099942E-01 2.574699931E-03
 9.224999667E-05 7.239999832E-05 3.506999910E-01 -9.440100000E+04 4.641700000E+04 1.890899963E+02 4.234500122E+02 -1.023799973E+02 1.883800049E+02 1.901399970E+00 1.380999982E-01 2.660499886E-03
 9.429999773E-05 7.192000339E-05 3.392499983E-01 -9.820400000E+04 4.368600000E+04 1.872599945E+02 4.273599854E+02 -1.014599991E+02 1.911399994E+02 1.926399946E+00 1.323000044E-01 2.750300104E-03
 9.634999878E-05 7.144000119E-05 3.284600079E-01 -1.091000000E+05 4.317700000E+04 1.854900055E+02 4.311099854E+02 -1.009400024E+02 1.839100037E+02 1.951099992E+00 1.268800050E-01 2.840599976E-03
 9.839999984E-05 7.095999899E-05 3.186999857E-01 -1.161700000E+05 4.359900000E+04 1.838300018E+02 4.342999878E+02 -1.003300018E+02 1.847899933E+02 1.973000050E+00 1.220100001E-01 2.927500056E-03
 1.004500009E-04 7.047999679E-05 3.092899919E-01 -1.281300000E+05 4.633400000E+04 1.823000031E+02 4.372999878E+02 -9.957900238E+01 1.952599945E+02 1.993600011E+00 1.174200028E-01 3.016599920E-03
 1.025000020E-04 7.000000187E-05 2.999199927E-01 -1.400900000E+05 4.896600000E+04 1.808099976E+02 4.403599854E+02 -9.938899994E+01 1.875700073E+02 2.014899969E+00 1.129299998E-01 3.110900056E-03
 1.045500030E-04 6.951999967E-05 2.909699976E-01 -1.576500000E+05 5.184400000E+04 1.794700012E+02 4.429599915E+02 -9.915699768E+01 1.896100006E+02 2.033499956E+00 1.087500006E-01 3.206500085E-03
 1.065999968E-04 6.903999747E-05 2.825199962E-01 -1.789500000E+05 5.661900000E+04 1.781000061E+02 4.453099976E+02 -9.884200287E+01 1.983800049E+02 2.051300049E+00 1.047800034E-01 3.302400000E-03
 1.086499979E-04 6.856000255E-05 2.744399905E-01 -1.916500000E+05 5.904100000E+04 1.767299957E+02 4.478500061E+02 -9.845999908E+01 2.060299988E+02 2.070100069E+00 1.010100022E-01 3.399600042E-03
 1.106999989E-04 6.808000035E-05 2.671599984E-01 -2.138200000E+05 6.288300000E+04 1.757299957E+02 4.498200073E+02 -9.810099792E+01 2.146100006E+02 2.084300041E+00 9.776700288E-02 3.492099931E-03
 1.127500000E-04 6.759999815E-05 2.630200088E-01 -3.016100000E+05 8.686700000E+04 1.771499939E+02 4.469700012E+02 -9.641300201E+01 2.882999878E+02 2.062000036E+00 9.702800214E-02 3.546500113E-03
 1.148000010E-04 6.712000322E-05 2.774299979E-01 -7.017900000E+05 2.071200000E+05 1.923399963E+02 4.170400085E+02 -8.580899811E+01 7.194799805E+02 1.850600004E+00 1.115700006E-01 3.373200074E-03
 1.168500021E-04 6.664000102E-05 3.563100100E-01 -1.028700000E+06 2.978400000E+05 2.300500031E+02 3.303900146E+02 -5.897200012E+01 1.402199951E+03 1.347499967E+00 1.739999950E-01 2.706700005E-03
 1.189000031E-04 6.615999882E-05 5.165299773E-01 -6.406800000E+05 1.794800000E+05 2.666099854E+02 2.270800018E+02 -3.065800095E+01 1.282699951E+03 8.470000029E-01 2.893199921E-01 1.873199944E-03
 1.209499969E-04 6.567999662E-05 6.650699973E-01 -1.554500000E+05 3.863900000E+04 2.828699951E+02 1.691199951E+02 -1.825000000E+01 5.360700073E+02 6.074200273E-01 3.921999931E-01 1.411500038E-03
 1.230000053E-04 6.520000170E-05 7.299600244E-01 -3.944800000E+04 5.789899902E+03 2.879400024E+02 1.497500000E+02 -1.715099907E+01 1.770500031E+02 5.331699848E-01 4.377200007E-01 1.278299955E-03
 1.250500063E-04 6.471999950E-05 7.459599972E-01 -2.239800000E+04 1.158300000E+04 2.894100037E+02 1.426100006E+02 -1.877199936E+01 1.254599991E+02 5.074700117E-01 4.495700002E-01 1.250499976E-03
 1.270999928E-04 6.423999730E-05 7.519599795E-01 -2.175800000E+04 1.168400000E+04 2.900199890E+02 1.376300049E+02 -2.011100006E+01 1.432200012E+02 4.901799858E-01 4.541299939E-01 1.240500016E-03
 1.291499939E-04 6.376000238E-05 7.570099831E-01 -2.269200000E+04 1.154100000E+04 2.907099915E+02 1.331699982E+02 -2.088800049E+01 1.451399994E+02 4.745000005E-01 4.582700133E-01 1.232199953E-03
 1.311999949E-04 6.328000018E-05 7.610399723E-01 -1.993900000E+04 1.222900000E+04 2.914500122E+02 1.290899963E+02 -2.122900009E+01 1.352500000E+02 4.599300027E-01 4.618799984E-01 1.225700020E-03
 1.332499960E-04 6.279999798E-05 7.640200257E-01 -2.011100000E+04 1.136400000E+04 2.921799927E+02 1.254199982E+02 -2.136899948E+01 1.431199951E+02 4.467299879E-01 4.648500085E-01 1.220899983E-03
 1.352999971E-04 6.232000305E-05 7.667700052E-01 -1.708600000E+04 1.374000000E+04 2.927500000E+02 1.221900024E+02 -2.137100029E+01 1.452400055E+02 4.351300001E-01 4.674499929E-01 1.216499950E-03
 1.373499981E-04 6.184000085E-05 7.699400187E-01 -8.524599609E+03 1.357300000E+04 2.931099854E+02 1.190599976E+02 -2.123900032E+01 1.314700012E+02 4.239400029E-01 4.699499905E-01 1.211500028E-03
 1.393999992E-04 6.135999865E-05 7.727800012E-01 -2.917100098E+03 1.014000000E+04 2.934800110E+02 1.160800018E+02 -2.080200005E+01 1.464400024E+02 4.131299853E-01 4.722700119E-01 1.207099995E-03
 1.414500002E-04 6.088000009E-05 7.755299807E-01 1.134300049E+03 2.733800049E+03 2.938500061E+02 1.132399979E+02 -2.045899963E+01 1.414499969E+02 4.028699994E-01 4.745599926E-01 1.202799962E-03
 1.435000013E-04 6.040000153E-05 7.783700228E-01 -1.963900024E+03 5.595100098E+02 2.942200012E+02 1.104499969E+02 -2.014999962E+01 1.130899963E+02 3.928099871E-01 4.769000113E-01 1.198400045E-03
 1.455500023E-04 5.991999933E-05 7.809100151E-01 -3.268699951E+03 -7.036500244E+02 2.945700073E+02 1.077799988E+02 -1.925600052E+01 1.224599991E+02 3.828499913E-01 4.790099859E-01 1.194500015E-03
 1.476000034E-04 5.944000077E-05 7.824000120E-01 -3.562199951E+03 1.222500000E+04 2.950299988E+02 1.052799988E+02 -1.851700020E+01 1.120699997E+02 3.734999895E-01 4.806900024E-01 1.192199998E-03
 1.496500045E-04 5.895999857E-05 7.839000225E-01 -7.278399902E+03 1.286200000E+04 2.953599854E+02 1.028799973E+02 -1.826899910E+01 1.030100021E+02 3.648900092E-01 4.821400046E-01 1.189999981E-03
 1.517000055E-04 5.848000001E-05 7.864099741E-01 -8.771400391E+03 3.099300049E+03 2.955299988E+02 1.004700012E+02 -1.789900017E+01 1.268000031E+02 3.562900126E-01 4.839600027E-01 1.186199952E-03
 1.537500066E-04 5.800000145E-05 7.881600261E-01 -1.247600000E+04 8.480400391E+03 2.958800049E+02 9.833599854E+01 -1.739200020E+01 1.256800003E+02 3.484300077E-01 4.856100082E-01 1.183500048E-03
 1.557999931E-04 5.751999925E-05 7.903100252E-01 -9.408799805E+03 1.079500000E+04 2.960700073E+02 9.631300354E+01 -1.674200058E+01 1.120999985E+02 3.409700096E-01 4.872600138E-01 1.180300023E-03
 1.578499941E-04 5.704000068E-05 7.928799987E-01 -8.071200195E+03 7.446399902E+03 2.961700134E+02 9.415399933E+01 -1.604299927E+01 1.181200027E+02 3.330799937E-01 4.890100062E-01 1.176499994E-03
 1.598999952E-04 5.655999848E-05 7.942299843E-01 -1.279800000E+04 1.008400000E+04 2.964400024E+02 9.214499664E+01 -1.539400005E+01 1.186200027E+02 3.256500065E-01 4.902800024E-01 1.174499979E-03
 1.619499963E-04 5.607999992E-05 7.954000235E-01 -4.243500000E+03 9.420700195E+03 2.966000061E+02 9.034500122E+01 -1.456999969E+01 1.146500015E+02 3.189100027E-01 4.912700057E-01 1.172799966E-03
 1.639999973E-04 5.560000136E-05 7.964900136E-01 1.331000000E+03 4.571000000E+03 2.967200012E+02 8.851999664E+01 -1.384700012E+01 1.165500031E+02 3.121699989E-01 4.921399951E-01 1.171099953E-03
 1.660499984E-04 5.511999916E-05 7.983099818E-01 3.697600098E+03 2.262199951E+03 2.967399902E+02 8.651200104E+01 -1.324400043E+01 1.210699997E+02 3.049199879E-01 4.932999909E-01 1.168500050E-03
 1.680999994E-04 5.464000060E-05 8.002099991E-01 2.368800049E+03 6.499500000E+03 2.968900146E+02 8.458200073E+01 -1.260999966E+01 1.178099976E+02 2.978700101E-01 4.947200119E-01 1.165700029E-03
 1.701500005E-04 5.415999840E-05 8.014299870E-01 -1.416199951E+03 8.267099609E+03 2.971400146E+02 8.277999878E+01 -1.199800014E+01 1.058300018E+02 2.912299931E-01 4.958899915E-01 1.163900015E-03
 1.722000015E-04 5.367999984E-05 8.028299809E-01 4.045599976E+02 4.259299805E+03 2.971600037E+02 8.095300293E+01 -1.121000004E+01 1.035100021E+02 2.845300138E-01 4.968000054E-01 1.161900000E-03
 1.742500026E-04 5.320000128E-05 8.047599792E-01 1.296300049E+03 8.630599609E+03 2.971900024E+02 7.909799957E+01 -1.019499969E+01 1.066600037E+02 2.776499987E-01 4.980399907E-01 1.159099978E-03
 1.763000037E-04 5.271999908E-05 8.055800200E-01 6.249299927E+02 4.220600098E+03 2.976300049E+02 7.733499908E+01 -9.293800354E+00 9.922200012E+01 2.709699869E-01 4.992800057E-01 1.157899969E-03
 1.783500047E-04 5.224000051E-05 8.055499792E-01 -2.947600098E+03 -6.016600098E+03 2.979599915E+02 7.570200348E+01 -8.272800446E+00 1.090699997E+02 2.647800148E-01 4.998199940E-01 1.157999970E-03
 1.804000058E-04 5.175999831E-05 8.065000176E-01 -2.904300049E+03 -4.234899902E+03 2.979899902E+02 7.411399841E+01 -7.142799854E+00 1.210400009E+02 2.588700056E-01 5.004500151E-01 1.156599959E-03
 1.824500068E-04 5.127999975E-05 8.074100018E-01 -1.310199951E+03 8.493700195E+03 2.981900024E+02 7.248600006E+01 -6.189000130E+00 1.205699997E+02 2.528499961E-01 5.013499856E-01 1.155299949E-03
 1.844999933E-04 5.080000119E-05 8.076000214E-01 -4.120400085E+02 9.462900391E+03 2.984400024E+02 7.086399841E+01 -5.229899883E+00 1.174700012E+02 2.468599975E-01 5.019000173E-01 1.154999947E-03
 1.865499944E-04 5.031999899E-05 8.078200221E-01 -2.424600098E+03 4.815500000E+03 2.986400146E+02 6.933300018E+01 -4.015399933E+00 1.157399979E+02 2.412099987E-01 5.023699999E-01 1.154699945E-03
 1.885999955E-04 4.984000043E-05 8.094000220E-01 -6.218399902E+03 4.391399902E+03 2.987000122E+02 6.770500183E+01 -2.508100033E+00 1.096800003E+02 2.352900058E-01 5.034499764E-01 1.152500045E-03
 1.906499965E-04 4.935999823E-05 8.110600114E-01 -7.278399902E+03 6.463399902E+03 2.987000122E+02 6.607299805E+01 -1.282699943E+00 1.054700012E+02 2.294899970E-01 5.044800043E-01 1.150100026E-03
 1.926999976E-04 4.887999967E-05 8.118000031E-01 -5.602299805E+03 7.206399902E+03 2.987900085E+02 6.449800110E+01 -1.343599986E-02 1.149300003E+02 2.239499986E-01 5.050899982E-01 1.149100019E-03
 1.947499986E-04 4.840000111E-05 8.122100234E-01 -3.734199951E+03 6.206200195E+03 2.989400024E+02 6.282199860E+01 1.702100039E+00 1.181100006E+02 2.181700021E-01 5.055999756E-01 1.148500014E-03
 1.967999997E-04 4.791999891E-05 8.114699721E-01 -4.484500000E+03 5.749200195E+03 2.992699890E+02 6.117399979E+01 3.734800100E+00 1.276800003E+02 2.126599997E-01 5.056999922E-01 1.149500022E-03
 1.988500007E-04 4.744000034E-05 8.103100061E-01 -6.619100098E+03 4.883399902E+03 2.996199951E+02 5.970100021E+01 5.758100033E+00 1.339600067E+02 2.079800069E-01 5.055699944E-01 1.151200035E-03
 2.009000018E-04 4.696000178E-05 8.100500107E-01 -1.188800000E+04 9.614400391E+03 2.998399963E+02 5.844599915E+01 8.088399887E+00 1.391300049E+02 2.045699954E-01 5.057700276E-01 1.151500037E-03
 2.029500029E-04 4.647999958E-05 8.091099858E-01 -1.379200000E+04 1.542400000E+04 3.004400024E+02 5.754000092E+01 1.100199986E+01 1.518099976E+02 2.029200047E-01 5.062000155E-01 1.152900048E-03
 2.050000039E-04 4.600000102E-05 8.081200123E-01 -1.110900000E+04 1.820100000E+04 3.009100037E+02 5.717900085E+01 1.248499966E+01 1.536699982E+02 2.025099993E-01 5.063800216E-01 1.154299942E-03
 0.000000000E+00 6.983299681E-05 1.600700021E+00 -1.000600000E+05 -4.711200000E+04 3.000000000E+02 7.181099701E+01 4.427999973E+00 -4.217699814E+01 2.585799992E-01 1.011899948E+00 5.737299798E-04
 2.049999921E-06 7.034000009E-05 1.603099942E+00 -5.998900000E+04 -2.265400000E+04 2.994200134E+02 7.485299683E+01 5.368400097E+00 9.179599762E+01 2.649399936E-01 1.005499959E+00 5.773599842E-04
 4.099999842E-06 7.084700337E-05 1.603800058E+00 -1.246800000E+04 4.211399902E+03 2.986400146E+02 7.907800293E+01 7.053500175E+00 1.954799957E+02 2.757200003E-01 9.973700047E-01 5.816299818E-04
 6.149999990E-06 7.135300257E-05 1.602200031E+00 -1.259599976E+03 8.356599609E+03 2.982999878E+02 8.132099915E+01 8.440099716E+00 1.554799957E+02 2.840999961E-01 9.952700138E-01 5.822000094E-04
 8.199999684E-06 7.185999857E-05 1.599300027E+00 3.620500000E+03 7.477500000E+03 2.982099915E+02 8.353099823E+01 9.784099579E+00 1.631000061E+02 2.922900021E-01 9.931300282E-01 5.832600291E-04
 1.024999983E-05 7.236700185E-05 1.594699979E+00 1.874000000E+03 8.972399902E+02 2.981099854E+02 8.576599884E+01 1.109399986E+01 1.707500000E+02 3.005999923E-01 9.899500012E-01 5.849400186E-04
 1.229999998E-05 7.287300105E-05 1.591599941E+00 8.061299805E+03 2.089499969E+02 2.978299866E+02 8.809500122E+01 1.241600037E+01 1.481199951E+02 3.093799949E-01 9.871299863E-01 5.860800156E-04
 1.435000013E-05 7.337999705E-05 1.586400032E+00 1.101300000E+04 3.112900085E+02 2.975899963E+02 9.077400208E+01 1.393500042E+01 1.577100067E+02 3.194999993E-01 9.830999970E-01 5.879999953E-04
 1.639999937E-05 7.388700033E-05 1.580299973E+00 1.961900024E+03 -3.386399902E+03 2.973999939E+02 9.353700256E+01 1.547900009E+01 1.857500000E+02 3.299500048E-01 9.786599874E-01 5.902799894E-04
 1.845000043E-05 7.439299952E-05 1.575199962E+00 -6.132899857E+01 -3.474300049E+03 2.970400085E+02 9.629100037E+01 1.683499908E+01 1.771399994E+02 3.403899968E-01 9.743199944E-01 5.921900156E-04
 2.049999966E-05 7.490000280E-05 1.570400000E+00 5.392299805E+03 2.457800049E+03 2.965199890E+02 9.929000092E+01 1.794799995E+01 1.810099945E+02 3.516600132E-01 9.696900249E-01 5.939800176E-04
 2.255000072E-05 7.540699880E-05 1.563899994E+00 3.908800049E+03 7.431900024E+02 2.962200012E+02 1.026999969E+02 1.932900047E+01 1.888500061E+02 3.643999994E-01 9.646900296E-01 5.964600132E-04
 2.459999996E-05 7.591299800E-05 1.555999994E+00 -2.182199951E+03 -3.173199951E+03 2.958399963E+02 1.064800034E+02 2.081699944E+01 1.580099945E+02 3.785600066E-01 9.585599899E-01 5.995000247E-04
 2.664999920E-05 7.642000128E-05 1.547500014E+00 4.155000000E+03 2.371799927E+02 2.952300110E+02 1.103499985E+02 2.197100067E+01 1.823000031E+02 3.930099905E-01 9.513900280E-01 6.027800264E-04
 2.870000026E-05 7.692699728E-05 1.538400054E+00 2.350800049E+03 1.791800049E+03 2.945599976E+02 1.145000000E+02 2.334000015E+01 2.256399994E+02 4.086099863E-01 9.436399937E-01 6.063599722E-04
 3.075000132E-05 7.743299648E-05 1.528200030E+00 9.041799805E+03 -7.828000000E+03 2.937600098E+02 1.190999985E+02 2.494899940E+01 1.891199951E+02 4.261099994E-01 9.348000288E-01 6.104200147E-04
 3.279999873E-05 7.793999976E-05 1.516700029E+00 3.075400000E+04 -1.087100000E+04 2.929299927E+02 1.242200012E+02 2.652000046E+01 1.467299957E+02 4.454100132E-01 9.251999855E-01 6.150099798E-04
 3.484999979E-05 7.844700303E-05 1.502099991E+00 2.684200000E+04 -7.401799805E+03 2.920899963E+02 1.301399994E+02 2.824500084E+01 1.844600067E+02 4.676299989E-01 9.136599898E-01 6.210100255E-04
 3.690000085E-05 7.895300223E-05 1.483800054E+00 1.922500000E+04 -3.377500000E+03 2.911400146E+02 1.369600067E+02 2.999600029E+01 2.348999939E+02 4.931499958E-01 8.995599747E-01 6.287000142E-04
 3.894999827E-05 7.945999823E-05 1.463999987E+00 2.282400000E+04 -1.363300049E+03 2.899599915E+02 1.448099976E+02 3.181500053E+01 2.126000061E+02 5.225600004E-01 8.840199709E-01 6.371799973E-04
 4.099999933E-05 7.996700151E-05 1.440799952E+00 2.145200000E+04 1.092900000E+04 2.883699951E+02 1.536799927E+02 3.375199890E+01 1.458300018E+02 5.561100245E-01 8.651900291E-01 6.474899710E-04
 4.305000039E-05 8.047300071E-05 1.412500024E+00 3.439300000E+04 2.714600000E+04 2.862999878E+02 1.641399994E+02 3.566999817E+01 1.664900055E+02 5.958200097E-01 8.421300054E-01 6.604900118E-04
 4.510000144E-05 8.097999671E-05 1.376099944E+00 5.039100000E+04 8.626500000E+03 2.837099915E+02 1.768800049E+02 3.724900055E+01 2.140899963E+02 6.441500187E-01 8.130400181E-01 6.780200056E-04
 4.714999886E-05 8.148699999E-05 1.328699946E+00 6.682400000E+04 7.454500122E+02 2.803200073E+02 1.928200073E+02 3.809899902E+01 1.683699951E+02 7.046599984E-01 7.757300138E-01 7.023100043E-04
 4.919999992E-05 8.199299918E-05 1.263700008E+00 7.763000000E+04 -5.366600098E+03 2.756199951E+02 2.137599945E+02 3.676399994E+01 6.236100006E+01 7.844300270E-01 7.255100012E-01 7.388400263E-04
 5.125000098E-05 8.250000246E-05 1.164299965E+00 8.430600000E+04 -3.270700000E+04 2.684500122E+02 2.421600037E+02 2.918899918E+01 -2.349600067E+02 8.944500089E-01 6.514400244E-01 8.033600170E-04
 5.329999840E-05 8.204399637E-05 1.031499982E+00 9.819900000E+04 -6.096400000E+04 2.585799866E+02 2.758200073E+02 1.136699963E+01 -5.569600220E+02 1.032199979E+00 5.562800169E-01 9.088100051E-04
 5.534999946E-05 8.158799756E-05 8.923599720E-01 8.121100000E+04 -7.906300000E+04 2.475299988E+02 3.071199951E+02 -1.603000069E+01 -6.636799927E+02 1.175400019E+00 4.607900083E-01 1.051599975E-03
 5.740000051E-05 8.113199874E-05 7.696999907E-01 4.412000000E+04 -7.871300000E+04 2.370700073E+02 3.311199951E+02 -4.673799896E+01 -5.755900269E+02 1.305299997E+00 3.805899918E-01 1.218799967E-03
 5.945000157E-05 8.067599993E-05 6.738200188E-01 1.455200000E+04 -6.257300000E+04 2.283800049E+02 3.471900024E+02 -7.439800262E+01 -3.678500061E+02 1.411299944E+00 3.208099902E-01 1.390099991E-03
 6.150000263E-05 8.022000111E-05 6.058899760E-01 -1.430600000E+04 -3.773600000E+04 2.218000031E+02 3.572099915E+02 -9.538600159E+01 -1.664499969E+02 1.490499973E+00 2.800300121E-01 1.543399994E-03
 6.354999641E-05 7.976400229E-05 5.592499971E-01 -2.924700000E+04 -9.762900391E+03 2.169499969E+02 3.638800049E+02 -1.090299988E+02 -2.731500053E+01 1.547999978E+00 2.527500093E-01 1.670400030E-03
 6.559999747E-05 7.930800348E-05 5.265399814E-01 -4.952500000E+04 1.200400000E+04 2.135099945E+02 3.691900024E+02 -1.165899963E+02 7.588899994E+01 1.590199947E+00 2.341500074E-01 1.772899996E-03
 6.764999853E-05 7.885199739E-05 5.037000179E-01 -6.519300000E+04 2.943300000E+04 2.108699951E+02 3.739700012E+02 -1.198399963E+02 1.486699982E+02 1.623000026E+00 2.212100029E-01 1.852600020E-03
 6.969999959E-05 7.839599857E-05 4.873799980E-01 -5.651000000E+04 4.544500000E+04 2.086600037E+02 3.783399963E+02 -1.202500000E+02 1.948300018E+02 1.649399996E+00 2.117899954E-01 1.914300025E-03
 7.175000064E-05 7.793999976E-05 4.730600119E-01 -5.760400000E+04 4.973100000E+04 2.068600006E+02 3.828699951E+02 -1.186699982E+02 2.238099976E+02 1.672600031E+00 2.037899941E-01 1.972300000E-03
 7.380000170E-05 7.748400094E-05 4.593299925E-01 -6.798100000E+04 4.574700000E+04 2.050800018E+02 3.877300110E+02 -1.164300003E+02 2.182700043E+02 1.696599960E+00 1.961700022E-01 2.031200100E-03
 7.585000276E-05 7.702800212E-05 4.473400116E-01 -7.126100000E+04 4.759300000E+04 2.033200073E+02 3.920899963E+02 -1.140000000E+02 2.246799927E+02 1.718600035E+00 1.894100010E-01 2.085499931E-03
 7.789999654E-05 7.657200331E-05 4.353899956E-01 -7.224300000E+04 5.183200000E+04 2.014400024E+02 3.965400085E+02 -1.114499969E+02 2.220099945E+02 1.741799951E+00 1.826499999E-01 2.142899903E-03
 7.994999760E-05 7.611599722E-05 4.225800037E-01 -7.824600000E+04 5.242200000E+04 1.995099945E+02 4.013999939E+02 -1.089499969E+02 2.111199951E+02 1.767199993E+00 1.755799949E-01 2.207899932E-03
 8.199999866E-05 7.565999840E-05 4.100199938E-01 -8.090000000E+04 5.021400000E+04 1.977500000E+02 4.059299927E+02 -1.066299973E+02 2.112700043E+02 1.791200042E+00 1.688600034E-01 2.275499981E-03
 8.404999971E-05 7.520399959E-05 3.977999985E-01 -8.199000000E+04 4.597400000E+04 1.958000031E+02 4.102900085E+02 -1.046699982E+02 2.144499969E+02 1.816100001E+00 1.622100025E-01 2.345399931E-03
 8.610000077E-05 7.474800077E-05 3.853600025E-01 -8.424200000E+04 4.452800000E+04 1.937299957E+02 4.149400024E+02 -1.029499969E+02 2.006199951E+02 1.843400002E+00 1.554699987E-01 2.421299927E-03
 8.815000183E-05 7.429200195E-05 3.736400008E-01 -8.658300000E+04 4.633200000E+04 1.917899933E+02 4.192000122E+02 -1.013300018E+02 1.887400055E+02 1.868999958E+00 1.492400020E-01 2.496999921E-03
 9.020000289E-05 7.383600314E-05 3.623700142E-01 -9.509000000E+04 4.619200000E+04 1.900000000E+02 4.229800110E+02 -9.968000031E+01 1.850899963E+02 1.892099977E+00 1.433800012E-01 2.574800048E-03
 9.224999667E-05 7.337999705E-05 3.506900072E-01 -9.987700000E+04 3.961000000E+04 1.880599976E+02 4.269200134E+02 -9.832800293E+01 1.738200073E+02 1.917299986E+00 1.373499930E-01 2.660600003E-03
 9.429999773E-05 7.292399823E-05 3.394699991E-01 -9.830100000E+04 3.904100000E+04 1.861799927E+02 4.308099976E+02 -9.729799652E+01 1.760500031E+02 1.942600012E+00 1.316200048E-01 2.748500090E-03
 9.634999878E-05 7.246799942E-05 3.287500143E-01 -1.058000000E+05 4.085800000E+04 1.845200043E+02 4.344100037E+02 -9.656199646E+01 1.734900055E+02 1.966099977E+00 1.263300031E-01 2.838199958E-03
 9.839999984E-05 7.201200060E-05 3.186599910E-01 -1.187100000E+05 4.143100000E+04 1.830099945E+02 4.375100098E+02 -9.598899841E+01 1.765099945E+02 1.987100005E+00 1.214499995E-01 2.927900059E-03
 1.004500009E-04 7.155600179E-05 3.092100024E-01 -1.329100000E+05 4.450800000E+04 1.815700073E+02 4.405700073E+02 -9.499400330E+01 1.843399963E+02 2.007400036E+00 1.169200018E-01 3.017399926E-03
 1.025000020E-04 7.110000297E-05 3.000699878E-01 -1.426800000E+05 4.458400000E+04 1.800000000E+02 4.434899902E+02 -9.435099792E+01 1.804400024E+02 2.028300047E+00 1.124799997E-01 3.109300043E-03
 1.045500030E-04 7.064399688E-05 2.913900018E-01 -1.566900000E+05 4.591700000E+04 1.786199951E+02 4.460100098E+02 -9.389099884E+01 1.778000031E+02 2.046700001E+00 1.083900034E-01 3.201900050E-03
 1.065999968E-04 7.018799806E-05 2.829799950E-01 -1.756700000E+05 5.233000000E+04 1.773500061E+02 4.484700012E+02 -9.349099731E+01 1.843500061E+02 2.064599991E+00 1.045100018E-01 3.297100076E-03
 1.086499979E-04 6.973199925E-05 2.746999860E-01 -1.887700000E+05 5.539700000E+04 1.760200043E+02 4.510100098E+02 -9.327600098E+01 1.969100037E+02 2.083400011E+00 1.006999984E-01 3.396400018E-03
 1.106999989E-04 6.927600043E-05 2.672500014E-01 -2.115100000E+05 5.934000000E+04 1.750299988E+02 4.530100098E+02 -9.297599792E+01 2.046900024E+02 2.097800016E+00 9.741099924E-02 3.490899922E-03
 1.127500000E-04 6.882000162E-05 2.619000077E-01 -2.763300000E+05 7.463500000E+04 1.756000061E+02 4.520499878E+02 -9.175299835E+01 2.443200073E+02 2.089200020E+00 9.576400369E-02 3.561899997E-03
 1.148000010E-04 6.836400280E-05 2.703900039E-01 -6.139300000E+05 1.685000000E+05 1.870599976E+02 4.300000000E+02 -8.390299988E+01 5.656099854E+02 1.927700043E+00 1.055700034E-01 3.455699887E-03
 1.168500021E-04 6.790799671E-05 3.351800144E-01 -1.046800000E+06 2.834100000E+05 2.223600006E+02 3.513999939E+02 -6.071500015E+01 1.245300049E+03 1.456200004E+00 1.580699980E-01 2.860399894E-03
 1.189000031E-04 6.745199789E-05 4.880000055E-01 -7.673900000E+05 2.027900000E+05 2.619100037E+02 2.436100006E+02 -3.231399918E+01 1.307000000E+03 9.181900024E-01 2.692599893E-01 1.994699938E-03
 1.209499969E-04 6.699599908E-05 6.488500237E-01 -2.034500000E+05 5.315000000E+04 2.815400085E+02 1.760099945E+02 -1.772400093E+01 6.172600098E+02 6.334000230E-01 3.810400069E-01 1.451499993E-03
 1.230000053E-04 6.654000026E-05 7.273300290E-01 -4.772700000E+04 6.903899902E+03 2.876499939E+02 1.531100006E+02 -1.560799980E+01 1.745399933E+02 5.446500182E-01 4.357100129E-01 1.283099991E-03
 1.250500063E-04 6.608400145E-05 7.474499941E-01 -2.746400000E+04 3.722100098E+03 2.892799988E+02 1.457100067E+02 -1.705500031E+01 8.861000061E+01 5.176900029E-01 4.502499998E-01 1.247999957E-03
 1.270999928E-04 6.562800263E-05 7.532600164E-01 -2.273400000E+04 4.002399902E+03 2.898800049E+02 1.412200012E+02 -1.856599998E+01 9.970800018E+01 5.020899773E-01 4.546999931E-01 1.238400000E-03
 1.291499939E-04 6.517199654E-05 7.576500177E-01 -2.329300000E+04 6.016799805E+03 2.905100098E+02 1.372700043E+02 -1.958699989E+01 1.010199966E+02 4.882499874E-01 4.583399892E-01 1.231199945E-03
 1.311999949E-04 6.471599772E-05 7.621600032E-01 -2.182700000E+04 1.484600000E+04 2.912000122E+02 1.334400024E+02 -2.008300018E+01 1.102600021E+02 4.746100008E-01 4.621599913E-01 1.223900006E-03
 1.332499960E-04 6.425999891E-05 7.654899955E-01 -2.045300000E+04 1.710800000E+04 2.918200073E+02 1.299100037E+02 -2.027700043E+01 1.283600006E+02 4.619300067E-01 4.651800096E-01 1.218599966E-03
 1.352999971E-04 6.380400009E-05 7.680100203E-01 -1.912000000E+04 1.402900000E+04 2.923200073E+02 1.265800018E+02 -2.029000092E+01 1.268399963E+02 4.499999881E-01 4.675100148E-01 1.214600052E-03
 1.373499981E-04 6.334800128E-05 7.706500292E-01 -1.500400000E+04 9.424700195E+03 2.927300110E+02 1.233300018E+02 -2.026799965E+01 1.244100037E+02 4.384100139E-01 4.697799981E-01 1.210400020E-03
 1.393999992E-04 6.289200246E-05 7.738000154E-01 -8.965900391E+03 5.843100098E+03 2.931400146E+02 1.202799988E+02 -1.998399925E+01 1.424600067E+02 4.273799956E-01 4.723500013E-01 1.205499982E-03
 1.414500002E-04 6.243599637E-05 7.762299776E-01 -8.305299805E+03 2.676899902E+03 2.935899963E+02 1.174800034E+02 -1.957999992E+01 1.266600037E+02 4.171800017E-01 4.745599926E-01 1.201699954E-03
 1.435000013E-04 6.197999755E-05 7.788199782E-01 -2.991899902E+03 3.015199951E+03 2.939200134E+02 1.145899963E+02 -1.923999977E+01 1.042500000E+02 4.067600071E-01 4.766800106E-01 1.197700039E-03
 1.455500023E-04 6.152399874E-05 7.816299796E-01 2.050600098E+03 3.558699951E+03 2.941400146E+02 1.119300003E+02 -1.854700089E+01 1.245899963E+02 3.970200121E-01 4.787600040E-01 1.193400007E-03
 1.476000034E-04 6.106799992E-05 7.835199833E-01 -1.332400024E+03 9.345299805E+03 2.944800110E+02 1.097300034E+02 -1.787800026E+01 1.342899933E+02 3.888100088E-01 4.804799855E-01 1.190499985E-03
 1.496500045E-04 6.061200111E-05 7.855799794E-01 -5.068899902E+03 6.236000000E+03 2.947999878E+02 1.074199982E+02 -1.756999969E+01 1.142600021E+02 3.804900050E-01 4.822599888E-01 1.187399961E-03
 1.517000055E-04 6.015599865E-05 7.878699899E-01 -1.240200000E+04 2.343000000E+03 2.950899963E+02 1.049899979E+02 -1.723399925E+01 1.146100006E+02 3.716999888E-01 4.841299951E-01 1.184000052E-03
 1.537500066E-04 5.969999984E-05 7.892199755E-01 -1.432300000E+04 7.913500000E+03 2.954400024E+02 1.026699982E+02 -1.681699944E+01 1.328600006E+02 3.632700145E-01 4.855400026E-01 1.181900036E-03
 1.557999931E-04 5.924400102E-05 7.909299731E-01 -3.651699951E+03 4.609899902E+03 2.956000061E+02 1.005699997E+02 -1.624900055E+01 1.211699982E+02 3.556199968E-01 4.868699908E-01 1.179400017E-03
 1.578499941E-04 5.878799857E-05 7.930300236E-01 -2.894500000E+03 5.890500000E+03 2.957900085E+02 9.861299896E+01 -1.553899956E+01 1.123700027E+02 3.483600020E-01 4.884600043E-01 1.176299993E-03
 1.598999952E-04 5.833199975E-05 7.947000265E-01 -9.779700195E+03 1.445600000E+04 2.960700073E+02 9.663500214E+01 -1.482299995E+01 1.192099991E+02 3.409999907E-01 4.899600148E-01 1.173799974E-03
 1.619499963E-04 5.787600094E-05 7.964100242E-01 -4.876500000E+03 1.159100000E+04 2.962399902E+02 9.465000153E+01 -1.406599998E+01 1.144400024E+02 3.336699903E-01 4.912900031E-01 1.171299955E-03
 1.639999973E-04 5.741999848E-05 7.973999977E-01 -1.530900024E+03 9.634700195E+03 2.962999878E+02 9.283300018E+01 -1.334799957E+01 1.092600021E+02 3.269999921E-01 4.920000136E-01 1.169799943E-03
 1.660499984E-04 5.696399967E-05 7.989599705E-01 6.751500000E+03 8.663099609E+03 2.963500061E+02 9.103500366E+01 -1.277200031E+01 1.179800034E+02 3.204799891E-01 4.930500090E-01 1.167500042E-03
 1.680999994E-04 5.650800085E-05 8.005599976E-01 2.599600098E+03 1.087600000E+04 2.965799866E+02 8.935900116E+01 -1.228299999E+01 1.112799988E+02 3.143399954E-01 4.944300056E-01 1.165200025E-03
 1.701500005E-04 5.605199840E-05 8.012499809E-01 -8.767900391E+03 8.807900391E+03 2.968999939E+02 8.773200226E+01 -1.157999992E+01 9.215499878E+01 3.082300127E-01 4.953800142E-01 1.164200017E-03
 1.722000015E-04 5.559599958E-05 8.025900126E-01 -4.581000000E+03 3.367300049E+03 2.969400024E+02 8.583399963E+01 -1.065200043E+01 9.966699982E+01 3.012399971E-01 4.962700009E-01 1.162200002E-03
 1.742500026E-04 5.514000077E-05 8.041899800E-01 -2.904000000E+03 6.828500000E+03 2.969599915E+02 8.381999969E+01 -9.626999855E+00 1.107099991E+02 2.938399911E-01 4.972999990E-01 1.159899984E-03
 1.763000037E-04 5.468399831E-05 8.048599958E-01 8.714400024E+02 4.482399902E+03 2.974400024E+02 8.198100281E+01 -8.748399734E+00 1.042099991E+02 2.869099975E-01 4.985199869E-01 1.158999978E-03
 1.783500047E-04 5.422799950E-05 8.052300215E-01 -7.379299927E+02 2.434800049E+03 2.977399902E+02 8.036100006E+01 -7.790400028E+00 1.052699966E+02 2.808299959E-01 4.992400110E-01 1.158399973E-03
 1.804000058E-04 5.377200068E-05 8.060500026E-01 -6.087100098E+03 1.637699951E+03 2.977699890E+02 7.880999756E+01 -6.738100052E+00 1.093399963E+02 2.750999928E-01 4.998100102E-01 1.157299965E-03
 1.824500068E-04 5.331599823E-05 8.067200184E-01 -6.822600098E+03 5.398100098E+03 2.979700012E+02 7.727799988E+01 -5.793600082E+00 1.162600021E+02 2.694300115E-01 5.005699992E-01 1.156299957E-03
 1.844999933E-04 5.285999941E-05 8.065999746E-01 -5.845899902E+03 7.373600098E+03 2.982099915E+02 7.574400330E+01 -4.770999908E+00 1.089899979E+02 2.637600005E-01 5.008999705E-01 1.156499959E-03
 1.865499944E-04 5.240400060E-05 8.069000244E-01 -7.024500000E+03 1.637400024E+03 2.983200073E+02 7.421800232E+01 -3.632900000E+00 1.069300003E+02 2.581999898E-01 5.012699962E-01 1.155999955E-03
 1.885999955E-04 5.194800178E-05 8.082900047E-01 -6.959000000E+03 5.178100098E+03 2.983599854E+02 7.280599976E+01 -2.273099899E+00 1.174400024E+02 2.531000078E-01 5.021899939E-01 1.154000056E-03
 1.906499965E-04 5.149199933E-05 8.094599843E-01 -1.825400024E+03 1.196400000E+04 2.985299988E+02 7.137100220E+01 -8.787299991E-01 1.113799973E+02 2.479400039E-01 5.031999946E-01 1.152400044E-03
 1.926999976E-04 5.103600051E-05 8.099399805E-01 -8.795300293E+02 6.629000000E+03 2.986900024E+02 6.975000000E+01 5.913400054E-01 1.144800034E+02 2.422399968E-01 5.037699938E-01 1.151700038E-03
 1.947499986E-04 5.058000170E-05 8.104599714E-01 -2.274100098E+03 8.956900391E+03 2.987799988E+02 6.809799957E+01 2.173300028E+00 1.181600037E+02 2.365700006E-01 5.042600036E-01 1.150900032E-03
 1.967999997E-04 5.012399924E-05 8.107600212E-01 -4.049500000E+03 7.260799805E+03 2.990299988E+02 6.663600159E+01 4.101699829E+00 1.194100037E+02 2.317399979E-01 5.048599839E-01 1.150500029E-03
 1.988500007E-04 4.966800043E-05 8.103600144E-01 -6.680500000E+03 1.831099976E+03 2.991900024E+02 6.530799866E+01 6.085000038E+00 1.278600006E+02 2.275999933E-01 5.048699975E-01 1.151100034E-03
 2.009000018E-04 4.921200161E-05 8.096100092E-01 -6.191500000E+03 5.513299805E+03 2.992799988E+02 6.406099701E+01 8.070799828E+00 1.431199951E+02 2.240400016E-01 5.045499802E-01 1.152200042E-03
 2.029500029E-04 4.875599916E-05 8.084599972E-01 -3.765899902E+03 9.583299805E+03 2.997799988E+02 6.311700058E+01 1.072700024E+01 1.532700043E+02 2.219900042E-01 5.046899915E-01 1.153800054E-03
 2.050000039E-04 4.830000034E-05 8.078200221E-01 -2.239000000E+03 1.388500000E+04 3.001499939E+02 6.273400116E+01 1.221199989E+01 1.508399963E+02 2.214100063E-01 5.049099922E-01 1.154699945E-03
 0.000000000E+00 7.100000221E-05 1.600700021E+00 -1.059400000E+05 -6.522300000E+04 3.000000000E+02 7.883899689E+01 4.845300198E+00 -6.127799988E+01 2.822099924E-01 1.010800004E+00 5.742699723E-04
 2.049999921E-06 7.147999713E-05 1.602499962E+00 -6.328400000E+04 -2.772400000E+04 2.994100037E+02 8.123400116E+01 5.731100082E+00 6.839700317E+01 2.867299914E-01 1.004500031E+00 5.778699997E-04
 4.099999842E-06 7.195999933E-05 1.602499962E+00 -1.826500000E+04 9.553500000E+03 2.986700134E+02 8.455300140E+01 7.347799778E+00 1.906300049E+02 2.947399914E-01 9.966800213E-01 5.820699735E-04
 6.149999990E-06 7.244000153E-05 1.599799991E+00 -1.064300000E+04 9.751099609E+03 2.984299927E+02 8.624900055E+01 8.671099663E+00 1.747599945E+02 3.011400104E-01 9.941700101E-01 5.830799928E-04
 8.199999684E-06 7.291999646E-05 1.596500039E+00 -2.183699951E+03 7.967299805E+03 2.983399963E+02 8.801499939E+01 9.890099525E+00 1.582400055E+02 3.077400029E-01 9.918400049E-01 5.842900136E-04
 1.024999983E-05 7.339999866E-05 1.592700005E+00 -2.679899902E+03 4.376200195E+03 2.981799927E+02 8.992400360E+01 1.112600040E+01 1.425099945E+02 3.149200082E-01 9.889400005E-01 5.856700009E-04
 1.229999998E-05 7.388000085E-05 1.589900017E+00 2.174699951E+03 7.049100098E+03 2.978200073E+02 9.182499695E+01 1.231000042E+01 1.204000015E+02 3.221899867E-01 9.860600233E-01 5.866899737E-04
 1.435000013E-05 7.436000305E-05 1.585100055E+00 5.871100098E+03 4.682500000E+02 2.975799866E+02 9.412999725E+01 1.364299965E+01 1.304799957E+02 3.309000134E-01 9.822499752E-01 5.884899874E-04
 1.639999937E-05 7.483999798E-05 1.579900026E+00 4.592799805E+03 -4.168399902E+03 2.973200073E+02 9.669000244E+01 1.516100025E+01 1.481600037E+02 3.406499922E-01 9.782000184E-01 5.904000136E-04
 1.845000043E-05 7.532000018E-05 1.574900031E+00 4.752299805E+03 3.010699951E+03 2.969400024E+02 9.940399933E+01 1.645700073E+01 1.296199951E+02 3.509100080E-01 9.738199711E-01 5.923099816E-04
 2.049999966E-05 7.580000238E-05 1.568500042E+00 8.907900391E+03 4.121500000E+03 2.966300049E+02 1.023000031E+02 1.748699951E+01 1.490800018E+02 3.616299927E-01 9.688500166E-01 5.947099999E-04
 2.255000072E-05 7.627999730E-05 1.562100053E+00 1.821300000E+04 -5.560000000E+02 2.962000122E+02 1.053600006E+02 1.869099998E+01 1.696900024E+02 3.731400073E-01 9.635000229E-01 5.971500068E-04
 2.459999996E-05 7.675999950E-05 1.554700017E+00 8.411799805E+03 4.399899902E+03 2.956900024E+02 1.089300003E+02 2.006500053E+01 1.481600037E+02 3.865599930E-01 9.573400021E-01 5.999699933E-04
 2.664999920E-05 7.724000170E-05 1.546499968E+00 1.219000000E+04 9.346500000E+03 2.952000122E+02 1.128600006E+02 2.121199989E+01 1.639799957E+02 4.011400044E-01 9.506400228E-01 6.031899829E-04
 2.870000026E-05 7.771999663E-05 1.536900043E+00 1.264200000E+04 6.541200195E+03 2.945599976E+02 1.170000000E+02 2.254000092E+01 1.983999939E+02 4.166699946E-01 9.427300096E-01 6.069299998E-04
 3.075000132E-05 7.819999882E-05 1.525500059E+00 1.186500000E+04 -7.491200195E+03 2.937699890E+02 1.215500031E+02 2.409199905E+01 1.755700073E+02 4.338900149E-01 9.332299829E-01 6.114700227E-04
 3.279999873E-05 7.868000102E-05 1.514000058E+00 3.086900000E+04 -7.657000000E+03 2.929400024E+02 1.264700012E+02 2.549600029E+01 1.219700012E+02 4.524100125E-01 9.235299826E-01 6.161400233E-04
 3.484999979E-05 7.916000322E-05 1.500699997E+00 3.044100000E+04 5.969799805E+03 2.920299988E+02 1.321600037E+02 2.703100014E+01 1.348399963E+02 4.737400115E-01 9.126099944E-01 6.216000183E-04
 3.690000085E-05 7.963999815E-05 1.483100057E+00 2.083200000E+04 7.277399902E+03 2.909599915E+02 1.388999939E+02 2.861000061E+01 2.113600006E+02 4.989799857E-01 8.986399770E-01 6.289600278E-04
 3.894999827E-05 8.012000035E-05 1.462700009E+00 1.531600000E+04 5.122200195E+03 2.897300110E+02 1.465399933E+02 3.026499939E+01 2.129700012E+02 5.275999904E-01 8.825200200E-01 6.377400132E-04
 4.099999933E-05 8.060000255E-05 1.439000010E+00 1.805700000E+04 1.245900000E+04 2.881499939E+02 1.553099976E+02 3.204800034E+01 1.477700043E+02 5.606799722E-01 8.635200262E-01 6.482600002E-04
 4.305000039E-05 8.107999747E-05 1.410300016E+00 3.824200000E+04 2.316700000E+04 2.861000061E+02 1.657299957E+02 3.373199844E+01 1.702200012E+02 6.001200080E-01 8.402600288E-01 6.614999729E-04
 4.510000144E-05 8.155999967E-05 1.374600053E+00 4.625200000E+04 8.828099609E+03 2.835899963E+02 1.783899994E+02 3.511700058E+01 1.881000061E+02 6.480200291E-01 8.117899895E-01 6.787599996E-04
 4.714999886E-05 8.204000187E-05 1.328199983E+00 5.389600000E+04 5.672899902E+03 2.802600098E+02 1.940700073E+02 3.570000076E+01 1.418800049E+02 7.075399756E-01 7.752299905E-01 7.026100066E-04
 4.919999992E-05 8.251999679E-05 1.264899969E+00 7.065600000E+04 2.056799927E+02 2.756300049E+02 2.141399994E+02 3.413899994E+01 4.351900101E+01 7.841799855E-01 7.262300253E-01 7.380599855E-04
 5.125000098E-05 8.299999899E-05 1.172700047E+00 8.837200000E+04 -2.464300000E+04 2.688599854E+02 2.406399994E+02 2.735700035E+01 -2.105399933E+02 8.872699738E-01 6.570199728E-01 7.972699823E-04
 5.329999840E-05 8.256800356E-05 1.050699949E+00 1.007800000E+05 -5.427900000E+04 2.597300110E+02 2.718999939E+02 1.195400047E+01 -4.811099854E+02 1.014999986E+00 5.689600110E-01 8.914599894E-04
 5.534999946E-05 8.213600086E-05 9.194099903E-01 8.644600000E+04 -7.455200000E+04 2.495000000E+02 3.019400024E+02 -1.200800037E+01 -6.102800293E+02 1.149999976E+00 4.784100056E-01 1.019899966E-03
 5.740000051E-05 8.170399815E-05 8.002099991E-01 5.834300000E+04 -7.848100000E+04 2.394600067E+02 3.263099976E+02 -3.969499969E+01 -5.603499756E+02 1.276499987E+00 3.996100128E-01 1.171499956E-03
 5.945000157E-05 8.127200272E-05 7.042499781E-01 2.709800000E+04 -7.282200000E+04 2.307200012E+02 3.436400146E+02 -6.588999939E+01 -3.936300049E+02 1.383700013E+00 3.387300074E-01 1.329799998E-03
 6.150000263E-05 8.084000001E-05 6.320000291E-01 -3.497800064E+01 -4.991700000E+04 2.237200012E+02 3.553900146E+02 -8.697000122E+01 -2.219700012E+02 1.468700051E+00 2.946499884E-01 1.479999977E-03
 6.354999641E-05 8.040799730E-05 5.789800286E-01 -2.032300000E+04 -2.355700000E+04 2.182100067E+02 3.637399902E+02 -1.017200012E+02 -8.056300354E+01 1.534800053E+00 2.632099986E-01 1.614099951E-03
 6.559999747E-05 7.997600187E-05 5.401700139E-01 -4.262300000E+04 -1.827500000E+03 2.140800018E+02 3.702600098E+02 -1.110400009E+02 2.865699959E+01 1.585700035E+00 2.408799976E-01 1.728800009E-03
 6.764999853E-05 7.954399916E-05 5.123599768E-01 -5.182500000E+04 1.688100000E+04 2.107799988E+02 3.757699890E+02 -1.159400024E+02 1.143600006E+02 1.625699997E+00 2.249300033E-01 1.821700018E-03
 6.969999959E-05 7.911199646E-05 4.913400114E-01 -4.975100000E+04 3.443800000E+04 2.081600037E+02 3.807600098E+02 -1.175199966E+02 1.783699951E+02 1.657600045E+00 2.129999995E-01 1.899300027E-03
 7.175000064E-05 7.868000102E-05 4.741100073E-01 -5.849000000E+04 4.645300000E+04 2.061000061E+02 3.857699890E+02 -1.166299973E+02 2.117799988E+02 1.684800029E+00 2.034900039E-01 1.968000084E-03
 7.380000170E-05 7.824799832E-05 4.599500000E-01 -6.526300000E+04 4.604400000E+04 2.040500031E+02 3.905899963E+02 -1.146600037E+02 2.155099945E+02 1.710299969E+00 1.954499930E-01 2.028499963E-03
 7.585000276E-05 7.781600289E-05 4.474200010E-01 -6.856200000E+04 4.600000000E+04 2.021999969E+02 3.949400024E+02 -1.121600037E+02 2.149100037E+02 1.732800007E+00 1.884000003E-01 2.085200045E-03
 7.789999654E-05 7.738400018E-05 4.347200096E-01 -7.448400000E+04 5.012700000E+04 2.003399963E+02 3.993999939E+02 -1.093700027E+02 2.134799957E+02 1.755900025E+00 1.813700050E-01 2.146299928E-03
 7.994999760E-05 7.695199747E-05 4.215700030E-01 -8.218300000E+04 5.130800000E+04 1.984499969E+02 4.043099976E+02 -1.066200027E+02 2.234299927E+02 1.781399965E+00 1.742199957E-01 2.213200089E-03
 8.199999866E-05 7.652000204E-05 4.090999961E-01 -8.148800000E+04 4.570400000E+04 1.966900024E+02 4.089700012E+02 -1.040299988E+02 2.193600006E+02 1.805899978E+00 1.675699949E-01 2.280599903E-03
 8.404999971E-05 7.608799933E-05 3.967100084E-01 -7.848800000E+04 4.362600000E+04 1.948099976E+02 4.133200073E+02 -1.017799988E+02 2.163600006E+02 1.830299973E+00 1.609500051E-01 2.351900097E-03
 8.610000077E-05 7.565599662E-05 3.842000067E-01 -8.246700000E+04 4.687300000E+04 1.928200073E+02 4.178500061E+02 -9.983100128E+01 2.023800049E+02 1.856799960E+00 1.542800069E-01 2.428499982E-03
 8.815000183E-05 7.522400119E-05 3.723799884E-01 -9.029000000E+04 4.676700000E+04 1.908300018E+02 4.221199951E+02 -9.793099976E+01 1.789900055E+02 1.882599950E+00 1.479900032E-01 2.505500102E-03
 9.020000289E-05 7.479199849E-05 3.611299992E-01 -9.699400000E+04 4.518400000E+04 1.890099945E+02 4.259599915E+02 -9.590499878E+01 1.713200073E+02 1.906000018E+00 1.421499997E-01 2.583600115E-03
 9.224999667E-05 7.436000305E-05 3.499000072E-01 -9.943000000E+04 3.884200000E+04 1.871399994E+02 4.300000000E+02 -9.428900146E+01 1.607899933E+02 1.931300044E+00 1.363700032E-01 2.666600049E-03
 9.429999773E-05 7.392800035E-05 3.391500115E-01 -9.823100000E+04 3.626800000E+04 1.853399963E+02 4.337999878E+02 -9.299199677E+01 1.664600067E+02 1.955800056E+00 1.308999956E-01 2.751100110E-03
 9.634999878E-05 7.349599764E-05 3.288500011E-01 -1.039600000E+05 3.634700000E+04 1.837500000E+02 4.371700134E+02 -9.191799927E+01 1.729499969E+02 1.977900028E+00 1.258399934E-01 2.837300068E-03
 9.839999984E-05 7.306400221E-05 3.186399937E-01 -1.180100000E+05 3.591300000E+04 1.821999969E+02 4.403699951E+02 -9.124299622E+01 1.680599976E+02 1.999500036E+00 1.208999977E-01 2.928199945E-03
 1.004500009E-04 7.263199950E-05 3.091399968E-01 -1.342100000E+05 4.176800000E+04 1.807500000E+02 4.433399963E+02 -9.027799988E+01 1.731600037E+02 2.019700050E+00 1.163600013E-01 3.018100047E-03
 1.025000020E-04 7.219999679E-05 3.002299964E-01 -1.488300000E+05 4.387000000E+04 1.791999969E+02 4.461900024E+02 -8.940200043E+01 1.793200073E+02 2.040199995E+00 1.120399982E-01 3.107599914E-03
 1.045500030E-04 7.176800136E-05 2.915700078E-01 -1.623400000E+05 4.350800000E+04 1.777200012E+02 4.490700073E+02 -8.878900146E+01 1.742899933E+02 2.060800076E+00 1.079099998E-01 3.199900035E-03
 1.065999968E-04 7.133599865E-05 2.832700014E-01 -1.734100000E+05 4.737300000E+04 1.764199982E+02 4.517399902E+02 -8.819100189E+01 1.741199951E+02 2.079699993E+00 1.040700004E-01 3.293700051E-03
 1.086499979E-04 7.090400322E-05 2.752099931E-01 -1.854900000E+05 5.090900000E+04 1.752899933E+02 4.540700073E+02 -8.778299713E+01 1.871699982E+02 2.096400023E+00 1.004600003E-01 3.390100086E-03
 1.106999989E-04 7.047200052E-05 2.674100101E-01 -2.087900000E+05 5.427900000E+04 1.744299927E+02 4.560299988E+02 -8.741300201E+01 1.928600006E+02 2.109999895E+00 9.713699669E-02 3.489000024E-03
 1.127500000E-04 7.003999781E-05 2.611500025E-01 -2.608000000E+05 6.374400000E+04 1.745200043E+02 4.559500122E+02 -8.651799774E+01 2.160800018E+02 2.108299971E+00 9.490200132E-02 3.572300076E-03
 1.148000010E-04 6.960800238E-05 2.654600143E-01 -5.429300000E+05 1.387300000E+05 1.830399933E+02 4.395899963E+02 -8.095200348E+01 4.510799866E+02 1.985999942E+00 1.013099998E-01 3.516400000E-03
 1.168500021E-04 6.917599967E-05 3.175599873E-01 -1.043700000E+06 2.619000000E+05 2.151900024E+02 3.698200073E+02 -6.159299850E+01 1.091599976E+03 1.554600000E+00 1.446399987E-01 3.000200028E-03
 1.189000031E-04 6.874399696E-05 4.602699876E-01 -8.770500000E+05 2.132500000E+05 2.567500000E+02 2.601799927E+02 -3.417100143E+01 1.299900024E+03 9.922900200E-01 2.496999949E-01 2.123699989E-03
 1.209499969E-04 6.831200153E-05 6.304200292E-01 -2.727000000E+05 6.184000000E+04 2.800199890E+02 1.831799927E+02 -1.767399979E+01 6.775399780E+02 6.609899998E-01 3.685100079E-01 1.500300015E-03
 1.230000053E-04 6.787999882E-05 7.237200141E-01 -6.332100000E+04 9.154200195E+03 2.873099976E+02 1.559900055E+02 -1.438700008E+01 1.703500061E+02 5.547099710E-01 4.330500066E-01 1.290000044E-03
 1.250500063E-04 6.744800339E-05 7.489100099E-01 -3.422400000E+04 3.856500000E+03 2.891400146E+02 1.482299957E+02 -1.561499977E+01 4.784799957E+01 5.260999799E-01 4.509199858E-01 1.245600055E-03
 1.270999928E-04 6.701600068E-05 7.550100088E-01 -2.706400000E+04 3.429500000E+03 2.897999878E+02 1.442299957E+02 -1.722200012E+01 5.266500092E+01 5.121099949E-01 4.556300044E-01 1.235499978E-03
 1.291499939E-04 6.658399798E-05 7.588700056E-01 -2.361200000E+04 1.031400000E+04 2.904400024E+02 1.407299957E+02 -1.840699959E+01 6.864800262E+01 4.998100102E-01 4.589700103E-01 1.229200047E-03
 1.311999949E-04 6.615200255E-05 7.634500265E-01 -1.980900000E+04 1.398800000E+04 2.910400085E+02 1.372200012E+02 -1.892399979E+01 8.546299744E+01 4.872899950E-01 4.627000093E-01 1.221799990E-03
 1.332499960E-04 6.571999984E-05 7.666100264E-01 -1.136700000E+04 1.184000000E+04 2.915799866E+02 1.338099976E+02 -1.900900078E+01 1.178799973E+02 4.750100076E-01 4.654699862E-01 1.216799952E-03
 1.352999971E-04 6.528799713E-05 7.687199712E-01 -1.293600000E+04 6.981700195E+03 2.919500122E+02 1.305099945E+02 -1.902199936E+01 1.279400024E+02 4.632599950E-01 4.673500061E-01 1.213400043E-03
 1.373499981E-04 6.485600170E-05 7.714300156E-01 -1.253200000E+04 5.244000000E+03 2.923900146E+02 1.272200012E+02 -1.908900070E+01 1.224000015E+02 4.515199959E-01 4.697000086E-01 1.209200011E-03
 1.393999992E-04 6.442399899E-05 7.743600011E-01 -1.330200000E+04 1.049500000E+04 2.929400024E+02 1.241800003E+02 -1.899699974E+01 1.244499969E+02 4.404999912E-01 4.723599851E-01 1.204599976E-03
 1.414500002E-04 6.399200356E-05 7.767400146E-01 -1.410000000E+04 1.201900024E+03 2.932699890E+02 1.214899979E+02 -1.863100052E+01 1.096100006E+02 4.307500124E-01 4.743500054E-01 1.200899947E-03
 1.435000013E-04 6.356000085E-05 7.794600129E-01 -7.662299805E+03 1.658999939E+02 2.935000000E+02 1.187500000E+02 -1.827599907E+01 8.747200012E+01 4.208900034E-01 4.763999879E-01 1.196700032E-03
 1.455500023E-04 6.312799815E-05 7.820400000E-01 -6.582200195E+03 9.720500000E+03 2.938599854E+02 1.160999985E+02 -1.787400055E+01 1.108899994E+02 4.112600088E-01 4.785499871E-01 1.192800002E-03
 1.476000034E-04 6.269600271E-05 7.840700150E-01 -9.621000000E+03 1.053300000E+04 2.942099915E+02 1.139100037E+02 -1.730999947E+01 1.421499939E+02 4.031400084E-01 4.803699851E-01 1.189699979E-03
 1.496500045E-04 6.226400001E-05 7.865599990E-01 -7.557799805E+03 7.760700195E+03 2.944800110E+02 1.116299973E+02 -1.680800056E+01 1.410000000E+02 3.948000073E-01 4.823299944E-01 1.185899950E-03
 1.517000055E-04 6.183199730E-05 7.885800004E-01 -1.080900000E+04 5.536000000E+03 2.948599854E+02 1.092699966E+02 -1.648999977E+01 1.301300049E+02 3.862200081E-01 4.842000008E-01 1.182900043E-03
 1.537500066E-04 6.140000187E-05 7.900800109E-01 -7.836100098E+03 6.014000000E+03 2.951600037E+02 1.071800003E+02 -1.612500000E+01 1.109100037E+02 3.786300123E-01 4.856100082E-01 1.180600026E-03
 1.557999931E-04 6.096799916E-05 7.917100191E-01 -1.115500031E+02 1.380000000E+03 2.952900085E+02 1.050299988E+02 -1.560700035E+01 9.501200104E+01 3.708299994E-01 4.868200123E-01 1.178200007E-03
 1.578499941E-04 6.053600009E-05 7.929000258E-01 -7.032700195E+03 4.377399902E+03 2.955599976E+02 1.029700012E+02 -1.492500019E+01 1.024499969E+02 3.632200062E-01 4.880099893E-01 1.176399994E-03
 1.598999952E-04 6.010400102E-05 7.941899896E-01 -8.837000000E+03 1.245900000E+04 2.959400024E+02 1.009599991E+02 -1.415200043E+01 1.100599976E+02 3.556500077E-01 4.894199967E-01 1.174499979E-03
 1.619499963E-04 5.967199832E-05 7.958999872E-01 -6.800600098E+03 1.087800000E+04 2.961700134E+02 9.896099854E+01 -1.355500031E+01 1.017900009E+02 3.483299911E-01 4.908699989E-01 1.171999960E-03
 1.639999973E-04 5.923999925E-05 7.977200150E-01 5.275000000E+01 7.686399902E+03 2.961600037E+02 9.723200226E+01 -1.293299961E+01 1.070800018E+02 3.420700133E-01 4.919700027E-01 1.169300056E-03
 1.660499984E-04 5.880800018E-05 7.999899983E-01 6.804799805E+03 1.261200000E+04 2.960799866E+02 9.546199799E+01 -1.238899994E+01 1.141200027E+02 3.357500136E-01 4.932299852E-01 1.166000031E-03
 1.680999994E-04 5.837600111E-05 8.007799983E-01 -2.596300049E+02 1.338100000E+04 2.962799988E+02 9.375599670E+01 -1.187600040E+01 1.009300003E+02 3.295100033E-01 4.940600097E-01 1.164900023E-03
 1.701500005E-04 5.794399840E-05 8.007500172E-01 -4.462500000E+03 5.939899902E+03 2.966799927E+02 9.212999725E+01 -1.094499969E+01 9.302300262E+01 3.232699931E-01 4.947200119E-01 1.164900023E-03
 1.722000015E-04 5.751199933E-05 8.020300269E-01 3.443699951E+02 2.992600098E+03 2.968299866E+02 9.037300110E+01 -9.944000244E+00 9.091000366E+01 3.167099953E-01 4.957500100E-01 1.163000008E-03
 1.742500026E-04 5.708000026E-05 8.033599854E-01 6.212000122E+02 3.378899902E+03 2.969299927E+02 8.857399750E+01 -8.987299919E+00 1.100100021E+02 3.100700080E-01 4.967400134E-01 1.161099994E-03
 1.763000037E-04 5.664800119E-05 8.039699793E-01 -1.293699951E+02 4.832500000E+03 2.972900085E+02 8.684100342E+01 -8.214400291E+00 1.266999969E+02 3.036200106E-01 4.977200031E-01 1.160199987E-03
 1.783500047E-04 5.621599848E-05 8.046399951E-01 1.820599976E+03 5.510000000E+03 2.975299988E+02 8.525499725E+01 -7.458199978E+00 1.107600021E+02 2.977699935E-01 4.985300004E-01 1.159299980E-03
 1.804000058E-04 5.578399941E-05 8.052800298E-01 1.031500000E+03 3.700300049E+03 2.976700134E+02 8.376599884E+01 -6.363200188E+00 9.031099701E+01 2.922300100E-01 4.991599917E-01 1.158399973E-03
 1.824500068E-04 5.535200035E-05 8.061299920E-01 -1.667900024E+03 1.021299988E+03 2.977799988E+02 8.225399780E+01 -5.433599949E+00 8.841200256E+01 2.867000103E-01 4.998799860E-01 1.157099963E-03
 1.844999933E-04 5.492000128E-05 8.071399927E-01 1.588399963E+02 4.746799805E+03 2.978399963E+02 8.080100250E+01 -4.459700108E+00 9.976699829E+01 2.814199924E-01 5.005999804E-01 1.155699953E-03
 1.865499944E-04 5.448799857E-05 8.076699972E-01 -2.270500000E+03 4.828200195E+03 2.979100037E+02 7.935199738E+01 -3.296700001E+00 1.166399994E+02 2.761600018E-01 5.010600090E-01 1.154899946E-03
 1.885999955E-04 5.405599950E-05 8.080000281E-01 -5.989399902E+03 3.620899902E+03 2.980700073E+02 7.787200165E+01 -1.987400055E+00 1.314199982E+02 2.707999945E-01 5.015199780E-01 1.154499943E-03
 1.906499965E-04 5.362400043E-05 8.087800145E-01 2.540500031E+02 8.533700195E+03 2.981799927E+02 7.641799927E+01 -4.386799932E-01 1.212200012E+02 2.656100094E-01 5.022000074E-01 1.153300051E-03
 1.926999976E-04 5.319200136E-05 8.091099858E-01 -5.675800171E+02 4.985399902E+03 2.982900085E+02 7.497200012E+01 1.092200041E+00 1.134700012E+02 2.605699897E-01 5.025799870E-01 1.152900048E-03
 1.947499986E-04 5.275999865E-05 8.093100190E-01 -1.757400024E+03 4.860899902E+03 2.985899963E+02 7.354199982E+01 2.582200050E+00 1.242099991E+02 2.555899918E-01 5.032100081E-01 1.152600045E-03
 1.967999997E-04 5.232799958E-05 8.096899986E-01 -1.686500000E+03 4.082899902E+03 2.988299866E+02 7.221800232E+01 4.315299988E+00 1.273799973E+02 2.511999905E-01 5.038499832E-01 1.152100042E-03
 1.988500007E-04 5.189600051E-05 8.095899820E-01 -4.319500000E+03 4.544899902E+03 2.987500000E+02 7.102700043E+01 6.213200092E+00 1.250000000E+02 2.475800067E-01 5.036500096E-01 1.152200042E-03
 2.009000018E-04 5.146400144E-05 8.090800047E-01 -1.737100067E+02 7.382200195E+03 2.987200012E+02 6.990200043E+01 8.108200073E+00 1.377799988E+02 2.443899959E-01 5.032799840E-01 1.152900048E-03
 2.029500029E-04 5.103199874E-05 8.076500297E-01 9.762600098E+02 5.362299805E+03 2.991000061E+02 6.895400238E+01 1.051099968E+01 1.397299957E+02 2.421000004E-01 5.030400157E-01 1.154999947E-03
 2.050000039E-04 5.059999967E-05 8.068400025E-01 -7.872500000E+02 8.362400391E+03 2.993599854E+02 6.853700256E+01 1.188500023E+01 1.318099976E+02 2.412900031E-01 5.029799938E-01 1.156099956E-03
 0.000000000E+00 7.216700033E-05 1.600700021E+00 -9.305800000E+04 -5.672900000E+04 3.000000000E+02 8.410299683E+01 5.389500141E+00 -1.029599991E+02 2.994599938E-01 1.009400010E+00 5.753400037E-04
 2.049999921E-06 7.262000145E-05 1.601999998E+00 -5.261400000E+04 -1.866800000E+04 2.994400024E+02 8.606500244E+01 6.136000156E+00 1.034700012E+01 3.029800057E-01 1.003600001E+00 5.785800167E-04
 4.099999842E-06 7.307300257E-05 1.601199985E+00 -6.922500000E+03 1.382800000E+04 2.987600098E+02 8.872599792E+01 7.595300198E+00 1.443300018E+02 3.091999888E-01 9.961699843E-01 5.825600238E-04
 6.149999990E-06 7.352700050E-05 1.597700000E+00 -7.197399902E+03 1.807699951E+03 2.985499878E+02 9.013300323E+01 8.852700233E+00 1.709600067E+02 3.145700097E-01 9.933199883E-01 5.838199868E-04
 8.199999684E-06 7.398000162E-05 1.594300032E+00 -3.260899902E+03 -4.168399902E+03 2.983900146E+02 9.159200287E+01 9.936100006E+00 1.581300049E+02 3.200800121E-01 9.906499982E-01 5.850900197E-04
 1.024999983E-05 7.443300274E-05 1.590899944E+00 -3.964800049E+03 5.653500000E+03 2.982399902E+02 9.326399994E+01 1.105500031E+01 1.491999969E+02 3.263800144E-01 9.880399704E-01 5.863300175E-04
 1.229999998E-05 7.488700066E-05 1.588299990E+00 -1.177100000E+04 2.851699951E+03 2.979200134E+02 9.505300140E+01 1.218599987E+01 1.301600037E+02 3.332099915E-01 9.853799939E-01 5.872800248E-04
 1.435000013E-05 7.534000179E-05 1.583199978E+00 2.614600098E+03 9.370900269E+02 2.976799927E+02 9.702300262E+01 1.334000015E+01 1.274599991E+02 3.406600058E-01 9.814100266E-01 5.891899928E-04
 1.639999937E-05 7.579300291E-05 1.577900052E+00 8.086399902E+03 1.028900000E+04 2.973699951E+02 9.945700073E+01 1.466899967E+01 1.173199997E+02 3.498899937E-01 9.771000147E-01 5.911599728E-04
 1.845000043E-05 7.624700083E-05 1.573400021E+00 -2.474699974E+01 6.509399902E+03 2.968999939E+02 1.022200012E+02 1.599499989E+01 1.120899963E+02 3.603799939E-01 9.728199840E-01 5.928400205E-04
 2.049999966E-05 7.670000196E-05 1.567000031E+00 7.805500000E+03 2.917300049E+03 2.965700073E+02 1.050299988E+02 1.709199905E+01 1.506900024E+02 3.708499968E-01 9.677600265E-01 5.952700158E-04
 2.255000072E-05 7.715300308E-05 1.560799956E+00 6.876600098E+03 1.444699951E+03 2.961900024E+02 1.080000000E+02 1.810899925E+01 1.440800018E+02 3.818700016E-01 9.626799822E-01 5.976500106E-04
 2.459999996E-05 7.760700100E-05 1.554000020E+00 1.386800049E+03 7.350899902E+03 2.956900024E+02 1.114100037E+02 1.930999947E+01 1.223499985E+02 3.946300149E-01 9.568799734E-01 6.002599839E-04
 2.664999920E-05 7.806000212E-05 1.545400023E+00 6.405700195E+03 2.870699951E+03 2.951199951E+02 1.151699982E+02 2.043199921E+01 1.378800049E+02 4.086399972E-01 9.497600198E-01 6.035799743E-04
 2.870000026E-05 7.851300325E-05 1.535500050E+00 8.794400391E+03 2.423800049E+03 2.945599976E+02 1.192300034E+02 2.168700027E+01 1.482100067E+02 4.237700105E-01 9.418299794E-01 6.075199926E-04
 3.075000132E-05 7.896700117E-05 1.523399949E+00 1.584300000E+04 5.931100098E+03 2.938699951E+02 1.237300034E+02 2.318499947E+01 1.305099945E+02 4.407199919E-01 9.322500229E-01 6.123299827E-04
 3.279999873E-05 7.942000229E-05 1.511899948E+00 2.303200000E+04 3.582300110E+02 2.930499878E+02 1.285700073E+02 2.447599983E+01 1.186999969E+02 4.588600099E-01 9.225999713E-01 6.169999833E-04
 3.484999979E-05 7.987300341E-05 1.499199986E+00 1.961900000E+04 7.000700195E+03 2.920499878E+02 1.341399994E+02 2.584300041E+01 1.246800003E+02 4.797399938E-01 9.117599726E-01 6.222199881E-04
 3.690000085E-05 8.032700134E-05 1.481899977E+00 2.180800000E+04 5.683600098E+03 2.908999939E+02 1.407899933E+02 2.729000092E+01 1.841199951E+02 5.046300292E-01 8.976699710E-01 6.295099738E-04
 3.894999827E-05 8.078000246E-05 1.461400032E+00 3.158000000E+04 -3.991500000E+03 2.896499939E+02 1.481900024E+02 2.873999977E+01 1.783600006E+02 5.323200226E-01 8.814700246E-01 6.383300060E-04
 4.099999933E-05 8.123300358E-05 1.437800050E+00 3.376100000E+04 3.923300049E+03 2.880700073E+02 1.568399963E+02 3.034499931E+01 1.324700012E+02 5.649099946E-01 8.624899983E-01 6.488300278E-04
 4.305000039E-05 8.168700151E-05 1.409399986E+00 3.793600000E+04 1.438000000E+04 2.859899902E+02 1.672400055E+02 3.180999947E+01 1.562799988E+02 6.041799784E-01 8.394100070E-01 6.618999760E-04
 4.510000144E-05 8.214000263E-05 1.373800039E+00 3.274300000E+04 5.347299805E+03 2.834400024E+02 1.797100067E+02 3.295800018E+01 1.580200043E+02 6.513699889E-01 8.109200001E-01 6.791200140E-04
 4.714999886E-05 8.259299648E-05 1.327600002E+00 3.737300000E+04 -3.800599976E+02 2.801900024E+02 1.950099945E+02 3.335699844E+01 1.149000015E+02 7.094799876E-01 7.747200131E-01 7.028899854E-04
 4.919999992E-05 8.304700168E-05 1.266600013E+00 6.085600000E+04 -4.525799805E+03 2.757600098E+02 2.143699951E+02 3.160600090E+01 1.827599907E+01 7.834100127E-01 7.275099754E-01 7.370199892E-04
 5.125000098E-05 8.350000280E-05 1.180500031E+00 8.460100000E+04 -2.450300000E+04 2.694500122E+02 2.394199982E+02 2.547900009E+01 -1.875700073E+02 8.809499741E-01 6.627799869E-01 7.916900213E-04
 5.329999840E-05 8.309200348E-05 1.066900015E+00 9.361900000E+04 -4.822700000E+04 2.609400024E+02 2.686499939E+02 1.218299961E+01 -4.240299988E+02 1.000399947E+00 5.803599954E-01 8.773200097E-04
 5.534999946E-05 8.268399688E-05 9.430299997E-01 8.277500000E+04 -7.108600000E+04 2.512899933E+02 2.972999878E+02 -8.727899551E+00 -5.616799927E+02 1.127599955E+00 4.941099882E-01 9.935500566E-04
 5.740000051E-05 8.227599756E-05 8.280500174E-01 6.243500000E+04 -8.134300000E+04 2.416499939E+02 3.214200134E+02 -3.363100052E+01 -5.317899780E+02 1.249199986E+00 4.172399938E-01 1.131500001E-03
 5.945000157E-05 8.186799823E-05 7.326999903E-01 3.682800000E+04 -7.384600000E+04 2.329700012E+02 3.396900024E+02 -5.803799820E+01 -3.953299866E+02 1.356099963E+00 3.558300138E-01 1.277799951E-03
 6.150000263E-05 8.145999891E-05 6.573500037E-01 1.622400000E+04 -5.469500000E+04 2.256399994E+02 3.530000000E+02 -7.866200256E+01 -2.665400085E+02 1.445700049E+00 3.091399968E-01 1.423200010E-03
 6.354999641E-05 8.105199959E-05 5.992799997E-01 -2.159300049E+03 -3.453100000E+04 2.196600037E+02 3.628699951E+02 -9.406400299E+01 -1.386300049E+02 1.518300056E+00 2.742800117E-01 1.559600001E-03
 6.559999747E-05 8.064400026E-05 5.556499958E-01 -2.128800000E+04 -1.233000000E+04 2.148999939E+02 3.706799927E+02 -1.046600037E+02 -2.116200066E+01 1.577100039E+00 2.487500012E-01 1.680999994E-03
 6.764999853E-05 8.023600094E-05 5.224099755E-01 -4.035000000E+04 9.637900391E+03 2.111100006E+02 3.772099915E+02 -1.109899979E+02 5.581100082E+01 1.624199986E+00 2.297099978E-01 1.787099987E-03
 6.969999959E-05 7.982800162E-05 4.966599941E-01 -4.973100000E+04 2.780500000E+04 2.080200043E+02 3.829100037E+02 -1.137900009E+02 1.263499985E+02 1.662199974E+00 2.151799947E-01 1.879199990E-03
 7.175000064E-05 7.942000229E-05 4.767900109E-01 -5.636400000E+04 4.167100000E+04 2.053699951E+02 3.882000122E+02 -1.139400024E+02 1.930500031E+02 1.694300056E+00 2.039300054E-01 1.957099885E-03
 7.380000170E-05 7.901200297E-05 4.610199928E-01 -6.313300000E+04 4.321700000E+04 2.031799927E+02 3.930100098E+02 -1.124000015E+02 2.108200073E+02 1.721099973E+00 1.950699985E-01 2.023800043E-03
 7.585000276E-05 7.860399637E-05 4.469400048E-01 -6.785100000E+04 4.459700000E+04 2.013300018E+02 3.975299988E+02 -1.099599991E+02 1.929100037E+02 1.744600058E+00 1.873899996E-01 2.087600064E-03
 7.789999654E-05 7.819599705E-05 4.330399930E-01 -7.922400000E+04 4.968800000E+04 1.994700012E+02 4.023399963E+02 -1.071299973E+02 1.962100067E+02 1.769299984E+00 1.798900068E-01 2.154699992E-03
 7.994999760E-05 7.778799772E-05 4.197500050E-01 -8.524100000E+04 5.008800000E+04 1.975200043E+02 4.072000122E+02 -1.042300034E+02 2.166399994E+02 1.794999957E+00 1.726599932E-01 2.222799929E-03
 8.199999866E-05 7.737999840E-05 4.073800147E-01 -8.319600000E+04 4.248200000E+04 1.956300049E+02 4.118200073E+02 -1.014400024E+02 2.071100006E+02 1.819900036E+00 1.659699976E-01 2.290300094E-03
 8.404999971E-05 7.697199908E-05 3.952699900E-01 -8.271500000E+04 4.187600000E+04 1.937299957E+02 4.162300110E+02 -9.873500061E+01 2.031799927E+02 1.844499946E+00 1.594800055E-01 2.360400045E-03
 8.610000077E-05 7.656399976E-05 3.831099868E-01 -8.285100000E+04 4.493700000E+04 1.917799988E+02 4.205599976E+02 -9.633899689E+01 1.914900055E+02 1.869799972E+00 1.530099958E-01 2.435500035E-03
 8.815000183E-05 7.615600043E-05 3.710800111E-01 -8.811400000E+04 4.418100000E+04 1.898500061E+02 4.247000122E+02 -9.429499817E+01 1.676000061E+02 1.894899964E+00 1.467200071E-01 2.514299937E-03
 9.020000289E-05 7.574800111E-05 3.596700132E-01 -9.301900000E+04 4.076300000E+04 1.880700073E+02 4.287600098E+02 -9.225099945E+01 1.685800018E+02 1.919299960E+00 1.408700049E-01 2.594100079E-03
 9.224999667E-05 7.534000179E-05 3.486000001E-01 -9.620900000E+04 3.782500000E+04 1.863600006E+02 4.329599915E+02 -9.038600159E+01 1.675000000E+02 1.944499969E+00 1.352899969E-01 2.676500008E-03
 9.429999773E-05 7.493200246E-05 3.382300138E-01 -1.026400000E+05 3.589100000E+04 1.846199951E+02 4.366900024E+02 -8.879100037E+01 1.673800049E+02 1.968299985E+00 1.300500035E-01 2.758400049E-03
 9.634999878E-05 7.452400314E-05 3.284099996E-01 -1.114300000E+05 3.318700000E+04 1.828999939E+02 4.399200134E+02 -8.743499756E+01 1.696999969E+02 1.990399957E+00 1.250900030E-01 2.840999980E-03
 9.839999984E-05 7.411599654E-05 3.184599876E-01 -1.197300000E+05 3.335200000E+04 1.813500061E+02 4.432099915E+02 -8.628600311E+01 1.632200012E+02 2.012300014E+00 1.202699989E-01 2.929900074E-03
 1.004500009E-04 7.370799722E-05 3.089900017E-01 -1.318400000E+05 3.911300000E+04 1.799499969E+02 4.461499939E+02 -8.535199738E+01 1.663899994E+02 2.032299995E+00 1.157900020E-01 3.019399941E-03
 1.025000020E-04 7.329999789E-05 3.000499904E-01 -1.502400000E+05 4.308400000E+04 1.785599976E+02 4.488200073E+02 -8.444499969E+01 1.729700012E+02 2.051199913E+00 1.115799993E-01 3.109500045E-03
 1.045500030E-04 7.289199857E-05 2.912200093E-01 -1.669700000E+05 4.305700000E+04 1.771600037E+02 4.517200012E+02 -8.359999847E+01 1.695200043E+02 2.071399927E+00 1.074500009E-01 3.203700064E-03
 1.065999968E-04 7.248399925E-05 2.828899920E-01 -1.755200000E+05 4.366100000E+04 1.757899933E+02 4.543599854E+02 -8.295300293E+01 1.661199951E+02 2.090699911E+00 1.035600007E-01 3.298100084E-03
 1.086499979E-04 7.207599992E-05 2.751500010E-01 -1.849200000E+05 4.518400000E+04 1.745599976E+02 4.567200012E+02 -8.220300293E+01 1.737299957E+02 2.108000040E+00 1.000199988E-01 3.390799975E-03
 1.106999989E-04 7.166800060E-05 2.676700056E-01 -2.059100000E+05 4.773800000E+04 1.735800018E+02 4.587600098E+02 -8.147899628E+01 1.785099945E+02 2.122499943E+00 9.675899893E-02 3.485599998E-03
 1.127500000E-04 7.126000128E-05 2.611800134E-01 -2.504000000E+05 5.560600000E+04 1.733600006E+02 4.592300110E+02 -8.086599731E+01 1.963000031E+02 2.125400066E+00 9.428799897E-02 3.571799956E-03
 1.148000010E-04 7.085200195E-05 2.625499964E-01 -4.802100000E+05 1.113200000E+05 1.796799927E+02 4.472399902E+02 -7.706500244E+01 3.652500000E+02 2.033799887E+00 9.829600155E-02 3.553800052E-03
 1.168500021E-04 7.044400263E-05 3.034999967E-01 -1.019100000E+06 2.353100000E+05 2.085500031E+02 3.862999878E+02 -6.143600082E+01 9.373400269E+02 1.644899964E+00 1.335999966E-01 3.120899899E-03
 1.189000031E-04 7.003600331E-05 4.339300096E-01 -9.720100000E+05 2.186700000E+05 2.512400055E+02 2.768900146E+02 -3.586899948E+01 1.247199951E+03 1.069399953E+00 2.309699953E-01 2.256399952E-03
 1.209499969E-04 6.962799671E-05 6.099299788E-01 -3.471500000E+05 7.246500000E+04 2.782099915E+02 1.908200073E+02 -1.800600052E+01 7.136799927E+02 6.910799742E-01 3.546000123E-01 1.558599994E-03
 1.230000053E-04 6.921999739E-05 7.183600068E-01 -6.714100000E+04 1.065200000E+04 2.869599915E+02 1.582899933E+02 -1.362399960E+01 1.778899994E+02 5.629299879E-01 4.293499887E-01 1.300300006E-03
 1.250500063E-04 6.881199806E-05 7.496899962E-01 -2.730300000E+04 8.911799927E+02 2.891300049E+02 1.498500061E+02 -1.450500011E+01 4.409000015E+01 5.313900113E-01 4.513700008E-01 1.244300045E-03
 1.270999928E-04 6.840399874E-05 7.566800117E-01 -2.267000000E+04 1.203599976E+03 2.898999939E+02 1.463500061E+02 -1.591300011E+01 3.931399918E+01 5.188999772E-01 4.568000138E-01 1.232799958E-03
 1.291499939E-04 6.799599942E-05 7.599899769E-01 -2.041200000E+04 6.877799805E+03 2.905000000E+02 1.431900024E+02 -1.710899925E+01 5.889099884E+01 5.077700019E-01 4.597499967E-01 1.227400033E-03
 1.311999949E-04 6.758800009E-05 7.640699744E-01 -1.757900000E+04 7.706399902E+03 2.909700012E+02 1.398800049E+02 -1.764100075E+01 7.859500122E+01 4.960600138E-01 4.629499912E-01 1.220799983E-03
 1.332499960E-04 6.718000077E-05 7.674900293E-01 -5.194500000E+03 7.283200195E+03 2.913299866E+02 1.367500000E+02 -1.766500092E+01 9.684300232E+01 4.848200083E-01 4.656099975E-01 1.215400058E-03
 1.352999971E-04 6.677200145E-05 7.695900202E-01 -5.725000000E+03 3.100300049E+03 2.917200012E+02 1.337599945E+02 -1.768899918E+01 1.087300034E+02 4.741100073E-01 4.675100148E-01 1.212100033E-03
 1.373499981E-04 6.636400212E-05 7.718399763E-01 -1.056300000E+04 -4.087799988E+02 2.922999878E+02 1.306900024E+02 -1.782099915E+01 1.072900009E+02 4.630100131E-01 4.698100090E-01 1.208500005E-03
 1.393999992E-04 6.595600280E-05 7.743499875E-01 -1.525200000E+04 5.281700195E+03 2.927799988E+02 1.277699966E+02 -1.797800064E+01 1.160699997E+02 4.525600076E-01 4.720999897E-01 1.204599976E-03
 1.414500002E-04 6.554800348E-05 7.766900063E-01 -1.600400000E+04 5.371699829E+02 2.929100037E+02 1.252200012E+02 -1.773600006E+01 1.119199982E+02 4.435000122E-01 4.737499952E-01 1.200999948E-03
 1.435000013E-04 6.513999688E-05 7.795799971E-01 -1.080300000E+04 -2.708500000E+03 2.931300049E+02 1.226800003E+02 -1.733099937E+01 8.455599976E+01 4.343200028E-01 4.758700132E-01 1.196600031E-03
 1.455500023E-04 6.473199755E-05 7.823899984E-01 -1.167300000E+04 6.315799805E+03 2.935599976E+02 1.201200027E+02 -1.707999992E+01 8.961599731E+01 4.249800146E-01 4.782899916E-01 1.192199998E-03
 1.476000034E-04 6.432399823E-05 7.844399810E-01 -1.325700000E+04 7.602799805E+03 2.939299927E+02 1.176900024E+02 -1.658300018E+01 1.114199982E+02 4.160600007E-01 4.801299870E-01 1.189099974E-03
 1.496500045E-04 6.391599891E-05 7.868999839E-01 -3.642800049E+03 6.041799805E+03 2.941499939E+02 1.153300018E+02 -1.596500015E+01 1.281100006E+02 4.074200094E-01 4.819999933E-01 1.185399946E-03
 1.517000055E-04 6.350799958E-05 7.884500027E-01 -2.937300049E+03 6.551600098E+03 2.945000000E+02 1.132399979E+02 -1.566499996E+01 1.300200043E+02 3.998099864E-01 4.835300148E-01 1.183100045E-03
 1.537500066E-04 6.310000026E-05 7.898399830E-01 -1.396000000E+03 5.392399902E+03 2.948699951E+02 1.111600037E+02 -1.537800026E+01 9.594999695E+01 3.922199905E-01 4.849900007E-01 1.181000029E-03
 1.557999931E-04 6.269200094E-05 7.915300131E-01 -5.976300049E+02 1.664800049E+03 2.951799927E+02 1.091100006E+02 -1.485799980E+01 7.882900238E+01 3.846600056E-01 4.865300059E-01 1.178500010E-03
 1.578499941E-04 6.228400161E-05 7.926999927E-01 -1.020000000E+04 3.388899902E+03 2.954599915E+02 1.070699997E+02 -1.415699959E+01 9.713400269E+01 3.770999908E-01 4.877200127E-01 1.176699996E-03
 1.598999952E-04 6.187600229E-05 7.940499783E-01 -1.062100000E+04 6.302700195E+03 2.957500000E+02 1.050100021E+02 -1.349199963E+01 1.068799973E+02 3.694599867E-01 4.890399873E-01 1.174699981E-03
 1.619499963E-04 6.146800297E-05 7.954400182E-01 -8.246799805E+03 6.482899902E+03 2.959700012E+02 1.032500000E+02 -1.309399986E+01 9.252600098E+01 3.630599976E-01 4.902400076E-01 1.172699966E-03
 1.639999973E-04 6.105999637E-05 7.972099781E-01 -3.804399902E+03 8.126600098E+03 2.960299988E+02 1.015800018E+02 -1.249600029E+01 1.046299973E+02 3.569999933E-01 4.914399981E-01 1.170099946E-03
 1.660499984E-04 6.065200068E-05 7.989699841E-01 -2.589300049E+03 1.147400000E+04 2.960400085E+02 9.981600189E+01 -1.182699966E+01 1.088899994E+02 3.506000042E-01 4.925400019E-01 1.167500042E-03
 1.680999994E-04 6.024400136E-05 7.999299765E-01 1.361199951E+03 3.962600098E+03 2.961700134E+02 9.800399780E+01 -1.118099976E+01 9.066400146E+01 3.439899981E-01 4.933499992E-01 1.166100032E-03
 1.701500005E-04 5.983599840E-05 8.006899953E-01 3.972300049E+03 1.397599976E+03 2.965599976E+02 9.627500153E+01 -1.032800007E+01 8.817199707E+01 3.374400139E-01 4.944700003E-01 1.165000023E-03
 1.722000015E-04 5.942799908E-05 8.017699718E-01 -1.104400024E+03 8.256700195E+03 2.968500061E+02 9.464399719E+01 -9.403699875E+00 8.915100098E+01 3.312999904E-01 4.956200123E-01 1.163400011E-03
 1.742500026E-04 5.901999975E-05 8.027799726E-01 -4.908100098E+03 6.442799805E+03 2.969200134E+02 9.307299805E+01 -8.395400047E+00 1.175400009E+02 3.254800141E-01 4.963600039E-01 1.162000000E-03
 1.763000037E-04 5.861200043E-05 8.033099771E-01 -8.124100098E+03 1.748699951E+03 2.970499878E+02 9.148999786E+01 -7.629300117E+00 1.190699997E+02 3.196899891E-01 4.968999922E-01 1.161199994E-03
 1.783500047E-04 5.820400111E-05 8.041399717E-01 1.049000000E+03 -1.226500015E+02 2.972200012E+02 8.986199951E+01 -7.041600227E+00 1.058000031E+02 3.137899935E-01 4.977000058E-01 1.159999985E-03
 1.804000058E-04 5.779600178E-05 8.054199815E-01 1.000200000E+04 1.613199951E+03 2.973399963E+02 8.843399811E+01 -6.072299957E+00 1.038099976E+02 3.085199893E-01 4.986999929E-01 1.158199972E-03
 1.824500068E-04 5.738799882E-05 8.062300086E-01 3.402199951E+03 2.484399902E+03 2.974100037E+02 8.714800262E+01 -5.059400082E+00 9.500299835E+01 3.037900031E-01 4.993200004E-01 1.156999962E-03
 1.844999933E-04 5.697999950E-05 8.072500229E-01 -9.481699829E+02 5.877799805E+03 2.974200134E+02 8.574099731E+01 -4.104700089E+00 1.049499969E+02 2.987200022E-01 4.999600053E-01 1.155499951E-03
 1.865499944E-04 5.657200018E-05 8.078699708E-01 -5.600600098E+03 8.516500000E+03 2.975299988E+02 8.424700165E+01 -2.839600086E+00 1.225400009E+02 2.933000028E-01 5.005400181E-01 1.154599944E-03
 1.885999955E-04 5.616400085E-05 8.076800108E-01 -8.600299805E+03 4.242000000E+03 2.977099915E+02 8.276499939E+01 -1.494500041E+00 1.141200027E+02 2.879399955E-01 5.007200241E-01 1.154899946E-03
 1.906499965E-04 5.575600153E-05 8.084300160E-01 -1.327300049E+03 8.775599976E+02 2.977399902E+02 8.141999817E+01 -1.539999992E-01 1.020100021E+02 2.831900120E-01 5.012400150E-01 1.153900055E-03
 1.926999976E-04 5.534799857E-05 8.091999888E-01 2.894899902E+03 1.865500031E+02 2.977999878E+02 8.024800110E+01 1.317000031E+00 1.143399963E+02 2.791300118E-01 5.018200278E-01 1.152800047E-03
 1.947499986E-04 5.493999925E-05 8.089900017E-01 5.860799805E+03 -1.718000000E+03 2.981199951E+02 7.908000183E+01 2.915899992E+00 1.252699966E+02 2.750799954E-01 5.022299886E-01 1.153000048E-03
 1.967999997E-04 5.453199992E-05 8.085500002E-01 1.965199951E+03 3.348899902E+03 2.982799988E+02 7.780200195E+01 4.601600170E+00 1.178799973E+02 2.708500028E-01 5.022100210E-01 1.153700054E-03
 1.988500007E-04 5.412400060E-05 8.084899783E-01 -2.525199951E+03 6.127799805E+03 2.982300110E+02 7.656600189E+01 6.334700108E+00 1.221800003E+02 2.670199871E-01 5.020899773E-01 1.153800054E-03
 2.009000018E-04 5.371600128E-05 8.083500266E-01 1.838500061E+02 7.231899902E+03 2.983900146E+02 7.548999786E+01 8.212699890E+00 1.451399994E+02 2.638500035E-01 5.022699833E-01 1.154000056E-03
 2.029500029E-04 5.330799831E-05 8.074700236E-01 5.116400146E+02 1.052400000E+04 2.986400146E+02 7.458899689E+01 1.034799957E+01 1.413899994E+02 2.615500093E-01 5.021600127E-01 1.155199949E-03
 2.050000039E-04 5.289999899E-05 8.068900108E-01 9.176300049E+02 1.249400000E+04 2.987600098E+02 7.419499969E+01 1.142599964E+01 1.260299988E+02 2.606599927E-01 5.019999743E-01 1.155999955E-03
 0.000000000E+00 7.333300164E-05 1.600700021E+00 -9.524000000E+04 -5.987600000E+04 3.000000000E+02 8.737699890E+01 5.677899837E+00 -1.154300003E+02 3.104000092E-01 1.008800030E+00 5.758900079E-04
 2.049999921E-06 7.375999849E-05 1.601099968E+00 -4.997600000E+04 -2.045800000E+04 2.994899902E+02 8.930100250E+01 6.350200176E+00 -1.105500031E+01 3.139800131E-01 1.002900004E+00 5.791899748E-04
 4.099999842E-06 7.418700261E-05 1.599499941E+00 -1.205800018E+02 1.296400000E+04 2.988099976E+02 9.184500122E+01 7.670899868E+00 1.128300018E+02 3.199900091E-01 9.952600002E-01 5.831799936E-04
 6.149999990E-06 7.461300265E-05 1.596600056E+00 1.340099976E+03 6.168899902E+03 2.985000000E+02 9.320800018E+01 8.827500343E+00 1.346000061E+02 3.252300024E-01 9.924399853E-01 5.842400133E-04
 8.199999684E-06 7.503999950E-05 1.594200015E+00 -1.944900024E+03 -6.932999878E+02 2.982300110E+02 9.467099762E+01 9.896900177E+00 1.358000031E+02 3.307999969E-01 9.900100231E-01 5.851400201E-04
 1.024999983E-05 7.546700363E-05 1.591400027E+00 -5.687000000E+03 4.876900024E+02 2.980400085E+02 9.624199677E+01 1.095600033E+01 1.449400024E+02 3.367300034E-01 9.876700044E-01 5.861499812E-04
 1.229999998E-05 7.589299639E-05 1.587399960E+00 -6.789500000E+03 -6.904600098E+03 2.978399963E+02 9.798000336E+01 1.203800011E+01 1.431499939E+02 3.432900012E-01 9.844999909E-01 5.876499927E-04
 1.435000013E-05 7.632000052E-05 1.581900001E+00 -1.993300049E+03 -4.105299805E+03 2.976499939E+02 9.991799927E+01 1.307600021E+01 1.097500000E+02 3.505400121E-01 9.804599881E-01 5.896899966E-04
 1.639999937E-05 7.674699737E-05 1.576799989E+00 -1.073900000E+04 1.039300000E+04 2.973900146E+02 1.021200027E+02 1.418999958E+01 9.555500031E+01 3.588100076E-01 9.764500260E-01 5.915900110E-04
 1.845000043E-05 7.717299741E-05 1.571699977E+00 -3.455199951E+03 -9.725700073E+02 2.969299927E+02 1.045999985E+02 1.543799973E+01 1.093600006E+02 3.682599962E-01 9.718099833E-01 5.934999790E-04
 2.049999966E-05 7.760000153E-05 1.565199971E+00 9.441299805E+03 -3.476800049E+03 2.964800110E+02 1.073300018E+02 1.651700020E+01 1.352200012E+02 3.785000145E-01 9.663299918E-01 5.959600094E-04
 2.255000072E-05 7.802699838E-05 1.559100032E+00 -1.557000000E+03 4.059800049E+03 2.961300049E+02 1.102099991E+02 1.743799973E+01 1.310000000E+02 3.891299963E-01 9.614400268E-01 5.983000156E-04
 2.459999996E-05 7.845299842E-05 1.552399993E+00 -7.510399902E+03 9.846200195E+03 2.957300110E+02 1.134300003E+02 1.850099945E+01 1.104599991E+02 4.011000097E-01 9.560199976E-01 6.008700002E-04
 2.664999920E-05 7.888000255E-05 1.544000030E+00 -4.486700195E+03 1.585599976E+03 2.951400146E+02 1.170199966E+02 1.958799934E+01 1.165599976E+02 4.144800007E-01 9.489600062E-01 6.041399902E-04
 2.870000026E-05 7.930699940E-05 1.533699989E+00 3.678899902E+03 5.809000000E+03 2.946300049E+02 1.208799973E+02 2.077899933E+01 1.147900009E+02 4.288400114E-01 9.409899712E-01 6.081999745E-04
 3.075000132E-05 7.973299944E-05 1.521800041E+00 9.898000000E+03 2.064500000E+04 2.940100098E+02 1.253099976E+02 2.211700058E+01 1.063399963E+02 4.453999996E-01 9.317100048E-01 6.129699759E-04
 3.279999873E-05 8.016000356E-05 1.510699987E+00 1.428500000E+04 4.278000000E+03 2.931300049E+02 1.304100037E+02 2.331800079E+01 1.122200012E+02 4.643900096E-01 9.221699834E-01 6.174700102E-04
 3.484999979E-05 8.058700041E-05 1.497300029E+00 1.220800000E+04 -4.921000000E+03 2.921199951E+02 1.361000061E+02 2.463899994E+01 9.941500092E+01 4.856700003E-01 9.108499885E-01 6.229900173E-04
 3.690000085E-05 8.101300045E-05 1.480100036E+00 1.883000000E+04 1.241600037E+02 2.909700012E+02 1.425899963E+02 2.596599960E+01 1.140299988E+02 5.099300146E-01 8.968099952E-01 6.302599795E-04
 3.894999827E-05 8.143999730E-05 1.460299969E+00 3.814000000E+04 -4.133500000E+03 2.896000061E+02 1.499799957E+02 2.726499939E+01 1.351300049E+02 5.376200080E-01 8.806399703E-01 6.388199981E-04
 4.099999933E-05 8.186700143E-05 1.436800003E+00 3.607500000E+04 1.405800049E+03 2.880400085E+02 1.586100006E+02 2.866399956E+01 1.337299957E+02 5.699700117E-01 8.618100286E-01 6.492799730E-04
 4.305000039E-05 8.229300147E-05 1.408699989E+00 3.258800000E+04 1.354100000E+04 2.860299988E+02 1.687799988E+02 2.991600037E+01 1.321600037E+02 6.083199978E-01 8.391100168E-01 6.622300134E-04
 4.510000144E-05 8.271999832E-05 1.373299956E+00 4.070500000E+04 7.936500000E+03 2.833699951E+02 1.809100037E+02 3.089500046E+01 1.234599991E+02 6.543899775E-01 8.104100227E-01 6.793999928E-04
 4.714999886E-05 8.314700244E-05 1.326500058E+00 4.767800000E+04 -4.764100098E+03 2.801700134E+02 1.959499969E+02 3.111100006E+01 8.862999725E+01 7.114899755E-01 7.740399837E-01 7.034600130E-04
 4.919999992E-05 8.357300248E-05 1.266999960E+00 6.584500000E+04 -1.068900000E+04 2.759299927E+02 2.147500000E+02 2.924699974E+01 4.704400063E+00 7.833099961E-01 7.281500101E-01 7.367500220E-04
 5.125000098E-05 8.399999933E-05 1.185700059E+00 8.259600000E+04 -2.987200000E+04 2.699599915E+02 2.383300018E+02 2.376499939E+01 -1.726199951E+02 8.754199743E-01 6.668999791E-01 7.880100165E-04
 5.329999840E-05 8.361600339E-05 1.080100060E+00 8.712500000E+04 -4.337500000E+04 2.621099854E+02 2.657699890E+02 1.222999954E+01 -3.952999878E+02 9.872400165E-01 5.900400281E-01 8.661500178E-04
 5.534999946E-05 8.323200018E-05 9.643200040E-01 7.963900000E+04 -6.112600000E+04 2.530599976E+02 2.931799927E+02 -6.157299995E+00 -5.303400269E+02 1.107599974E+00 5.087400079E-01 9.709799779E-04
 5.740000051E-05 8.284799696E-05 8.536999822E-01 6.606700000E+04 -7.244700000E+04 2.437899933E+02 3.170599976E+02 -2.854800034E+01 -5.233099976E+02 1.224900007E+00 4.339199960E-01 1.096999971E-03
 5.945000157E-05 8.246400103E-05 7.582200170E-01 4.303800000E+04 -6.554400000E+04 2.352599945E+02 3.359299927E+02 -5.102799988E+01 -3.925700073E+02 1.330500007E+00 3.718400002E-01 1.234499970E-03
 6.150000263E-05 8.207999781E-05 6.803299785E-01 1.278500000E+04 -6.082800000E+04 2.277500000E+02 3.504400024E+02 -7.082599640E+01 -2.763500061E+02 1.422600031E+00 3.229399920E-01 1.374999993E-03
 6.354999641E-05 8.169600187E-05 6.190199852E-01 -5.262200195E+03 -4.135100000E+04 2.213800049E+02 3.616900024E+02 -8.651399994E+01 -1.570700073E+02 1.500499964E+00 2.855400145E-01 1.509999973E-03
 6.559999747E-05 8.131199866E-05 5.718700290E-01 -1.595100000E+04 -1.839400000E+04 2.161399994E+02 3.705899963E+02 -9.780300140E+01 -3.779800034E+01 1.564900041E+00 2.575100064E-01 1.633599983E-03
 6.764999853E-05 8.092800272E-05 5.344200134E-01 -3.435300000E+04 2.041500000E+03 2.118099976E+02 3.781300049E+02 -1.050699997E+02 2.387299919E+01 1.618600011E+00 2.357899994E-01 1.747400034E-03
 6.969999959E-05 8.054399950E-05 5.048400164E-01 -4.610800000E+04 2.176000000E+04 2.081199951E+02 3.844599915E+02 -1.090199966E+02 8.991200256E+01 1.662500024E+00 2.188400030E-01 1.849099994E-03
 7.175000064E-05 8.016000356E-05 4.814999998E-01 -5.039300000E+04 3.673200000E+04 2.050099945E+02 3.900499878E+02 -1.102600021E+02 1.590000000E+02 1.699100018E+00 2.055899948E-01 1.938299974E-03
 7.380000170E-05 7.977600035E-05 4.623000026E-01 -6.196000000E+04 4.033000000E+04 2.026499939E+02 3.951700134E+02 -1.094000015E+02 1.896900024E+02 1.728700042E+00 1.950999945E-01 2.018499887E-03
 7.585000276E-05 7.939199713E-05 4.461799860E-01 -7.217700000E+04 4.160700000E+04 2.006699982E+02 4.000199890E+02 -1.073300018E+02 1.955599976E+02 1.754699945E+00 1.864600033E-01 2.091200091E-03
 7.789999654E-05 7.900800119E-05 4.314000010E-01 -7.757300000E+04 4.832900000E+04 1.986399994E+02 4.052200012E+02 -1.046200027E+02 1.952500000E+02 1.782099962E+00 1.784600019E-01 2.162900055E-03
 7.994999760E-05 7.862399798E-05 4.178200066E-01 -8.323300000E+04 4.706000000E+04 1.965700073E+02 4.100899963E+02 -1.017200012E+02 2.040099945E+02 1.808699965E+00 1.710399985E-01 2.233099891E-03
 8.199999866E-05 7.824000204E-05 4.052000046E-01 -8.709100000E+04 4.185300000E+04 1.946000061E+02 4.146000061E+02 -9.871299744E+01 1.994700012E+02 1.833600044E+00 1.642200053E-01 2.302699955E-03
 8.404999971E-05 7.785599882E-05 3.930499852E-01 -8.725200000E+04 4.191100000E+04 1.927200012E+02 4.188699951E+02 -9.560700226E+01 1.890899963E+02 1.857399940E+00 1.577499956E-01 2.373799914E-03
 8.610000077E-05 7.747200289E-05 3.810699880E-01 -8.646400000E+04 4.069100000E+04 1.908699951E+02 4.231400146E+02 -9.282700348E+01 1.777400055E+02 1.881899953E+00 1.514800042E-01 2.448499901E-03
 8.815000183E-05 7.708799967E-05 3.691099882E-01 -8.987500000E+04 4.126100000E+04 1.890899963E+02 4.274500122E+02 -9.061000061E+01 1.715599976E+02 1.907099962E+00 1.453499943E-01 2.527799923E-03
 9.020000289E-05 7.670399646E-05 3.575299978E-01 -9.500700000E+04 3.776900000E+04 1.872500000E+02 4.316099854E+02 -8.848799896E+01 1.753899994E+02 1.932299972E+00 1.394300014E-01 2.609699965E-03
 9.224999667E-05 7.632000052E-05 3.464699984E-01 -1.008600000E+05 3.586800000E+04 1.854799957E+02 4.355799866E+02 -8.636199951E+01 1.659600067E+02 1.956900001E+00 1.338299960E-01 2.693000017E-03
 9.429999773E-05 7.593599730E-05 3.362599909E-01 -1.063700000E+05 3.628300000E+04 1.838300018E+02 4.389899902E+02 -8.462799835E+01 1.572700043E+02 1.978899956E+00 1.287299991E-01 2.774700057E-03
 9.634999878E-05 7.555200136E-05 3.266699910E-01 -1.133100000E+05 3.508700000E+04 1.821799927E+02 4.421900024E+02 -8.302600098E+01 1.554799957E+02 2.000499964E+00 1.239399984E-01 2.856099978E-03
 9.839999984E-05 7.516799815E-05 3.171699941E-01 -1.220200000E+05 3.339900000E+04 1.806699982E+02 4.455599976E+02 -8.145400238E+01 1.518300018E+02 2.022399902E+00 1.193400025E-01 2.941699931E-03
 1.004500009E-04 7.478400221E-05 3.079200089E-01 -1.327500000E+05 3.498000000E+04 1.792400055E+02 4.486199951E+02 -8.029000092E+01 1.537700043E+02 2.042999983E+00 1.149400026E-01 3.030000022E-03
 1.025000020E-04 7.439999899E-05 2.989200056E-01 -1.470000000E+05 3.898200000E+04 1.778500061E+02 4.513800049E+02 -7.920500183E+01 1.579600067E+02 2.062299967E+00 1.107100025E-01 3.121299902E-03
 1.045500030E-04 7.401600305E-05 2.900500000E-01 -1.624800000E+05 4.007700000E+04 1.764400024E+02 4.542699890E+02 -7.825099945E+01 1.503699951E+02 2.082700014E+00 1.065799966E-01 3.216699930E-03
 1.065999968E-04 7.363199984E-05 2.819199860E-01 -1.772000000E+05 3.899400000E+04 1.751499939E+02 4.567399902E+02 -7.767800140E+01 1.452899933E+02 2.101000071E+00 1.028300002E-01 3.309400054E-03
 1.086499979E-04 7.324799662E-05 2.743000090E-01 -1.855200000E+05 4.056300000E+04 1.738999939E+02 4.590400085E+02 -7.679699707E+01 1.548099976E+02 2.118099928E+00 9.934099764E-02 3.401200054E-03
 1.106999989E-04 7.286400069E-05 2.672199905E-01 -2.011500000E+05 4.464400000E+04 1.727899933E+02 4.611400146E+02 -7.587400055E+01 1.649400024E+02 2.133699894E+00 9.615500271E-02 3.491299925E-03
 1.127500000E-04 7.247999747E-05 2.610900104E-01 -2.392900000E+05 4.870500000E+04 1.723399963E+02 4.619400024E+02 -7.524500275E+01 1.819799957E+02 2.139600039E+00 9.370200336E-02 3.573100083E-03
 1.148000010E-04 7.209600153E-05 2.605099976E-01 -4.240600000E+05 8.565600000E+04 1.769100037E+02 4.533699951E+02 -7.246700287E+01 2.929400024E+02 2.072799921E+00 9.599400312E-02 3.581000026E-03
 1.168500021E-04 7.171199832E-05 2.927199900E-01 -9.801600000E+05 2.075500000E+05 2.026000061E+02 4.008699951E+02 -6.007799911E+01 7.714899902E+02 1.726400018E+00 1.248399988E-01 3.221299965E-03
 1.189000031E-04 7.132800238E-05 4.104300141E-01 -1.057700000E+06 2.176900000E+05 2.458200073E+02 2.934100037E+02 -3.705300140E+01 1.162000000E+03 1.147099972E+00 2.141799927E-01 2.383100102E-03
 1.209499969E-04 7.094399916E-05 5.885400176E-01 -4.345500000E+05 7.836200000E+04 2.762799988E+02 1.991799927E+02 -1.870000076E+01 7.697500000E+02 7.243700027E-01 3.402000070E-01 1.624000026E-03
 1.230000053E-04 7.056000322E-05 7.113500237E-01 -7.770900000E+04 9.367799805E+03 2.866400146E+02 1.607100067E+02 -1.322700024E+01 2.233200073E+02 5.716900229E-01 4.247399867E-01 1.314099994E-03
 1.250500063E-04 7.017600001E-05 7.498700023E-01 -2.247800000E+04 -1.811599976E+03 2.892200012E+02 1.510299988E+02 -1.358100033E+01 5.393500137E+01 5.351300240E-01 4.516299963E-01 1.244000043E-03
 1.270999928E-04 6.979199679E-05 7.575899959E-01 -1.699100000E+04 2.032800049E+03 2.900100098E+02 1.477100067E+02 -1.468999958E+01 3.557600021E+01 5.231299996E-01 4.575200081E-01 1.231299946E-03
 1.291499939E-04 6.940800085E-05 7.607799768E-01 -1.453500000E+04 8.899799805E+03 2.904899902E+02 1.448999939E+02 -1.573799992E+01 4.803699875E+01 5.132200122E-01 4.602099955E-01 1.226100023E-03
 1.311999949E-04 6.902399764E-05 7.643100023E-01 -1.790400000E+04 6.729500000E+03 2.908299866E+02 1.418899994E+02 -1.633099937E+01 7.156099701E+01 5.026400089E-01 4.628700018E-01 1.220499980E-03
 1.332499960E-04 6.864000170E-05 7.677500248E-01 -1.208200000E+04 6.899200195E+03 2.911099854E+02 1.390399933E+02 -1.650099945E+01 7.985199738E+01 4.925000072E-01 4.654099941E-01 1.215000055E-03
 1.352999971E-04 6.825599849E-05 7.699900270E-01 -1.249500000E+04 6.842899902E+03 2.915799866E+02 1.364900055E+02 -1.649399948E+01 7.791500092E+01 4.832200110E-01 4.675300121E-01 1.211400027E-03
 1.373499981E-04 6.787200255E-05 7.725099921E-01 -1.733800000E+04 3.077000000E+03 2.921300049E+02 1.337899933E+02 -1.656800079E+01 8.349500275E+01 4.733900130E-01 4.699400067E-01 1.207499998E-03
 1.393999992E-04 6.748799933E-05 7.753000259E-01 -1.068700000E+04 2.632100098E+03 2.924700012E+02 1.308999939E+02 -1.684199905E+01 8.915699768E+01 4.631499946E-01 4.721899927E-01 1.203199965E-03
 1.414500002E-04 6.710400339E-05 7.768399715E-01 -1.315700000E+04 4.811700195E+03 2.926900024E+02 1.283600006E+02 -1.673200035E+01 8.511100006E+01 4.541099966E-01 4.734799862E-01 1.200799947E-03
 1.435000013E-04 6.672000018E-05 7.792000175E-01 -1.160200000E+04 2.555600098E+03 2.930700073E+02 1.259000015E+02 -1.637800026E+01 9.058200073E+01 4.451000094E-01 4.755299985E-01 1.197100035E-03
 1.455500023E-04 6.633599696E-05 7.824299932E-01 -5.700299805E+03 2.485800049E+03 2.934599915E+02 1.234199982E+02 -1.609499931E+01 9.677500153E+01 4.360499978E-01 4.781500101E-01 1.192199998E-03
 1.476000034E-04 6.595200102E-05 7.846000195E-01 -3.271500000E+03 5.135799805E+03 2.937200012E+02 1.210800018E+02 -1.561600018E+01 9.569200134E+01 4.275200069E-01 4.798800051E-01 1.188899972E-03
 1.496500045E-04 6.556799781E-05 7.870000005E-01 1.272399979E+02 1.682900024E+03 2.939200134E+02 1.187500000E+02 -1.508300018E+01 1.043700027E+02 4.190399945E-01 4.817000031E-01 1.185299945E-03
 1.517000055E-04 6.518400187E-05 7.889400125E-01 -2.630899902E+03 3.070899902E+03 2.941900024E+02 1.167300034E+02 -1.482699966E+01 1.016999969E+02 4.117200077E-01 4.833199978E-01 1.182300039E-03
 1.537500066E-04 6.479999865E-05 7.905799747E-01 -4.569299805E+03 8.205000000E+03 2.943999939E+02 1.147200012E+02 -1.462600040E+01 8.444000244E+01 4.045299888E-01 4.846700132E-01 1.179900020E-03
 1.557999931E-04 6.441600272E-05 7.917600274E-01 -9.027200195E+03 8.006399902E+03 2.947600098E+02 1.128099976E+02 -1.412800026E+01 7.374500275E+01 3.974399865E-01 4.859899879E-01 1.178100007E-03
 1.578499941E-04 6.403199950E-05 7.925400138E-01 -6.199899902E+03 6.325299805E+03 2.951600037E+02 1.109499969E+02 -1.337699986E+01 8.124400330E+01 3.903999925E-01 4.871299863E-01 1.176999998E-03
 1.598999952E-04 6.364800356E-05 7.939699888E-01 -4.895700195E+03 5.057600098E+03 2.954200134E+02 1.090800018E+02 -1.280900002E+01 1.081699982E+02 3.835099936E-01 4.884299934E-01 1.174899982E-03
 1.619499963E-04 6.326400035E-05 7.956200242E-01 -1.504400024E+03 3.950699951E+03 2.955299988E+02 1.073000031E+02 -1.247000027E+01 9.620400238E+01 3.770999908E-01 4.896399975E-01 1.172399963E-03
 1.639999973E-04 6.287999713E-05 7.972700000E-01 -1.328300049E+03 7.392799805E+03 2.957500000E+02 1.054300003E+02 -1.186600018E+01 8.483899689E+01 3.702600002E-01 4.910100102E-01 1.169999945E-03
 1.660499984E-04 6.249600119E-05 7.982900143E-01 -6.410399902E+03 6.956899902E+03 2.959899902E+02 1.036800003E+02 -1.114200020E+01 9.949900055E+01 3.637599945E-01 4.920499921E-01 1.168500050E-03
 1.680999994E-04 6.211199798E-05 7.996799946E-01 -8.181400146E+02 -2.363899902E+03 2.961300049E+02 1.019300003E+02 -1.043799973E+01 9.806099701E+01 3.573600054E-01 4.931299984E-01 1.166500035E-03
 1.701500005E-04 6.172800204E-05 8.007699847E-01 -1.625099976E+03 -1.417599976E+03 2.964100037E+02 1.002699966E+02 -9.704500198E+00 8.697899628E+01 3.511599898E-01 4.942600131E-01 1.164900023E-03
 1.722000015E-04 6.134399882E-05 8.015000224E-01 -4.551299805E+03 3.496300049E+03 2.966300049E+02 9.869699860E+01 -8.783100128E+00 8.707599640E+01 3.452900052E-01 4.950799942E-01 1.163800014E-03
 1.742500026E-04 6.095999925E-05 8.024200201E-01 -7.143899902E+03 6.737200195E+03 2.967200012E+02 9.712100220E+01 -7.795100212E+00 1.084700012E+02 3.394599855E-01 4.958100021E-01 1.162500004E-03
 1.763000037E-04 6.057599967E-05 8.035899997E-01 -7.458500000E+03 1.722900024E+03 2.967699890E+02 9.562599945E+01 -7.004300117E+00 1.056699982E+02 3.340300024E-01 4.966199994E-01 1.160799991E-03
 1.783500047E-04 6.019200009E-05 8.048499823E-01 3.154299927E+02 -2.277100098E+03 2.967900085E+02 9.414499664E+01 -6.462999821E+00 9.658000183E+01 3.287400007E-01 4.974299967E-01 1.158999978E-03
 1.804000058E-04 5.980800051E-05 8.058300018E-01 5.442399902E+03 -2.193899902E+03 2.969500122E+02 9.267600250E+01 -5.740900040E+00 1.185000000E+02 3.233999908E-01 4.982900023E-01 1.157599967E-03
 1.824500068E-04 5.942400094E-05 8.061199784E-01 -6.984699707E+02 2.145100098E+03 2.971499939E+02 9.137999725E+01 -4.629799843E+00 1.270000000E+02 3.185600042E-01 4.988200068E-01 1.157099963E-03
 1.844999933E-04 5.904000136E-05 8.065500259E-01 -5.659600098E+03 6.286500000E+03 2.971499939E+02 9.005699921E+01 -3.541199923E+00 1.124000015E+02 3.137800097E-01 4.990800023E-01 1.156499959E-03
 1.865499944E-04 5.865600178E-05 8.068000078E-01 -6.626399902E+03 1.870400024E+03 2.973200073E+02 8.861000061E+01 -2.182600021E+00 1.089400024E+02 3.085199893E-01 4.995200038E-01 1.156199956E-03
 1.885999955E-04 5.827199857E-05 8.062599897E-01 -2.568699951E+03 -4.065799866E+02 2.975299988E+02 8.734999847E+01 -9.982799888E-01 9.562300110E+01 3.039399981E-01 4.995299876E-01 1.156899962E-03
 1.906499965E-04 5.788799899E-05 8.069400191E-01 1.345199951E+03 -2.861600098E+03 2.975799866E+02 8.617099762E+01 6.583700329E-02 9.594699860E+01 2.998000085E-01 5.000500083E-01 1.155999955E-03
 1.926999976E-04 5.750399941E-05 8.079199791E-01 3.664899902E+03 -3.044299927E+02 2.975700073E+02 8.501300049E+01 1.532899976E+00 1.130199966E+02 2.958199978E-01 5.006399751E-01 1.154599944E-03
 1.947499986E-04 5.711999984E-05 8.078799844E-01 5.897500000E+03 2.335800049E+03 2.976400146E+02 8.404000092E+01 3.176300049E+00 1.233799973E+02 2.925699949E-01 5.007299781E-01 1.154599944E-03
 1.967999997E-04 5.673600026E-05 8.075600266E-01 6.129899902E+02 6.875600098E+03 2.977600098E+02 8.309899902E+01 4.863299847E+00 1.205400009E+02 2.895199955E-01 5.007200241E-01 1.155099948E-03
 1.988500007E-04 5.635200068E-05 8.078100085E-01 -1.090199951E+03 9.761099609E+03 2.977999878E+02 8.210099792E+01 6.468400002E+00 1.288099976E+02 2.864300013E-01 5.009599924E-01 1.154699945E-03
 2.009000018E-04 5.596800111E-05 8.077700138E-01 -2.532600098E+03 8.338400391E+03 2.980199890E+02 8.113500214E+01 8.303000450E+00 1.480000000E+02 2.835699916E-01 5.012999773E-01 1.154799946E-03
 2.029500029E-04 5.558400153E-05 8.067100048E-01 -1.133900024E+03 9.665900391E+03 2.981300049E+02 8.030400085E+01 1.021899986E+01 1.371100006E+02 2.813999951E-01 5.008299947E-01 1.156299957E-03
 2.050000039E-04 5.519999831E-05 8.060899973E-01 3.630899902E+03 1.163700000E+04 2.981199951E+02 7.992900085E+01 1.109899998E+01 1.215500031E+02 2.804999948E-01 5.004199743E-01 1.157199964E-03
 0.000000000E+00 7.449999976E-05 1.600700021E+00 -9.129200000E+04 -7.057700000E+04 3.000000000E+02 9.015299988E+01 5.666500092E+00 -1.092900009E+02 3.190299869E-01 1.007400036E+00 5.763800000E-04
 2.049999921E-06 7.490000280E-05 1.600100040E+00 -4.900900000E+04 -3.055000000E+04 2.994700012E+02 9.199500275E+01 6.347000122E+00 -1.764200020E+01 3.228299916E-01 1.001500010E+00 5.797700142E-04
 4.099999842E-06 7.529999857E-05 1.597800016E+00 -8.286700195E+03 6.316500000E+03 2.987999878E+02 9.454199982E+01 7.614699841E+00 8.972799683E+01 3.293099999E-01 9.941899776E-01 5.838000216E-04
 6.149999990E-06 7.570000162E-05 1.595299959E+00 -6.455700195E+03 8.154200195E+03 2.985700073E+02 9.584400177E+01 8.701199532E+00 9.872899628E+01 3.342599869E-01 9.918799996E-01 5.847000284E-04
 8.199999684E-06 7.609999739E-05 1.593199968E+00 -8.646400391E+03 9.490599609E+03 2.982600098E+02 9.722899628E+01 9.728099823E+00 9.450700378E+01 3.395600021E-01 9.895200133E-01 5.854999763E-04
 1.024999983E-05 7.650000043E-05 1.590299964E+00 -3.896199951E+03 8.278799805E+03 2.979100037E+02 9.871299744E+01 1.075699997E+01 1.054800034E+02 3.452599943E-01 9.865400195E-01 5.865700077E-04
 1.229999998E-05 7.690000348E-05 1.586099982E+00 8.451799805E+03 2.261300049E+02 2.976900024E+02 1.002500000E+02 1.175100040E+01 1.182600021E+02 3.510800004E-01 9.832400084E-01 5.881100078E-04
 1.435000013E-05 7.729999925E-05 1.580899954E+00 -7.527700195E+02 -1.223800049E+03 2.975000000E+02 1.022099991E+02 1.270499992E+01 9.628800201E+01 3.583900034E-01 9.793499708E-01 5.900600227E-04
 1.639999937E-05 7.770000229E-05 1.575799942E+00 -2.050800000E+04 8.287599609E+03 2.972600098E+02 1.043899994E+02 1.377200031E+01 9.157199860E+01 3.665199876E-01 9.754499793E-01 5.919400137E-04
 1.845000043E-05 7.809999806E-05 1.570999980E+00 -9.327700195E+03 -2.143000000E+03 2.968999939E+02 1.065899963E+02 1.490299988E+01 9.808399963E+01 3.748599887E-01 9.713000059E-01 5.937599926E-04
 2.049999966E-05 7.850000111E-05 1.564000010E+00 7.621399902E+03 -6.585700195E+03 2.965000000E+02 1.091900024E+02 1.588799953E+01 1.077200012E+02 3.845700026E-01 9.656800032E-01 5.964200245E-04
 2.255000072E-05 7.889999688E-05 1.557600021E+00 -2.723600098E+03 3.618199951E+03 2.961199951E+02 1.119899979E+02 1.672400093E+01 1.193600006E+02 3.948999941E-01 9.605100155E-01 5.988599733E-04
 2.459999996E-05 7.929999992E-05 1.550799966E+00 -9.743599609E+03 3.726100098E+03 2.956900024E+02 1.150199966E+02 1.766399956E+01 1.150199966E+02 4.061599970E-01 9.548799992E-01 6.014999817E-04
 2.664999920E-05 7.970000297E-05 1.541700006E+00 -5.075500000E+03 -3.267600098E+03 2.951799927E+02 1.184899979E+02 1.868899918E+01 1.124300003E+02 4.190100133E-01 9.476400018E-01 6.050500087E-04
 2.870000026E-05 8.009999874E-05 1.531900048E+00 2.031699951E+03 2.944100098E+03 2.946499939E+02 1.223600006E+02 1.983099937E+01 1.131399994E+02 4.333800077E-01 9.399499893E-01 6.089200033E-04
 3.075000132E-05 8.050000179E-05 1.520599961E+00 1.573100000E+04 1.354700000E+04 2.939899902E+02 1.268099976E+02 2.096299934E+01 1.132500000E+02 4.498899877E-01 9.309200048E-01 6.134400028E-04
 3.279999873E-05 8.089999756E-05 1.508800030E+00 1.891900000E+04 9.172200195E+03 2.931400146E+02 1.319600067E+02 2.205500031E+01 1.290599976E+02 4.689800143E-01 9.210399985E-01 6.182300276E-04
 3.484999979E-05 8.130000060E-05 1.495300055E+00 1.395600000E+04 1.303300000E+04 2.921000061E+02 1.378200073E+02 2.331500053E+01 1.097399979E+02 4.908500016E-01 9.095299840E-01 6.238499773E-04
 3.690000085E-05 8.169999637E-05 1.478500009E+00 1.474300000E+04 1.061900000E+04 2.909299927E+02 1.443899994E+02 2.458699989E+01 8.208599854E+01 5.153800249E-01 8.957499862E-01 6.309300079E-04
 3.894999827E-05 8.209999942E-05 1.458999991E+00 2.380200000E+04 -1.430000000E+03 2.895199890E+02 1.517599945E+02 2.579000092E+01 1.292400055E+02 5.429800153E-01 8.796200156E-01 6.393800140E-04
 4.099999933E-05 8.250000246E-05 1.435799956E+00 2.506600000E+04 4.768200195E+03 2.878599854E+02 1.602100067E+02 2.700499916E+01 1.482799988E+02 5.747100115E-01 8.607100248E-01 6.497100112E-04
 4.305000039E-05 8.289999823E-05 1.407400012E+00 1.867200000E+04 1.472200000E+04 2.858999939E+02 1.701600037E+02 2.810199928E+01 9.634600067E+01 6.121699810E-01 8.379300237E-01 6.628800184E-04
 4.510000144E-05 8.330000128E-05 1.371600032E+00 2.949700000E+04 1.666800000E+04 2.834200134E+02 1.821399994E+02 2.885899925E+01 9.143699646E+01 6.574699879E-01 8.095499873E-01 6.802499993E-04
 4.714999886E-05 8.369999705E-05 1.325600028E+00 4.376800000E+04 6.744700195E+03 2.802799988E+02 1.969499969E+02 2.889599991E+01 7.794400024E+01 7.136899829E-01 7.738100290E-01 7.039200282E-04
 4.919999992E-05 8.410000009E-05 1.267699957E+00 6.862600000E+04 -6.708299805E+03 2.760799866E+02 2.150099945E+02 2.704000092E+01 -1.784300041E+01 7.829599977E-01 7.289599776E-01 7.362900069E-04
 5.125000098E-05 8.450000314E-05 1.190000057E+00 8.722600000E+04 -2.846300000E+04 2.703599854E+02 2.371799927E+02 2.211599922E+01 -1.878200073E+02 8.699300289E-01 6.703000069E-01 7.849800168E-04
 5.329999840E-05 8.414000331E-05 1.091300011E+00 8.053600000E+04 -4.152400000E+04 2.630700073E+02 2.630299988E+02 1.201299953E+01 -3.695199890E+02 9.750900269E-01 5.982800126E-01 8.568299818E-04
 5.534999946E-05 8.378000348E-05 9.825999737E-01 7.392300000E+04 -5.659300000E+04 2.546100006E+02 2.894100037E+02 -4.194799900E+00 -4.677300110E+02 1.089699984E+00 5.215100050E-01 9.523900226E-04
 5.740000051E-05 8.341999637E-05 8.764899969E-01 6.593800000E+04 -6.804300000E+04 2.457500000E+02 3.132099915E+02 -2.421400070E+01 -4.968500061E+02 1.203799963E+00 4.490300119E-01 1.067999983E-03
 5.945000157E-05 8.305999654E-05 7.821800113E-01 3.826600000E+04 -6.240400000E+04 2.374799957E+02 3.325100098E+02 -4.473300171E+01 -4.096300049E+02 1.307500005E+00 3.871900141E-01 1.196500030E-03
 6.150000263E-05 8.269999671E-05 7.030699849E-01 6.928899902E+03 -5.569900000E+04 2.298699951E+02 3.477500000E+02 -6.353599930E+01 -2.955499878E+02 1.400099993E+00 3.368400037E-01 1.330600004E-03
 6.354999641E-05 8.233999688E-05 6.390500069E-01 -1.090200000E+04 -3.730900000E+04 2.231600037E+02 3.601000061E+02 -7.906199646E+01 -1.700599976E+02 1.481600046E+00 2.971700132E-01 1.462899963E-03
 6.559999747E-05 8.197999705E-05 5.882300138E-01 -1.785900000E+04 -2.177400000E+04 2.175399933E+02 3.698800049E+02 -9.059100342E+01 -5.172600174E+01 1.549900055E+00 2.666000128E-01 1.588399988E-03
 6.764999853E-05 8.161999722E-05 5.473300219E-01 -2.981900000E+04 -5.358399902E+03 2.126900024E+02 3.781099854E+02 -9.849700165E+01 1.867399979E+01 1.608100057E+00 2.425000072E-01 1.706399955E-03
 6.969999959E-05 8.125999739E-05 5.141299963E-01 -4.374700000E+04 1.198300000E+04 2.085800018E+02 3.852099915E+02 -1.032900009E+02 8.240499878E+01 1.657400012E+00 2.233700007E-01 1.815999974E-03
 7.175000064E-05 8.089999756E-05 4.870299995E-01 -4.790000000E+04 2.723300000E+04 2.051799927E+02 3.915899963E+02 -1.054599991E+02 1.231900024E+02 1.699300051E+00 2.081300020E-01 1.916600042E-03
 7.380000170E-05 8.053999773E-05 4.647699893E-01 -6.073400000E+04 3.589700000E+04 2.024299927E+02 3.973299866E+02 -1.055800018E+02 1.599299927E+02 1.734200001E+00 1.959500015E-01 2.007999923E-03
 7.585000276E-05 8.017999789E-05 4.464499950E-01 -7.349900000E+04 3.884500000E+04 2.000399933E+02 4.025499878E+02 -1.042200012E+02 1.896600037E+02 1.764500022E+00 1.860000044E-01 2.090099966E-03
 7.789999654E-05 7.981999806E-05 4.304800034E-01 -7.464300000E+04 4.563500000E+04 1.977400055E+02 4.078200073E+02 -1.017200012E+02 1.919199982E+02 1.793900013E+00 1.772799939E-01 2.167599974E-03
 7.994999760E-05 7.945999823E-05 4.159300029E-01 -8.158300000E+04 4.489100000E+04 1.956399994E+02 4.126600037E+02 -9.880200195E+01 1.909700012E+02 1.820700049E+00 1.694599986E-01 2.243299969E-03
 8.199999866E-05 7.909999840E-05 4.025500119E-01 -8.912400000E+04 4.270000000E+04 1.937100067E+02 4.171099854E+02 -9.568299866E+01 1.938399963E+02 1.845299959E+00 1.623899937E-01 2.317799954E-03
 8.404999971E-05 7.873999857E-05 3.901300132E-01 -9.120500000E+04 4.193100000E+04 1.918899994E+02 4.214100037E+02 -9.244599915E+01 1.848899994E+02 1.869199991E+00 1.559100002E-01 2.391600050E-03
 8.610000077E-05 7.837999874E-05 3.783600032E-01 -9.403400000E+04 3.856100000E+04 1.900299988E+02 4.258200073E+02 -8.957700348E+01 1.704900055E+02 1.894500017E+00 1.497399956E-01 2.465999918E-03
 8.815000183E-05 7.801999891E-05 3.667300045E-01 -1.026700000E+05 3.714800000E+04 1.882899933E+02 4.301799927E+02 -8.695099640E+01 1.751900024E+02 1.919600010E+00 1.438000053E-01 2.544299932E-03
 9.020000289E-05 7.765999908E-05 3.552600145E-01 -1.087000000E+05 3.662000000E+04 1.865299988E+02 4.342099915E+02 -8.438800049E+01 1.700299988E+02 1.943799973E+00 1.379999965E-01 2.626300091E-03
 9.224999667E-05 7.729999925E-05 3.445700109E-01 -1.101300000E+05 3.625600000E+04 1.846900024E+02 4.378699951E+02 -8.223400116E+01 1.571699982E+02 1.967499971E+00 1.325300038E-01 2.707799897E-03
 9.429999773E-05 7.693999942E-05 3.343600035E-01 -1.080100000E+05 3.382700000E+04 1.830000000E+02 4.412699890E+02 -8.041200256E+01 1.457100067E+02 1.989899993E+00 1.274300069E-01 2.790499944E-03
 9.634999878E-05 7.657999959E-05 3.245700002E-01 -1.115500000E+05 3.510500000E+04 1.814400024E+02 4.446099854E+02 -7.841100311E+01 1.444799957E+02 2.011499882E+00 1.226399988E-01 2.874499885E-03
 9.839999984E-05 7.621999976E-05 3.152399957E-01 -1.212500000E+05 3.343200000E+04 1.798800049E+02 4.478299866E+02 -7.668199921E+01 1.460000000E+02 2.033099890E+00 1.180899963E-01 2.959700068E-03
 1.004500009E-04 7.585999992E-05 3.063099980E-01 -1.327400000E+05 3.238700000E+04 1.784299927E+02 4.506799927E+02 -7.529900360E+01 1.458699951E+02 2.052900076E+00 1.138200015E-01 3.045900026E-03
 1.025000020E-04 7.550000009E-05 2.975200117E-01 -1.472300000E+05 3.603200000E+04 1.771199951E+02 4.534700012E+02 -7.390699768E+01 1.533600006E+02 2.071899891E+00 1.097399965E-01 3.135999897E-03
 1.045500030E-04 7.514000026E-05 2.889199853E-01 -1.608000000E+05 3.657800000E+04 1.757299957E+02 4.564599915E+02 -7.285900116E+01 1.435099945E+02 2.092700005E+00 1.057299972E-01 3.229300026E-03
 1.065999968E-04 7.478000043E-05 2.809799910E-01 -1.747100000E+05 3.433200000E+04 1.744499969E+02 4.589800110E+02 -7.220500183E+01 1.341999969E+02 2.111200094E+00 1.020800024E-01 3.320399905E-03
 1.086499979E-04 7.442000060E-05 2.734099925E-01 -1.854400000E+05 3.551200000E+04 1.732599945E+02 4.611799927E+02 -7.130699921E+01 1.414700012E+02 2.127700090E+00 9.865000099E-02 3.412399907E-03
 1.106999989E-04 7.406000077E-05 2.664400041E-01 -1.991500000E+05 4.080700000E+04 1.722100067E+02 4.631499939E+02 -7.052899933E+01 1.467100067E+02 2.142499924E+00 9.555099905E-02 3.501500003E-03
 1.127500000E-04 7.370000094E-05 2.605200112E-01 -2.317300000E+05 4.426300000E+04 1.716999969E+02 4.639200134E+02 -6.979299927E+01 1.570000000E+02 2.148699999E+00 9.314599633E-02 3.581000026E-03
 1.148000010E-04 7.334000111E-05 2.586899996E-01 -3.797900000E+05 6.861900000E+04 1.749199982E+02 4.577300110E+02 -6.757499695E+01 2.373300018E+02 2.100199938E+00 9.423799813E-02 3.605900100E-03
 1.168500021E-04 7.298000128E-05 2.839399874E-01 -9.238000000E+05 1.731900000E+05 1.973399963E+02 4.130199890E+02 -5.787900162E+01 6.239299927E+02 1.796599984E+00 1.176799983E-01 3.310400061E-03
 1.189000031E-04 7.262000145E-05 3.903500140E-01 -1.108100000E+06 2.049200000E+05 2.403800049E+02 3.085100098E+02 -3.754000092E+01 1.058500000E+03 1.220800042E+00 1.995300055E-01 2.501399955E-03
 1.209499969E-04 7.226000162E-05 5.685200095E-01 -5.165000000E+05 8.862300000E+04 2.740000000E+02 2.074600067E+02 -1.947200012E+01 8.062999878E+02 7.581999898E-01 3.263599873E-01 1.689699944E-03
 1.230000053E-04 7.190000179E-05 7.034199834E-01 -9.480600000E+04 9.031700195E+03 2.861700134E+02 1.631699982E+02 -1.306200027E+01 2.632500000E+02 5.808899999E-01 4.193800092E-01 1.330200001E-03
 1.250500063E-04 7.154000195E-05 7.495599985E-01 -2.132000000E+04 -2.722300049E+03 2.892000122E+02 1.518899994E+02 -1.273200035E+01 5.301900101E+01 5.378999710E-01 4.514200091E-01 1.244600047E-03
 1.270999928E-04 7.118000212E-05 7.586799860E-01 -1.628600000E+04 1.084000000E+03 2.899800110E+02 1.484799957E+02 -1.354399967E+01 1.961199951E+01 5.254700184E-01 4.581199884E-01 1.229500049E-03
 1.291499939E-04 7.082000229E-05 7.619199753E-01 -1.947000000E+04 1.128800000E+04 2.904500122E+02 1.459400024E+02 -1.450899982E+01 2.892900085E+01 5.164399743E-01 4.608399868E-01 1.224300009E-03
 1.311999949E-04 7.046000246E-05 7.648699880E-01 -2.384800000E+04 1.543500000E+04 2.908099976E+02 1.433500061E+02 -1.508899975E+01 5.007400131E+01 5.072600245E-01 4.631899893E-01 1.219599973E-03
 1.332499960E-04 7.010000263E-05 7.676200271E-01 -1.713500000E+04 7.744600098E+03 2.911000061E+02 1.408000031E+02 -1.531700039E+01 6.288499832E+01 4.982100129E-01 4.653199911E-01 1.215200056E-03
 1.352999971E-04 6.974000280E-05 7.697899938E-01 -1.720600000E+04 2.771000000E+03 2.915499878E+02 1.384700012E+02 -1.546700001E+01 6.430699921E+01 4.897199869E-01 4.673599899E-01 1.211800030E-03
 1.373499981E-04 6.938000297E-05 7.727500200E-01 -1.714300000E+04 4.597500000E+03 2.920199890E+02 1.360700073E+02 -1.542500019E+01 6.804000092E+01 4.809300005E-01 4.699099958E-01 1.207099995E-03
 1.393999992E-04 6.902000314E-05 7.756900191E-01 -6.053600098E+03 1.023700000E+04 2.923399963E+02 1.333399963E+02 -1.546300030E+01 5.410499954E+01 4.711900055E-01 4.722099900E-01 1.202499960E-03
 1.414500002E-04 6.866000331E-05 7.772799730E-01 -1.063100000E+04 1.183500000E+04 2.926300049E+02 1.307400055E+02 -1.548200035E+01 4.922000122E+01 4.618700147E-01 4.736500084E-01 1.200100058E-03
 1.435000013E-04 6.830000348E-05 7.792299986E-01 -1.168900000E+04 2.949600098E+03 2.930400085E+02 1.283800049E+02 -1.531900024E+01 7.428800201E+01 4.532600045E-01 4.755100012E-01 1.197100035E-03
 1.455500023E-04 6.793999637E-05 7.818599939E-01 -6.625799805E+03 -3.324600098E+03 2.934299927E+02 1.260299988E+02 -1.501700020E+01 8.873100281E+01 4.446699917E-01 4.777500033E-01 1.193100004E-03
 1.476000034E-04 6.757999654E-05 7.842500210E-01 -5.722200195E+03 5.472299805E+03 2.936000061E+02 1.236999969E+02 -1.449100018E+01 9.759400177E+01 4.362399876E-01 4.794799984E-01 1.189399976E-03
 1.496500045E-04 6.721999671E-05 7.868899703E-01 -9.383099609E+03 2.586699951E+03 2.937699890E+02 1.214199982E+02 -1.411400032E+01 1.015800018E+02 4.280000031E-01 4.813799858E-01 1.185399946E-03
 1.517000055E-04 6.685999688E-05 7.890499830E-01 -9.464900391E+03 5.710699844E+01 2.940599976E+02 1.193399963E+02 -1.406900024E+01 7.869400024E+01 4.205699861E-01 4.831700027E-01 1.182200038E-03
 1.537500066E-04 6.649999705E-05 7.904000282E-01 -7.992000000E+03 6.829799805E+03 2.942300110E+02 1.175999985E+02 -1.378299999E+01 7.259200287E+01 4.142600000E-01 4.842700064E-01 1.180200023E-03
 1.557999931E-04 6.613999722E-05 7.915499806E-01 -1.008800000E+04 8.983799805E+03 2.944700012E+02 1.157799988E+02 -1.319900036E+01 8.258599854E+01 4.075599909E-01 4.853700101E-01 1.178400009E-03
 1.578499941E-04 6.577999739E-05 7.926099896E-01 -6.154700195E+03 7.090100098E+03 2.947999878E+02 1.140500031E+02 -1.253499985E+01 8.541899872E+01 4.010500014E-01 4.865700006E-01 1.176899998E-03
 1.598999952E-04 6.541999755E-05 7.937800288E-01 -3.987699951E+03 5.143200195E+03 2.950499878E+02 1.123899994E+02 -1.205500031E+01 1.044199982E+02 3.949500024E-01 4.877099991E-01 1.175099984E-03
 1.619499963E-04 6.505999772E-05 7.954800129E-01 2.198500000E+03 2.068899902E+03 2.952000122E+02 1.105199966E+02 -1.161699963E+01 9.401100159E+01 3.881799877E-01 4.890100062E-01 1.172599965E-03
 1.639999973E-04 6.469999789E-05 7.967299819E-01 -1.844599976E+03 7.343400269E+02 2.955400085E+02 1.086999969E+02 -1.097900009E+01 7.965299988E+01 3.814199865E-01 4.903399944E-01 1.170799951E-03
 1.660499984E-04 6.433999806E-05 7.978100181E-01 -7.920799805E+03 3.921000000E+03 2.958699951E+02 1.070000000E+02 -1.037399960E+01 9.341500092E+01 3.750999868E-01 4.915499985E-01 1.169200055E-03
 1.680999994E-04 6.397999823E-05 7.994300127E-01 -1.426800049E+03 5.075000000E+03 2.959500122E+02 1.053199997E+02 -9.662899971E+00 1.041500015E+02 3.689500093E-01 4.926800132E-01 1.166800037E-03
 1.701500005E-04 6.361999840E-05 8.003200293E-01 -2.403000031E+02 4.755600098E+03 2.960199890E+02 1.037200012E+02 -8.982600212E+00 9.450499725E+01 3.631600142E-01 4.933399856E-01 1.165500027E-03
 1.722000015E-04 6.325999857E-05 8.013100028E-01 -1.051000000E+03 4.640200195E+03 2.961499939E+02 1.022399979E+02 -8.098600388E+00 8.953600311E+01 3.576700091E-01 4.941599965E-01 1.164100016E-03
 1.742500026E-04 6.289999874E-05 8.021699786E-01 -1.834599976E+03 8.740700195E+03 2.963500061E+02 1.009100037E+02 -7.223599911E+00 9.579599762E+01 3.526799977E-01 4.950299859E-01 1.162900007E-03
 1.763000037E-04 6.253999891E-05 8.034600019E-01 -2.760000000E+03 3.343199951E+03 2.964500122E+02 9.959700012E+01 -6.585899830E+00 1.018899994E+02 3.479099870E-01 4.959900081E-01 1.160999993E-03
 1.783500047E-04 6.217999908E-05 8.047800064E-01 -4.615700195E+03 -1.927200012E+02 2.963900146E+02 9.826399994E+01 -5.942100048E+00 9.256500244E+01 3.431699872E-01 4.967199862E-01 1.159099978E-03
 1.804000058E-04 6.181999925E-05 8.054000139E-01 -4.035899902E+03 -1.557900024E+03 2.965700073E+02 9.682599640E+01 -5.091499805E+00 8.774400330E+01 3.379099965E-01 4.973900020E-01 1.158199972E-03
 1.824500068E-04 6.145999942E-05 8.055400252E-01 -3.511300049E+03 2.034099976E+03 2.968500061E+02 9.535600281E+01 -4.055699825E+00 1.093099976E+02 3.324599862E-01 4.979499876E-01 1.157999970E-03
 1.844999933E-04 6.109999958E-05 8.056600094E-01 -3.487100098E+03 3.920800049E+03 2.969100037E+02 9.405500031E+01 -2.935199976E+00 1.113700027E+02 3.277499974E-01 4.981200099E-01 1.157799968E-03
 1.865499944E-04 6.073999975E-05 8.057299852E-01 -5.531399902E+03 3.754399902E+03 2.971099854E+02 9.295700073E+01 -1.679900050E+00 9.784100342E+01 3.237200081E-01 4.984999895E-01 1.157699968E-03
 1.885999955E-04 6.037999992E-05 8.054699898E-01 -2.605100098E+03 8.249000000E+03 2.973299866E+02 9.185900116E+01 -6.003000140E-01 9.618399811E+01 3.197300136E-01 4.987100065E-01 1.158099971E-03
 1.906499965E-04 6.002000009E-05 8.060299754E-01 2.130500000E+03 5.362299805E+03 2.974200134E+02 9.064800262E+01 4.113099873E-01 1.051299973E+02 3.154599965E-01 4.992100000E-01 1.157299965E-03
 1.926999976E-04 5.966000026E-05 8.067700267E-01 1.907099976E+03 3.865199951E+03 2.973699951E+02 8.955799866E+01 1.751600027E+00 9.979199982E+01 3.117499948E-01 4.995900095E-01 1.156199956E-03
 1.947499986E-04 5.930000043E-05 8.066200018E-01 -4.711399902E+03 5.469799805E+03 2.974400024E+02 8.863700104E+01 3.345599890E+00 1.147699966E+02 3.086799979E-01 4.995999932E-01 1.156399958E-03
 1.967999997E-04 5.894000060E-05 8.062899709E-01 -4.681299805E+03 8.633299805E+03 2.975599976E+02 8.785299683E+01 4.944300175E+00 1.259100037E+02 3.061400056E-01 4.996100068E-01 1.156899962E-03
 1.988500007E-04 5.858000077E-05 8.064799905E-01 6.139799805E+02 1.309400000E+04 2.975599976E+02 8.711799622E+01 6.547100067E+00 1.307400055E+02 3.039599955E-01 4.997200072E-01 1.156599959E-03
 2.009000018E-04 5.822000094E-05 8.065099716E-01 -3.927000000E+03 1.300400000E+04 2.975700073E+02 8.639299774E+01 8.304400444E+00 1.411000061E+02 3.019700050E-01 4.997600019E-01 1.156599959E-03
 2.029500029E-04 5.786000111E-05 8.055700064E-01 -5.570800171E+02 4.971100098E+03 2.975700073E+02 8.582800293E+01 1.010299969E+01 1.204300003E+02 3.006800115E-01 4.991799891E-01 1.157899969E-03
 2.050000039E-04 5.750000128E-05 8.048499823E-01 5.254399902E+03 3.666099854E+02 2.976000061E+02 8.561399841E+01 1.100399971E+01 1.077600021E+02 3.002899885E-01 4.987800121E-01 1.158999978E-03
 0.000000000E+00 7.566699787E-05 1.600700021E+00 -8.057600000E+04 -7.310100000E+04 3.000000000E+02 9.280400085E+01 5.610499859E+00 -1.378300018E+02 3.270399868E-01 1.005699992E+00 5.770800053E-04
 2.049999921E-06 7.603999984E-05 1.599900007E+00 -4.887000000E+04 -3.482300000E+04 2.994899902E+02 9.447799683E+01 6.239399910E+00 -3.949700165E+01 3.308100104E-01 1.000699997E+00 5.801999941E-04
 4.099999842E-06 7.641300181E-05 1.597300053E+00 -7.190500000E+03 2.773600098E+03 2.988299866E+02 9.673999786E+01 7.435699940E+00 4.584700012E+01 3.368499875E-01 9.939900041E-01 5.839799996E-04
 6.149999990E-06 7.678700058E-05 1.593799949E+00 -4.276100098E+03 3.737199951E+03 2.986600037E+02 9.789499664E+01 8.512999535E+00 5.855199814E+01 3.412500024E-01 9.912300110E-01 5.852599861E-04
 8.199999684E-06 7.716000255E-05 1.590399981E+00 -1.107600000E+04 1.228600000E+04 2.984100037E+02 9.909799957E+01 9.461299896E+00 7.631600189E+01 3.458400071E-01 9.882799983E-01 5.865300191E-04
 1.024999983E-05 7.753299724E-05 1.587599993E+00 -3.012900085E+02 1.137300000E+04 2.980000000E+02 1.003600006E+02 1.043500042E+01 8.591500092E+01 3.507899940E-01 9.851899743E-01 5.875399802E-04
 1.229999998E-05 7.790700329E-05 1.585000038E+00 9.006700195E+03 -2.745199951E+03 2.977000122E+02 1.017699966E+02 1.135200024E+01 8.710600281E+01 3.561800122E-01 9.825800061E-01 5.885100109E-04
 1.435000013E-05 7.827999798E-05 1.580199957E+00 5.564700195E+03 -2.128800049E+03 2.974599915E+02 1.036200027E+02 1.215699959E+01 7.798899841E+01 3.630299866E-01 9.788299799E-01 5.902900011E-04
 1.639999937E-05 7.865299995E-05 1.574699998E+00 -7.392100220E+02 1.285900000E+04 2.971900024E+02 1.057600021E+02 1.316899967E+01 8.425700378E+01 3.710300028E-01 9.745399952E-01 5.923699937E-04
 1.845000043E-05 7.902699872E-05 1.570000052E+00 -3.385000000E+03 7.154100098E+03 2.968599854E+02 1.080400009E+02 1.426599979E+01 9.003299713E+01 3.795799911E-01 9.705200195E-01 5.941599957E-04
 2.049999966E-05 7.940000069E-05 1.563799977E+00 -5.270100098E+03 -7.575600098E+03 2.964700012E+02 1.107200012E+02 1.520800018E+01 9.652200317E+01 3.895600140E-01 9.654399753E-01 5.964899901E-04
 2.255000072E-05 7.977300265E-05 1.557000041E+00 -1.222700000E+04 -2.480000000E+03 2.961000061E+02 1.135299988E+02 1.599800014E+01 9.867900085E+01 3.998599946E-01 9.600499868E-01 5.990900099E-04
 2.459999996E-05 8.014700143E-05 1.549499989E+00 -7.784899902E+03 -5.528299805E+03 2.956499939E+02 1.164700012E+02 1.684799957E+01 1.109499969E+02 4.107500017E-01 9.539600015E-01 6.020099972E-04
 2.664999920E-05 8.052000339E-05 1.539899945E+00 -1.175300049E+03 -1.310800000E+04 2.950899963E+02 1.199000015E+02 1.776300049E+01 1.078899994E+02 4.234699905E-01 9.462800026E-01 6.057500141E-04
 2.870000026E-05 8.089299808E-05 1.530400038E+00 -3.172199951E+03 -7.946899902E+03 2.944500122E+02 1.238899994E+02 1.879599953E+01 1.082200012E+02 4.382599890E-01 9.384199977E-01 6.094999844E-04
 3.075000132E-05 8.126699686E-05 1.520099998E+00 6.309399902E+03 -1.497300049E+03 2.937300110E+02 1.284600067E+02 1.986300087E+01 1.184000015E+02 4.551900029E-01 9.297999740E-01 6.136500160E-04
 3.279999873E-05 8.163999883E-05 1.508599997E+00 1.400600000E+04 1.081000000E+04 2.928900146E+02 1.333999939E+02 2.081999969E+01 1.168000031E+02 4.734799862E-01 9.201300144E-01 6.183200167E-04
 3.484999979E-05 8.201300079E-05 1.494899988E+00 3.659699951E+03 2.280300000E+04 2.918200073E+02 1.391100006E+02 2.187000084E+01 1.196299973E+02 4.947299957E-01 9.084100127E-01 6.240099901E-04
 3.690000085E-05 8.238699957E-05 1.476899981E+00 1.027000000E+04 9.537200195E+03 2.907300110E+02 1.456699982E+02 2.308799934E+01 9.723200226E+01 5.191299915E-01 8.941299915E-01 6.316300132E-04
 3.894999827E-05 8.276000153E-05 1.457200050E+00 2.812100000E+04 2.063800049E+03 2.893900146E+02 1.528500061E+02 2.423399925E+01 1.163499985E+02 5.460000038E-01 8.781999946E-01 6.401399733E-04
 4.099999933E-05 8.313300350E-05 1.434599996E+00 2.579700000E+04 9.270799805E+03 2.877000122E+02 1.613300018E+02 2.530200005E+01 1.391000061E+02 5.778099895E-01 8.594999909E-01 6.502700271E-04
 4.305000039E-05 8.350700227E-05 1.405799985E+00 1.980700000E+04 8.417900391E+03 2.858399963E+02 1.713699951E+02 2.631599998E+01 8.558000183E+01 6.155099869E-01 8.367800117E-01 6.636399776E-04
 4.510000144E-05 8.387999696E-05 1.369899988E+00 1.873800000E+04 1.571600000E+04 2.835000000E+02 1.833099976E+02 2.688699913E+01 9.390299988E+01 6.604300141E-01 8.087700009E-01 6.810899940E-04
 4.714999886E-05 8.425299893E-05 1.325299978E+00 3.379800000E+04 8.895599609E+03 2.803800049E+02 1.976499939E+02 2.664599991E+01 9.130100250E+01 7.149500251E-01 7.738900185E-01 7.040699711E-04
 4.919999992E-05 8.462699770E-05 1.269500017E+00 6.283600000E+04 -5.374799805E+03 2.762200012E+02 2.148500061E+02 2.485600090E+01 -2.278599930E+01 7.812100053E-01 7.303900123E-01 7.352000102E-04
 5.125000098E-05 8.499999967E-05 1.195600033E+00 8.143100000E+04 -2.227600000E+04 2.706499939E+02 2.360399933E+02 2.045800018E+01 -1.885099945E+02 8.646900058E-01 6.741099954E-01 7.812299882E-04
 5.329999840E-05 8.466400323E-05 1.102200031E+00 7.583800000E+04 -4.204700000E+04 2.636900024E+02 2.605499878E+02 1.155399990E+01 -3.312999878E+02 9.645900130E-01 6.055999994E-01 8.481399855E-04
 5.534999946E-05 8.432799950E-05 9.995499849E-01 6.913500000E+04 -5.729100000E+04 2.557599945E+02 2.857799988E+02 -2.696899891E+00 -4.112999878E+02 1.073400021E+00 5.328099728E-01 9.358400130E-04
 5.740000051E-05 8.399200306E-05 8.981999755E-01 6.454400000E+04 -6.442600000E+04 2.473000031E+02 3.091000061E+02 -2.044599915E+01 -4.479299927E+02 1.183200002E+00 4.629999995E-01 1.041800017E-03
 5.945000157E-05 8.365599933E-05 8.055499792E-01 4.049100000E+04 -5.912700000E+04 2.392200012E+02 3.287000122E+02 -3.904700089E+01 -3.986499939E+02 1.285300016E+00 4.016399980E-01 1.161499997E-03
 6.150000263E-05 8.332000289E-05 7.258899808E-01 1.226400000E+04 -4.658500000E+04 2.316799927E+02 3.446900024E+02 -5.668700027E+01 -3.002300110E+02 1.378000021E+00 3.505100012E-01 1.288600033E-03
 6.354999641E-05 8.298399916E-05 6.593400240E-01 -8.829799805E+03 -3.268300000E+04 2.246999969E+02 3.578200073E+02 -7.168099976E+01 -1.924600067E+02 1.461599946E+00 3.087300062E-01 1.418099971E-03
 6.559999747E-05 8.264800272E-05 6.048600078E-01 -1.872300000E+04 -2.315100000E+04 2.186799927E+02 3.685299988E+02 -8.327600098E+01 -8.830799866E+01 1.533699989E+00 2.755900025E-01 1.545000006E-03
 6.764999853E-05 8.231199899E-05 5.603700280E-01 -3.081900000E+04 -1.009200000E+04 2.135800018E+02 3.776600037E+02 -9.155599976E+01 3.699500084E+00 1.595999956E+00 2.493299991E-01 1.667000004E-03
 6.969999959E-05 8.197600255E-05 5.235999823E-01 -4.722400000E+04 2.146199951E+03 2.092299957E+02 3.856400146E+02 -9.698999786E+01 6.719100189E+01 1.649999976E+00 2.282000035E-01 1.783399959E-03
 7.175000064E-05 8.163999883E-05 4.933499992E-01 -5.092900000E+04 1.826700000E+04 2.054799957E+02 3.927699890E+02 -1.000599976E+02 9.870600128E+01 1.697100043E+00 2.111500055E-01 1.892299973E-03
 7.380000170E-05 8.130400238E-05 4.683400095E-01 -6.071600000E+04 2.785500000E+04 2.024100037E+02 3.990499878E+02 -1.009300003E+02 1.341300049E+02 1.736400008E+00 1.974299997E-01 1.992899925E-03
 7.585000276E-05 8.096799866E-05 4.474000037E-01 -7.150900000E+04 3.341900000E+04 1.997100067E+02 4.046099854E+02 -1.002600021E+02 1.558899994E+02 1.770300031E+00 1.860900074E-01 2.085899934E-03
 7.789999654E-05 8.063200221E-05 4.295600057E-01 -7.237600000E+04 4.130700000E+04 1.971799927E+02 4.099400024E+02 -9.819400024E+01 1.739700012E+02 1.801699996E+00 1.764000058E-01 2.172299894E-03
 7.994999760E-05 8.029599849E-05 4.138700068E-01 -7.940800000E+04 4.206000000E+04 1.950000000E+02 4.149400024E+02 -9.538600159E+01 1.788099976E+02 1.829800010E+00 1.680800021E-01 2.254599938E-03
 8.199999866E-05 7.996000204E-05 3.998399973E-01 -8.877200000E+04 4.140500000E+04 1.930700073E+02 4.195400085E+02 -9.240599823E+01 1.780399933E+02 1.855499983E+00 1.607699990E-01 2.333600074E-03
 8.404999971E-05 7.962399832E-05 3.871400058E-01 -9.540600000E+04 4.094100000E+04 1.911999969E+02 4.239500122E+02 -8.924800110E+01 1.848399963E+02 1.880399942E+00 1.541599929E-01 2.410100074E-03
 8.610000077E-05 7.928800187E-05 3.750799894E-01 -9.897000000E+04 3.877500000E+04 1.893099976E+02 4.284700012E+02 -8.627700043E+01 1.780399933E+02 1.906499982E+00 1.478800029E-01 2.487600083E-03
 8.815000183E-05 7.895199815E-05 3.634800017E-01 -1.096100000E+05 3.615700000E+04 1.875899963E+02 4.328299866E+02 -8.319000244E+01 1.696600037E+02 1.931300044E+00 1.420000046E-01 2.566999989E-03
 9.020000289E-05 7.861600170E-05 3.524399996E-01 -1.165600000E+05 3.709800000E+04 1.858800049E+02 4.366600037E+02 -8.031600189E+01 1.618999939E+02 1.954399943E+00 1.364299953E-01 2.647399902E-03
 9.224999667E-05 7.827999798E-05 3.420599997E-01 -1.154100000E+05 3.851400000E+04 1.840599976E+02 4.402200012E+02 -7.816500092E+01 1.593500061E+02 1.977900028E+00 1.311199963E-01 2.727699932E-03
 9.429999773E-05 7.794400153E-05 3.320100009E-01 -1.120700000E+05 3.409100000E+04 1.821900024E+02 4.438399963E+02 -7.614900208E+01 1.419600067E+02 2.002300024E+00 1.259700060E-01 2.810300095E-03
 9.634999878E-05 7.760799781E-05 3.222599924E-01 -1.130000000E+05 3.347300000E+04 1.805500031E+02 4.472300110E+02 -7.381300354E+01 1.377599945E+02 2.024600029E+00 1.211699992E-01 2.895300044E-03
 9.839999984E-05 7.727200136E-05 3.130800128E-01 -1.225700000E+05 3.217100000E+04 1.790800018E+02 4.502699890E+02 -7.195700073E+01 1.393399963E+02 2.045000076E+00 1.167600006E-01 2.980000107E-03
 1.004500009E-04 7.693599764E-05 3.044300079E-01 -1.354200000E+05 3.050900000E+04 1.776999969E+02 4.530299988E+02 -7.036499786E+01 1.396300049E+02 2.064100027E+00 1.126499996E-01 3.064800054E-03
 1.025000020E-04 7.660000119E-05 2.959800065E-01 -1.506300000E+05 3.404300000E+04 1.764199982E+02 4.557600098E+02 -6.878099823E+01 1.497400055E+02 2.082600117E+00 1.087400019E-01 3.152200021E-03
 1.045500030E-04 7.626399747E-05 2.878600061E-01 -1.640400000E+05 3.462100000E+04 1.751600037E+02 4.585199890E+02 -6.760700226E+01 1.439799957E+02 2.101700068E+00 1.049999967E-01 3.241100116E-03
 1.065999968E-04 7.592800102E-05 2.800199986E-01 -1.769500000E+05 3.239400000E+04 1.739400024E+02 4.609500122E+02 -6.660199738E+01 1.333099976E+02 2.119299889E+00 1.014299989E-01 3.331799991E-03
 1.086499979E-04 7.559199730E-05 2.725799978E-01 -1.899800000E+05 3.351300000E+04 1.726799927E+02 4.630000000E+02 -6.580500031E+01 1.242799988E+02 2.135799885E+00 9.801699966E-02 3.422700102E-03
 1.106999989E-04 7.525600086E-05 2.657800019E-01 -2.037400000E+05 3.670500000E+04 1.716000061E+02 4.648900146E+02 -6.515000153E+01 1.237900009E+02 2.150700092E+00 9.497500211E-02 3.510300070E-03
 1.127500000E-04 7.491999713E-05 2.596499920E-01 -2.293000000E+05 4.028100000E+04 1.710800018E+02 4.660899963E+02 -6.441300201E+01 1.340099945E+02 2.158900023E+00 9.250400215E-02 3.592999885E-03
 1.148000010E-04 7.458400069E-05 2.568799853E-01 -3.457800000E+05 5.691300000E+04 1.734199982E+02 4.617500000E+02 -6.265100098E+01 1.976799927E+02 2.123899937E+00 9.277000278E-02 3.631300060E-03
 1.168500021E-04 7.424799696E-05 2.770499885E-01 -8.625300000E+05 1.391000000E+05 1.929400024E+02 4.229700012E+02 -5.501900101E+01 5.104700012E+02 1.855200052E+00 1.120399982E-01 3.385100048E-03
 1.189000031E-04 7.391200052E-05 3.731600046E-01 -1.136600000E+06 1.865000000E+05 2.353500061E+02 3.218999939E+02 -3.729800034E+01 9.425300293E+02 1.287799954E+00 1.869200021E-01 2.609000076E-03
 1.209499969E-04 7.357599679E-05 5.493800044E-01 -5.956000000E+05 9.471200000E+04 2.716300049E+02 2.155399933E+02 -1.998999977E+01 7.932100220E+02 7.917500138E-01 3.130599856E-01 1.757099992E-03
 1.230000053E-04 7.324000035E-05 6.944699883E-01 -1.175700000E+05 8.421000000E+03 2.856000061E+02 1.652899933E+02 -1.304599953E+01 2.837500000E+02 5.890300274E-01 4.133000076E-01 1.348900027E-03
 1.250500063E-04 7.290399662E-05 7.488300204E-01 -2.404100000E+04 -4.153200195E+03 2.890700073E+02 1.521199951E+02 -1.209899998E+01 6.154800034E+01 5.386499763E-01 4.507699907E-01 1.245900057E-03
 1.270999928E-04 7.256800018E-05 7.602999806E-01 -1.606300000E+04 -7.122899780E+02 2.898999939E+02 1.486699982E+02 -1.254899979E+01 1.675499916E+01 5.258799791E-01 4.589799941E-01 1.226900029E-03
 1.291499939E-04 7.223199646E-05 7.631999850E-01 -2.017500000E+04 4.872799805E+03 2.904299927E+02 1.464799957E+02 -1.332199955E+01 1.982200050E+01 5.179600120E-01 4.615800083E-01 1.222199993E-03
 1.311999949E-04 7.189600001E-05 7.651900053E-01 -2.141700000E+04 8.654000000E+03 2.908399963E+02 1.441999969E+02 -1.384700012E+01 4.418099976E+01 5.097799897E-01 4.634400010E-01 1.218999969E-03
 1.332499960E-04 7.156000356E-05 7.675200105E-01 -1.712600000E+04 3.585699951E+03 2.911799927E+02 1.418899994E+02 -1.406099987E+01 5.753599930E+01 5.014799833E-01 4.653899968E-01 1.215300057E-03
 1.352999971E-04 7.122399984E-05 7.700700164E-01 -1.344700000E+04 8.043400269E+02 2.915599976E+02 1.394900055E+02 -1.426500034E+01 5.556600189E+01 4.928300083E-01 4.675300121E-01 1.211300027E-03
 1.373499981E-04 7.088800339E-05 7.728300095E-01 -1.097800000E+04 6.799700195E+03 2.919800110E+02 1.371199951E+02 -1.422700024E+01 5.777000046E+01 4.841600060E-01 4.698899984E-01 1.206999994E-03
 1.393999992E-04 7.055199967E-05 7.755399942E-01 -8.456400391E+03 1.025900000E+04 2.922500000E+02 1.348200073E+02 -1.411299992E+01 4.922499847E+01 4.758799970E-01 4.719800055E-01 1.202799962E-03
 1.414500002E-04 7.021600322E-05 7.774800062E-01 -1.337600000E+04 1.243900000E+04 2.925700073E+02 1.325800018E+02 -1.423400021E+01 4.199700165E+01 4.678600132E-01 4.736799896E-01 1.199800055E-03
 1.435000013E-04 6.987999950E-05 7.793499827E-01 -1.699900000E+04 3.700800049E+03 2.930199890E+02 1.303899994E+02 -1.418299961E+01 4.847800064E+01 4.598299861E-01 4.755499959E-01 1.196900033E-03
 1.455500023E-04 6.954400305E-05 7.816699743E-01 -1.791600000E+04 -5.717500000E+03 2.932900085E+02 1.280000000E+02 -1.378999996E+01 6.266699982E+01 4.511600137E-01 4.773899913E-01 1.193300006E-03
 1.476000034E-04 6.920799933E-05 7.843400240E-01 -1.601700000E+04 3.921899902E+03 2.934299927E+02 1.256399994E+02 -1.336299992E+01 7.866100311E+01 4.426499903E-01 4.792599976E-01 1.189299976E-03
 1.496500045E-04 6.887200288E-05 7.871699929E-01 -1.105700000E+04 2.651100098E+03 2.936900024E+02 1.235400009E+02 -1.306200027E+01 9.167500305E+01 4.350500107E-01 4.814099967E-01 1.184999943E-03
 1.517000055E-04 6.853599916E-05 7.888399959E-01 -8.912599609E+03 3.561800049E+03 2.939700012E+02 1.214899979E+02 -1.303600025E+01 7.379399872E+01 4.277000129E-01 4.828900099E-01 1.182500040E-03
 1.537500066E-04 6.820000272E-05 7.898899913E-01 -1.016100000E+04 5.454500000E+03 2.942500000E+02 1.195699997E+02 -1.269400024E+01 5.090499878E+01 4.207000136E-01 4.840100110E-01 1.180900028E-03
 1.557999931E-04 6.786399899E-05 7.910699844E-01 -8.812500000E+03 1.726400024E+03 2.944700012E+02 1.177300034E+02 -1.212199974E+01 6.483100128E+01 4.139100015E-01 4.850899875E-01 1.179200015E-03
 1.578499941E-04 6.752800255E-05 7.922300100E-01 -1.078000000E+04 2.057300049E+03 2.946700134E+02 1.160500031E+02 -1.166399956E+01 6.855000305E+01 4.077799916E-01 4.861199856E-01 1.177400001E-03
 1.598999952E-04 6.719199882E-05 7.934200168E-01 -1.028500000E+04 1.193000000E+03 2.949200134E+02 1.145999985E+02 -1.121399975E+01 7.587100220E+01 4.023799896E-01 4.872699976E-01 1.175699988E-03
 1.619499963E-04 6.685600238E-05 7.949299812E-01 -3.103600098E+03 4.575399902E+03 2.951499939E+02 1.129899979E+02 -1.072200012E+01 8.879199982E+01 3.964900076E-01 4.885799885E-01 1.173399971E-03
 1.639999973E-04 6.651999865E-05 7.963399887E-01 -8.439000000E+03 5.059100098E+03 2.953800049E+02 1.114300003E+02 -1.010099983E+01 9.016300201E+01 3.907099962E-01 4.898200035E-01 1.171399956E-03
 1.660499984E-04 6.618400221E-05 7.977899909E-01 -1.108900000E+04 5.653799805E+03 2.956499939E+02 1.099300003E+02 -9.564800262E+00 9.048799896E+01 3.851499856E-01 4.911699891E-01 1.169200055E-03
 1.680999994E-04 6.584799848E-05 7.988200188E-01 8.478200073E+02 9.589900391E+03 2.957900085E+02 1.083700027E+02 -8.858900070E+00 1.029499969E+02 3.794200122E-01 4.920299947E-01 1.167700044E-03
 1.701500005E-04 6.551200204E-05 7.994800210E-01 4.028300049E+03 8.201299805E+03 2.957999878E+02 1.069300003E+02 -8.223500252E+00 8.256700134E+01 3.742200136E-01 4.924600124E-01 1.166800037E-03
 1.722000015E-04 6.517599832E-05 8.007799983E-01 -1.124199951E+03 9.007299805E+03 2.959700012E+02 1.054599991E+02 -7.465499878E+00 7.721299744E+01 3.688200116E-01 4.935300052E-01 1.164900023E-03
 1.742500026E-04 6.484000187E-05 8.017200232E-01 9.611500244E+02 9.029799805E+03 2.961499939E+02 1.040999985E+02 -6.658800125E+00 9.290399933E+01 3.637799919E-01 4.944199920E-01 1.163500012E-03
 1.763000037E-04 6.450399815E-05 8.028399944E-01 -9.154500122E+02 3.663600098E+03 2.962099915E+02 1.028099976E+02 -6.105400085E+00 8.925000000E+01 3.591499925E-01 4.952099919E-01 1.161900000E-03
 1.783500047E-04 6.416800170E-05 8.040300012E-01 3.332000122E+02 2.803900146E+02 2.961099854E+02 1.014700012E+02 -5.281499863E+00 8.223000336E+01 3.543800116E-01 4.957700074E-01 1.160199987E-03
 1.804000058E-04 6.383199798E-05 8.043799996E-01 1.133699951E+03 -8.563900146E+02 2.962099915E+02 1.002600021E+02 -4.305900097E+00 6.555500031E+01 3.499499857E-01 4.961499870E-01 1.159699983E-03
 1.824500068E-04 6.349600153E-05 8.043500185E-01 -2.618399902E+03 3.024100098E+03 2.965199890E+02 9.909100342E+01 -3.411799908E+00 7.753600311E+01 3.455600142E-01 4.966599941E-01 1.159699983E-03
 1.844999933E-04 6.315999781E-05 8.049100041E-01 -3.980000000E+03 -1.385500000E+03 2.965899963E+02 9.789499664E+01 -2.433199883E+00 8.972100067E+01 3.412599862E-01 4.971199930E-01 1.158899977E-03
 1.865499944E-04 6.282400136E-05 8.056399822E-01 -6.678000000E+03 2.290000000E+03 2.966499939E+02 9.692900085E+01 -1.404500008E+00 9.273300171E+01 3.377799988E-01 4.976800084E-01 1.157799968E-03
 1.885999955E-04 6.248799764E-05 8.058699965E-01 -1.956500000E+03 1.039000000E+04 2.967500000E+02 9.602999878E+01 -2.385700047E-01 1.060199966E+02 3.345600069E-01 4.979900122E-01 1.157499966E-03
 1.906499965E-04 6.215200119E-05 8.061800003E-01 5.785399902E+03 4.182000000E+03 2.968399963E+02 9.491799927E+01 8.238499761E-01 9.822000122E+01 3.306500018E-01 4.983299971E-01 1.157099963E-03
 1.926999976E-04 6.181599747E-05 8.066999912E-01 4.759799805E+03 1.591300049E+03 2.968999939E+02 9.385299683E+01 2.031399965E+00 9.094599915E+01 3.269799948E-01 4.987500012E-01 1.156299957E-03
 1.947499986E-04 6.148000102E-05 8.062000275E-01 -5.347000000E+03 6.699700195E+03 2.971099854E+02 9.304599762E+01 3.517199993E+00 1.072500000E+02 3.242099881E-01 4.987899959E-01 1.156999962E-03
 1.967999997E-04 6.114399730E-05 8.054999709E-01 -4.183899902E+03 8.897700195E+03 2.972300110E+02 9.235399628E+01 4.973800182E+00 1.090999985E+02 3.219699860E-01 4.985600114E-01 1.157999970E-03
 1.988500007E-04 6.080800085E-05 8.050900102E-01 6.137100220E+02 7.038799805E+03 2.972500000E+02 9.170999908E+01 6.564499855E+00 1.188199997E+02 3.200699985E-01 4.983400106E-01 1.158599975E-03
 2.009000018E-04 6.047200077E-05 8.044599891E-01 1.767500000E+03 9.044700195E+03 2.972300110E+02 9.118499756E+01 8.238300323E+00 1.292700043E+02 3.187299967E-01 4.979200065E-01 1.159499981E-03
 2.029500029E-04 6.013600068E-05 8.040400147E-01 6.538500000E+03 3.461800049E+03 2.971099854E+02 9.077799988E+01 9.870400429E+00 1.132900009E+02 3.179500103E-01 4.974600077E-01 1.160099986E-03
 2.050000039E-04 5.980000060E-05 8.037700057E-01 8.091799805E+03 -4.644500000E+03 2.971099854E+02 9.062400055E+01 1.066100025E+01 1.035800018E+02 3.177100122E-01 4.972999990E-01 1.160499989E-03
 0.000000000E+00 7.683299918E-05 1.600700021E+00 -8.668800000E+04 -7.016400000E+04 3.000000000E+02 9.529199982E+01 5.591899872E+00 -1.378800049E+02 3.349500000E-01 1.004799962E+00 5.777400220E-04
 2.049999921E-06 7.717999688E-05 1.600399971E+00 -4.976300000E+04 -3.695400000E+04 2.993800049E+02 9.671399689E+01 6.140299797E+00 -3.841699982E+01 3.382399976E-01 1.000100017E+00 5.803700187E-04
 4.099999842E-06 7.752700185E-05 1.597399950E+00 2.170800018E+02 6.895600098E+03 2.986600037E+02 9.862799835E+01 7.303299904E+00 4.156999969E+01 3.434500098E-01 9.934499860E-01 5.839699879E-04
 6.149999990E-06 7.787300274E-05 1.592700005E+00 3.315199951E+03 3.879699951E+03 2.985400085E+02 9.963800049E+01 8.367899895E+00 3.588000107E+01 3.472999930E-01 9.901199937E-01 5.856800126E-04
 8.199999684E-06 7.822000043E-05 1.589100003E+00 -6.688000000E+03 4.190899902E+03 2.983699951E+02 1.006100006E+02 9.265199661E+00 5.500699997E+01 3.510299921E-01 9.873499870E-01 5.869899760E-04
 1.024999983E-05 7.856699813E-05 1.586500049E+00 -4.255899902E+03 1.102500000E+04 2.981099854E+02 1.016600037E+02 1.014099979E+01 9.123899841E+01 3.551000059E-01 9.848999977E-01 5.879499950E-04
 1.229999998E-05 7.891299902E-05 1.583699942E+00 -4.440000000E+03 4.402999878E+02 2.977999878E+02 1.030299988E+02 1.091199970E+01 8.276399994E+01 3.603099883E-01 9.821100235E-01 5.889899912E-04
 1.435000013E-05 7.925999671E-05 1.579100013E+00 -7.112700195E+02 3.294300049E+03 2.974599915E+02 1.047600021E+02 1.158399963E+01 4.817900085E+01 3.667399883E-01 9.781200290E-01 5.907199811E-04
 1.639999937E-05 7.960700168E-05 1.574300051E+00 6.921399902E+03 1.030900000E+04 2.971499939E+02 1.067600021E+02 1.246100044E+01 5.996200180E+01 3.742200136E-01 9.741799831E-01 5.924999714E-04
 1.845000043E-05 7.995300257E-05 1.569300056E+00 6.170899902E+03 5.864899902E+03 2.967799988E+02 1.091800003E+02 1.344999981E+01 6.874800110E+01 3.832400143E-01 9.698600173E-01 5.943899741E-04
 2.049999966E-05 8.030000026E-05 1.563699961E+00 -6.998100098E+03 -1.011299992E+01 2.963500061E+02 1.119800034E+02 1.440699959E+01 7.764499664E+01 3.936200142E-01 9.649900198E-01 5.965399905E-04
 2.255000072E-05 8.064699796E-05 1.556800008E+00 -9.568599609E+03 7.693699951E+02 2.960400085E+02 1.147200012E+02 1.524699974E+01 7.332399750E+01 4.036599994E-01 9.597200155E-01 5.991799990E-04
 2.459999996E-05 8.099299885E-05 1.548099995E+00 6.145499878E+02 -1.285000000E+03 2.956799927E+02 1.176600037E+02 1.601300049E+01 9.222000122E+01 4.144400060E-01 9.531900287E-01 6.025499897E-04
 2.664999920E-05 8.133999654E-05 1.539100051E+00 3.431399902E+03 -1.021800000E+04 2.950599976E+02 1.210999985E+02 1.680299950E+01 9.895099640E+01 4.271599948E-01 9.456999898E-01 6.060600281E-04
 2.870000026E-05 8.168700151E-05 1.529800057E+00 2.122100098E+03 -1.053700000E+04 2.943800049E+02 1.250999985E+02 1.762999916E+01 9.531700134E+01 4.419200122E-01 9.378299713E-01 6.097399746E-04
 3.075000132E-05 8.203300240E-05 1.519500017E+00 9.642500000E+02 -2.824399902E+03 2.936099854E+02 1.298200073E+02 1.869000053E+01 1.038000031E+02 4.593699872E-01 9.290099740E-01 6.139099714E-04
 3.279999873E-05 8.238000009E-05 1.508200049E+00 1.475800000E+04 1.739300000E+04 2.926600037E+02 1.348200073E+02 1.958699989E+01 8.275199890E+01 4.779199958E-01 9.191499949E-01 6.184999947E-04
 3.484999979E-05 8.272699779E-05 1.494300008E+00 9.098599609E+03 2.314400000E+04 2.917000122E+02 1.403000031E+02 2.050499916E+01 8.012699890E+01 4.982399940E-01 9.077000022E-01 6.242599920E-04
 3.690000085E-05 8.307299868E-05 1.475700021E+00 6.093500000E+03 4.395100098E+03 2.906799927E+02 1.467200012E+02 2.163699913E+01 7.907700348E+01 5.220500231E-01 8.932800293E-01 6.321300170E-04
 3.894999827E-05 8.341999637E-05 1.456200004E+00 2.299300000E+04 6.928600098E+03 2.893099976E+02 1.539299927E+02 2.262800026E+01 9.688400269E+01 5.489799976E-01 8.773000240E-01 6.405999884E-04
 4.099999933E-05 8.376700134E-05 1.433899999E+00 2.208100000E+04 6.210399902E+03 2.877999878E+02 1.623399963E+02 2.352300072E+01 1.214800034E+02 5.803300142E-01 8.593500257E-01 6.506000063E-04
 4.305000039E-05 8.411300223E-05 1.404099941E+00 2.432500000E+04 2.690399902E+03 2.859899902E+02 1.724400024E+02 2.442000008E+01 9.679699707E+01 6.180999875E-01 8.362299800E-01 6.644499954E-04
 4.510000144E-05 8.445999993E-05 1.368000031E+00 2.804100000E+04 1.261900000E+04 2.835299988E+02 1.841699982E+02 2.496500015E+01 9.087200165E+01 6.624799967E-01 8.077600002E-01 6.819900009E-04
 4.714999886E-05 8.480699762E-05 1.324399948E+00 5.027500000E+04 4.487000000E+03 2.804599915E+02 1.979700012E+02 2.454800034E+01 9.600099945E+01 7.150099874E-01 7.735400200E-01 7.045799866E-04
 4.919999992E-05 8.515299851E-05 1.270499945E+00 7.002300000E+04 -1.840500000E+03 2.764200134E+02 2.146199951E+02 2.274099922E+01 4.138899803E+00 7.792400122E-01 7.314500213E-01 7.346100174E-04
 5.125000098E-05 8.550000348E-05 1.200000048E+00 6.904900000E+04 -1.044200000E+04 2.710400085E+02 2.349700012E+02 1.887299919E+01 -1.634900055E+02 8.596600294E-01 6.775599718E-01 7.782399771E-04
 5.329999840E-05 8.518800314E-05 1.112100005E+00 7.041600000E+04 -3.720900000E+04 2.643599854E+02 2.582399902E+02 1.105399990E+01 -2.950100098E+02 9.546899796E-01 6.125599742E-01 8.402999956E-04
 5.534999946E-05 8.487600280E-05 1.015499949E+00 7.281500000E+04 -5.297600000E+04 2.567600098E+02 2.822200012E+02 -1.578199983E+00 -3.822399902E+02 1.057800055E+00 5.434100032E-01 9.207599796E-04
 5.740000051E-05 8.456400246E-05 9.178100228E-01 6.651800000E+04 -5.241800000E+04 2.486499939E+02 3.049500122E+02 -1.727099991E+01 -4.157500000E+02 1.163300037E+00 4.756500125E-01 1.019199961E-03
 5.945000157E-05 8.425200213E-05 8.270400167E-01 4.780100000E+04 -5.417700000E+04 2.406600037E+02 3.247300110E+02 -3.399700165E+01 -3.707200012E+02 1.263900042E+00 4.148299992E-01 1.131099998E-03
 6.150000263E-05 8.394000179E-05 7.470099926E-01 2.422600000E+04 -4.711400000E+04 2.331900024E+02 3.414899902E+02 -5.031600189E+01 -2.825899963E+02 1.357200027E+00 3.630500138E-01 1.252099988E-03
 6.354999641E-05 8.362800145E-05 6.780200005E-01 1.137399979E+02 -3.575500000E+04 2.262400055E+02 3.556099854E+02 -6.453399658E+01 -1.935599976E+02 1.442600012E+00 3.196699917E-01 1.379000023E-03
 6.559999747E-05 8.331600111E-05 6.207799911E-01 -1.811100000E+04 -2.650600000E+04 2.201300049E+02 3.670400085E+02 -7.594000244E+01 -1.187300034E+02 1.516499996E+00 2.847200036E-01 1.505400054E-03
 6.764999853E-05 8.300400077E-05 5.731800199E-01 -3.094200000E+04 -9.251799805E+03 2.148500061E+02 3.768999939E+02 -8.441100311E+01 -3.455699921E+01 1.581699967E+00 2.565700114E-01 1.629999955E-03
 6.969999959E-05 8.269200043E-05 5.333799720E-01 -4.234000000E+04 9.445999756E+02 2.101499939E+02 3.857900085E+02 -9.033599854E+01 3.515599823E+01 1.640599966E+00 2.335000038E-01 1.750999945E-03
 7.175000064E-05 8.238000009E-05 5.000699759E-01 -4.779000000E+04 1.271400000E+04 2.059600067E+02 3.935499878E+02 -9.402799988E+01 8.157099915E+01 1.692299962E+00 2.145400047E-01 1.867200015E-03
 7.380000170E-05 8.206799976E-05 4.721199870E-01 -5.870800000E+04 2.255700000E+04 2.025500031E+02 4.002500000E+02 -9.543900299E+01 1.233399963E+02 1.735200047E+00 1.991699934E-01 1.977199921E-03
 7.585000276E-05 8.175599942E-05 4.489800036E-01 -7.298600000E+04 3.025000000E+04 1.996399994E+02 4.062600098E+02 -9.551899719E+01 1.361799927E+02 1.772699952E+00 1.866900027E-01 2.078799997E-03
 7.789999654E-05 8.144399908E-05 4.290100038E-01 -7.420700000E+04 3.908500000E+04 1.969600067E+02 4.120700073E+02 -9.409400177E+01 1.546600037E+02 1.807600021E+00 1.759800017E-01 2.175299916E-03
 7.994999760E-05 8.113199874E-05 4.118500054E-01 -8.380600000E+04 3.879400000E+04 1.946699982E+02 4.174400024E+02 -9.161399841E+01 1.677100067E+02 1.838400006E+00 1.669699997E-01 2.265699906E-03
 8.199999866E-05 8.081999840E-05 3.973599970E-01 -9.657300000E+04 3.929900000E+04 1.925700073E+02 4.222500000E+02 -8.892299652E+01 1.596600037E+02 1.866199970E+00 1.593600065E-01 2.348199952E-03
 8.404999971E-05 8.050799806E-05 3.843699992E-01 -1.004700000E+05 3.998100000E+04 1.904900055E+02 4.265700073E+02 -8.580200195E+01 1.702200012E+02 1.892099977E+00 1.524800062E-01 2.427499974E-03
 8.610000077E-05 8.019599773E-05 3.717100024E-01 -9.859500000E+04 3.758000000E+04 1.885299988E+02 4.308800049E+02 -8.255500031E+01 1.756999969E+02 1.917600036E+00 1.459400058E-01 2.510299906E-03
 8.815000183E-05 7.988399739E-05 3.596999943E-01 -1.058800000E+05 3.760700000E+04 1.867899933E+02 4.351499939E+02 -7.932099915E+01 1.643099976E+02 1.942399979E+00 1.399199963E-01 2.593999961E-03
 9.020000289E-05 7.957199705E-05 3.490099907E-01 -1.140400000E+05 3.884000000E+04 1.851199951E+02 4.390000000E+02 -7.641200256E+01 1.596799927E+02 1.965600014E+00 1.345500052E-01 2.673299983E-03
 9.224999667E-05 7.925999671E-05 3.388999999E-01 -1.111700000E+05 3.551100000E+04 1.833300018E+02 4.425000000E+02 -7.393099976E+01 1.572100067E+02 1.988499999E+00 1.293900013E-01 2.753099892E-03
 9.429999773E-05 7.894799637E-05 3.286100030E-01 -1.124000000E+05 3.144900000E+04 1.815000000E+02 4.460599976E+02 -7.154100037E+01 1.340200043E+02 2.012500048E+00 1.242100000E-01 2.839399967E-03
 9.634999878E-05 7.863600331E-05 3.189499974E-01 -1.199600000E+05 3.204600000E+04 1.799100037E+02 4.494100037E+02 -6.934999847E+01 1.302599945E+02 2.034600019E+00 1.194999963E-01 2.925300039E-03
 9.839999984E-05 7.832400297E-05 3.102400005E-01 -1.313500000E+05 3.072400000E+04 1.785500031E+02 4.523099976E+02 -6.734200287E+01 1.314199982E+02 2.053900003E+00 1.153500006E-01 3.007400082E-03
 1.004500009E-04 7.801200263E-05 3.018000126E-01 -1.432400000E+05 3.013100000E+04 1.771699982E+02 4.551300049E+02 -6.538099670E+01 1.314199982E+02 2.073199987E+00 1.113499999E-01 3.091400024E-03
 1.025000020E-04 7.770000229E-05 2.937099934E-01 -1.526600000E+05 3.221300000E+04 1.757599945E+02 4.579200134E+02 -6.379299927E+01 1.372299957E+02 2.092999935E+00 1.075000018E-01 3.176599974E-03
 1.045500030E-04 7.738800196E-05 2.859300077E-01 -1.669700000E+05 3.334900000E+04 1.745399933E+02 4.603999939E+02 -6.245000076E+01 1.382799988E+02 2.110599995E+00 1.039299965E-01 3.262999933E-03
 1.065999968E-04 7.707600162E-05 2.784500122E-01 -1.852100000E+05 3.267200000E+04 1.733699951E+02 4.627500000E+02 -6.124300003E+01 1.301499939E+02 2.127599955E+00 1.005299985E-01 3.350599902E-03
 1.086499979E-04 7.676400128E-05 2.715899944E-01 -1.991200000E+05 3.200100000E+04 1.722400055E+02 4.649400024E+02 -6.049399948E+01 1.166999969E+02 2.144099951E+00 9.741199762E-02 3.435200080E-03
 1.106999989E-04 7.645200094E-05 2.648899853E-01 -2.082400000E+05 3.191500000E+04 1.712200012E+02 4.668599854E+02 -5.969300079E+01 1.174499969E+02 2.158699989E+00 9.445100278E-02 3.522000043E-03
 1.127500000E-04 7.614000060E-05 2.585699856E-01 -2.268500000E+05 3.443500000E+04 1.705299988E+02 4.682600098E+02 -5.890299988E+01 1.239599991E+02 2.168999910E+00 9.182400256E-02 3.607999999E-03
 1.148000010E-04 7.582800026E-05 2.552599907E-01 -3.246200000E+05 4.743500000E+04 1.723500061E+02 4.648599854E+02 -5.748600006E+01 1.640800018E+02 2.141499996E+00 9.160999954E-02 3.654399887E-03
 1.168500021E-04 7.551599992E-05 2.717300057E-01 -8.084500000E+05 1.147800000E+05 1.895899963E+02 4.308299866E+02 -5.155400085E+01 4.148900146E+02 1.901299953E+00 1.078300029E-01 3.446599934E-03
 1.189000031E-04 7.520399959E-05 3.585700095E-01 -1.160800000E+06 1.652100000E+05 2.310399933E+02 3.337799988E+02 -3.641400146E+01 8.259899902E+02 1.347599983E+00 1.763499975E-01 2.705200110E-03
 1.209499969E-04 7.489199925E-05 5.311499834E-01 -6.706100000E+05 9.047700000E+04 2.693900146E+02 2.232899933E+02 -2.020700073E+01 7.476099854E+02 8.241500258E-01 3.005900085E-01 1.824900042E-03
 1.230000053E-04 7.457999891E-05 6.848999858E-01 -1.360500000E+05 1.307100000E+04 2.850700073E+02 1.670599976E+02 -1.296800041E+01 2.845199890E+02 5.958999991E-01 4.069499969E-01 1.369699952E-03
 1.250500063E-04 7.426799857E-05 7.469900250E-01 -3.173300000E+04 -6.555300293E+02 2.891600037E+02 1.519199982E+02 -1.152999973E+01 5.979499817E+01 5.377299786E-01 4.498099983E-01 1.248999964E-03
 1.270999928E-04 7.395599823E-05 7.603600025E-01 -1.629600000E+04 2.093399902E+03 2.900000000E+02 1.483200073E+02 -1.168900013E+01 1.244699955E+01 5.243099928E-01 4.591799974E-01 1.226800028E-03
 1.291499939E-04 7.364399789E-05 7.634699941E-01 -1.290100000E+04 3.472100098E+03 2.904200134E+02 1.464499969E+02 -1.215400028E+01 1.906200027E+01 5.174999833E-01 4.617300034E-01 1.221799990E-03
 1.311999949E-04 7.333199756E-05 7.656000257E-01 -1.728400000E+04 1.217000000E+03 2.908299866E+02 1.444499969E+02 -1.256499958E+01 4.766999817E+01 5.102599859E-01 4.636600018E-01 1.218399964E-03
 1.332499960E-04 7.301999722E-05 7.681199908E-01 -1.862900000E+04 -3.086300049E+03 2.912200012E+02 1.421100006E+02 -1.279899979E+01 4.781900024E+01 5.018000007E-01 4.658100009E-01 1.214400050E-03
 1.352999971E-04 7.270799688E-05 7.705000043E-01 -1.512600000E+04 -5.997799805E+03 2.915599976E+02 1.398899994E+02 -1.298200035E+01 2.608399963E+01 4.937900007E-01 4.678100049E-01 1.210600021E-03
 1.373499981E-04 7.239599654E-05 7.727199793E-01 -1.532900000E+04 4.386500000E+03 2.919400024E+02 1.378200073E+02 -1.306599998E+01 2.302300072E+01 4.862700105E-01 4.697600007E-01 1.207199995E-03
 1.393999992E-04 7.208400348E-05 7.749199867E-01 -1.984800000E+04 8.459599609E+03 2.922500000E+02 1.358500061E+02 -1.299100018E+01 3.514300156E+01 4.790900052E-01 4.715999961E-01 1.203699969E-03
 1.414500002E-04 7.177200314E-05 7.771800160E-01 -2.307900000E+04 8.502599609E+03 2.925499878E+02 1.338300018E+02 -1.306900024E+01 2.962000084E+01 4.718100131E-01 4.734500051E-01 1.200199942E-03
 1.435000013E-04 7.146000280E-05 7.790099978E-01 -1.869600000E+04 5.247299805E+03 2.929500122E+02 1.317299957E+02 -1.297700024E+01 2.723399925E+01 4.641200006E-01 4.752199948E-01 1.197400037E-03
 1.455500023E-04 7.114800246E-05 7.814400196E-01 -1.410400000E+04 -2.965799866E+02 2.931799927E+02 1.295099945E+02 -1.252400017E+01 3.879499817E+01 4.560399950E-01 4.770900011E-01 1.193700009E-03
 1.476000034E-04 7.083600212E-05 7.845299840E-01 -5.075600098E+03 9.920999756E+02 2.933399963E+02 1.273700027E+02 -1.231000042E+01 5.365200043E+01 4.483900070E-01 4.792299867E-01 1.188999973E-03
 1.496500045E-04 7.052400179E-05 7.869799733E-01 7.851100159E+01 2.798600098E+03 2.936400146E+02 1.254199982E+02 -1.200899982E+01 7.391400146E+01 4.412800074E-01 4.812200069E-01 1.185299945E-03
 1.517000055E-04 7.021200145E-05 7.881500125E-01 -7.072000000E+03 6.468700195E+03 2.939700012E+02 1.234899979E+02 -1.178199959E+01 5.675899887E+01 4.342299998E-01 4.824700058E-01 1.183500048E-03
 1.537500066E-04 6.990000111E-05 7.890899777E-01 -1.501300000E+04 5.033200195E+03 2.942699890E+02 1.216399994E+02 -1.158399963E+01 3.082200050E+01 4.274899960E-01 4.835399985E-01 1.182100037E-03
 1.557999931E-04 6.958800077E-05 7.910799980E-01 -9.887599609E+03 2.939399902E+03 2.943399963E+02 1.198000031E+02 -1.116100025E+01 4.347700119E+01 4.208999872E-01 4.848800004E-01 1.179200015E-03
 1.578499941E-04 6.927600043E-05 7.929300070E-01 -3.720899902E+03 1.957199951E+03 2.943900146E+02 1.179800034E+02 -1.084399986E+01 5.038499832E+01 4.144299924E-01 4.860900044E-01 1.176399994E-03
 1.598999952E-04 6.896400009E-05 7.940899730E-01 -7.632100098E+03 -1.692000008E+01 2.947200012E+02 1.164199982E+02 -1.035900021E+01 5.999399948E+01 4.085800052E-01 4.873499870E-01 1.174699981E-03
 1.619499963E-04 6.865199975E-05 7.948799729E-01 -7.902500000E+03 3.431399902E+03 2.951300049E+02 1.150000000E+02 -9.808400154E+00 8.108399963E+01 4.032000005E-01 4.885100126E-01 1.173499972E-03
 1.639999973E-04 6.833999942E-05 7.961999774E-01 -1.036700000E+04 6.169200195E+03 2.952799988E+02 1.134700012E+02 -9.275799751E+00 8.299400330E+01 3.975999951E-01 4.895800054E-01 1.171599957E-03
 1.660499984E-04 6.802799908E-05 7.977100015E-01 -1.145000000E+04 4.560500000E+03 2.954299927E+02 1.120500031E+02 -8.763699532E+00 8.913999939E+01 3.924300075E-01 4.907400012E-01 1.169400057E-03
 1.680999994E-04 6.771599874E-05 7.984300256E-01 -4.470500000E+03 5.602800293E+02 2.956600037E+02 1.107900009E+02 -8.071399689E+00 9.622799683E+01 3.877300024E-01 4.915699959E-01 1.168300048E-03
 1.701500005E-04 6.740399840E-05 7.991300225E-01 1.747700043E+02 3.429100098E+03 2.957399902E+02 1.095100021E+02 -7.450500011E+00 6.899700165E+01 3.830499947E-01 4.921300113E-01 1.167300041E-03
 1.722000015E-04 6.709199806E-05 8.002799749E-01 -2.830399902E+03 8.923200195E+03 2.958500061E+02 1.081299973E+02 -6.773099899E+00 6.270800018E+01 3.780199885E-01 4.930300117E-01 1.165600028E-03
 1.742500026E-04 6.677999772E-05 8.013700247E-01 -2.776100098E+03 7.244399902E+03 2.960000000E+02 1.068199997E+02 -5.993800163E+00 7.643800354E+01 3.731899858E-01 4.939500093E-01 1.164000016E-03
 1.763000037E-04 6.646799739E-05 8.024600148E-01 6.872000122E+02 5.849200195E+03 2.960799866E+02 1.055299988E+02 -5.412600040E+00 7.816699982E+01 3.685599864E-01 4.947600067E-01 1.162400004E-03
 1.783500047E-04 6.615599705E-05 8.033599854E-01 7.353000000E+03 2.267899902E+03 2.960499878E+02 1.042600021E+02 -4.572899818E+00 7.647299957E+01 3.639999926E-01 4.952700138E-01 1.161099994E-03
 1.804000058E-04 6.584399671E-05 8.034300208E-01 6.954199829E+02 -2.382000000E+03 2.961300049E+02 1.031999969E+02 -3.703200102E+00 7.248999786E+01 3.601599932E-01 4.954299927E-01 1.160999993E-03
 1.824500068E-04 6.553199637E-05 8.040500283E-01 -5.458100098E+03 3.444899902E+02 2.963099976E+02 1.021200027E+02 -2.822499990E+00 6.734100342E+01 3.561800122E-01 4.961200058E-01 1.160099986E-03
 1.844999933E-04 6.522000331E-05 8.050100207E-01 -1.409599976E+03 -1.715900024E+03 2.963599854E+02 1.010699997E+02 -1.966099977E+00 6.826599884E+01 3.524000049E-01 4.968000054E-01 1.158699975E-03
 1.865499944E-04 6.490800297E-05 8.052300215E-01 -3.482000000E+03 -1.590199951E+03 2.963999939E+02 1.002099991E+02 -1.107100010E+00 8.656400299E+01 3.493500054E-01 4.970000088E-01 1.158399973E-03
 1.885999955E-04 6.459600263E-05 8.055999875E-01 -8.258499756E+02 4.708700195E+03 2.963500061E+02 9.944799805E+01 8.811099827E-02 1.024499969E+02 3.467000127E-01 4.971399903E-01 1.157899969E-03
 1.906499965E-04 6.428400229E-05 8.058400154E-01 2.698600098E+03 -1.500300049E+03 2.964100037E+02 9.870300293E+01 1.193600059E+00 9.310399628E+01 3.440900147E-01 4.973999858E-01 1.157599967E-03
 1.926999976E-04 6.397200195E-05 8.064600229E-01 3.346700134E+02 -1.405199951E+03 2.965199890E+02 9.780899811E+01 2.355400085E+00 9.500199890E+01 3.409900069E-01 4.979600012E-01 1.156699960E-03
 1.947499986E-04 6.366000162E-05 8.063799739E-01 -9.816799927E+02 7.446500000E+03 2.965700073E+02 9.711699677E+01 3.638600111E+00 9.851000214E+01 3.386900127E-01 4.979999959E-01 1.156799961E-03
 1.967999997E-04 6.334800128E-05 8.048800230E-01 -5.779600098E+03 4.098600098E+03 2.967600098E+02 9.672699738E+01 4.959899902E+00 9.636299896E+01 3.374300003E-01 4.973900020E-01 1.158899977E-03
 1.988500007E-04 6.303600094E-05 8.041499853E-01 -1.105600000E+04 1.013299988E+03 2.969899902E+02 9.624700165E+01 6.438899994E+00 1.002699966E+02 3.359299898E-01 4.973300099E-01 1.159999985E-03
 2.009000018E-04 6.272400060E-05 8.031600118E-01 -4.664000000E+03 4.556299805E+03 2.969899902E+02 9.590499878E+01 8.037199974E+00 1.044599991E+02 3.351700008E-01 4.967100024E-01 1.161399996E-03
 2.029500029E-04 6.241200026E-05 8.025299907E-01 4.439200195E+03 6.413200195E+03 2.967500000E+02 9.568199921E+01 9.572899818E+00 1.083600006E+02 3.350200057E-01 4.959200025E-01 1.162300003E-03
 2.050000039E-04 6.209999992E-05 8.027899861E-01 7.731000000E+03 5.054200195E+03 2.966400146E+02 9.552400208E+01 1.024100018E+01 1.006299973E+02 3.347600102E-01 4.959000051E-01 1.162000000E-03
 0.000000000E+00 7.799999730E-05 1.600700021E+00 -9.550300000E+04 -5.484700000E+04 3.000000000E+02 9.738899994E+01 5.515200138E+00 -1.676999969E+02 3.415099978E-01 1.003800035E+00 5.781900254E-04
 2.049999921E-06 7.832000119E-05 1.600600004E+00 -4.816900000E+04 -2.656200000E+04 2.991799927E+02 9.846299744E+01 6.081500053E+00 -6.293099976E+01 3.440600038E-01 9.991300106E-01 5.804999964E-04
 4.099999842E-06 7.863999781E-05 1.597200036E+00 -3.366600037E+01 8.956500000E+03 2.983399963E+02 9.995300293E+01 7.223499775E+00 4.843099976E+01 3.481999934E-01 9.922699928E-01 5.840199883E-04
 6.149999990E-06 7.896000170E-05 1.592200041E+00 -6.491399902E+03 -4.682500000E+03 2.982999878E+02 1.008099976E+02 8.217000008E+00 2.928000069E+01 3.514699936E-01 9.890199900E-01 5.858599907E-04
 8.199999684E-06 7.927999832E-05 1.589300036E+00 -1.427900000E+04 -1.214100000E+04 2.982000122E+02 1.016600037E+02 9.086500168E+00 2.557600021E+01 3.546999991E-01 9.868999720E-01 5.869200104E-04
 1.024999983E-05 7.960000221E-05 1.585800052E+00 -1.273200000E+04 9.270200195E+02 2.980400085E+02 1.026399994E+02 9.842399597E+00 6.732299805E+01 3.584499955E-01 9.842200279E-01 5.882200203E-04
 1.229999998E-05 7.991999883E-05 1.581900001E+00 -1.344400000E+04 2.493800049E+03 2.977999878E+02 1.039899979E+02 1.042199993E+01 5.568700027E+01 3.634600043E-01 9.809899926E-01 5.896699731E-04
 1.435000013E-05 8.024000272E-05 1.577499986E+00 -7.500100098E+03 1.149400000E+04 2.975000000E+02 1.056800003E+02 1.103699970E+01 3.310400009E+01 3.697000146E-01 9.772499800E-01 5.913299974E-04
 1.639999937E-05 8.055999933E-05 1.572600007E+00 5.294399902E+03 1.025200000E+04 2.971300049E+02 1.076399994E+02 1.175699997E+01 4.196599960E+01 3.769899905E-01 9.730200171E-01 5.931699998E-04
 1.845000043E-05 8.088000322E-05 1.568199992E+00 2.325600098E+03 6.695200195E+03 2.967300110E+02 1.099700012E+02 1.250699997E+01 3.695299911E+01 3.855899870E-01 9.690200090E-01 5.948200123E-04
 2.049999966E-05 8.119999984E-05 1.563199997E+00 -2.047099976E+03 1.206300000E+04 2.962799988E+02 1.126600037E+02 1.347200012E+01 5.409899902E+01 3.955999911E-01 9.644399881E-01 5.967299803E-04
 2.255000072E-05 8.151999646E-05 1.555999994E+00 -5.721900024E+02 1.108800000E+04 2.959800110E+02 1.155599976E+02 1.442599964E+01 5.590800095E+01 4.062399864E-01 9.590200186E-01 5.995099782E-04
 2.459999996E-05 8.184000035E-05 1.547199965E+00 -3.805800049E+03 4.154399902E+03 2.956700134E+02 1.187200012E+02 1.513799953E+01 5.853799820E+01 4.176999927E-01 9.526399970E-01 6.028800271E-04
 2.664999920E-05 8.215999696E-05 1.538599968E+00 2.568099976E+02 -3.411800049E+03 2.949700012E+02 1.221999969E+02 1.582199955E+01 7.019699860E+01 4.305799901E-01 9.450500011E-01 6.062799948E-04
 2.870000026E-05 8.248000086E-05 1.529299974E+00 6.379600098E+03 -2.163000000E+03 2.942799988E+02 1.261100006E+02 1.646800041E+01 7.997699738E+01 4.449500144E-01 9.371600151E-01 6.099599996E-04
 3.075000132E-05 8.279999747E-05 1.518599987E+00 9.588099609E+03 6.741899902E+03 2.935000000E+02 1.306000061E+02 1.732099915E+01 9.345200348E+01 4.615300000E-01 9.281499982E-01 6.142500206E-04
 3.279999873E-05 8.312000136E-05 1.506199956E+00 2.074300000E+04 1.577800000E+04 2.926199951E+02 1.356799927E+02 1.822200012E+01 8.852999878E+01 4.803099930E-01 9.178199768E-01 6.193100126E-04
 3.484999979E-05 8.343999798E-05 1.492599964E+00 3.593900000E+04 2.059100000E+04 2.917500000E+02 1.412500000E+02 1.914699936E+01 8.590799713E+01 5.008500218E-01 9.068300128E-01 6.249599974E-04
 3.690000085E-05 8.376000187E-05 1.475499988E+00 2.300000000E+04 1.081700000E+04 2.906900024E+02 1.476499939E+02 2.013599968E+01 8.143000031E+01 5.245500207E-01 8.931599855E-01 6.322300178E-04
 3.894999827E-05 8.407999849E-05 1.455700040E+00 1.312800000E+04 1.950899963E+02 2.893299866E+02 1.549400024E+02 2.096599960E+01 1.073199997E+02 5.516800284E-01 8.770800233E-01 6.408200134E-04
 4.099999933E-05 8.440000238E-05 1.432899952E+00 2.479400000E+04 -4.328199863E+00 2.877699890E+02 1.631799927E+02 2.173200035E+01 1.208899994E+02 5.824099779E-01 8.586999774E-01 6.510299863E-04
 4.305000039E-05 8.471999899E-05 1.403399944E+00 2.987200000E+04 7.139000000E+03 2.858900146E+02 1.730399933E+02 2.253800011E+01 9.819999695E+01 6.194199920E-01 8.355100155E-01 6.647700211E-04
 4.510000144E-05 8.504000289E-05 1.367599964E+00 3.363700000E+04 1.003600000E+04 2.834800110E+02 1.845599976E+02 2.300499916E+01 6.585800171E+01 6.630100012E-01 8.073599935E-01 6.822000141E-04
 4.714999886E-05 8.535999950E-05 1.324399948E+00 5.487300000E+04 2.566600098E+03 2.804599915E+02 1.981799927E+02 2.249900055E+01 4.404199982E+01 7.148900032E-01 7.735599875E-01 7.045399980E-04
 4.919999992E-05 8.568000339E-05 1.271600008E+00 6.647700000E+04 9.949199829E+02 2.765299988E+02 2.144600067E+02 2.074099922E+01 3.531399965E+00 7.777900100E-01 7.323399782E-01 7.339700242E-04
 5.125000098E-05 8.600000001E-05 1.202999949E+00 6.076400000E+04 -1.189400000E+04 2.713599854E+02 2.339299927E+02 1.728599930E+01 -1.357400055E+02 8.548799753E-01 6.800500154E-01 7.762099849E-04
 5.329999840E-05 8.571200306E-05 1.120100021E+00 7.170600000E+04 -3.496500000E+04 2.649800110E+02 2.560799866E+02 1.047299957E+01 -2.594899902E+02 9.453999996E-01 6.183800101E-01 8.340399945E-04
 5.534999946E-05 8.542399883E-05 1.029000044E+00 8.002200000E+04 -4.193100000E+04 2.576799927E+02 2.790400085E+02 -7.138299942E-01 -3.464899902E+02 1.043900013E+00 5.525400043E-01 9.084999911E-04
 5.740000051E-05 8.513600187E-05 9.341700077E-01 6.356300000E+04 -4.121500000E+04 2.499700012E+02 3.013200073E+02 -1.461699963E+01 -3.878800049E+02 1.145799994E+00 4.866600037E-01 1.001200057E-03
 5.945000157E-05 8.484799764E-05 8.454700112E-01 4.640900000E+04 -4.567300000E+04 2.422400055E+02 3.211499939E+02 -2.953800011E+01 -3.478299866E+02 1.244300008E+00 4.268400073E-01 1.106100040E-03
 6.150000263E-05 8.456000069E-05 7.656599879E-01 3.169400000E+04 -4.657500000E+04 2.347799988E+02 3.383500061E+02 -4.444100189E+01 -2.705299988E+02 1.337200046E+00 3.746300042E-01 1.221499988E-03
 6.354999641E-05 8.427199646E-05 6.946399808E-01 1.271100000E+04 -3.951600000E+04 2.278800049E+02 3.533699951E+02 -5.772499847E+01 -1.909600067E+02 1.424000025E+00 3.298799992E-01 1.346000005E-03
 6.559999747E-05 8.398399950E-05 6.350600123E-01 -9.491799927E+02 -2.652300000E+04 2.216799927E+02 3.656600037E+02 -6.872399902E+01 -1.437299957E+02 1.500100017E+00 2.933300138E-01 1.471600030E-03
 6.764999853E-05 8.369600255E-05 5.854899883E-01 -2.112400000E+04 -1.098400000E+04 2.161300049E+02 3.761499939E+02 -7.735099792E+01 -7.583300018E+01 1.567999959E+00 2.636399865E-01 1.595800044E-03
 6.969999959E-05 8.340799832E-05 5.434100032E-01 -3.660000000E+04 -2.446800049E+03 2.111900024E+02 3.856099854E+02 -8.340599823E+01 5.216100216E+00 1.629500031E+00 2.390699983E-01 1.718900050E-03
 7.175000064E-05 8.312000136E-05 5.073400140E-01 -4.341300000E+04 6.504600098E+03 2.067200012E+02 3.940499878E+02 -8.731700134E+01 6.391600037E+01 1.684900045E+00 2.184700072E-01 1.840700046E-03
 7.380000170E-05 8.283199713E-05 4.769299924E-01 -6.310900000E+04 1.747000000E+04 2.028800049E+02 4.014800110E+02 -8.938999939E+01 1.073000031E+02 1.733199954E+00 2.015399933E-01 1.957499888E-03
 7.585000276E-05 8.254400018E-05 4.516099989E-01 -7.666500000E+04 2.413300000E+04 1.996399994E+02 4.078800049E+02 -9.008699799E+01 1.293999939E+02 1.774299979E+00 1.877799928E-01 2.066900022E-03
 7.789999654E-05 8.225600322E-05 4.297100008E-01 -7.918500000E+04 3.155200000E+04 1.967400055E+02 4.140000000E+02 -8.930300140E+01 1.458200073E+02 1.812199950E+00 1.760700047E-01 2.172000008E-03
 7.994999760E-05 8.196799899E-05 4.111900032E-01 -9.064200000E+04 3.702500000E+04 1.941900024E+02 4.197600098E+02 -8.741400146E+01 1.631699982E+02 1.846600056E+00 1.662999988E-01 2.269499935E-03
 8.199999866E-05 8.168000204E-05 3.956899941E-01 -9.918500000E+04 3.899800000E+04 1.918600006E+02 4.246000061E+02 -8.497699738E+01 1.631799927E+02 1.876199961E+00 1.581099927E-01 2.358200029E-03
 8.404999971E-05 8.139199781E-05 3.816699982E-01 -9.984800000E+04 3.686200000E+04 1.897400055E+02 4.288800049E+02 -8.181500244E+01 1.565299988E+02 1.902400017E+00 1.508100033E-01 2.444799989E-03
 8.610000077E-05 8.110400086E-05 3.683100045E-01 -9.719300000E+04 3.304300000E+04 1.877299957E+02 4.332500000E+02 -7.846700287E+01 1.499299927E+02 1.928699970E+00 1.439899951E-01 2.533500083E-03
 8.815000183E-05 8.081599663E-05 3.563599885E-01 -1.021400000E+05 3.504700000E+04 1.858800049E+02 4.373900146E+02 -7.530400085E+01 1.500800018E+02 1.953699946E+00 1.379500031E-01 2.618199913E-03
 9.020000289E-05 8.052799967E-05 3.457799852E-01 -1.072300000E+05 3.587500000E+04 1.842200012E+02 4.411499939E+02 -7.247399902E+01 1.519199982E+02 1.976799965E+00 1.326600015E-01 2.698299941E-03
 9.224999667E-05 8.024000272E-05 3.357500136E-01 -1.063800000E+05 2.992600000E+04 1.824900055E+02 4.447900085E+02 -6.966400146E+01 1.470599976E+02 2.000200033E+00 1.275999993E-01 2.778999973E-03
 9.429999773E-05 7.995199849E-05 3.258399963E-01 -1.109200000E+05 2.787400000E+04 1.808099976E+02 4.484400024E+02 -6.688600159E+01 1.284799957E+02 2.023699999E+00 1.226999983E-01 2.863500034E-03
 9.634999878E-05 7.966400153E-05 3.162600100E-01 -1.264000000E+05 3.037100000E+04 1.793500061E+02 4.516000061E+02 -6.471399689E+01 1.253799973E+02 2.044500113E+00 1.181199998E-01 2.950200113E-03
 9.839999984E-05 7.937599730E-05 3.074499965E-01 -1.378500000E+05 3.032700000E+04 1.779199982E+02 4.542399902E+02 -6.259899902E+01 1.266399994E+02 2.063100100E+00 1.139200032E-01 3.034600057E-03
 1.004500009E-04 7.908800035E-05 2.992599905E-01 -1.458000000E+05 3.053800000E+04 1.764700012E+02 4.569599915E+02 -6.049100113E+01 1.205899963E+02 2.082499981E+00 1.099800020E-01 3.117599990E-03
 1.025000020E-04 7.880000339E-05 2.912800014E-01 -1.534600000E+05 3.112600000E+04 1.750599976E+02 4.598099976E+02 -5.883200073E+01 1.206600037E+02 2.102699995E+00 1.061900035E-01 3.203100059E-03
 1.045500030E-04 7.851199916E-05 2.837199867E-01 -1.654000000E+05 3.274800000E+04 1.739600067E+02 4.620599976E+02 -5.721099854E+01 1.318800049E+02 2.118599892E+00 1.027799994E-01 3.288300009E-03
 1.065999968E-04 7.822400221E-05 2.766300142E-01 -1.839300000E+05 3.270000000E+04 1.729199982E+02 4.640700073E+02 -5.609400177E+01 1.264300003E+02 2.133399963E+00 9.961300343E-02 3.372600069E-03
 1.086499979E-04 7.793599798E-05 2.697600126E-01 -1.984600000E+05 2.879800000E+04 1.717899933E+02 4.664500122E+02 -5.531399918E+01 1.142900009E+02 2.150799990E+00 9.650699794E-02 3.458400024E-03
 1.106999989E-04 7.764800102E-05 2.633500099E-01 -2.093200000E+05 2.697100000E+04 1.707599945E+02 4.684700012E+02 -5.425400162E+01 1.137300034E+02 2.165899992E+00 9.364899993E-02 3.542599967E-03
 1.127500000E-04 7.735999679E-05 2.574099898E-01 -2.316600000E+05 2.960100000E+04 1.700099945E+02 4.698200073E+02 -5.325500107E+01 1.146600037E+02 2.176300049E+00 9.113299847E-02 3.624300007E-03
 1.148000010E-04 7.707199984E-05 2.537199855E-01 -3.215600000E+05 4.041300000E+04 1.714900055E+02 4.671700134E+02 -5.220800018E+01 1.397799988E+02 2.154500008E+00 9.060700238E-02 3.676499939E-03
 1.168500021E-04 7.678400289E-05 2.668400109E-01 -7.741600000E+05 9.423200000E+04 1.869299927E+02 4.373999939E+02 -4.778499985E+01 3.278399963E+02 1.939700007E+00 1.042800024E-01 3.505599918E-03
 1.189000031E-04 7.649599866E-05 3.455199897E-01 -1.187100000E+06 1.427300000E+05 2.273300018E+02 3.442099915E+02 -3.488700104E+01 7.060000000E+02 1.400200009E+00 1.671800017E-01 2.798599890E-03
 1.209499969E-04 7.620800170E-05 5.144000053E-01 -7.439400000E+05 8.773500000E+04 2.673200073E+02 2.304299927E+02 -2.007999992E+01 6.816799927E+02 8.542199731E-01 2.892499864E-01 1.891599968E-03
 1.230000053E-04 7.591999747E-05 6.753600240E-01 -1.537600000E+05 1.746600000E+04 2.846099854E+02 1.687100067E+02 -1.274600029E+01 2.630899963E+02 6.022899747E-01 4.007300138E-01 1.391099999E-03
 1.250500063E-04 7.563200052E-05 7.441499829E-01 -3.232200000E+04 1.107599976E+03 2.893299866E+02 1.515200043E+02 -1.096399975E+01 5.137900162E+01 5.360199809E-01 4.483599961E-01 1.253800001E-03
 1.270999928E-04 7.534400356E-05 7.589700222E-01 -2.152900000E+04 -5.314799805E+02 2.902900085E+02 1.477200012E+02 -1.085700035E+01 1.134799957E+01 5.217099786E-01 4.587999880E-01 1.229100046E-03
 1.291499939E-04 7.505599933E-05 7.627099752E-01 -1.728200000E+04 2.132899902E+03 2.907799988E+02 1.459400024E+02 -1.116199970E+01 1.447399998E+01 5.151399970E-01 4.618299901E-01 1.222999999E-03
 1.311999949E-04 7.476800238E-05 7.652099729E-01 -1.223400000E+04 1.292099976E+03 2.910700073E+02 1.442400055E+02 -1.146599960E+01 2.579599953E+01 5.089899898E-01 4.638000131E-01 1.218999969E-03
 1.332499960E-04 7.447999815E-05 7.678400278E-01 -7.627000000E+03 -5.612799805E+03 2.912799988E+02 1.422200012E+02 -1.158800030E+01 3.390399933E+01 5.017600060E-01 4.657399952E-01 1.214800053E-03
 1.352999971E-04 7.419200119E-05 7.700899839E-01 -1.337200000E+04 -6.791700195E+03 2.916400146E+02 1.402100067E+02 -1.185299969E+01 2.863500023E+01 4.945000112E-01 4.676800072E-01 1.211300027E-03
 1.373499981E-04 7.390399696E-05 7.721099854E-01 -1.433500000E+04 -5.285800171E+02 2.919500122E+02 1.383600006E+02 -1.202099991E+01 8.008899689E+00 4.878000021E-01 4.693999887E-01 1.208100002E-03
 1.393999992E-04 7.361600001E-05 7.741900086E-01 -1.620100000E+04 5.566700195E+03 2.922900085E+02 1.364600067E+02 -1.186200047E+01 9.010700226E+00 4.808399975E-01 4.712199867E-01 1.204899978E-03
 1.414500002E-04 7.332800305E-05 7.766799927E-01 -2.262800000E+04 4.719000000E+03 2.925700073E+02 1.343699951E+02 -1.182600021E+01 1.196000004E+01 4.732800126E-01 4.731900096E-01 1.200999948E-03
 1.435000013E-04 7.303999882E-05 7.784000039E-01 -1.992700000E+04 1.027099976E+03 2.929200134E+02 1.324100037E+02 -1.176900005E+01 1.184399986E+01 4.661299884E-01 4.747999907E-01 1.198400045E-03
 1.455500023E-04 7.275200187E-05 7.810099721E-01 -1.008300000E+04 1.565400024E+03 2.931799927E+02 1.305700073E+02 -1.151599979E+01 1.772800064E+01 4.594199955E-01 4.768100083E-01 1.194400014E-03
 1.476000034E-04 7.246399764E-05 7.841600180E-01 8.609400024E+02 -4.466799927E+01 2.933200073E+02 1.286600037E+02 -1.129500008E+01 3.067900085E+01 4.525800049E-01 4.789600074E-01 1.189599978E-03
 1.496500045E-04 7.217600069E-05 7.861499786E-01 -7.744500122E+02 5.388000000E+03 2.935799866E+02 1.268199997E+02 -1.091499996E+01 3.754899979E+01 4.458500147E-01 4.806100130E-01 1.186499954E-03
 1.517000055E-04 7.188799646E-05 7.874299884E-01 -8.965700195E+03 6.940799805E+03 2.939500122E+02 1.251600037E+02 -1.067599964E+01 3.007600021E+01 4.397200048E-01 4.820100069E-01 1.184600056E-03
 1.537500066E-04 7.159999950E-05 7.884399891E-01 -1.177400000E+04 3.982000000E+03 2.942200012E+02 1.234899979E+02 -1.063599968E+01 3.444200134E+01 4.336700141E-01 4.830600023E-01 1.183100045E-03
 1.557999931E-04 7.131200255E-05 7.905899882E-01 -3.194800049E+03 5.721399902E+03 2.942200012E+02 1.217099991E+02 -1.022099972E+01 4.454499817E+01 4.273500144E-01 4.843800068E-01 1.179900020E-03
 1.578499941E-04 7.102399832E-05 7.928900123E-01 4.226600098E+03 2.708899902E+03 2.942999878E+02 1.199300003E+02 -9.780599594E+00 4.151200104E+01 4.209600091E-01 4.859200120E-01 1.176499994E-03
 1.598999952E-04 7.073600136E-05 7.940499783E-01 -1.534900024E+03 2.298300049E+03 2.946700134E+02 1.182900009E+02 -9.403200150E+00 4.330300140E+01 4.148699939E-01 4.872399867E-01 1.174699981E-03
 1.619499963E-04 7.044799713E-05 7.943800092E-01 -3.911000000E+03 -1.879900024E+03 2.950799866E+02 1.169300003E+02 -8.949600220E+00 5.424399948E+01 4.097000062E-01 4.881199896E-01 1.174299978E-03
 1.639999973E-04 7.016000018E-05 7.953299880E-01 -3.842899902E+03 -3.509899902E+03 2.953099976E+02 1.154499969E+02 -8.407799721E+00 7.399700165E+01 4.042699933E-01 4.890800118E-01 1.172899967E-03
 1.660499984E-04 6.987200322E-05 7.965599895E-01 -7.475399902E+03 -7.847899780E+02 2.953800049E+02 1.139400024E+02 -7.979000092E+00 8.008200073E+01 3.988400102E-01 4.899600148E-01 1.170999953E-03
 1.680999994E-04 6.958399899E-05 7.978199720E-01 -2.973899902E+03 -2.611699951E+03 2.954800110E+02 1.126800003E+02 -7.332799911E+00 7.053900146E+01 3.942500055E-01 4.909000099E-01 1.169200055E-03
 1.701500005E-04 6.929600204E-05 7.986000180E-01 2.566300049E+03 2.271500000E+03 2.956799927E+02 1.115100021E+02 -6.650499821E+00 6.068700027E+01 3.898899853E-01 4.917100072E-01 1.168000046E-03
 1.722000015E-04 6.900799781E-05 7.994999886E-01 -1.307800049E+03 9.749400391E+03 2.958099976E+02 1.103099976E+02 -6.058599949E+00 5.748199844E+01 3.854900002E-01 4.924899936E-01 1.166700036E-03
 1.742500026E-04 6.872000085E-05 8.008499742E-01 -4.456399902E+03 5.399500000E+03 2.958599854E+02 1.091200027E+02 -5.289199829E+00 6.111399841E+01 3.811599910E-01 4.934099913E-01 1.164800022E-03
 1.763000037E-04 6.843199662E-05 8.015599847E-01 -2.039699951E+03 2.954899902E+03 2.960299988E+02 1.080100021E+02 -4.658199787E+00 5.742800140E+01 3.770799935E-01 4.941299856E-01 1.163700013E-03
 1.783500047E-04 6.814399967E-05 8.021299839E-01 -3.817100098E+03 5.593799805E+03 2.961499939E+02 1.069300003E+02 -3.914900064E+00 6.031800079E+01 3.731499910E-01 4.946700037E-01 1.162900007E-03
 1.804000058E-04 6.785600272E-05 8.023399711E-01 -8.187299805E+03 -7.642700195E+02 2.961600037E+02 1.059000015E+02 -3.171000004E+00 6.612000275E+01 3.694700003E-01 4.948199987E-01 1.162600005E-03
 1.824500068E-04 6.756799849E-05 8.029699922E-01 -5.705200195E+03 -1.466900024E+02 2.962500000E+02 1.048600006E+02 -2.305200100E+00 6.496600342E+01 3.657200038E-01 4.953500032E-01 1.161699998E-03
 1.844999933E-04 6.728000153E-05 8.035600185E-01 -4.052699951E+03 2.860500000E+03 2.963800049E+02 1.039199982E+02 -1.537899971E+00 6.815100098E+01 3.623099923E-01 4.959399998E-01 1.160799991E-03
 1.865499944E-04 6.699199730E-05 8.032799959E-01 -4.132600098E+03 1.134199951E+03 2.964500122E+02 1.032300034E+02 -7.847800255E-01 7.167099762E+01 3.598299921E-01 4.958699942E-01 1.161199994E-03
 1.885999955E-04 6.670400035E-05 8.036999702E-01 -1.258099976E+03 1.516699951E+03 2.963299866E+02 1.025899963E+02 3.299199939E-01 7.598699951E+01 3.576599956E-01 4.959399998E-01 1.160599990E-03
 1.906499965E-04 6.641600339E-05 8.044700027E-01 -1.880699951E+03 1.222900024E+03 2.963800049E+02 1.020100021E+02 1.442999959E+00 8.053399658E+01 3.556399941E-01 4.964900017E-01 1.159499981E-03
 1.926999976E-04 6.612799916E-05 8.051000237E-01 -5.189700195E+03 2.406199951E+03 2.964400024E+02 1.014300003E+02 2.519799948E+00 9.013500214E+01 3.536599874E-01 4.970000088E-01 1.158599975E-03
 1.947499986E-04 6.584000221E-05 8.052099943E-01 -3.252800049E+03 3.766000000E+03 2.963699951E+02 1.008799973E+02 3.706300020E+00 8.350299835E+01 3.519000113E-01 4.969399869E-01 1.158499974E-03
 1.967999997E-04 6.555199798E-05 8.041200042E-01 -1.995800049E+03 2.836800049E+03 2.964899902E+02 1.004700012E+02 5.045000076E+00 8.669100189E+01 3.506099880E-01 4.964700043E-01 1.159999985E-03
 1.988500007E-04 6.526400102E-05 8.033300042E-01 -8.805799805E+03 4.925500000E+03 2.966799927E+02 1.001399994E+02 6.309599876E+00 9.600499725E+01 3.495999873E-01 4.963000119E-01 1.161199994E-03
 2.009000018E-04 6.497599679E-05 8.021399975E-01 -7.538100098E+03 7.133200195E+03 2.966000061E+02 1.000500031E+02 7.705599785E+00 9.649299622E+01 3.496800065E-01 4.954299927E-01 1.162900007E-03
 2.029500029E-04 6.468799984E-05 8.014100194E-01 2.011500000E+03 9.343200195E+03 2.964599915E+02 9.998600006E+01 9.215600014E+00 1.031900024E+02 3.499900103E-01 4.947499931E-01 1.164000016E-03
 2.050000039E-04 6.440000288E-05 8.016300201E-01 5.772700195E+03 1.185900000E+04 2.964500122E+02 9.988800049E+01 9.883899689E+00 1.003600006E+02 3.498800099E-01 4.948599935E-01 1.163600013E-03
 0.000000000E+00 7.916700270E-05 1.600700021E+00 -9.141100000E+04 -6.179700000E+04 3.000000000E+02 9.804900360E+01 5.268000126E+00 -1.891000061E+02 3.430500031E-01 1.002699971E+00 5.784900277E-04
 2.049999921E-06 7.945999823E-05 1.600100040E+00 -4.247900000E+04 -3.039800000E+04 2.991199951E+02 9.899199677E+01 5.923799992E+00 -1.076600037E+02 3.455399871E-01 9.980400205E-01 5.808600108E-04
 4.099999842E-06 7.975300105E-05 1.596799970E+00 3.178899902E+03 -1.652000000E+03 2.981700134E+02 1.003000031E+02 7.093200207E+00 -1.851499939E+01 3.494800031E-01 9.914600253E-01 5.841699895E-04
 6.149999990E-06 8.004700067E-05 1.591899991E+00 -6.699100098E+03 -1.826199951E+03 2.980899963E+02 1.010899963E+02 7.937200069E+00 -6.303799748E-01 3.524599969E-01 9.881399870E-01 5.859700032E-04
 8.199999684E-06 8.034000348E-05 1.588700056E+00 -1.771700000E+04 -2.182100067E+02 2.980700073E+02 1.020000000E+02 8.759599686E+00 1.274199963E+01 3.558799922E-01 9.861099720E-01 5.871399771E-04
 1.024999983E-05 8.063299902E-05 1.585700035E+00 -1.990600000E+04 -2.092600098E+03 2.978500061E+02 1.030800018E+02 9.415100098E+00 2.893300056E+01 3.599300086E-01 9.835199714E-01 5.882600090E-04
 1.229999998E-05 8.092699863E-05 1.581200004E+00 -1.194600000E+04 -2.977100098E+03 2.976099854E+02 1.044499969E+02 9.832200050E+00 2.656500053E+01 3.649699986E-01 9.799399972E-01 5.899299867E-04
 1.435000013E-05 8.122000145E-05 1.576599956E+00 -3.835899902E+03 -7.156900024E+01 2.974700012E+02 1.061299973E+02 1.040200043E+01 2.470600009E-01 3.710699975E-01 9.765999913E-01 5.916699884E-04
 1.639999937E-05 8.151299699E-05 1.571200013E+00 -1.785500000E+03 4.905899902E+03 2.971499939E+02 1.081500015E+02 1.098499966E+01 2.785300016E+00 3.784700036E-01 9.722099900E-01 5.936900270E-04
 1.845000043E-05 8.180699660E-05 1.566599965E+00 -6.082299805E+03 2.450000000E+03 2.967500000E+02 1.104100037E+02 1.161299992E+01 8.060999870E+00 3.867700100E-01 9.681000113E-01 5.954100052E-04
 2.049999966E-05 8.209999942E-05 1.562500000E+00 1.611199951E+03 6.231500244E+02 2.962500000E+02 1.129100037E+02 1.248799992E+01 2.411899948E+01 3.961000144E-01 9.639099836E-01 5.969899939E-04
 2.255000072E-05 8.239300223E-05 1.555500031E+00 3.175399902E+03 8.864199829E+02 2.959100037E+02 1.160199966E+02 1.341800022E+01 4.859000015E+01 4.074600041E-01 9.585199952E-01 5.996699911E-04
 2.459999996E-05 8.268700185E-05 1.547600031E+00 -9.521299805E+03 3.158699951E+03 2.954899902E+02 1.194300003E+02 1.411100006E+01 2.861700058E+01 4.198800027E-01 9.522500038E-01 6.027600029E-04
 2.664999920E-05 8.297999739E-05 1.538900018E+00 -3.781600098E+03 9.120299805E+03 2.947000122E+02 1.230599976E+02 1.475000000E+01 3.465900040E+01 4.332999885E-01 9.443899989E-01 6.061500171E-04
 2.870000026E-05 8.327300020E-05 1.529000044E+00 5.688899902E+03 3.832600098E+03 2.940299988E+02 1.270000000E+02 1.533699989E+01 6.317800140E+01 4.477199912E-01 9.361699820E-01 6.100899773E-04
 3.075000132E-05 8.356699982E-05 1.518000007E+00 1.107200000E+04 4.394799805E+03 2.932699890E+02 1.312799988E+02 1.603599930E+01 7.148100281E+01 4.635100067E-01 9.270700216E-01 6.145000225E-04
 3.279999873E-05 8.386000263E-05 1.505100012E+00 1.656400000E+04 3.109899902E+03 2.924899902E+02 1.361699982E+02 1.682999992E+01 7.696499634E+01 4.814800024E-01 9.167299867E-01 6.197700277E-04
 3.484999979E-05 8.415299817E-05 1.491099954E+00 2.882300000E+04 9.900000000E+03 2.916700134E+02 1.418000031E+02 1.765099907E+01 7.572699738E+01 5.021499991E-01 9.056699872E-01 6.255800254E-04
 3.690000085E-05 8.444699779E-05 1.474599957E+00 2.280000000E+04 1.825100000E+04 2.906400146E+02 1.482599945E+02 1.852499962E+01 7.090299988E+01 5.260099769E-01 8.924400210E-01 6.326200091E-04
 3.894999827E-05 8.474000060E-05 1.454800010E+00 1.204300000E+04 3.971500000E+03 2.893599854E+02 1.555099945E+02 1.929899979E+01 6.800499725E+01 5.528699756E-01 8.766099811E-01 6.412399816E-04
 4.099999933E-05 8.503300342E-05 1.431499958E+00 2.387400000E+04 4.851099854E+02 2.876600037E+02 1.637700043E+02 2.000000000E+01 6.100699997E+01 5.838299990E-01 8.575099707E-01 6.516699796E-04
 4.305000039E-05 8.532700303E-05 1.402799964E+00 3.703400000E+04 4.248399902E+03 2.856799927E+02 1.734600067E+02 2.066900063E+01 6.971800232E+01 6.203100085E-01 8.345400095E-01 6.650399882E-04
 4.510000144E-05 8.561999857E-05 1.367400050E+00 4.404200000E+04 7.575000000E+03 2.834100037E+02 1.849900055E+02 2.099799919E+01 6.133300018E+01 6.637600064E-01 8.070600033E-01 6.823100266E-04
 4.714999886E-05 8.591300139E-05 1.325000048E+00 5.129700000E+04 5.583200195E+03 2.803900146E+02 1.986000061E+02 2.042600060E+01 6.697299957E+00 7.156500220E-01 7.737299800E-01 7.042100187E-04
 4.919999992E-05 8.620700100E-05 1.273100019E+00 6.115400000E+04 4.501299805E+03 2.765000000E+02 2.143500061E+02 1.884700012E+01 -2.227199936E+01 7.767699957E-01 7.331699729E-01 7.330800290E-04
 5.125000098E-05 8.649999654E-05 1.206300020E+00 6.171100000E+04 -8.305500000E+03 2.715499878E+02 2.331000061E+02 1.572200012E+01 -9.431800079E+01 8.511700034E-01 6.823199987E-01 7.740600267E-04
 5.329999840E-05 8.623600297E-05 1.126899958E+00 6.009900000E+04 -2.720300000E+04 2.654200134E+02 2.544600067E+02 9.704999924E+00 -2.206499939E+02 9.384700060E-01 6.231399775E-01 8.288800018E-04
 5.534999946E-05 8.597200213E-05 1.039700031E+00 6.858900000E+04 -3.305900000E+04 2.584400024E+02 2.766199951E+02 -5.605699867E-02 -3.153699951E+02 1.033300042E+00 5.598800182E-01 8.989499765E-04
 5.740000051E-05 8.570800128E-05 9.480400085E-01 6.364600000E+04 -3.653600000E+04 2.511100006E+02 2.983800049E+02 -1.229599953E+01 -3.601700134E+02 1.131600022E+00 4.960899949E-01 9.862900479E-04
 5.945000157E-05 8.544400043E-05 8.609099984E-01 4.548700000E+04 -4.156700000E+04 2.437200012E+02 3.180599976E+02 -2.562000084E+01 -3.287799988E+02 1.227300048E+00 4.372699857E-01 1.086100005E-03
 6.150000263E-05 8.517999959E-05 7.819899917E-01 3.053000000E+04 -4.591300000E+04 2.363000031E+02 3.354200134E+02 -3.909400177E+01 -2.647999878E+02 1.319000006E+00 3.850899935E-01 1.195800025E-03
 6.354999641E-05 8.491599874E-05 7.109799981E-01 1.929100000E+04 -3.908800000E+04 2.292799988E+02 3.508800049E+02 -5.125400162E+01 -1.974799957E+02 1.406000018E+00 3.396899998E-01 1.315000001E-03
 6.559999747E-05 8.465199789E-05 6.495699883E-01 7.370600098E+03 -2.660800000E+04 2.229600067E+02 3.640400085E+02 -6.177399826E+01 -1.391600037E+02 1.484500051E+00 3.017700016E-01 1.438900013E-03
 6.764999853E-05 8.438799705E-05 5.976300240E-01 -1.690300000E+04 -1.595500000E+04 2.172599945E+02 3.754299927E+02 -7.029699707E+01 -7.658899689E+01 1.555500031E+00 2.705200016E-01 1.563400030E-03
 6.969999959E-05 8.412400348E-05 5.532500148E-01 -3.753600000E+04 -6.036399902E+03 2.121100006E+02 3.854299927E+02 -7.621700287E+01 -3.912899971E+00 1.619300008E+00 2.444799989E-01 1.688500051E-03
 7.175000064E-05 8.386000263E-05 5.152800083E-01 -4.822200000E+04 4.425100098E+03 2.074299927E+02 3.942999878E+02 -8.034300232E+01 4.920999908E+01 1.677000046E+00 2.226600051E-01 1.812499948E-03
 7.380000170E-05 8.359600179E-05 4.831799865E-01 -6.143200000E+04 1.202900000E+04 2.032400055E+02 4.022699890E+02 -8.289199829E+01 8.254599762E+01 1.729200006E+00 2.045499980E-01 1.932500047E-03
 7.585000276E-05 8.333200094E-05 4.555900097E-01 -7.044800000E+04 1.665800000E+04 1.997299957E+02 4.092000122E+02 -8.387400055E+01 1.121900024E+02 1.773900032E+00 1.895300001E-01 2.049200004E-03
 7.789999654E-05 8.306800009E-05 4.317800105E-01 -8.162200000E+04 2.358700000E+04 1.966399994E+02 4.155100098E+02 -8.374500275E+01 1.402599945E+02 1.814200044E+00 1.768400073E-01 2.161799930E-03
 7.994999760E-05 8.280399925E-05 4.114400148E-01 -9.195500000E+04 3.494300000E+04 1.937700043E+02 4.214400024E+02 -8.250800323E+01 1.571499939E+02 1.851600051E+00 1.660400033E-01 2.268400043E-03
 8.199999866E-05 8.253999840E-05 3.940800130E-01 -9.433000000E+04 3.556100000E+04 1.913000031E+02 4.262999878E+02 -8.012100220E+01 1.613000031E+02 1.882200003E+00 1.570000052E-01 2.368000103E-03
 8.404999971E-05 8.227599756E-05 3.785600066E-01 -9.840300000E+04 3.062100000E+04 1.891300049E+02 4.309500122E+02 -7.719499969E+01 1.532200012E+02 1.910699964E+00 1.491100043E-01 2.465100028E-03
 8.610000077E-05 8.201199671E-05 3.648900092E-01 -9.947700000E+04 3.024000000E+04 1.870700073E+02 4.357300110E+02 -7.431500244E+01 1.457899933E+02 1.939599991E+00 1.421599984E-01 2.557199914E-03
 8.815000183E-05 8.174800314E-05 3.532800078E-01 -1.022100000E+05 3.283100000E+04 1.851999969E+02 4.397099915E+02 -7.127600098E+01 1.463500061E+02 1.964499950E+00 1.362600029E-01 2.641099971E-03
 9.020000289E-05 8.148400229E-05 3.423700035E-01 -1.059900000E+05 3.295900000E+04 1.834900055E+02 4.433800049E+02 -6.829900360E+01 1.457899933E+02 1.987599969E+00 1.308300048E-01 2.725299913E-03
 9.224999667E-05 8.122000145E-05 3.320200145E-01 -1.093300000E+05 3.004500000E+04 1.817799988E+02 4.470100098E+02 -6.546499634E+01 1.408500061E+02 2.010999918E+00 1.256899983E-01 2.810199978E-03
 9.429999773E-05 8.095600060E-05 3.224399984E-01 -1.160600000E+05 2.887800000E+04 1.801300049E+02 4.505499878E+02 -6.248099899E+01 1.320500031E+02 2.033999920E+00 1.209599972E-01 2.893700032E-03
 9.634999878E-05 8.069199976E-05 3.134799898E-01 -1.287500000E+05 2.852700000E+04 1.786799927E+02 4.535299988E+02 -5.980899811E+01 1.188600006E+02 2.053900003E+00 1.166500002E-01 2.976299962E-03
 9.839999984E-05 8.042799891E-05 3.048099875E-01 -1.375200000E+05 2.992100000E+04 1.772100067E+02 4.563200073E+02 -5.772999954E+01 1.129599991E+02 2.073699951E+00 1.124799997E-01 3.061000025E-03
 1.004500009E-04 8.016399806E-05 2.964499891E-01 -1.453400000E+05 3.025800000E+04 1.758000031E+02 4.591199951E+02 -5.576100159E+01 1.120800018E+02 2.093499899E+00 1.085299999E-01 3.147199983E-03
 1.025000020E-04 7.989999722E-05 2.885999978E-01 -1.542100000E+05 2.805500000E+04 1.745099945E+02 4.617099915E+02 -5.390000153E+01 1.163300018E+02 2.111799955E+00 1.048799977E-01 3.232900053E-03
 1.045500030E-04 7.963599637E-05 2.815099955E-01 -1.627300000E+05 2.916200000E+04 1.733699951E+02 4.639400024E+02 -5.220600128E+01 1.247300034E+02 2.128000021E+00 1.016400009E-01 3.314099973E-03
 1.065999968E-04 7.937200280E-05 2.749400139E-01 -1.816100000E+05 2.993800000E+04 1.723999939E+02 4.657399902E+02 -5.086199951E+01 1.219899979E+02 2.141499996E+00 9.870900214E-02 3.393199993E-03
 1.086499979E-04 7.910800196E-05 2.679800093E-01 -2.001900000E+05 2.720200000E+04 1.712500000E+02 4.679500122E+02 -4.985300064E+01 1.096200027E+02 2.158299923E+00 9.556899965E-02 3.481500084E-03
 1.106999989E-04 7.884400111E-05 2.614400089E-01 -2.173500000E+05 2.578900000E+04 1.701600037E+02 4.699500122E+02 -4.895100021E+01 1.063799973E+02 2.173799992E+00 9.264399856E-02 3.568399930E-03
 1.127500000E-04 7.858000026E-05 2.558499873E-01 -2.466200000E+05 2.753900000E+04 1.695899963E+02 4.711900024E+02 -4.802299881E+01 1.134199982E+02 2.182699919E+00 9.035199881E-02 3.646400059E-03
 1.148000010E-04 7.831599942E-05 2.522099912E-01 -3.238500000E+05 3.472000000E+04 1.708200073E+02 4.691400146E+02 -4.704700089E+01 1.274400024E+02 2.165199995E+00 8.971100301E-02 3.698599990E-03
 1.168500021E-04 7.805199857E-05 2.628600001E-01 -7.458400000E+05 7.741600000E+04 1.846499939E+02 4.429400024E+02 -4.347100067E+01 2.600499878E+02 1.972599983E+00 1.013799980E-01 3.555800067E-03
 1.189000031E-04 7.778799772E-05 3.342100084E-01 -1.211900000E+06 1.251100000E+05 2.239900055E+02 3.537000122E+02 -3.270700073E+01 5.869299927E+02 1.448300004E+00 1.592500061E-01 2.883699955E-03
 1.209499969E-04 7.752399688E-05 4.986400008E-01 -8.252300000E+05 8.856200000E+04 2.654100037E+02 2.375800018E+02 -1.967900085E+01 6.120700073E+02 8.843600154E-01 2.787699997E-01 1.957499888E-03
 1.230000053E-04 7.726000331E-05 6.652299762E-01 -1.919800000E+05 2.145800000E+04 2.842200012E+02 1.707700043E+02 -1.251099968E+01 2.648299866E+02 6.100400090E-01 3.942799866E-01 1.414599945E-03
 1.250500063E-04 7.699600246E-05 7.408300042E-01 -3.464200000E+04 3.022600098E+03 2.893099976E+02 1.514400024E+02 -1.044099998E+01 6.096799850E+01 5.356100202E-01 4.463399947E-01 1.259600045E-03
 1.270999928E-04 7.673200162E-05 7.577700019E-01 -2.067100000E+04 -1.899199951E+03 2.905199890E+02 1.473600006E+02 -1.017899990E+01 2.054299927E+01 5.200999975E-01 4.584299922E-01 1.230999944E-03
 1.291499939E-04 7.646800077E-05 7.621600032E-01 -1.581400000E+04 1.222599976E+03 2.910599976E+02 1.455299988E+02 -1.035999966E+01 1.566100025E+01 5.132399797E-01 4.619500041E-01 1.223900006E-03
 1.311999949E-04 7.620399992E-05 7.647899985E-01 -1.002400000E+04 5.052100098E+03 2.912099915E+02 1.439499969E+02 -1.054500008E+01 6.280700207E+00 5.075899959E-01 4.637799859E-01 1.219699974E-03
 1.332499960E-04 7.593999908E-05 7.672700286E-01 -8.957500000E+03 -1.242300049E+03 2.913800049E+02 1.423300018E+02 -1.048900032E+01 1.510900021E+01 5.017700195E-01 4.655500054E-01 1.215699944E-03
 1.352999971E-04 7.567599823E-05 7.696300149E-01 -1.323000000E+04 -1.996900024E+03 2.917200012E+02 1.404700012E+02 -1.075199986E+01 3.065500069E+01 4.950299859E-01 4.675399959E-01 1.212000032E-03
 1.373499981E-04 7.541199739E-05 7.716400027E-01 -1.101300000E+04 -2.611100098E+03 2.920599976E+02 1.386100006E+02 -1.096899986E+01 1.722800064E+01 4.882700145E-01 4.693000019E-01 1.208900008E-03
 1.393999992E-04 7.514799654E-05 7.741100192E-01 -9.407000000E+03 2.946300049E+03 2.924100037E+02 1.365800018E+02 -1.069699955E+01 4.381000042E+00 4.808099866E-01 4.713700116E-01 1.204999979E-03
 1.414500002E-04 7.488400297E-05 7.767999768E-01 -1.401600000E+04 1.258400024E+03 2.926799927E+02 1.344499969E+02 -1.061400032E+01 3.281800032E+00 4.731299877E-01 4.734399915E-01 1.200799947E-03
 1.435000013E-04 7.462000212E-05 7.786300182E-01 -1.640800000E+04 -6.671600098E+03 2.929800110E+02 1.326300049E+02 -1.061900043E+01 7.875599861E+00 4.665000141E-01 4.750399888E-01 1.198000042E-03
 1.455500023E-04 7.435600128E-05 7.813199759E-01 -1.105400000E+04 -3.532199951E+03 2.931900024E+02 1.308200073E+02 -1.053400040E+01 1.059099960E+01 4.599899948E-01 4.770300090E-01 1.193900011E-03
 1.476000034E-04 7.409200043E-05 7.839699984E-01 -3.335800049E+03 -3.078900146E+02 2.932799988E+02 1.290200043E+02 -1.028899956E+01 8.805600166E+00 4.535599947E-01 4.787899852E-01 1.189799979E-03
 1.496500045E-04 7.382799959E-05 7.857400179E-01 -3.806100098E+03 4.864200195E+03 2.935899963E+02 1.274300003E+02 -9.897199631E+00 1.498200035E+01 4.476900101E-01 4.803699851E-01 1.187199960E-03
 1.517000055E-04 7.356399874E-05 7.871199846E-01 -6.520899902E+03 5.404799805E+03 2.940100098E+02 1.259499969E+02 -9.651200294E+00 2.755299950E+01 4.421299994E-01 4.819000065E-01 1.185099944E-03
 1.537500066E-04 7.329999789E-05 7.883499861E-01 -4.039300049E+03 1.780300049E+03 2.942099915E+02 1.243799973E+02 -9.524200439E+00 3.401900101E+01 4.364500046E-01 4.829899967E-01 1.183200045E-03
 1.557999931E-04 7.303599705E-05 7.895699739E-01 2.669200134E+02 -1.499300003E+01 2.942500000E+02 1.227399979E+02 -9.137200356E+00 3.576300049E+01 4.305999875E-01 4.838100076E-01 1.181400032E-03
 1.578499941E-04 7.277200348E-05 7.911999822E-01 1.613800049E+03 -5.168100098E+03 2.945599976E+02 1.211600037E+02 -8.733400345E+00 3.427700043E+01 4.247800112E-01 4.853099883E-01 1.179000014E-03
 1.598999952E-04 7.250800263E-05 7.924399972E-01 -4.459299927E+02 -5.915700195E+03 2.949599915E+02 1.198199997E+02 -8.535099983E+00 2.636100006E+01 4.197500050E-01 4.867300093E-01 1.177099999E-03
 1.619499963E-04 7.224400179E-05 7.936499715E-01 8.730399780E+02 -6.170399902E+03 2.951199951E+02 1.184800034E+02 -8.097999573E+00 3.494599915E+01 4.148800075E-01 4.877400100E-01 1.175299985E-03
 1.639999973E-04 7.198000094E-05 7.956699729E-01 3.944000000E+03 -5.016899902E+03 2.951700134E+02 1.169700012E+02 -7.366199970E+00 5.621500015E+01 4.093900025E-01 4.890699983E-01 1.172299962E-03
 1.660499984E-04 7.171600009E-05 7.964299917E-01 -1.991099976E+03 8.380000000E+02 2.952799988E+02 1.154400024E+02 -6.997900009E+00 4.531100082E+01 4.039199948E-01 4.896999896E-01 1.171199954E-03
 1.680999994E-04 7.145199925E-05 7.969899774E-01 -9.960800171E+01 1.576000000E+03 2.954599915E+02 1.140400009E+02 -6.562600136E+00 3.614300156E+01 3.988200128E-01 4.903500080E-01 1.170399948E-03
 1.701500005E-04 7.118799840E-05 7.979000211E-01 -2.746700134E+02 3.471700134E+02 2.956600037E+02 1.129300003E+02 -5.911900043E+00 4.732400131E+01 3.946900070E-01 4.912399948E-01 1.169100055E-03
 1.722000015E-04 7.092399755E-05 7.985799909E-01 -4.255200195E+03 3.567800049E+03 2.958099976E+02 1.118499985E+02 -5.289999962E+00 5.451399994E+01 3.907200098E-01 4.919300079E-01 1.168100047E-03
 1.742500026E-04 7.065999671E-05 7.999100089E-01 2.696399902E+03 8.334199829E+02 2.958200073E+02 1.107300034E+02 -4.634500027E+00 5.316600037E+01 3.867200017E-01 4.927600026E-01 1.166100032E-03
 1.763000037E-04 7.039600314E-05 8.007400036E-01 1.076000000E+03 -1.667500000E+02 2.960000000E+02 1.098399963E+02 -4.007500172E+00 3.789400101E+01 3.834199905E-01 4.935599864E-01 1.164900023E-03
 1.783500047E-04 7.013200229E-05 8.009700179E-01 -9.844799805E+03 2.201100098E+03 2.962300110E+02 1.089599991E+02 -3.258100033E+00 3.247999954E+01 3.801099956E-01 4.940800071E-01 1.164600020E-03
 1.804000058E-04 6.986800145E-05 8.014100194E-01 -4.261700195E+03 1.482500000E+03 2.961799927E+02 1.080699997E+02 -2.617899895E+00 4.393899918E+01 3.769600093E-01 4.942899942E-01 1.163900015E-03
 1.824500068E-04 6.960400060E-05 8.015400171E-01 -2.871099854E+02 1.991199951E+03 2.962200012E+02 1.073700027E+02 -1.811800003E+00 6.216400146E+01 3.744499981E-01 4.944300056E-01 1.163800014E-03
 1.844999933E-04 6.933999975E-05 8.016300201E-01 -5.144500000E+03 3.777399902E+03 2.963699951E+02 1.066800003E+02 -1.156499982E+00 6.925900269E+01 3.719100058E-01 4.947400093E-01 1.163600013E-03
 1.865499944E-04 6.907599891E-05 8.019499779E-01 -1.041099976E+03 4.877299805E+03 2.963699951E+02 1.060000000E+02 -4.909400046E-01 5.775699997E+01 3.695400059E-01 4.949400127E-01 1.163200010E-03
 1.885999955E-04 6.881199806E-05 8.022999763E-01 -9.195200195E+02 1.093199951E+03 2.963500061E+02 1.053799973E+02 5.709699988E-01 5.165299988E+01 3.673999906E-01 4.950999916E-01 1.162700006E-03
 1.906499965E-04 6.854799722E-05 8.031899929E-01 -9.790800171E+02 3.636399902E+03 2.964299927E+02 1.047500000E+02 1.526600003E+00 6.222999954E+01 3.651799858E-01 4.957900047E-01 1.161399996E-03
 1.926999976E-04 6.828399637E-05 8.034700155E-01 -2.501000000E+03 6.599899902E+03 2.964299927E+02 1.043899994E+02 2.530800104E+00 7.430500031E+01 3.639799953E-01 4.959599972E-01 1.160999993E-03
 1.947499986E-04 6.802000280E-05 8.029599786E-01 -5.999600098E+03 3.584800049E+03 2.962799988E+02 1.042200012E+02 3.757600069E+00 7.135600281E+01 3.635999858E-01 4.954000115E-01 1.161699998E-03
 1.967999997E-04 6.775600195E-05 8.026199937E-01 2.412299957E+02 4.494399902E+03 2.962000122E+02 1.039499969E+02 5.107399940E+00 7.093800354E+01 3.629400134E-01 4.950500131E-01 1.162200002E-03
 1.988500007E-04 6.749200111E-05 8.021199703E-01 9.107800293E+02 2.742899902E+03 2.962799988E+02 1.037099991E+02 6.280399799E+00 8.448500061E+01 3.622600138E-01 4.948799908E-01 1.162900007E-03
 2.009000018E-04 6.722800026E-05 8.013899922E-01 2.554800049E+03 2.498300049E+03 2.962200012E+02 1.036299973E+02 7.440499783E+00 8.975199890E+01 3.622800112E-01 4.943299890E-01 1.164000016E-03
 2.029500029E-04 6.696399942E-05 8.004800081E-01 7.310200195E+03 6.548500000E+03 2.961400146E+02 1.036500015E+02 8.760299683E+00 9.723400116E+01 3.627699912E-01 4.936400056E-01 1.165300026E-03
 2.050000039E-04 6.669999857E-05 7.999799848E-01 6.682899902E+03 8.508200195E+03 2.961700134E+02 1.036900024E+02 9.364500046E+00 1.081100006E+02 3.630799949E-01 4.933800101E-01 1.166000031E-03
 0.000000000E+00 8.033299673E-05 1.600700021E+00 -8.825300000E+04 -6.103500000E+04 3.000000000E+02 9.761000061E+01 4.944099903E+00 -1.315800018E+02 3.411099911E-01 1.002200007E+00 5.786400288E-04
 2.049999921E-06 8.060000255E-05 1.598999977E+00 -4.185400000E+04 -2.744200000E+04 2.991600037E+02 9.859999847E+01 5.610000134E+00 -8.623999786E+01 3.439199924E-01 9.972400069E-01 5.813100142E-04
 4.099999842E-06 8.086700109E-05 1.595399976E+00 -2.558899902E+03 -5.552399902E+03 2.981900024E+02 1.000199966E+02 6.793200016E+00 -4.259099960E+01 3.484300077E-01 9.906600118E-01 5.846800050E-04
 6.149999990E-06 8.113300282E-05 1.591199994E+00 -1.045900000E+04 -4.258700195E+03 2.980499878E+02 1.009499969E+02 7.573299885E+00 -1.581299973E+01 3.519000113E-01 9.876199961E-01 5.862200051E-04
 8.199999684E-06 8.140000136E-05 1.587200046E+00 -1.430100000E+04 2.024599976E+03 2.980899963E+02 1.019899979E+02 8.335200310E+00 8.652299881E+00 3.556999862E-01 9.852600098E-01 5.876899813E-04
 1.024999983E-05 8.166699990E-05 1.584599972E+00 -1.610700000E+04 4.782299805E+03 2.978999939E+02 1.031399994E+02 8.872799873E+00 1.694099998E+01 3.599500060E-01 9.829800129E-01 5.886799772E-04
 1.229999998E-05 8.193300164E-05 1.580800056E+00 -7.964200195E+03 6.507500000E+03 2.975599976E+02 1.046600037E+02 9.207900047E+00 2.784600067E+01 3.655200005E-01 9.794899821E-01 5.900899996E-04
 1.435000013E-05 8.220000018E-05 1.575199962E+00 -4.460399902E+03 -5.209299927E+02 2.973999939E+02 1.064800034E+02 9.743000031E+00 -9.557499886E+00 3.720999956E-01 9.755200148E-01 5.921800039E-04
 1.639999937E-05 8.246699872E-05 1.570899963E+00 -4.254399902E+03 3.973399902E+03 2.971000061E+02 1.084400024E+02 1.021399975E+01 -2.393400002E+01 3.792200089E-01 9.719200134E-01 5.937900278E-04
 1.845000043E-05 8.273300045E-05 1.567199945E+00 -7.806100098E+03 1.323099976E+03 2.966199951E+02 1.106100006E+02 1.075300026E+01 -6.789899826E+00 3.872500062E-01 9.680100083E-01 5.951999919E-04
 2.049999966E-05 8.299999899E-05 1.561499953E+00 -1.275800049E+03 -2.233899902E+03 2.961499939E+02 1.131500015E+02 1.147200012E+01 1.327600002E+01 3.966299891E-01 9.630100131E-01 5.973600200E-04
 2.255000072E-05 8.326699754E-05 1.554299951E+00 6.286799805E+03 -3.377800049E+03 2.958500061E+02 1.162099991E+02 1.228400040E+01 4.404600143E+01 4.077199996E-01 9.575899839E-01 6.001400179E-04
 2.459999996E-05 8.353299927E-05 1.547399998E+00 7.728000000E+03 3.506100098E+03 2.952600098E+02 1.195599976E+02 1.290699959E+01 1.753400040E+01 4.200100005E-01 9.513900280E-01 6.028399803E-04
 2.664999920E-05 8.379999781E-05 1.539299965E+00 3.409100098E+03 8.460700195E+03 2.945000000E+02 1.232399979E+02 1.351099968E+01 2.843899918E+01 4.335800111E-01 9.440000057E-01 6.059900043E-04
 2.870000026E-05 8.406700363E-05 1.529099941E+00 1.360800049E+03 -1.483400024E+03 2.939700012E+02 1.273399963E+02 1.409899998E+01 5.549300003E+01 4.484600127E-01 9.361000061E-01 6.100200117E-04
 3.075000132E-05 8.433299809E-05 1.517600060E+00 1.430300000E+04 -8.300299805E+03 2.932099915E+02 1.318500061E+02 1.480500031E+01 4.111399841E+01 4.650200009E-01 9.265999794E-01 6.146800006E-04
 3.279999873E-05 8.459999663E-05 1.504899979E+00 2.041500000E+04 -2.017699951E+03 2.923599854E+02 1.367799988E+02 1.550199986E+01 6.161600113E+01 4.831900001E-01 9.161800146E-01 6.198600167E-04
 3.484999979E-05 8.486700244E-05 1.490599990E+00 1.924100000E+04 1.584500000E+04 2.915599976E+02 1.423500061E+02 1.615099907E+01 5.790800095E+01 5.035600066E-01 9.049900174E-01 6.258100038E-04
 3.690000085E-05 8.513299690E-05 1.473500013E+00 2.832500000E+03 1.663500000E+04 2.905799866E+02 1.487799988E+02 1.695100021E+01 4.823300171E+01 5.272099972E-01 8.916000128E-01 6.330800243E-04
 3.894999827E-05 8.540000272E-05 1.454800010E+00 8.151300049E+02 8.097100098E+03 2.892300110E+02 1.560299988E+02 1.765699959E+01 3.480799866E+01 5.541300178E-01 8.762099743E-01 6.412300281E-04
 4.099999933E-05 8.566700126E-05 1.431399941E+00 2.052200000E+04 1.603599976E+03 2.875799866E+02 1.643399963E+02 1.828499985E+01 4.414099884E+01 5.852100253E-01 8.572300076E-01 6.517199799E-04
 4.305000039E-05 8.593300299E-05 1.401900053E+00 3.841900000E+04 -3.098699951E+03 2.856600037E+02 1.740099945E+02 1.879000092E+01 6.328300095E+01 6.215199828E-01 8.339899778E-01 6.654500030E-04
 4.510000144E-05 8.620000153E-05 1.366700053E+00 4.470700000E+04 4.631200195E+03 2.833200073E+02 1.854799957E+02 1.895100021E+01 6.459999847E+01 6.648200154E-01 8.063799739E-01 6.826699828E-04
 4.714999886E-05 8.646700007E-05 1.325199962E+00 5.422000000E+04 7.176799805E+03 2.803399963E+02 1.988500061E+02 1.846100044E+01 3.875199890E+01 7.159199715E-01 7.736899853E-01 7.040799828E-04
 4.919999992E-05 8.673300181E-05 1.274500012E+00 6.231400000E+04 3.466800049E+03 2.765899963E+02 2.141699982E+02 1.703700066E+01 -2.067399979E+01 7.754399776E-01 7.342000008E-01 7.322599995E-04
 5.125000098E-05 8.700000035E-05 1.209499955E+00 5.369800000E+04 -3.099400024E+02 2.719100037E+02 2.325099945E+02 1.419299984E+01 -8.826499939E+01 8.480299711E-01 6.850600243E-01 7.719200221E-04
 5.329999840E-05 8.676000289E-05 1.133100033E+00 5.502100000E+04 -1.733500000E+04 2.660700073E+02 2.531100006E+02 8.927599907E+00 -1.915399933E+02 9.322299957E-01 6.280699968E-01 8.242700133E-04
 5.534999946E-05 8.651999815E-05 1.048599958E+00 6.403300000E+04 -3.293200000E+04 2.592900085E+02 2.745599976E+02 4.298300147E-01 -2.711900024E+02 1.023800015E+00 5.665199757E-01 8.911699988E-04
 5.740000051E-05 8.628000069E-05 9.600499868E-01 5.917900000E+04 -3.320200000E+04 2.520899963E+02 2.958099976E+02 -1.024800014E+01 -3.190499878E+02 1.119300008E+00 5.043100119E-01 9.737199871E-04
 5.945000157E-05 8.604000323E-05 8.751599789E-01 4.452900000E+04 -3.453500000E+04 2.448800049E+02 3.153599854E+02 -2.214699936E+01 -2.991099854E+02 1.213000059E+00 4.465900064E-01 1.068199985E-03
 6.150000263E-05 8.579999849E-05 7.970700264E-01 3.241000000E+04 -3.659700000E+04 2.376600037E+02 3.329400024E+02 -3.424300003E+01 -2.499600067E+02 1.303500056E+00 3.947600126E-01 1.172999968E-03
 6.354999641E-05 8.556000103E-05 7.262700200E-01 2.024600000E+04 -3.521300000E+04 2.306100006E+02 3.485799866E+02 -4.519400024E+01 -1.889400024E+02 1.389600039E+00 3.490200043E-01 1.287200022E-03
 6.559999747E-05 8.532000356E-05 6.637600064E-01 1.371400024E+03 -2.911200000E+04 2.241999969E+02 3.621499939E+02 -5.500600052E+01 -1.255299988E+02 1.468600035E+00 3.100900054E-01 1.408200013E-03
 6.764999853E-05 8.507999883E-05 6.094300151E-01 -1.735800000E+04 -1.573700000E+04 2.184100037E+02 3.741799927E+02 -6.313700104E+01 -6.968499756E+01 1.541300058E+00 2.773300111E-01 1.533400035E-03
 6.969999959E-05 8.484000136E-05 5.628600121E-01 -3.338600000E+04 -7.828200073E+02 2.130899963E+02 3.848800049E+02 -6.897200012E+01 -9.103500366E+00 1.607800007E+00 2.498800009E-01 1.659799949E-03
 7.175000064E-05 8.459999663E-05 5.231199861E-01 -4.886000000E+04 5.566299805E+03 2.081499939E+02 3.942300110E+02 -7.324199677E+01 3.530099869E+01 1.668200016E+00 2.268400043E-01 1.785399974E-03
 7.380000170E-05 8.435999916E-05 4.890199900E-01 -5.717000000E+04 4.680799805E+03 2.037799988E+02 4.024599915E+02 -7.600299835E+01 6.522399902E+01 1.722100019E+00 2.075800002E-01 1.909499988E-03
 7.585000276E-05 8.412000170E-05 4.596099854E-01 -6.435100000E+04 7.216299805E+03 2.000800018E+02 4.098399963E+02 -7.717800140E+01 9.491600037E+01 1.769600034E+00 1.915400028E-01 2.031400101E-03
 7.789999654E-05 8.387999696E-05 4.342499971E-01 -7.486100000E+04 1.561700000E+04 1.966999969E+02 4.165899963E+02 -7.756999969E+01 1.236699982E+02 1.813400030E+00 1.779199988E-01 2.149600070E-03
 7.994999760E-05 8.363999950E-05 4.121299982E-01 -8.151700000E+04 2.697500000E+04 1.936100006E+02 4.227900085E+02 -7.668199921E+01 1.311399994E+02 1.853399992E+00 1.661899984E-01 2.264800016E-03
 8.199999866E-05 8.340000204E-05 3.929600120E-01 -9.147900000E+04 2.769400000E+04 1.910299988E+02 4.281000061E+02 -7.462100220E+01 1.430099945E+02 1.886999965E+00 1.563400030E-01 2.374900039E-03
 8.404999971E-05 8.315999730E-05 3.765200078E-01 -1.008700000E+05 2.610900000E+04 1.886100006E+02 4.331000061E+02 -7.232800293E+01 1.521900024E+02 1.918900013E+00 1.479099989E-01 2.478400012E-03
 8.610000077E-05 8.291999984E-05 3.624199927E-01 -1.022200000E+05 2.956900000E+04 1.863399963E+02 4.378599854E+02 -6.986699677E+01 1.501999969E+02 1.949499965E+00 1.406400055E-01 2.574600047E-03
 8.815000183E-05 8.268000238E-05 3.502500057E-01 -1.044000000E+05 3.191800000E+04 1.844600067E+02 4.417500000E+02 -6.696600342E+01 1.431100006E+02 1.974300027E+00 1.345500052E-01 2.664000029E-03
 9.020000289E-05 8.243999764E-05 3.390499949E-01 -1.099900000E+05 3.253700000E+04 1.827500000E+02 4.454800110E+02 -6.379800034E+01 1.345500031E+02 1.997900009E+00 1.290400028E-01 2.752000000E-03
 9.224999667E-05 8.220000018E-05 3.282099962E-01 -1.165300000E+05 3.021100000E+04 1.810700073E+02 4.491600037E+02 -6.086800003E+01 1.308000031E+02 2.021600008E+00 1.237599999E-01 2.842999995E-03
 9.429999773E-05 8.196000272E-05 3.180499971E-01 -1.229200000E+05 2.886900000E+04 1.794600067E+02 4.526000061E+02 -5.802899933E+01 1.324299927E+02 2.044300079E+00 1.188699976E-01 2.933599986E-03
 9.634999878E-05 8.171999798E-05 3.095600009E-01 -1.300100000E+05 2.730300000E+04 1.780099945E+02 4.553599854E+02 -5.528499985E+01 1.176200027E+02 2.063400030E+00 1.147599965E-01 3.013799898E-03
 9.839999984E-05 8.148000052E-05 3.015500009E-01 -1.339700000E+05 2.637400000E+04 1.765599976E+02 4.581499939E+02 -5.297399902E+01 1.036699982E+02 2.083100080E+00 1.108800024E-01 3.094099928E-03
 1.004500009E-04 8.124000306E-05 2.933900058E-01 -1.445600000E+05 2.726400000E+04 1.752700043E+02 4.610499878E+02 -5.085900116E+01 1.061900024E+02 2.102699995E+00 1.070899963E-01 3.180000000E-03
 1.025000020E-04 8.099999832E-05 2.859199941E-01 -1.597800000E+05 2.577500000E+04 1.741300049E+02 4.635199890E+02 -4.903200150E+01 1.161299973E+02 2.119800091E+00 1.036799997E-01 3.262999933E-03
 1.045500030E-04 8.076000086E-05 2.789900005E-01 -1.718800000E+05 2.643300000E+04 1.729199982E+02 4.657000122E+02 -4.739199829E+01 1.204400024E+02 2.136399984E+00 1.004699990E-01 3.344000084E-03
 1.065999968E-04 8.052000339E-05 2.724500000E-01 -1.913300000E+05 2.860900000E+04 1.718099976E+02 4.676700134E+02 -4.567300034E+01 1.180000000E+02 2.151499987E+00 9.748400003E-02 3.424300114E-03
 1.086499979E-04 8.027999866E-05 2.659200132E-01 -2.069800000E+05 2.617800000E+04 1.707700043E+02 4.697099915E+02 -4.443899918E+01 1.026999969E+02 2.166800022E+00 9.457100183E-02 3.508399939E-03
 1.106999989E-04 8.004000119E-05 2.595799863E-01 -2.238700000E+05 2.424200000E+04 1.698600006E+02 4.714200134E+02 -4.361999893E+01 9.795600128E+01 2.180099964E+00 9.181900322E-02 3.593999892E-03
 1.127500000E-04 7.979999646E-05 2.540700138E-01 -2.530600000E+05 2.500400000E+04 1.693200073E+02 4.724500122E+02 -4.284199905E+01 1.026299973E+02 2.187900066E+00 8.958599716E-02 3.671800019E-03
 1.148000010E-04 7.955999899E-05 2.504400015E-01 -3.201600000E+05 2.759200000E+04 1.703000031E+02 4.706700134E+02 -4.186000061E+01 1.024499969E+02 2.173199892E+00 8.880999684E-02 3.724799957E-03
 1.168500021E-04 7.932000153E-05 2.596800029E-01 -7.094700000E+05 6.022300000E+04 1.827400055E+02 4.469899902E+02 -3.890200043E+01 2.012599945E+02 1.997799993E+00 9.906399995E-02 3.597900039E-03
 1.189000031E-04 7.907999679E-05 3.255000114E-01 -1.218800000E+06 1.078800000E+05 2.209299927E+02 3.615899963E+02 -3.028899956E+01 4.782099915E+02 1.489300013E+00 1.528600007E-01 2.951700008E-03
 1.209499969E-04 7.883999933E-05 4.855499864E-01 -8.835100000E+05 8.542900000E+04 2.635599976E+02 2.442200012E+02 -1.903800011E+01 5.433800049E+02 9.127299786E-01 2.699100077E-01 2.014999976E-03
 1.230000053E-04 7.860000187E-05 6.562299728E-01 -2.233000000E+05 2.433400000E+04 2.838299866E+02 1.729499969E+02 -1.218700027E+01 2.629700012E+02 6.181899905E-01 3.884899914E-01 1.436099992E-03
 1.250500063E-04 7.835999713E-05 7.380599976E-01 -4.863700000E+04 5.263299805E+03 2.893800049E+02 1.515700073E+02 -9.992500305E+00 7.199099731E+01 5.359100103E-01 4.447799921E-01 1.264399965E-03
 1.270999928E-04 7.811999967E-05 7.572799921E-01 -2.179300000E+04 -1.294599976E+03 2.906600037E+02 1.468600006E+02 -9.556900024E+00 3.473099899E+01 5.180500150E-01 4.583599865E-01 1.231799950E-03
 1.291499939E-04 7.788000221E-05 7.620800138E-01 -1.581100000E+04 7.039199829E+01 2.910299988E+02 1.450099945E+02 -9.550900459E+00 1.676399994E+01 5.112299919E-01 4.618499875E-01 1.224000007E-03
 1.311999949E-04 7.763999747E-05 7.646999955E-01 -1.356900000E+04 9.355000000E+03 2.912699890E+02 1.433699951E+02 -9.645000458E+00 1.567300034E+01 5.052999854E-01 4.638099968E-01 1.219799975E-03
 1.332499960E-04 7.740000001E-05 7.668700218E-01 -1.442300000E+04 4.288000000E+03 2.915400085E+02 1.417200012E+02 -9.528200150E+00 1.727199936E+01 4.992400110E-01 4.655700028E-01 1.216399949E-03
 1.352999971E-04 7.716000255E-05 7.692999840E-01 -1.705400000E+04 -2.978600098E+03 2.918099976E+02 1.399799957E+02 -9.705499649E+00 -7.443099976E+00 4.929699898E-01 4.674800038E-01 1.212500036E-03
 1.373499981E-04 7.691999781E-05 7.716699839E-01 -1.907000000E+04 -5.606399902E+03 2.921799927E+02 1.381600037E+02 -9.754199982E+00 -5.571700096E+00 4.862900078E-01 4.695200026E-01 1.208800008E-03
 1.393999992E-04 7.668000035E-05 7.740499973E-01 -2.063700000E+04 -7.015800171E+02 2.925599976E+02 1.362599945E+02 -9.452599525E+00 6.443500042E+00 4.792599976E-01 4.715699852E-01 1.205099979E-03
 1.414500002E-04 7.644000289E-05 7.767199874E-01 -1.671500000E+04 -1.777699951E+03 2.927799988E+02 1.343500061E+02 -9.508500099E+00 -1.444999981E+01 4.724000096E-01 4.735499918E-01 1.200999948E-03
 1.435000013E-04 7.619999815E-05 7.784900069E-01 -1.427100000E+04 -4.575500000E+03 2.930899963E+02 1.326399994E+02 -9.506999969E+00 -4.651400149E-01 4.661799967E-01 4.751299918E-01 1.198200043E-03
 1.455500023E-04 7.596000069E-05 7.805299759E-01 -1.166700000E+04 -3.984300049E+03 2.933900146E+02 1.308500061E+02 -9.406100273E+00 5.994400024E+00 4.596500099E-01 4.768700004E-01 1.195100020E-03
 1.476000034E-04 7.572000322E-05 7.830799818E-01 -6.619500000E+03 -3.982899902E+03 2.934899902E+02 1.290000000E+02 -9.266799927E+00 -2.618999958E+00 4.530799985E-01 4.785799980E-01 1.191199990E-03
 1.496500045E-04 7.547999849E-05 7.850099802E-01 -5.538500000E+03 1.925199951E+03 2.936600037E+02 1.273799973E+02 -8.840700150E+00 1.824099922E+01 4.471899867E-01 4.800499976E-01 1.188299968E-03
 1.517000055E-04 7.524000102E-05 7.860000134E-01 -3.236100098E+03 2.143300049E+03 2.940599976E+02 1.258700027E+02 -8.541700363E+00 1.756299973E+01 4.415400028E-01 4.812999964E-01 1.186799956E-03
 1.537500066E-04 7.500000356E-05 7.867799997E-01 -3.999500122E+02 -2.360099945E+02 2.943900146E+02 1.244199982E+02 -8.376299858E+00 8.145700455E+00 4.361700118E-01 4.823200107E-01 1.185599947E-03
 1.557999931E-04 7.475999882E-05 7.882999778E-01 1.410099976E+03 -5.745999908E+01 2.945299988E+02 1.230500031E+02 -8.100299835E+00 1.489799976E+01 4.312399924E-01 4.834800065E-01 1.183300046E-03
 1.578499941E-04 7.452000136E-05 7.902100086E-01 6.515000000E+03 -5.799700195E+03 2.947200012E+02 1.216999969E+02 -7.890699863E+00 2.850799942E+01 4.263400137E-01 4.849700034E-01 1.180500025E-03
 1.598999952E-04 7.427999662E-05 7.913100123E-01 3.680199951E+03 -8.173500000E+03 2.949599915E+02 1.204300003E+02 -7.652100086E+00 2.458900070E+01 4.216899872E-01 4.860399961E-01 1.178800012E-03
 1.619499963E-04 7.403999916E-05 7.932800055E-01 3.671100098E+03 -2.141000061E+02 2.950299988E+02 1.190000000E+02 -7.128200054E+00 1.731399918E+01 4.165300131E-01 4.873700142E-01 1.175899990E-03
 1.639999973E-04 7.380000170E-05 7.952899933E-01 4.949700195E+03 2.112600098E+03 2.950400085E+02 1.175800018E+02 -6.313799858E+00 3.391899872E+01 4.114100039E-01 4.886099994E-01 1.172899967E-03
 1.660499984E-04 7.355999696E-05 7.956600189E-01 -3.976100098E+03 1.775400024E+03 2.952000122E+02 1.163799973E+02 -5.913300037E+00 2.540200043E+01 4.070500135E-01 4.891000092E-01 1.172399963E-03
 1.680999994E-04 7.331999950E-05 7.962200046E-01 -8.142799805E+03 1.763800049E+03 2.955700073E+02 1.151500015E+02 -5.713699818E+00 1.713599968E+01 4.024499953E-01 4.900600016E-01 1.171499956E-03
 1.701500005E-04 7.308000204E-05 7.971400023E-01 -1.300500000E+04 -4.702399902E+02 2.957500000E+02 1.140899963E+02 -5.179100037E+00 4.080199814E+01 3.985599875E-01 4.909299910E-01 1.170199947E-03
 1.722000015E-04 7.283999730E-05 7.978299856E-01 -1.048100000E+04 -4.578699951E+02 2.957200012E+02 1.130999985E+02 -4.538700104E+00 4.818099976E+01 3.950400054E-01 4.913100004E-01 1.169200055E-03
 1.742500026E-04 7.259999984E-05 7.987400293E-01 3.790899902E+03 4.766900024E+02 2.956900024E+02 1.121100006E+02 -4.085400105E+00 3.913399887E+01 3.915199935E-01 4.918200076E-01 1.167800045E-03
 1.763000037E-04 7.236000238E-05 7.996299863E-01 3.324800049E+03 -9.218900146E+02 2.959100037E+02 1.112699966E+02 -3.471100092E+00 3.814500046E+01 3.883700073E-01 4.927299917E-01 1.166500035E-03
 1.783500047E-04 7.211999764E-05 8.002300262E-01 -7.008799805E+03 -3.950600098E+03 2.961400146E+02 1.105400009E+02 -2.704099894E+00 3.173500061E+01 3.856100142E-01 4.934900105E-01 1.165700029E-03
 1.804000058E-04 7.188000018E-05 8.011999726E-01 -3.361399902E+03 1.991800049E+03 2.961000061E+02 1.098300018E+02 -2.131599903E+00 3.431900024E+01 3.831200004E-01 4.940199852E-01 1.164300018E-03
 1.824500068E-04 7.164000272E-05 8.017299771E-01 1.395599976E+03 3.934000000E+03 2.961300049E+02 1.091900024E+02 -1.466199994E+00 4.905699921E+01 3.808400035E-01 4.943999946E-01 1.163500012E-03
 1.844999933E-04 7.139999798E-05 8.015699983E-01 3.581899902E+03 1.970900024E+03 2.962500000E+02 1.087099991E+02 -8.825600147E-01 5.707400131E+01 3.790499866E-01 4.945000112E-01 1.163700013E-03
 1.865499944E-04 7.116000052E-05 8.012899756E-01 4.632600098E+03 2.481600098E+03 2.962699890E+02 1.082500000E+02 -1.646399945E-01 5.805300140E+01 3.774499893E-01 4.943499863E-01 1.164100016E-03
 1.885999955E-04 7.092000305E-05 8.013799787E-01 -1.433699951E+03 4.152200195E+03 2.962900085E+02 1.077099991E+02 8.677499890E-01 5.175600052E+01 3.755399883E-01 4.944399893E-01 1.164000016E-03
 1.906499965E-04 7.067999832E-05 8.019300103E-01 -1.028000000E+03 5.829299805E+03 2.963500061E+02 1.071500015E+02 1.628700018E+00 4.905899811E+01 3.736000061E-01 4.948799908E-01 1.163200010E-03
 1.926999976E-04 7.044000085E-05 8.016399741E-01 -2.150600098E+03 4.806799805E+03 2.963699951E+02 1.069300003E+02 2.481800079E+00 4.721099854E+01 3.728500009E-01 4.947400093E-01 1.163600013E-03
 1.947499986E-04 7.020000339E-05 8.007500172E-01 -3.910500000E+03 3.975600098E+03 2.963299866E+02 1.069800034E+02 3.632200003E+00 5.333000183E+01 3.731699884E-01 4.941200018E-01 1.164900023E-03
 1.967999997E-04 6.995999865E-05 8.003600240E-01 4.052200012E+02 2.868399902E+03 2.962500000E+02 1.070699997E+02 4.886799812E+00 6.983899689E+01 3.737399876E-01 4.937500060E-01 1.165500027E-03
 1.988500007E-04 6.972000119E-05 8.003299832E-01 4.548000000E+03 1.399099976E+03 2.962000122E+02 1.070599976E+02 6.153800011E+00 8.221700287E+01 3.739599884E-01 4.936499894E-01 1.165500027E-03
 2.009000018E-04 6.947999645E-05 8.000800014E-01 7.067399902E+03 5.937600098E+02 2.961099854E+02 1.069899979E+02 7.193500042E+00 7.708799744E+01 3.739700019E-01 4.933399856E-01 1.165900030E-03
 2.029500029E-04 6.923999899E-05 7.989299893E-01 5.184100098E+03 3.765399902E+03 2.960199890E+02 1.071100006E+02 8.330900192E+00 8.020099640E+01 3.747600019E-01 4.924899936E-01 1.167600043E-03
 2.050000039E-04 6.900000153E-05 7.981699705E-01 3.674000000E+03 6.068200195E+03 2.959599915E+02 1.072600021E+02 8.953499794E+00 8.963600159E+01 3.754700124E-01 4.919100106E-01 1.168700051E-03
 0.000000000E+00 8.150000212E-05 1.600700021E+00 -8.772200000E+04 -4.623200000E+04 3.000000000E+02 9.695600128E+01 4.706699848E+00 -1.009499969E+02 3.383300006E-01 1.001600027E+00 5.789999850E-04
 2.049999921E-06 8.173999959E-05 1.598500013E+00 -4.996100000E+04 -1.258700000E+04 2.991900024E+02 9.782700348E+01 5.271100044E+00 -6.443099976E+01 3.409200013E-01 9.966700077E-01 5.816899939E-04
 4.099999842E-06 8.197999705E-05 1.593500018E+00 -1.864900000E+04 1.699700012E+02 2.982999878E+02 9.923899841E+01 6.279699802E+00 -3.575299835E+01 3.455300033E-01 9.898099899E-01 5.853999755E-04
 6.149999990E-06 8.222000179E-05 1.590299964E+00 -1.725000000E+04 -1.347500000E+04 2.980799866E+02 1.002799988E+02 7.050799847E+00 -3.415499878E+01 3.494400084E-01 9.871699810E-01 5.865399726E-04
 8.199999684E-06 8.245999925E-05 1.587200046E+00 -1.209100000E+04 -9.263400391E+03 2.979500122E+02 1.014300003E+02 7.832099915E+00 -6.498300076E+00 3.537099957E-01 9.847700000E-01 5.877200165E-04
 1.024999983E-05 8.269999671E-05 1.583299994E+00 -1.020200000E+04 1.669900024E+03 2.978399963E+02 1.028700027E+02 8.240599632E+00 1.947999954E+01 3.588599861E-01 9.819999933E-01 5.891500041E-04
 1.229999998E-05 8.294000145E-05 1.580299973E+00 -6.552399902E+03 1.406800000E+04 2.975199890E+02 1.045500031E+02 8.463000298E+00 1.855400085E+01 3.649500012E-01 9.791100025E-01 5.902500125E-04
 1.435000013E-05 8.317999891E-05 1.574900031E+00 -1.168900000E+04 3.866100098E+03 2.972999878E+02 1.064899979E+02 8.983200073E+00 8.230199814E+00 3.719600141E-01 9.750400186E-01 5.922800046E-04
 1.639999937E-05 8.341999637E-05 1.571200013E+00 -7.835500000E+03 3.605699951E+03 2.969400024E+02 1.084199982E+02 9.436100006E+00 -5.093500137E+00 3.790400028E-01 9.715700150E-01 5.936800153E-04
 1.845000043E-05 8.366000111E-05 1.567899942E+00 1.836900024E+03 1.383900000E+04 2.964200134E+02 1.105000000E+02 9.843899727E+00 -5.944300175E+00 3.867099881E-01 9.677900076E-01 5.949399783E-04
 2.049999966E-05 8.389999857E-05 1.560299993E+00 -1.850599976E+03 9.944000000E+03 2.961700134E+02 1.131100006E+02 1.041899967E+01 6.819900036E+00 3.961000144E-01 9.622700214E-01 5.978600238E-04
 2.255000072E-05 8.414000331E-05 1.552600026E+00 -1.770599976E+03 3.273300049E+03 2.958900146E+02 1.160800018E+02 1.115600014E+01 3.141099930E+01 4.068500102E-01 9.566400051E-01 6.007999764E-04
 2.459999996E-05 8.438000077E-05 1.546700001E+00 1.365500000E+04 9.117400391E+03 2.952099915E+02 1.194100037E+02 1.166100025E+01 2.359499931E+01 4.190799892E-01 9.508000016E-01 6.031100056E-04
 2.664999920E-05 8.461999823E-05 1.538699985E+00 6.766500000E+03 9.296000000E+03 2.944899902E+02 1.231900024E+02 1.220100021E+01 1.951300049E+01 4.329299927E-01 9.435899854E-01 6.062299944E-04
 2.870000026E-05 8.486000297E-05 1.527699947E+00 -7.964399902E+03 -4.511700195E+03 2.939800110E+02 1.274100037E+02 1.277600002E+01 3.688499832E+01 4.481900036E-01 9.352499843E-01 6.105800276E-04
 3.075000132E-05 8.510000043E-05 1.515900016E+00 2.393100098E+03 -9.042799805E+03 2.933399963E+02 1.321300049E+02 1.338300037E+01 3.563800049E+01 4.653800130E-01 9.259999990E-01 6.153500290E-04
 3.279999873E-05 8.533999790E-05 1.503900051E+00 1.448600000E+04 6.703700195E+03 2.924299927E+02 1.373300018E+02 1.406700039E+01 5.404600143E+01 4.845100045E-01 9.157900214E-01 6.202699733E-04
 3.484999979E-05 8.558000263E-05 1.490100026E+00 2.060100000E+04 1.941300000E+04 2.914599915E+02 1.428999939E+02 1.467000008E+01 6.747899628E+01 5.049999952E-01 9.043800235E-01 6.260200171E-04
 3.690000085E-05 8.582000009E-05 1.472700000E+00 1.191300000E+04 7.941299805E+03 2.904800110E+02 1.491900024E+02 1.531999969E+01 6.673799896E+01 5.281299949E-01 8.908699751E-01 6.333999918E-04
 3.894999827E-05 8.605999756E-05 1.453600049E+00 1.404700000E+04 3.441399902E+03 2.892099915E+02 1.565099945E+02 1.592399979E+01 4.495700073E+01 5.551999807E-01 8.754799962E-01 6.417200202E-04
 4.099999933E-05 8.630000229E-05 1.430600047E+00 2.528900000E+04 7.784699707E+02 2.875799866E+02 1.648699951E+02 1.651099968E+01 5.883700180E+01 5.864199996E-01 8.567299843E-01 6.521099713E-04
 4.305000039E-05 8.653999976E-05 1.401100039E+00 2.182300000E+04 -4.084199951E+03 2.856799927E+02 1.746100006E+02 1.693600082E+01 5.214199829E+01 6.229400039E-01 8.335099816E-01 6.658699713E-04
 4.510000144E-05 8.677999722E-05 1.367300034E+00 2.430700000E+04 -3.162000000E+03 2.832500000E+02 1.858500061E+02 1.695899963E+01 3.403599930E+01 6.655300260E-01 8.065500259E-01 6.823299918E-04
 4.714999886E-05 8.702000196E-05 1.326799989E+00 4.302000000E+04 2.423899902E+03 2.803500061E+02 1.987400055E+02 1.654599953E+01 4.161199951E+01 7.148900032E-01 7.746400237E-01 7.032499998E-04
 4.919999992E-05 8.725999942E-05 1.275900006E+00 5.566300000E+04 4.406200195E+03 2.768599854E+02 2.138000031E+02 1.525399971E+01 -1.256299973E+01 7.732300162E-01 7.357199788E-01 7.314499817E-04
 5.125000098E-05 8.749999688E-05 1.212200046E+00 5.721000000E+04 -4.009199951E+03 2.723999939E+02 2.317799988E+02 1.269200039E+01 -1.015000000E+02 8.442999721E-01 6.877999902E-01 7.701599970E-04
 5.329999840E-05 8.728400280E-05 1.138200045E+00 6.659700000E+04 -1.793800000E+04 2.667999878E+02 2.517700043E+02 8.143400192E+00 -1.706600037E+02 9.258800149E-01 6.326199770E-01 8.204599726E-04
 5.534999946E-05 8.706800145E-05 1.056800008E+00 6.667000000E+04 -3.214400000E+04 2.601499939E+02 2.725400085E+02 7.492600083E-01 -2.240299988E+02 1.014600039E+00 5.728300214E-01 8.841099916E-04
 5.740000051E-05 8.685200009E-05 9.712799788E-01 5.670800000E+04 -3.365200000E+04 2.530000000E+02 2.933099976E+02 -8.517399788E+00 -2.612500000E+02 1.107699990E+00 5.120300055E-01 9.622800280E-04
 5.945000157E-05 8.663599874E-05 8.879100084E-01 4.827200000E+04 -2.840700000E+04 2.459199982E+02 3.127799988E+02 -1.901300049E+01 -2.645000000E+02 1.199699998E+00 4.549899995E-01 1.052799984E-03
 6.150000263E-05 8.641999739E-05 8.101800084E-01 3.221000000E+04 -3.115200000E+04 2.389400024E+02 3.305499878E+02 -2.977400017E+01 -2.321199951E+02 1.289000034E+00 4.034000039E-01 1.153800054E-03
 6.354999641E-05 8.620400331E-05 7.396699786E-01 1.503300000E+04 -3.706600000E+04 2.320200043E+02 3.464100037E+02 -3.959899902E+01 -1.787899933E+02 1.374199986E+00 3.576200008E-01 1.263799961E-03
 6.559999747E-05 8.598800196E-05 6.766999960E-01 4.534700195E+03 -2.926200000E+04 2.254600067E+02 3.603299866E+02 -4.848199844E+01 -1.351799927E+02 1.453600049E+00 3.179000020E-01 1.381200040E-03
 6.764999853E-05 8.577200060E-05 6.208299994E-01 -1.192500000E+04 -1.587500000E+04 2.194600067E+02 3.727099915E+02 -5.601100159E+01 -7.237599945E+01 1.527199984E+00 2.838799953E-01 1.505300053E-03
 6.969999959E-05 8.555599925E-05 5.720300078E-01 -2.749200000E+04 -3.255500000E+03 2.140500031E+02 3.838299866E+02 -6.173600006E+01 -1.468799973E+01 1.595000029E+00 2.551000118E-01 1.633299980E-03
 7.175000064E-05 8.533999790E-05 5.299999714E-01 -4.081800000E+04 4.496700195E+03 2.090800018E+02 3.938800049E+02 -6.596399689E+01 1.947699928E+01 1.657799959E+00 2.308499962E-01 1.762500033E-03
 7.380000170E-05 8.512399654E-05 4.940299988E-01 -5.482700000E+04 3.528100098E+03 2.046100006E+02 4.027200012E+02 -6.884999847E+01 5.385900116E+01 1.714400053E+00 2.105699927E-01 1.890299958E-03
 7.585000276E-05 8.490800246E-05 4.635399878E-01 -6.469500000E+04 3.687600098E+03 2.006100006E+02 4.104599915E+02 -7.034899902E+01 9.058899689E+01 1.764700055E+00 1.937000006E-01 2.014300087E-03
 7.789999654E-05 8.469200111E-05 4.369199872E-01 -6.911800000E+04 9.952099609E+03 1.968399963E+02 4.175799866E+02 -7.094400024E+01 1.033899994E+02 1.812000036E+00 1.791400015E-01 2.136700088E-03
 7.994999760E-05 8.447599976E-05 4.132100046E-01 -7.220700000E+04 1.703900000E+04 1.935500031E+02 4.242399902E+02 -7.022299957E+01 1.075199966E+02 1.855100036E+00 1.665699929E-01 2.259100089E-03
 8.199999866E-05 8.425999840E-05 3.925800025E-01 -8.726600000E+04 2.118900000E+04 1.908399963E+02 4.301000061E+02 -6.876200104E+01 1.273799973E+02 1.892300010E+00 1.560299993E-01 2.377500059E-03
 8.404999971E-05 8.404399705E-05 3.754200041E-01 -1.011400000E+05 2.696200000E+04 1.882899933E+02 4.350299988E+02 -6.710600281E+01 1.358099976E+02 1.925300002E+00 1.472200006E-01 2.485800069E-03
 8.610000077E-05 8.382800297E-05 3.603999913E-01 -1.052600000E+05 2.985400000E+04 1.859199982E+02 4.396900024E+02 -6.474199677E+01 1.344400024E+02 1.956200004E+00 1.395500004E-01 2.589300042E-03
 8.815000183E-05 8.361200162E-05 3.470300138E-01 -1.072300000E+05 2.930300000E+04 1.839199982E+02 4.438699951E+02 -6.204800034E+01 1.269499969E+02 1.983399987E+00 1.329299957E-01 2.688900102E-03
 9.020000289E-05 8.339600026E-05 3.352900147E-01 -1.112400000E+05 3.133600000E+04 1.820500031E+02 4.476700134E+02 -5.911199951E+01 1.140100021E+02 2.008599997E+00 1.271200031E-01 2.783000004E-03
 9.224999667E-05 8.317999891E-05 3.244999945E-01 -1.161800000E+05 2.800200000E+04 1.802500000E+02 4.514400024E+02 -5.603099823E+01 1.156100006E+02 2.033499956E+00 1.218099967E-01 2.875400009E-03
 9.429999773E-05 8.296399756E-05 3.148100078E-01 -1.197000000E+05 2.703500000E+04 1.786600037E+02 4.547799988E+02 -5.332199860E+01 1.229400024E+02 2.055999994E+00 1.171299964E-01 2.963700099E-03
 9.634999878E-05 8.274800348E-05 3.061800003E-01 -1.278100000E+05 2.722100000E+04 1.772899933E+02 4.575100098E+02 -5.084799957E+01 1.145400009E+02 2.074800014E+00 1.130499989E-01 3.047199920E-03
 9.839999984E-05 8.253200212E-05 2.980499864E-01 -1.305000000E+05 2.505300000E+04 1.758600006E+02 4.600700073E+02 -4.832500076E+01 1.069199982E+02 2.093600035E+00 1.091599986E-01 3.130400088E-03
 1.004500009E-04 8.231600077E-05 2.903900146E-01 -1.410000000E+05 2.486600000E+04 1.746000061E+02 4.626900024E+02 -4.604499817E+01 1.048399963E+02 2.111900091E+00 1.055900007E-01 3.212800017E-03
 1.025000020E-04 8.209999942E-05 2.831700146E-01 -1.632900000E+05 2.570000000E+04 1.735299988E+02 4.651099854E+02 -4.406299973E+01 1.104000015E+02 2.128499985E+00 1.023299992E-01 3.294700058E-03
 1.045500030E-04 8.188399806E-05 2.762500048E-01 -1.790000000E+05 2.671500000E+04 1.723600006E+02 4.670899963E+02 -4.222900009E+01 1.170699997E+02 2.143899918E+00 9.915699810E-02 3.377200104E-03
 1.065999968E-04 8.166799671E-05 2.696900070E-01 -1.968500000E+05 2.759300000E+04 1.713399963E+02 4.688399963E+02 -4.061399841E+01 1.165000000E+02 2.157700062E+00 9.622400254E-02 3.459400032E-03
 1.086499979E-04 8.145200263E-05 2.635399997E-01 -2.077900000E+05 2.371700000E+04 1.703800049E+02 4.707500000E+02 -3.932099915E+01 9.754499817E+01 2.171900034E+00 9.350500256E-02 3.539999947E-03
 1.106999989E-04 8.123600128E-05 2.578800023E-01 -2.190200000E+05 2.164800000E+04 1.695299988E+02 4.724800110E+02 -3.829999924E+01 8.251100159E+01 2.184900045E+00 9.104199708E-02 3.617600072E-03
 1.127500000E-04 8.101999993E-05 2.525399923E-01 -2.436100000E+05 2.128300000E+04 1.689400024E+02 4.735700073E+02 -3.760400009E+01 8.380200195E+01 2.193500042E+00 8.884300292E-02 3.694199957E-03
 1.148000010E-04 8.080399857E-05 2.488500029E-01 -3.129700000E+05 2.015100000E+04 1.697700043E+02 4.718999939E+02 -3.683599854E+01 8.487500000E+01 2.180200100E+00 8.797399700E-02 3.748500021E-03
 1.168500021E-04 8.058799722E-05 2.572799921E-01 -6.894400000E+05 4.388600000E+04 1.813699951E+02 4.497500000E+02 -3.460699844E+01 1.563000031E+02 2.015300035E+00 9.738100320E-02 3.630599938E-03
 1.189000031E-04 8.037200314E-05 3.188999891E-01 -1.224400000E+06 8.975500000E+04 2.187200012E+02 3.672600098E+02 -2.773699951E+01 3.929800110E+02 1.518800020E+00 1.481599957E-01 3.005400067E-03
 1.209499969E-04 8.015600179E-05 4.748399854E-01 -9.209400000E+05 7.372900000E+04 2.619599915E+02 2.493600006E+02 -1.803199959E+01 4.822500000E+02 9.349300265E-01 2.625800073E-01 2.063400112E-03
 1.230000053E-04 7.994000043E-05 6.479399800E-01 -2.344700000E+05 2.087500000E+04 2.833599854E+02 1.747799988E+02 -1.171000004E+01 2.548000031E+02 6.251999736E-01 3.830400109E-01 1.456400030E-03
 1.250500063E-04 7.972399908E-05 7.350900173E-01 -4.861900000E+04 2.906300049E+03 2.894100037E+02 1.516100006E+02 -9.438300133E+00 6.874199677E+01 5.359100103E-01 4.430600107E-01 1.269700006E-03
 1.270999928E-04 7.950799773E-05 7.563199997E-01 -2.340500000E+04 -3.453600098E+03 2.908200073E+02 1.462500000E+02 -8.850600243E+00 2.102300072E+01 5.156400204E-01 4.580299854E-01 1.233399962E-03
 1.291499939E-04 7.929199637E-05 7.611700296E-01 -1.787900000E+04 1.792099976E+03 2.912500000E+02 1.442599945E+02 -8.775699615E+00 1.037300014E+01 5.082399845E-01 4.616500139E-01 1.225500018E-03
 1.311999949E-04 7.907600229E-05 7.637199759E-01 -1.521800000E+04 5.359100098E+03 2.914599915E+02 1.426499939E+02 -8.684800148E+00 2.650699997E+01 5.023800135E-01 4.635199904E-01 1.221399987E-03
 1.332499960E-04 7.886000094E-05 7.656800151E-01 -1.330700000E+04 -2.397799988E+02 2.917600098E+02 1.409600067E+02 -8.531599998E+00 1.596100044E+01 4.961799979E-01 4.651899934E-01 1.218299964E-03
 1.352999971E-04 7.864399959E-05 7.684199810E-01 -1.130700000E+04 1.029900024E+03 2.920499878E+02 1.390899963E+02 -8.642800331E+00 -2.525000000E+01 4.894199967E-01 4.673199952E-01 1.213900046E-03
 1.373499981E-04 7.842799823E-05 7.713900208E-01 -1.523000000E+04 -2.762899902E+03 2.922799988E+02 1.371300049E+02 -8.527099609E+00 -5.198400021E+00 4.823000133E-01 4.695000052E-01 1.209200011E-03
 1.393999992E-04 7.821199688E-05 7.733299732E-01 -2.018100000E+04 -6.265299805E+03 2.927500000E+02 1.353899994E+02 -8.309000015E+00 9.919599533E+00 4.758000076E-01 4.714399874E-01 1.206199988E-03
 1.414500002E-04 7.799600280E-05 7.756500244E-01 -1.091900000E+04 -1.167400024E+03 2.930000000E+02 1.338999939E+02 -8.508700371E+00 -1.628499985E+01 4.703899920E-01 4.732599854E-01 1.202599960E-03
 1.435000013E-04 7.778000145E-05 7.773100138E-01 -1.159200000E+04 2.612800049E+03 2.932799988E+02 1.323800049E+02 -8.439800262E+00 -4.740399837E+00 4.648700058E-01 4.747200012E-01 1.200000057E-03
 1.455500023E-04 7.756400009E-05 7.787200212E-01 -1.614900000E+04 1.519400024E+03 2.936799927E+02 1.307200012E+02 -8.259699821E+00 -1.359300017E+00 4.586899877E-01 4.762400091E-01 1.197900041E-03
 1.476000034E-04 7.734799874E-05 7.814000249E-01 -8.719400391E+03 -2.485399902E+03 2.938299866E+02 1.289499969E+02 -8.137100220E+00 -1.241800022E+01 4.523600042E-01 4.781099856E-01 1.193800010E-03
 1.496500045E-04 7.713199739E-05 7.836999893E-01 -3.676899902E+03 -2.910199951E+03 2.939299927E+02 1.272900009E+02 -7.713300228E+00 6.367700100E+00 4.464100003E-01 4.796899855E-01 1.190199982E-03
 1.517000055E-04 7.691600331E-05 7.851999998E-01 -2.489899902E+03 -3.954300049E+03 2.941000061E+02 1.257900009E+02 -7.442599773E+00 2.940399885E+00 4.409700036E-01 4.808799922E-01 1.187999966E-03
 1.537500066E-04 7.670000196E-05 7.861499786E-01 -3.505000000E+03 -7.664299805E+03 2.944899902E+02 1.244199982E+02 -7.435800076E+00 -7.904900074E+00 4.358899891E-01 4.821000099E-01 1.186499954E-03
 1.557999931E-04 7.648400060E-05 7.871999741E-01 -6.968600098E+03 1.168099976E+03 2.948299866E+02 1.231900024E+02 -7.290500164E+00 7.267499924E+00 4.313200116E-01 4.833000004E-01 1.184999943E-03
 1.578499941E-04 7.626799925E-05 7.890599966E-01 -2.008400024E+03 5.437000000E+03 2.949400024E+02 1.218899994E+02 -6.986800194E+00 2.284000015E+01 4.266400039E-01 4.846299887E-01 1.182200038E-03
 1.598999952E-04 7.605199789E-05 7.906699777E-01 -2.209399902E+03 3.503900146E+02 2.950400085E+02 1.205000000E+02 -6.586599827E+00 3.007799911E+01 4.216499925E-01 4.857699871E-01 1.179800020E-03
 1.619499963E-04 7.583599654E-05 7.926499844E-01 1.534900024E+03 5.896600098E+03 2.950700073E+02 1.190699997E+02 -6.205399990E+00 1.577000046E+01 4.165799916E-01 4.870499969E-01 1.176799997E-03
 1.639999973E-04 7.562000246E-05 7.939599752E-01 5.933200073E+01 4.937500000E+03 2.951400146E+02 1.180100021E+02 -5.593500137E+00 2.887199974E+01 4.127199948E-01 4.879699945E-01 1.174899982E-03
 1.660499984E-04 7.540400111E-05 7.943999767E-01 -1.021600000E+04 8.128200073E+02 2.952300110E+02 1.171999969E+02 -5.086900234E+00 3.556900024E+01 4.097299874E-01 4.883899987E-01 1.174199977E-03
 1.680999994E-04 7.518799976E-05 7.954300046E-01 -1.157500000E+04 -2.859600098E+03 2.954500122E+02 1.160800018E+02 -4.819300175E+00 1.054899979E+01 4.056299925E-01 4.893800020E-01 1.172699966E-03
 1.701500005E-04 7.497199840E-05 7.961500287E-01 -1.036900000E+04 -7.519899902E+03 2.957099915E+02 1.149400024E+02 -4.320899963E+00 1.767700005E+01 4.014300108E-01 4.902600050E-01 1.171599957E-03
 1.722000015E-04 7.475599705E-05 7.968999743E-01 -6.694600098E+03 -1.387400024E+03 2.957500000E+02 1.139800034E+02 -3.915499926E+00 2.943300056E+01 3.980099857E-01 4.907799959E-01 1.170499949E-03
 1.742500026E-04 7.454000297E-05 7.976999879E-01 -3.438100098E+03 5.388600098E+03 2.956900024E+02 1.131800003E+02 -3.591500044E+00 1.968199921E+01 3.952000141E-01 4.911800027E-01 1.169400057E-03
 1.763000037E-04 7.432400162E-05 7.984300256E-01 -4.518200195E+03 2.016800049E+03 2.958500061E+02 1.124300003E+02 -2.893399954E+00 2.355400085E+01 3.924199939E-01 4.918900132E-01 1.168300048E-03
 1.783500047E-04 7.410800026E-05 7.994499803E-01 -8.546799805E+03 -4.141399902E+03 2.960199890E+02 1.117799988E+02 -2.289000034E+00 1.727899933E+01 3.899700046E-01 4.927999973E-01 1.166800037E-03
 1.804000058E-04 7.389199891E-05 8.002600074E-01 -7.310200195E+03 1.190900024E+03 2.960700073E+02 1.112300034E+02 -1.761399984E+00 8.406100273E+00 3.879899979E-01 4.933899939E-01 1.165600028E-03
 1.824500068E-04 7.367599756E-05 8.009499907E-01 -1.972500000E+03 5.187600098E+03 2.960700073E+02 1.106299973E+02 -1.129699945E+00 1.897999954E+01 3.858799934E-01 4.938099980E-01 1.164600020E-03
 1.844999933E-04 7.346000348E-05 8.011100292E-01 1.170199951E+03 8.033900146E+02 2.961000061E+02 1.101999969E+02 -6.369100213E-01 3.213299942E+01 3.843599856E-01 4.939599931E-01 1.164400019E-03
 1.865499944E-04 7.324400212E-05 8.006899953E-01 1.035400024E+03 3.987000122E+02 2.961700134E+02 1.099199982E+02 1.086400002E-01 4.513299942E+01 3.833299875E-01 4.938200116E-01 1.165000023E-03
 1.885999955E-04 7.302800077E-05 8.005599976E-01 4.031699951E+03 4.663100098E+03 2.961600037E+02 1.095500031E+02 1.108399987E+00 5.381399918E+01 3.820599914E-01 4.937199950E-01 1.165200025E-03
 1.906499965E-04 7.281199942E-05 8.007799983E-01 4.932399902E+03 1.283699951E+03 2.961499939E+02 1.092399979E+02 1.765499949E+00 5.295199966E+01 3.810099959E-01 4.938299954E-01 1.164900023E-03
 1.926999976E-04 7.259599806E-05 8.005200028E-01 -1.724199982E+02 -2.896000000E+03 2.962300110E+02 1.091100006E+02 2.360199928E+00 4.380899811E+01 3.805499971E-01 4.938099980E-01 1.165200025E-03
 1.947499986E-04 7.237999671E-05 7.999100089E-01 1.845000000E+03 1.015299988E+03 2.962099915E+02 1.091100006E+02 3.413100004E+00 5.216099930E+01 3.806599975E-01 4.934099913E-01 1.166100032E-03
 1.967999997E-04 7.216400263E-05 7.997999787E-01 7.183600098E+03 1.064199951E+03 2.961300049E+02 1.092300034E+02 4.561999798E+00 6.779299927E+01 3.812699914E-01 4.932000041E-01 1.166300033E-03
 1.988500007E-04 7.194800128E-05 7.992399931E-01 6.004399902E+03 4.569600098E+03 2.960700073E+02 1.095100021E+02 5.748899937E+00 7.429599762E+01 3.824999928E-01 4.927600026E-01 1.167100039E-03
 2.009000018E-04 7.173199992E-05 7.980899811E-01 -2.082899902E+03 6.636399902E+03 2.960599976E+02 1.098799973E+02 6.846899986E+00 6.123699951E+01 3.839899898E-01 4.920299947E-01 1.168800052E-03
 2.029500029E-04 7.151599857E-05 7.972400188E-01 -5.848299805E+03 6.591700195E+03 2.959500122E+02 1.101399994E+02 7.923799992E+00 5.208499908E+01 3.852199912E-01 4.913200140E-01 1.169999945E-03
 2.050000039E-04 7.129999722E-05 7.969999909E-01 -2.982800049E+03 8.421000000E+03 2.957600098E+02 1.102200012E+02 8.517900467E+00 5.396500015E+01 3.858000040E-01 4.908599854E-01 1.170399948E-03
 0.000000000E+00 8.266700024E-05 1.600700021E+00 -9.614300000E+04 -5.132600000E+04 3.000000000E+02 9.580200195E+01 4.519599915E+00 -1.337500000E+02 3.335900009E-01 1.000599980E+00 5.795300240E-04
 2.049999921E-06 8.287999663E-05 1.597700000E+00 -5.700900000E+04 -2.073200000E+04 2.992200012E+02 9.647699738E+01 4.925600052E+00 -9.053399658E+01 3.357999921E-01 9.958099723E-01 5.822399980E-04
 4.099999842E-06 8.309300028E-05 1.592300057E+00 -1.472900000E+04 -3.866500000E+03 2.982999878E+02 9.775399780E+01 5.667399883E+00 -5.327000046E+01 3.402400017E-01 9.891099930E-01 5.858200020E-04
 6.149999990E-06 8.330700075E-05 1.589499950E+00 -7.788200195E+03 -1.164500000E+04 2.980799866E+02 9.902100372E+01 6.333499908E+00 -5.182500076E+01 3.449099958E-01 9.866200089E-01 5.868499866E-04
 8.199999684E-06 8.351999713E-05 1.586899996E+00 -1.005600000E+04 -4.743200195E+03 2.978299866E+02 1.005500031E+02 7.072100163E+00 -2.658799934E+01 3.505400121E-01 9.842299819E-01 5.877999938E-04
 1.024999983E-05 8.373300079E-05 1.582999945E+00 -8.317799805E+03 1.776099976E+03 2.976499939E+02 1.024000015E+02 7.432700157E+00 1.502299976E+01 3.571299911E-01 9.811900258E-01 5.892500049E-04
 1.229999998E-05 8.394700126E-05 1.579499960E+00 -5.639500000E+03 6.545500000E+03 2.974700012E+02 1.041299973E+02 7.689899921E+00 3.353900146E+01 3.633100092E-01 9.784200191E-01 5.905699800E-04
 1.435000013E-05 8.415999764E-05 1.575500011E+00 -1.555500000E+04 6.006700195E+03 2.971799927E+02 1.059499969E+02 8.142399788E+00 2.159700012E+01 3.699400127E-01 9.749799967E-01 5.920699914E-04
 1.639999937E-05 8.437300130E-05 1.571699977E+00 -6.693399902E+03 1.105300000E+04 2.968099976E+02 1.080000000E+02 8.522600174E+00 -1.359300041E+01 3.773899972E-01 9.714099765E-01 5.934999790E-04
 1.845000043E-05 8.458700177E-05 1.566699982E+00 8.969299805E+03 2.250300000E+04 2.965000000E+02 1.101699982E+02 8.935400009E+00 -1.730500031E+01 3.852500021E-01 9.673100114E-01 5.953999935E-04
 2.049999966E-05 8.479999815E-05 1.559100032E+00 1.602700043E+01 1.281900000E+04 2.962699890E+02 1.128000031E+02 9.428799629E+00 -1.772399992E-01 3.946500123E-01 9.618999958E-01 5.982900038E-04
 2.255000072E-05 8.501300181E-05 1.553099990E+00 -2.957000000E+03 -3.079500000E+03 2.957500000E+02 1.158600006E+02 9.975199699E+00 2.428599930E+01 4.058299959E-01 9.564800262E-01 6.006199983E-04
 2.459999996E-05 8.522700227E-05 1.547000051E+00 5.175600098E+03 7.398299805E+03 2.950700073E+02 1.193600006E+02 1.039999962E+01 2.529299927E+01 4.185999930E-01 9.505699873E-01 6.029700162E-04
 2.664999920E-05 8.543999866E-05 1.537600040E+00 2.934699951E+03 9.272700195E+03 2.945499878E+02 1.232300034E+02 1.094200039E+01 1.458699989E+01 4.326199889E-01 9.431300163E-01 6.066599744E-04
 2.870000026E-05 8.565300232E-05 1.526499987E+00 1.217800049E+03 -5.119799805E+03 2.940499878E+02 1.274700012E+02 1.144099998E+01 2.794400024E+01 4.479399920E-01 9.347100258E-01 6.110799732E-04
 3.075000132E-05 8.586700278E-05 1.514799953E+00 3.075399902E+03 2.372600098E+03 2.933999939E+02 1.322200012E+02 1.188700008E+01 4.325000000E+01 4.651300013E-01 9.255300164E-01 6.157800090E-04
 3.279999873E-05 8.607999916E-05 1.503200054E+00 1.383600000E+04 1.346700000E+04 2.923999939E+02 1.373999939E+02 1.251700020E+01 5.040100098E+01 4.842399955E-01 9.152799845E-01 6.205600221E-04
 3.484999979E-05 8.629300282E-05 1.489500046E+00 2.320500000E+04 1.172200000E+04 2.913299866E+02 1.431199951E+02 1.315400028E+01 6.052899933E+01 5.053499937E-01 9.036599994E-01 6.262600073E-04
 3.690000085E-05 8.650700329E-05 1.472399950E+00 2.463900000E+04 8.767899780E+02 2.903999939E+02 1.495800018E+02 1.369499969E+01 6.400399780E+01 5.289999843E-01 8.904200196E-01 6.335399812E-04
 3.894999827E-05 8.671999967E-05 1.452000022E+00 3.047500000E+04 -1.277100000E+04 2.892500000E+02 1.568800049E+02 1.421399975E+01 3.374200058E+01 5.558800101E-01 8.746299744E-01 6.424500025E-04
 4.099999933E-05 8.693300333E-05 1.428599954E+00 3.454600000E+04 -5.877200195E+03 2.876300049E+02 1.652500000E+02 1.472000027E+01 3.170499992E+01 5.871300101E-01 8.556799889E-01 6.530099781E-04
 4.305000039E-05 8.714699652E-05 1.400400043E+00 2.279300000E+04 8.879400024E+02 2.855899963E+02 1.750099945E+02 1.500500011E+01 3.098999977E+01 6.238300204E-01 8.328999877E-01 6.661600200E-04
 4.510000144E-05 8.736000018E-05 1.367300034E+00 1.614500000E+04 -6.255299805E+03 2.832399902E+02 1.860899963E+02 1.500300026E+01 2.018899918E+01 6.658099890E-01 8.065099716E-01 6.823199801E-04
 4.714999886E-05 8.757299656E-05 1.327499986E+00 3.126700000E+04 -1.972199951E+03 2.803599854E+02 1.986699982E+02 1.468900013E+01 7.248499870E+00 7.141100168E-01 7.751100063E-01 7.028600085E-04
 4.919999992E-05 8.778699703E-05 1.277099967E+00 4.781100000E+04 2.573399902E+03 2.769100037E+02 2.134400024E+02 1.349499989E+01 -2.990200043E+01 7.714400291E-01 7.365300059E-01 7.307499764E-04
 5.125000098E-05 8.800000069E-05 1.215000033E+00 6.062100000E+04 -9.152800293E+02 2.725700073E+02 2.309199982E+02 1.118200016E+01 -9.018599701E+01 8.405900002E-01 6.898199916E-01 7.683499716E-04
 5.329999840E-05 8.780800272E-05 1.143100023E+00 6.820400000E+04 -1.456200000E+04 2.671700134E+02 2.503800049E+02 7.294899940E+00 -1.573600006E+02 9.199900031E-01 6.362100244E-01 8.169100038E-04
 5.534999946E-05 8.761599747E-05 1.063599944E+00 6.221700000E+04 -3.463000000E+04 2.608800049E+02 2.706700134E+02 9.837800264E-01 -2.137200012E+02 1.006100059E+00 5.781099796E-01 8.783700177E-04
 5.740000051E-05 8.742399950E-05 9.808400273E-01 5.755000000E+04 -3.805700000E+04 2.540000000E+02 2.909599915E+02 -7.045899868E+00 -2.276100006E+02 1.096400023E+00 5.190899968E-01 9.526999784E-04
 5.945000157E-05 8.723200153E-05 8.993399739E-01 5.296900000E+04 -3.359000000E+04 2.469199982E+02 3.103299866E+02 -1.618700027E+01 -2.323899994E+02 1.187299967E+00 4.627299905E-01 1.039399998E-03
 6.150000263E-05 8.704000356E-05 8.220300078E-01 3.697600000E+04 -3.304600000E+04 2.399499969E+02 3.280100098E+02 -2.564999962E+01 -2.190000000E+02 1.275099993E+00 4.110200107E-01 1.137100044E-03
 6.354999641E-05 8.684799832E-05 7.517799735E-01 2.269200000E+04 -3.316700000E+04 2.331600037E+02 3.441099854E+02 -3.441099930E+01 -1.693500061E+02 1.359699965E+00 3.652499914E-01 1.243300037E-03
 6.559999747E-05 8.665600035E-05 6.884300113E-01 1.071500000E+04 -2.857100000E+04 2.266300049E+02 3.587900085E+02 -4.224499893E+01 -1.195500031E+02 1.440600038E+00 3.251000047E-01 1.357599976E-03
 6.764999853E-05 8.646400238E-05 6.316099763E-01 -8.504299805E+03 -1.701000000E+04 2.206000061E+02 3.716000061E+02 -4.893700027E+01 -6.363399887E+01 1.514799953E+00 2.903099954E-01 1.479699975E-03
 6.969999959E-05 8.627199713E-05 5.810400248E-01 -2.437100000E+04 -9.063900391E+03 2.149799957E+02 3.831099854E+02 -5.440999985E+01 -2.001000023E+01 1.584200025E+00 2.602500021E-01 1.608100021E-03
 7.175000064E-05 8.607999916E-05 5.371099710E-01 -3.568100000E+04 -2.219100098E+03 2.098399963E+02 3.937099915E+02 -5.853200150E+01 1.053899956E+01 1.649299979E+00 2.348099947E-01 1.739299973E-03
 7.380000170E-05 8.588800119E-05 4.993500113E-01 -5.138300000E+04 5.849500000E+03 2.052100067E+02 4.030499878E+02 -6.153200150E+01 4.704299927E+01 1.708299994E+00 2.134699970E-01 1.870300039E-03
 7.585000276E-05 8.569600323E-05 4.671599865E-01 -6.592100000E+04 7.368299805E+03 2.010099945E+02 4.111499939E+02 -6.330699921E+01 7.925900269E+01 1.761100054E+00 1.956100017E-01 1.998800086E-03
 7.789999654E-05 8.550399798E-05 4.390600026E-01 -7.581100000E+04 9.480700195E+03 1.971399994E+02 4.185499878E+02 -6.387500000E+01 8.606600189E+01 1.809900045E+00 1.802999973E-01 2.126500010E-03
 7.994999760E-05 8.531200001E-05 4.141800106E-01 -8.032600000E+04 1.268600000E+04 1.936499939E+02 4.253699951E+02 -6.338899994E+01 1.028399963E+02 1.854900002E+00 1.670600027E-01 2.253900049E-03
 8.199999866E-05 8.512000204E-05 3.929800093E-01 -8.942200000E+04 1.741500000E+04 1.906799927E+02 4.314200134E+02 -6.234999847E+01 1.208399963E+02 1.894600034E+00 1.560599953E-01 2.375100041E-03
 8.404999971E-05 8.492799680E-05 3.749200106E-01 -9.957300000E+04 2.552000000E+04 1.880200043E+02 4.365400085E+02 -6.113199997E+01 1.185999985E+02 1.929399967E+00 1.468099952E-01 2.489299979E-03
 8.610000077E-05 8.473599883E-05 3.588599861E-01 -1.050200000E+05 2.766400000E+04 1.855700073E+02 4.413599854E+02 -5.914400101E+01 1.171100006E+02 1.961899996E+00 1.386899948E-01 2.600499894E-03
 8.815000183E-05 8.454400086E-05 3.447799981E-01 -1.102100000E+05 2.500700000E+04 1.833600006E+02 4.458399963E+02 -5.662900162E+01 1.139199982E+02 1.991999984E+00 1.316599995E-01 2.706399886E-03
 9.020000289E-05 8.435200289E-05 3.324399889E-01 -1.123100000E+05 2.635600000E+04 1.813999939E+02 4.498099976E+02 -5.403799820E+01 1.106299973E+02 2.018800020E+00 1.255899966E-01 2.806799952E-03
 9.224999667E-05 8.415999764E-05 3.215200007E-01 -1.131000000E+05 2.525100000E+04 1.795399933E+02 4.535100098E+02 -5.125899887E+01 1.100899963E+02 2.044300079E+00 1.202199981E-01 2.901999978E-03
 9.429999773E-05 8.396799967E-05 3.120200038E-01 -1.151500000E+05 2.441000000E+04 1.778500061E+02 4.566400146E+02 -4.844300079E+01 1.119100037E+02 2.066499949E+00 1.155700013E-01 2.990300069E-03
 9.634999878E-05 8.377600170E-05 3.031600118E-01 -1.220300000E+05 2.498800000E+04 1.764400024E+02 4.595000000E+02 -4.598400116E+01 1.055699997E+02 2.086499929E+00 1.114000008E-01 3.077599918E-03
 9.839999984E-05 8.358399646E-05 2.947399914E-01 -1.291200000E+05 2.283800000E+04 1.750899963E+02 4.621600037E+02 -4.355599976E+01 1.013499985E+02 2.105499983E+00 1.074699983E-01 3.165500006E-03
 1.004500009E-04 8.339199849E-05 2.870300114E-01 -1.408400000E+05 2.243800000E+04 1.738699951E+02 4.645499878E+02 -4.123099899E+01 1.001399994E+02 2.122699976E+00 1.039299965E-01 3.250499954E-03
 1.025000020E-04 8.320000052E-05 2.799299955E-01 -1.606600000E+05 2.419400000E+04 1.728000031E+02 4.666799927E+02 -3.906399918E+01 1.003000031E+02 2.138099909E+00 1.007300019E-01 3.332900116E-03
 1.045500030E-04 8.300800255E-05 2.734200060E-01 -1.793900000E+05 2.381900000E+04 1.717700043E+02 4.685000000E+02 -3.711600113E+01 1.051699982E+02 2.152100086E+00 9.780299664E-02 3.412100021E-03
 1.065999968E-04 8.281599730E-05 2.674100101E-01 -1.974100000E+05 2.375700000E+04 1.708399963E+02 4.700599976E+02 -3.564500046E+01 1.065899963E+02 2.164499998E+00 9.513600171E-02 3.488699906E-03
 1.086499979E-04 8.262399933E-05 2.616199851E-01 -2.055700000E+05 2.035500000E+04 1.698800049E+02 4.718299866E+02 -3.450500107E+01 9.194799805E+01 2.178400040E+00 9.255500138E-02 3.565900028E-03
 1.106999989E-04 8.243200136E-05 2.562099993E-01 -2.131100000E+05 1.890200000E+04 1.690000000E+02 4.735499878E+02 -3.343999863E+01 7.166300201E+01 2.191600084E+00 9.017000347E-02 3.641200019E-03
 1.127500000E-04 8.224000339E-05 2.513099909E-01 -2.352800000E+05 1.940100000E+04 1.684400024E+02 4.745199890E+02 -3.255500031E+01 6.776899719E+01 2.199399948E+00 8.815000206E-02 3.712099977E-03
 1.148000010E-04 8.204799815E-05 2.479400039E-01 -3.070600000E+05 1.916200000E+04 1.692599945E+02 4.728800049E+02 -3.197599983E+01 7.523600006E+01 2.186399937E+00 8.739099652E-02 3.762200009E-03
 1.168500021E-04 8.185600018E-05 2.556700110E-01 -6.770200000E+05 3.754600000E+04 1.803200073E+02 4.520799866E+02 -3.042700005E+01 1.326699982E+02 2.029799938E+00 9.618700296E-02 3.652699990E-03
 1.189000031E-04 8.166400221E-05 3.139899969E-01 -1.230500000E+06 7.371500000E+04 2.169499969E+02 3.718599854E+02 -2.493799973E+01 3.240000000E+02 1.542700052E+00 1.446000040E-01 3.046900034E-03
 1.209499969E-04 8.147199696E-05 4.658200145E-01 -9.588900000E+05 6.094300000E+04 2.605000000E+02 2.537100067E+02 -1.673999977E+01 4.126400146E+02 9.538699985E-01 2.563000023E-01 2.103999956E-03
 1.230000053E-04 8.127999899E-05 6.399099827E-01 -2.553900000E+05 2.189000000E+04 2.829200134E+02 1.765099945E+02 -1.111100006E+01 2.388699951E+02 6.318100095E-01 3.778299987E-01 1.476399950E-03
 1.250500063E-04 8.108800102E-05 7.314699888E-01 -4.572900000E+04 6.801000000E+03 2.894899902E+02 1.516199951E+02 -8.809200287E+00 6.018199921E+01 5.357499719E-01 4.409900010E-01 1.276200055E-03
 1.270999928E-04 8.089600306E-05 7.550500035E-01 -2.048300000E+04 3.558200073E+01 2.910199890E+02 1.458399963E+02 -8.109299660E+00 3.043400049E+00 5.138700008E-01 4.575699866E-01 1.235499978E-03
 1.291499939E-04 8.070399781E-05 7.607200146E-01 -1.649100000E+04 4.749500000E+03 2.915100098E+02 1.435000000E+02 -7.872900009E+00 1.157199955E+01 5.051599741E-01 4.617899954E-01 1.226200024E-03
 1.311999949E-04 8.051199984E-05 7.631899714E-01 -1.923600000E+04 7.099299622E+01 2.916799927E+02 1.416199951E+02 -7.604199886E+00 1.664299965E+01 4.983699918E-01 4.635500014E-01 1.222199993E-03
 1.332499960E-04 8.032000187E-05 7.651600242E-01 -1.896900000E+04 -6.274799805E+03 2.920599976E+02 1.399700012E+02 -7.521399975E+00 -4.542799950E+00 4.922600091E-01 4.653599858E-01 1.219099970E-03
 1.352999971E-04 8.012799663E-05 7.680100203E-01 -1.101600000E+04 3.371100098E+03 2.923800049E+02 1.383000031E+02 -7.588900089E+00 -1.652199936E+01 4.861400127E-01 4.675999880E-01 1.214600052E-03
 1.373499981E-04 7.993599866E-05 7.709800005E-01 -7.816399902E+03 2.791699951E+03 2.924100037E+02 1.364400024E+02 -7.411699772E+00 -9.204000473E+00 4.795599878E-01 4.694600105E-01 1.209900016E-03
 1.393999992E-04 7.974400069E-05 7.729099989E-01 -9.427400391E+03 -7.054700195E+03 2.927900085E+02 1.347700043E+02 -7.374199867E+00 -4.632900238E+00 4.733999968E-01 4.712400138E-01 1.206899993E-03
 1.414500002E-04 7.955200272E-05 7.750700116E-01 -1.124599976E+03 -1.942500000E+03 2.931499939E+02 1.333000031E+02 -7.588300228E+00 -7.801899910E+00 4.679799974E-01 4.731500149E-01 1.203499967E-03
 1.435000013E-04 7.935999747E-05 7.768200040E-01 -2.114100098E+03 -4.604899902E+03 2.933399963E+02 1.317100067E+02 -7.345799923E+00 3.359499931E+00 4.622299969E-01 4.745300114E-01 1.200799947E-03
 1.455500023E-04 7.916799950E-05 7.780299783E-01 -1.145800000E+04 -5.892700195E+03 2.936900024E+02 1.300299988E+02 -7.073699951E+00 5.991799831E+00 4.560399950E-01 4.758299887E-01 1.198900049E-03
 1.476000034E-04 7.897600153E-05 7.805399895E-01 -9.304500000E+03 8.741099854E+02 2.939500122E+02 1.283899994E+02 -7.028600216E+00 -1.438300037E+01 4.501000047E-01 4.777899981E-01 1.195100020E-03
 1.496500045E-04 7.878400356E-05 7.827900052E-01 -7.007200195E+03 -2.469800049E+03 2.941300049E+02 1.269300003E+02 -6.755400181E+00 -1.034099960E+01 4.447799921E-01 4.794499874E-01 1.191599993E-03
 1.517000055E-04 7.859199832E-05 7.844600081E-01 -7.367299805E+03 -7.341000000E+03 2.942300110E+02 1.255999985E+02 -6.517600060E+00 -5.202299953E-01 4.400300086E-01 4.806399941E-01 1.189099974E-03
 1.537500066E-04 7.840000035E-05 7.864500284E-01 -6.296500000E+03 -1.073300000E+04 2.944700012E+02 1.242600021E+02 -6.489099979E+00 -2.833699942E+00 4.351699948E-01 4.822500050E-01 1.186099951E-03
 1.557999931E-04 7.820800238E-05 7.871500254E-01 -1.259700000E+04 -3.033300049E+03 2.947900085E+02 1.229400024E+02 -6.274199963E+00 4.588600159E+00 4.302800000E-01 4.832099974E-01 1.184999943E-03
 1.578499941E-04 7.801599713E-05 7.880600095E-01 -1.510800000E+04 2.418100098E+03 2.949299927E+02 1.215299988E+02 -5.958300114E+00 1.160700035E+01 4.252200127E-01 4.839900136E-01 1.183700049E-03
 1.598999952E-04 7.782399916E-05 7.902500033E-01 -1.299200000E+04 2.541300049E+03 2.950299988E+02 1.200899963E+02 -5.602499962E+00 1.583800030E+01 4.200400114E-01 4.855000079E-01 1.180400024E-03
 1.619499963E-04 7.763200119E-05 7.918599844E-01 -6.622500000E+03 5.150700195E+03 2.951000061E+02 1.188499985E+02 -5.360799789E+00 5.573699951E+00 4.156500101E-01 4.866000116E-01 1.178000006E-03
 1.639999973E-04 7.744000322E-05 7.929700017E-01 -4.080000000E+03 1.567800049E+03 2.951799927E+02 1.179300003E+02 -5.000500202E+00 1.577099991E+01 4.123300016E-01 4.874199927E-01 1.176299993E-03
 1.660499984E-04 7.724799798E-05 7.937700152E-01 -6.645100098E+03 -6.040800171E+02 2.952900085E+02 1.171999969E+02 -4.334099770E+00 2.846999931E+01 4.095999897E-01 4.880900085E-01 1.175199985E-03
 1.680999994E-04 7.705600001E-05 7.946199775E-01 -7.133700195E+03 -6.834799805E+03 2.954299927E+02 1.162799988E+02 -3.885799885E+00 1.654800057E+00 4.062199891E-01 4.888499975E-01 1.173899975E-03
 1.701500005E-04 7.686400204E-05 7.953500152E-01 -5.863600098E+03 -1.014100000E+04 2.956600037E+02 1.152799988E+02 -3.590899944E+00 -2.174499989E+00 4.025500119E-01 4.896799922E-01 1.172799966E-03
 1.722000015E-04 7.667199679E-05 7.957599759E-01 -8.337099609E+03 5.832899780E+02 2.958399963E+02 1.145599976E+02 -3.409399986E+00 1.054100037E+01 3.998900056E-01 4.902299941E-01 1.172199962E-03
 1.742500026E-04 7.647999882E-05 7.963700294E-01 -1.100200000E+04 3.836699951E+03 2.958200073E+02 1.140400009E+02 -3.110500097E+00 1.570600033E+01 3.980799913E-01 4.905700088E-01 1.171299955E-03
 1.763000037E-04 7.628800086E-05 7.976899743E-01 -3.996100098E+03 -2.089600067E+02 2.957099915E+02 1.134100037E+02 -2.468699932E+00 1.900399971E+01 3.959099948E-01 4.912000000E-01 1.169400057E-03
 1.783500047E-04 7.609600289E-05 7.990300059E-01 -2.161699951E+03 -8.960599976E+02 2.957799988E+02 1.127900009E+02 -2.027299881E+00 4.529399872E+00 3.936600089E-01 4.921500087E-01 1.167400042E-03
 1.804000058E-04 7.590399764E-05 7.994999886E-01 1.912000000E+03 2.278600098E+03 2.959400024E+02 1.123199997E+02 -1.425600052E+00 1.404099941E+00 3.918699920E-01 4.926899970E-01 1.166700036E-03
 1.824500068E-04 7.571199967E-05 7.995100021E-01 3.265199951E+03 3.549899902E+03 2.960299988E+02 1.118700027E+02 -7.296800017E-01 7.349899769E+00 3.902400136E-01 4.928500056E-01 1.166700036E-03
 1.844999933E-04 7.552000170E-05 7.994400263E-01 6.342899780E+02 -2.818500061E+02 2.960799866E+02 1.115400009E+02 -3.545599878E-01 7.775899887E+00 3.890100121E-01 4.929000139E-01 1.166800037E-03
 1.865499944E-04 7.532799646E-05 7.998099923E-01 6.571199951E+02 1.330000000E+03 2.961099854E+02 1.111800003E+02 3.436999917E-01 2.561499977E+01 3.877600133E-01 4.931699932E-01 1.166300033E-03
 1.885999955E-04 7.513599849E-05 7.996600270E-01 1.194800049E+03 2.135600098E+03 2.961300049E+02 1.110100021E+02 1.161200047E+00 4.988800049E+01 3.871699870E-01 4.931100011E-01 1.166500035E-03
 1.906499965E-04 7.494400052E-05 7.995700240E-01 7.036700195E+03 -4.470100098E+03 2.960799866E+02 1.109800034E+02 1.748299956E+00 5.274700165E+01 3.871299922E-01 4.929800034E-01 1.166600036E-03
 1.926999976E-04 7.475200255E-05 8.002399802E-01 8.255500000E+03 -7.257100098E+03 2.959899902E+02 1.108199997E+02 2.335999966E+00 4.044699860E+01 3.866499960E-01 4.932299852E-01 1.165700029E-03
 1.947499986E-04 7.455999730E-05 7.996500134E-01 3.728699951E+03 -2.241000000E+03 2.959200134E+02 1.108099976E+02 3.267100096E+00 4.480400085E+01 3.867599964E-01 4.927699864E-01 1.166500035E-03
 1.967999997E-04 7.436799933E-05 7.990700006E-01 4.116100098E+03 1.218099976E+03 2.959100037E+02 1.109199982E+02 4.313600063E+00 4.967800140E+01 3.872799873E-01 4.923900068E-01 1.167400042E-03
 1.988500007E-04 7.417600136E-05 7.980899811E-01 2.273600098E+03 4.013699951E+03 2.959100037E+02 1.113000031E+02 5.258900166E+00 4.617399979E+01 3.887200058E-01 4.917800128E-01 1.168800052E-03
 2.009000018E-04 7.398400339E-05 7.968199849E-01 -2.840800049E+03 7.758600098E+03 2.958699951E+02 1.119000015E+02 6.283699989E+00 4.799300003E+01 3.910300136E-01 4.909299910E-01 1.170699950E-03
 2.029500029E-04 7.379199815E-05 7.963100076E-01 -2.757600098E+03 6.099200195E+03 2.957099915E+02 1.124899979E+02 7.335899830E+00 4.411500168E+01 3.934299946E-01 4.903599918E-01 1.171399956E-03
 2.050000039E-04 7.360000018E-05 7.960299850E-01 -1.875000000E+03 3.689000000E+03 2.955499878E+02 1.128000031E+02 7.863800049E+00 3.735300064E+01 3.947499990E-01 4.899100065E-01 1.171799959E-03
 0.000000000E+00 8.383300155E-05 1.600700021E+00 -9.644900000E+04 -5.362700000E+04 3.000000000E+02 9.402500153E+01 4.108799934E+00 -1.709900055E+02 3.262299895E-01 9.991099834E-01 5.803799722E-04
 2.049999921E-06 8.402000094E-05 1.596300006E+00 -5.967700000E+04 -2.932400000E+04 2.992799988E+02 9.481700134E+01 4.455800056E+00 -1.017799988E+02 3.293699920E-01 9.943900108E-01 5.831799936E-04
 4.099999842E-06 8.420700033E-05 1.590600014E+00 -1.488700000E+04 -9.710500000E+03 2.983399963E+02 9.623799896E+01 5.011199951E+00 -3.193700027E+01 3.348399997E-01 9.881500006E-01 5.864599952E-04
 6.149999990E-06 8.439300291E-05 1.588000059E+00 -6.331299805E+03 -6.473899902E+03 2.981199951E+02 9.771700287E+01 5.486499786E+00 -3.097200012E+01 3.401800096E-01 9.858700037E-01 5.873899790E-04
 8.199999684E-06 8.458000229E-05 1.585899949E+00 -4.988000000E+03 -6.713500000E+03 2.978800049E+02 9.945400238E+01 6.088699818E+00 -6.016499996E+00 3.464800119E-01 9.837300181E-01 5.881799734E-04
 1.024999983E-05 8.476700168E-05 1.582599998E+00 -3.748099976E+02 -7.667100098E+03 2.976799927E+02 1.014400024E+02 6.467700005E+00 2.299699974E+01 3.535700142E-01 9.810199738E-01 5.894199712E-04
 1.229999998E-05 8.495299699E-05 1.578299999E+00 -7.752299805E+03 -8.041700195E+03 2.975499878E+02 1.034300003E+02 6.908500195E+00 3.949200058E+01 3.606399894E-01 9.779199958E-01 5.910199834E-04
 1.435000013E-05 8.513999637E-05 1.574800014E+00 -1.038800000E+04 2.418699951E+03 2.970700073E+02 1.053199997E+02 7.296999931E+00 3.388600159E+01 3.676100075E-01 9.741899967E-01 5.923300050E-04
 1.639999937E-05 8.532700303E-05 1.570799947E+00 7.987200195E+03 1.917500000E+04 2.967200012E+02 1.074199982E+02 7.562399864E+00 -1.712599945E+01 3.751800060E-01 9.705700278E-01 5.938300164E-04
 1.845000043E-05 8.551299834E-05 1.565199971E+00 6.583899902E+03 1.520600000E+04 2.965499878E+02 1.098000031E+02 7.968699932E+00 -2.333600044E+01 3.836799860E-01 9.665700197E-01 5.959600094E-04
 2.049999966E-05 8.569999773E-05 1.558699965E+00 -5.874299805E+03 1.845300049E+03 2.962000122E+02 1.127099991E+02 8.339599609E+00 4.813700199E+00 3.940899968E-01 9.614199996E-01 5.984500167E-04
 2.255000072E-05 8.588699711E-05 1.553400040E+00 2.896199951E+03 -5.571299805E+03 2.956300049E+02 1.158399963E+02 8.747799873E+00 2.917099953E+00 4.054999948E-01 9.562900066E-01 6.005099858E-04
 2.459999996E-05 8.607299969E-05 1.546100020E+00 6.520500000E+03 -1.871699951E+03 2.951000061E+02 1.193099976E+02 9.144700050E+00 2.601799965E+00 4.180600047E-01 9.501000047E-01 6.033299724E-04
 2.664999920E-05 8.625999908E-05 1.536299944E+00 -8.661300049E+02 -1.912700043E+02 2.946700134E+02 1.233000031E+02 9.638099670E+00 1.094499969E+01 4.323900044E-01 9.427300096E-01 6.071599782E-04
 2.870000026E-05 8.644699847E-05 1.526299953E+00 5.527700195E+03 2.135800049E+03 2.941199951E+02 1.275199966E+02 1.007999992E+01 1.778499985E+01 4.476400018E-01 9.348300099E-01 6.111600087E-04
 3.075000132E-05 8.663300105E-05 1.514999986E+00 6.575600098E+03 6.631799805E+03 2.933800049E+02 1.321100006E+02 1.043500042E+01 2.835899925E+01 4.643299878E-01 9.255599976E-01 6.157300086E-04
 3.279999873E-05 8.682000043E-05 1.503200054E+00 1.443100000E+04 4.977000000E+03 2.923800049E+02 1.373099976E+02 1.093400002E+01 4.533700180E+01 4.834600091E-01 9.152600169E-01 6.205399986E-04
 3.484999979E-05 8.700699982E-05 1.489300013E+00 2.852400000E+04 4.815200195E+03 2.912999878E+02 1.432100067E+02 1.156099987E+01 5.898099899E+01 5.052099824E-01 9.034399986E-01 6.263399846E-04
 3.690000085E-05 8.719300240E-05 1.472499967E+00 2.605600000E+04 -1.578199951E+03 2.902500000E+02 1.497700043E+02 1.207499981E+01 4.164400101E+01 5.293200016E-01 8.899700046E-01 6.335200160E-04
 3.894999827E-05 8.738000179E-05 1.452000022E+00 1.948300000E+04 -1.659700000E+04 2.890599976E+02 1.571300049E+02 1.246199989E+01 5.807199955E+00 5.564200282E-01 8.740100265E-01 6.424700259E-04
 4.099999933E-05 8.756700117E-05 1.427899957E+00 2.317000000E+04 -5.694299805E+03 2.875299988E+02 1.655299988E+02 1.285599995E+01 6.700099945E+00 5.876399875E-01 8.549399972E-01 6.533400156E-04
 4.305000039E-05 8.775299648E-05 1.400300026E+00 2.996000000E+04 1.220400000E+04 2.854800110E+02 1.751199951E+02 1.307100010E+01 3.594400024E+01 6.237800121E-01 8.324699998E-01 6.662399974E-04
 4.510000144E-05 8.794000314E-05 1.366999984E+00 3.146100000E+04 9.040400391E+03 2.832000122E+02 1.860399933E+02 1.308800030E+01 2.436800003E+01 6.651499867E-01 8.061900139E-01 6.825000164E-04
 4.714999886E-05 8.812700253E-05 1.327000022E+00 3.528900000E+04 1.658000000E+03 2.803699951E+02 1.985800018E+02 1.288300037E+01 -3.197200060E+00 7.133200169E-01 7.748200297E-01 7.031399873E-04
 4.919999992E-05 8.831299783E-05 1.277799964E+00 4.358100000E+04 -1.589500000E+03 2.767799988E+02 2.131999969E+02 1.175500011E+01 -2.338299942E+01 7.703599930E-01 7.366099954E-01 7.303199964E-04
 5.125000098E-05 8.849999722E-05 1.217399955E+00 5.736700000E+04 -4.644799805E+03 2.725499878E+02 2.302100067E+02 9.701000214E+00 -6.458300018E+01 8.378000259E-01 6.910799742E-01 7.668099715E-04
 5.329999840E-05 8.833200263E-05 1.146999955E+00 6.259200000E+04 -2.114300000E+04 2.673699951E+02 2.491100006E+02 6.496099949E+00 -1.368800049E+02 9.148799777E-01 6.388400197E-01 8.141199942E-04
 5.534999946E-05 8.816400077E-05 1.069200039E+00 6.403700000E+04 -3.334500000E+04 2.613399963E+02 2.689899902E+02 1.137099981E+00 -2.013500061E+02 9.989699721E-01 5.821499825E-01 8.736799937E-04
 5.740000051E-05 8.799599891E-05 9.889500141E-01 6.287000000E+04 -3.276600000E+04 2.547200012E+02 2.888699951E+02 -5.815199852E+00 -2.056900024E+02 1.086799979E+00 5.248500109E-01 9.447699995E-04
 5.945000157E-05 8.782799705E-05 9.095799923E-01 5.435400000E+04 -3.102600000E+04 2.476999969E+02 3.081700134E+02 -1.365400028E+01 -2.013500061E+02 1.176699996E+00 4.694800079E-01 1.027500024E-03
 6.150000263E-05 8.766000246E-05 8.332399726E-01 4.250100000E+04 -2.987500000E+04 2.407500000E+02 3.258999939E+02 -2.178499985E+01 -1.815800018E+02 1.263800025E+00 4.179899991E-01 1.121700043E-03
 6.354999641E-05 8.749200060E-05 7.623199821E-01 2.839100000E+04 -2.797300000E+04 2.340599976E+02 3.420700073E+02 -2.951700020E+01 -1.309299927E+02 1.347200036E+00 3.718000054E-01 1.226200024E-03
 6.559999747E-05 8.732399874E-05 6.981300116E-01 1.022100000E+04 -2.460200000E+04 2.276300049E+02 3.571700134E+02 -3.641099930E+01 -9.151000214E+01 1.428500056E+00 3.311299980E-01 1.338699949E-03
 6.764999853E-05 8.715599688E-05 6.410200000E-01 -1.035100000E+04 -1.939100000E+04 2.215800018E+02 3.705899963E+02 -4.220800018E+01 -5.211899948E+01 1.504099965E+00 2.959499955E-01 1.457800041E-03
 6.969999959E-05 8.698800229E-05 5.896099806E-01 -2.360800000E+04 -9.038200195E+03 2.158699951E+02 3.827600098E+02 -4.719300079E+01 -2.344799995E+01 1.575600028E+00 2.651900053E-01 1.584799960E-03
 7.175000064E-05 8.682000043E-05 5.442600250E-01 -3.186600000E+04 -3.312699951E+03 2.105200043E+02 3.937399902E+02 -5.102500153E+01 -2.878000021E+00 1.642600060E+00 2.387000024E-01 1.716500032E-03
 7.380000170E-05 8.665199857E-05 5.049200058E-01 -4.166500000E+04 6.219400024E+02 2.056100006E+02 4.032399902E+02 -5.389199829E+01 3.922299957E+01 1.702999949E+00 2.162799984E-01 1.849900000E-03
 7.585000276E-05 8.648399671E-05 4.709199965E-01 -5.571700000E+04 4.008000000E+03 2.011999969E+02 4.115499878E+02 -5.582500076E+01 6.251800156E+01 1.757400036E+00 1.973699927E-01 1.983100083E-03
 7.789999654E-05 8.631600213E-05 4.412899911E-01 -7.201400000E+04 7.662299805E+03 1.973000031E+02 4.192600098E+02 -5.648300171E+01 6.993399811E+01 1.807700038E+00 1.813600063E-01 2.115899930E-03
 7.994999760E-05 8.614800026E-05 4.158900082E-01 -8.265800000E+04 1.140700000E+04 1.937200012E+02 4.261900024E+02 -5.634899902E+01 9.973200226E+01 1.853899956E+00 1.678099930E-01 2.244699979E-03
 8.199999866E-05 8.597999840E-05 3.942900002E-01 -8.978200000E+04 1.581500000E+04 1.904799957E+02 4.324100037E+02 -5.566299820E+01 1.119300003E+02 1.895900011E+00 1.564300060E-01 2.367299981E-03
 8.404999971E-05 8.581199654E-05 3.751800060E-01 -9.759800000E+04 1.959700000E+04 1.877299957E+02 4.379899902E+02 -5.449700165E+01 1.025400009E+02 1.933400035E+00 1.466899961E-01 2.487699967E-03
 8.610000077E-05 8.564400196E-05 3.581500053E-01 -1.034600000E+05 2.317300000E+04 1.851300049E+02 4.429200134E+02 -5.304299927E+01 1.015199966E+02 1.967700005E+00 1.380999982E-01 2.605800051E-03
 8.815000183E-05 8.547600009E-05 3.434999883E-01 -1.099600000E+05 2.156600000E+04 1.826999969E+02 4.474500122E+02 -5.084099960E+01 1.021999969E+02 1.999600053E+00 1.307000071E-01 2.716599964E-03
 9.020000289E-05 8.530799823E-05 3.306899965E-01 -1.139000000E+05 1.989000000E+04 1.806900024E+02 4.514899902E+02 -4.840900040E+01 1.038099976E+02 2.027400017E+00 1.244399995E-01 2.821800066E-03
 9.224999667E-05 8.513999637E-05 3.190999925E-01 -1.182600000E+05 2.248500000E+04 1.788200073E+02 4.552200012E+02 -4.611000061E+01 1.059599991E+02 2.053600073E+00 1.188400015E-01 2.924100030E-03
 9.429999773E-05 8.497200179E-05 3.089700043E-01 -1.233000000E+05 2.510500000E+04 1.771199951E+02 4.584599915E+02 -4.350999832E+01 1.021500015E+02 2.076800108E+00 1.139599979E-01 3.019799944E-03
 9.634999878E-05 8.480399993E-05 3.000800014E-01 -1.281800000E+05 2.391600000E+04 1.756199951E+02 4.610799866E+02 -4.084299850E+01 9.622699738E+01 2.096299887E+00 1.097500026E-01 3.109199926E-03
 9.839999984E-05 8.463599806E-05 2.916600108E-01 -1.380800000E+05 1.776600000E+04 1.743300018E+02 4.637799988E+02 -3.839899826E+01 9.425499725E+01 2.115400076E+00 1.058799997E-01 3.198999912E-03
 1.004500009E-04 8.446800348E-05 2.838900089E-01 -1.519800000E+05 1.983400000E+04 1.732100067E+02 4.664100037E+02 -3.621200180E+01 9.175599670E+01 2.133300066E+00 1.023999974E-01 3.286400111E-03
 1.025000020E-04 8.430000162E-05 2.770200074E-01 -1.654000000E+05 2.246300000E+04 1.721199951E+02 4.683500061E+02 -3.416600037E+01 9.473000336E+01 2.148200035E+00 9.929200262E-02 3.367899917E-03
 1.045500030E-04 8.413199976E-05 2.707700133E-01 -1.817800000E+05 2.062700000E+04 1.711900024E+02 4.698599854E+02 -3.243299866E+01 9.633799744E+01 2.160300016E+00 9.652999789E-02 3.445500042E-03
 1.065999968E-04 8.396399789E-05 2.650899887E-01 -1.966700000E+05 2.079900000E+04 1.702700043E+02 4.713399963E+02 -3.092499924E+01 9.204699707E+01 2.172499895E+00 9.399700165E-02 3.519200021E-03
 1.086499979E-04 8.379600331E-05 2.595300078E-01 -2.046000000E+05 1.819700000E+04 1.693099976E+02 4.731499939E+02 -2.985799980E+01 8.168199921E+01 2.186700106E+00 9.150599688E-02 3.594700014E-03
 1.106999989E-04 8.362800145E-05 2.543399930E-01 -2.199000000E+05 1.751600000E+04 1.685599976E+02 4.747000122E+02 -2.886800003E+01 6.934100342E+01 2.198400021E+00 8.927699924E-02 3.667900106E-03
 1.127500000E-04 8.345999959E-05 2.499299943E-01 -2.430000000E+05 1.656500000E+04 1.681000061E+02 4.755499878E+02 -2.795000076E+01 6.031999969E+01 2.204999924E+00 8.748900145E-02 3.732600017E-03
 1.148000010E-04 8.329199773E-05 2.469000071E-01 -3.064500000E+05 1.759500000E+04 1.689100037E+02 4.740299988E+02 -2.736599922E+01 6.554000092E+01 2.192600012E+00 8.684500307E-02 3.778100014E-03
 1.168500021E-04 8.312400314E-05 2.540499866E-01 -6.619500000E+05 3.422300000E+04 1.794799957E+02 4.542500000E+02 -2.612700081E+01 1.173099976E+02 2.042599916E+00 9.511300176E-02 3.675499931E-03
 1.189000031E-04 8.295600128E-05 3.096700013E-01 -1.228300000E+06 5.868400000E+04 2.154400024E+02 3.759500122E+02 -2.192900085E+01 2.578699951E+02 1.563799977E+00 1.415400058E-01 3.084900090E-03
 1.209499969E-04 8.278799942E-05 4.581699967E-01 -9.889800000E+05 4.771300000E+04 2.592999878E+02 2.575799866E+02 -1.524199963E+01 3.272900085E+02 9.706500173E-01 2.510800064E-01 2.140100114E-03
 1.230000053E-04 8.261999756E-05 6.333100200E-01 -2.838500000E+05 2.167100000E+04 2.824800110E+02 1.778899994E+02 -1.020100021E+01 2.060299988E+02 6.371099949E-01 3.734200001E-01 1.493399963E-03
 1.250500063E-04 8.245200297E-05 7.285699844E-01 -5.106000000E+04 1.197900000E+04 2.894200134E+02 1.513200073E+02 -8.126899719E+00 6.782499695E+01 5.346300006E-01 4.391500056E-01 1.281399978E-03
 1.270999928E-04 8.228400111E-05 7.540500164E-01 -2.162600000E+04 3.656300049E+03 2.911700134E+02 1.451100006E+02 -7.367599964E+00 1.293400002E+01 5.110200047E-01 4.571999907E-01 1.237099990E-03
 1.291499939E-04 8.211599925E-05 7.602000237E-01 -1.808500000E+04 9.440599976E+02 2.917500000E+02 1.426699982E+02 -6.771900177E+00 2.672199965E+00 5.018600225E-01 4.618499875E-01 1.227100031E-03
 1.311999949E-04 8.194799739E-05 7.627900243E-01 -1.342300000E+04 -7.522399902E+03 2.919899902E+02 1.406499939E+02 -6.501599789E+00 1.767300010E+00 4.945200086E-01 4.637899995E-01 1.222899999E-03
 1.332499960E-04 8.178000280E-05 7.648800015E-01 -1.516700000E+04 -7.076700195E+03 2.922600098E+02 1.390099945E+02 -6.631899834E+00 -4.136600018E+00 4.885500073E-01 4.655100107E-01 1.219499973E-03
 1.352999971E-04 8.161200094E-05 7.673299909E-01 -1.455300000E+04 4.063399963E+02 2.924500122E+02 1.373899994E+02 -6.597599983E+00 -1.305000019E+01 4.826999903E-01 4.672999978E-01 1.215699944E-03
 1.373499981E-04 8.144399908E-05 7.699699998E-01 -8.000799805E+03 1.037400024E+03 2.925799866E+02 1.356900024E+02 -6.374100208E+00 -2.696999931E+01 4.765900075E-01 4.691100121E-01 1.211500028E-03
 1.393999992E-04 8.127599722E-05 7.722399831E-01 -5.708000000E+03 -2.318300049E+03 2.929200134E+02 1.341999969E+02 -6.453700066E+00 -1.705200005E+01 4.711399972E-01 4.710400105E-01 1.207900001E-03
 1.414500002E-04 8.110800263E-05 7.745199800E-01 -6.914000000E+03 -4.281700195E+03 2.932900085E+02 1.325099945E+02 -6.504700184E+00 -7.251299858E+00 4.649400115E-01 4.730300009E-01 1.204399974E-03
 1.435000013E-04 8.094000077E-05 7.765799761E-01 -6.852899902E+03 -9.369599609E+03 2.933999939E+02 1.308000031E+02 -6.215700150E+00 -7.391600132E+00 4.588100016E-01 4.744699895E-01 1.201199950E-03
 1.455500023E-04 8.077199891E-05 7.785699964E-01 -2.825199951E+03 -1.011700000E+04 2.935100098E+02 1.292400055E+02 -6.021900177E+00 2.747800112E+00 4.532200098E-01 4.758700132E-01 1.198100043E-03
 1.476000034E-04 8.060399705E-05 7.809100151E-01 -3.256300049E+03 -1.590500000E+03 2.938699951E+02 1.276900024E+02 -6.059700012E+00 -1.215900040E+01 4.475499988E-01 4.778800011E-01 1.194500015E-03
 1.496500045E-04 8.043600246E-05 7.823200226E-01 -1.437100000E+04 2.928399902E+03 2.942099915E+02 1.263600006E+02 -5.876599789E+00 -2.952000046E+01 4.426000118E-01 4.792999923E-01 1.192299998E-03
 1.517000055E-04 8.026800060E-05 7.836099863E-01 -1.579400000E+04 -1.798699951E+03 2.944800110E+02 1.250800018E+02 -5.638000011E+00 -2.242099953E+01 4.379000068E-01 4.805200100E-01 1.190399984E-03
 1.537500066E-04 8.009999874E-05 7.859899998E-01 -6.644100098E+03 -7.244899902E+03 2.945700073E+02 1.236999969E+02 -5.521900177E+00 -2.719399929E-01 4.329800010E-01 4.821299911E-01 1.186799956E-03
 1.557999931E-04 7.993199688E-05 7.873600125E-01 -7.324399902E+03 -2.723800049E+03 2.945499878E+02 1.224800034E+02 -5.243199825E+00 -6.428599834E+00 4.286800027E-01 4.829399884E-01 1.184700057E-03
 1.578499941E-04 7.976400229E-05 7.883099914E-01 -8.110399902E+03 -1.470599976E+03 2.946700134E+02 1.212399979E+02 -4.972799778E+00 -2.053599930E+01 4.242100120E-01 4.837200046E-01 1.183300046E-03
 1.598999952E-04 7.959600043E-05 7.904000282E-01 -8.046700195E+03 3.796399902E+03 2.948099976E+02 1.198300018E+02 -4.688099861E+00 -1.813500023E+01 4.191699922E-01 4.852400124E-01 1.180200023E-03
 1.619499963E-04 7.942799857E-05 7.914800048E-01 -7.005899902E+03 3.554500000E+03 2.949800110E+02 1.186999969E+02 -4.547699928E+00 -1.623299980E+01 4.150600135E-01 4.861800075E-01 1.178500010E-03
 1.639999973E-04 7.925999671E-05 7.920799851E-01 -3.592199951E+03 -6.818900146E+02 2.952399902E+02 1.176800003E+02 -4.290800095E+00 2.565599918E+00 4.113099873E-01 4.869700074E-01 1.177700004E-03
 1.660499984E-04 7.909200212E-05 7.928799987E-01 -6.570399902E+03 8.065700073E+02 2.954500122E+02 1.168700027E+02 -3.668200016E+00 4.960499763E+00 4.082399905E-01 4.878099859E-01 1.176499994E-03
 1.680999994E-04 7.892400026E-05 7.936599851E-01 -8.142600098E+03 -5.434500000E+03 2.956199951E+02 1.162600021E+02 -3.287400007E+00 -7.774099827E+00 4.059599936E-01 4.885700047E-01 1.175299985E-03
 1.701500005E-04 7.875599840E-05 7.944099903E-01 -8.706799805E+03 -5.672700195E+03 2.957300110E+02 1.156800003E+02 -3.139800072E+00 -3.135200024E+00 4.038400054E-01 4.892199934E-01 1.174199977E-03
 1.722000015E-04 7.858799654E-05 7.950299978E-01 -1.312300000E+04 2.672100098E+03 2.958599854E+02 1.150899963E+02 -2.941900015E+00 5.575500011E+00 4.016799927E-01 4.898099899E-01 1.173299970E-03
 1.742500026E-04 7.842000196E-05 7.958800197E-01 -8.656000000E+03 3.079100098E+03 2.958999939E+02 1.144599991E+02 -2.606199980E+00 1.681800079E+01 3.994500041E-01 4.903999865E-01 1.171999960E-03
 1.763000037E-04 7.825200009E-05 7.969599962E-01 4.991000000E+03 -4.280399902E+03 2.957699890E+02 1.138499985E+02 -2.156899929E+00 2.898600006E+01 3.973500133E-01 4.908599854E-01 1.170399948E-03
 1.783500047E-04 7.808399823E-05 7.977700233E-01 3.196699951E+03 -3.695600098E+03 2.958599854E+02 1.132900009E+02 -1.685299993E+00 2.809199905E+01 3.953399956E-01 4.914999902E-01 1.169300056E-03
 1.804000058E-04 7.791599637E-05 7.983800173E-01 2.165100098E+03 -3.283399902E+03 2.959500122E+02 1.128000031E+02 -1.046700001E+00 2.680800056E+01 3.935199976E-01 4.920299947E-01 1.168400049E-03
 1.824500068E-04 7.774800179E-05 7.982000113E-01 8.240399780E+02 -6.394500000E+03 2.960400085E+02 1.125500031E+02 -4.901799858E-01 1.440200043E+01 3.925999999E-01 4.920600057E-01 1.168600051E-03
 1.844999933E-04 7.757999992E-05 7.977799773E-01 -4.800799805E+03 -3.367600098E+03 2.961700134E+02 1.124499969E+02 -1.215500012E-01 -4.302100182E+00 3.921299875E-01 4.920200109E-01 1.169300056E-03
 1.865499944E-04 7.741199806E-05 7.984200120E-01 1.101300049E+03 1.485800049E+03 2.960899963E+02 1.121699982E+02 4.608899951E-01 1.458899975E+01 3.912099898E-01 4.922899902E-01 1.168300048E-03
 1.885999955E-04 7.724400348E-05 7.986400127E-01 7.108699951E+02 8.332999878E+02 2.960299988E+02 1.121200027E+02 1.060899973E+00 3.274800110E+01 3.910900056E-01 4.923200011E-01 1.168000046E-03
 1.906499965E-04 7.707600162E-05 7.985699773E-01 2.973800049E+03 -3.126300049E+03 2.959500122E+02 1.121900024E+02 1.687999964E+00 4.190900040E+01 3.914400041E-01 4.921399951E-01 1.168100047E-03
 1.926999976E-04 7.690799976E-05 7.993699908E-01 1.027200000E+04 -5.769100098E+03 2.957500000E+02 1.120599976E+02 2.424499989E+00 4.074300003E+01 3.911300004E-01 4.923099875E-01 1.166900038E-03
 1.947499986E-04 7.673999789E-05 7.987599969E-01 6.487799805E+03 -4.910700195E+03 2.957600098E+02 1.121500015E+02 3.150799990E+00 2.868899918E+01 3.915199935E-01 4.919500053E-01 1.167800045E-03
 1.967999997E-04 7.657200331E-05 7.973200083E-01 -1.004400024E+03 1.981399994E+02 2.958500061E+02 1.125199966E+02 3.983099937E+00 2.786000061E+01 3.928399980E-01 4.912100136E-01 1.169899944E-03
 1.988500007E-04 7.640400145E-05 7.965899706E-01 -9.034600220E+02 3.385100098E+03 2.957699890E+02 1.129499969E+02 4.727399826E+00 2.544099998E+01 3.944999874E-01 4.906300008E-01 1.170999953E-03
 2.009000018E-04 7.623599959E-05 7.962399721E-01 7.208799805E+03 7.323399902E+03 2.956000061E+02 1.134800034E+02 5.521800041E+00 3.920800018E+01 3.965800107E-01 4.901300073E-01 1.171499956E-03
 2.029500029E-04 7.606799772E-05 7.955700159E-01 8.562799805E+03 8.125700195E+03 2.954700012E+02 1.142600021E+02 6.519800186E+00 4.805599976E+01 3.995600045E-01 4.895099998E-01 1.172499964E-03
 2.050000039E-04 7.590000314E-05 7.948300242E-01 4.274600098E+03 7.293899902E+03 2.954599915E+02 1.147600021E+02 7.023799896E+00 4.167300034E+01 4.014199972E-01 4.890300035E-01 1.173599972E-03
 0.000000000E+00 8.499999967E-05 1.600700021E+00 -8.926100000E+04 -4.211500000E+04 3.000000000E+02 9.219000244E+01 3.184200048E+00 -1.256900024E+02 3.189800084E-01 9.980400205E-01 5.808600108E-04
 2.049999921E-06 8.515999798E-05 1.596199989E+00 -5.508700000E+04 -2.553700000E+04 2.991900024E+02 9.319599915E+01 3.647099972E+00 -7.379299927E+01 3.232899904E-01 9.935200214E-01 5.834500189E-04
 4.099999842E-06 8.532000356E-05 1.589900017E+00 -1.077600000E+04 -8.108200195E+03 2.983200073E+02 9.494999695E+01 4.237699986E+00 3.258500099E-01 3.302499950E-01 9.876599908E-01 5.867200089E-04
 6.149999990E-06 8.548000187E-05 1.587100029E+00 -1.432400024E+03 1.850900024E+03 2.981700134E+02 9.649900055E+01 4.604800224E+00 8.337599754E+00 3.357700109E-01 9.854699969E-01 5.877300282E-04
 8.199999684E-06 8.564000018E-05 1.584699988E+00 -3.500599976E+02 -3.892000000E+03 2.978999939E+02 9.822899628E+01 5.103799820E+00 1.869000053E+01 3.420200050E-01 9.830600023E-01 5.886299768E-04
 1.024999983E-05 8.579999849E-05 1.581099987E+00 -1.045000000E+03 -7.337600098E+03 2.977600098E+02 1.002200012E+02 5.457699776E+00 1.866500092E+01 3.490799963E-01 9.803699851E-01 5.899699754E-04
 1.229999998E-05 8.595999680E-05 1.577499986E+00 -2.236199951E+03 -5.413399902E+03 2.975700073E+02 1.024000015E+02 5.912000179E+00 6.882299900E+00 3.568600118E-01 9.774799943E-01 5.913299974E-04
 1.435000013E-05 8.612000238E-05 1.573899984E+00 -2.034800049E+03 -9.875599670E+01 2.970299988E+02 1.046699982E+02 6.337699890E+00 5.268499851E+00 3.651500046E-01 9.735100269E-01 5.926599842E-04
 1.639999937E-05 8.628000069E-05 1.569900036E+00 3.523600098E+03 1.530300000E+04 2.966900024E+02 1.070199966E+02 6.608600140E+00 -1.879999924E+01 3.735899925E-01 9.698899984E-01 5.941899726E-04
 1.845000043E-05 8.643999900E-05 1.564800024E+00 2.229199951E+03 4.608899902E+03 2.964200134E+02 1.097300034E+02 6.883399963E+00 -1.688299942E+01 3.832600117E-01 9.658700228E-01 5.961200222E-04
 2.049999966E-05 8.659999730E-05 1.558699965E+00 -8.023599854E+02 -2.103199951E+03 2.960599976E+02 1.126900024E+02 7.170199871E+00 -1.273299980E+01 3.938399851E-01 9.609599710E-01 5.984500167E-04
 2.255000072E-05 8.676000289E-05 1.553200006E+00 1.278700000E+04 7.443600098E+03 2.956600037E+02 1.156699982E+02 7.571800232E+00 -2.305100060E+01 4.045900106E-01 9.562799931E-01 6.005599862E-04
 2.459999996E-05 8.692000119E-05 1.545099974E+00 1.468400000E+04 5.504299805E+03 2.950899963E+02 1.191600037E+02 7.870800018E+00 -1.024100018E+01 4.172199965E-01 9.495000243E-01 6.037100102E-04
 2.664999920E-05 8.707999950E-05 1.535300016E+00 7.539600098E+03 -1.643400024E+03 2.946400146E+02 1.232300034E+02 8.271900177E+00 -2.325400114E+00 4.318299890E-01 9.419999719E-01 6.075599813E-04
 2.870000026E-05 8.723999781E-05 1.525500059E+00 -2.493100098E+03 9.181400391E+03 2.941000061E+02 1.275599976E+02 8.725500107E+00 -9.801400185E+00 4.474599957E-01 9.342799783E-01 6.114700227E-04
 3.075000132E-05 8.740000339E-05 1.514899969E+00 -1.300900000E+04 5.392600098E+03 2.933299866E+02 1.321900024E+02 9.000800133E+00 -2.068499947E+01 4.643000066E-01 9.253699780E-01 6.157400203E-04
 3.279999873E-05 8.756000170E-05 1.502900004E+00 -7.529200195E+03 -6.014399902E+03 2.924500122E+02 1.374900055E+02 9.361700058E+00 1.139599991E+01 4.836300015E-01 9.152699709E-01 6.206799881E-04
 3.484999979E-05 8.772000001E-05 1.488000035E+00 1.115000000E+04 2.560800049E+03 2.913800049E+02 1.434400024E+02 9.955100060E+00 3.765399933E+01 5.055199862E-01 9.028999805E-01 6.268899888E-04
 3.690000085E-05 8.787999832E-05 1.471300006E+00 2.387900000E+04 -5.831700195E+03 2.901799927E+02 1.499400024E+02 1.042399979E+01 1.605800056E+01 5.295500159E-01 8.890699744E-01 6.340100081E-04
 3.894999827E-05 8.803999663E-05 1.452100039E+00 1.797800000E+04 -1.115800000E+04 2.889100037E+02 1.572100067E+02 1.067000008E+01 5.030900002E+00 5.563899875E-01 8.736000061E-01 6.424200255E-04
 4.099999933E-05 8.820000221E-05 1.428699970E+00 2.024300000E+04 -1.985300049E+03 2.873900146E+02 1.655000000E+02 1.100699997E+01 2.604999924E+01 5.872099996E-01 8.550599813E-01 6.529500242E-04
 4.305000039E-05 8.836000052E-05 1.400400043E+00 3.395500000E+04 7.444600098E+03 2.854400024E+02 1.750099945E+02 1.122399998E+01 4.636100006E+01 6.229799986E-01 8.324300051E-01 6.661600200E-04
 4.510000144E-05 8.851999883E-05 1.366899967E+00 3.616400000E+04 1.588300000E+04 2.832300110E+02 1.858899994E+02 1.120400047E+01 2.702199936E+01 6.641399860E-01 8.062099814E-01 6.825600285E-04
 4.714999886E-05 8.867999713E-05 1.326699972E+00 3.305500000E+04 4.214299805E+03 2.804800110E+02 1.984600067E+02 1.101000023E+01 2.010099888E+00 7.123699784E-01 7.749400139E-01 7.033000002E-04
 4.919999992E-05 8.884000272E-05 1.278200030E+00 4.027800000E+04 -6.976500000E+03 2.768900146E+02 2.130800018E+02 1.004899979E+01 -9.533399582E+00 7.694799900E-01 7.370700240E-01 7.301199948E-04
 5.125000098E-05 8.900000103E-05 1.218400002E+00 5.175200000E+04 -1.068400000E+04 2.727399902E+02 2.298999939E+02 8.339900017E+00 -5.408100128E+01 8.361700177E-01 6.921300292E-01 7.661699783E-04
 5.329999840E-05 8.885600255E-05 1.149500012E+00 5.317100000E+04 -2.123300000E+04 2.676499939E+02 2.483899994E+02 5.675099850E+00 -1.340399933E+02 9.116600156E-01 6.408600211E-01 8.123000152E-04
 5.534999946E-05 8.871199680E-05 1.074699998E+00 6.551500000E+04 -2.390900000E+04 2.615499878E+02 2.676900024E+02 1.127599955E+00 -1.796900024E+02 9.937099814E-01 5.855900049E-01 8.691400290E-04
 5.740000051E-05 8.856799832E-05 9.964699745E-01 6.745600000E+04 -2.278300000E+04 2.550599976E+02 2.872399902E+02 -4.834700108E+00 -1.748500061E+02 1.079900026E+00 5.295199752E-01 9.375700029E-04
 5.945000157E-05 8.842399984E-05 9.179099798E-01 5.220900000E+04 -1.903200000E+04 2.482500000E+02 3.065599976E+02 -1.139000034E+01 -1.593600006E+02 1.168900013E+00 4.747999907E-01 1.018099952E-03
 6.150000263E-05 8.828000136E-05 8.425800204E-01 4.129900000E+04 -2.016100000E+04 2.414199982E+02 3.242999878E+02 -1.807500076E+01 -1.442799988E+02 1.254899979E+00 4.238399863E-01 1.109099947E-03
 6.354999641E-05 8.813600289E-05 7.718499899E-01 3.044800000E+04 -2.412500000E+04 2.347799988E+02 3.405799866E+02 -2.476199913E+01 -1.134100037E+02 1.337900043E+00 3.776099980E-01 1.211000024E-03
 6.559999747E-05 8.799199713E-05 7.067800164E-01 1.195400000E+04 -2.132900000E+04 2.283699951E+02 3.557300110E+02 -3.086400032E+01 -7.881099701E+01 1.418400049E+00 3.363099992E-01 1.322300057E-03
 6.764999853E-05 8.784799866E-05 6.490399837E-01 -1.288200000E+04 -1.951300000E+04 2.223200073E+02 3.693800049E+02 -3.579899979E+01 -5.055699921E+01 1.494099975E+00 3.006500006E-01 1.439800020E-03
 6.969999959E-05 8.770400018E-05 5.970699787E-01 -2.231800000E+04 -1.025900000E+04 2.165700073E+02 3.819800110E+02 -4.008300018E+01 -2.417499924E+01 1.566599965E+00 2.694100142E-01 1.565000042E-03
 7.175000064E-05 8.756000170E-05 5.510200262E-01 -2.716300000E+04 -3.559699951E+03 2.111399994E+02 3.932900085E+02 -4.351699829E+01 -2.539000034E+00 1.634600043E+00 2.423900068E-01 1.695499988E-03
 7.380000170E-05 8.741600323E-05 5.106300116E-01 -3.987700000E+04 -4.119799805E+03 2.061100006E+02 4.031900024E+02 -4.603799820E+01 2.212899971E+01 1.696699977E+00 2.192600071E-01 1.829299959E-03
 7.585000276E-05 8.727199747E-05 4.751400054E-01 -5.293800000E+04 -3.612999878E+02 2.015099945E+02 4.119899902E+02 -4.793399811E+01 4.315100098E+01 1.753800035E+00 1.994599998E-01 1.965600066E-03
 7.789999654E-05 8.712799900E-05 4.444299936E-01 -6.523800000E+04 8.845500000E+03 1.973800049E+02 4.200100098E+02 -4.890700150E+01 5.673500061E+01 1.806499958E+00 1.827300042E-01 2.100999933E-03
 7.994999760E-05 8.698400052E-05 4.179599881E-01 -7.821900000E+04 1.489600000E+04 1.936399994E+02 4.271499939E+02 -4.907799911E+01 8.423300171E+01 1.854500055E+00 1.685799956E-01 2.233699895E-03
 8.199999866E-05 8.684000204E-05 3.950299919E-01 -8.732200000E+04 1.479700000E+04 1.902100067E+02 4.335299988E+02 -4.871799850E+01 9.665299988E+01 1.898599982E+00 1.564999968E-01 2.363000065E-03
 8.404999971E-05 8.669600356E-05 3.752900064E-01 -9.844300000E+04 1.536500000E+04 1.873999939E+02 4.392600098E+02 -4.771799850E+01 9.046399689E+01 1.937199950E+00 1.464699954E-01 2.487000078E-03
 8.610000077E-05 8.655199781E-05 3.577199876E-01 -1.048900000E+05 1.925300000E+04 1.847799988E+02 4.443900146E+02 -4.629100037E+01 8.703800201E+01 1.972700000E+00 1.376699954E-01 2.609099960E-03
 8.815000183E-05 8.640799933E-05 3.419699967E-01 -1.097500000E+05 1.858700000E+04 1.822400055E+02 4.490299988E+02 -4.457400131E+01 8.106099701E+01 2.006099939E+00 1.297899932E-01 2.729000058E-03
 9.020000289E-05 8.626400086E-05 3.284499943E-01 -1.172200000E+05 1.653400000E+04 1.801300049E+02 4.530899963E+02 -4.257300186E+01 8.492900085E+01 2.035000086E+00 1.232199967E-01 2.840999980E-03
 9.224999667E-05 8.612000238E-05 3.167000115E-01 -1.243700000E+05 1.928500000E+04 1.781600037E+02 4.567600098E+02 -4.040700150E+01 9.609500122E+01 2.061800003E+00 1.175099984E-01 2.946299966E-03
 9.429999773E-05 8.597599663E-05 3.060599864E-01 -1.324400000E+05 2.436400000E+04 1.764299927E+02 4.602399902E+02 -3.812099838E+01 8.822299957E+01 2.086600065E+00 1.124500036E-01 3.048700048E-03
 9.634999878E-05 8.583199815E-05 2.967100143E-01 -1.387200000E+05 2.265000000E+04 1.749199982E+02 4.629700012E+02 -3.553300095E+01 8.600199890E+01 2.107100010E+00 1.080899984E-01 3.144599963E-03
 9.839999984E-05 8.568799967E-05 2.885400057E-01 -1.458500000E+05 1.603500000E+04 1.735899963E+02 4.653299866E+02 -3.319300079E+01 8.907800293E+01 2.125000000E+00 1.043099985E-01 3.233500058E-03
 1.004500009E-04 8.554400119E-05 2.811099887E-01 -1.585700000E+05 1.862000000E+04 1.724499969E+02 4.677200012E+02 -3.124099922E+01 8.740699768E+01 2.142299891E+00 1.009500027E-01 3.318900010E-03
 1.025000020E-04 8.540000272E-05 2.742800117E-01 -1.704500000E+05 2.101900000E+04 1.713999939E+02 4.697900085E+02 -2.929899979E+01 9.256900024E+01 2.157799959E+00 9.790000319E-02 3.401499940E-03
 1.045500030E-04 8.525599696E-05 2.681800127E-01 -1.845000000E+05 1.889800000E+04 1.705700073E+02 4.713800049E+02 -2.770700073E+01 8.640499878E+01 2.169899940E+00 9.525399655E-02 3.478799947E-03
 1.065999968E-04 8.511199849E-05 2.626599967E-01 -1.994300000E+05 1.753600000E+04 1.697200012E+02 4.728200073E+02 -2.627499962E+01 7.568199921E+01 2.181499958E+00 9.283100069E-02 3.551899921E-03
 1.086499979E-04 8.496800001E-05 2.572799921E-01 -2.117000000E+05 1.668800000E+04 1.688800049E+02 4.742999878E+02 -2.516200066E+01 6.760099792E+01 2.193500042E+00 9.048099816E-02 3.625999903E-03
 1.106999989E-04 8.482400153E-05 2.524099946E-01 -2.312200000E+05 1.527100000E+04 1.682299957E+02 4.755100098E+02 -2.430900002E+01 6.093799973E+01 2.203099966E+00 8.842699975E-02 3.695900086E-03
 1.127500000E-04 8.468000306E-05 2.481900007E-01 -2.541900000E+05 1.228500000E+04 1.678200073E+02 4.762799988E+02 -2.369099998E+01 5.230599976E+01 2.209199905E+00 8.673399687E-02 3.758700099E-03
 1.148000010E-04 8.453599730E-05 2.452699989E-01 -3.122300000E+05 1.466000000E+04 1.686999969E+02 4.747399902E+02 -2.308399963E+01 5.417599869E+01 2.196199894E+00 8.616200089E-02 3.803299973E-03
 1.168500021E-04 8.439199883E-05 2.520700097E-01 -6.547200000E+05 2.710200000E+04 1.789700012E+02 4.554500122E+02 -2.188899994E+01 9.109999847E+01 2.049599886E+00 9.409499913E-02 3.704099916E-03
 1.189000031E-04 8.424800035E-05 3.058800101E-01 -1.229500000E+06 4.171200000E+04 2.142500000E+02 3.786400146E+02 -1.874799919E+01 1.906799927E+02 1.577900052E+00 1.389700025E-01 3.120400012E-03
 1.209499969E-04 8.410400187E-05 4.517500103E-01 -1.010700000E+06 3.137600000E+04 2.582699890E+02 2.604200134E+02 -1.358600044E+01 2.500099945E+02 9.832999706E-01 2.467000037E-01 2.170900116E-03
 1.230000053E-04 8.396000339E-05 6.273800135E-01 -2.999100000E+05 1.495000000E+04 2.820899963E+02 1.791100006E+02 -9.203900337E+00 1.681499939E+02 6.417599916E-01 3.694599867E-01 1.508899964E-03
 1.250500063E-04 8.381599764E-05 7.257300019E-01 -5.260400000E+04 1.131500000E+04 2.893099976E+02 1.513000031E+02 -7.257100105E+00 7.059300232E+01 5.344899893E-01 4.372900128E-01 1.286600018E-03
 1.270999928E-04 8.367199916E-05 7.524799705E-01 -2.110400000E+04 3.611500000E+03 2.912500000E+02 1.444900055E+02 -6.526500225E+00 1.442599964E+01 5.086500049E-01 4.563800097E-01 1.239700010E-03
 1.291499939E-04 8.352800069E-05 7.583799958E-01 -2.127000000E+04 -2.475800018E+02 2.919500122E+02 1.420599976E+02 -5.740099907E+00 -1.304500008E+01 4.993799925E-01 4.610500038E-01 1.230000053E-03
 1.311999949E-04 8.338400221E-05 7.617200017E-01 -1.006100000E+04 -7.535200195E+03 2.921300049E+02 1.400500031E+02 -5.466800213E+00 -1.033500004E+01 4.921399951E-01 4.633699954E-01 1.224600011E-03
 1.332499960E-04 8.323999646E-05 7.642599940E-01 -6.698000000E+03 -5.278899902E+03 2.923200073E+02 1.381399994E+02 -5.621399879E+00 -1.794899940E+01 4.853000045E-01 4.652200043E-01 1.220499980E-03
 1.352999971E-04 8.309599798E-05 7.663400173E-01 -1.183100000E+04 -2.280899902E+03 2.925700073E+02 1.363200073E+02 -5.525000095E+00 -2.324200058E+01 4.787000120E-01 4.668900073E-01 1.217199955E-03
 1.373499981E-04 8.295199950E-05 7.688400149E-01 -6.119899902E+03 -3.432500000E+03 2.927699890E+02 1.346900024E+02 -5.481500149E+00 -2.450900078E+01 4.728200138E-01 4.687399864E-01 1.213300042E-03
 1.393999992E-04 8.280800103E-05 7.712699771E-01 -3.153500000E+03 -5.226799927E+02 2.931300049E+02 1.331999969E+02 -5.541399956E+00 -1.790500069E+01 4.673199952E-01 4.707899988E-01 1.209400012E-03
 1.414500002E-04 8.266400255E-05 7.736999989E-01 -9.681500000E+03 -1.152699951E+03 2.934800110E+02 1.314700012E+02 -5.346099854E+00 -1.036600018E+01 4.609499872E-01 4.728299975E-01 1.205599983E-03
 1.435000013E-04 8.251999679E-05 7.755900025E-01 -1.285200000E+04 -1.032500000E+03 2.935799866E+02 1.298999939E+02 -5.155099869E+00 -1.568799973E+01 4.553599954E-01 4.741500020E-01 1.202699961E-03
 1.455500023E-04 8.237599832E-05 7.780100107E-01 -4.808900146E+02 -2.772699951E+03 2.935899963E+02 1.284199982E+02 -5.124800205E+00 -6.178599834E+00 4.501599967E-01 4.756399989E-01 1.199000049E-03
 1.476000034E-04 8.223199984E-05 7.804200053E-01 6.611399902E+03 -4.898200195E+03 2.938599854E+02 1.269300003E+02 -5.142899990E+00 -6.953599930E+00 4.447300136E-01 4.775500000E-01 1.195300021E-03
 1.496500045E-04 8.208800136E-05 7.817999721E-01 -5.866399902E+03 -2.464199951E+03 2.942399902E+02 1.257099991E+02 -4.992000103E+00 -3.241199875E+01 4.401600063E-01 4.790199995E-01 1.193100004E-03
 1.517000055E-04 8.194400289E-05 7.835299969E-01 -1.070800000E+04 1.240599976E+03 2.945799866E+02 1.245100021E+02 -4.753099918E+00 -3.652999878E+01 4.356800020E-01 4.806399941E-01 1.190499985E-03
 1.537500066E-04 8.179999713E-05 7.855499983E-01 -6.240300293E+02 -4.746799927E+02 2.947000122E+02 1.231800003E+02 -4.619100094E+00 -1.022500038E+01 4.309400022E-01 4.820699990E-01 1.187399961E-03
 1.557999931E-04 8.165599866E-05 7.866899967E-01 4.946100098E+03 3.786700134E+02 2.946300049E+02 1.220599976E+02 -4.468800068E+00 -5.636700153E+00 4.270499945E-01 4.826599956E-01 1.185699948E-03
 1.578499941E-04 8.151200018E-05 7.878000140E-01 2.200600098E+03 1.989099976E+03 2.947600098E+02 1.210299988E+02 -4.092199802E+00 -1.275699997E+01 4.233199954E-01 4.835599959E-01 1.184100052E-03
 1.598999952E-04 8.136800170E-05 7.900300026E-01 1.888800049E+03 1.609599976E+03 2.950000000E+02 1.197699966E+02 -3.808500051E+00 -1.478499985E+01 4.187200069E-01 4.853200018E-01 1.180700026E-03
 1.619499963E-04 8.122400322E-05 7.911300063E-01 1.066300049E+03 -3.458300018E+01 2.952000122E+02 1.186500015E+02 -3.745599985E+00 -1.703100014E+01 4.146600068E-01 4.863300025E-01 1.179100014E-03
 1.639999973E-04 8.107999747E-05 7.913399935E-01 -3.414000000E+03 -5.669600220E+02 2.954200134E+02 1.177200012E+02 -3.476999998E+00 -9.088700294E+00 4.112299979E-01 4.868099988E-01 1.178800012E-03
 1.660499984E-04 8.093599899E-05 7.920200229E-01 -6.832200195E+03 1.340500000E+03 2.955499878E+02 1.169100037E+02 -3.179699898E+00 -4.022399902E+00 4.082599878E-01 4.874500036E-01 1.177700004E-03
 1.680999994E-04 8.079200052E-05 7.927500010E-01 -4.102299805E+03 -3.995199951E+03 2.956799927E+02 1.162500000E+02 -2.906100035E+00 7.919700146E+00 4.058699906E-01 4.881100059E-01 1.176699996E-03
 1.701500005E-04 8.064800204E-05 7.937399745E-01 -6.484500000E+03 -6.227899902E+03 2.958299866E+02 1.156399994E+02 -2.708899975E+00 9.669599533E+00 4.036200047E-01 4.889799953E-01 1.175199985E-03
 1.722000015E-04 8.050400356E-05 7.948700190E-01 -1.048700000E+04 1.093000000E+03 2.959400024E+02 1.150299988E+02 -2.447599888E+00 1.053199959E+01 4.013999999E-01 4.898500144E-01 1.173499972E-03
 1.742500026E-04 8.035999781E-05 7.957500219E-01 -1.670599976E+03 3.619000000E+03 2.960199890E+02 1.144599991E+02 -2.122400045E+00 1.174100018E+01 3.993200064E-01 4.905200005E-01 1.172199962E-03
 1.763000037E-04 8.021599933E-05 7.962800264E-01 3.387899902E+03 -1.897199951E+03 2.960199890E+02 1.139499969E+02 -1.786900043E+00 1.021800041E+01 3.975200057E-01 4.908599854E-01 1.171399956E-03
 1.783500047E-04 8.007200086E-05 7.966200113E-01 2.439300049E+03 -5.459500000E+03 2.961199951E+02 1.134599991E+02 -1.169899940E+00 2.354599953E+01 3.957299888E-01 4.912300110E-01 1.170899952E-03
 1.804000058E-04 7.992800238E-05 7.971100211E-01 -1.982800049E+03 -1.004800000E+04 2.962099915E+02 1.129800034E+02 -6.876099706E-01 3.980500031E+01 3.939499855E-01 4.916799963E-01 1.170199947E-03
 1.824500068E-04 7.978399663E-05 7.968400121E-01 -1.210000000E+04 -9.255799805E+03 2.962000122E+02 1.128199997E+02 -4.184600115E-01 2.856999969E+01 3.934099972E-01 4.914900064E-01 1.170599950E-03
 1.844999933E-04 7.963999815E-05 7.968999743E-01 -9.564000000E+03 -2.021400024E+03 2.961600037E+02 1.127699966E+02 -2.585100010E-02 2.952699900E+00 3.932699859E-01 4.914700091E-01 1.170499949E-03
 1.865499944E-04 7.949599967E-05 7.977499962E-01 4.885799805E+03 -2.646100098E+03 2.960700073E+02 1.127200012E+02 3.982000053E-01 5.281599760E-01 3.931399882E-01 4.918400049E-01 1.169300056E-03
 1.885999955E-04 7.935200119E-05 7.978299856E-01 8.159299805E+03 5.304099731E+02 2.959599915E+02 1.128099976E+02 8.852800131E-01 1.163700008E+01 3.935399950E-01 4.917100072E-01 1.169200055E-03
 1.906499965E-04 7.920800272E-05 7.979099751E-01 6.906799805E+03 7.710799805E+03 2.959200134E+02 1.128600006E+02 1.590399981E+00 3.844200134E+01 3.937900066E-01 4.916900098E-01 1.169000054E-03
 1.926999976E-04 7.906399696E-05 7.982500196E-01 7.968000000E+03 4.345500000E+03 2.957699890E+02 1.129199982E+02 2.313899994E+00 4.649900055E+01 3.941299915E-01 4.916400015E-01 1.168600051E-03
 1.947499986E-04 7.891999849E-05 7.978399992E-01 5.801600098E+03 -6.231699829E+02 2.956499939E+02 1.131500015E+02 2.924799919E+00 3.088599968E+01 3.950699866E-01 4.911899865E-01 1.169200055E-03
 1.967999997E-04 7.877600001E-05 7.969099879E-01 2.500800049E+03 9.709199829E+02 2.956000061E+02 1.135100021E+02 3.623500109E+00 2.441799927E+01 3.964399993E-01 4.905399978E-01 1.170499949E-03
 1.988500007E-04 7.863200153E-05 7.961699963E-01 9.280800171E+02 1.636800049E+03 2.955599976E+02 1.139899979E+02 4.208600044E+00 2.625699997E+01 3.981800079E-01 4.900200069E-01 1.171599957E-03
 2.009000018E-04 7.848800306E-05 7.955300212E-01 1.570800049E+03 5.044200195E+03 2.955700073E+02 1.146299973E+02 4.782599926E+00 2.168799973E+01 4.005199969E-01 4.896300137E-01 1.172599965E-03
 2.029500029E-04 7.834399730E-05 7.946400046E-01 4.143500000E+03 3.741300049E+03 2.954899902E+02 1.154400024E+02 5.652100086E+00 2.879700089E+01 4.035300016E-01 4.889599979E-01 1.173899975E-03
 2.050000039E-04 7.819999882E-05 7.940599918E-01 6.754700195E+03 -3.191200066E+01 2.954200134E+02 1.158899994E+02 6.115300179E+00 4.019599915E+01 4.052200019E-01 4.884800017E-01 1.174699981E-03
 0.000000000E+00 8.616699779E-05 1.600700021E+00 -8.405000000E+04 -2.626500000E+04 3.000000000E+02 9.108999634E+01 2.136800051E+00 -4.972200012E+01 3.149800003E-01 9.979299903E-01 5.809100112E-04
 2.049999921E-06 8.630000229E-05 1.596099973E+00 -4.716500000E+04 -2.170400000E+04 2.991000061E+02 9.215299988E+01 2.691200018E+00 -2.147699928E+01 3.195700049E-01 9.930899739E-01 5.835199845E-04
 4.099999842E-06 8.643299952E-05 1.589800000E+00 -1.916699951E+03 -1.173600000E+04 2.982900085E+02 9.400399780E+01 3.429699898E+00 7.104100227E+00 3.268699944E-01 9.874899983E-01 5.867399741E-04
 6.149999990E-06 8.656700084E-05 1.587499976E+00 6.003899902E+03 -2.455699951E+03 2.982000122E+02 9.557700348E+01 3.728199959E+00 2.257799911E+01 3.324199915E-01 9.857699871E-01 5.876100040E-04
 8.199999684E-06 8.669999806E-05 1.584900022E+00 3.120899902E+03 -2.323199951E+03 2.979200134E+02 9.738400269E+01 4.106200218E+00 1.925699997E+01 3.389100134E-01 9.832199812E-01 5.885700230E-04
 1.024999983E-05 8.683300257E-05 1.580500007E+00 -4.207299805E+03 3.448800049E+03 2.977699890E+02 9.946099854E+01 4.475800037E+00 -1.407699966E+01 3.462600112E-01 9.800000191E-01 5.902100238E-04
 1.229999998E-05 8.696699661E-05 1.576500058E+00 -2.979899902E+03 1.146500000E+04 2.975199890E+02 1.016600037E+02 4.888199806E+00 -2.330900002E+01 3.541100025E-01 9.767400026E-01 5.916699884E-04
 1.435000013E-05 8.710000111E-05 1.573099971E+00 2.370899963E+02 5.501799805E+03 2.970599976E+02 1.039700012E+02 5.270500183E+00 -3.009499931E+01 3.625099957E-01 9.731100202E-01 5.929699983E-04
 1.639999937E-05 8.723299834E-05 1.568699956E+00 -8.257800293E+02 9.198599609E+03 2.968099976E+02 1.065699997E+02 5.454199791E+00 -1.695400047E+01 3.717400134E-01 9.695699811E-01 5.946399760E-04
 1.845000043E-05 8.736699965E-05 1.563500047E+00 -2.514199951E+03 6.222500000E+03 2.965199890E+02 1.094800034E+02 5.722799778E+00 -3.459899902E+00 3.820900023E-01 9.654499888E-01 5.965899909E-04
 2.049999966E-05 8.749999688E-05 1.557800055E+00 6.231299805E+03 -9.005200195E+02 2.961000061E+02 1.124700012E+02 6.070700169E+00 -1.432600021E+01 3.928200006E-01 9.605600238E-01 5.987799959E-04
 2.255000072E-05 8.763300139E-05 1.552700043E+00 1.525400000E+04 1.500199951E+03 2.956300049E+02 1.155999985E+02 6.417600155E+00 -7.541800022E+00 4.041100144E-01 9.558500051E-01 6.007800112E-04
 2.459999996E-05 8.776700270E-05 1.545099974E+00 1.089300000E+04 2.568300049E+03 2.949400024E+02 1.190800018E+02 6.566800117E+00 -1.504899979E+01 4.167700112E-01 9.489799738E-01 6.037200219E-04
 2.664999920E-05 8.789999993E-05 1.535300016E+00 6.199200195E+03 -5.672700195E+02 2.944599915E+02 1.230199966E+02 6.854800224E+00 -1.190900040E+01 4.309099913E-01 9.413999915E-01 6.075800047E-04
 2.870000026E-05 8.803299716E-05 1.525200009E+00 -5.441100098E+03 8.333599609E+03 2.940100098E+02 1.275000000E+02 7.306099892E+00 -7.841100216E+00 4.470100105E-01 9.337800145E-01 6.116100121E-04
 3.075000132E-05 8.816699847E-05 1.514400005E+00 -8.347000000E+03 3.794300049E+03 2.932300110E+02 1.323399963E+02 7.532700062E+00 -9.465600014E+00 4.645900130E-01 9.247400165E-01 6.159499753E-04
 3.279999873E-05 8.830000297E-05 1.501500010E+00 -3.787500000E+02 -5.864600098E+03 2.924400024E+02 1.376600037E+02 7.799399853E+00 1.102000046E+01 4.838899970E-01 9.143599868E-01 6.212699809E-04
 3.484999979E-05 8.843300020E-05 1.486400008E+00 1.180500000E+04 7.170500000E+03 2.915599976E+02 1.436699982E+02 8.293899536E+00 1.076200008E+01 5.058400035E-01 9.024400115E-01 6.275700289E-04
 3.690000085E-05 8.856700151E-05 1.470399976E+00 2.525000000E+04 -2.411500000E+03 2.903299866E+02 1.502599945E+02 8.725899696E+00 5.411699772E+00 5.301399827E-01 8.889999986E-01 6.343999994E-04
 3.894999827E-05 8.869999874E-05 1.451699972E+00 3.082600000E+04 -1.020100000E+04 2.889200134E+02 1.574799957E+02 8.973299980E+00 2.539200020E+01 5.569400191E-01 8.734400272E-01 6.425700267E-04
 4.099999933E-05 8.883300325E-05 1.428799987E+00 3.579700000E+04 -1.310599976E+03 2.873599854E+02 1.655399933E+02 9.274499893E+00 4.248600006E+01 5.870299935E-01 8.550199866E-01 6.528900121E-04
 4.305000039E-05 8.896699728E-05 1.400900006E+00 3.881600000E+04 -4.077500000E+02 2.853900146E+02 1.748000031E+02 9.333100319E+00 3.649599838E+01 6.219199896E-01 8.325700164E-01 6.659399951E-04
 4.510000144E-05 8.910000179E-05 1.367799997E+00 3.146400000E+04 4.913200195E+03 2.831099854E+02 1.857100067E+02 9.272899628E+00 2.502400017E+01 6.632599831E-01 8.064000010E-01 6.821100251E-04
 4.714999886E-05 8.923299902E-05 1.327299953E+00 3.205700000E+04 2.705000000E+03 2.803699951E+02 1.983200073E+02 9.108400345E+00 5.927100182E+00 7.116299868E-01 7.750399709E-01 7.029499975E-04
 4.919999992E-05 8.936700033E-05 1.278300047E+00 4.523700000E+04 -9.472099609E+03 2.769599915E+02 2.128699951E+02 8.326999664E+00 -1.047299957E+01 7.683500051E-01 7.373700142E-01 7.300099824E-04
 5.125000098E-05 8.949999756E-05 1.219499946E+00 5.436300000E+04 -4.696500000E+03 2.728800049E+02 2.294799957E+02 6.982100010E+00 -5.143000031E+01 8.342599869E-01 6.931300163E-01 7.654299843E-04
 5.329999840E-05 8.938000246E-05 1.152999997E+00 5.862400000E+04 -6.211100098E+03 2.678500061E+02 2.476399994E+02 4.764100075E+00 -1.104100037E+02 9.084699750E-01 6.433200240E-01 8.097299724E-04
 5.534999946E-05 8.926000010E-05 1.080299973E+00 6.428500000E+04 -1.907700000E+04 2.619100037E+02 2.666799927E+02 1.019799948E+00 -1.388200073E+02 9.892299771E-01 5.894299746E-01 8.645799826E-04
 5.740000051E-05 8.913999773E-05 1.002500057E+00 6.188200000E+04 -1.430300000E+04 2.555599976E+02 2.860700073E+02 -4.017199993E+00 -1.312100067E+02 1.074399948E+00 5.337799788E-01 9.318999946E-04
 5.945000157E-05 8.902000263E-05 9.243299961E-01 5.320400000E+04 -5.771000000E+03 2.488399963E+02 3.052099915E+02 -9.305299759E+00 -1.139300003E+02 1.162099957E+00 4.792700112E-01 1.011000015E-03
 6.150000263E-05 8.890000026E-05 8.499000072E-01 4.763700000E+04 -1.446100000E+04 2.420700073E+02 3.228800049E+02 -1.468099976E+01 -1.182300034E+02 1.247099996E+00 4.286600053E-01 1.099499990E-03
 6.354999641E-05 8.877999790E-05 7.799599767E-01 3.216000000E+04 -1.899900000E+04 2.354499969E+02 3.394200134E+02 -2.031599998E+01 -9.942400360E+01 1.330299973E+00 3.826600015E-01 1.198300044E-03
 6.559999747E-05 8.866000280E-05 7.148100138E-01 1.513200000E+04 -1.474400000E+04 2.290200043E+02 3.547000122E+02 -2.537700081E+01 -6.897499847E+01 1.410500050E+00 3.411099911E-01 1.307399943E-03
 6.764999853E-05 8.854000043E-05 6.561899781E-01 -1.233099976E+03 -1.375800000E+04 2.229299927E+02 3.684299927E+02 -2.953700066E+01 -5.683100128E+01 1.485999942E+00 3.048000038E-01 1.424100017E-03
 6.969999959E-05 8.841999806E-05 6.036700010E-01 -1.684500000E+04 -8.494500000E+03 2.170500031E+02 3.812000122E+02 -3.325000000E+01 -2.390699959E+01 1.559100032E+00 2.729899883E-01 1.547800028E-03
 7.175000064E-05 8.830000297E-05 5.573400259E-01 -2.832000000E+04 -6.320799805E+03 2.115500031E+02 3.926799927E+02 -3.609299850E+01 5.478400230E+00 1.627400041E+00 2.456499934E-01 1.676199958E-03
 7.380000170E-05 8.818000060E-05 5.159900188E-01 -4.729000000E+04 -7.155200195E+03 2.065500031E+02 4.028999939E+02 -3.816600037E+01 1.646500015E+01 1.690199971E+00 2.220299989E-01 1.810500049E-03
 7.585000276E-05 8.805999823E-05 4.795100093E-01 -6.155800000E+04 -1.781600037E+02 2.019799957E+02 4.120700073E+02 -3.995800018E+01 3.177700043E+01 1.748499990E+00 2.017599940E-01 1.947800047E-03
 7.789999654E-05 8.794000314E-05 4.478499889E-01 -6.572500000E+04 5.884799805E+03 1.976999969E+02 4.203800049E+02 -4.099800110E+01 5.228400040E+01 1.803099990E+00 1.844400018E-01 2.085200045E-03
 7.994999760E-05 8.782000077E-05 4.198000133E-01 -7.632100000E+04 1.143600000E+04 1.937799988E+02 4.280899963E+02 -4.131999969E+01 7.229900360E+01 1.854400039E+00 1.694499999E-01 2.224199940E-03
 8.199999866E-05 8.769999840E-05 3.955599964E-01 -9.015900000E+04 1.174200000E+04 1.902899933E+02 4.346700134E+02 -4.127999878E+01 8.359500122E+01 1.899700046E+00 1.567800045E-01 2.360099927E-03
 8.404999971E-05 8.758000331E-05 3.749099970E-01 -1.009200000E+05 1.109600000E+04 1.872799988E+02 4.402099915E+02 -4.063700104E+01 7.735600281E+01 1.938899994E+00 1.462399960E-01 2.489699982E-03
 8.610000077E-05 8.746000094E-05 3.567500114E-01 -1.048800000E+05 1.462600000E+04 1.845000000E+02 4.454500122E+02 -3.924499893E+01 6.881999969E+01 1.975900054E+00 1.370899975E-01 2.616300015E-03
 8.815000183E-05 8.733999857E-05 3.405199945E-01 -1.093000000E+05 1.529000000E+04 1.819600067E+02 4.502799988E+02 -3.782300186E+01 6.820899963E+01 2.010499954E+00 1.290400028E-01 2.740799915E-03
 9.020000289E-05 8.722000348E-05 3.264800012E-01 -1.192700000E+05 1.662600000E+04 1.797899933E+02 4.544299927E+02 -3.637400055E+01 7.855000305E+01 2.040600061E+00 1.222499982E-01 2.858299995E-03
 9.224999667E-05 8.710000111E-05 3.142499924E-01 -1.244900000E+05 1.756500000E+04 1.777400055E+02 4.581300049E+02 -3.432400131E+01 8.411000061E+01 2.068200111E+00 1.163199991E-01 2.969400026E-03
 9.429999773E-05 8.697999874E-05 3.030999899E-01 -1.314900000E+05 1.889300000E+04 1.759100037E+02 4.617900085E+02 -3.216999817E+01 7.403600311E+01 2.094700098E+00 1.110400036E-01 3.078500042E-03
 9.634999878E-05 8.685999637E-05 2.933799922E-01 -1.391600000E+05 1.876300000E+04 1.744199982E+02 4.650199890E+02 -3.018899918E+01 7.194699860E+01 2.117599964E+00 1.065699980E-01 3.180299886E-03
 9.839999984E-05 8.674000128E-05 2.854599953E-01 -1.466200000E+05 1.599400000E+04 1.730899963E+02 4.671900024E+02 -2.815999985E+01 7.382499695E+01 2.134999990E+00 1.028999984E-01 3.268300090E-03
 1.004500009E-04 8.661999891E-05 2.783400118E-01 -1.599500000E+05 1.670800000E+04 1.718999939E+02 4.690400085E+02 -2.621400070E+01 8.350199890E+01 2.150300026E+00 9.964200109E-02 3.351999912E-03
 1.025000020E-04 8.649999654E-05 2.716700137E-01 -1.716500000E+05 1.845000000E+04 1.708999939E+02 4.710400085E+02 -2.445999908E+01 8.796600342E+01 2.165299892E+00 9.668699652E-02 3.434099955E-03
 1.045500030E-04 8.638000145E-05 2.657299936E-01 -1.875600000E+05 1.683300000E+04 1.700599976E+02 4.727500000E+02 -2.295800018E+01 7.233200073E+01 2.178200006E+00 9.410899878E-02 3.510799957E-03
 1.065999968E-04 8.625999908E-05 2.602800131E-01 -2.055000000E+05 1.484500000E+04 1.692899933E+02 4.740799866E+02 -2.155200005E+01 5.500799942E+01 2.188999891E+00 9.175799787E-02 3.584200051E-03
 1.086499979E-04 8.613999671E-05 2.552399933E-01 -2.181800000E+05 1.498700000E+04 1.685599976E+02 4.751799927E+02 -2.049900055E+01 4.706600189E+01 2.198600054E+00 8.959300071E-02 3.654999891E-03
 1.106999989E-04 8.602000162E-05 2.505300045E-01 -2.305500000E+05 1.266300000E+04 1.679400024E+02 4.761099854E+02 -1.985499954E+01 4.559500122E+01 2.206799984E+00 8.761399984E-02 3.723700065E-03
 1.127500000E-04 8.589999925E-05 2.463299930E-01 -2.524800000E+05 9.517700195E+03 1.674900055E+02 4.767999878E+02 -1.937199974E+01 3.746500015E+01 2.212800026E+00 8.591700345E-02 3.787100082E-03
 1.148000010E-04 8.577999688E-05 2.435600013E-01 -3.160200000E+05 1.278700000E+04 1.683699951E+02 4.752799988E+02 -1.879199982E+01 3.781200027E+01 2.200000048E+00 8.539400250E-02 3.829899943E-03
 1.168500021E-04 8.566000179E-05 2.504099905E-01 -6.509600000E+05 1.952300000E+04 1.784199982E+02 4.562699890E+02 -1.786899948E+01 6.223099899E+01 2.055500031E+00 9.318400174E-02 3.728599986E-03
 1.189000031E-04 8.553999942E-05 3.030900061E-01 -1.230800000E+06 2.796300000E+04 2.133399963E+02 3.806000061E+02 -1.574899960E+01 1.311100006E+02 1.588600039E+00 1.370799989E-01 3.147100098E-03
 1.209499969E-04 8.541999705E-05 4.467499852E-01 -1.026700000E+06 2.126300000E+04 2.575899963E+02 2.627300110E+02 -1.193900013E+01 1.899100037E+02 9.932799935E-01 2.433999926E-01 2.195100067E-03
 1.230000053E-04 8.530000196E-05 6.222100258E-01 -3.134500000E+05 9.500400391E+03 2.819599915E+02 1.802599945E+02 -8.210499763E+00 1.388899994E+02 6.459299922E-01 3.662900031E-01 1.522399951E-03
 1.250500063E-04 8.517999959E-05 7.227100134E-01 -6.224100000E+04 6.455000000E+03 2.894100037E+02 1.513300018E+02 -6.256000042E+00 5.526800156E+01 5.343700051E-01 4.356299937E-01 1.292099943E-03
 1.270999928E-04 8.505999722E-05 7.508999705E-01 -2.636500000E+04 8.648300171E+02 2.912799988E+02 1.438500061E+02 -5.479899883E+00 5.567299843E+00 5.062000155E-01 4.554600120E-01 1.242300030E-03
 1.291499939E-04 8.494000213E-05 7.573099732E-01 -2.651800000E+04 -4.666100098E+03 2.918699951E+02 1.411300049E+02 -4.689899921E+00 -2.074099922E+01 4.960399866E-01 4.602800012E-01 1.231699949E-03
 1.311999949E-04 8.481999976E-05 7.611799836E-01 -1.311000000E+04 -3.605399902E+03 2.921000061E+02 1.390899963E+02 -4.494900227E+00 -3.504899979E+01 4.886800051E-01 4.629899859E-01 1.225500018E-03
 1.332499960E-04 8.469999739E-05 7.636500001E-01 -4.123399902E+03 8.432199707E+02 2.924700012E+02 1.372500000E+02 -4.565199852E+00 -3.468399811E+01 4.819200039E-01 4.650900066E-01 1.221499988E-03
 1.352999971E-04 8.458000229E-05 7.656499743E-01 -1.224800000E+04 -1.410800049E+03 2.928699951E+02 1.355000000E+02 -4.441500187E+00 -3.096299934E+01 4.754500091E-01 4.669499993E-01 1.218299964E-03
 1.373499981E-04 8.445999993E-05 7.686799765E-01 -1.025300000E+04 7.952100220E+02 2.929400024E+02 1.337700043E+02 -4.618299961E+00 -3.850500107E+01 4.693300128E-01 4.688999951E-01 1.213500043E-03
 1.393999992E-04 8.433999756E-05 7.710000277E-01 -5.083200195E+03 2.738500000E+03 2.930700073E+02 1.321799927E+02 -4.583499908E+00 -2.203400040E+01 4.636699855E-01 4.705199897E-01 1.209900016E-03
 1.414500002E-04 8.422000246E-05 7.732899785E-01 -1.458000000E+03 2.862600098E+03 2.934299927E+02 1.305899963E+02 -4.349999905E+00 -2.050499916E+01 4.577600062E-01 4.725100100E-01 1.206299989E-03
 1.435000013E-04 8.410000009E-05 7.750899792E-01 -8.017100098E+03 3.128199951E+03 2.937799988E+02 1.291499939E+02 -4.244100094E+00 -1.547799969E+01 4.524500072E-01 4.741699994E-01 1.203499967E-03
 1.455500023E-04 8.397999773E-05 7.772799730E-01 -6.462200195E+03 -4.870600098E+03 2.938299866E+02 1.277200012E+02 -4.188899994E+00 -2.105099916E+00 4.474000037E-01 4.755899906E-01 1.200100058E-03
 1.476000034E-04 8.386000263E-05 7.798200250E-01 5.426799805E+03 -6.676700195E+03 2.938999939E+02 1.261600037E+02 -4.231400013E+00 -8.221699715E+00 4.419000149E-01 4.772599936E-01 1.196200028E-03
 1.496500045E-04 8.374000026E-05 7.812600136E-01 -2.293699951E+03 -5.668200195E+03 2.942500000E+02 1.249100037E+02 -4.214399815E+00 -1.590499973E+01 4.372600019E-01 4.787000120E-01 1.194000011E-03
 1.517000055E-04 8.361999789E-05 7.832800150E-01 -6.413200195E+03 -3.752399902E+03 2.946199951E+02 1.237699966E+02 -3.981800079E+00 -1.367700005E+01 4.329699874E-01 4.805600047E-01 1.190899988E-03
 1.537500066E-04 8.350000280E-05 7.853099704E-01 6.273200195E+03 -1.673699951E+03 2.948200073E+02 1.225199966E+02 -3.750000000E+00 -1.034200001E+01 4.284299910E-01 4.821200073E-01 1.187799964E-03
 1.557999931E-04 8.338000043E-05 7.863299847E-01 1.138300000E+04 -1.123199951E+03 2.948900146E+02 1.213799973E+02 -3.659800053E+00 -1.141300011E+01 4.243800044E-01 4.828700125E-01 1.186299953E-03
 1.578499941E-04 8.325999806E-05 7.871800065E-01 8.534200195E+03 2.385600098E+03 2.950499878E+02 1.204499969E+02 -3.299200058E+00 3.953099966E+00 4.210099876E-01 4.836499989E-01 1.184999943E-03
 1.598999952E-04 8.314000297E-05 7.887700200E-01 5.767399902E+03 3.455600098E+03 2.952300110E+02 1.194100037E+02 -3.035700083E+00 1.055799961E+01 4.172199965E-01 4.849199951E-01 1.182600041E-03
 1.619499963E-04 8.302000060E-05 7.903400064E-01 -2.354800049E+03 -3.027800049E+03 2.952799988E+02 1.183700027E+02 -2.986200094E+00 -7.043399811E+00 4.135499895E-01 4.859699905E-01 1.180300023E-03
 1.639999973E-04 8.289999823E-05 7.912600040E-01 -8.313299805E+03 -6.515899902E+03 2.953200073E+02 1.175500031E+02 -2.777600050E+00 -2.066300011E+01 4.106500149E-01 4.866000116E-01 1.178900013E-03
 1.660499984E-04 8.278000314E-05 7.920100093E-01 -6.262799805E+03 4.157500000E+02 2.954899902E+02 1.167200012E+02 -2.585900068E+00 -8.010299683E+00 4.076099992E-01 4.873499870E-01 1.177800004E-03
 1.680999994E-04 8.266000077E-05 7.923399806E-01 -5.889799805E+03 -7.314799805E+02 2.956600037E+02 1.159499969E+02 -2.324500084E+00 7.696499825E+00 4.047999978E-01 4.878199995E-01 1.177300001E-03
 1.701500005E-04 8.253999840E-05 7.935500145E-01 -9.844400391E+03 -5.217100098E+03 2.957500000E+02 1.152300034E+02 -2.231699944E+00 7.445199966E+00 4.021899998E-01 4.887099862E-01 1.175499987E-03
 1.722000015E-04 8.242000331E-05 7.949100137E-01 -7.023100098E+03 -3.566499939E+02 2.958299866E+02 1.146699982E+02 -2.078000069E+00 3.554500103E+00 4.001899958E-01 4.896799922E-01 1.173499972E-03
 1.742500026E-04 8.230000094E-05 7.952299714E-01 1.102199951E+03 4.110299805E+03 2.959299927E+02 1.142399979E+02 -1.687999964E+00 1.293500066E-01 3.986000121E-01 4.900499880E-01 1.172999968E-03
 1.763000037E-04 8.217999857E-05 7.958999872E-01 -7.079299927E+02 -2.883100098E+03 2.960499878E+02 1.137900009E+02 -1.395499945E+00 -1.585999966E+01 3.969199955E-01 4.906600118E-01 1.171999960E-03
 1.783500047E-04 8.206000348E-05 7.964800000E-01 -6.743499756E+02 -3.703300049E+03 2.960299988E+02 1.135199966E+02 -8.951500058E-01 -4.900000095E+00 3.959600031E-01 4.909900129E-01 1.171199954E-03
 1.804000058E-04 8.194000111E-05 7.966399789E-01 -2.106300049E+03 -1.035199951E+03 2.960599976E+02 1.133099976E+02 -3.890500069E-01 2.465500069E+01 3.952099979E-01 4.911400080E-01 1.170899952E-03
 1.824500068E-04 8.181999874E-05 7.962700129E-01 -1.255100000E+04 2.297699951E+03 2.961799927E+02 1.130899963E+02 -2.606399953E-01 2.175900078E+01 3.943600059E-01 4.911000133E-01 1.171499956E-03
 1.844999933E-04 8.169999637E-05 7.965000272E-01 -7.946899902E+03 1.706300049E+03 2.962000122E+02 1.128899994E+02 -2.297599986E-02 1.427200031E+01 3.936400115E-01 4.912799895E-01 1.171099953E-03
 1.865499944E-04 8.158000128E-05 7.975800037E-01 7.144200195E+03 -5.317200195E+03 2.960400085E+02 1.127500000E+02 2.890500128E-01 3.089900017E+00 3.932900131E-01 4.916799963E-01 1.169500058E-03
 1.885999955E-04 8.145999891E-05 7.976099849E-01 9.721900391E+03 2.602300049E+03 2.959299927E+02 1.128399963E+02 7.727699876E-01 -7.835299969E-01 3.936600089E-01 4.915100038E-01 1.169500058E-03
 1.906499965E-04 8.133999654E-05 7.972499728E-01 6.318700195E+03 1.219300000E+04 2.959500122E+02 1.130000000E+02 1.486099958E+00 1.799500084E+01 3.942199945E-01 4.913400114E-01 1.169999945E-03
 1.926999976E-04 8.122000145E-05 7.969499826E-01 5.143200195E+03 9.424299805E+03 2.959299927E+02 1.132900009E+02 2.007600069E+00 2.895400047E+01 3.952899873E-01 4.911099970E-01 1.170499949E-03
 1.947499986E-04 8.109999908E-05 7.964400053E-01 3.859800049E+03 3.995500000E+03 2.957999878E+02 1.137399979E+02 2.627500057E+00 2.027400017E+01 3.969900012E-01 4.905900061E-01 1.171199954E-03
 1.967999997E-04 8.097999671E-05 7.959499955E-01 4.258799805E+03 4.698700195E+03 2.956400146E+02 1.141699982E+02 3.291899920E+00 1.420100021E+01 3.986499906E-01 4.900200069E-01 1.171899959E-03
 1.988500007E-04 8.086000162E-05 7.950800061E-01 4.445100098E+02 1.712300049E+03 2.956000061E+02 1.147099991E+02 3.692600012E+00 2.942499924E+01 4.005999863E-01 4.894199967E-01 1.173199969E-03
 2.009000018E-04 8.073999925E-05 7.937899828E-01 -8.485299805E+03 3.799899902E+03 2.956400146E+02 1.154000015E+02 4.146299839E+00 1.766600037E+01 4.030500054E-01 4.886899889E-01 1.175099984E-03
 2.029500029E-04 8.061999688E-05 7.929199934E-01 -8.969099609E+03 1.647300049E+03 2.955599976E+02 1.162200012E+02 4.780499935E+00 1.238700008E+01 4.060600102E-01 4.880099893E-01 1.176399994E-03
 2.050000039E-04 8.050000179E-05 7.928500175E-01 -3.870500000E+03 -7.002399902E+03 2.954200134E+02 1.166399994E+02 5.102099895E+00 2.733799934E+01 4.076600075E-01 4.877499938E-01 1.176499994E-03
 0.000000000E+00 8.733299910E-05 1.600700021E+00 -9.868800000E+04 -4.380300000E+04 3.000000000E+02 9.113200378E+01 1.457200050E+00 -5.991799927E+01 3.150500059E-01 9.980000257E-01 5.811600131E-04
 2.049999921E-06 8.743999933E-05 1.594799995E+00 -5.788900000E+04 -3.361300000E+04 2.992300110E+02 9.209600067E+01 1.955700040E+00 -9.327099800E+00 3.192200065E-01 9.927600026E-01 5.841199891E-04
 4.099999842E-06 8.754699957E-05 1.588199973E+00 -6.944100098E+03 -1.782800000E+04 2.984299927E+02 9.384300232E+01 2.650599957E+00 1.446800041E+01 3.261500001E-01 9.869800210E-01 5.873300252E-04
 6.149999990E-06 8.765300299E-05 1.587000012E+00 3.016000000E+03 -8.766799805E+03 2.981799927E+02 9.543000031E+01 2.885799885E+00 8.443799973E+00 3.318200111E-01 9.854199886E-01 5.877800286E-04
 8.199999684E-06 8.776000323E-05 1.585500002E+00 7.130899902E+03 -6.061100098E+03 2.978399963E+02 9.717500305E+01 3.178800106E+00 1.340499973E+01 3.381099999E-01 9.833300114E-01 5.883499980E-04
 1.024999983E-05 8.786700346E-05 1.581799984E+00 6.605899902E+03 -3.787000000E+03 2.976199951E+02 9.917299652E+01 3.520400047E+00 -2.293600082E+01 3.452199996E-01 9.803299904E-01 5.897199735E-04
 1.229999998E-05 8.797299961E-05 1.577399969E+00 -1.029699951E+03 5.306899902E+03 2.973500061E+02 1.013499985E+02 3.874399900E+00 -3.222499847E+01 3.529999852E-01 9.766799808E-01 5.913699861E-04
 1.435000013E-05 8.807999984E-05 1.573199987E+00 1.614699951E+03 5.960900269E+02 2.969700012E+02 1.036999969E+02 4.193099976E+00 -1.821299934E+01 3.614499867E-01 9.728900194E-01 5.929300096E-04
 1.639999937E-05 8.818700007E-05 1.568400025E+00 6.905800171E+02 1.948000000E+03 2.968200073E+02 1.063099976E+02 4.311100006E+00 2.013400078E+01 3.706200123E-01 9.694100022E-01 5.947600002E-04
 1.845000043E-05 8.829300350E-05 1.563400030E+00 -6.450200195E+03 8.075299805E+03 2.966499939E+02 1.090699997E+02 4.557400227E+00 2.357799911E+01 3.803800046E-01 9.657599926E-01 5.966700264E-04
 2.049999966E-05 8.839999646E-05 1.557800055E+00 6.503800049E+02 5.282200195E+03 2.961300049E+02 1.121100006E+02 4.855500221E+00 -2.182100058E+00 3.913699985E-01 9.606599808E-01 5.987799959E-04
 2.255000072E-05 8.850699669E-05 1.552299976E+00 1.090200000E+04 2.979100098E+03 2.955100098E+02 1.154499969E+02 5.145999908E+00 5.365399718E-01 4.034500122E-01 9.552299976E-01 6.009099889E-04
 2.459999996E-05 8.861300012E-05 1.544899940E+00 9.536200195E+03 -4.058899902E+03 2.949400024E+02 1.190199966E+02 5.291299820E+00 -1.280799961E+01 4.163399935E-01 9.488499761E-01 6.037899875E-04
 2.664999920E-05 8.872000035E-05 1.535599947E+00 -1.665699951E+03 -4.985200195E+03 2.943999939E+02 1.229400024E+02 5.494500160E+00 7.799200058E+00 4.304299951E-01 9.414399862E-01 6.074400153E-04
 2.870000026E-05 8.882700058E-05 1.525900006E+00 -2.780000000E+03 -2.014599976E+03 2.938800049E+02 1.274000015E+02 5.834499836E+00 2.837899971E+01 4.464600086E-01 9.338099957E-01 6.113299751E-04
 3.075000132E-05 8.893299673E-05 1.514700055E+00 1.222800000E+04 -8.670599976E+02 2.932000122E+02 1.322700043E+02 6.019700050E+00 1.883499908E+01 4.640600085E-01 9.248499870E-01 6.158300093E-04
 3.279999873E-05 8.903999696E-05 1.500800014E+00 1.543200000E+04 -2.118300049E+03 2.924599915E+02 1.376300049E+02 6.228400230E+00 3.865200043E+01 4.834699929E-01 9.140099883E-01 6.215599715E-04
 3.484999979E-05 8.914699720E-05 1.485599995E+00 1.381600000E+04 6.993899902E+03 2.916099854E+02 1.438000031E+02 6.565999985E+00 4.403599930E+01 5.059199929E-01 9.021599889E-01 6.279000081E-04
 3.690000085E-05 8.925300062E-05 1.470499992E+00 2.655600000E+04 8.166299805E+03 2.903599854E+02 1.504199982E+02 6.967700005E+00 1.579199982E+01 5.303500295E-01 8.891299963E-01 6.343799760E-04
 3.894999827E-05 8.936000086E-05 1.451500058E+00 2.882300000E+04 -6.548500000E+03 2.890299988E+02 1.576900024E+02 7.312099934E+00 3.251699829E+01 5.572900176E-01 8.736000061E-01 6.426899927E-04
 4.099999933E-05 8.946700109E-05 1.427700043E+00 2.516600000E+04 4.382899902E+03 2.875499878E+02 1.658500061E+02 7.600200176E+00 2.442700005E+01 5.875899792E-01 8.549399972E-01 6.533900159E-04
 4.305000039E-05 8.957299724E-05 1.400099993E+00 3.203400000E+04 8.472799805E+03 2.855199890E+02 1.750700073E+02 7.493999958E+00 1.540600014E+01 6.223999858E-01 8.324900270E-01 6.663100212E-04
 4.510000144E-05 8.967999747E-05 1.368100047E+00 3.494900000E+04 2.261500000E+03 2.830799866E+02 1.856999969E+02 7.413300037E+00 1.062699986E+01 6.629599929E-01 8.065099716E-01 6.819400005E-04
 4.714999886E-05 8.978699771E-05 1.327900052E+00 4.185300000E+04 2.899100098E+03 2.802900085E+02 1.982100067E+02 7.256599903E+00 -1.017199993E+01 7.110800147E-01 7.751399875E-01 7.026600069E-04
 4.919999992E-05 8.989300113E-05 1.278800011E+00 5.932900000E+04 -1.134100000E+04 2.769800110E+02 2.127200012E+02 6.604400158E+00 -2.280299950E+01 7.675300241E-01 7.377200127E-01 7.297099801E-04
 5.125000098E-05 9.000000136E-05 1.221500039E+00 6.848500000E+04 -6.810799805E+03 2.729800110E+02 2.289700012E+02 5.573100090E+00 -4.906499863E+01 8.321200013E-01 6.944900155E-01 7.641700213E-04
 5.329999840E-05 8.990400238E-05 1.156100035E+00 7.034900000E+04 -2.975500000E+03 2.680199890E+02 2.469700012E+02 3.760799885E+00 -7.603399658E+01 9.056800008E-01 6.454399824E-01 8.075400256E-04
 5.534999946E-05 8.980800339E-05 1.084599972E+00 6.697700000E+04 -1.827300000E+04 2.621900024E+02 2.659800110E+02 8.749300241E-01 -1.013899994E+02 9.861000180E-01 5.924299955E-01 8.610300138E-04
 5.740000051E-05 8.971199713E-05 1.007300019E+00 6.163300000E+04 -1.700200000E+04 2.559799957E+02 2.852699890E+02 -3.073899984E+00 -8.994699860E+01 1.070400000E+00 5.371999741E-01 9.275099728E-04
 5.945000157E-05 8.961599815E-05 9.290599823E-01 5.800700000E+04 -3.897600098E+03 2.494400024E+02 3.040499878E+02 -7.310299873E+00 -8.213600159E+01 1.156000018E+00 4.828599989E-01 1.005699974E-03
 6.150000263E-05 8.951999916E-05 8.557199836E-01 4.609200000E+04 -8.611400391E+03 2.426999969E+02 3.215899963E+02 -1.160799980E+01 -9.181999969E+01 1.240000010E+00 4.327299893E-01 1.091900049E-03
 6.354999641E-05 8.942400018E-05 7.861899734E-01 2.935500000E+04 -1.342000000E+04 2.360500031E+02 3.382500000E+02 -1.607799911E+01 -8.239900208E+01 1.323099971E+00 3.866899908E-01 1.188799972E-03
 6.559999747E-05 8.932800120E-05 7.206500173E-01 2.605500000E+04 -6.961399902E+03 2.295899963E+02 3.539500122E+02 -2.009399986E+01 -6.597299957E+01 1.404500008E+00 3.447400033E-01 1.296799979E-03
 6.764999853E-05 8.923200221E-05 6.617900133E-01 1.143800000E+04 -6.625299805E+03 2.233999939E+02 3.680700073E+02 -2.346599960E+01 -4.879499817E+01 1.481199980E+00 3.080500066E-01 1.412000041E-03
 6.969999959E-05 8.913600323E-05 6.089100242E-01 -1.686400000E+04 -5.056700195E+03 2.174700012E+02 3.808599854E+02 -2.646999931E+01 -1.615800095E+01 1.554000020E+00 2.759000063E-01 1.534600044E-03
 7.175000064E-05 8.903999696E-05 5.614299774E-01 -3.186300000E+04 -5.669500000E+03 2.119900055E+02 3.925000000E+02 -2.876499939E+01 2.752000093E+00 1.622499943E+00 2.479600012E-01 1.664099982E-03
 7.380000170E-05 8.894399798E-05 5.199699998E-01 -4.266700000E+04 -8.594000000E+03 2.068800049E+02 4.028500061E+02 -3.043400002E+01 1.013500023E+01 1.685999990E+00 2.240999937E-01 1.796400058E-03
 7.585000276E-05 8.884799900E-05 4.833799899E-01 -5.398200000E+04 -1.204699951E+03 2.021999969E+02 4.121799927E+02 -3.197400093E+01 2.821899986E+01 1.745100021E+00 2.036100030E-01 1.932300045E-03
 7.789999654E-05 8.875200001E-05 4.503999949E-01 -6.570400000E+04 2.884000000E+03 1.979799957E+02 4.207399902E+02 -3.290900040E+01 5.079100037E+01 1.800300002E+00 1.857499927E-01 2.073500073E-03
 7.994999760E-05 8.865600103E-05 4.214400053E-01 -7.537900000E+04 5.284100098E+03 1.940800018E+02 4.286499939E+02 -3.320800018E+01 6.350099945E+01 1.852300048E+00 1.703799963E-01 2.215600107E-03
 8.199999866E-05 8.856000204E-05 3.965699971E-01 -8.875100000E+04 8.026799805E+03 1.905200043E+02 4.352999878E+02 -3.332799911E+01 6.913800049E+01 1.898399949E+00 1.573700011E-01 2.354199998E-03
 8.404999971E-05 8.846400306E-05 3.747600019E-01 -1.004300000E+05 4.900899902E+03 1.873000031E+02 4.410700073E+02 -3.297499847E+01 5.813199997E+01 1.939700007E+00 1.462000012E-01 2.490899991E-03
 8.610000077E-05 8.836799680E-05 3.558099866E-01 -1.033700000E+05 8.585000000E+03 1.843899994E+02 4.465000000E+02 -3.202700043E+01 5.268899918E+01 1.978500009E+00 1.366499960E-01 2.623199951E-03
 8.815000183E-05 8.827199781E-05 3.393200040E-01 -1.074500000E+05 1.274000000E+04 1.817899933E+02 4.515400085E+02 -3.087199974E+01 6.383900070E+01 2.014699936E+00 1.284700036E-01 2.750500105E-03
 9.020000289E-05 8.817599883E-05 3.248299956E-01 -1.201200000E+05 1.234800000E+04 1.794799957E+02 4.558200073E+02 -2.956699944E+01 6.609999847E+01 2.046299934E+00 1.214200035E-01 2.872799989E-03
 9.224999667E-05 8.807999984E-05 3.122999966E-01 -1.272900000E+05 1.263100000E+04 1.773500061E+02 4.593200073E+02 -2.791699982E+01 6.864700317E+01 2.073800087E+00 1.153500006E-01 2.987999935E-03
 9.429999773E-05 8.798400086E-05 3.011600077E-01 -1.291700000E+05 1.329300000E+04 1.754100037E+02 4.629299927E+02 -2.612299919E+01 6.834999847E+01 2.101099968E+00 1.100199968E-01 3.098299960E-03
 9.634999878E-05 8.788800187E-05 2.912600040E-01 -1.347000000E+05 1.389200000E+04 1.738200073E+02 4.662399902E+02 -2.453899956E+01 5.936000061E+01 2.125299931E+00 1.054299995E-01 3.203500062E-03
 9.839999984E-05 8.779200289E-05 2.829500139E-01 -1.437900000E+05 1.370400000E+04 1.724299927E+02 4.685499878E+02 -2.288800049E+01 6.023799896E+01 2.144000053E+00 1.015999988E-01 3.297300078E-03
 1.004500009E-04 8.769599663E-05 2.757000029E-01 -1.609600000E+05 1.504900000E+04 1.713200073E+02 4.703099976E+02 -2.103000069E+01 7.399700165E+01 2.158600092E+00 9.836199880E-02 3.383999923E-03
 1.025000020E-04 8.759999764E-05 2.691200078E-01 -1.768200000E+05 1.511800000E+04 1.703999939E+02 4.720199890E+02 -1.953700066E+01 7.575000000E+01 2.171999931E+00 9.549500048E-02 3.466699971E-03
 1.045500030E-04 8.750399866E-05 2.633399963E-01 -1.905300000E+05 1.485700000E+04 1.695200043E+02 4.734100037E+02 -1.827899933E+01 6.244599915E+01 2.183799982E+00 9.296099842E-02 3.542700084E-03
 1.065999968E-04 8.740799967E-05 2.581700087E-01 -2.071600000E+05 1.385000000E+04 1.687700043E+02 4.745199890E+02 -1.713400078E+01 4.329000092E+01 2.193500042E+00 9.073399752E-02 3.613499925E-03
 1.086499979E-04 8.731200069E-05 2.534900010E-01 -2.179800000E+05 1.055200000E+04 1.681300049E+02 4.757799988E+02 -1.614200020E+01 3.073999977E+01 2.203399897E+00 8.875299990E-02 3.680200083E-03
 1.106999989E-04 8.721600170E-05 2.490600049E-01 -2.240500000E+05 8.490799805E+03 1.675200043E+02 4.769599915E+02 -1.544900036E+01 3.250000000E+01 2.212800026E+00 8.688300103E-02 3.745499998E-03
 1.127500000E-04 8.712000272E-05 2.449599952E-01 -2.502500000E+05 6.232799805E+03 1.671900024E+02 4.776600037E+02 -1.522299957E+01 2.873800087E+01 2.218100071E+00 8.528599888E-02 3.808199894E-03
 1.148000010E-04 8.702399646E-05 2.423200011E-01 -3.179700000E+05 7.696899902E+03 1.681600037E+02 4.761300049E+02 -1.478600025E+01 2.259000015E+01 2.204600096E+00 8.485499769E-02 3.849500092E-03
 1.168500021E-04 8.692799747E-05 2.494000047E-01 -6.476400000E+05 1.070400000E+04 1.781900024E+02 4.573900146E+02 -1.415600014E+01 3.203400040E+01 2.061300039E+00 9.268800169E-02 3.743800102E-03
 1.189000031E-04 8.683199849E-05 3.013400137E-01 -1.232700000E+06 1.714300000E+04 2.130500031E+02 3.823699951E+02 -1.306700039E+01 8.095099640E+01 1.596400023E+00 1.360599995E-01 3.163499990E-03
 1.209499969E-04 8.673599950E-05 4.431700110E-01 -1.043000000E+06 1.535500000E+04 2.573500061E+02 2.645599976E+02 -1.022900009E+01 1.311699982E+02 1.000399947E+00 2.412499934E-01 2.212299965E-03
 1.230000053E-04 8.664000052E-05 6.183800101E-01 -3.256600000E+05 8.940599609E+03 2.817999878E+02 1.809799957E+02 -6.886799812E+00 1.089100037E+02 6.485000253E-01 3.638400137E-01 1.532600028E-03
 1.250500063E-04 8.654400153E-05 7.203500271E-01 -6.541500000E+04 3.753500000E+03 2.893999939E+02 1.510000000E+02 -5.019000053E+00 4.062699890E+01 5.330500007E-01 4.341900051E-01 1.296399976E-03
 1.270999928E-04 8.644800255E-05 7.495999932E-01 -2.425700000E+04 -6.596700195E+03 2.913900146E+02 1.430700073E+02 -4.220200062E+00 -1.048099995E+01 5.032100081E-01 4.548499882E-01 1.244500047E-03
 1.291499939E-04 8.635200356E-05 7.566300035E-01 -1.409200000E+04 -9.959099609E+03 2.919299927E+02 1.401300049E+02 -3.667099953E+00 -3.382199860E+01 4.923700094E-01 4.599600136E-01 1.232799958E-03
 1.311999949E-04 8.625599730E-05 7.610499859E-01 -7.528100098E+03 -3.495800049E+03 2.922099915E+02 1.380800018E+02 -3.613399982E+00 -4.351499939E+01 4.849500060E-01 4.630999863E-01 1.225700020E-03
 1.332499960E-04 8.615999832E-05 7.639200091E-01 -1.200900024E+03 -1.754099976E+03 2.925499878E+02 1.363999939E+02 -3.546000004E+00 -3.311000061E+01 4.787699878E-01 4.653699994E-01 1.221099985E-03
 1.352999971E-04 8.606399933E-05 7.659500241E-01 -4.185899902E+03 -1.080900024E+03 2.929100037E+02 1.347100067E+02 -3.383100033E+00 -2.809700012E+01 4.725300074E-01 4.671899974E-01 1.217799960E-03
 1.373499981E-04 8.596800035E-05 7.683299780E-01 -1.362400000E+04 2.068800049E+03 2.931099854E+02 1.329199982E+02 -3.691499949E+00 -3.805899811E+01 4.661299884E-01 4.689599872E-01 1.214100048E-03
 1.393999992E-04 8.587200136E-05 7.703400254E-01 -1.326300000E+04 2.148800049E+02 2.932399902E+02 1.312700043E+02 -3.668299913E+00 -9.910900116E+00 4.602299929E-01 4.704000056E-01 1.210900024E-03
 1.414500002E-04 8.577600238E-05 7.730600238E-01 -5.141500000E+03 1.964300036E+00 2.933999939E+02 1.297200012E+02 -3.508100033E+00 -4.727099895E+00 4.546599984E-01 4.723100066E-01 1.206599991E-03
 1.435000013E-04 8.568000339E-05 7.754399776E-01 -9.223099609E+03 -1.072400024E+03 2.937300110E+02 1.282799988E+02 -3.371299982E+00 -1.052799988E+01 4.493699968E-01 4.743100107E-01 1.202899963E-03
 1.455500023E-04 8.558399713E-05 7.774699926E-01 -1.037700000E+04 -1.040400000E+04 2.939299927E+02 1.268399963E+02 -3.145900011E+00 -3.504499912E+00 4.441500008E-01 4.758700132E-01 1.199800055E-03
 1.476000034E-04 8.548799815E-05 7.797700167E-01 -3.961199951E+03 -9.573099609E+03 2.940700073E+02 1.253300018E+02 -3.272000074E+00 -2.272999954E+01 4.387800097E-01 4.775100052E-01 1.196300029E-03
 1.496500045E-04 8.539199916E-05 7.813400030E-01 -1.079000000E+04 -3.546100098E+03 2.943800049E+02 1.240599976E+02 -3.499700069E+00 -2.422699928E+01 4.341199994E-01 4.789699912E-01 1.193800010E-03
 1.517000055E-04 8.529600018E-05 7.829200029E-01 -7.992100098E+03 -6.364399902E+03 2.945899963E+02 1.229199982E+02 -3.252700090E+00 -7.437300205E+00 4.299600124E-01 4.802699983E-01 1.191399992E-03
 1.537500066E-04 8.520000119E-05 7.847800255E-01 5.607000000E+03 -9.837599609E+03 2.947099915E+02 1.217600021E+02 -2.944499969E+00 -7.866399765E+00 4.257900119E-01 4.816200137E-01 1.188599970E-03
 1.557999931E-04 8.510400221E-05 7.862399817E-01 6.302500000E+03 -1.020800000E+04 2.948399963E+02 1.206800003E+02 -2.926500082E+00 -1.422900009E+01 4.219200015E-01 4.827199876E-01 1.186399953E-03
 1.578499941E-04 8.500800323E-05 7.871999741E-01 1.539400024E+03 -4.828299805E+03 2.950799866E+02 1.197500000E+02 -2.598599911E+00 1.029099941E+00 4.184800088E-01 4.837099910E-01 1.184999943E-03
 1.598999952E-04 8.491199696E-05 7.879499793E-01 -3.973800049E+03 3.383800049E+03 2.952900085E+02 1.189199982E+02 -2.323600054E+00 3.077899933E+00 4.153999984E-01 4.845100045E-01 1.183800050E-03
 1.619499963E-04 8.481599798E-05 7.894600034E-01 -9.120000000E+03 1.339500000E+03 2.953200073E+02 1.179899979E+02 -2.273200035E+00 -1.828100014E+01 4.121400118E-01 4.855000079E-01 1.181600033E-03
 1.639999973E-04 8.471999899E-05 7.909500003E-01 -6.859500000E+03 -6.402000000E+03 2.953099976E+02 1.171399994E+02 -2.196500063E+00 -2.034700012E+01 4.091500044E-01 4.864000082E-01 1.179300016E-03
 1.660499984E-04 8.462400001E-05 7.918800116E-01 -2.358500000E+03 -5.102600098E+02 2.954599915E+02 1.163600006E+02 -1.958099961E+00 -6.755400181E+00 4.063200057E-01 4.872100055E-01 1.178000006E-03
 1.680999994E-04 8.452800103E-05 7.925500274E-01 -7.548899902E+03 4.920600098E+03 2.956499939E+02 1.156399994E+02 -1.723199964E+00 -5.695300102E+00 4.036799967E-01 4.879400134E-01 1.176999998E-03
 1.701500005E-04 8.443200204E-05 7.938399911E-01 -7.086700195E+03 8.030800171E+02 2.956199951E+02 1.149700012E+02 -1.790099978E+00 3.477500081E-01 4.013400078E-01 4.886800051E-01 1.175099984E-03
 1.722000015E-04 8.433600306E-05 7.950800061E-01 -3.670100098E+03 -1.617500000E+03 2.956600037E+02 1.143499985E+02 -1.708400011E+00 3.443099976E+00 3.991500139E-01 4.895099998E-01 1.173199969E-03
 1.742500026E-04 8.423999680E-05 7.951899767E-01 -6.087899902E+03 3.033699951E+03 2.958099976E+02 1.138499985E+02 -1.295600057E+00 6.459900141E-01 3.972699940E-01 4.898299873E-01 1.172999968E-03
 1.763000037E-04 8.414399781E-05 7.955300212E-01 -9.676799805E+03 1.307800049E+03 2.958699951E+02 1.134599991E+02 -1.160500050E+00 -8.286999702E+00 3.958800137E-01 4.901399910E-01 1.172599965E-03
 1.783500047E-04 8.404799883E-05 7.960500121E-01 -1.163500000E+04 -2.312399902E+03 2.958999939E+02 1.133399963E+02 -9.068400264E-01 -4.875000000E+00 3.954299986E-01 4.905099869E-01 1.171799959E-03
 1.804000058E-04 8.395199984E-05 7.961500287E-01 -8.952900391E+03 -1.326099976E+03 2.959200134E+02 1.133300018E+02 -1.970400065E-01 8.582500458E+00 3.953700066E-01 4.905999899E-01 1.171599957E-03
 1.824500068E-04 8.385600086E-05 7.961400151E-01 -1.055000000E+04 3.373100098E+03 2.960400085E+02 1.131699982E+02 9.483100148E-04 9.125699997E+00 3.947300017E-01 4.907999933E-01 1.171699958E-03
 1.844999933E-04 8.376000187E-05 7.965400219E-01 -1.016600000E+04 -1.434099976E+03 2.961199951E+02 1.128799973E+02 7.346700132E-02 1.474400043E+01 3.936600089E-01 4.911800027E-01 1.171099953E-03
 1.865499944E-04 8.366400289E-05 7.967900038E-01 -6.460499878E+02 -5.597399902E+03 2.959899902E+02 1.126999969E+02 3.120700121E-01 5.891399860E+00 3.931300044E-01 4.911200106E-01 1.170699950E-03
 1.885999955E-04 8.356799663E-05 7.970700264E-01 5.578600098E+03 4.409700195E+03 2.958200073E+02 1.127099991E+02 7.726699710E-01 -9.320400238E+00 3.932999969E-01 4.909999967E-01 1.170299947E-03
 1.906499965E-04 8.347199764E-05 7.968999743E-01 2.692600098E+03 7.892299805E+03 2.958099976E+02 1.129300003E+02 1.313199997E+00 8.698999882E-01 3.940699995E-01 4.908800125E-01 1.170499949E-03
 1.926999976E-04 8.337599866E-05 7.963200212E-01 1.681000000E+03 3.666100098E+03 2.958500061E+02 1.133000031E+02 1.613800049E+00 1.168500042E+01 3.953399956E-01 4.905999899E-01 1.171399956E-03
 1.947499986E-04 8.327999967E-05 7.959799767E-01 5.879600098E+03 2.231399902E+03 2.957799988E+02 1.137799988E+02 2.207499981E+00 1.018599987E+01 3.971300125E-01 4.902699888E-01 1.171899959E-03
 1.967999997E-04 8.318400069E-05 7.950099707E-01 3.080600098E+03 5.007000000E+03 2.957200012E+02 1.145000000E+02 2.727699995E+00 6.052400112E+00 3.996900022E-01 4.895800054E-01 1.173299970E-03
 1.988500007E-04 8.308800170E-05 7.939800024E-01 -4.555600098E+03 -2.679899902E+02 2.956700134E+02 1.152399979E+02 3.038399935E+00 1.026000023E+01 4.023300111E-01 4.888499975E-01 1.174799982E-03
 2.009000018E-04 8.299200272E-05 7.929599881E-01 -1.084300000E+04 4.636000061E+02 2.955899963E+02 1.159700012E+02 3.477900028E+00 1.283399963E+01 4.049899876E-01 4.880900085E-01 1.176299993E-03
 2.029500029E-04 8.289599646E-05 7.918400168E-01 -1.035600000E+04 3.002899902E+03 2.955700073E+02 1.168399963E+02 3.923500061E+00 4.986999989E+00 4.081000090E-01 4.873700142E-01 1.178000006E-03
 2.050000039E-04 8.279999747E-05 7.914999723E-01 -5.554700195E+03 -1.754800049E+03 2.955400085E+02 1.172900009E+02 4.142799854E+00 3.562799931E+00 4.097200036E-01 4.871099889E-01 1.178500010E-03
 0.000000000E+00 8.849999722E-05 1.600700021E+00 -1.231900000E+05 -7.715000000E+04 3.000000000E+02 9.242500305E+01 1.303500056E+00 -1.612700043E+02 3.192000091E-01 9.975900054E-01 5.814600154E-04
 2.049999921E-06 8.857999637E-05 1.594300032E+00 -7.133100000E+04 -5.082100000E+04 2.993099976E+02 9.299099731E+01 1.535799980E+00 -7.215399933E+01 3.220899999E-01 9.925100207E-01 5.844599800E-04
 4.099999842E-06 8.866000280E-05 1.588199973E+00 -1.269900000E+04 -1.567100000E+04 2.984299927E+02 9.413999939E+01 1.894799948E+00 2.299300003E+01 3.271099925E-01 9.869999886E-01 5.873200134E-04
 6.149999990E-06 8.874000196E-05 1.587900043E+00 -4.524000000E+03 1.675800049E+03 2.980000000E+02 9.545800018E+01 2.101599932E+00 1.467599964E+01 3.319399953E-01 9.853600264E-01 5.874499911E-04
 8.199999684E-06 8.882000111E-05 1.585199952E+00 -5.942800293E+02 2.876100098E+03 2.976600037E+02 9.716899872E+01 2.356199980E+00 1.289500046E+01 3.381099999E-01 9.825900197E-01 5.884299753E-04
 1.024999983E-05 8.890000026E-05 1.581599951E+00 -2.234699951E+03 -2.128000000E+03 2.974899902E+02 9.912899780E+01 2.560699940E+00 -7.341199875E+00 3.450399935E-01 9.797800183E-01 5.897899973E-04
 1.229999998E-05 8.897999942E-05 1.577999949E+00 7.244799805E+02 2.294899902E+03 2.973200073E+02 1.012399979E+02 2.840300083E+00 -2.736499977E+01 3.524900079E-01 9.769899845E-01 5.911400076E-04
 1.435000013E-05 8.905999857E-05 1.573300004E+00 6.916000000E+03 3.000600098E+03 2.970100098E+02 1.036299973E+02 3.152400017E+00 -9.352200031E-01 3.610300124E-01 9.730600119E-01 5.928999744E-04
 1.639999937E-05 8.913999773E-05 1.568500042E+00 8.760000000E+03 6.052000000E+03 2.967300110E+02 1.062399979E+02 3.286000013E+00 2.831399918E+01 3.702999949E-01 9.692100286E-01 5.946999881E-04
 1.845000043E-05 8.921999688E-05 1.563300014E+00 -1.234900024E+03 1.136800000E+04 2.965400085E+02 1.090500031E+02 3.418900013E+00 8.764900208E+00 3.802300096E-01 9.653800130E-01 5.966799799E-04
 2.049999966E-05 8.930000331E-05 1.558099985E+00 -6.110000000E+03 1.088200000E+04 2.960400085E+02 1.119800034E+02 3.598999977E+00 -3.294100189E+01 3.908100128E-01 9.605000019E-01 5.986900069E-04
 2.255000072E-05 8.938000246E-05 1.552899957E+00 1.633000000E+04 1.256500000E+04 2.953999939E+02 1.151299973E+02 3.845200062E+00 -8.902899742E+00 4.022600055E-01 9.552000165E-01 6.006999756E-04
 2.459999996E-05 8.946000162E-05 1.545199990E+00 1.631000000E+04 1.076700000E+04 2.949500122E+02 1.187799988E+02 3.987799883E+00 9.614299774E+00 4.153200090E-01 9.490500093E-01 6.036799750E-04
 2.664999920E-05 8.954000077E-05 1.535899997E+00 3.127300110E+02 -4.652500000E+03 2.944599915E+02 1.228799973E+02 4.164500237E+00 1.931800079E+01 4.300000072E-01 9.418200254E-01 6.073199911E-04
 2.870000026E-05 8.961999993E-05 1.526000023E+00 7.839400024E+02 -1.452600000E+04 2.938500061E+02 1.273199997E+02 4.414899826E+00 3.447399902E+01 4.460299909E-01 9.337400198E-01 6.112899864E-04
 3.075000132E-05 8.969999908E-05 1.515100002E+00 1.337200000E+04 3.898299866E+02 2.931400146E+02 1.321300049E+02 4.509900093E+00 1.350000000E+01 4.634400010E-01 9.248300195E-01 6.156999734E-04
 3.279999873E-05 8.977999823E-05 1.501600027E+00 1.679600000E+04 -3.723500061E+02 2.924400024E+02 1.375200043E+02 4.618000031E+00 2.830299950E+01 4.828999937E-01 9.144099951E-01 6.212299922E-04
 3.484999979E-05 8.985999739E-05 1.485999942E+00 1.808000000E+04 -1.479900024E+03 2.915299988E+02 1.435099945E+02 4.893199921E+00 5.775500107E+01 5.047299862E-01 9.021199942E-01 6.277500070E-04
 3.690000085E-05 8.993999654E-05 1.470399976E+00 2.565300000E+04 2.466300049E+03 2.903599854E+02 1.500700073E+02 5.216599941E+00 4.216999817E+01 5.288900137E-01 8.890600204E-01 6.343999994E-04
 3.894999827E-05 9.002000297E-05 1.451200008E+00 1.954800000E+04 -1.088900000E+04 2.891199951E+02 1.574900055E+02 5.506100178E+00 5.516099930E+01 5.562199950E-01 8.736900091E-01 6.428299821E-04
 4.099999933E-05 9.010000213E-05 1.427000046E+00 2.840800000E+04 2.839599915E+02 2.875599976E+02 1.660299988E+02 5.751299858E+00 2.470800018E+01 5.879899859E-01 8.544999957E-01 6.537499721E-04
 4.305000039E-05 9.018000128E-05 1.399600029E+00 4.289100000E+04 1.467000000E+04 2.855599976E+02 1.755599976E+02 5.686699867E+00 -2.916699886E+00 6.238600016E-01 8.322799802E-01 6.665600231E-04
 4.510000144E-05 9.026000043E-05 1.367300034E+00 4.227900000E+04 1.327700000E+04 2.832200012E+02 1.859799957E+02 5.619699955E+00 1.933099985E+00 6.635800004E-01 8.064200282E-01 6.823500153E-04
 4.714999886E-05 9.033999959E-05 1.327399969E+00 4.913400000E+04 1.439599976E+03 2.803800049E+02 1.983899994E+02 5.383999825E+00 -2.454600096E+00 7.113800049E-01 7.750800252E-01 7.029499975E-04
 4.919999992E-05 9.041999874E-05 1.279600024E+00 6.665800000E+04 -1.734000000E+04 2.770400085E+02 2.127500000E+02 4.915100098E+00 -5.034599781E+00 7.673900127E-01 7.382799983E-01 7.292900118E-04
 5.125000098E-05 9.049999790E-05 1.223600030E+00 6.944100000E+04 -1.397800000E+04 2.730499878E+02 2.287500000E+02 4.181099892E+00 -3.900600052E+01 8.310999870E-01 6.958500147E-01 7.628399762E-04
 5.329999840E-05 9.042800230E-05 1.158400059E+00 7.113200000E+04 -3.989899902E+03 2.680599976E+02 2.466300049E+02 2.719799995E+00 -7.132800293E+01 9.042900205E-01 6.468300223E-01 8.059599786E-04
 5.534999946E-05 9.035599942E-05 1.087900043E+00 7.249300000E+04 -1.043700000E+04 2.622999878E+02 2.653099976E+02 6.064199805E-01 -8.746900177E+01 9.833899736E-01 5.944700241E-01 8.583299932E-04
 5.740000051E-05 9.028399654E-05 1.011899948E+00 6.269800000E+04 -2.130800000E+04 2.561099854E+02 2.844700012E+02 -2.135900021E+00 -6.640100098E+01 1.067100048E+00 5.399600267E-01 9.232499870E-04
 5.945000157E-05 9.021200094E-05 9.335399866E-01 5.706600000E+04 -1.421300000E+04 2.496900024E+02 3.033299866E+02 -5.354800224E+00 -6.159899902E+01 1.152500033E+00 4.856599867E-01 1.000900054E-03
 6.150000263E-05 9.013999806E-05 8.601300120E-01 4.039200000E+04 -4.833299805E+03 2.431199951E+02 3.207900085E+02 -8.687999725E+00 -7.890000153E+01 1.235499978E+00 4.356999993E-01 1.086300006E-03
 6.354999641E-05 9.006800246E-05 7.903100252E-01 2.945400000E+04 -1.045600000E+04 2.364799957E+02 3.374899902E+02 -1.195199966E+01 -7.865000153E+01 1.318300009E+00 3.894299865E-01 1.182600041E-03
 6.559999747E-05 8.999599959E-05 7.244799733E-01 2.599600000E+04 -9.460599609E+03 2.300200043E+02 3.533999939E+02 -1.503199959E+01 -4.517499924E+01 1.399999976E+00 3.472200036E-01 1.290000044E-03
 6.764999853E-05 8.992399671E-05 6.655300260E-01 4.075500000E+03 -6.831299805E+03 2.238300018E+02 3.678599854E+02 -1.757600021E+01 -1.826899910E+01 1.477599978E+00 3.103800118E-01 1.403999981E-03
 6.969999959E-05 8.985200111E-05 6.121699810E-01 -1.614600000E+04 -7.039899902E+03 2.179600067E+02 3.807900085E+02 -1.963100052E+01 -7.485400200E+00 1.550300002E+00 2.780100107E-01 1.526399981E-03
 7.175000064E-05 8.977999823E-05 5.642099977E-01 -2.405900000E+04 -4.161100098E+03 2.123899994E+02 3.924500122E+02 -2.148200035E+01 2.671799898E+00 1.618899941E+00 2.496600002E-01 1.655900036E-03
 7.380000170E-05 8.970800263E-05 5.229399800E-01 -3.397500000E+04 -4.706500000E+03 2.071300049E+02 4.029800110E+02 -2.296400070E+01 6.226399913E-02 1.683400035E+00 2.256599963E-01 1.786099980E-03
 7.585000276E-05 8.963599976E-05 4.859600067E-01 -4.795600000E+04 -3.406500000E+03 2.023000031E+02 4.126000061E+02 -2.392200089E+01 1.096500015E+01 1.744099975E+00 2.048099935E-01 1.922199968E-03
 7.789999654E-05 8.956399688E-05 4.525800049E-01 -6.331000000E+04 5.367500000E+02 1.979799957E+02 4.211099854E+02 -2.461899948E+01 3.025300026E+01 1.799399972E+00 1.866499931E-01 2.063499996E-03
 7.994999760E-05 8.949200128E-05 4.232099950E-01 -7.303300000E+04 3.129899902E+03 1.940500031E+02 4.287200012E+02 -2.495000076E+01 4.774599838E+01 1.850399971E+00 1.710699946E-01 2.206499921E-03
 8.199999866E-05 8.941999840E-05 3.975400031E-01 -8.610000000E+04 5.823200195E+03 1.904299927E+02 4.356400146E+02 -2.512100029E+01 5.445600128E+01 1.897899985E+00 1.576900035E-01 2.348399954E-03
 8.404999971E-05 8.934800280E-05 3.753499985E-01 -9.739300000E+04 3.720399902E+03 1.871499939E+02 4.417900085E+02 -2.502199936E+01 4.539699936E+01 1.941400051E+00 1.463100016E-01 2.487099962E-03
 8.610000077E-05 8.927599993E-05 3.557400107E-01 -1.019300000E+05 6.708100098E+03 1.841100006E+02 4.474800110E+02 -2.448600006E+01 4.930799866E+01 1.982300043E+00 1.364099979E-01 2.623900073E-03
 8.815000183E-05 8.920399705E-05 3.386999965E-01 -1.105100000E+05 1.148600000E+04 1.814299927E+02 4.525899963E+02 -2.355800056E+01 5.918299866E+01 2.019399881E+00 1.279799938E-01 2.755600028E-03
 9.020000289E-05 8.913200145E-05 3.237699866E-01 -1.225700000E+05 9.436200195E+03 1.790899963E+02 4.569800110E+02 -2.243700027E+01 4.873099899E+01 2.051899910E+00 1.207600012E-01 2.882400062E-03
 9.224999667E-05 8.905999857E-05 3.110100031E-01 -1.325900000E+05 8.901700195E+03 1.769600067E+02 4.605599976E+02 -2.136899948E+01 4.189500046E+01 2.080100060E+00 1.146200001E-01 3.000299912E-03
 9.429999773E-05 8.898800297E-05 2.998600006E-01 -1.337100000E+05 9.824299805E+03 1.750200043E+02 4.638500061E+02 -1.994099998E+01 4.714799881E+01 2.106199980E+00 1.092899963E-01 3.111799946E-03
 9.634999878E-05 8.891600010E-05 2.898100019E-01 -1.351100000E+05 1.013200000E+04 1.732400055E+02 4.670499878E+02 -1.860799980E+01 4.626699829E+01 2.131299973E+00 1.045600027E-01 3.219499951E-03
 9.839999984E-05 8.884399722E-05 2.812500000E-01 -1.420500000E+05 1.026800000E+04 1.717599945E+02 4.695100098E+02 -1.725600052E+01 4.833300018E+01 2.151499987E+00 1.005999967E-01 3.317299997E-03
 1.004500009E-04 8.877200162E-05 2.738600075E-01 -1.601100000E+05 1.174100000E+04 1.707500000E+02 4.712999878E+02 -1.563500023E+01 5.627000046E+01 2.165800095E+00 9.738100320E-02 3.406699980E-03
 1.025000020E-04 8.869999874E-05 2.672199905E-01 -1.774300000E+05 1.233100000E+04 1.698699951E+02 4.729899902E+02 -1.451000023E+01 5.387400055E+01 2.178999901E+00 9.452600032E-02 3.491299925E-03
 1.045500030E-04 8.862800314E-05 2.614099979E-01 -1.858400000E+05 9.855599609E+03 1.689499969E+02 4.743800049E+02 -1.360900021E+01 4.481900024E+01 2.191200018E+00 9.196899831E-02 3.568799933E-03
 1.065999968E-04 8.855600026E-05 2.565400004E-01 -2.016300000E+05 8.501000000E+03 1.682599945E+02 4.754500122E+02 -1.288899994E+01 3.258000183E+01 2.200500011E+00 8.988899738E-02 3.636399982E-03
 1.086499979E-04 8.848399739E-05 2.521199882E-01 -2.168900000E+05 4.919399902E+03 1.677899933E+02 4.765899963E+02 -1.220300007E+01 2.374900055E+01 2.208800077E+00 8.809199929E-02 3.700099885E-03
 1.106999989E-04 8.841200179E-05 2.479500026E-01 -2.257900000E+05 3.557899902E+03 1.672899933E+02 4.777999878E+02 -1.144799995E+01 2.677300072E+01 2.217600107E+00 8.637899905E-02 3.762299893E-03
 1.127500000E-04 8.833999891E-05 2.441799939E-01 -2.523500000E+05 3.307699951E+03 1.670700073E+02 4.784200134E+02 -1.108899975E+01 2.712500000E+01 2.221999884E+00 8.495000005E-02 3.820399987E-03
 1.148000010E-04 8.826800331E-05 2.416599989E-01 -3.194300000E+05 2.843399902E+03 1.681399994E+02 4.767200012E+02 -1.091699982E+01 1.810300064E+01 2.207000017E+00 8.461000025E-02 3.860000055E-03
 1.168500021E-04 8.819600043E-05 2.488099933E-01 -6.499400000E+05 2.006599976E+03 1.783000031E+02 4.578599854E+02 -1.075699997E+01 4.460100174E+00 2.062400103E+00 9.252999723E-02 3.752900055E-03
 1.189000031E-04 8.812399756E-05 3.003900051E-01 -1.243100000E+06 4.303500000E+03 2.132200012E+02 3.827600098E+02 -1.036400032E+01 1.513399982E+01 1.597000003E+00 1.357199997E-01 3.172500059E-03
 1.209499969E-04 8.805200196E-05 4.404700100E-01 -1.056400000E+06 8.527400391E+03 2.572399902E+02 2.652000122E+02 -8.212900162E+00 6.861799622E+01 1.002599955E+00 2.396100014E-01 2.224199940E-03
 1.230000053E-04 8.797999908E-05 6.156299710E-01 -3.242200000E+05 1.130600000E+04 2.815599976E+02 1.810099945E+02 -5.231599808E+00 7.001499939E+01 6.487500072E-01 3.619500101E-01 1.540399971E-03
 1.250500063E-04 8.790800348E-05 7.185299993E-01 -5.831000000E+04 4.879600098E+03 2.894200134E+02 1.503200073E+02 -3.606600046E+00 1.542500019E+01 5.305200219E-01 4.331400096E-01 1.299700001E-03
 1.270999928E-04 8.783600060E-05 7.481499910E-01 -1.970500000E+04 -8.197500000E+03 2.915299988E+02 1.423399963E+02 -2.958499908E+00 -1.653199959E+01 5.004400015E-01 4.541899860E-01 1.246899948E-03
 1.291499939E-04 8.776399773E-05 7.563899755E-01 -5.211200195E+03 -6.008899902E+03 2.920899963E+02 1.393300018E+02 -2.707799911E+00 -2.040399933E+01 4.893499911E-01 4.600700140E-01 1.233199961E-03
 1.311999949E-04 8.769200213E-05 7.610099912E-01 -8.081899902E+03 -1.205599976E+03 2.923900146E+02 1.372899933E+02 -2.762799978E+00 -1.387300014E+01 4.819400012E-01 4.633600116E-01 1.225800021E-03
 1.332499960E-04 8.761999925E-05 7.641299963E-01 -5.668899902E+03 -4.195100098E+03 2.925299988E+02 1.356799927E+02 -2.717799902E+00 -1.715200043E+01 4.761700034E-01 4.654799998E-01 1.220699982E-03
 1.352999971E-04 8.754799637E-05 7.663000226E-01 -1.949900024E+03 -3.662699951E+03 2.928099976E+02 1.341399994E+02 -2.456599951E+00 -1.677300072E+01 4.705300033E-01 4.672400057E-01 1.217299956E-03
 1.373499981E-04 8.747600077E-05 7.680400014E-01 -1.322800000E+04 -4.599700195E+03 2.931900024E+02 1.324199982E+02 -2.592400074E+00 -2.007399940E+01 4.642300010E-01 4.689100087E-01 1.214500051E-03
 1.393999992E-04 8.740399790E-05 7.702999711E-01 -1.354500000E+04 -5.420399902E+03 2.934100037E+02 1.306499939E+02 -2.675699949E+00 -6.504899979E+00 4.578500092E-01 4.706499875E-01 1.211000024E-03
 1.414500002E-04 8.733200229E-05 7.729099989E-01 -1.194500000E+04 1.136000000E+03 2.934899902E+02 1.290000000E+02 -2.610699892E+00 2.802700043E+00 4.519999921E-01 4.723699987E-01 1.206899993E-03
 1.435000013E-04 8.725999942E-05 7.753199935E-01 -1.067700000E+04 1.780500000E+03 2.936600037E+02 1.274899979E+02 -2.503400087E+00 -8.251100183E-01 4.465700090E-01 4.741199911E-01 1.203099964E-03
 1.455500023E-04 8.718799654E-05 7.773500085E-01 -9.574400391E+03 -3.955399902E+03 2.939100037E+02 1.260999985E+02 -2.321899891E+00 5.143199921E+00 4.415099919E-01 4.757699966E-01 1.200000057E-03
 1.476000034E-04 8.711600094E-05 7.788900137E-01 -1.183600000E+04 -4.939899902E+03 2.942500000E+02 1.249100037E+02 -2.500099897E+00 -7.423600197E+00 4.370799959E-01 4.772599936E-01 1.197600039E-03
 1.496500045E-04 8.704399806E-05 7.809000015E-01 -1.236500000E+04 -3.927699951E+03 2.945199890E+02 1.236999969E+02 -2.732300043E+00 -2.549600029E+01 4.327000082E-01 4.789299965E-01 1.194500015E-03
 1.517000055E-04 8.697200246E-05 7.829999924E-01 -7.339399902E+03 -2.310100098E+03 2.945599976E+02 1.224899979E+02 -2.502099991E+00 -2.057999992E+01 4.284000099E-01 4.802800119E-01 1.191299991E-03
 1.537500066E-04 8.689999959E-05 7.843599916E-01 5.466500244E+02 -5.343500000E+03 2.946499939E+02 1.213700027E+02 -2.178100109E+00 -1.343200016E+01 4.243899882E-01 4.812699854E-01 1.189199975E-03
 1.557999931E-04 8.682799671E-05 7.859600186E-01 1.317599976E+03 -1.143200000E+04 2.947900085E+02 1.202099991E+02 -2.152400017E+00 -1.515499973E+01 4.202400148E-01 4.824700058E-01 1.186799956E-03
 1.578499941E-04 8.675600111E-05 7.870900035E-01 -6.236700195E+03 -1.063100000E+04 2.950100098E+02 1.191900024E+02 -1.929700017E+00 -6.629899979E+00 4.165199995E-01 4.835200012E-01 1.185099944E-03
 1.598999952E-04 8.668399823E-05 7.876200080E-01 -1.014900000E+04 -1.697099976E+03 2.953299866E+02 1.184400024E+02 -1.685799956E+00 -2.954900026E+00 4.136700034E-01 4.843699932E-01 1.184300054E-03
 1.619499963E-04 8.661200263E-05 7.892299891E-01 -9.572299805E+03 4.415299805E+03 2.954299927E+02 1.175899963E+02 -1.660899997E+00 -1.504199982E+01 4.106000066E-01 4.855400026E-01 1.181900036E-03
 1.639999973E-04 8.653999976E-05 7.905200124E-01 -7.655899902E+03 1.881300049E+03 2.953999939E+02 1.167900009E+02 -1.644799948E+00 -7.937099934E+00 4.078400135E-01 4.862799942E-01 1.180000021E-03
 1.660499984E-04 8.646799688E-05 7.912099957E-01 1.007900024E+03 -4.723800049E+02 2.953999939E+02 1.161500015E+02 -1.427800059E+00 4.677700043E+00 4.056000113E-01 4.866999984E-01 1.178900013E-03
 1.680999994E-04 8.639600128E-05 7.924500108E-01 -1.524000000E+03 2.495699951E+03 2.955799866E+02 1.155100021E+02 -1.322900057E+00 6.721300125E+00 4.032399952E-01 4.877699912E-01 1.177099999E-03
 1.701500005E-04 8.632399840E-05 7.936800122E-01 -4.111500000E+03 4.899399902E+03 2.957300110E+02 1.149400024E+02 -1.420199990E+00 3.669600010E+00 4.011299908E-01 4.887700081E-01 1.175299985E-03
 1.722000015E-04 8.625200280E-05 7.943099737E-01 -6.050299805E+03 -1.171000000E+03 2.957300110E+02 1.143099976E+02 -1.177600026E+00 -1.712399960E+00 3.989300132E-01 4.891499877E-01 1.174399978E-03
 1.742500026E-04 8.617999993E-05 7.947499752E-01 -9.930900391E+03 -2.898399902E+03 2.957799988E+02 1.136600037E+02 -8.331099749E-01 -6.927899837E+00 3.966299891E-01 4.895099998E-01 1.173699973E-03
 1.763000037E-04 8.610799705E-05 7.951300144E-01 -8.618599609E+03 2.387100098E+03 2.958099976E+02 1.131800003E+02 -9.350500107E-01 -9.928000450E+00 3.949300051E-01 4.897800088E-01 1.173099969E-03
 1.783500047E-04 8.603600145E-05 7.953600287E-01 -8.305700195E+03 -2.654699951E+03 2.958599854E+02 1.129000015E+02 -8.398100138E-01 -3.510299921E+00 3.939299881E-01 4.900200069E-01 1.172799966E-03
 1.804000058E-04 8.596399857E-05 7.954599857E-01 -4.591799805E+03 -5.284399902E+03 2.959500122E+02 1.128099976E+02 -1.490000039E-01 7.966400146E+00 3.935399950E-01 4.902299941E-01 1.172699966E-03
 1.824500068E-04 8.589200297E-05 7.957999706E-01 -2.533899902E+03 3.353300049E+03 2.960100098E+02 1.127900009E+02 2.028400004E-01 1.440100002E+01 3.934200108E-01 4.905300140E-01 1.172199962E-03
 1.844999933E-04 8.582000009E-05 7.967900038E-01 -3.617399902E+02 2.820899963E+02 2.959400024E+02 1.125800018E+02 2.544200122E-01 1.270600033E+01 3.927499950E-01 4.910399914E-01 1.170699950E-03
 1.865499944E-04 8.574799722E-05 7.962300181E-01 3.106099854E+02 -2.581300049E+03 2.959299927E+02 1.125899963E+02 3.569900095E-01 4.421700001E+00 3.927899897E-01 4.906600118E-01 1.171499956E-03
 1.885999955E-04 8.567600162E-05 7.956399918E-01 -2.425300049E+03 3.384800049E+03 2.959100037E+02 1.128199997E+02 6.054800153E-01 -1.565199971E+00 3.935999870E-01 4.902800024E-01 1.172399963E-03
 1.906499965E-04 8.560399874E-05 7.961400151E-01 -4.083800049E+03 3.067300049E+03 2.958800049E+02 1.130599976E+02 9.787799716E-01 -5.125800133E+00 3.944900036E-01 4.905200005E-01 1.171699958E-03
 1.926999976E-04 8.553200314E-05 7.960100174E-01 -4.068599854E+02 8.221199951E+02 2.957500000E+02 1.133700027E+02 1.344200015E+00 -4.574200153E+00 3.956399858E-01 4.902400076E-01 1.171799959E-03
 1.947499986E-04 8.546000026E-05 7.956699729E-01 2.119800049E+03 4.313299866E+02 2.956400146E+02 1.137200012E+02 1.697900057E+00 1.589000034E+01 3.969799876E-01 4.898400009E-01 1.172299962E-03
 1.967999997E-04 8.538799739E-05 7.947300076E-01 -2.288000000E+03 1.376400024E+03 2.957000122E+02 1.143899994E+02 1.990700006E+00 1.766600037E+01 3.992800117E-01 4.893699884E-01 1.173699973E-03
 1.988500007E-04 8.531600179E-05 7.932999730E-01 -5.592600098E+03 -2.059199951E+03 2.956000061E+02 1.153000031E+02 2.283299923E+00 7.144499779E+00 4.025599957E-01 4.883199930E-01 1.175799989E-03
 2.009000018E-04 8.524399891E-05 7.924799919E-01 -8.116000000E+03 -4.776100098E+03 2.955000000E+02 1.162600021E+02 2.632299900E+00 6.831200123E+00 4.059799910E-01 4.876500070E-01 1.177099999E-03
 2.029500029E-04 8.517200331E-05 7.917699814E-01 -2.103199951E+03 -1.247000000E+03 2.954700012E+02 1.171999969E+02 3.029900074E+00 7.872000337E-02 4.093199968E-01 4.871599972E-01 1.178100007E-03
 2.050000039E-04 8.510000043E-05 7.911400199E-01 5.272600098E+03 3.215000000E+02 2.953999939E+02 1.176900024E+02 3.233799934E+00 -3.923099995E+00 4.111000001E-01 4.866600037E-01 1.179100014E-03
 0.000000000E+00 8.966700261E-05 1.600700021E+00 -9.759400000E+04 -1.048800000E+05 3.000000000E+02 9.378099823E+01 1.477699995E+00 -5.634900093E+00 3.226599991E-01 9.956300259E-01 5.818399950E-04
 2.049999921E-06 8.972000069E-05 1.595199943E+00 -5.657700000E+04 -6.389900000E+04 2.991799927E+02 9.386599731E+01 1.358299971E+00 -1.174400043E+01 3.245500028E-01 9.916700125E-01 5.843000254E-04
 4.099999842E-06 8.977299876E-05 1.590199947E+00 -9.116099609E+03 -7.092399902E+03 2.981300049E+02 9.440599823E+01 1.305899978E+00 2.916300058E+00 3.281599879E-01 9.872599840E-01 5.865800194E-04
 6.149999990E-06 8.982700092E-05 1.588799953E+00 -4.121899902E+03 1.051000000E+04 2.977500000E+02 9.554100037E+01 1.406299949E+00 3.718899965E+00 3.323299885E-01 9.851199985E-01 5.870999885E-04
 8.199999684E-06 8.987999900E-05 1.584699988E+00 -6.926000000E+03 6.857799805E+03 2.975799866E+02 9.709500122E+01 1.591799974E+00 2.178400040E+00 3.378399909E-01 9.820200205E-01 5.886299768E-04
 1.024999983E-05 8.993299707E-05 1.580700040E+00 -8.921799805E+03 1.683699951E+03 2.975100098E+02 9.903299713E+01 1.659999967E+00 -4.922900200E+00 3.446199894E-01 9.793099761E-01 5.901100230E-04
 1.229999998E-05 8.998699923E-05 1.576500058E+00 -1.278100000E+04 1.019600000E+04 2.974299927E+02 1.012300034E+02 1.854599953E+00 -2.928499985E+01 3.523199856E-01 9.764199853E-01 5.917000235E-04
 1.435000013E-05 9.003999730E-05 1.572100043E+00 -1.430400000E+04 1.254700000E+04 2.971600037E+02 1.035500031E+02 2.131900072E+00 7.972899914E+00 3.605999947E-01 9.728099704E-01 5.933499779E-04
 1.639999937E-05 9.009300265E-05 1.568099976E+00 3.597699951E+03 9.075900391E+03 2.967099915E+02 1.061100006E+02 2.171499968E+00 3.569100189E+01 3.697699904E-01 9.688599706E-01 5.948700127E-04
 1.845000043E-05 9.014699754E-05 1.562700033E+00 3.681600098E+03 1.430700000E+04 2.963999939E+02 1.090000000E+02 2.262000084E+00 1.710700035E+01 3.800599873E-01 9.645199776E-01 5.969299818E-04
 2.049999966E-05 9.020000289E-05 1.557800055E+00 -1.990800049E+03 6.250399902E+03 2.959700012E+02 1.120000000E+02 2.433099985E+00 -1.814100075E+01 3.907899857E-01 9.601100087E-01 5.987900076E-04
 2.255000072E-05 9.025300096E-05 1.553300023E+00 1.350800000E+04 5.175700195E+03 2.953900146E+02 1.151100006E+02 2.618200064E+00 -1.776000023E+01 4.020600021E-01 9.554399848E-01 6.005400210E-04
 2.459999996E-05 9.030700312E-05 1.545600057E+00 1.412700000E+04 1.019400000E+04 2.949200134E+02 1.187500000E+02 2.629699945E+00 1.770499992E+01 4.151099920E-01 9.491800070E-01 6.035399856E-04
 2.664999920E-05 9.036000120E-05 1.535799980E+00 7.081700195E+03 -8.320099609E+03 2.945199890E+02 1.229599991E+02 2.736399889E+00 2.035499954E+01 4.300999939E-01 9.419299960E-01 6.073599798E-04
 2.870000026E-05 9.041299927E-05 1.525500059E+00 1.436199951E+03 -1.666400000E+04 2.938900146E+02 1.274499969E+02 2.968899965E+00 6.316899776E+00 4.462899864E-01 9.335799813E-01 6.114899879E-04
 3.075000132E-05 9.046700143E-05 1.514700055E+00 1.001700000E+04 2.028900024E+03 2.930100098E+02 1.321799927E+02 3.037600040E+00 1.726099968E+01 4.635500014E-01 9.242500067E-01 6.158199976E-04
 3.279999873E-05 9.051999950E-05 1.501500010E+00 1.944400000E+04 5.005500000E+03 2.923200073E+02 1.374499969E+02 3.047899961E+00 1.289700031E+01 4.826099873E-01 9.139699936E-01 6.212699809E-04
 3.484999979E-05 9.057299758E-05 1.485599995E+00 2.447600000E+04 -1.247300000E+04 2.915899963E+02 1.433000031E+02 3.251399994E+00 1.625399971E+01 5.037699938E-01 9.020599723E-01 6.279299851E-04
 3.690000085E-05 9.062699974E-05 1.469499946E+00 2.328100000E+04 -1.496100000E+04 2.904800110E+02 1.498300018E+02 3.525399923E+00 3.649000168E+01 5.277600288E-01 8.889399767E-01 6.347799790E-04
 3.894999827E-05 9.067999781E-05 1.450500011E+00 2.157400000E+04 -1.226100000E+04 2.890799866E+02 1.573699951E+02 3.671999931E+00 3.279700089E+01 5.556700230E-01 8.731399775E-01 6.431500078E-04
 4.099999933E-05 9.073300316E-05 1.426800013E+00 3.938000000E+04 -1.153900000E+04 2.873900146E+02 1.660899963E+02 3.797399998E+00 1.241300011E+01 5.881599784E-01 8.539100289E-01 6.537999725E-04
 4.305000039E-05 9.078699804E-05 1.399999976E+00 4.806000000E+04 6.365799805E+03 2.854400024E+02 1.757299957E+02 3.826400042E+00 6.017000198E+00 6.244300008E-01 8.321800232E-01 6.663500099E-04
 4.510000144E-05 9.084000339E-05 1.367100000E+00 4.432400000E+04 9.917099609E+03 2.832000122E+02 1.863800049E+02 3.777299881E+00 6.654500008E+00 6.648700237E-01 8.062499762E-01 6.824600277E-04
 4.714999886E-05 9.089300147E-05 1.327000022E+00 4.941100000E+04 -4.923299805E+03 2.804200134E+02 1.987700043E+02 3.502199888E+00 1.978000069E+01 7.125499845E-01 7.749400139E-01 7.031399873E-04
 4.919999992E-05 9.094700363E-05 1.280400038E+00 5.879200000E+04 -1.555500000E+04 2.770799866E+02 2.127799988E+02 3.276099920E+00 1.760400009E+01 7.673500180E-01 7.388799787E-01 7.287900080E-04
 5.125000098E-05 9.100000170E-05 1.225000024E+00 5.988600000E+04 -6.860299805E+03 2.730400085E+02 2.287200012E+02 2.831199884E+00 -3.144700050E+01 8.309199810E-01 6.966199875E-01 7.619700045E-04
 5.329999840E-05 9.095200221E-05 1.159700036E+00 6.198100000E+04 4.982500000E+03 2.681099854E+02 2.465500031E+02 1.772400022E+00 -4.521900177E+01 9.038800001E-01 6.476799846E-01 8.050699835E-04
 5.534999946E-05 9.090400272E-05 1.089400053E+00 6.944700000E+04 -2.742300049E+03 2.625700073E+02 2.648699951E+02 3.378399909E-01 -4.374200058E+01 9.812200069E-01 5.958499908E-01 8.571799845E-04
 5.740000051E-05 9.085600323E-05 1.014700055E+00 7.093900000E+04 -1.329000000E+04 2.563399963E+02 2.836700134E+02 -1.381999969E+00 -4.393500137E+01 1.063599944E+00 5.418999791E-01 9.207099793E-04
 5.945000157E-05 9.080799646E-05 9.372400045E-01 6.802900000E+04 -1.014100000E+04 2.497799988E+02 3.026900024E+02 -3.436700106E+00 -3.479999924E+01 1.149799943E+00 4.877400100E-01 9.969200473E-04
 6.150000263E-05 9.075999697E-05 8.632599711E-01 5.441700000E+04 -8.093600098E+03 2.432799988E+02 3.204700012E+02 -5.796400070E+00 -4.212200165E+01 1.233600020E+00 4.375700057E-01 1.082399976E-03
 6.354999641E-05 9.071199747E-05 7.932599783E-01 3.523300000E+04 -1.354400000E+04 2.367700043E+02 3.371300049E+02 -7.985499859E+00 -4.443799973E+01 1.315600038E+00 3.913500011E-01 1.178100007E-03
 6.559999747E-05 9.066399798E-05 7.276600003E-01 1.911800000E+04 -1.144700000E+04 2.303000031E+02 3.529700012E+02 -9.974699974E+00 -1.257999992E+01 1.396800041E+00 3.491699994E-01 1.284300000E-03
 6.764999853E-05 9.061599849E-05 6.677899957E-01 7.229700195E+03 -1.102500000E+04 2.240399933E+02 3.674100037E+02 -1.171399975E+01 1.385699987E+00 1.474200010E+00 3.117299974E-01 1.399399946E-03
 6.969999959E-05 9.056799900E-05 6.143199801E-01 -5.201600098E+03 -5.528299805E+03 2.181300049E+02 3.804100037E+02 -1.298700047E+01 -8.135700226E+00 1.547000051E+00 2.791900039E-01 1.521000057E-03
 7.175000064E-05 9.051999950E-05 5.670199990E-01 -1.508600000E+04 -2.223800087E+01 2.125700073E+02 3.922099915E+02 -1.423299980E+01 -3.423300028E+00 1.615800023E+00 2.511099875E-01 1.647599973E-03
 7.380000170E-05 9.047200001E-05 5.248299837E-01 -2.676900000E+04 -5.751199951E+02 2.073899994E+02 4.028599854E+02 -1.545100021E+01 1.211300015E+00 1.680400014E+00 2.267600000E-01 1.779900049E-03
 7.585000276E-05 9.042400052E-05 4.873200059E-01 -4.534200000E+04 -2.946699951E+03 2.025000000E+02 4.126499939E+02 -1.593000031E+01 7.177499771E+00 1.741799951E+00 2.055799961E-01 1.916700043E-03
 7.789999654E-05 9.037600103E-05 4.540399909E-01 -5.770800000E+04 -3.143000000E+03 1.980099945E+02 4.213800049E+02 -1.622800064E+01 9.354999542E+00 1.798699975E+00 1.872799993E-01 2.056899946E-03
 7.994999760E-05 9.032800153E-05 4.245499969E-01 -7.188200000E+04 3.401000000E+03 1.939400024E+02 4.290899963E+02 -1.663599968E+01 1.577799988E+01 1.850800037E+00 1.715099961E-01 2.199500101E-03
 8.199999866E-05 9.028000204E-05 3.987900019E-01 -8.454800000E+04 6.118799805E+03 1.903200073E+02 4.362200012E+02 -1.686400032E+01 2.902499962E+01 1.899299979E+00 1.580899954E-01 2.341199899E-03
 8.404999971E-05 9.023200255E-05 3.760299981E-01 -9.143600000E+04 3.094000000E+03 1.870500031E+02 4.426400146E+02 -1.682900047E+01 2.757200050E+01 1.943899989E+00 1.465000063E-01 2.482699929E-03
 8.610000077E-05 9.018400306E-05 3.557200134E-01 -1.023800000E+05 6.405799805E+03 1.839700012E+02 4.482600098E+02 -1.649600029E+01 3.647000122E+01 1.984899998E+00 1.362999976E-01 2.624100074E-03
 8.815000183E-05 9.013600356E-05 3.381699920E-01 -1.152400000E+05 8.548500000E+03 1.812500000E+02 4.531000061E+02 -1.585999966E+01 5.681299973E+01 2.021199942E+00 1.276499927E-01 2.760000061E-03
 9.020000289E-05 9.008799680E-05 3.229399920E-01 -1.222900000E+05 7.567899902E+03 1.788399963E+02 4.575899963E+02 -1.519600010E+01 4.598699951E+01 2.054699898E+00 1.202900037E-01 2.889900003E-03
 9.224999667E-05 9.003999730E-05 3.096899986E-01 -1.297200000E+05 8.499700195E+03 1.767200012E+02 4.614700012E+02 -1.457699966E+01 1.902799988E+01 2.084399939E+00 1.139800027E-01 3.013199894E-03
 9.429999773E-05 8.999199781E-05 2.982499897E-01 -1.365500000E+05 7.710000000E+03 1.747899933E+02 4.646600037E+02 -1.347099972E+01 1.824300003E+01 2.110199928E+00 1.085700020E-01 3.128600074E-03
 9.634999878E-05 8.994399832E-05 2.882600129E-01 -1.420100000E+05 6.947899902E+03 1.730299988E+02 4.677099915E+02 -1.243099976E+01 2.840800095E+01 2.134700060E+00 1.038699970E-01 3.236799967E-03
 9.839999984E-05 8.989599883E-05 2.794699967E-01 -1.482400000E+05 7.374899902E+03 1.715800018E+02 4.703800049E+02 -1.156000042E+01 3.707400131E+01 2.155800104E+00 9.986100346E-02 3.338499926E-03
 1.004500009E-04 8.984799933E-05 2.721399963E-01 -1.604500000E+05 6.883299805E+03 1.705399933E+02 4.722200012E+02 -1.046800041E+01 4.177199936E+01 2.170700073E+00 9.665100276E-02 3.428099910E-03
 1.025000020E-04 8.979999984E-05 2.660500109E-01 -1.716100000E+05 7.422299805E+03 1.696499939E+02 4.736799927E+02 -9.627400398E+00 3.647999954E+01 2.183000088E+00 9.399300069E-02 3.506599925E-03
 1.045500030E-04 8.975200035E-05 2.606000006E-01 -1.778400000E+05 4.876600098E+03 1.687500000E+02 4.751300049E+02 -9.072500229E+00 2.926399994E+01 2.195499897E+00 9.158000350E-02 3.579800017E-03
 1.065999968E-04 8.970400086E-05 2.556700110E-01 -1.938500000E+05 2.828199951E+03 1.680899963E+02 4.763399963E+02 -8.527500153E+00 2.619199944E+01 2.205300093E+00 8.949399740E-02 3.648699960E-03
 1.086499979E-04 8.965600136E-05 2.510800064E-01 -2.142800000E+05 1.936300049E+03 1.675800018E+02 4.773800049E+02 -8.145500183E+00 1.952700043E+01 2.213500023E+00 8.761899918E-02 3.715500003E-03
 1.106999989E-04 8.960800187E-05 2.469100058E-01 -2.272800000E+05 1.207500000E+03 1.670800018E+02 4.784700012E+02 -7.632699966E+00 1.868000031E+01 2.221800089E+00 8.590900153E-02 3.778100014E-03
 1.127500000E-04 8.956000238E-05 2.434400022E-01 -2.525300000E+05 2.216899902E+03 1.668800049E+02 4.787999878E+02 -7.045000076E+00 2.447699928E+01 2.224600077E+00 8.459600061E-02 3.831899958E-03
 1.148000010E-04 8.951200289E-05 2.412700057E-01 -3.236400000E+05 1.533900024E+03 1.679799957E+02 4.766900024E+02 -6.986400127E+00 1.310200024E+01 2.207600117E+00 8.439499885E-02 3.866299987E-03
 1.168500021E-04 8.946400339E-05 2.485799938E-01 -6.639300000E+05 -6.411700195E+03 1.783600006E+02 4.573399963E+02 -7.310699940E+00 -1.932099915E+01 2.059600115E+00 9.248100221E-02 3.756399965E-03
 1.189000031E-04 8.941599663E-05 2.999899983E-01 -1.260300000E+06 -8.911400391E+03 2.134199982E+02 3.822200012E+02 -7.396699905E+00 -4.097100067E+01 1.593500018E+00 1.356499940E-01 3.175999969E-03
 1.209499969E-04 8.936799713E-05 4.387399852E-01 -1.062700000E+06 -4.206400146E+02 2.572399902E+02 2.650299988E+02 -5.814199924E+00 -7.401400089E+00 1.001600027E+00 2.386099994E-01 2.231399994E-03
 1.230000053E-04 8.931999764E-05 6.134799719E-01 -3.209700000E+05 5.287299805E+03 2.815400085E+02 1.805800018E+02 -3.370699883E+00 1.473399997E+00 6.470999718E-01 3.607000113E-01 1.546400017E-03
 1.250500063E-04 8.927199815E-05 7.173299789E-01 -5.759900000E+04 3.571199951E+03 2.894800110E+02 1.496799927E+02 -2.237600088E+00 -2.316200066E+01 5.281100273E-01 4.325000048E-01 1.301900018E-03
 1.270999928E-04 8.922399866E-05 7.479400039E-01 -2.012600000E+04 -1.186099976E+03 2.915199890E+02 1.418200073E+02 -1.971300006E+00 -4.482699871E+00 4.985400140E-01 4.540399909E-01 1.247199951E-03
 1.291499939E-04 8.917599916E-05 7.566999793E-01 -9.457900391E+03 2.407899902E+03 2.920499878E+02 1.389199982E+02 -1.757099986E+00 1.396100044E+01 4.878799915E-01 4.602000117E-01 1.232699957E-03
 1.311999949E-04 8.912799967E-05 7.605999708E-01 -1.733600000E+04 5.397500000E+03 2.924299927E+02 1.368500061E+02 -1.822800040E+00 9.098799706E+00 4.803299904E-01 4.631600082E-01 1.226400025E-03
 1.332499960E-04 8.908000018E-05 7.632099986E-01 -1.360900000E+04 2.108899902E+03 2.926300049E+02 1.350899963E+02 -1.905400038E+00 3.371399939E-01 4.739899933E-01 4.650799930E-01 1.222199993E-03
 1.352999971E-04 8.903200069E-05 7.659800053E-01 -7.732100098E+03 -5.000299805E+03 2.928699951E+02 1.335599976E+02 -1.679399967E+00 -3.528700113E+00 4.684000015E-01 4.671500027E-01 1.217799960E-03
 1.373499981E-04 8.898400120E-05 7.686799765E-01 -1.384200000E+04 -8.282200195E+03 2.931300049E+02 1.319100037E+02 -1.570500016E+00 -8.952099800E+00 4.624199867E-01 4.692099988E-01 1.213500043E-03
 1.393999992E-04 8.893600170E-05 7.711200118E-01 -1.664400000E+04 -6.488899902E+03 2.932799988E+02 1.303000031E+02 -1.640300035E+00 -1.706200027E+01 4.566600025E-01 4.709399939E-01 1.209700014E-03
 1.414500002E-04 8.888800221E-05 7.729499936E-01 -1.496800000E+04 8.530100098E+02 2.934800110E+02 1.287700043E+02 -1.715499997E+00 -1.129300022E+01 4.511399865E-01 4.723800123E-01 1.206799992E-03
 1.435000013E-04 8.884000272E-05 7.746899724E-01 -7.124000000E+03 2.019599976E+03 2.937399902E+02 1.272900009E+02 -1.662199974E+00 5.581399918E+00 4.457600117E-01 4.738700092E-01 1.204099972E-03
 1.455500023E-04 8.879200323E-05 7.773299813E-01 -1.030800000E+04 -1.446599976E+03 2.939400024E+02 1.259300003E+02 -1.613399982E+00 2.141599894E+00 4.408400059E-01 4.758000076E-01 1.200000057E-03
 1.476000034E-04 8.874399646E-05 7.788800001E-01 -1.370300000E+04 -1.606599976E+03 2.941199951E+02 1.247600021E+02 -1.779099941E+00 -5.419300079E+00 4.366300106E-01 4.770399928E-01 1.197600039E-03
 1.496500045E-04 8.869599696E-05 7.804700136E-01 -7.706000000E+03 -6.640399902E+03 2.944299927E+02 1.234700012E+02 -1.889299989E+00 -1.302099991E+01 4.318799973E-01 4.785200059E-01 1.195200020E-03
 1.517000055E-04 8.864799747E-05 7.824500203E-01 -6.486799805E+03 -4.039500000E+03 2.946600037E+02 1.220899963E+02 -1.731099963E+00 -1.816399956E+01 4.268800020E-01 4.801099896E-01 1.192199998E-03
 1.537500066E-04 8.859999798E-05 7.832400203E-01 -1.026500000E+04 1.756800049E+03 2.948699951E+02 1.210000000E+02 -1.412299991E+00 -9.695799828E+00 4.229100049E-01 4.809300005E-01 1.190999988E-03
 1.557999931E-04 8.855199849E-05 7.849900126E-01 -8.315599609E+03 3.351000000E+03 2.949100037E+02 1.199000015E+02 -1.337800026E+00 -1.449800014E+01 4.190199971E-01 4.820699990E-01 1.188299968E-03
 1.578499941E-04 8.850399900E-05 7.868199944E-01 -2.585399902E+03 -4.605299988E+02 2.949299927E+02 1.188000031E+02 -1.336400032E+00 -5.558199883E+00 4.151799977E-01 4.832299948E-01 1.185499947E-03
 1.598999952E-04 8.845599950E-05 7.878500223E-01 -2.385000000E+03 6.764299927E+02 2.951199951E+02 1.180000000E+02 -1.148200035E+00 1.514400005E+01 4.122399986E-01 4.841800034E-01 1.184000052E-03
 1.619499963E-04 8.840800001E-05 7.893700004E-01 -6.163200195E+03 3.151199951E+03 2.952799988E+02 1.171999969E+02 -1.092599988E+00 4.924399853E+00 4.093500078E-01 4.853700101E-01 1.181700034E-03
 1.639999973E-04 8.836000052E-05 7.905300260E-01 -1.235000000E+04 2.851300049E+03 2.953999939E+02 1.163199997E+02 -1.088999987E+00 -1.405399990E+01 4.061900079E-01 4.862799942E-01 1.180000021E-03
 1.660499984E-04 8.831200103E-05 7.911999822E-01 -8.463400391E+03 2.951100098E+03 2.954299927E+02 1.155999985E+02 -9.528999925E-01 -1.129300022E+01 4.036599994E-01 4.867399931E-01 1.179000014E-03
 1.680999994E-04 8.826400153E-05 7.922899723E-01 -5.090600098E+03 3.132500000E+03 2.955700073E+02 1.150100021E+02 -9.864199758E-01 8.591699600E+00 4.014999866E-01 4.876500070E-01 1.177300001E-03
 1.701500005E-04 8.821600204E-05 7.927899957E-01 -7.337799805E+03 1.455300049E+03 2.957900085E+02 1.145400009E+02 -9.685800076E-01 -4.299799919E+00 3.996999860E-01 4.883100092E-01 1.176599995E-03
 1.722000015E-04 8.816800255E-05 7.932699919E-01 -4.120899902E+03 -2.601900024E+02 2.957500000E+02 1.140100021E+02 -6.024000049E-01 -1.209000015E+01 3.978700042E-01 4.885399938E-01 1.175899990E-03
 1.742500026E-04 8.812000306E-05 7.945200205E-01 -1.800199951E+03 -2.757300110E+02 2.956700134E+02 1.134400024E+02 -4.617199898E-01 -6.249100208E+00 3.959099948E-01 4.891900122E-01 1.173999975E-03
 1.763000037E-04 8.807200356E-05 7.949600220E-01 -4.123699951E+02 -1.167900024E+03 2.958500061E+02 1.130400009E+02 -5.896800160E-01 -1.770299911E+01 3.944100142E-01 4.897600114E-01 1.173399971E-03
 1.783500047E-04 8.802399680E-05 7.950000167E-01 3.173500061E+02 6.408300171E+02 2.959299927E+02 1.126399994E+02 -5.397899747E-01 -7.269299984E+00 3.929699957E-01 4.899100065E-01 1.173299970E-03
 1.804000058E-04 8.797599730E-05 7.954099774E-01 -1.025800049E+03 2.531500000E+03 2.959299927E+02 1.123399963E+02 -1.683599949E-01 1.209500027E+01 3.919000030E-01 4.901700020E-01 1.172699966E-03
 1.824500068E-04 8.792799781E-05 7.953900099E-01 6.004299927E+02 2.372199951E+03 2.960599976E+02 1.123700027E+02 2.317499965E-01 1.979500008E+01 3.919300139E-01 4.903700054E-01 1.172799966E-03
 1.844999933E-04 8.787999832E-05 7.956100106E-01 4.663700195E+03 2.775000000E+03 2.960199890E+02 1.124100037E+02 2.897000015E-01 1.227799988E+01 3.921099901E-01 4.904400110E-01 1.172399963E-03
 1.865499944E-04 8.783199883E-05 7.956500053E-01 4.987899902E+03 3.140000000E+03 2.959200134E+02 1.125199966E+02 2.402500063E-01 3.335599899E+00 3.925499916E-01 4.902999997E-01 1.172399963E-03
 1.885999955E-04 8.778399933E-05 7.954400182E-01 -7.859400024E+02 -1.099700012E+02 2.960199890E+02 1.127900009E+02 3.532699943E-01 -5.378599763E-01 3.934200108E-01 4.903199971E-01 1.172699966E-03
 1.906499965E-04 8.773599984E-05 7.955999970E-01 -3.461699951E+03 -7.670000000E+02 2.960499878E+02 1.130899963E+02 5.914599895E-01 -2.168400002E+01 3.944500089E-01 4.904800057E-01 1.172399963E-03
 1.926999976E-04 8.768800035E-05 7.954199910E-01 4.013100098E+03 4.120600098E+03 2.957799988E+02 1.134800034E+02 1.052000046E+00 -1.119200039E+01 3.960199952E-01 4.899199903E-01 1.172699966E-03
 1.947499986E-04 8.764000086E-05 7.949000001E-01 3.906300049E+03 5.498899902E+03 2.955799866E+02 1.139499969E+02 1.232399940E+00 1.759000015E+01 3.977900147E-01 4.892599881E-01 1.173499972E-03
 1.967999997E-04 8.759200136E-05 7.942199707E-01 -2.141600098E+03 1.988000000E+03 2.956499939E+02 1.145599976E+02 1.317999959E+00 9.019499779E+00 3.998900056E-01 4.889599979E-01 1.174499979E-03
 1.988500007E-04 8.754400187E-05 7.930999994E-01 -2.793899902E+03 -2.392300049E+03 2.956400146E+02 1.153700027E+02 1.526399970E+00 1.337800026E+00 4.027299881E-01 4.882700145E-01 1.176099991E-03
 2.009000018E-04 8.749600238E-05 7.918000221E-01 -6.106500000E+03 -4.097200195E+03 2.955799866E+02 1.163300018E+02 1.681800008E+00 -1.682199955E+00 4.061200023E-01 4.873700142E-01 1.178100007E-03
 2.029500029E-04 8.744800289E-05 7.912499905E-01 -2.188899902E+03 -2.059699951E+03 2.953699951E+02 1.173600006E+02 2.015199900E+00 1.063699961E+00 4.098699987E-01 4.866699874E-01 1.178900013E-03
 2.050000039E-04 8.740000339E-05 7.911900282E-01 3.737699951E+03 -1.937599976E+03 2.951700134E+02 1.178700027E+02 2.194200039E+00 6.252500057E+00 4.118300080E-01 4.862999916E-01 1.179000014E-03
 0.000000000E+00 9.083299665E-05 1.600700021E+00 3.502200000E+04 -7.119300000E+04 3.000000000E+02 9.207199860E+01 1.216199994E+00 5.016799927E+02 3.175100088E-01 9.961500168E-01 5.799999926E-04
 2.049999921E-06 9.085999773E-05 1.596500039E+00 1.465200000E+04 -4.592800000E+04 2.988900146E+02 9.281700134E+01 9.630299807E-01 2.575499878E+02 3.214600086E-01 9.917700291E-01 5.829000147E-04
 4.099999842E-06 9.088699881E-05 1.592000008E+00 -3.031899902E+03 -7.502799805E+03 2.976900024E+02 9.420400238E+01 7.595999837E-01 6.878699780E+00 3.276799917E-01 9.868999720E-01 5.859300145E-04
 6.149999990E-06 9.091300308E-05 1.588600039E+00 -4.514799805E+03 8.861599609E+03 2.975100098E+02 9.569999695E+01 7.944099903E-01 -2.386300087E+01 3.329899907E-01 9.842100143E-01 5.871800240E-04
 8.199999684E-06 9.093999688E-05 1.584100008E+00 -1.817500000E+03 1.065000000E+04 2.975000000E+02 9.735199738E+01 8.351399899E-01 -3.152599907E+01 3.387399912E-01 9.813699722E-01 5.888600135E-04
 1.024999983E-05 9.096699796E-05 1.580500007E+00 -4.889700195E+03 4.985399902E+03 2.974800110E+02 9.912999725E+01 7.664899826E-01 -5.044499874E+00 3.449400067E-01 9.790599942E-01 5.902000121E-04
 1.229999998E-05 9.099300223E-05 1.575399995E+00 -2.474200000E+04 1.271900000E+04 2.973999939E+02 1.012699966E+02 8.935099840E-01 -1.450699997E+01 3.524500132E-01 9.756500125E-01 5.921099801E-04
 1.435000013E-05 9.102000331E-05 1.571499944E+00 -2.923600000E+04 1.022700000E+04 2.971499939E+02 1.036299973E+02 1.087599993E+00 6.868700027E+00 3.608100116E-01 9.724199772E-01 5.935700028E-04
 1.639999937E-05 9.104699711E-05 1.568400025E+00 -1.477100000E+04 4.642200012E+02 2.967500000E+02 1.060899963E+02 1.042799950E+00 3.152599907E+01 3.696100116E-01 9.692000151E-01 5.947499885E-04
 1.845000043E-05 9.107300139E-05 1.562800050E+00 -2.753800049E+03 4.511299805E+03 2.964400024E+02 1.088199997E+02 1.101300001E+00 2.569799995E+01 3.793399930E-01 9.647399783E-01 5.968700279E-04
 2.049999966E-05 9.110000246E-05 1.557100058E+00 1.117100000E+04 5.012399902E+03 2.961099854E+02 1.118899994E+02 1.233299971E+00 1.195300007E+01 3.902699947E-01 9.601399899E-01 5.990500213E-04
 2.255000072E-05 9.112700354E-05 1.552000046E+00 6.474500000E+03 9.436799805E+03 2.956099854E+02 1.152399979E+02 1.322100043E+00 -1.509700012E+01 4.023000002E-01 9.553400278E-01 6.010499783E-04
 2.459999996E-05 9.115300054E-05 1.544399977E+00 8.931700195E+03 3.268500000E+03 2.950000000E+02 1.189700012E+02 1.276600003E+00 -4.642300129E+00 4.157299995E-01 9.487100244E-01 6.040000007E-04
 2.664999920E-05 9.118000162E-05 1.535200000E+00 1.463400000E+04 -8.165799805E+03 2.945599976E+02 1.230000000E+02 1.348099947E+00 1.015499973E+01 4.301399887E-01 9.416499734E-01 6.076300051E-04
 2.870000026E-05 9.120700270E-05 1.525200009E+00 7.921500000E+03 -2.651500000E+03 2.939299927E+02 1.274000015E+02 1.504299998E+00 7.619800091E+00 4.460200071E-01 9.335600138E-01 6.116000004E-04
 3.075000132E-05 9.123299969E-05 1.514299989E+00 1.876500000E+04 2.669399902E+03 2.930799866E+02 1.322500000E+02 1.542899966E+00 1.527000046E+01 4.636699855E-01 9.241999984E-01 6.159900222E-04
 3.279999873E-05 9.126000077E-05 1.501099944E+00 1.885100000E+04 -2.504499969E+02 2.923299866E+02 1.375899963E+02 1.542400002E+00 1.243599987E+01 4.829800129E-01 9.137899876E-01 6.214299938E-04
 3.484999979E-05 9.128700185E-05 1.485499978E+00 9.124099609E+03 -5.015899902E+03 2.916000061E+02 1.435599976E+02 1.616999984E+00 1.883699989E+01 5.045700073E-01 9.020500183E-01 6.279500085E-04
 3.690000085E-05 9.131299885E-05 1.469599962E+00 1.591900000E+04 -5.751100098E+03 2.903800049E+02 1.500800018E+02 1.751299977E+00 1.505300045E+01 5.286300182E-01 8.886200190E-01 6.347700255E-04
 3.894999827E-05 9.133999993E-05 1.450700045E+00 2.838400000E+04 -3.665600098E+03 2.889100037E+02 1.575200043E+02 1.840399981E+00 -9.242600441E+00 5.562199950E-01 8.727700114E-01 6.430500071E-04
 4.099999933E-05 9.136700100E-05 1.427399993E+00 3.499600000E+04 -4.583399902E+03 2.873299866E+02 1.661000061E+02 1.865900040E+00 1.116800022E+01 5.881299973E-01 8.540999889E-01 6.535400171E-04
 4.305000039E-05 9.139299800E-05 1.399999976E+00 3.911400000E+04 5.129200195E+03 2.853299866E+02 1.757799988E+02 1.921200037E+00 1.431700039E+01 6.245899796E-01 8.318799734E-01 6.663500099E-04
 4.510000144E-05 9.141999908E-05 1.366999984E+00 3.709600000E+04 5.350100098E+03 2.832000122E+02 1.868300018E+02 1.910699964E+00 -8.149800301E+00 6.663600206E-01 8.062199950E-01 6.824699813E-04
 4.714999886E-05 9.144700016E-05 1.327000022E+00 4.249100000E+04 -4.805500000E+03 2.805799866E+02 1.992400055E+02 1.693400025E+00 7.287000179E+00 7.139499784E-01 7.753800154E-01 7.031499990E-04
 4.919999992E-05 9.147299716E-05 1.280799985E+00 4.937300000E+04 -4.047600098E+03 2.771000061E+02 2.130099945E+02 1.644099951E+00 7.686200142E+00 7.680799961E-01 7.391499877E-01 7.285599713E-04
 5.125000098E-05 9.149999823E-05 1.225800037E+00 6.028500000E+04 8.709799805E+03 2.730000000E+02 2.289100037E+02 1.434000015E+00 -1.780299950E+01 8.315899968E-01 6.969900131E-01 7.614700007E-04
 5.329999840E-05 9.147600213E-05 1.160599947E+00 6.776800000E+04 7.387700195E+03 2.681900024E+02 2.466199951E+02 8.747400045E-01 -6.683400154E+00 9.039899707E-01 6.483700275E-01 8.044100250E-04
 5.534999946E-05 9.145199874E-05 1.090399981E+00 8.050300000E+04 -4.900899902E+03 2.626600037E+02 2.647799988E+02 1.537400037E-01 -6.437799931E+00 9.806900024E-01 5.966200233E-01 8.564100135E-04
 5.740000051E-05 9.142800263E-05 1.015900016E+00 8.524400000E+04 -4.195700195E+03 2.564899902E+02 2.834100037E+02 -7.007099986E-01 -2.494099998E+01 1.062299967E+00 5.428599715E-01 9.195500170E-04
 5.945000157E-05 9.140399925E-05 9.390799999E-01 7.541400000E+04 -1.851699951E+03 2.499299927E+02 3.023699951E+02 -1.667099953E+00 -1.163700008E+01 1.148200035E+00 4.890100062E-01 9.949599626E-04
 6.150000263E-05 9.138000314E-05 8.652600050E-01 6.898600000E+04 -5.119399902E+03 2.433699951E+02 3.202300110E+02 -2.923700094E+00 -4.489500046E+00 1.232300043E+00 4.387499988E-01 1.079899957E-03
 6.354999641E-05 9.135599976E-05 7.954999804E-01 4.274600000E+04 -8.132600098E+03 2.369100037E+02 3.368599854E+02 -4.036099911E+00 -4.663099766E+00 1.313899994E+00 3.926700056E-01 1.174799982E-03
 6.559999747E-05 9.133199637E-05 7.300999761E-01 2.022200000E+04 -7.355100098E+03 2.304100037E+02 3.526000061E+02 -4.957799911E+00 6.260900021E+00 1.394500017E+00 3.505200148E-01 1.279999968E-03
 6.764999853E-05 9.130800026E-05 6.702299714E-01 1.569600000E+04 -6.772399902E+03 2.240700073E+02 3.668999939E+02 -5.840000153E+00 3.418900013E+00 1.471500039E+00 3.129099905E-01 1.394300023E-03
 6.969999959E-05 9.128399688E-05 6.164299846E-01 4.698899902E+03 -2.713399902E+03 2.180899963E+02 3.801199951E+02 -6.467899799E+00 -7.491099834E+00 1.545300007E+00 2.801100016E-01 1.515800017E-03
 7.175000064E-05 9.126000077E-05 5.687900186E-01 -1.076800000E+04 -6.823499756E+02 2.125599976E+02 3.921499939E+02 -7.092400074E+00 -6.278500080E+00 1.614799976E+00 2.518900037E-01 1.642500050E-03
 7.380000170E-05 9.123599739E-05 5.259900093E-01 -2.327900000E+04 -5.882800293E+02 2.074100037E+02 4.028399963E+02 -7.790400028E+00 -3.992300034E+00 1.679299951E+00 2.272900045E-01 1.776100020E-03
 7.585000276E-05 9.121200128E-05 4.878799915E-01 -4.063000000E+04 -2.199000000E+03 2.025299988E+02 4.127200012E+02 -7.968699932E+00 8.181900024E+00 1.741099954E+00 2.058500051E-01 1.914500026E-03
 7.789999654E-05 9.118799790E-05 4.545300007E-01 -5.811700000E+04 -2.690699951E+03 1.980599976E+02 4.216600037E+02 -8.031599998E+00 9.501899719E+00 1.798699975E+00 1.875399947E-01 2.054600045E-03
 7.994999760E-05 9.116400179E-05 4.253599942E-01 -7.297500000E+04 4.700600098E+03 1.940099945E+02 4.295400085E+02 -8.411499977E+00 2.709400058E-01 1.851300001E+00 1.719000041E-01 2.195199952E-03
 8.199999866E-05 9.113999840E-05 3.994799852E-01 -7.797100000E+04 3.770699951E+03 1.903300018E+02 4.365899963E+02 -8.544300079E+00 8.047699928E+00 1.899799943E+00 1.583800018E-01 2.337299986E-03
 8.404999971E-05 9.111600230E-05 3.761999905E-01 -8.240700000E+04 -2.092300049E+03 1.869400024E+02 4.430899963E+02 -8.439700127E+00 9.202199936E+00 1.945500016E+00 1.464799941E-01 2.481699921E-03
 8.610000077E-05 9.109199891E-05 3.557899892E-01 -9.967800000E+04 2.410500000E+03 1.838999939E+02 4.487200012E+02 -8.157500267E+00 1.379500008E+01 1.986299992E+00 1.362800002E-01 2.623599954E-03
 8.815000183E-05 9.106800280E-05 3.380599916E-01 -1.119500000E+05 3.855199951E+03 1.811300049E+02 4.535100098E+02 -7.974199772E+00 3.491400146E+01 2.022799969E+00 1.275299937E-01 2.760899952E-03
 9.020000289E-05 9.104399942E-05 3.226099908E-01 -1.158200000E+05 2.570699951E+03 1.785500031E+02 4.579100037E+02 -7.729899883E+00 3.105100060E+01 2.056999922E+00 1.199700013E-01 2.892900025E-03
 9.224999667E-05 9.102000331E-05 3.089799881E-01 -1.218700000E+05 3.475699951E+03 1.763500061E+02 4.619299927E+02 -7.343200207E+00 5.978700161E+00 2.087899923E+00 1.134800017E-01 3.020300064E-03
 9.429999773E-05 9.099599993E-05 2.972599864E-01 -1.341700000E+05 3.443199951E+03 1.744700012E+02 4.653599854E+02 -6.848700047E+00 4.581999779E+00 2.114700079E+00 1.080000028E-01 3.138999920E-03
 9.634999878E-05 9.097199654E-05 2.873600125E-01 -1.460300000E+05 2.878100098E+03 1.728899994E+02 4.680599976E+02 -6.204599857E+00 1.588899994E+01 2.136600018E+00 1.034699976E-01 3.247000044E-03
 9.839999984E-05 9.094800043E-05 2.786200047E-01 -1.518200000E+05 1.851500000E+03 1.714900055E+02 4.706499939E+02 -5.763500214E+00 2.248500061E+01 2.157099962E+00 9.950400144E-02 3.348700004E-03
 1.004500009E-04 9.092399705E-05 2.712300122E-01 -1.594700000E+05 7.113800049E+02 1.703000031E+02 4.726799927E+02 -5.324200153E+00 1.920700073E+01 2.173899889E+00 9.618999809E-02 3.439699998E-03
 1.025000020E-04 9.090000094E-05 2.651700079E-01 -1.689700000E+05 6.794899902E+02 1.694400024E+02 4.739500122E+02 -4.880199909E+00 1.667000008E+01 2.185300112E+00 9.356199950E-02 3.518099897E-03
 1.045500030E-04 9.087599756E-05 2.598499954E-01 -1.787600000E+05 1.814000000E+03 1.686000061E+02 4.751799927E+02 -4.706099987E+00 1.912100029E+01 2.196399927E+00 9.123499691E-02 3.590099979E-03
 1.065999968E-04 9.085200145E-05 2.548800111E-01 -1.924700000E+05 1.618400024E+03 1.678699951E+02 4.764700012E+02 -4.385200024E+00 1.915900040E+01 2.207099915E+00 8.909799904E-02 3.660100047E-03
 1.086499979E-04 9.082799806E-05 2.502999902E-01 -2.097700000E+05 4.115400085E+02 1.673099976E+02 4.776799927E+02 -3.958600044E+00 6.732800007E+00 2.216399908E+00 8.720400184E-02 3.727100091E-03
 1.106999989E-04 9.080400196E-05 2.462099940E-01 -2.225600000E+05 -1.109300049E+03 1.667100067E+02 4.787200012E+02 -3.608999968E+00 2.977799892E+00 2.225199938E+00 8.547600359E-02 3.788799979E-03
 1.127500000E-04 9.077999857E-05 2.430199981E-01 -2.506200000E+05 -3.203999939E+02 1.665500031E+02 4.787999878E+02 -3.247699976E+00 1.090400028E+01 2.226700068E+00 8.427999914E-02 3.838500008E-03
 1.148000010E-04 9.075600246E-05 2.413399965E-01 -3.257000000E+05 2.696799927E+02 1.678399963E+02 4.763699951E+02 -3.373399973E+00 -1.312899947E+00 2.206899881E+00 8.434800059E-02 3.865099978E-03
 1.168500021E-04 9.073199908E-05 2.490199953E-01 -6.845900000E+05 -1.060200000E+04 1.785099945E+02 4.566000061E+02 -3.869699955E+00 -3.927899933E+01 2.055399895E+00 9.272799641E-02 3.749799915E-03
 1.189000031E-04 9.070800297E-05 3.000000119E-01 -1.305000000E+06 -1.813500000E+04 2.136600037E+02 3.815499878E+02 -4.083000183E+00 -7.473699951E+01 1.589400053E+00 1.357599944E-01 3.174199956E-03
 1.209499969E-04 9.068399959E-05 4.377999902E-01 -1.109200000E+06 -1.075800000E+04 2.574100037E+02 2.646199951E+02 -3.029900074E+00 -8.536900330E+01 9.996799827E-01 2.382500023E-01 2.235699911E-03
 1.230000053E-04 9.066000348E-05 6.124399900E-01 -3.488800000E+05 -8.774799805E+02 2.815199890E+02 1.802500000E+02 -1.494400024E+00 -6.106299973E+01 6.457800269E-01 3.600299954E-01 1.549400040E-03
 1.250500063E-04 9.063600010E-05 7.176200151E-01 -6.556200000E+04 1.439400024E+03 2.892200012E+02 1.494100037E+02 -1.045199990E+00 -1.931900024E+01 5.273200274E-01 4.322800040E-01 1.301500015E-03
 1.270999928E-04 9.061199671E-05 7.493699789E-01 -2.371300000E+04 3.226300049E+03 2.912999878E+02 1.414199982E+02 -1.054800034E+00 1.518000031E+01 4.972899854E-01 4.545699954E-01 1.244900050E-03
 1.291499939E-04 9.058800060E-05 7.570899725E-01 -1.671300000E+04 8.989799805E+03 2.919299927E+02 1.386199951E+02 -8.501099944E-01 2.156599998E+01 4.869099855E-01 4.602499902E-01 1.232099952E-03
 1.311999949E-04 9.056399722E-05 7.600700259E-01 -2.358400000E+04 8.382700195E+03 2.924899902E+02 1.367500000E+02 -8.679500222E-01 4.789199829E+00 4.799000025E-01 4.629299939E-01 1.227300032E-03
 1.332499960E-04 9.054000111E-05 7.627900243E-01 -1.702500000E+04 -1.620299988E+02 2.927000122E+02 1.348800049E+02 -9.361799955E-01 -1.397400022E+00 4.731400013E-01 4.649299979E-01 1.222899999E-03
 1.352999971E-04 9.051599773E-05 7.659599781E-01 -9.192299805E+03 -5.005600098E+03 2.928099976E+02 1.330700073E+02 -8.822500110E-01 5.301599950E-02 4.667200148E-01 4.670400023E-01 1.217799960E-03
 1.373499981E-04 9.049200162E-05 7.688500285E-01 -1.241500000E+04 -2.580399902E+03 2.931199951E+02 1.315299988E+02 -7.915599942E-01 2.756599903E+00 4.610700011E-01 4.692899883E-01 1.213200041E-03
 1.393999992E-04 9.046799823E-05 7.707800269E-01 -1.888500000E+04 -8.773500000E+03 2.933500061E+02 1.301699982E+02 -7.820199728E-01 -1.025800037E+01 4.561299980E-01 4.708400071E-01 1.210200018E-03
 1.414500002E-04 9.044400213E-05 7.727299929E-01 -2.071300000E+04 -7.456399902E+03 2.935499878E+02 1.287500000E+02 -8.761699796E-01 -9.669099808E+00 4.509800076E-01 4.723599851E-01 1.207199995E-03
 1.435000013E-04 9.041999874E-05 7.749900222E-01 -1.315700000E+04 -1.884199951E+03 2.937699890E+02 1.272699966E+02 -7.700499892E-01 1.132299975E-01 4.456399977E-01 4.740999937E-01 1.203599968E-03
 1.455500023E-04 9.039600263E-05 7.774199843E-01 -1.038900000E+04 -2.898100098E+03 2.940100098E+02 1.258300018E+02 -7.836599946E-01 -4.330800056E+00 4.404000044E-01 4.759700000E-01 1.199900056E-03
 1.476000034E-04 9.037199925E-05 7.791100144E-01 -1.023700000E+04 -4.431000000E+03 2.941600037E+02 1.244899979E+02 -9.833999872E-01 -5.544499874E+00 4.356200099E-01 4.772500098E-01 1.197300036E-03
 1.496500045E-04 9.034800314E-05 7.808700204E-01 -4.388700195E+03 -8.255200195E+03 2.943399963E+02 1.230400009E+02 -9.742000103E-01 6.117199898E+00 4.304299951E-01 4.786199927E-01 1.194600016E-03
 1.517000055E-04 9.032399976E-05 7.821699977E-01 -7.225399902E+03 -8.287700195E+03 2.945700073E+02 1.216800003E+02 -8.171799779E-01 4.363299847E+00 4.254800081E-01 4.797900021E-01 1.192600001E-03
 1.537500066E-04 9.029999637E-05 7.829899788E-01 -1.966800000E+04 1.595900024E+03 2.948099976E+02 1.206100006E+02 -6.887999773E-01 -5.691699982E+00 4.215599895E-01 4.806799889E-01 1.191299991E-03
 1.557999931E-04 9.027600026E-05 7.845299840E-01 -1.484100000E+04 8.574599609E+03 2.949299927E+02 1.195999985E+02 -6.655899882E-01 -1.200000000E+01 4.179599881E-01 4.818199873E-01 1.188999973E-03
 1.578499941E-04 9.025199688E-05 7.863199711E-01 -7.653899902E+03 2.619100098E+03 2.950000000E+02 1.185500031E+02 -6.761800051E-01 -8.732399940E+00 4.142499864E-01 4.830299914E-01 1.186299953E-03
 1.598999952E-04 9.022800077E-05 7.878900170E-01 -7.297200195E+03 1.361699951E+03 2.950799866E+02 1.175899963E+02 -6.439999938E-01 1.560400009E+01 4.108200073E-01 4.841400087E-01 1.183900051E-03
 1.619499963E-04 9.020399739E-05 7.888000011E-01 -4.298200195E+03 5.913100098E+03 2.952600098E+02 1.167900009E+02 -5.464400053E-01 1.100000000E+01 4.079200029E-01 4.849799871E-01 1.182600041E-03
 1.639999973E-04 9.018000128E-05 7.896299958E-01 -8.042299805E+03 3.060500000E+03 2.953900146E+02 1.160299988E+02 -4.375000000E-01 -1.592399979E+01 4.051699936E-01 4.857200086E-01 1.181300031E-03
 1.660499984E-04 9.015599790E-05 7.907400131E-01 -6.285700195E+03 1.139300003E+02 2.954800110E+02 1.153000031E+02 -4.620200098E-01 -2.309900093E+01 4.025599957E-01 4.865599871E-01 1.179700019E-03
 1.680999994E-04 9.013200179E-05 7.919399738E-01 -4.842600098E+03 3.236899902E+03 2.956099854E+02 1.146100006E+02 -5.353900194E-01 4.109899998E-01 4.000500143E-01 4.874899983E-01 1.177900005E-03
 1.701500005E-04 9.010799840E-05 7.923200130E-01 -6.583100098E+03 -6.243800049E+02 2.957099915E+02 1.140299988E+02 -4.644699991E-01 -1.035900021E+01 3.979499936E-01 4.878999889E-01 1.177300001E-03
 1.722000015E-04 9.008400230E-05 7.930999994E-01 4.345199890E+02 -3.905100098E+02 2.957200012E+02 1.135100021E+02 -2.493100017E-01 -2.247100067E+01 3.961400092E-01 4.883899987E-01 1.176099991E-03
 1.742500026E-04 9.005999891E-05 7.945899963E-01 3.160300049E+03 1.483699951E+03 2.957000122E+02 1.130899963E+02 -2.436500043E-01 1.514099956E+00 3.946999907E-01 4.892799854E-01 1.173899975E-03
 1.763000037E-04 9.003600280E-05 7.945200205E-01 -1.833400024E+03 9.887600098E+02 2.960199890E+02 1.128899994E+02 -2.769699991E-01 1.868999958E+00 3.937700093E-01 4.897600114E-01 1.173999975E-03
 1.783500047E-04 9.001199942E-05 7.946100235E-01 -3.239600098E+03 1.268099976E+03 2.962200012E+02 1.125899963E+02 -1.736799926E-01 2.851300001E+00 3.925899863E-01 4.901500046E-01 1.173899975E-03
 1.804000058E-04 8.998800331E-05 7.955600023E-01 -4.832100098E+03 -4.609400024E+02 2.960400085E+02 1.122600021E+02 -9.357299656E-02 1.748299980E+01 3.915599883E-01 4.904400110E-01 1.172499964E-03
 1.824500068E-04 8.996399993E-05 7.953900099E-01 -4.132500000E+03 -5.295899902E+03 2.960400085E+02 1.122699966E+02 1.299699992E-01 9.495499611E+00 3.916200101E-01 4.903300107E-01 1.172799966E-03
 1.844999933E-04 8.993999654E-05 7.949399948E-01 -1.207199951E+03 -3.474300049E+03 2.960599976E+02 1.124599991E+02 1.435099989E-01 -8.513799667E+00 3.922599852E-01 4.900900126E-01 1.173399971E-03
 1.865499944E-04 8.991600043E-05 7.951499820E-01 -6.601499939E+01 4.978200195E+03 2.958699951E+02 1.125999985E+02 4.565899819E-02 -2.919699907E+00 3.928500116E-01 4.898999929E-01 1.173099969E-03
 1.885999955E-04 8.989199705E-05 7.955700159E-01 2.910899902E+03 9.760900269E+02 2.959299927E+02 1.126900024E+02 1.587499976E-01 6.753600121E+00 3.931399882E-01 4.902600050E-01 1.172499964E-03
 1.906499965E-04 8.986800094E-05 7.953500152E-01 3.286000000E+03 -5.703200073E+02 2.960299988E+02 1.129300003E+02 2.517299950E-01 -1.256599998E+01 3.939000070E-01 4.902899861E-01 1.172799966E-03
 1.926999976E-04 8.984399756E-05 7.948399782E-01 -6.303900146E+02 5.254799805E+03 2.958999939E+02 1.134100037E+02 5.351300240E-01 -1.744599915E+01 3.956600130E-01 4.897600114E-01 1.173599972E-03
 1.947499986E-04 8.982000145E-05 7.945200205E-01 7.900200195E+02 7.894600098E+03 2.957200012E+02 1.140199966E+02 6.711199880E-01 7.840199947E+00 3.979400098E-01 4.892700016E-01 1.173999975E-03
 1.967999997E-04 8.979599806E-05 7.936199903E-01 4.010000000E+02 6.793600098E+03 2.957099915E+02 1.147799988E+02 7.237799764E-01 8.639599800E+00 4.005799890E-01 4.886899889E-01 1.175399986E-03
 1.988500007E-04 8.977200196E-05 7.930200100E-01 1.663000000E+03 2.085000000E+03 2.956799927E+02 1.155199966E+02 8.291500211E-01 -6.394800186E+00 4.032100141E-01 4.882799983E-01 1.176299993E-03
 2.009000018E-04 8.974799857E-05 7.920100093E-01 2.634600098E+03 1.212300049E+03 2.955299988E+02 1.163700027E+02 7.992699742E-01 3.519700050E+00 4.062699974E-01 4.873999953E-01 1.177800004E-03
 2.029500029E-04 8.972400246E-05 7.906000018E-01 -1.799500000E+03 1.516800049E+03 2.953500061E+02 1.174199982E+02 9.714400172E-01 1.030000019E+01 4.100700021E-01 4.862500131E-01 1.179900020E-03
 2.050000039E-04 8.969999908E-05 7.902200222E-01 -1.825000000E+03 -2.383399963E+02 2.952300110E+02 1.179499969E+02 1.114099979E+00 2.565099955E+00 4.120000005E-01 4.858100116E-01 1.180400024E-03
 0.000000000E+00 9.200000204E-05 1.600700021E+00 1.372900000E+05 -2.140700000E+04 3.000000000E+02 8.998600006E+01 8.578299880E-01 7.907700195E+02 3.118599951E-01 9.979500175E-01 5.780200008E-04
 2.049999921E-06 9.200000204E-05 1.597000003E+00 7.072600000E+04 -2.111500000E+04 2.987200012E+02 9.158399963E+01 6.188099980E-01 4.264100037E+02 3.180600107E-01 9.924100041E-01 5.817299825E-04
 4.099999842E-06 9.200000204E-05 1.592599988E+00 -2.598800049E+03 -1.187000000E+04 2.974500122E+02 9.391000366E+01 4.437299967E-01 2.861499977E+01 3.267900050E-01 9.864500165E-01 5.857300130E-04
 6.149999990E-06 9.200000204E-05 1.588600039E+00 -8.740700195E+03 7.727700195E+03 2.973999939E+02 9.565899658E+01 4.882499874E-01 -2.381999969E+01 3.328999877E-01 9.838399887E-01 5.871800240E-04
 8.199999684E-06 9.200000204E-05 1.583899975E+00 5.981399902E+03 1.478000000E+04 2.973999939E+02 9.755999756E+01 4.315299988E-01 -4.717900085E+01 3.395099938E-01 9.809299707E-01 5.889200256E-04
 1.024999983E-05 9.200000204E-05 1.580199957E+00 -8.169899902E+03 1.134900000E+04 2.974200134E+02 9.930100250E+01 3.010100126E-01 2.613900006E-01 3.455500007E-01 9.786999822E-01 5.903100246E-04
 1.229999998E-05 9.200000204E-05 1.575199962E+00 -3.211800000E+04 1.767800000E+04 2.973900146E+02 1.013399963E+02 4.199500084E-01 7.285099983E+00 3.526600003E-01 9.755100012E-01 5.921699922E-04
 1.435000013E-05 9.200000204E-05 1.571499944E+00 -2.068100000E+04 6.421299805E+03 2.971400146E+02 1.036600037E+02 5.473600030E-01 3.079299927E-01 3.608900011E-01 9.723500013E-01 5.935900263E-04
 1.639999937E-05 9.200000204E-05 1.568600059E+00 -1.711500000E+04 -5.537299805E+03 2.967999878E+02 1.060599976E+02 4.835500121E-01 1.213199997E+01 3.694700003E-01 9.694899917E-01 5.946700112E-04
 1.845000043E-05 9.200000204E-05 1.562800050E+00 -6.706799805E+03 -6.486899902E+03 2.964899902E+02 1.087300034E+02 5.321800113E-01 -3.987099886E+00 3.789600134E-01 9.648799896E-01 5.968799815E-04
 2.049999966E-05 9.200000204E-05 1.556300044E+00 1.745100000E+04 5.213799805E+03 2.962699890E+02 1.118099976E+02 6.109399796E-01 6.962200165E+00 3.898499906E-01 9.601299763E-01 5.993900122E-04
 2.255000072E-05 9.200000204E-05 1.550400019E+00 4.537100098E+03 1.636000000E+04 2.958500061E+02 1.153000031E+02 6.275900006E-01 9.169099808E+00 4.023199975E-01 9.551600218E-01 6.016499829E-04
 2.459999996E-05 9.200000204E-05 1.542999983E+00 8.216299805E+03 3.236600098E+03 2.951099854E+02 1.190400009E+02 6.117100120E-01 -1.469900036E+01 4.158799946E-01 9.482499957E-01 6.045200280E-04
 2.664999920E-05 9.200000204E-05 1.534899950E+00 1.646700000E+04 1.203300049E+03 2.945599976E+02 1.229000015E+02 6.908900142E-01 -9.477000237E+00 4.297800064E-01 9.414600134E-01 6.077499711E-04
 2.870000026E-05 9.200000204E-05 1.525200009E+00 1.143700000E+04 1.265800000E+04 2.939100037E+02 1.272099991E+02 7.850300074E-01 1.399600029E+01 4.453299940E-01 9.334800243E-01 6.116000004E-04
 3.075000132E-05 9.200000204E-05 1.514000058E+00 2.666100000E+04 5.053600098E+03 2.931900024E+02 1.322200012E+02 7.737399936E-01 4.476099968E+00 4.634500146E-01 9.243199825E-01 6.161400233E-04
 3.279999873E-05 9.200000204E-05 1.501299977E+00 2.055000000E+04 -9.432900391E+03 2.924299927E+02 1.376999969E+02 7.735000253E-01 1.208100033E+01 4.832699895E-01 9.142500162E-01 6.213299930E-04
 3.484999979E-05 9.200000204E-05 1.486400008E+00 3.559600098E+03 9.681099609E+03 2.915299988E+02 1.436600037E+02 7.811300159E-01 3.998300171E+01 5.049700141E-01 9.023500085E-01 6.275899941E-04
 3.690000085E-05 9.200000204E-05 1.470100045E+00 1.474000000E+04 1.633000000E+04 2.902300110E+02 1.501999969E+02 7.918999791E-01 1.730100060E+01 5.291399956E-01 8.885200024E-01 6.345200236E-04
 3.894999827E-05 9.200000204E-05 1.450999975E+00 3.066900000E+04 4.326399902E+03 2.888399963E+02 1.576600037E+02 8.756499887E-01 -1.079800034E+01 5.567600131E-01 8.727899790E-01 6.428899942E-04
 4.099999933E-05 9.200000204E-05 1.427700043E+00 2.955300000E+04 7.245600098E+03 2.873200073E+02 1.661499939E+02 8.755099773E-01 1.819000053E+01 5.882899761E-01 8.542199731E-01 6.534099812E-04
 4.305000039E-05 9.200000204E-05 1.399899960E+00 3.324000000E+04 1.235800000E+04 2.852200012E+02 1.758000031E+02 9.399300218E-01 -1.077300012E-01 6.247500181E-01 8.315100074E-01 6.664000102E-04
 4.510000144E-05 9.200000204E-05 1.366999984E+00 3.511800000E+04 1.140500000E+04 2.832200012E+02 1.870599976E+02 9.717400074E-01 -2.915299988E+01 6.671199799E-01 8.062499762E-01 6.824900047E-04
 4.714999886E-05 9.200000204E-05 1.326599956E+00 4.219800000E+04 2.289800049E+03 2.807500000E+02 1.994799957E+02 8.098499775E-01 -5.904699802E+00 7.145500183E-01 7.756800056E-01 7.033399888E-04
 4.919999992E-05 9.200000204E-05 1.280200005E+00 5.126700000E+04 8.208000000E+03 2.770899963E+02 2.131999969E+02 8.201599717E-01 2.413800001E+00 7.687799931E-01 7.388100028E-01 7.288699853E-04
 5.125000098E-05 9.200000204E-05 1.226099968E+00 7.078500000E+04 2.093300000E+04 2.729299927E+02 2.290800018E+02 7.098000050E-01 2.029299974E+00 8.323199749E-01 6.969900131E-01 7.612499758E-04
 5.329999840E-05 9.200000204E-05 1.161399961E+00 8.078400000E+04 3.663500000E+03 2.682000122E+02 2.466100006E+02 4.343700111E-01 9.107600212E+00 9.039099813E-01 6.488400102E-01 8.038500091E-04
 5.534999946E-05 9.200000204E-05 1.091400027E+00 9.458800000E+04 -7.992700195E+03 2.626099854E+02 2.647200012E+02 7.356899977E-02 -8.415200233E+00 9.805700183E-01 5.970500112E-01 8.556299726E-04
 5.740000051E-05 9.200000204E-05 1.016600013E+00 8.909300000E+04 -8.433599854E+02 2.564700012E+02 2.834899902E+02 -3.768700063E-01 -1.863400078E+01 1.062600017E+00 5.432100296E-01 9.188900003E-04
 5.945000157E-05 9.200000204E-05 9.396799803E-01 7.266200000E+04 -3.292100098E+03 2.500099945E+02 3.024299927E+02 -8.261500001E-01 -7.637199879E+00 1.148200035E+00 4.894799888E-01 9.943100158E-04
 6.150000263E-05 9.200000204E-05 8.660200238E-01 7.447600000E+04 -1.631900024E+03 2.434499969E+02 3.200899963E+02 -1.493199944E+00 1.567499995E+00 1.231500030E+00 4.392899871E-01 1.078899950E-03
 6.354999641E-05 9.200000204E-05 7.961999774E-01 4.412300000E+04 -3.170500000E+03 2.369499969E+02 3.367500000E+02 -2.055700064E+00 9.038800240E+00 1.313199997E+00 3.930900097E-01 1.173699973E-03
 6.559999747E-05 9.200000204E-05 7.308599949E-01 1.906700000E+04 -7.026799805E+03 2.304700012E+02 3.523900146E+02 -2.523400068E+00 9.248700142E+00 1.393399954E+00 3.509800136E-01 1.278599957E-03
 6.764999853E-05 9.200000204E-05 6.716200113E-01 1.397400000E+04 -2.252600098E+03 2.241100006E+02 3.666300049E+02 -2.962599993E+00 2.598999977E+00 1.470100045E+00 3.136099875E-01 1.391300000E-03
 6.969999959E-05 9.200000204E-05 6.175000072E-01 8.000500000E+03 -4.069000000E+03 2.181300049E+02 3.801900024E+02 -3.241800070E+00 -9.010000229E-01 1.545199990E+00 2.806499898E-01 1.513299998E-03
 7.175000064E-05 9.200000204E-05 5.693699718E-01 -4.989100098E+03 -5.388100098E+03 2.125000000E+02 3.922799988E+02 -3.528199911E+00 -2.465500116E+00 1.615300059E+00 2.520700097E-01 1.640800037E-03
 7.380000170E-05 9.200000204E-05 5.268099904E-01 -2.152900000E+04 -1.736800049E+03 2.072200012E+02 4.029800110E+02 -3.942199945E+00 -7.743999958E+00 1.680299997E+00 2.274399996E-01 1.773299999E-03
 7.585000276E-05 9.200000204E-05 4.882200062E-01 -3.986300000E+04 -1.456900024E+03 2.023899994E+02 4.129400024E+02 -4.022900105E+00 6.681499958E+00 1.742300034E+00 2.058500051E-01 1.913300017E-03
 7.789999654E-05 9.200000204E-05 4.549700022E-01 -6.117800000E+04 -1.461099976E+03 1.980099945E+02 4.217200012E+02 -3.994499922E+00 1.236999989E+01 1.798799992E+00 1.876599938E-01 2.052499913E-03
 7.994999760E-05 9.200000204E-05 4.258700013E-01 -7.337500000E+04 4.203600098E+03 1.940700073E+02 4.296000061E+02 -4.322899818E+00 3.379699945E+00 1.850900054E+00 1.721599996E-01 2.192700049E-03
 8.199999866E-05 9.200000204E-05 3.992899954E-01 -7.439000000E+04 5.897600098E+02 1.904100037E+02 4.366900024E+02 -4.358200073E+00 1.941599965E+00 1.899500012E+00 1.583700031E-01 2.338499995E-03
 8.404999971E-05 9.200000204E-05 3.759300113E-01 -7.887500000E+04 -4.984100098E+03 1.868699951E+02 4.430799866E+02 -4.233300209E+00 7.249600291E-01 1.945400000E+00 1.463299990E-01 2.483299933E-03
 8.610000077E-05 9.200000204E-05 3.558099866E-01 -9.685900000E+04 4.564800110E+02 1.837700043E+02 4.487900085E+02 -4.004300117E+00 5.455500126E+00 1.986999989E+00 1.361899972E-01 2.623399952E-03
 8.815000183E-05 9.200000204E-05 3.383100033E-01 -1.076700000E+05 1.996699951E+03 1.810000000E+02 4.537300110E+02 -3.996599913E+00 1.903000069E+01 2.024100065E+00 1.275400072E-01 2.758800052E-03
 9.020000289E-05 9.200000204E-05 3.228900135E-01 -1.112900000E+05 1.176500000E+03 1.783399963E+02 4.579700012E+02 -3.901299953E+00 1.555799961E+01 2.058199883E+00 1.199299991E-01 2.890300006E-03
 9.224999667E-05 9.200000204E-05 3.090499938E-01 -1.184900000E+05 5.787500000E+02 1.760700073E+02 4.621199951E+02 -3.624900103E+00 -5.731700063E-01 2.090199947E+00 1.133299991E-01 3.019700060E-03
 9.429999773E-05 9.200000204E-05 2.971000075E-01 -1.333400000E+05 5.874400024E+02 1.742799988E+02 4.657000122E+02 -3.496999979E+00 1.283200026E+00 2.117100000E+00 1.078300029E-01 3.140700050E-03
 9.634999878E-05 9.200000204E-05 2.872500122E-01 -1.467100000E+05 6.120800171E+02 1.728000031E+02 4.681900024E+02 -3.158400059E+00 1.179800034E+01 2.137599945E+00 1.033700034E-01 3.248200053E-03
 9.839999984E-05 9.200000204E-05 2.787800133E-01 -1.509600000E+05 -1.560000000E+03 1.713800049E+02 4.706799927E+02 -2.827500105E+00 1.250800037E+01 2.157700062E+00 9.949800372E-02 3.346699988E-03
 1.004500009E-04 9.200000204E-05 2.713400126E-01 -1.579500000E+05 -2.680399902E+03 1.701499939E+02 4.728299866E+02 -2.642800093E+00 1.719799995E+00 2.175499916E+00 9.614200145E-02 3.438299987E-03
 1.025000020E-04 9.200000204E-05 2.649399936E-01 -1.691300000E+05 -2.243399902E+03 1.692700043E+02 4.741600037E+02 -2.477999926E+00 1.925799966E+00 2.187200069E+00 9.339100122E-02 3.521299921E-03
 1.045500030E-04 9.200000204E-05 2.592900097E-01 -1.806800000E+05 -6.624400024E+02 1.684100037E+02 4.752999878E+02 -2.517699957E+00 1.159000015E+01 2.198100090E+00 9.093300253E-02 3.597999923E-03
 1.065999968E-04 9.200000204E-05 2.543199956E-01 -1.915800000E+05 8.290200195E+02 1.676399994E+02 4.764899902E+02 -2.437999964E+00 1.022099972E+01 2.208600044E+00 8.878099918E-02 3.668100107E-03
 1.086499979E-04 9.200000204E-05 2.499199957E-01 -2.073200000E+05 -3.753399963E+02 1.671300049E+02 4.777000122E+02 -1.923099995E+00 -1.695000052E+00 2.217600107E+00 8.698099852E-02 3.732699901E-03
 1.106999989E-04 9.200000204E-05 2.459100038E-01 -2.213200000E+05 -2.750399902E+03 1.665500031E+02 4.787099915E+02 -1.591400027E+00 -3.271899939E+00 2.226099968E+00 8.528800309E-02 3.793499898E-03
 1.127500000E-04 9.200000204E-05 2.429299951E-01 -2.506800000E+05 -2.356600098E+03 1.664100037E+02 4.787300110E+02 -1.396399975E+00 1.677500010E+00 2.227200031E+00 8.417999744E-02 3.839900019E-03
 1.148000010E-04 9.200000204E-05 2.415799946E-01 -3.246000000E+05 -1.195400024E+03 1.678099976E+02 4.763099976E+02 -1.682700038E+00 -7.785099983E+00 2.206700087E+00 8.441899717E-02 3.861299949E-03
 1.168500021E-04 9.200000204E-05 2.494000047E-01 -6.951700000E+05 -1.078600000E+04 1.786199951E+02 4.563999939E+02 -2.214499950E+00 -4.586800003E+01 2.053800106E+00 9.292799979E-02 3.744099988E-03
 1.189000031E-04 9.200000204E-05 2.999500036E-01 -1.339300000E+06 -2.033100000E+04 2.138300018E+02 3.812600098E+02 -2.312299967E+00 -9.194899750E+01 1.587399960E+00 1.358200014E-01 3.173500067E-03
 1.209499969E-04 9.200000204E-05 4.372600019E-01 -1.151500000E+06 -1.286200000E+04 2.575199890E+02 2.644500122E+02 -1.538800001E+00 -1.134700012E+02 9.986699820E-01 2.380599976E-01 2.238600049E-03
 1.230000053E-04 9.200000204E-05 6.123999953E-01 -3.749700000E+05 1.606900024E+03 2.813900146E+02 1.801799927E+02 -5.931199789E-01 -6.907900238E+01 6.456300020E-01 3.598099947E-01 1.549800043E-03
 1.250500063E-04 9.200000204E-05 7.183799744E-01 -7.243700000E+04 1.371199951E+03 2.889800110E+02 1.492799988E+02 -5.004000068E-01 3.937099934E+00 5.271000266E-01 4.323999882E-01 1.300100004E-03
 1.270999928E-04 9.200000204E-05 7.502599955E-01 -2.939600000E+04 1.809300049E+03 2.911700134E+02 1.411399994E+02 -5.571500063E-01 2.368700027E+01 4.964100122E-01 4.548999965E-01 1.243400038E-03
 1.291499939E-04 9.200000204E-05 7.574200034E-01 -2.323000000E+04 8.546099609E+03 2.918900146E+02 1.382700043E+02 -4.242300093E-01 1.464700031E+01 4.857099950E-01 4.603799880E-01 1.231599948E-03
 1.311999949E-04 9.200000204E-05 7.600399852E-01 -2.501800000E+04 7.629000000E+03 2.925700073E+02 1.366600037E+02 -4.192300141E-01 9.882799983E-01 4.794999957E-01 4.630500078E-01 1.227300032E-03
 1.332499960E-04 9.200000204E-05 7.629100084E-01 -1.927600000E+04 -3.269199951E+03 2.926499939E+02 1.350099945E+02 -4.434399903E-01 -1.076700020E+01 4.736300111E-01 4.649299979E-01 1.222699997E-03
 1.352999971E-04 9.200000204E-05 7.659000158E-01 -1.178000000E+04 -5.331799805E+03 2.926499939E+02 1.331300049E+02 -4.659999907E-01 -1.901900053E+00 4.670400023E-01 4.667499959E-01 1.217899960E-03
 1.373499981E-04 9.200000204E-05 7.684800029E-01 -1.169600000E+04 3.579899902E+03 2.931499939E+02 1.315700073E+02 -4.313699901E-01 1.157400036E+01 4.611699879E-01 4.691199958E-01 1.213800046E-03
 1.393999992E-04 9.200000204E-05 7.702500224E-01 -1.471200000E+04 -8.541299805E+03 2.935299988E+02 1.301799927E+02 -3.904699981E-01 -1.152999997E+00 4.559899867E-01 4.708099961E-01 1.211000024E-03
 1.414500002E-04 9.200000204E-05 7.725999951E-01 -2.102700000E+04 -1.098000000E+04 2.936799927E+02 1.286300049E+02 -4.312799871E-01 -7.893099785E+00 4.504599869E-01 4.724900126E-01 1.207399997E-03
 1.435000013E-04 9.200000204E-05 7.756800056E-01 -1.752100000E+04 -1.779800049E+03 2.937699890E+02 1.271200027E+02 -3.052999973E-01 -1.461800003E+01 4.451099932E-01 4.745100141E-01 1.202599960E-03
 1.455500023E-04 9.200000204E-05 7.775800228E-01 -6.135500000E+03 -3.585599976E+02 2.939899902E+02 1.257399979E+02 -3.814400136E-01 -1.086799979E+00 4.401200116E-01 4.760400057E-01 1.199600054E-03
 1.476000034E-04 9.200000204E-05 7.790700197E-01 -4.183399902E+03 -4.351299805E+03 2.942999878E+02 1.244000015E+02 -6.332399845E-01 1.143900013E+01 4.352000058E-01 4.774500132E-01 1.197300036E-03
 1.496500045E-04 9.200000204E-05 7.812700272E-01 -2.631000000E+03 -8.122799805E+03 2.943999939E+02 1.228799973E+02 -5.008900166E-01 2.108900070E+01 4.298200011E-01 4.789600074E-01 1.194000011E-03
 1.517000055E-04 9.200000204E-05 7.826600075E-01 -1.028300000E+04 -9.689200195E+03 2.944500122E+02 1.215500031E+02 -2.907600105E-01 1.919599915E+01 4.250999987E-01 4.798899889E-01 1.191799995E-03
 1.537500066E-04 9.200000204E-05 7.837600112E-01 -2.408200000E+04 -3.109100037E+02 2.946300049E+02 1.204599991E+02 -3.316000104E-01 -4.549200058E+00 4.211699963E-01 4.808700085E-01 1.190199982E-03
 1.557999931E-04 9.200000204E-05 7.849199772E-01 -1.708400000E+04 7.559100098E+03 2.949100037E+02 1.194400024E+02 -3.471699953E-01 -1.504599953E+01 4.174000025E-01 4.820300043E-01 1.188399969E-03
 1.578499941E-04 9.200000204E-05 7.861300111E-01 -1.403400000E+04 -7.100099945E+01 2.951600037E+02 1.184800034E+02 -2.832700014E-01 -2.075600052E+01 4.138700068E-01 4.831799865E-01 1.186599955E-03
 1.598999952E-04 9.200000204E-05 7.875000238E-01 -1.405600000E+04 -1.115099976E+03 2.952600098E+02 1.174400024E+02 -3.787899911E-01 9.946499825E+00 4.101800025E-01 4.841899872E-01 1.184500055E-03
 1.619499963E-04 9.200000204E-05 7.882900238E-01 -7.047700195E+03 7.788100098E+03 2.953399963E+02 1.165999985E+02 -2.989900112E-01 1.821500015E+01 4.072000086E-01 4.848099947E-01 1.183300046E-03
 1.639999973E-04 9.200000204E-05 7.888900042E-01 -6.047799805E+03 4.808200195E+03 2.953500061E+02 1.160699997E+02 -8.997400105E-02 -4.008100033E+00 4.053100049E-01 4.851900041E-01 1.182400039E-03
 1.660499984E-04 9.200000204E-05 7.900500298E-01 5.810999870E+00 -4.680500000E+03 2.954599915E+02 1.154000015E+02 -2.022500038E-01 -1.194200039E+01 4.029000103E-01 4.860900044E-01 1.180700026E-03
 1.680999994E-04 9.200000204E-05 7.913799882E-01 -2.231000000E+03 -8.827199707E+02 2.956099854E+02 1.146200027E+02 -2.784999907E-01 2.360599995E+00 4.000799954E-01 4.871599972E-01 1.178700011E-03
 1.701500005E-04 9.200000204E-05 7.922000289E-01 -6.952899902E+03 1.423699951E+03 2.956600037E+02 1.139499969E+02 -2.469500005E-01 -8.504099846E+00 3.977299929E-01 4.877400100E-01 1.177500002E-03
 1.722000015E-04 9.200000204E-05 7.932100296E-01 -8.136599731E+02 1.007099976E+03 2.957200012E+02 1.133700027E+02 -1.825899929E-01 -3.248699951E+01 3.956300020E-01 4.884600043E-01 1.175999991E-03
 1.742500026E-04 9.200000204E-05 7.945200205E-01 2.383399902E+03 -8.591300011E+00 2.958099976E+02 1.129100037E+02 -1.220799983E-01 -7.007800102E+00 3.939799964E-01 4.894100130E-01 1.173999975E-03
 1.763000037E-04 9.200000204E-05 7.941200137E-01 -3.980899902E+03 1.674800049E+03 2.961600037E+02 1.126699982E+02 -1.171400025E-01 1.024600029E+01 3.929100037E-01 4.897600114E-01 1.174599980E-03
 1.783500047E-04 9.200000204E-05 7.940800190E-01 -7.125000000E+03 -4.753100098E+03 2.964400024E+02 1.124800034E+02 2.246699994E-03 4.003300190E+00 3.920699954E-01 4.901799858E-01 1.174699981E-03
 1.804000058E-04 9.200000204E-05 7.953199744E-01 -4.747200195E+03 -8.482500000E+03 2.961199951E+02 1.122900009E+02 -2.553699911E-02 1.829400063E+01 3.916099966E-01 4.904200137E-01 1.172899967E-03
 1.824500068E-04 9.200000204E-05 7.955200076E-01 -4.010100098E+03 -7.440399902E+03 2.959299927E+02 1.123000031E+02 5.535300076E-02 -3.970499992E+00 3.917799890E-01 4.902400076E-01 1.172599965E-03
 1.844999933E-04 9.200000204E-05 7.952799797E-01 -4.223200195E+03 -7.139500000E+03 2.959800110E+02 1.125299988E+02 6.054599956E-02 -2.921500015E+01 3.925400078E-01 4.901599884E-01 1.172899967E-03
 1.865499944E-04 9.200000204E-05 7.951800227E-01 -4.430200195E+03 7.241899902E+03 2.957999878E+02 1.126299973E+02 -4.843899980E-02 -3.016599894E+00 3.930200040E-01 4.898099899E-01 1.173099969E-03
 1.885999955E-04 9.200000204E-05 7.952799797E-01 9.609000244E+02 7.229799805E+03 2.958500061E+02 1.126200027E+02 6.980700046E-02 1.562399960E+01 3.929400146E-01 4.899500012E-01 1.172899967E-03
 1.906499965E-04 9.200000204E-05 7.949399948E-01 8.284700012E+01 -3.839500122E+02 2.959500122E+02 1.128499985E+02 1.066600010E-01 1.163400054E+00 3.936600089E-01 4.899100065E-01 1.173399971E-03
 1.926999976E-04 9.200000204E-05 7.944899797E-01 -1.193900000E+04 3.103699951E+03 2.959899902E+02 1.133399963E+02 2.360499948E-01 -2.663699913E+01 3.953500092E-01 4.896900058E-01 1.174099976E-03
 1.947499986E-04 9.200000204E-05 7.944999933E-01 -7.833899902E+03 5.685799805E+03 2.959299927E+02 1.139199982E+02 3.386299908E-01 -2.405800104E+00 3.974399865E-01 4.896000028E-01 1.174099976E-03
 1.967999997E-04 9.200000204E-05 7.933400273E-01 -2.328100098E+03 8.527299805E+03 2.957999878E+02 1.147600021E+02 4.200200140E-01 1.506799984E+01 4.004600048E-01 4.886800051E-01 1.175799989E-03
 1.988500007E-04 9.200000204E-05 7.926300168E-01 3.817199951E+03 7.365200195E+03 2.956499939E+02 1.156500015E+02 4.877499938E-01 -2.827100039E+00 4.036400020E-01 4.879800081E-01 1.176799997E-03
 2.009000018E-04 9.200000204E-05 7.922300100E-01 1.158500000E+04 5.559700195E+03 2.954200134E+02 1.164599991E+02 3.929699957E-01 2.037000084E+01 4.066399932E-01 4.873600006E-01 1.177400001E-03
 2.029500029E-04 9.200000204E-05 7.903500199E-01 1.904000000E+03 7.478500000E+03 2.953500061E+02 1.174300003E+02 4.575099945E-01 2.140699959E+01 4.100799859E-01 4.860900044E-01 1.180200023E-03
 2.050000039E-04 9.200000204E-05 7.892699838E-01 -2.954699951E+03 8.939000000E+03 2.953299866E+02 1.179400024E+02 5.645599961E-01 1.310899973E+00 4.118799865E-01 4.853999913E-01 1.181900036E-03
ZONE T="BUFFER ZONE"
 STRANDID=0, SOLUTIONTIME=0
 I=31, J=41, K=1, ZONETYPE=Ordered
 DATAPACKING=POINT
 DT=(SINGLE SINGLE SINGLE SINGLE SINGLE SINGLE SINGLE SINGLE SINGLE SINGLE SINGLE SINGLE )
 2.050000039E-04 0.000000000E+00 3.816300035E-01 1.362500000E+04 -2.938200000E+05 2.894100037E+02 2.029400110E+00 3.118999939E+02 9.023600006E+01 7.755699754E-01 3.511399925E-01 1.811799943E-03
 2.070500050E-04 0.000000000E+00 3.818300068E-01 1.539100000E+04 -2.855100000E+05 2.892600098E+02 4.771699905E+00 3.114700012E+02 7.319699860E+01 7.733200192E-01 3.518199921E-01 1.808500034E-03
 2.091000060E-04 0.000000000E+00 3.821099997E-01 1.291200000E+04 -2.715100000E+05 2.890599976E+02 1.047399998E+01 3.109599915E+02 6.491600037E+01 7.723299861E-01 3.519900143E-01 1.806700020E-03
 2.111500071E-04 0.000000000E+00 3.819999993E-01 1.091100000E+04 -2.645000000E+05 2.891400146E+02 1.628000069E+01 3.114700012E+02 7.083200073E+01 7.778099775E-01 3.504799902E-01 1.812299946E-03
 2.131999936E-04 0.000000000E+00 3.815400004E-01 1.733100000E+04 -2.602200000E+05 2.894899902E+02 2.182699966E+01 3.119800110E+02 7.793099976E+01 7.849400043E-01 3.480899930E-01 1.822800026E-03
 2.152499947E-04 0.000000000E+00 3.808299899E-01 1.501900000E+04 -2.636800000E+05 2.900299988E+02 2.763400078E+01 3.122399902E+02 7.801799774E+01 7.942399979E-01 3.442699909E-01 1.839700039E-03
 2.172999957E-04 0.000000000E+00 3.798300028E-01 1.066400000E+04 -2.772200000E+05 2.907900085E+02 3.419800186E+01 3.127500000E+02 7.018900299E+01 8.068600297E-01 3.394399881E-01 1.861999976E-03
 2.193499968E-04 0.000000000E+00 3.789899945E-01 8.250900391E+03 -2.777000000E+05 2.914400024E+02 4.120199966E+01 3.136799927E+02 7.136900330E+01 8.205000162E-01 3.353700042E-01 1.881300006E-03
 2.213999978E-04 0.000000000E+00 3.780300021E-01 2.892300049E+03 -2.695000000E+05 2.921700134E+02 4.827700043E+01 3.149800110E+02 6.683000183E+01 8.357899785E-01 3.314200044E-01 1.901300042E-03
 2.234499989E-04 0.000000000E+00 3.775199950E-01 7.466799805E+03 -2.629200000E+05 2.925599976E+02 5.515800095E+01 3.157200012E+02 6.816300201E+01 8.513600230E-01 3.269999921E-01 1.921199961E-03
 2.254999999E-04 0.000000000E+00 3.770799935E-01 8.445799805E+03 -2.674800000E+05 2.929100037E+02 6.221200180E+01 3.168800049E+02 9.139099884E+01 8.696399927E-01 3.223899901E-01 1.942200004E-03
 2.275500010E-04 0.000000000E+00 3.761500120E-01 8.496500000E+03 -2.623800000E+05 2.936300049E+02 6.902700043E+01 3.183800049E+02 1.155999985E+02 8.891800046E-01 3.176099956E-01 1.966899959E-03
 2.296000021E-04 0.000000000E+00 3.754499853E-01 1.793500000E+04 -2.505900000E+05 2.941799927E+02 7.545200348E+01 3.195299988E+02 1.095699997E+02 9.088100195E-01 3.125900030E-01 1.992299920E-03
 2.316500031E-04 0.000000000E+00 3.743799925E-01 2.335400000E+04 -2.488900000E+05 2.950199890E+02 8.257900238E+01 3.208599854E+02 1.139000015E+02 9.325100183E-01 3.064100146E-01 2.025800059E-03
 2.337000042E-04 0.000000000E+00 3.731000125E-01 2.571900000E+04 -2.557600000E+05 2.960299988E+02 9.061399841E+01 3.218900146E+02 1.177799988E+02 9.583799839E-01 2.995400131E-01 2.064999891E-03
 2.357500052E-04 0.000000000E+00 3.724400103E-01 2.376800000E+04 -2.549100000E+05 2.965599976E+02 9.955500031E+01 3.224700012E+02 1.044100037E+02 9.852799773E-01 2.928999960E-01 2.101300051E-03
 2.378000063E-04 0.000000000E+00 3.722800016E-01 1.485800000E+04 -2.492200000E+05 2.966900024E+02 1.095299988E+02 3.228900146E+02 7.303600311E+01 1.014000058E+00 2.866399884E-01 2.134500071E-03
 2.398499928E-04 0.000000000E+00 3.716399968E-01 6.417000000E+03 -2.511400000E+05 2.972000122E+02 1.202099991E+02 3.241099854E+02 1.957399940E+01 1.043900013E+00 2.814100087E-01 2.166199964E-03
 2.418999939E-04 0.000000000E+00 3.707799911E-01 2.793399963E+02 -2.322300000E+05 2.978800049E+02 1.300299988E+02 3.261799927E+02 7.848000050E+00 1.071400046E+00 2.779299915E-01 2.190399915E-03
 2.439499949E-04 0.000000000E+00 3.700900078E-01 -3.598199951E+03 -2.110400000E+05 2.984400024E+02 1.377599945E+02 3.285199890E+02 3.149300003E+01 1.094599962E+00 2.755900025E-01 2.207800047E-03
 2.460000105E-04 0.000000000E+00 3.696500063E-01 2.827699951E+03 -2.022500000E+05 2.987900085E+02 1.437500000E+02 3.304299927E+02 4.280400085E+01 1.115399957E+00 2.730599940E-01 2.224999946E-03
 2.480499970E-04 0.000000000E+00 3.696700037E-01 1.642200000E+04 -1.986300000E+05 2.987799988E+02 1.497799988E+02 3.306900024E+02 3.672299957E+01 1.136500001E+00 2.689999938E-01 2.249100013E-03
 2.501000126E-04 0.000000000E+00 3.697299957E-01 2.360900000E+04 -1.867000000E+05 2.987300110E+02 1.569900055E+02 3.306799927E+02 3.779700089E+01 1.161399961E+00 2.641299963E-01 2.278599888E-03
 2.521499991E-04 0.000000000E+00 3.697000146E-01 1.814700000E+04 -1.669900000E+05 2.987600098E+02 1.657799988E+02 3.313699951E+02 4.137799835E+01 1.192399979E+00 2.589600086E-01 2.311700024E-03
 2.541999856E-04 0.000000000E+00 3.698300123E-01 1.712100000E+04 -1.430400000E+05 2.986499939E+02 1.751199951E+02 3.323099976E+02 4.279700089E+01 1.225499988E+00 2.540400028E-01 2.343300031E-03
 2.562500013E-04 0.000000000E+00 3.696100116E-01 2.090100000E+04 -1.216600000E+05 2.988299866E+02 1.856600037E+02 3.328399963E+02 3.681399918E+01 1.261500001E+00 2.485699952E-01 2.382700099E-03
 2.582999878E-04 0.000000000E+00 3.694100082E-01 2.252700000E+04 -9.608000000E+04 2.989899902E+02 1.988099976E+02 3.330199890E+02 1.156999969E+01 1.304399967E+00 2.424300015E-01 2.428200096E-03
 2.603500034E-04 0.000000000E+00 3.696799874E-01 2.283800000E+04 -7.410100000E+04 2.987699890E+02 2.135299988E+02 3.332699890E+02 -1.908600044E+01 1.350000024E+00 2.372000068E-01 2.465999918E-03
 2.623999899E-04 0.000000000E+00 3.697499931E-01 1.383700000E+04 -6.167000000E+04 2.987099915E+02 2.296199951E+02 3.335400085E+02 -6.960900116E+01 1.397799969E+00 2.325000018E-01 2.502599964E-03
 2.644500055E-04 0.000000000E+00 3.694899976E-01 -1.210199951E+03 -4.072400000E+04 2.989299927E+02 2.446600037E+02 3.359299927E+02 -1.044700012E+02 1.443300009E+00 2.297199965E-01 2.526999917E-03
 2.664999920E-04 0.000000000E+00 5.573999882E-01 1.715400024E+03 -8.289000000E+04 3.346300049E+02 6.163299942E+01 2.106499939E+02 1.069100037E+02 7.200700045E-01 3.884100020E-01 1.673500054E-03
 2.050000039E-04 2.300000006E-06 4.884000123E-01 6.625200195E+03 -1.887600000E+05 3.140899963E+02 2.428100109E+00 2.542899933E+02 8.689299774E+01 7.084599733E-01 3.854900002E-01 1.689599943E-03
 2.070500050E-04 2.300000006E-06 4.884000123E-01 8.387200195E+03 -1.816300000E+05 3.140100098E+02 5.270199776E+00 2.538000031E+02 7.357299805E+01 7.066000104E-01 3.857600093E-01 1.688200049E-03
 2.091000060E-04 2.300000006E-06 4.879899919E-01 8.985799805E+03 -1.687600000E+05 3.138399963E+02 1.111999989E+01 2.533800049E+02 6.152500153E+01 7.060499787E-01 3.853799999E-01 1.688700053E-03
 2.111500071E-04 2.300000006E-06 4.867500067E-01 9.919900391E+03 -1.647800000E+05 3.137099915E+02 1.718600082E+01 2.542400055E+02 6.651300049E+01 7.117300034E-01 3.835799992E-01 1.694699982E-03
 2.131999936E-04 2.300000006E-06 4.845899940E-01 1.181800000E+04 -1.686200000E+05 3.136499939E+02 2.316099930E+01 2.553200073E+02 7.301899719E+01 7.192900181E-01 3.807300031E-01 1.705099945E-03
 2.152499947E-04 2.300000006E-06 4.819599986E-01 1.105400000E+04 -1.688700000E+05 3.137000122E+02 2.930999947E+01 2.560899963E+02 6.960800171E+01 7.277100086E-01 3.769499958E-01 1.719700056E-03
 2.172999957E-04 2.300000006E-06 4.786899984E-01 8.679599609E+03 -1.751200000E+05 3.139200134E+02 3.597000122E+01 2.571300049E+02 6.559400177E+01 7.385699749E-01 3.723999858E-01 1.738599967E-03
 2.193499968E-04 2.300000006E-06 4.751999974E-01 5.554399902E+03 -1.761600000E+05 3.141099854E+02 4.286999893E+01 2.587500000E+02 6.935399628E+01 7.514200211E-01 3.680599928E-01 1.756899990E-03
 2.213999978E-04 2.300000006E-06 4.718799889E-01 4.529100098E+03 -1.726200000E+05 3.142799988E+02 4.984000015E+01 2.607999878E+02 7.426999664E+01 7.662500143E-01 3.638600111E-01 1.775100012E-03
 2.234499989E-04 2.300000006E-06 4.688099921E-01 6.051500000E+03 -1.732400000E+05 3.139800110E+02 5.670299911E+01 2.625199890E+02 8.383300018E+01 7.817199826E-01 3.590900004E-01 1.793300034E-03
 2.254999999E-04 2.300000006E-06 4.654000103E-01 4.347200195E+03 -1.755100000E+05 3.137000122E+02 6.365999985E+01 2.646900024E+02 1.004300003E+02 7.995100021E-01 3.540399969E-01 1.813399955E-03
 2.275500010E-04 2.300000006E-06 4.613600075E-01 7.615700195E+03 -1.738800000E+05 3.137999878E+02 7.064399719E+01 2.673200073E+02 1.136900024E+02 8.190100193E-01 3.488700092E-01 1.836800016E-03
 2.296000021E-04 2.300000006E-06 4.572399855E-01 1.678100000E+04 -1.691300000E+05 3.135899963E+02 7.752400208E+01 2.698299866E+02 1.166200027E+02 8.393399715E-01 3.431900144E-01 1.861399971E-03
 2.316500031E-04 2.300000006E-06 4.523800015E-01 2.283800000E+04 -1.665800000E+05 3.134800110E+02 8.487599945E+01 2.722999878E+02 1.233899994E+02 8.617799878E-01 3.365199864E-01 1.892299973E-03
 2.337000042E-04 2.300000006E-06 4.467200041E-01 2.044400000E+04 -1.726700000E+05 3.135299988E+02 9.287899780E+01 2.748599854E+02 1.236500015E+02 8.864200115E-01 3.291099966E-01 1.928900019E-03
 2.357500052E-04 2.300000006E-06 4.409599900E-01 1.302600000E+04 -1.813700000E+05 3.132999878E+02 1.014100037E+02 2.773399963E+02 1.073199997E+02 9.124199748E-01 3.215300143E-01 1.966200070E-03
 2.378000063E-04 2.300000006E-06 4.363999963E-01 1.239300000E+04 -1.834400000E+05 3.126900024E+02 1.105599976E+02 2.792999878E+02 7.139900208E+01 9.386799932E-01 3.146100044E-01 1.999099972E-03
 2.398499928E-04 2.300000006E-06 4.324199855E-01 1.031700000E+04 -1.890100000E+05 3.122999878E+02 1.202500000E+02 2.818800049E+02 3.569100189E+01 9.666299820E-01 3.088400066E-01 2.028800081E-03
 2.418999939E-04 2.300000006E-06 4.289900064E-01 4.196299805E+03 -1.815400000E+05 3.123800049E+02 1.293300018E+02 2.852399902E+02 2.537500000E+01 9.939500093E-01 3.047699928E-01 2.052600030E-03
 2.439499949E-04 2.300000006E-06 4.260799885E-01 5.813100098E+03 -1.659000000E+05 3.124400024E+02 1.371900024E+02 2.890199890E+02 4.752299881E+01 1.019799948E+00 3.016400039E-01 2.071399940E-03
 2.460000105E-04 2.300000006E-06 4.229100049E-01 1.482400000E+04 -1.630200000E+05 3.121700134E+02 1.441499939E+02 2.926400146E+02 6.483300018E+01 1.044999957E+00 2.979399860E-01 2.092000097E-03
 2.480499970E-04 2.300000006E-06 4.190500081E-01 2.173500000E+04 -1.669900000E+05 3.114500122E+02 1.509499969E+02 2.951900024E+02 7.420099640E+01 1.069900036E+00 2.925800085E-01 2.120299963E-03
 2.501000126E-04 2.300000006E-06 4.144200087E-01 2.209500000E+04 -1.630500000E+05 3.104400024E+02 1.583600006E+02 2.974800110E+02 8.676699829E+01 1.097000003E+00 2.860600054E-01 2.155299997E-03
 2.521499991E-04 2.300000006E-06 4.095200002E-01 2.141100000E+04 -1.500700000E+05 3.093500061E+02 1.668699951E+02 3.005299988E+02 8.782299805E+01 1.129199982E+00 2.791700065E-01 2.193999942E-03
 2.541999856E-04 2.300000006E-06 4.043299854E-01 2.524900000E+04 -1.355000000E+05 3.080799866E+02 1.760599976E+02 3.042900085E+02 8.548300171E+01 1.165300012E+00 2.721000016E-01 2.234699903E-03
 2.562500013E-04 2.300000006E-06 3.983500004E-01 2.716600000E+04 -1.297700000E+05 3.069800110E+02 1.865599976E+02 3.080100098E+02 7.225700378E+01 1.204900026E+00 2.644299865E-01 2.283599926E-03
 2.582999878E-04 2.300000006E-06 3.917300105E-01 2.907700000E+04 -1.198500000E+05 3.057900085E+02 1.989600067E+02 3.117200012E+02 6.568599701E+01 1.249899983E+00 2.559800148E-01 2.340799896E-03
 2.603500034E-04 2.300000006E-06 3.855200112E-01 3.035300000E+04 -1.076400000E+05 3.042300110E+02 2.125299988E+02 3.155299988E+02 4.410499954E+01 1.297899961E+00 2.480199933E-01 2.395299962E-03
 2.623999899E-04 2.300000006E-06 3.798899949E-01 2.410100000E+04 -9.791300000E+04 3.028399963E+02 2.273399963E+02 3.194500122E+02 6.579999924E-01 1.348600030E+00 2.409200072E-01 2.447299892E-03
 2.644500055E-04 2.300000006E-06 3.726400137E-01 1.463000000E+04 -7.977500000E+04 3.011499939E+02 2.436499939E+02 3.248900146E+02 -2.235000038E+01 1.399199963E+00 2.357999980E-01 2.487499965E-03
 2.664999920E-04 2.300000006E-06 3.680399954E-01 1.007800000E+04 -6.912100000E+04 3.001099854E+02 2.522599945E+02 3.282999878E+02 -2.446500015E+01 1.423699975E+00 2.340099961E-01 2.502700081E-03
 2.050000039E-04 4.600000011E-06 6.079900265E-01 6.335700195E+03 -7.412700000E+04 3.405100098E+02 3.009000063E+00 1.891399994E+02 4.405500031E+01 6.152899861E-01 4.311600029E-01 1.534900046E-03
 2.070500050E-04 4.600000011E-06 6.075800061E-01 1.979000000E+03 -6.624700000E+04 3.405700073E+02 6.206900120E+00 1.886900024E+02 4.786199951E+01 6.141200066E-01 4.309400022E-01 1.535900054E-03
 2.091000060E-04 4.600000011E-06 6.061300039E-01 3.041000061E+02 -5.414000000E+04 3.405100098E+02 1.256400013E+01 1.884700012E+02 4.756200027E+01 6.144899726E-01 4.298500121E-01 1.539599965E-03
 2.111500071E-04 4.600000011E-06 6.036999822E-01 6.283899902E+03 -5.288200000E+04 3.401600037E+02 1.894300079E+01 1.895800018E+02 5.439899826E+01 6.201400161E-01 4.276700020E-01 1.545800013E-03
 2.131999936E-04 4.600000011E-06 6.001999974E-01 7.576500000E+03 -6.264100000E+04 3.397300110E+02 2.548299980E+01 1.910299988E+02 5.531600189E+01 6.277099848E-01 4.246700108E-01 1.554799965E-03
 2.152499947E-04 4.600000011E-06 5.958399773E-01 7.096899902E+03 -6.304800000E+04 3.393500061E+02 3.213700104E+01 1.922200012E+02 4.951300049E+01 6.351199746E-01 4.211100042E-01 1.566200051E-03
 2.172999957E-04 4.600000011E-06 5.904399753E-01 5.200600098E+03 -6.015100000E+04 3.390199890E+02 3.893399811E+01 1.936499939E+02 5.798600006E+01 6.440299749E-01 4.168899953E-01 1.580600045E-03
 2.193499968E-04 4.600000011E-06 5.850300193E-01 1.408300049E+03 -5.927300000E+04 3.387200012E+02 4.571200180E+01 1.957299957E+02 7.234300232E+01 6.556299925E-01 4.127100110E-01 1.595300040E-03
 2.213999978E-04 4.600000011E-06 5.798799992E-01 3.615199951E+03 -6.071300000E+04 3.383999939E+02 5.248899841E+01 1.982400055E+02 8.973899841E+01 6.692699790E-01 4.086900055E-01 1.609600033E-03
 2.234499989E-04 4.600000011E-06 5.743700266E-01 5.100600098E+03 -6.448100000E+04 3.376000061E+02 5.940900040E+01 2.008099976E+02 1.033000031E+02 6.842499971E-01 4.038600028E-01 1.625100034E-03
 2.254999999E-04 4.600000011E-06 5.681899786E-01 5.443700195E+03 -5.995500000E+04 3.366799927E+02 6.633100128E+01 2.037400055E+02 1.071900024E+02 7.010800242E-01 3.984200060E-01 1.642800053E-03
 2.275500010E-04 4.600000011E-06 5.612999797E-01 9.089000000E+03 -5.995700000E+04 3.360400085E+02 7.349600220E+01 2.071999969E+02 1.022399979E+02 7.200300097E-01 3.928500116E-01 1.663099974E-03
 2.296000021E-04 4.600000011E-06 5.540699959E-01 1.068100000E+04 -6.448800000E+04 3.351400146E+02 8.095300293E+01 2.108200073E+02 1.066100006E+02 7.406399846E-01 3.867599964E-01 1.684900024E-03
 2.316500031E-04 4.600000011E-06 5.456900001E-01 1.373700000E+04 -6.492700000E+04 3.342399902E+02 8.864199829E+01 2.141100006E+02 1.150699997E+02 7.610599995E-01 3.798800111E-01 1.710899989E-03
 2.337000042E-04 4.600000011E-06 5.366200209E-01 1.398300000E+04 -7.004800000E+04 3.334899902E+02 9.645800018E+01 2.177200012E+02 1.074800034E+02 7.829499841E-01 3.727400005E-01 1.739999978E-03
 2.357500052E-04 4.600000011E-06 5.271300077E-01 8.220000000E+03 -8.209900000E+04 3.326900024E+02 1.043499985E+02 2.213999939E+02 9.715599823E+01 8.057399988E-01 3.652899861E-01 1.771699986E-03
 2.378000063E-04 4.600000011E-06 5.187299848E-01 8.487599609E+03 -8.665800000E+04 3.316300049E+02 1.123899994E+02 2.242700043E+02 7.362599945E+01 8.271499872E-01 3.583500087E-01 1.800499973E-03
 2.398499928E-04 4.600000011E-06 5.118499994E-01 1.354600000E+04 -9.416900000E+04 3.305499878E+02 1.204599991E+02 2.276699982E+02 6.370800018E+01 8.506900072E-01 3.524500132E-01 1.824900042E-03
 2.418999939E-04 4.600000011E-06 5.058900118E-01 1.245700000E+04 -9.771600000E+04 3.300299988E+02 1.283899994E+02 2.320299988E+02 6.637200165E+01 8.764799833E-01 3.477900028E-01 1.846399973E-03
 2.439499949E-04 4.600000011E-06 5.003799796E-01 1.441700000E+04 -8.926900000E+04 3.295599976E+02 1.363800049E+02 2.370899963E+02 7.692900085E+01 9.046599865E-01 3.435100019E-01 1.866700011E-03
 2.460000105E-04 4.600000011E-06 4.939799905E-01 2.066600000E+04 -9.147900000E+04 3.285000000E+02 1.445899963E+02 2.425800018E+02 9.527500153E+01 9.355599880E-01 3.380300105E-01 1.890899963E-03
 2.480499970E-04 4.600000011E-06 4.859699905E-01 2.146400000E+04 -9.821200000E+04 3.271099854E+02 1.527700043E+02 2.477599945E+02 1.080699997E+02 9.663299918E-01 3.311400115E-01 1.922099967E-03
 2.501000126E-04 4.600000011E-06 4.766600132E-01 1.662200000E+04 -1.009000000E+05 3.253800049E+02 1.608800049E+02 2.523500061E+02 1.182500000E+02 9.962300062E-01 3.231000006E-01 1.959800022E-03
 2.521499991E-04 4.600000011E-06 4.666900039E-01 1.891100000E+04 -9.932500000E+04 3.232300110E+02 1.691900024E+02 2.573699951E+02 1.294600067E+02 1.028699994E+00 3.142600060E-01 2.001800109E-03
 2.541999856E-04 4.600000011E-06 4.560399950E-01 2.881700000E+04 -9.837600000E+04 3.208999939E+02 1.782899933E+02 2.633800049E+02 1.278099976E+02 1.066100001E+00 3.048900068E-01 2.048599999E-03
 2.562500013E-04 4.600000011E-06 4.442499876E-01 3.242600000E+04 -1.032700000E+05 3.185400085E+02 1.885399933E+02 2.697399902E+02 1.035699997E+02 1.107300043E+00 2.948200107E-01 2.103300067E-03
 2.582999878E-04 4.600000011E-06 4.311400056E-01 3.325700000E+04 -1.096100000E+05 3.160100098E+02 1.998000031E+02 2.764599915E+02 1.131200027E+02 1.152300000E+00 2.838599980E-01 2.167500090E-03
 2.603500034E-04 4.600000011E-06 4.178799987E-01 3.370700000E+04 -1.129900000E+05 3.132799988E+02 2.118899994E+02 2.835700073E+02 1.145699997E+02 1.200999975E+00 2.727499902E-01 2.236299915E-03
 2.623999899E-04 4.600000011E-06 4.051600099E-01 3.852900000E+04 -1.098700000E+05 3.104899902E+02 2.247700043E+02 2.911199951E+02 9.552600098E+01 1.253399968E+00 2.620899975E-01 2.306099981E-03
 2.644500055E-04 4.600000011E-06 3.831999898E-01 4.739200000E+04 -9.592600000E+04 3.048399963E+02 2.461100006E+02 3.002399902E+02 1.180899963E+02 1.312700033E+00 2.521100044E-01 2.374199918E-03
 2.664999920E-04 4.600000011E-06 3.674399853E-01 5.193900000E+04 -8.451500000E+04 3.006000061E+02 2.608299866E+02 3.054800110E+02 1.447799988E+02 1.344900012E+00 2.473299950E-01 2.407399938E-03
 2.050000039E-04 6.899999789E-06 6.276000142E-01 8.829799805E+03 -5.518300000E+04 3.434700012E+02 3.412800074E+00 1.756100006E+02 9.163800240E+00 5.688099861E-01 4.489000142E-01 1.486500027E-03
 2.070500050E-04 6.899999789E-06 6.267399788E-01 5.251500000E+03 -4.946700000E+04 3.436300049E+02 6.959700108E+00 1.754700012E+02 1.520600033E+01 5.686699748E-01 4.484899938E-01 1.488500042E-03
 2.091000060E-04 6.899999789E-06 6.248900294E-01 1.453199951E+03 -4.457700000E+04 3.435899963E+02 1.381099987E+01 1.756199951E+02 2.745000076E+01 5.704900026E-01 4.471200109E-01 1.492899959E-03
 2.111500071E-04 6.899999789E-06 6.227999926E-01 5.684299805E+03 -4.757900000E+04 3.431799927E+02 2.049799919E+01 1.765200043E+02 3.996699905E+01 5.758399963E-01 4.450800121E-01 1.497899997E-03
 2.131999936E-04 6.899999789E-06 6.195399761E-01 9.554200195E+03 -4.763600000E+04 3.428800049E+02 2.743700027E+01 1.776799927E+02 3.641199875E+01 5.828800201E-01 4.423699975E-01 1.505800057E-03
 2.152499947E-04 6.899999789E-06 6.151099801E-01 -5.774299927E+02 -4.707300000E+04 3.427000122E+02 3.434700012E+01 1.788500061E+02 3.746300125E+01 5.905600190E-01 4.389800131E-01 1.516700024E-03
 2.172999957E-04 6.899999789E-06 6.105599999E-01 -3.132800049E+03 -4.676100000E+04 3.422999878E+02 4.111199951E+01 1.800399933E+02 6.319699860E+01 5.992000103E-01 4.352299869E-01 1.527999993E-03
 2.193499968E-04 6.899999789E-06 6.059600115E-01 6.556899902E+03 -4.246300000E+04 3.418399963E+02 4.788100052E+01 1.818600006E+02 8.514499664E+01 6.105700135E-01 4.313699901E-01 1.539599965E-03
 2.213999978E-04 6.899999789E-06 6.005799770E-01 8.896599609E+03 -4.352600000E+04 3.415899963E+02 5.470999908E+01 1.841999969E+02 9.170099640E+01 6.241099834E-01 4.272199869E-01 1.553399954E-03
 2.234499989E-04 6.899999789E-06 5.951600075E-01 7.268399902E+03 -4.837100000E+04 3.410199890E+02 6.166500092E+01 1.866399994E+02 1.042500000E+02 6.389700174E-01 4.226700068E-01 1.567499945E-03
 2.254999999E-04 6.899999789E-06 5.896300077E-01 1.105200000E+04 -3.946900000E+04 3.400199890E+02 6.862899780E+01 1.892400055E+02 1.065400009E+02 6.553199887E-01 4.175100029E-01 1.582300058E-03
 2.275500010E-04 6.899999789E-06 5.831699967E-01 9.458599609E+03 -2.885200000E+04 3.392200012E+02 7.582199860E+01 1.921300049E+02 1.003799973E+02 6.732199788E-01 4.119600058E-01 1.599799958E-03
 2.296000021E-04 6.899999789E-06 5.765799880E-01 3.969899902E+03 -3.343500000E+04 3.385199890E+02 8.331300354E+01 1.952400055E+02 8.793499756E+01 6.925899982E-01 4.064700007E-01 1.618099981E-03
 2.316500031E-04 6.899999789E-06 5.691499710E-01 3.545399902E+03 -3.780000000E+04 3.377699890E+02 9.097699738E+01 1.980000000E+02 7.672399902E+01 7.117300034E-01 4.003500044E-01 1.639400027E-03
 2.337000042E-04 6.899999789E-06 5.617100000E-01 8.346500000E+03 -4.030100000E+04 3.371900024E+02 9.849900055E+01 2.009700012E+02 8.092600250E+01 7.316300273E-01 3.944399953E-01 1.661099959E-03
 2.357500052E-04 6.899999789E-06 5.543100238E-01 1.141800000E+04 -4.432500000E+04 3.367099915E+02 1.060199966E+02 2.037200012E+02 8.159600067E+01 7.513099909E-01 3.886899948E-01 1.683400013E-03
 2.378000063E-04 6.899999789E-06 5.469099879E-01 3.875600098E+03 -4.101900000E+04 3.360199890E+02 1.135100021E+02 2.057400055E+02 6.726000214E+01 7.695099711E-01 3.827100098E-01 1.706199953E-03
 2.398499928E-04 6.899999789E-06 5.408800244E-01 1.019700000E+04 -3.953100000E+04 3.351499939E+02 1.207099991E+02 2.083800049E+02 6.370899963E+01 7.896199822E-01 3.775199950E-01 1.725299982E-03
 2.418999939E-04 6.899999789E-06 5.348700285E-01 1.627500000E+04 -4.171400000E+04 3.345899963E+02 1.281699982E+02 2.122500000E+02 8.695099640E+01 8.136799932E-01 3.727000058E-01 1.744700014E-03
 2.439499949E-04 6.899999789E-06 5.281000137E-01 1.426300000E+04 -4.296400000E+04 3.341099854E+02 1.361999969E+02 2.170800018E+02 1.036200027E+02 8.415899873E-01 3.674600124E-01 1.766999951E-03
 2.460000105E-04 6.899999789E-06 5.210599899E-01 1.823000000E+04 -4.591300000E+04 3.330000000E+02 1.447200012E+02 2.226199951E+02 1.088499985E+02 8.734700084E-01 3.613600135E-01 1.790800015E-03
 2.480499970E-04 6.899999789E-06 5.127199888E-01 2.026300000E+04 -4.506800000E+04 3.316300049E+02 1.536799927E+02 2.281999969E+02 1.086699982E+02 9.068700075E-01 3.541100025E-01 1.820100006E-03
 2.501000126E-04 6.899999789E-06 5.032799840E-01 1.985100000E+04 -4.930900000E+04 3.302099915E+02 1.625200043E+02 2.330299988E+02 1.125899963E+02 9.385100007E-01 3.461099863E-01 1.854200033E-03
 2.521499991E-04 6.899999789E-06 4.934700131E-01 2.213700000E+04 -5.393100000E+04 3.282300110E+02 1.711699982E+02 2.375800018E+02 1.238700027E+02 9.702399969E-01 3.373300135E-01 1.891199965E-03
 2.541999856E-04 6.899999789E-06 4.828900099E-01 2.746900000E+04 -5.522100000E+04 3.260299988E+02 1.803699951E+02 2.425299988E+02 1.316000061E+02 1.004899979E+00 3.278900087E-01 1.932700048E-03
 2.562500013E-04 6.899999789E-06 4.715600014E-01 3.342000000E+04 -5.661700000E+04 3.237300110E+02 1.903300018E+02 2.478399963E+02 1.197799988E+02 1.042600036E+00 3.179500103E-01 1.979300054E-03
 2.582999878E-04 6.899999789E-06 4.591400027E-01 3.834600000E+04 -5.843500000E+04 3.213399963E+02 2.009700012E+02 2.535299988E+02 1.110100021E+02 1.083400011E+00 3.072899878E-01 2.033200115E-03
 2.603500034E-04 6.899999789E-06 4.455800056E-01 3.748600000E+04 -6.284200000E+04 3.188999939E+02 2.124799957E+02 2.597900085E+02 1.111900024E+02 1.128299952E+00 2.959699929E-01 2.095300006E-03
 2.623999899E-04 6.899999789E-06 4.311499894E-01 4.531200000E+04 -6.194000000E+04 3.160000000E+02 2.250700073E+02 2.670299988E+02 1.243799973E+02 1.179399967E+00 2.837800086E-01 2.165500075E-03
 2.644500055E-04 6.899999789E-06 3.963600099E-01 7.335300000E+04 -5.303000000E+04 3.068900146E+02 2.536199951E+02 2.767000122E+02 1.942799988E+02 1.246099949E+00 2.694500089E-01 2.251999918E-03
 2.664999920E-04 6.899999789E-06 3.689500093E-01 9.162200000E+04 -4.613100000E+04 2.993699951E+02 2.755899963E+02 2.824200134E+02 2.489299927E+02 1.285200000E+00 2.614000142E-01 2.301400062E-03
 2.050000039E-04 9.200000022E-06 6.399400234E-01 2.801600098E+03 -4.864100000E+04 3.458800049E+02 3.623300076E+00 1.639299927E+02 1.916099930E+01 5.291399956E-01 4.609400034E-01 1.457800041E-03
 2.070500050E-04 9.200000022E-06 6.391299963E-01 4.729500000E+03 -4.285000000E+04 3.459500122E+02 7.408400059E+00 1.640500031E+02 7.015200138E+00 5.300499797E-01 4.604400098E-01 1.459600055E-03
 2.091000060E-04 9.200000022E-06 6.373599768E-01 3.667600098E+03 -4.415500000E+04 3.458699951E+02 1.473299980E+01 1.645599976E+02 1.787100029E+01 5.333200097E-01 4.590600133E-01 1.463699969E-03
 2.111500071E-04 9.200000022E-06 6.355199814E-01 6.506500000E+03 -4.900400000E+04 3.454700012E+02 2.196599960E+01 1.652700043E+02 3.493099976E+01 5.385000110E-01 4.572100043E-01 1.467900001E-03
 2.131999936E-04 9.200000022E-06 6.322900057E-01 6.569399902E+03 -4.143100000E+04 3.451900024E+02 2.932799911E+01 1.663800049E+02 3.357799911E+01 5.459100008E-01 4.545100033E-01 1.475399942E-03
 2.152499947E-04 9.200000022E-06 6.276599765E-01 -5.381899902E+03 -3.950600000E+04 3.450599976E+02 3.648699951E+01 1.678399963E+02 4.607899857E+01 5.550799966E-01 4.510200024E-01 1.486300025E-03
 2.172999957E-04 9.200000022E-06 6.236000061E-01 -2.729899902E+03 -4.241100000E+04 3.444899902E+02 4.330899811E+01 1.691100006E+02 6.266999817E+01 5.646299720E-01 4.473600090E-01 1.495999983E-03
 2.193499968E-04 9.200000022E-06 6.191400290E-01 9.633500000E+03 -3.664500000E+04 3.438999939E+02 5.010499954E+01 1.708800049E+02 7.208200073E+01 5.764499903E-01 4.433999956E-01 1.506799948E-03
 2.213999978E-04 9.200000022E-06 6.133499742E-01 8.841000000E+03 -3.414400000E+04 3.435599976E+02 5.700099945E+01 1.732500000E+02 7.059400177E+01 5.906900167E-01 4.388200045E-01 1.521000057E-03
 2.234499989E-04 9.200000022E-06 6.076200008E-01 5.243700195E+03 -3.964000000E+04 3.429599915E+02 6.377999878E+01 1.757700043E+02 8.602600098E+01 6.060900092E-01 4.339599907E-01 1.535400050E-03
 2.254999999E-04 9.200000022E-06 6.021500230E-01 1.136400000E+04 -3.502500000E+04 3.421300049E+02 7.070600128E+01 1.782299957E+02 9.407800293E+01 6.222800016E-01 4.290199876E-01 1.549300039E-03
 2.275500010E-04 9.200000022E-06 5.960199833E-01 4.872399902E+03 -2.431200000E+04 3.414599915E+02 7.797200012E+01 1.808000031E+02 9.507199860E+01 6.396300197E-01 4.238199890E-01 1.565200044E-03
 2.296000021E-04 9.200000022E-06 5.898900032E-01 4.957399902E+03 -2.309600000E+04 3.407799988E+02 8.523899841E+01 1.835700073E+02 8.766300201E+01 6.581400037E-01 4.186199903E-01 1.581500052E-03
 2.316500031E-04 9.200000022E-06 5.832800269E-01 9.676299805E+03 -2.578400000E+04 3.400000000E+02 9.256700134E+01 1.861300049E+02 6.897799683E+01 6.767600179E-01 4.129799902E-01 1.599499956E-03
 2.337000042E-04 9.200000022E-06 5.766199827E-01 7.362500000E+03 -3.030200000E+04 3.394400024E+02 9.990799713E+01 1.888399963E+02 8.112000275E+01 6.960499883E-01 4.075999856E-01 1.617899979E-03
 2.357500052E-04 9.200000022E-06 5.698599815E-01 1.054900000E+04 -2.968000000E+04 3.389899902E+02 1.071999969E+02 1.914199982E+02 7.892099762E+01 7.152799964E-01 4.022800028E-01 1.637200010E-03
 2.378000063E-04 9.200000022E-06 5.629100204E-01 5.114500000E+03 -1.741800000E+04 3.383399963E+02 1.143099976E+02 1.934400024E+02 6.480500031E+01 7.332199812E-01 3.966200054E-01 1.657300047E-03
 2.398499928E-04 9.200000022E-06 5.571699739E-01 1.043100000E+04 -1.043200000E+04 3.374599915E+02 1.211399994E+02 1.958000031E+02 6.626599884E+01 7.523199916E-01 3.915500045E-01 1.674399944E-03
 2.418999939E-04 9.200000022E-06 5.509499907E-01 1.536000000E+04 -1.242400000E+04 3.367699890E+02 1.284199982E+02 1.992599945E+02 7.615599823E+01 7.753599882E-01 3.863799870E-01 1.693299972E-03
 2.439499949E-04 9.200000022E-06 5.434399843E-01 1.422700000E+04 -1.950700000E+04 3.362300110E+02 1.363399963E+02 2.038099976E+02 9.857399750E+01 8.026599884E-01 3.805100024E-01 1.716800034E-03
 2.460000105E-04 9.200000022E-06 5.359299779E-01 1.769700000E+04 -2.638600000E+04 3.352399902E+02 1.447400055E+02 2.091100006E+02 1.070699997E+02 8.337100148E-01 3.741500080E-01 1.740799984E-03
 2.480499970E-04 9.200000022E-06 5.278300047E-01 1.941200000E+04 -2.422800000E+04 3.340299988E+02 1.536999969E+02 2.144100037E+02 9.043699646E+01 8.663899899E-01 3.671599925E-01 1.767599955E-03
 2.501000126E-04 9.200000022E-06 5.185300112E-01 2.119600000E+04 -3.125600000E+04 3.327200012E+02 1.629799957E+02 2.194400024E+02 9.646299744E+01 8.994600177E-01 3.592799902E-01 1.799399965E-03
 2.521499991E-04 9.200000022E-06 5.087900162E-01 2.149800000E+04 -3.850200000E+04 3.309100037E+02 1.722400055E+02 2.241399994E+02 1.163000031E+02 9.327600002E-01 3.506200016E-01 1.833799994E-03
 2.541999856E-04 9.200000022E-06 4.988499880E-01 2.649900000E+04 -3.559900000E+04 3.288699951E+02 1.814900055E+02 2.285800018E+02 1.183399963E+02 9.660699964E-01 3.416599929E-01 1.870400039E-03
 2.562500013E-04 9.200000022E-06 4.881100059E-01 3.254300000E+04 -3.598100000E+04 3.266400146E+02 1.912400055E+02 2.331699982E+02 1.169400024E+02 1.001600027E+00 3.320400119E-01 1.911600004E-03
 2.582999878E-04 9.200000022E-06 4.764499962E-01 3.817300000E+04 -3.380500000E+04 3.243299866E+02 2.016499939E+02 2.381399994E+02 1.080000000E+02 1.040099978E+00 3.218100071E-01 1.958499895E-03
 2.603500034E-04 9.200000022E-06 4.630599916E-01 4.051500000E+04 -3.271300000E+04 3.218599854E+02 2.131900024E+02 2.437599945E+02 1.067900009E+02 1.083500028E+00 3.104000092E-01 2.015300095E-03
 2.623999899E-04 9.200000022E-06 4.474999905E-01 4.941300000E+04 -2.749400000E+04 3.186600037E+02 2.265599976E+02 2.506300049E+02 1.448999939E+02 1.136100054E+00 2.969900072E-01 2.085499931E-03
 2.644500055E-04 9.200000022E-06 4.049600065E-01 8.773500000E+04 -2.052900000E+04 3.074899902E+02 2.603399963E+02 2.598299866E+02 2.110000000E+02 1.208899975E+00 2.794699967E-01 2.183600096E-03
 2.664999920E-04 9.200000022E-06 3.704699874E-01 1.146100000E+05 -2.008800000E+04 2.981300049E+02 2.870199890E+02 2.651300049E+02 2.450200043E+02 1.252799988E+00 2.689900100E-01 2.244299976E-03
 2.050000039E-04 1.150000026E-05 6.514599919E-01 2.911000061E+02 -4.928400000E+04 3.482300110E+02 3.819799900E+00 1.523300018E+02 1.270400047E+01 4.900799990E-01 4.724200070E-01 1.431999961E-03
 2.070500050E-04 1.150000026E-05 6.508200169E-01 2.540100098E+03 -4.493200000E+04 3.481600037E+02 7.918399811E+00 1.525399933E+02 5.792900085E+00 4.915100038E-01 4.718700051E-01 1.433399972E-03
 2.091000060E-04 1.150000026E-05 6.490300298E-01 1.905599976E+03 -4.605800000E+04 3.480100098E+02 1.592099953E+01 1.533000031E+02 3.112999916E+01 4.960100055E-01 4.703600109E-01 1.437300001E-03
 2.111500071E-04 1.150000026E-05 6.468600035E-01 9.805900391E+03 -4.463000000E+04 3.475599976E+02 2.369199944E+01 1.541100006E+02 5.450600052E+01 5.021499991E-01 4.681800008E-01 1.442100038E-03
 2.131999936E-04 1.150000026E-05 6.434100270E-01 1.169800000E+04 -3.885800000E+04 3.472000122E+02 3.137299919E+01 1.554199982E+02 5.390100098E+01 5.108699799E-01 4.651899934E-01 1.449899981E-03
 2.152499947E-04 1.150000026E-05 6.385200024E-01 6.806700195E+03 -3.682800000E+04 3.470700073E+02 3.883499908E+01 1.573500061E+02 6.990399933E+01 5.223000050E-01 4.614900053E-01 1.460999949E-03
 2.172999957E-04 1.150000026E-05 6.342999935E-01 9.490799805E+03 -3.336400000E+04 3.464100037E+02 4.585300064E+01 1.590399933E+02 7.068599701E+01 5.338699818E-01 4.575699866E-01 1.470700023E-03
 2.193499968E-04 1.150000026E-05 6.299099922E-01 8.333799805E+03 -3.114200000E+04 3.457200012E+02 5.260800171E+01 1.608300018E+02 7.735199738E+01 5.463399887E-01 4.535000026E-01 1.480999985E-03
 2.213999978E-04 1.150000026E-05 6.243500113E-01 2.739000000E+03 -3.067000000E+04 3.452300110E+02 5.939199829E+01 1.632200012E+02 8.289499664E+01 5.611600280E-01 4.488599896E-01 1.494199969E-03
 2.234499989E-04 1.150000026E-05 6.186800003E-01 -1.258099976E+02 -2.427200000E+04 3.445100098E+02 6.611000061E+01 1.657200012E+02 8.117900085E+01 5.770699978E-01 4.438500106E-01 1.507899957E-03
 2.254999999E-04 1.150000026E-05 6.128699780E-01 7.272100098E+03 -2.092100000E+04 3.438999939E+02 7.299099731E+01 1.680099945E+02 8.891500092E+01 5.929899812E-01 4.388999939E-01 1.522199949E-03
 2.275500010E-04 1.150000026E-05 6.067100167E-01 5.254000000E+03 -2.415100000E+04 3.433399963E+02 8.006099701E+01 1.705800018E+02 8.506199646E+01 6.104699969E-01 4.337899983E-01 1.537599950E-03
 2.296000021E-04 1.150000026E-05 6.005600095E-01 1.273900000E+04 -2.079600000E+04 3.425000000E+02 8.701000214E+01 1.733999939E+02 8.880599976E+01 6.292700171E-01 4.283399880E-01 1.553399954E-03
 2.316500031E-04 1.150000026E-05 5.939900279E-01 1.604700000E+04 -2.614000000E+04 3.417900085E+02 9.403099823E+01 1.759499969E+02 8.727500153E+01 6.477500200E-01 4.227699935E-01 1.570599969E-03
 2.337000042E-04 1.150000026E-05 5.874800086E-01 9.371700195E+03 -2.839700000E+04 3.412000122E+02 1.012200012E+02 1.785399933E+02 8.707800293E+01 6.669399738E-01 4.174199998E-01 1.587899984E-03
 2.357500052E-04 1.150000026E-05 5.804799795E-01 9.227900391E+03 -2.299300000E+04 3.406300049E+02 1.084599991E+02 1.812599945E+02 7.366000366E+01 6.869999766E-01 4.117600024E-01 1.607100014E-03
 2.378000063E-04 1.150000026E-05 5.739300251E-01 8.334400391E+03 -1.204800000E+04 3.400000000E+02 1.152900009E+02 1.836199951E+02 6.495999908E+01 7.057899833E-01 4.063600004E-01 1.625400037E-03
 2.398499928E-04 1.150000026E-05 5.678200126E-01 1.602700000E+04 -5.521700195E+03 3.390199890E+02 1.219199982E+02 1.859700012E+02 7.823500061E+01 7.249199748E-01 4.008800089E-01 1.643000054E-03
 2.418999939E-04 1.150000026E-05 5.606999993E-01 1.881900000E+04 -9.459500000E+03 3.382600098E+02 1.291100006E+02 1.891399994E+02 7.042199707E+01 7.473800182E-01 3.949599862E-01 1.663799980E-03
 2.439499949E-04 1.150000026E-05 5.533099771E-01 1.469300000E+04 -1.651500000E+04 3.376499939E+02 1.368399963E+02 1.933800049E+02 8.641200256E+01 7.738199830E-01 3.890500069E-01 1.686000032E-03
 2.460000105E-04 1.150000026E-05 5.455200076E-01 1.150300000E+04 -2.604200000E+04 3.367300110E+02 1.449700012E+02 1.982500000E+02 1.053000031E+02 8.033599854E-01 3.825300038E-01 1.710099983E-03
 2.480499970E-04 1.150000026E-05 5.375099778E-01 1.253100000E+04 -2.285700000E+04 3.355400085E+02 1.536100006E+02 2.030899963E+02 8.579299927E+01 8.343799710E-01 3.755800128E-01 1.735599944E-03
 2.501000126E-04 1.150000026E-05 5.286599994E-01 1.838800000E+04 -2.070000000E+04 3.341300049E+02 1.628600006E+02 2.080399933E+02 8.339399719E+01 8.675600290E-01 3.678500056E-01 1.764700050E-03
 2.521499991E-04 1.150000026E-05 5.187299848E-01 2.214000000E+04 -2.593600000E+04 3.324899902E+02 1.724799957E+02 2.129700012E+02 9.829900360E+01 9.021000266E-01 3.591699898E-01 1.798499958E-03
 2.541999856E-04 1.150000026E-05 5.090600252E-01 2.878000000E+04 -2.867000000E+04 3.306199951E+02 1.819299927E+02 2.175200043E+02 9.239399719E+01 9.360700250E-01 3.504900038E-01 1.832699985E-03
 2.562500013E-04 1.150000026E-05 4.986700118E-01 3.503400000E+04 -2.340500000E+04 3.285299988E+02 1.916600037E+02 2.218899994E+02 8.950099945E+01 9.709600210E-01 3.411700130E-01 1.871000044E-03
 2.582999878E-04 1.150000026E-05 4.869099855E-01 3.944000000E+04 -1.793900000E+04 3.261400146E+02 2.021799927E+02 2.265899963E+02 9.376799774E+01 1.009299994E+00 3.307099938E-01 1.916200039E-03
 2.603500034E-04 1.150000026E-05 4.729799926E-01 4.324000000E+04 -2.011700000E+04 3.232900085E+02 2.142100067E+02 2.321499939E+02 1.102200012E+02 1.054499984E+00 3.184500039E-01 1.972799888E-03
 2.623999899E-04 1.150000026E-05 4.561699927E-01 5.907400000E+04 -1.255600000E+04 3.196600037E+02 2.284299927E+02 2.387700043E+02 1.541699982E+02 1.109400034E+00 3.036899865E-01 2.045700094E-03
 2.644500055E-04 1.150000026E-05 4.093900025E-01 9.525600000E+04 -8.000500000E+03 3.074599915E+02 2.650199890E+02 2.470500031E+02 1.887799988E+02 1.185999990E+00 2.837400138E-01 2.153899986E-03
 2.664999920E-04 1.150000026E-05 3.714399934E-01 1.142200000E+05 -1.264200000E+04 2.973599854E+02 2.939800110E+02 2.516999969E+02 1.956000061E+02 1.232499957E+00 2.716400027E-01 2.222599927E-03
 2.050000039E-04 1.379999958E-05 6.626700163E-01 3.014000000E+03 -4.798900000E+04 3.507000122E+02 4.230899811E+00 1.403399963E+02 1.709699988E+00 4.499900043E-01 4.839600027E-01 1.407700009E-03
 2.070500050E-04 1.379999958E-05 6.623499990E-01 4.663899902E+03 -4.538800000E+04 3.504800110E+02 8.740500450E+00 1.405099945E+02 2.285199928E+01 4.515900016E-01 4.834200144E-01 1.408400014E-03
 2.091000060E-04 1.379999958E-05 6.607699990E-01 7.533000000E+03 -4.137600000E+04 3.500499878E+02 1.761300087E+01 1.413999939E+02 7.314199829E+01 4.573200047E-01 4.816699922E-01 1.411800040E-03
 2.111500071E-04 1.379999958E-05 6.576600075E-01 1.138100000E+04 -3.626700000E+04 3.494500122E+02 2.610700035E+01 1.428999939E+02 9.485700226E+01 4.666100144E-01 4.785900116E-01 1.418499975E-03
 2.131999936E-04 1.379999958E-05 6.534399986E-01 1.388600000E+04 -3.671700000E+04 3.489700012E+02 3.403499985E+01 1.447799988E+02 9.157199860E+01 4.780400097E-01 4.748600125E-01 1.427600044E-03
 2.152499947E-04 1.379999958E-05 6.486099958E-01 1.459700000E+04 -3.327600000E+04 3.487300110E+02 4.151800156E+01 1.471499939E+02 9.705100250E+01 4.915499985E-01 4.710200131E-01 1.438300009E-03
 2.172999957E-04 1.379999958E-05 6.436600089E-01 8.253900391E+03 -3.086100000E+04 3.482399902E+02 4.862300110E+01 1.494400024E+02 9.772499847E+01 5.055800080E-01 4.667699933E-01 1.449299976E-03
 2.193499968E-04 1.379999958E-05 6.385800242E-01 4.831299805E+03 -3.258000000E+04 3.474500122E+02 5.541500092E+01 1.516199951E+02 1.054599991E+02 5.199099779E-01 4.620400071E-01 1.460799947E-03
 2.213999978E-04 1.379999958E-05 6.331300139E-01 6.462700195E+03 -2.989200000E+04 3.466900024E+02 6.212500000E+01 1.540200043E+02 1.108300018E+02 5.354700089E-01 4.571000040E-01 1.473400043E-03
 2.234499989E-04 1.379999958E-05 6.276100278E-01 5.896299805E+03 -1.874400000E+04 3.459200134E+02 6.886000061E+01 1.564799957E+02 9.448300171E+01 5.518199801E-01 4.521000087E-01 1.486400026E-03
 2.254999999E-04 1.379999958E-05 6.216599941E-01 6.162799805E+03 -1.507900000E+04 3.452200012E+02 7.559700012E+01 1.588099976E+02 9.245899963E+01 5.682600141E-01 4.469099939E-01 1.500600018E-03
 2.275500010E-04 1.379999958E-05 6.156499982E-01 1.117900000E+04 -2.550800000E+04 3.446499939E+02 8.215200043E+01 1.614100037E+02 8.746900177E+01 5.856099725E-01 4.418500066E-01 1.515200012E-03
 2.296000021E-04 1.379999958E-05 6.093500257E-01 1.767800000E+04 -2.437600000E+04 3.439200134E+02 8.881600189E+01 1.643399963E+02 9.023799896E+01 6.046500206E-01 4.364100099E-01 1.530900015E-03
 2.316500031E-04 1.379999958E-05 6.025099754E-01 1.340400000E+04 -2.447500000E+04 3.432099915E+02 9.569899750E+01 1.668000031E+02 9.502500153E+01 6.230900288E-01 4.306200147E-01 1.548300032E-03
 2.337000042E-04 1.379999958E-05 5.959900022E-01 6.207000000E+03 -2.107400000E+04 3.425400085E+02 1.026100006E+02 1.692899933E+02 7.694499969E+01 6.420300007E-01 4.251300097E-01 1.565200044E-03
 2.357500052E-04 1.379999958E-05 5.894100070E-01 3.566899902E+03 -1.806900000E+04 3.420000000E+02 1.095699997E+02 1.721799927E+02 6.084199905E+01 6.624199748E-01 4.197799861E-01 1.582699944E-03
 2.378000063E-04 1.379999958E-05 5.830299854E-01 6.635299805E+03 -1.225900000E+04 3.412999878E+02 1.163499985E+02 1.748399963E+02 6.342300034E+01 6.823400259E-01 4.143800139E-01 1.599999960E-03
 2.398499928E-04 1.379999958E-05 5.761700273E-01 1.494200000E+04 -9.937500000E+03 3.402799988E+02 1.230999985E+02 1.772599945E+02 7.455400085E+01 7.022200227E-01 4.082799852E-01 1.619099989E-03
 2.418999939E-04 1.379999958E-05 5.685899854E-01 2.167700000E+04 -1.383000000E+04 3.395100098E+02 1.301900024E+02 1.801900024E+02 6.870700073E+01 7.241600156E-01 4.019899964E-01 1.640700037E-03
 2.439499949E-04 1.379999958E-05 5.608400106E-01 1.915000000E+04 -2.064200000E+04 3.389299927E+02 1.376900024E+02 1.841499939E+02 8.725900269E+01 7.496399879E-01 3.958399892E-01 1.663399977E-03
 2.460000105E-04 1.379999958E-05 5.530499816E-01 1.573600000E+04 -2.898000000E+04 3.379700012E+02 1.456100006E+02 1.885800018E+02 1.043499985E+02 7.778699994E-01 3.892399967E-01 1.686800038E-03
 2.480499970E-04 1.379999958E-05 5.450000167E-01 1.582900000E+04 -2.774000000E+04 3.366300049E+02 1.540000000E+02 1.931600037E+02 9.903600311E+01 8.081499934E-01 3.820500076E-01 1.711699995E-03
 2.501000126E-04 1.379999958E-05 5.361300111E-01 1.895200000E+04 -2.003600000E+04 3.351700134E+02 1.629700012E+02 1.980200043E+02 8.979399872E+01 8.407999873E-01 3.742100000E-01 1.740099979E-03
 2.521499991E-04 1.379999958E-05 5.263699889E-01 2.895800000E+04 -1.514000000E+04 3.336099854E+02 1.723600006E+02 2.028800049E+02 8.598000336E+01 8.748000264E-01 3.656800091E-01 1.772399992E-03
 2.541999856E-04 1.379999958E-05 5.162100196E-01 3.663300000E+04 -2.252300000E+04 3.318099976E+02 1.820599976E+02 2.075700073E+02 8.736299896E+01 9.097599983E-01 3.567000031E-01 1.807300025E-03
 2.562500013E-04 1.379999958E-05 5.054500103E-01 3.896200000E+04 -1.833100000E+04 3.297200012E+02 1.922299957E+02 2.122299957E+02 9.276999664E+01 9.465299845E-01 3.470599949E-01 1.845799969E-03
 2.582999878E-04 1.379999958E-05 4.934700131E-01 4.442000000E+04 -9.587099609E+03 3.272399902E+02 2.030599976E+02 2.168999939E+02 1.028799973E+02 9.858599901E-01 3.362900019E-01 1.890599960E-03
 2.603500034E-04 1.379999958E-05 4.791299999E-01 5.065200000E+04 -1.267100000E+04 3.241300049E+02 2.154600067E+02 2.222799988E+02 1.199300003E+02 1.032099962E+00 3.234199882E-01 1.947500044E-03
 2.623999899E-04 1.379999958E-05 4.612700045E-01 6.766900000E+04 -5.324200195E+03 3.200499878E+02 2.305299988E+02 2.287400055E+02 1.502200012E+02 1.089699984E+00 3.074699938E-01 2.023200039E-03
 2.644500055E-04 1.379999958E-05 4.118100107E-01 9.582800000E+04 -1.239199951E+03 3.072500000E+02 2.687999878E+02 2.361000061E+02 1.613099976E+02 1.169000030E+00 2.855899930E-01 2.139700111E-03
 2.664999920E-04 1.379999958E-05 3.721300066E-01 1.088600000E+05 -8.195900391E+03 2.967999878E+02 2.987900085E+02 2.400399933E+02 1.567599945E+02 1.216400027E+00 2.725099921E-01 2.213400090E-03
 2.050000039E-04 1.610000072E-05 6.743599772E-01 1.376500000E+04 -4.676300000E+04 3.530899963E+02 5.132100105E+00 1.271600037E+02 2.978300095E+01 4.065200090E-01 4.958499968E-01 1.383400057E-03
 2.070500050E-04 1.610000072E-05 6.740900278E-01 1.323000000E+04 -4.101100000E+04 3.525899963E+02 1.026799965E+01 1.276100006E+02 6.153799820E+01 4.095700085E-01 4.949600101E-01 1.383899944E-03
 2.091000060E-04 1.610000072E-05 6.718400121E-01 1.373300000E+04 -3.246200000E+04 3.519200134E+02 2.010000038E+01 1.291000061E+02 1.138099976E+02 4.183300138E-01 4.923599958E-01 1.388499979E-03
 2.111500071E-04 1.610000072E-05 6.674600244E-01 1.108500000E+04 -3.149200000E+04 3.513500061E+02 2.899500084E+01 1.316100006E+02 1.286799927E+02 4.317699969E-01 4.883700013E-01 1.397600048E-03
 2.131999936E-04 1.610000072E-05 6.629700065E-01 1.174900000E+04 -3.076300000E+04 3.506400146E+02 3.702500153E+01 1.344100037E+02 1.255100021E+02 4.470700026E-01 4.840799868E-01 1.407100004E-03
 2.152499947E-04 1.610000072E-05 6.579800248E-01 1.451700000E+04 -2.026200000E+04 3.500700073E+02 4.453699875E+01 1.372700043E+02 1.150199966E+02 4.631299973E-01 4.796699882E-01 1.417799969E-03
 2.172999957E-04 1.610000072E-05 6.519899964E-01 6.885100098E+03 -2.395400000E+04 3.495599976E+02 5.166999817E+01 1.402400055E+02 1.085100021E+02 4.799199998E-01 4.746100008E-01 1.430799952E-03
 2.193499968E-04 1.610000072E-05 6.463900208E-01 6.876600098E+03 -2.791100000E+04 3.487500000E+02 5.839699936E+01 1.429400024E+02 1.055500031E+02 4.963800013E-01 4.694499969E-01 1.443200046E-03
 2.213999978E-04 1.610000072E-05 6.410700083E-01 1.510800000E+04 -1.788000000E+04 3.478999939E+02 6.491600037E+01 1.454199982E+02 1.037900009E+02 5.125600100E-01 4.644399881E-01 1.455100020E-03
 2.234499989E-04 1.610000072E-05 6.350700259E-01 1.528700000E+04 -1.255700000E+04 3.472600098E+02 7.148600006E+01 1.479299927E+02 1.006900024E+02 5.292599797E-01 4.592500031E-01 1.468900009E-03
 2.254999999E-04 1.610000072E-05 6.289899945E-01 9.905500000E+03 -2.156000000E+04 3.465599976E+02 7.807199860E+01 1.504100037E+02 9.549700165E+01 5.464800000E-01 4.539299905E-01 1.483100001E-03
 2.275500010E-04 1.610000072E-05 6.234599948E-01 1.545500000E+04 -2.891600000E+04 3.458200073E+02 8.449600220E+01 1.530000000E+02 9.144300079E+01 5.641999841E-01 4.489800036E-01 1.496199984E-03
 2.296000021E-04 1.610000072E-05 6.172900200E-01 1.921300000E+04 -2.084000000E+04 3.450700073E+02 9.105799866E+01 1.558099976E+02 8.722599792E+01 5.831699967E-01 4.435699880E-01 1.511199982E-03
 2.316500031E-04 1.610000072E-05 6.101499796E-01 1.323800000E+04 -1.356700000E+04 3.443299866E+02 9.778199768E+01 1.583699951E+02 9.014199829E+01 6.021000147E-01 4.375000000E-01 1.528900000E-03
 2.337000042E-04 1.610000072E-05 6.035400033E-01 9.657099609E+03 -9.305200195E+03 3.436499939E+02 1.043199997E+02 1.609199982E+02 8.202899933E+01 6.209700108E-01 4.319100082E-01 1.545600011E-03
 2.357500052E-04 1.610000072E-05 5.971699953E-01 1.027200000E+04 -9.585599609E+03 3.429899902E+02 1.109300003E+02 1.637400055E+02 7.363099670E+01 6.410099864E-01 4.265300035E-01 1.562100020E-03
 2.378000063E-04 1.610000072E-05 5.900700092E-01 1.056800000E+04 -9.154900391E+03 3.422200012E+02 1.179000015E+02 1.665800018E+02 7.825499725E+01 6.621900201E-01 4.205099940E-01 1.580900047E-03
 2.398499928E-04 1.610000072E-05 5.828499794E-01 1.417500000E+04 -1.338600000E+04 3.412200012E+02 1.247900009E+02 1.693300018E+02 8.554299927E+01 6.834899783E-01 4.141600132E-01 1.600499963E-03
 2.418999939E-04 1.610000072E-05 5.758100152E-01 2.819400000E+04 -1.487200000E+04 3.402999878E+02 1.314900055E+02 1.720500031E+02 8.404199982E+01 7.045500278E-01 4.080399871E-01 1.620099996E-03
 2.439499949E-04 1.610000072E-05 5.679799914E-01 2.954500000E+04 -1.842200000E+04 3.396799927E+02 1.386699982E+02 1.755299988E+02 8.867500305E+01 7.285100222E-01 4.017600119E-01 1.642500050E-03
 2.460000105E-04 1.610000072E-05 5.597800016E-01 2.142800000E+04 -2.134100000E+04 3.387900085E+02 1.464199982E+02 1.796600037E+02 8.643599701E+01 7.557899952E-01 3.949199915E-01 1.666500000E-03
 2.480499970E-04 1.610000072E-05 5.515400171E-01 1.716900000E+04 -2.108700000E+04 3.374899902E+02 1.546100006E+02 1.840000000E+02 8.896600342E+01 7.852399945E-01 3.876200020E-01 1.691399957E-03
 2.501000126E-04 1.610000072E-05 5.424399972E-01 1.778600000E+04 -1.699000000E+04 3.361000061E+02 1.633899994E+02 1.886999969E+02 8.954499817E+01 8.172000051E-01 3.796600103E-01 1.719800057E-03
 2.521499991E-04 1.610000072E-05 5.328400135E-01 2.249800000E+04 -1.448800000E+04 3.345299988E+02 1.726600037E+02 1.934400024E+02 9.162400055E+01 8.509200215E-01 3.711999953E-01 1.750799944E-03
 2.541999856E-04 1.610000072E-05 5.225700140E-01 2.852200000E+04 -1.664100000E+04 3.327099915E+02 1.823800049E+02 1.981699982E+02 1.035199966E+02 8.862400055E-01 3.620600104E-01 1.785299974E-03
 2.562500013E-04 1.610000072E-05 5.108299851E-01 3.576200000E+04 -9.681000000E+03 3.305199890E+02 1.928200073E+02 2.030299988E+02 1.139499969E+02 9.244300127E-01 3.515999913E-01 1.826400054E-03
 2.582999878E-04 1.610000072E-05 4.979700148E-01 4.120900000E+04 -4.439600098E+03 3.278900146E+02 2.041499939E+02 2.079400024E+02 1.204899979E+02 9.659399986E-01 3.400399983E-01 1.873499947E-03
 2.603500034E-04 1.610000072E-05 4.830400050E-01 5.289800000E+04 -8.011799805E+03 3.247000122E+02 2.169900055E+02 2.133300018E+02 1.323399963E+02 1.013599992E+00 3.266400099E-01 1.931700041E-03
 2.623999899E-04 1.610000072E-05 4.641000032E-01 7.605600000E+04 -4.621399902E+03 3.202799988E+02 2.328300018E+02 2.195299988E+02 1.537599945E+02 1.073400021E+00 3.095900118E-01 2.010999946E-03
 2.644500055E-04 1.610000072E-05 4.130800068E-01 1.058400000E+05 3.109600098E+03 3.070199890E+02 2.721000061E+02 2.261799927E+02 1.544900055E+02 1.154899955E+00 2.863399982E-01 2.132999944E-03
 2.664999920E-04 1.610000072E-05 3.726499975E-01 1.219000000E+05 1.880300049E+03 2.963900146E+02 3.025199890E+02 2.296100006E+02 1.499100037E+02 1.202900052E+00 2.727000117E-01 2.209200058E-03
 2.050000039E-04 1.840000004E-05 6.867899895E-01 2.167700000E+04 -3.072600000E+04 3.547799988E+02 6.569499969E+00 1.117099991E+02 8.158300018E+01 3.565999866E-01 5.073999763E-01 1.358299982E-03
 2.070500050E-04 1.840000004E-05 6.858900189E-01 1.853400000E+04 -2.589800000E+04 3.542099915E+02 1.261299992E+01 1.131999969E+02 1.144899979E+02 3.637799919E-01 5.059199929E-01 1.360099996E-03
 2.091000060E-04 1.840000004E-05 6.819000244E-01 1.081500000E+04 -2.195100000E+04 3.534200134E+02 2.353000069E+01 1.167099991E+02 1.597799988E+02 3.804700077E-01 5.018500090E-01 1.368100056E-03
 2.111500071E-04 1.840000004E-05 6.762899756E-01 1.106600000E+04 -2.605400000E+04 3.528299866E+02 3.253599930E+01 1.207300034E+02 1.575500031E+02 3.998199999E-01 4.968900084E-01 1.379400026E-03
 2.131999936E-04 1.840000004E-05 6.710000038E-01 1.557900000E+04 -2.457700000E+04 3.520199890E+02 4.055599976E+01 1.245599976E+02 1.432400055E+02 4.192999899E-01 4.918799996E-01 1.390199992E-03
 2.152499947E-04 1.840000004E-05 6.650400162E-01 1.656000000E+04 -1.734800000E+04 3.513299866E+02 4.795999908E+01 1.281600037E+02 1.309299927E+02 4.383600056E-01 4.865599871E-01 1.402699971E-03
 2.172999957E-04 1.840000004E-05 6.590200067E-01 1.550900000E+04 -1.845400000E+04 3.507099915E+02 5.493199921E+01 1.315899963E+02 1.218300018E+02 4.571700096E-01 4.812999964E-01 1.415499952E-03
 2.193499968E-04 1.840000004E-05 6.533799767E-01 1.887200000E+04 -2.671400000E+04 3.498900146E+02 6.156200027E+01 1.346600037E+02 1.175999985E+02 4.752300084E-01 4.760600030E-01 1.427700045E-03
 2.213999978E-04 1.840000004E-05 6.477100253E-01 2.393500000E+04 -2.055300000E+04 3.490700073E+02 6.796600342E+01 1.374199982E+02 1.121200027E+02 4.926199913E-01 4.708200097E-01 1.440200023E-03
 2.234499989E-04 1.840000004E-05 6.418399811E-01 1.858900000E+04 -1.135800000E+04 3.484400024E+02 7.431099701E+01 1.400099945E+02 1.127300034E+02 5.097799897E-01 4.657199979E-01 1.453400007E-03
 2.254999999E-04 1.840000004E-05 6.360800266E-01 1.141400000E+04 -1.787400000E+04 3.477300110E+02 8.061199951E+01 1.423500061E+02 1.123600006E+02 5.266500115E-01 4.605900049E-01 1.466599992E-03
 2.275500010E-04 1.840000004E-05 6.305999756E-01 1.416900000E+04 -1.443300000E+04 3.468299866E+02 8.704000092E+01 1.449299927E+02 1.040599976E+02 5.449399948E-01 4.554400146E-01 1.479299972E-03
 2.296000021E-04 1.840000004E-05 6.244400144E-01 1.707400000E+04 -1.014700000E+04 3.459100037E+02 9.350199890E+01 1.477700043E+02 9.367199707E+01 5.643799901E-01 4.498000145E-01 1.493899967E-03
 2.316500031E-04 1.840000004E-05 6.170799732E-01 8.700299805E+03 -1.348500000E+04 3.451199951E+02 9.999900055E+01 1.505599976E+02 8.583000183E+01 5.840100050E-01 4.434800148E-01 1.511699986E-03
 2.337000042E-04 1.840000004E-05 6.100900173E-01 7.311000000E+03 -1.283900000E+04 3.445000000E+02 1.064300003E+02 1.533399963E+02 9.151499939E+01 6.036499739E-01 4.376699924E-01 1.529000001E-03
 2.357500052E-04 1.840000004E-05 6.033099890E-01 1.245400000E+04 -9.107500000E+03 3.437200012E+02 1.128899994E+02 1.559700012E+02 8.995500183E+01 6.233699918E-01 4.318299890E-01 1.546200016E-03
 2.378000063E-04 1.840000004E-05 5.960299969E-01 9.079299805E+03 -8.092299805E+03 3.429400024E+02 1.196500015E+02 1.587400055E+02 8.628199768E+01 6.442899704E-01 4.256600142E-01 1.565100043E-03
 2.398499928E-04 1.840000004E-05 5.890799761E-01 1.161800000E+04 -1.425000000E+04 3.420499878E+02 1.264300003E+02 1.617400055E+02 9.702600098E+01 6.662700176E-01 4.195899963E-01 1.583599951E-03
 2.418999939E-04 1.840000004E-05 5.820500255E-01 2.498700000E+04 -1.480600000E+04 3.409599915E+02 1.331600037E+02 1.645299988E+02 9.539700317E+01 6.880400181E-01 4.132600129E-01 1.602699980E-03
 2.439499949E-04 1.840000004E-05 5.740799904E-01 2.649400000E+04 -1.795400000E+04 3.401400146E+02 1.402100067E+02 1.677500000E+02 1.052799988E+02 7.115399837E-01 4.066300094E-01 1.625000034E-03
 2.460000105E-04 1.840000004E-05 5.654500127E-01 1.701400000E+04 -2.000400000E+04 3.393500061E+02 1.476799927E+02 1.715099945E+02 9.960900116E+01 7.374399900E-01 3.995800018E-01 1.649799990E-03
 2.480499970E-04 1.840000004E-05 5.569999814E-01 1.599300000E+04 -1.518600000E+04 3.381300049E+02 1.555399933E+02 1.755399933E+02 9.790299988E+01 7.655500174E-01 3.922100067E-01 1.674799947E-03
 2.501000126E-04 1.840000004E-05 5.479500294E-01 2.223000000E+04 -9.683700195E+03 3.366499939E+02 1.640500031E+02 1.799400024E+02 9.984700012E+01 7.965400219E-01 3.841400146E-01 1.702500042E-03
 2.521499991E-04 1.840000004E-05 5.380200148E-01 2.285200000E+04 -1.223000000E+04 3.350499878E+02 1.733800049E+02 1.845599976E+02 9.293099976E+01 8.303499818E-01 3.753899932E-01 1.734000049E-03
 2.541999856E-04 1.840000004E-05 5.275700092E-01 2.460300000E+04 -1.224600000E+04 3.332099915E+02 1.831300049E+02 1.894199982E+02 1.111399994E+02 8.663399816E-01 3.660700023E-01 1.768299961E-03
 2.562500013E-04 1.840000004E-05 5.154500008E-01 3.458800000E+04 -2.228000000E+03 3.310199890E+02 1.936399994E+02 1.943099976E+02 1.290800018E+02 9.049999714E-01 3.553200066E-01 1.810000045E-03
 2.582999878E-04 1.840000004E-05 5.015599728E-01 4.079700000E+04 -1.597099976E+03 3.283099976E+02 2.053500061E+02 1.994299927E+02 1.215599976E+02 9.482799768E-01 3.429200053E-01 1.860199962E-03
 2.603500034E-04 1.840000004E-05 4.858799875E-01 5.614800000E+04 -6.003399902E+03 3.250100098E+02 2.185800018E+02 2.047400055E+02 1.197300034E+02 9.971699715E-01 3.288699985E-01 1.920399955E-03
 2.623999899E-04 1.840000004E-05 4.661400020E-01 8.091100000E+04 -3.900199951E+03 3.204400024E+02 2.350000000E+02 2.106000061E+02 1.351399994E+02 1.058200002E+00 3.111099899E-01 2.002299996E-03
 2.644500055E-04 1.840000004E-05 4.138900042E-01 1.099000000E+05 -1.227800049E+03 3.069400024E+02 2.748500061E+02 2.167299957E+02 1.419700012E+02 1.140699983E+00 2.870000005E-01 2.128100023E-03
 2.664999920E-04 1.840000004E-05 3.729099929E-01 1.288700000E+05 -2.776000000E+03 2.961900024E+02 3.053999939E+02 2.196999969E+02 1.455599976E+02 1.188300014E+00 2.730799913E-01 2.205499914E-03
 2.050000039E-04 2.069999937E-05 7.028200030E-01 1.125500000E+04 2.310400000E+04 3.553200073E+02 9.115699768E+00 9.257199860E+01 1.856699982E+02 2.962999940E-01 5.200300217E-01 1.327499980E-03
 2.070500050E-04 2.069999937E-05 6.990900040E-01 6.942500000E+03 1.214100000E+04 3.548699951E+02 1.613699913E+01 9.660399628E+01 2.000399933E+02 3.129000068E-01 5.166100264E-01 1.334500033E-03
 2.091000060E-04 2.069999937E-05 6.916199923E-01 4.113000000E+03 2.949399902E+03 3.540599976E+02 2.806699944E+01 1.041900024E+02 2.144100037E+02 3.446399868E-01 5.099300146E-01 1.348800026E-03
 2.111500071E-04 2.069999937E-05 6.843400002E-01 6.749299805E+03 -3.471600098E+03 3.535100098E+02 3.704000092E+01 1.104599991E+02 1.921300049E+02 3.722000122E-01 5.037800074E-01 1.363100018E-03
 2.131999936E-04 2.069999937E-05 6.776700020E-01 8.405799805E+03 -1.195000000E+04 3.529500122E+02 4.472600174E+01 1.154199982E+02 1.643899994E+02 3.956800103E-01 4.980899990E-01 1.376500004E-03
 2.152499947E-04 2.069999937E-05 6.713799834E-01 1.410300000E+04 -1.550700000E+04 3.522799988E+02 5.172800064E+01 1.197200012E+02 1.395899963E+02 4.172100127E-01 4.925200045E-01 1.389399986E-03
 2.172999957E-04 2.069999937E-05 6.650699973E-01 1.750700000E+04 -1.394800000E+04 3.515899963E+02 5.845800018E+01 1.235000000E+02 1.211500015E+02 4.375199974E-01 4.869399965E-01 1.402599970E-03
 2.193499968E-04 2.069999937E-05 6.591500044E-01 1.994300000E+04 -2.042200000E+04 3.506799927E+02 6.499900055E+01 1.267699966E+02 1.205199966E+02 4.567500055E-01 4.813500047E-01 1.415199949E-03
 2.213999978E-04 2.069999937E-05 6.536300182E-01 2.374800000E+04 -1.718300000E+04 3.498299866E+02 7.130899811E+01 1.298300018E+02 1.249599991E+02 4.754399955E-01 4.761599898E-01 1.427200041E-03
 2.234499989E-04 2.069999937E-05 6.478800178E-01 1.915900000E+04 -2.222699951E+03 3.491600037E+02 7.744699860E+01 1.325700073E+02 1.367799988E+02 4.932700098E-01 4.710600078E-01 1.439800020E-03
 2.254999999E-04 2.069999937E-05 6.419299841E-01 1.510400000E+04 -4.137799805E+03 3.485000000E+02 8.352400208E+01 1.348800049E+02 1.263499985E+02 5.101600289E-01 4.658600092E-01 1.453200006E-03
 2.275500010E-04 2.069999937E-05 6.360800266E-01 1.567800000E+04 -4.589100098E+03 3.476600037E+02 8.970300293E+01 1.374900055E+02 1.122600021E+02 5.285400152E-01 4.605000019E-01 1.466499991E-03
 2.296000021E-04 2.069999937E-05 6.298900247E-01 1.180700000E+04 -9.693599609E+03 3.466900024E+02 9.598400116E+01 1.404700012E+02 1.040899963E+02 5.484799743E-01 4.547500014E-01 1.480999985E-03
 2.316500031E-04 2.069999937E-05 6.229000092E-01 6.174000000E+03 -1.606500000E+04 3.457999878E+02 1.023399963E+02 1.433800049E+02 9.138500214E+01 5.686500072E-01 4.485400021E-01 1.497599995E-03
 2.337000042E-04 2.069999937E-05 6.157900095E-01 6.975700195E+03 -1.431000000E+04 3.450100098E+02 1.086500015E+02 1.461399994E+02 1.030000000E+02 5.884900093E-01 4.424200058E-01 1.514900010E-03
 2.357500052E-04 2.069999937E-05 6.089599729E-01 1.044100000E+04 -8.852500000E+03 3.442300110E+02 1.149499969E+02 1.487599945E+02 1.014199982E+02 6.082100272E-01 4.365200102E-01 1.531900023E-03
 2.378000063E-04 2.069999937E-05 6.016399860E-01 8.640700195E+03 -4.191500000E+03 3.435199890E+02 1.213899994E+02 1.514700012E+02 9.730999756E+01 6.286299825E-01 4.303700030E-01 1.550500048E-03
 2.398499928E-04 2.069999937E-05 5.944300294E-01 9.669299805E+03 -1.049300000E+04 3.427300110E+02 1.280399933E+02 1.543500061E+02 1.076299973E+02 6.502199769E-01 4.242500067E-01 1.569299959E-03
 2.418999939E-04 2.069999937E-05 5.872799754E-01 1.879500000E+04 -1.329100000E+04 3.415599976E+02 1.348999939E+02 1.573300018E+02 1.027799988E+02 6.730700135E-01 4.177100062E-01 1.588399988E-03
 2.439499949E-04 2.069999937E-05 5.793799758E-01 2.351700000E+04 -1.358500000E+04 3.404800110E+02 1.418300018E+02 1.605700073E+02 1.054499969E+02 6.968700290E-01 4.107899964E-01 1.610100036E-03
 2.460000105E-04 2.069999937E-05 5.708100200E-01 1.954400000E+04 -1.410300000E+04 3.395599976E+02 1.490800018E+02 1.639499969E+02 1.103899994E+02 7.218000293E-01 4.036299884E-01 1.634299988E-03
 2.480499970E-04 2.069999937E-05 5.621299744E-01 2.184500000E+04 -1.131400000E+04 3.384200134E+02 1.567100067E+02 1.677100067E+02 1.128300018E+02 7.488899827E-01 3.961499929E-01 1.659499947E-03
 2.501000126E-04 2.069999937E-05 5.527899861E-01 2.722200000E+04 -6.644899902E+03 3.369500122E+02 1.650800018E+02 1.718000031E+02 9.798100281E+01 7.790600061E-01 3.878700137E-01 1.687600045E-03
 2.521499991E-04 2.069999937E-05 5.421000123E-01 2.858100000E+04 -1.395199951E+03 3.353699951E+02 1.743800049E+02 1.761900024E+02 9.352799988E+01 8.124799728E-01 3.785899878E-01 1.720899949E-03
 2.541999856E-04 2.069999937E-05 5.312299728E-01 3.158400000E+04 8.070800171E+02 3.334700012E+02 1.842100067E+02 1.810700073E+02 1.150599976E+02 8.490099907E-01 3.689000010E-01 1.756099984E-03
 2.562500013E-04 2.069999937E-05 5.192700028E-01 4.102800000E+04 4.429399902E+03 3.311700134E+02 1.948699951E+02 1.859700012E+02 1.300399933E+02 8.884599805E-01 3.581199944E-01 1.796699944E-03
 2.582999878E-04 2.069999937E-05 5.051400065E-01 4.798000000E+04 3.306800049E+03 3.284400024E+02 2.066999969E+02 1.909499969E+02 1.300000000E+02 9.320300221E-01 3.455100060E-01 1.846999978E-03
 2.603500034E-04 2.069999937E-05 4.888499975E-01 5.898500000E+04 2.374000000E+03 3.250000000E+02 2.202299957E+02 1.960299988E+02 1.252600021E+02 9.817000031E-01 3.308799863E-01 1.908799983E-03
 2.623999899E-04 2.069999937E-05 4.682900012E-01 7.954200000E+04 2.535199951E+03 3.204400024E+02 2.370500031E+02 2.016499939E+02 1.195800018E+02 1.043699980E+00 3.125500083E-01 1.993200043E-03
 2.644500055E-04 2.069999937E-05 4.149500132E-01 1.068000000E+05 -3.784600098E+03 3.067900085E+02 2.773900146E+02 2.074600067E+02 1.088499985E+02 1.126700044E+00 2.879999876E-01 2.120600082E-03
 2.664999920E-04 2.069999937E-05 3.733699918E-01 1.260400000E+05 -8.908200195E+03 2.958200073E+02 3.082399902E+02 2.101799927E+02 1.068199997E+02 1.174499989E+00 2.739300132E-01 2.197799971E-03
 2.050000039E-04 2.300000051E-05 7.191699743E-01 -4.918100000E+04 1.018400000E+05 3.510199890E+02 1.290100002E+01 6.951300049E+01 5.030100098E+02 2.266699970E-01 5.256299973E-01 1.297099981E-03
 2.070500050E-04 2.300000051E-05 7.121099830E-01 -3.554700000E+04 7.298500000E+04 3.519400024E+02 2.028199959E+01 7.828600311E+01 3.919400024E+02 2.593599856E-01 5.218300223E-01 1.310099964E-03
 2.091000060E-04 2.300000051E-05 7.001900077E-01 -1.513200000E+04 3.890900000E+04 3.529500122E+02 3.256900024E+01 9.225000000E+01 2.516699982E+02 3.128499985E-01 5.146099925E-01 1.332300017E-03
 2.111500071E-04 2.300000051E-05 6.908100247E-01 -1.036600000E+04 1.458200000E+04 3.532000122E+02 4.148699951E+01 1.009499969E+02 2.093200073E+02 3.487800062E-01 5.080900192E-01 1.350400038E-03
 2.131999936E-04 2.300000051E-05 6.832500100E-01 -8.066200195E+03 -3.023100098E+03 3.531900024E+02 4.900400162E+01 1.070299988E+02 1.799799957E+02 3.761500120E-01 5.025200248E-01 1.365300035E-03
 2.152499947E-04 2.300000051E-05 6.770799756E-01 2.056899902E+03 -8.615399780E+02 3.527200012E+02 5.576599884E+01 1.118300018E+02 1.428200073E+02 3.995299935E-01 4.973199964E-01 1.377700013E-03
 2.172999957E-04 2.300000051E-05 6.706900001E-01 9.639599609E+03 7.160499878E+02 3.519800110E+02 6.215399933E+01 1.157900009E+02 1.143000031E+02 4.205699861E-01 4.915899932E-01 1.390899997E-03
 2.193499968E-04 2.300000051E-05 6.646299958E-01 1.419300000E+04 -2.287300049E+03 3.511099854E+02 6.840699768E+01 1.193099976E+02 1.158600006E+02 4.406499863E-01 4.859400094E-01 1.403499977E-03
 2.213999978E-04 2.300000051E-05 6.588500142E-01 1.641200000E+04 -2.721000000E+03 3.503500061E+02 7.450199890E+01 1.227300034E+02 1.201900024E+02 4.604899883E-01 4.806700051E-01 1.415899955E-03
 2.234499989E-04 2.300000051E-05 6.526600122E-01 1.586000000E+04 1.556999969E+01 3.496600037E+02 8.043800354E+01 1.256600037E+02 1.243399963E+02 4.789899886E-01 4.752199948E-01 1.429300057E-03
 2.254999999E-04 2.300000051E-05 6.462699771E-01 2.264000000E+04 -4.879100098E+03 3.491000061E+02 8.637300110E+01 1.281799927E+02 1.165800018E+02 4.966000021E-01 4.698199928E-01 1.443400048E-03
 2.275500010E-04 2.300000051E-05 6.399899721E-01 2.050900000E+04 -1.068300000E+04 3.484299927E+02 9.235099792E+01 1.308399963E+02 9.901899719E+01 5.150099993E-01 4.643599987E-01 1.457600039E-03
 2.296000021E-04 2.300000051E-05 6.337199807E-01 9.985700195E+03 -9.862599609E+03 3.475400085E+02 9.845099640E+01 1.336900024E+02 8.510800171E+01 5.346000195E-01 4.586299956E-01 1.472000033E-03
 2.316500031E-04 2.300000051E-05 6.273099780E-01 1.196300000E+04 -8.135000000E+03 3.465499878E+02 1.046800003E+02 1.366399994E+02 7.790699768E+01 5.550400019E-01 4.526999891E-01 1.487000030E-03
 2.337000042E-04 2.300000051E-05 6.208199859E-01 1.262100000E+04 -8.852099609E+03 3.455499878E+02 1.107900009E+02 1.393500061E+02 9.910399628E+01 5.748500228E-01 4.467299879E-01 1.502600033E-03
 2.357500052E-04 2.300000051E-05 6.139900088E-01 1.095400000E+04 -7.283799805E+03 3.446799927E+02 1.169899979E+02 1.419799957E+02 1.125400009E+02 5.947800279E-01 4.406999946E-01 1.519300044E-03
 2.378000063E-04 2.300000051E-05 6.066799760E-01 1.353100000E+04 -3.262100098E+03 3.439500122E+02 1.233899994E+02 1.446499939E+02 1.005199966E+02 6.153600216E-01 4.345299900E-01 1.537599950E-03
 2.398499928E-04 2.300000051E-05 5.994499922E-01 1.891300000E+04 -2.014800049E+03 3.430899963E+02 1.298000031E+02 1.473399963E+02 9.527799988E+01 6.363000274E-01 4.282799959E-01 1.556199975E-03
 2.418999939E-04 2.300000051E-05 5.919200182E-01 2.637500000E+04 -6.318600098E+03 3.418999939E+02 1.364199982E+02 1.503999939E+02 1.038199997E+02 6.591500044E-01 4.214200079E-01 1.576000010E-03
 2.439499949E-04 2.300000051E-05 5.840299726E-01 2.958700000E+04 -7.888000000E+03 3.407699890E+02 1.433300018E+02 1.536600037E+02 9.935399628E+01 6.832299829E-01 4.144400060E-01 1.597300055E-03
 2.460000105E-04 2.300000051E-05 5.754600167E-01 2.594000000E+04 -7.478500000E+03 3.397399902E+02 1.505500031E+02 1.570000000E+02 1.006399994E+02 7.083299756E-01 4.071300030E-01 1.621100004E-03
 2.480499970E-04 2.300000051E-05 5.661799908E-01 2.243100000E+04 -6.495100098E+03 3.385499878E+02 1.581900024E+02 1.605599976E+02 1.118799973E+02 7.352399826E-01 3.991599977E-01 1.647599973E-03
 2.501000126E-04 2.300000051E-05 5.560899973E-01 2.076300000E+04 -4.753000000E+03 3.372000122E+02 1.665099945E+02 1.643800049E+02 1.133899994E+02 7.648100257E-01 3.904800117E-01 1.677599968E-03
 2.521499991E-04 2.300000051E-05 5.452799797E-01 2.443900000E+04 -8.403200073E+02 3.356000061E+02 1.755700073E+02 1.684700012E+02 1.162900009E+02 7.972199917E-01 3.810800016E-01 1.710899989E-03
 2.541999856E-04 2.300000051E-05 5.344399810E-01 3.244300000E+04 5.825799805E+03 3.336600037E+02 1.852200012E+02 1.729600067E+02 1.114100037E+02 8.327100277E-01 3.713499904E-01 1.745600021E-03
 2.562500013E-04 2.300000051E-05 5.223000050E-01 4.743100000E+04 7.651600098E+03 3.313399963E+02 1.958899994E+02 1.778200073E+02 1.172399979E+02 8.723599911E-01 3.603999913E-01 1.786199980E-03
 2.582999878E-04 2.300000051E-05 5.077300072E-01 5.800300000E+04 3.978199951E+03 3.285299988E+02 2.080500031E+02 1.828000031E+02 1.378999939E+02 9.171299934E-01 3.473699987E-01 1.837700023E-03
 2.603500034E-04 2.300000051E-05 4.905999899E-01 6.506600000E+04 4.590600098E+03 3.250000000E+02 2.220599976E+02 1.878200073E+02 1.362299957E+02 9.684000015E-01 3.320699930E-01 1.902000047E-03
 2.623999899E-04 2.300000051E-05 4.698100090E-01 8.163600000E+04 1.024000000E+04 3.203099976E+02 2.390099945E+02 1.930299988E+02 1.175599976E+02 1.030500054E+00 3.134399951E-01 1.986700110E-03
 2.644500055E-04 2.300000051E-05 4.160000086E-01 1.075400000E+05 2.818100098E+03 3.065299988E+02 2.796799927E+02 1.983099976E+02 9.528800201E+01 1.113199949E+00 2.889299989E-01 2.112899907E-03
 2.664999920E-04 2.300000051E-05 3.738400042E-01 1.256700000E+05 -6.565299805E+03 2.954500122E+02 3.109299927E+02 2.009100037E+02 8.328900146E+01 1.161399961E+00 2.748399973E-01 2.189900028E-03
 2.050000039E-04 2.529999983E-05 7.308400273E-01 -1.177600000E+05 1.378300000E+05 3.426199951E+02 1.705999947E+01 5.020399857E+01 6.980399780E+02 1.723899990E-01 5.213699937E-01 1.276400057E-03
 2.070500050E-04 2.529999983E-05 7.227900028E-01 -9.054400000E+04 1.164700000E+05 3.454899902E+02 2.337899971E+01 6.194900131E+01 5.219199829E+02 2.139800042E-01 5.199300051E-01 1.290800050E-03
 2.091000060E-04 2.529999983E-05 7.086899877E-01 -4.886600000E+04 7.791400000E+04 3.495199890E+02 3.488700104E+01 8.043299866E+01 2.800799866E+02 2.815699875E-01 5.157799721E-01 1.316400012E-03
 2.111500071E-04 2.529999983E-05 6.976799965E-01 -2.830300000E+04 4.198800000E+04 3.512999878E+02 4.436399841E+01 9.140599823E+01 1.980700073E+02 3.254899979E-01 5.103700161E-01 1.337100053E-03
 2.131999936E-04 2.529999983E-05 6.888300180E-01 -1.692800000E+04 1.446100000E+04 3.521600037E+02 5.233000183E+01 9.871199799E+01 1.643600006E+02 3.574599922E-01 5.051299930E-01 1.354199951E-03
 2.152499947E-04 2.529999983E-05 6.818500161E-01 -6.087899902E+03 5.139799805E+03 3.522699890E+02 5.929600143E+01 1.043000031E+02 1.438300018E+02 3.837800026E-01 5.001800060E-01 1.368100056E-03
 2.172999957E-04 2.529999983E-05 6.754999757E-01 5.783799805E+03 5.630500000E+03 3.518800049E+02 6.572000122E+01 1.086600037E+02 1.235800018E+02 4.064399898E-01 4.949699938E-01 1.380900037E-03
 2.193499968E-04 2.529999983E-05 6.689100266E-01 1.337100000E+04 5.175200195E+03 3.513099976E+02 7.186900330E+01 1.124899979E+02 1.125999985E+02 4.275699854E-01 4.893499911E-01 1.394500025E-03
 2.213999978E-04 2.529999983E-05 6.624799967E-01 9.747000000E+03 -2.397899902E+03 3.506300049E+02 7.781600189E+01 1.161999969E+02 1.216600037E+02 4.483700097E-01 4.837099910E-01 1.408100012E-03
 2.234499989E-04 2.529999983E-05 6.567900181E-01 1.385600000E+04 -8.284700195E+03 3.498500061E+02 8.357700348E+01 1.192500000E+02 1.172300034E+02 4.673900008E-01 4.784800112E-01 1.420299988E-03
 2.254999999E-04 2.529999983E-05 6.505399942E-01 2.417200000E+04 -7.147600098E+03 3.493399963E+02 8.932800293E+01 1.218499985E+02 1.108300018E+02 4.852499962E-01 4.732399881E-01 1.433999976E-03
 2.275500010E-04 2.529999983E-05 6.436399817E-01 1.289600000E+04 -9.662900391E+03 3.488500061E+02 9.518900299E+01 1.245599976E+02 1.024499969E+02 5.038400292E-01 4.675799906E-01 1.449299976E-03
 2.296000021E-04 2.529999983E-05 6.371700168E-01 4.879399902E+03 -6.336899902E+03 3.480499878E+02 1.010100021E+02 1.272600021E+02 9.243800354E+01 5.227900147E-01 4.618099928E-01 1.463999972E-03
 2.316500031E-04 2.529999983E-05 6.309999824E-01 1.310700000E+04 -2.202500000E+03 3.471000061E+02 1.069499969E+02 1.301000061E+02 7.893399811E+01 5.426200032E-01 4.560900033E-01 1.478299964E-03
 2.337000042E-04 2.529999983E-05 6.251199841E-01 1.641300000E+04 -6.917100098E+03 3.460899963E+02 1.129800034E+02 1.329100037E+02 8.065599823E+01 5.628399849E-01 4.505299926E-01 1.492199954E-03
 2.357500052E-04 2.529999983E-05 6.180999875E-01 1.253000000E+04 -8.292200195E+03 3.451499939E+02 1.191800003E+02 1.355899963E+02 9.478700256E+01 5.832499862E-01 4.442600012E-01 1.509199967E-03
 2.378000063E-04 2.529999983E-05 6.105599999E-01 1.339500000E+04 -5.463500000E+03 3.442600098E+02 1.255599976E+02 1.382400055E+02 9.250000000E+01 6.041399837E-01 4.377000034E-01 1.527799992E-03
 2.398499928E-04 2.529999983E-05 6.035299897E-01 2.426200000E+04 2.966499939E+02 3.432999878E+02 1.318200073E+02 1.409700012E+02 8.658699799E+01 6.252200007E-01 4.314599931E-01 1.545600011E-03
 2.418999939E-04 2.529999983E-05 5.956799984E-01 2.932300000E+04 -7.577800293E+02 3.422500000E+02 1.382799988E+02 1.439900055E+02 9.432800293E+01 6.477100253E-01 4.245499969E-01 1.566000050E-03
 2.439499949E-04 2.529999983E-05 5.873200297E-01 2.621700000E+04 -7.686500000E+03 3.411199951E+02 1.452299957E+02 1.471499939E+02 9.879399872E+01 6.718800068E-01 4.171999991E-01 1.588299987E-03
 2.460000105E-04 2.529999983E-05 5.788900256E-01 2.358300000E+04 -1.023800000E+04 3.398999939E+02 1.524700012E+02 1.504100037E+02 8.944400024E+01 6.972799897E-01 4.097400010E-01 1.611500047E-03
 2.480499970E-04 2.529999983E-05 5.697500110E-01 2.101800000E+04 -8.351299805E+03 3.386600037E+02 1.600399933E+02 1.537799988E+02 9.829799652E+01 7.238900065E-01 4.018099904E-01 1.637400012E-03
 2.501000126E-04 2.529999983E-05 5.592499971E-01 1.439000000E+04 -1.062100000E+04 3.373900146E+02 1.682100067E+02 1.573800049E+02 1.210599976E+02 7.527400255E-01 3.929199874E-01 1.668100012E-03
 2.521499991E-04 2.529999983E-05 5.485100150E-01 2.023700000E+04 -9.860099609E+03 3.356499939E+02 1.768899994E+02 1.611100006E+02 1.259400024E+02 7.838699818E-01 3.833999932E-01 1.700800029E-03
 2.541999856E-04 2.529999983E-05 5.374799967E-01 3.678100000E+04 -3.105500000E+03 3.336300049E+02 1.863500061E+02 1.652599945E+02 1.075400009E+02 8.184900284E-01 3.734200001E-01 1.735699945E-03
 2.562500013E-04 2.529999983E-05 5.246099830E-01 4.728400000E+04 -2.364500000E+03 3.314700012E+02 1.971300049E+02 1.700299988E+02 1.099400024E+02 8.582599759E-01 3.621299863E-01 1.778400037E-03
 2.582999878E-04 2.529999983E-05 5.092800260E-01 5.135700000E+04 -6.499799805E+03 3.287000122E+02 2.095500031E+02 1.749900055E+02 1.304499969E+02 9.038699865E-01 3.486199975E-01 1.832099981E-03
 2.603500034E-04 2.529999983E-05 4.916200042E-01 6.408700000E+04 -3.104399902E+03 3.251000061E+02 2.238500061E+02 1.798399963E+02 1.280200043E+02 9.559699893E-01 3.328500092E-01 1.898100018E-03
 2.623999899E-04 2.529999983E-05 4.708899856E-01 8.719500000E+04 6.378500000E+03 3.202900085E+02 2.409199982E+02 1.846799927E+02 1.194400024E+02 1.018300056E+00 3.141399920E-01 1.982100075E-03
 2.644500055E-04 2.529999983E-05 4.167999923E-01 1.107900000E+05 1.264699951E+03 3.063500061E+02 2.818800049E+02 1.893999939E+02 1.087799988E+02 1.100800037E+00 2.896400094E-01 2.107199980E-03
 2.664999920E-04 2.529999983E-05 3.741900027E-01 1.247600000E+05 -6.570500000E+03 2.951700134E+02 3.133699951E+02 1.916999969E+02 9.759200287E+01 1.148800015E+00 2.755300105E-01 2.183899982E-03
 2.050000039E-04 2.759999916E-05 7.422199845E-01 -1.367800000E+05 1.227600000E+05 3.348999939E+02 2.176399994E+01 3.923500061E+01 5.461300049E+02 1.477299929E-01 5.175799727E-01 1.256900025E-03
 2.070500050E-04 2.759999916E-05 7.337899804E-01 -1.133200000E+05 1.120900000E+05 3.385000000E+02 2.634399986E+01 5.014199829E+01 4.521799927E+02 1.850000024E-01 5.171399713E-01 1.271500019E-03
 2.091000060E-04 2.759999916E-05 7.184100151E-01 -7.031600000E+04 9.357500000E+04 3.443500061E+02 3.595800018E+01 6.851399994E+01 2.898200073E+02 2.503499985E-01 5.150799751E-01 1.298599993E-03
 2.111500071E-04 2.759999916E-05 7.058899999E-01 -3.998200000E+04 7.185100000E+04 3.478099976E+02 4.558200073E+01 8.109600067E+01 2.066499939E+02 2.994799912E-01 5.112299919E-01 1.321600052E-03
 2.131999936E-04 2.759999916E-05 6.956700087E-01 -2.107800000E+04 4.405700000E+04 3.497699890E+02 5.418600082E+01 8.983799744E+01 1.591499939E+02 3.368000090E-01 5.066699982E-01 1.340999966E-03
 2.152499947E-04 2.759999916E-05 6.873300076E-01 -9.175200195E+03 1.970700000E+04 3.508099976E+02 6.179199982E+01 9.644999695E+01 1.441699982E+02 3.671700060E-01 5.021100044E-01 1.357199973E-03
 2.172999957E-04 2.759999916E-05 6.799299717E-01 2.912699951E+03 1.118200000E+04 3.512200012E+02 6.860900116E+01 1.017399979E+02 1.473099976E+02 3.930900097E-01 4.972800016E-01 1.371999970E-03
 2.193499968E-04 2.759999916E-05 6.729099751E-01 8.779200195E+03 8.156500000E+03 3.511199951E+02 7.480799866E+01 1.059499969E+02 1.146999969E+02 4.155099988E-01 4.920099974E-01 1.386299962E-03
 2.213999978E-04 2.759999916E-05 6.664999723E-01 3.502699951E+03 -8.880999756E+02 3.506600037E+02 8.081199646E+01 1.096600037E+02 1.081699982E+02 4.367100000E-01 4.866800010E-01 1.399599947E-03
 2.234499989E-04 2.759999916E-05 6.608399749E-01 1.033100000E+04 -4.080800049E+03 3.499299927E+02 8.668800354E+01 1.129400024E+02 1.222099991E+02 4.569100142E-01 4.815399945E-01 1.411600038E-03
 2.254999999E-04 2.759999916E-05 6.545000076E-01 1.545300000E+04 1.776499939E+02 3.493999939E+02 9.241799927E+01 1.157699966E+02 1.197099991E+02 4.757300019E-01 4.762099981E-01 1.425300026E-03
 2.275500010E-04 2.759999916E-05 6.473100185E-01 8.484099609E+03 7.604099731E+02 3.489100037E+02 9.806999969E+01 1.185299988E+02 1.107699966E+02 4.943900108E-01 4.703100026E-01 1.441100030E-03
 2.296000021E-04 2.759999916E-05 6.406499743E-01 6.252500000E+03 -2.486800049E+03 3.481400146E+02 1.036999969E+02 1.212300034E+02 1.050800018E+02 5.132300258E-01 4.644500017E-01 1.456100028E-03
 2.316500031E-04 2.759999916E-05 6.342800260E-01 1.089000000E+04 -8.324900391E+03 3.473800049E+02 1.094599991E+02 1.240100021E+02 9.915399933E+01 5.327000022E-01 4.588299990E-01 1.470700023E-03
 2.337000042E-04 2.759999916E-05 6.283400059E-01 1.896500000E+04 -9.075599609E+03 3.464700012E+02 1.153799973E+02 1.267500000E+02 8.826699829E+01 5.527200103E-01 4.533399940E-01 1.484600012E-03
 2.357500052E-04 2.759999916E-05 6.214900017E-01 1.941600000E+04 -6.668100098E+03 3.454200134E+02 1.215599976E+02 1.294199982E+02 7.922799683E+01 5.734599829E-01 4.470399916E-01 1.501000021E-03
 2.378000063E-04 2.759999916E-05 6.138399839E-01 1.478800000E+04 -6.617899902E+03 3.444400024E+02 1.278099976E+02 1.321600037E+02 9.356300354E+01 5.945900083E-01 4.402900040E-01 1.519700047E-03
 2.398499928E-04 2.759999916E-05 6.067600250E-01 2.065200000E+04 1.159899979E+02 3.435100098E+02 1.340200043E+02 1.350399933E+02 1.052099991E+02 6.161400080E-01 4.340299964E-01 1.537399949E-03
 2.418999939E-04 2.759999916E-05 5.991700292E-01 2.902300000E+04 -6.273900146E+02 3.425299988E+02 1.404400024E+02 1.378600006E+02 9.992400360E+01 6.382499933E-01 4.273799956E-01 1.556899981E-03
 2.439499949E-04 2.759999916E-05 5.904899836E-01 2.411100000E+04 -6.277500000E+03 3.412999878E+02 1.473399963E+02 1.407500000E+02 8.945300293E+01 6.620500088E-01 4.196699858E-01 1.579800039E-03
 2.460000105E-04 2.759999916E-05 5.819399953E-01 2.142900000E+04 -5.202799805E+03 3.399800110E+02 1.545399933E+02 1.439299927E+02 8.149500275E+01 6.874499917E-01 4.120000005E-01 1.602999982E-03
 2.480499970E-04 2.759999916E-05 5.733500123E-01 2.454600000E+04 -5.905399902E+03 3.386900024E+02 1.619499969E+02 1.471699982E+02 9.363500214E+01 7.137200236E-01 4.043700099E-01 1.627100050E-03
 2.501000126E-04 2.759999916E-05 5.633800030E-01 2.319000000E+04 -6.638000000E+03 3.373900146E+02 1.700299988E+02 1.504400024E+02 1.087799988E+02 7.418599725E-01 3.958300054E-01 1.655900036E-03
 2.521499991E-04 2.759999916E-05 5.525100231E-01 2.569000000E+04 -1.692400024E+03 3.356499939E+02 1.786900024E+02 1.538699951E+02 1.161900024E+02 7.725600004E-01 3.862000108E-01 1.688500051E-03
 2.541999856E-04 2.759999916E-05 5.404000282E-01 3.653500000E+04 -1.545199951E+03 3.334700012E+02 1.883200073E+02 1.578999939E+02 1.171800003E+02 8.078100085E-01 3.752700090E-01 1.726399991E-03
 2.562500013E-04 2.759999916E-05 5.270199776E-01 4.200600000E+04 -6.868000000E+03 3.313399963E+02 1.990899963E+02 1.623600006E+02 1.220699997E+02 8.471300006E-01 3.636499941E-01 1.770199975E-03
 2.582999878E-04 2.759999916E-05 5.117200017E-01 4.359500000E+04 -9.324799805E+03 3.286400146E+02 2.112899933E+02 1.670000000E+02 1.293300018E+02 8.917400241E-01 3.502300084E-01 1.823400031E-03
 2.603500034E-04 2.759999916E-05 4.937900007E-01 5.981900000E+04 -1.915500000E+03 3.250000000E+02 2.255299988E+02 1.715500031E+02 1.280399933E+02 9.435099959E-01 3.342300057E-01 1.889799954E-03
 2.623999899E-04 2.759999916E-05 4.726499915E-01 8.582100000E+04 4.373700195E+03 3.202600098E+02 2.426699982E+02 1.760399933E+02 1.203300018E+02 1.005699992E+00 3.152799904E-01 1.974799903E-03
 2.644500055E-04 2.759999916E-05 4.177500010E-01 1.131200000E+05 -1.550599976E+03 3.062099915E+02 2.840799866E+02 1.806900024E+02 1.079899979E+02 1.090100050E+00 2.902599871E-01 2.102100058E-03
 2.664999920E-04 2.759999916E-05 3.745799959E-01 1.273700000E+05 -5.882700195E+03 2.948699951E+02 3.159299927E+02 1.830599976E+02 1.009599991E+02 1.139700055E+00 2.757300138E-01 2.180499956E-03
 2.050000039E-04 2.990000030E-05 7.547799945E-01 -1.208300000E+05 1.142200000E+05 3.281900024E+02 2.651000023E+01 3.264500046E+01 3.798900146E+02 1.397700012E-01 5.157999992E-01 1.235899981E-03
 2.070500050E-04 2.990000030E-05 7.463099957E-01 -1.089200000E+05 1.049000000E+05 3.318399963E+02 2.979700089E+01 4.170899963E+01 3.558999939E+02 1.693100035E-01 5.156000257E-01 1.250099973E-03
 2.091000060E-04 2.990000030E-05 7.298200130E-01 -8.592800000E+04 9.782600000E+04 3.383800049E+02 3.749200058E+01 5.791400146E+01 2.945000000E+02 2.252099961E-01 5.141699910E-01 1.278399955E-03
 2.111500071E-04 2.990000030E-05 7.155500054E-01 -6.421900000E+04 8.774900000E+04 3.431499939E+02 4.643099976E+01 7.067299652E+01 2.392299957E+02 2.740600109E-01 5.112500191E-01 1.303800032E-03
 2.131999936E-04 2.990000030E-05 7.034599781E-01 -4.698000000E+04 6.181900000E+04 3.463699951E+02 5.517800140E+01 8.052200317E+01 1.801900024E+02 3.148699999E-01 5.073500276E-01 1.326199970E-03
 2.152499947E-04 2.990000030E-05 6.935300231E-01 -3.281000000E+04 4.004900000E+04 3.483900146E+02 6.317399979E+01 8.817199707E+01 1.457700043E+02 3.488500118E-01 5.031300187E-01 1.345099998E-03
 2.172999957E-04 2.990000030E-05 6.852099895E-01 -1.600300000E+04 2.803400000E+04 3.495499878E+02 7.037000275E+01 9.439600372E+01 1.437100067E+02 3.780300021E-01 4.987500012E-01 1.361400005E-03
 2.193499968E-04 2.990000030E-05 6.775599718E-01 -8.323400391E+03 1.861000000E+04 3.502000122E+02 7.692400360E+01 9.925099945E+01 1.124700012E+02 4.028100073E-01 4.941000044E-01 1.376800006E-03
 2.213999978E-04 2.990000030E-05 6.707599759E-01 -5.685500000E+03 1.402300000E+04 3.502200012E+02 8.314099884E+01 1.030699997E+02 8.814099884E+01 4.247699976E-01 4.891799986E-01 1.390699996E-03
 2.234499989E-04 2.990000030E-05 6.642299891E-01 5.341100098E+03 1.219900000E+04 3.497600098E+02 8.919599915E+01 1.066200027E+02 1.025999985E+02 4.461899996E-01 4.837900102E-01 1.404399984E-03
 2.254999999E-04 2.990000030E-05 6.577799916E-01 9.267700195E+03 1.119500000E+04 3.492799988E+02 9.506800079E+01 1.098700027E+02 1.112500000E+02 4.666700065E-01 4.784300029E-01 1.418199972E-03
 2.275500010E-04 2.990000030E-05 6.509799957E-01 7.962700195E+03 9.734299805E+03 3.487600098E+02 1.007500000E+02 1.127799988E+02 1.082699966E+02 4.860900044E-01 4.727799892E-01 1.432999969E-03
 2.296000021E-04 2.990000030E-05 6.442099810E-01 1.226200000E+04 3.188899902E+03 3.480400085E+02 1.063499985E+02 1.155299988E+02 1.102699966E+02 5.052400231E-01 4.668999910E-01 1.447999966E-03
 2.316500031E-04 2.990000030E-05 6.374199986E-01 1.225100000E+04 -6.797200195E+03 3.474200134E+02 1.120599976E+02 1.182200012E+02 1.087300034E+02 5.245699883E-01 4.611499906E-01 1.463499968E-03
 2.337000042E-04 2.990000030E-05 6.309499741E-01 1.375400000E+04 -5.752100098E+03 3.466499939E+02 1.178499985E+02 1.208099976E+02 9.496299744E+01 5.441100001E-01 4.554600120E-01 1.478499966E-03
 2.357500052E-04 2.990000030E-05 6.246299744E-01 2.032000000E+04 -3.623000000E+03 3.455400085E+02 1.237799988E+02 1.233899994E+02 7.821299744E+01 5.643799901E-01 4.494499862E-01 1.493399963E-03
 2.378000063E-04 2.990000030E-05 6.174200177E-01 1.584500000E+04 -8.312000000E+03 3.445700073E+02 1.299400024E+02 1.262200012E+02 8.378299713E+01 5.857499838E-01 4.430299997E-01 1.510899980E-03
 2.398499928E-04 2.990000030E-05 6.100299954E-01 1.466800000E+04 -2.093199951E+03 3.437000122E+02 1.361499939E+02 1.291900024E+02 1.017699966E+02 6.076599956E-01 4.366100132E-01 1.529200003E-03
 2.418999939E-04 2.990000030E-05 6.023899913E-01 2.142600000E+04 -2.972500000E+03 3.425199890E+02 1.425200043E+02 1.318999939E+02 9.829199982E+01 6.297900081E-01 4.296700060E-01 1.548600034E-03
 2.439499949E-04 2.990000030E-05 5.936499834E-01 1.959500000E+04 -1.292199951E+03 3.413200073E+02 1.493600006E+02 1.345000000E+02 8.025499725E+01 6.529999971E-01 4.219500124E-01 1.571399975E-03
 2.460000105E-04 2.990000030E-05 5.849499702E-01 1.920000000E+04 1.508900024E+03 3.401000061E+02 1.565200043E+02 1.375899963E+02 9.131199646E+01 6.782699823E-01 4.142799973E-01 1.594800036E-03
 2.480499970E-04 2.990000030E-05 5.764499903E-01 2.408200000E+04 8.075999756E+02 3.386400146E+02 1.639299927E+02 1.406999969E+02 1.113899994E+02 7.046200037E-01 4.065000117E-01 1.618299983E-03
 2.501000126E-04 2.990000030E-05 5.666800141E-01 2.854200000E+04 6.796700195E+03 3.371700134E+02 1.719299927E+02 1.437799988E+02 1.134899979E+02 7.326300144E-01 3.978900015E-01 1.646199962E-03
 2.521499991E-04 2.990000030E-05 5.554699898E-01 2.639700000E+04 1.072300000E+04 3.354700012E+02 1.806399994E+02 1.471100006E+02 1.176200027E+02 7.634199858E-01 3.880499899E-01 1.679499983E-03
 2.541999856E-04 2.990000030E-05 5.429300070E-01 2.680100000E+04 6.532500000E+03 3.333800049E+02 1.901999969E+02 1.508099976E+02 1.144700012E+02 7.979500294E-01 3.769299984E-01 1.718300045E-03
 2.562500013E-04 2.990000030E-05 5.296900272E-01 3.441000000E+04 -3.950799866E+02 3.310799866E+02 2.007500000E+02 1.548600006E+02 1.052300034E+02 8.363699913E-01 3.652000129E-01 1.761300024E-03
 2.582999878E-04 2.990000030E-05 5.145199895E-01 4.604700000E+04 -3.806899902E+03 3.282699890E+02 2.129199982E+02 1.591100006E+02 1.099499969E+02 8.805999756E-01 3.517499864E-01 1.813499955E-03
 2.603500034E-04 2.990000030E-05 4.962599874E-01 6.049800000E+04 1.160199951E+03 3.247099915E+02 2.272200012E+02 1.633699951E+02 1.133600006E+02 9.322599769E-01 3.355999887E-01 1.880399999E-03
 2.623999899E-04 2.990000030E-05 4.747399986E-01 7.777900000E+04 8.596299805E+03 3.200100098E+02 2.443500061E+02 1.675500031E+02 1.056900024E+02 9.942700267E-01 3.164199889E-01 1.966099953E-03
 2.644500055E-04 2.990000030E-05 4.188700020E-01 1.081700000E+05 2.805800049E+03 3.059700012E+02 2.860799866E+02 1.719799957E+02 1.000899963E+02 1.079499960E+00 2.909500003E-01 2.096100012E-03
 2.664999920E-04 2.990000030E-05 3.748700023E-01 1.270300000E+05 -2.496000000E+03 2.946300049E+02 3.182999878E+02 1.742799988E+02 1.019000015E+02 1.130100012E+00 2.760500014E-01 2.177000046E-03
 2.050000039E-04 3.220000144E-05 7.666100264E-01 -1.041500000E+05 9.761200000E+04 3.223500061E+02 3.051399994E+01 2.825200081E+01 3.047699890E+02 1.392599940E-01 5.145699978E-01 1.216799952E-03
 2.070500050E-04 3.220000144E-05 7.588499784E-01 -9.931200000E+04 9.813100000E+04 3.256199951E+02 3.306800079E+01 3.543299866E+01 3.041000061E+02 1.616999954E-01 5.144600272E-01 1.229400048E-03
 2.091000060E-04 3.220000144E-05 7.425199747E-01 -8.988500000E+04 9.989800000E+04 3.320100098E+02 3.940000153E+01 4.897200012E+01 2.782500000E+02 2.072200030E-01 5.132499933E-01 1.256500022E-03
 2.111500071E-04 3.220000144E-05 7.270200253E-01 -7.608000000E+04 9.252400000E+04 3.374599915E+02 4.735100174E+01 6.091699982E+01 2.274299927E+02 2.521699965E-01 5.108199716E-01 1.283199992E-03
 2.131999936E-04 3.220000144E-05 7.133100033E-01 -6.441400000E+04 7.366500000E+04 3.416700134E+02 5.567200089E+01 7.112000275E+01 1.821399994E+02 2.933200002E-01 5.074499846E-01 1.307899947E-03
 2.152499947E-04 3.220000144E-05 7.016299963E-01 -4.979800000E+04 5.555200000E+04 3.446499939E+02 6.366500092E+01 7.960900116E+01 1.573899994E+02 3.296000063E-01 5.035300255E-01 1.329599996E-03
 2.172999957E-04 3.220000144E-05 6.919999719E-01 -3.477100000E+04 4.596700000E+04 3.465799866E+02 7.113300323E+01 8.655200195E+01 1.370099945E+02 3.612299860E-01 4.994100034E-01 1.348100021E-03
 2.193499968E-04 3.220000144E-05 6.834700108E-01 -2.504400000E+04 3.870200000E+04 3.478999939E+02 7.822399902E+01 9.202300262E+01 1.113099976E+02 3.886899948E-01 4.951399863E-01 1.364900032E-03
 2.213999978E-04 3.220000144E-05 6.758099794E-01 -1.484800000E+04 3.623900000E+04 3.486099854E+02 8.480699921E+01 9.638600159E+01 1.009199982E+02 4.127500057E-01 4.905799925E-01 1.380400034E-03
 2.234499989E-04 3.220000144E-05 6.682800055E-01 -5.197899902E+03 3.205100000E+04 3.488099976E+02 9.110399628E+01 1.001999969E+02 1.013300018E+02 4.352700114E-01 4.854199886E-01 1.395900035E-03
 2.254999999E-04 3.220000144E-05 6.614699960E-01 -2.495100098E+03 2.079100000E+04 3.486600037E+02 9.731999969E+01 1.036999969E+02 9.958999634E+01 4.571799934E-01 4.802600145E-01 1.410200028E-03
 2.275500010E-04 3.220000144E-05 6.546499729E-01 -1.226099976E+03 1.217000000E+04 3.481900024E+02 1.032300034E+02 1.070100021E+02 1.046500015E+02 4.783000052E-01 4.746699929E-01 1.424900023E-03
 2.296000021E-04 3.220000144E-05 6.476799846E-01 9.580700195E+03 8.482500000E+03 3.476300049E+02 1.088899994E+02 1.099300003E+02 1.085699997E+02 4.981200099E-01 4.688600004E-01 1.440300024E-03
 2.316500031E-04 3.220000144E-05 6.405900121E-01 1.171600000E+04 3.063300049E+03 3.472099915E+02 1.145199966E+02 1.125400009E+02 1.111600037E+02 5.172200203E-01 4.631600082E-01 1.456200029E-03
 2.337000042E-04 3.220000144E-05 6.336100101E-01 1.139500000E+04 3.543900146E+02 3.465899963E+02 1.201999969E+02 1.151999969E+02 1.021900024E+02 5.367900133E-01 4.573000073E-01 1.472200034E-03
 2.357500052E-04 3.220000144E-05 6.272699833E-01 1.828500000E+04 -4.664400024E+02 3.456700134E+02 1.259400024E+02 1.176999969E+02 7.662100220E+01 5.565099716E-01 4.515300095E-01 1.487100031E-03
 2.378000063E-04 3.220000144E-05 6.200799942E-01 1.077900000E+04 -1.057600000E+04 3.448399963E+02 1.320299988E+02 1.205000000E+02 7.316100311E+01 5.777900219E-01 4.452700019E-01 1.504400047E-03
 2.398499928E-04 3.220000144E-05 6.123700142E-01 8.073000000E+03 -1.113100000E+04 3.437999878E+02 1.384100037E+02 1.234700012E+02 9.588999939E+01 6.004400253E-01 4.384100139E-01 1.523299958E-03
 2.418999939E-04 3.220000144E-05 6.049299836E-01 1.463600000E+04 -3.814199951E+03 3.424700012E+02 1.448300018E+02 1.261699982E+02 9.918399811E+01 6.230099797E-01 4.314199984E-01 1.542099984E-03
 2.439499949E-04 3.220000144E-05 5.968700051E-01 1.738800000E+04 7.962399902E+03 3.412799988E+02 1.514700012E+02 1.285700073E+02 8.833699799E+01 6.455000043E-01 4.241900146E-01 1.562900026E-03
 2.460000105E-04 3.220000144E-05 5.883399844E-01 2.249700000E+04 1.156100000E+04 3.400499878E+02 1.585000000E+02 1.312899933E+02 9.787599945E+01 6.698899865E-01 4.166199863E-01 1.585599966E-03
 2.480499970E-04 3.220000144E-05 5.789999962E-01 2.481400000E+04 5.679299805E+03 3.386000061E+02 1.659900055E+02 1.344199982E+02 1.120699997E+02 6.967099905E-01 4.082599878E-01 1.611200045E-03
 2.501000126E-04 3.220000144E-05 5.686100125E-01 2.502100000E+04 8.426200195E+03 3.370100098E+02 1.739799957E+02 1.375599976E+02 1.039800034E+02 7.251600027E-01 3.990499973E-01 1.640600036E-03
 2.521499991E-04 3.220000144E-05 5.574799776E-01 2.417500000E+04 9.923299805E+03 3.352399902E+02 1.825700073E+02 1.407700043E+02 1.026800003E+02 7.557600141E-01 3.891899884E-01 1.673400053E-03
 2.541999856E-04 3.220000144E-05 5.452499986E-01 2.731800000E+04 4.499600098E+03 3.332500000E+02 1.919799957E+02 1.441000061E+02 1.004199982E+02 7.892799973E-01 3.783900142E-01 1.710999990E-03
 2.562500013E-04 3.220000144E-05 5.319799781E-01 3.803700000E+04 2.527500000E+03 3.307900085E+02 2.024600067E+02 1.476900024E+02 8.835500336E+01 8.270699978E-01 3.664599955E-01 1.753799967E-03
 2.582999878E-04 3.220000144E-05 5.167499781E-01 5.023500000E+04 1.340599976E+03 3.277699890E+02 2.146000061E+02 1.514400024E+02 8.471499634E+01 8.708199859E-01 3.527399898E-01 1.805600012E-03
 2.603500034E-04 3.220000144E-05 4.985100031E-01 5.754000000E+04 3.220000000E+03 3.242799988E+02 2.289199982E+02 1.553600006E+02 7.828500366E+01 9.222499728E-01 3.366700113E-01 1.871900051E-03
 2.623999899E-04 3.220000144E-05 4.765799940E-01 7.430400000E+04 5.903700195E+03 3.197200012E+02 2.461799927E+02 1.594600067E+02 9.655999756E+01 9.847400188E-01 3.173699975E-01 1.958499895E-03
 2.644500055E-04 3.220000144E-05 4.200800061E-01 1.074500000E+05 2.061300049E+03 3.055599976E+02 2.881000061E+02 1.634600067E+02 1.057799988E+02 1.069599986E+00 2.918399870E-01 2.087800065E-03
 2.664999920E-04 3.220000144E-05 3.756099939E-01 1.270800000E+05 8.523800049E+02 2.940499878E+02 3.205000000E+02 1.653699951E+02 9.686799622E+01 1.119699955E+00 2.769699991E-01 2.167599974E-03
 2.050000039E-04 3.450000077E-05 7.771499753E-01 -9.310500000E+04 7.191900000E+04 3.172300110E+02 3.452399826E+01 2.488899994E+01 2.541900024E+02 1.436900049E-01 5.133600235E-01 1.200299943E-03
 2.070500050E-04 3.450000077E-05 7.701500058E-01 -9.327800000E+04 8.014800000E+04 3.199200134E+02 3.663700104E+01 3.054899979E+01 2.531000061E+02 1.606100053E-01 5.130100250E-01 1.211400027E-03
 2.091000060E-04 3.450000077E-05 7.550799847E-01 -8.479800000E+04 9.435500000E+04 3.256099854E+02 4.179700089E+01 4.163999939E+01 2.311900024E+02 1.965100020E-01 5.119000077E-01 1.235599979E-03
 2.111500071E-04 3.450000077E-05 7.394800186E-01 -7.131100000E+04 9.582000000E+04 3.311400146E+02 4.849300003E+01 5.229000092E+01 2.017599945E+02 2.353499979E-01 5.098299980E-01 1.261699945E-03
 2.131999936E-04 3.450000077E-05 7.252500057E-01 -6.628500000E+04 8.957700000E+04 3.357999878E+02 5.612200165E+01 6.218999863E+01 1.783200073E+02 2.744300067E-01 5.070700049E-01 1.286400016E-03
 2.152499947E-04 3.450000077E-05 7.124500275E-01 -5.380800000E+04 7.970500000E+04 3.395299988E+02 6.387400055E+01 7.103800201E+01 1.651100006E+02 3.112100065E-01 5.036699772E-01 1.309499959E-03
 2.172999957E-04 3.450000077E-05 7.011799812E-01 -4.080700000E+04 6.973400000E+04 3.422999878E+02 7.130400085E+01 7.835500336E+01 1.506000061E+02 3.437199891E-01 4.997600019E-01 1.330500003E-03
 2.193499968E-04 3.450000077E-05 6.914100051E-01 -3.427000000E+04 5.781500000E+04 3.443999939E+02 7.864600372E+01 8.417800140E+01 1.214599991E+02 3.726199865E-01 4.958299994E-01 1.349200029E-03
 2.213999978E-04 3.450000077E-05 6.823300123E-01 -2.602500000E+04 5.382600000E+04 3.458900146E+02 8.577300262E+01 8.914399719E+01 1.114599991E+02 3.992800117E-01 4.914500117E-01 1.367200050E-03
 2.234499989E-04 3.450000077E-05 6.735200286E-01 -1.550000000E+04 4.978900000E+04 3.468299866E+02 9.255699921E+01 9.352100372E+01 9.767199707E+01 4.241000116E-01 4.864299893E-01 1.384999952E-03
 2.254999999E-04 3.450000077E-05 6.654800177E-01 -1.150200000E+04 2.699200000E+04 3.472999878E+02 9.893499756E+01 9.741899872E+01 8.464199829E+01 4.472100139E-01 4.812900126E-01 1.401699963E-03
 2.275500010E-04 3.450000077E-05 6.582300067E-01 -7.332299805E+03 1.061900000E+04 3.472500000E+02 1.049700012E+02 1.010000000E+02 8.524400330E+01 4.692299962E-01 4.759800136E-01 1.417199965E-03
 2.296000021E-04 3.450000077E-05 6.512399912E-01 2.185500000E+03 1.174300000E+04 3.468399963E+02 1.109400024E+02 1.041900024E+02 8.948899841E+01 4.905300140E-01 4.703600109E-01 1.432399964E-03
 2.316500031E-04 3.450000077E-05 6.442599893E-01 9.258000000E+03 7.592500000E+03 3.464700012E+02 1.167600021E+02 1.069499969E+02 1.098300018E+02 5.106199980E-01 4.648199975E-01 1.447899966E-03
 2.337000042E-04 3.450000077E-05 6.370099783E-01 1.557100000E+04 1.880800049E+03 3.460299988E+02 1.225599976E+02 1.097399979E+02 1.034300003E+02 5.308300257E-01 4.590100050E-01 1.464399975E-03
 2.357500052E-04 3.450000077E-05 6.297600269E-01 1.666800000E+04 1.081000000E+03 3.454599915E+02 1.283600006E+02 1.123099976E+02 7.944100189E+01 5.507799983E-01 4.530400038E-01 1.481299987E-03
 2.378000063E-04 3.450000077E-05 6.223300099E-01 1.019400000E+04 -1.052600000E+04 3.447699890E+02 1.343500061E+02 1.148700027E+02 8.431900024E+01 5.713899732E-01 4.467999935E-01 1.499000005E-03
 2.398499928E-04 3.450000077E-05 6.148499846E-01 1.157900000E+04 -9.763500000E+03 3.436499939E+02 1.406499939E+02 1.176100006E+02 9.572699738E+01 5.936599970E-01 4.399999976E-01 1.517200028E-03
 2.418999939E-04 3.450000077E-05 6.077600121E-01 1.753900000E+04 -2.192699951E+03 3.423999939E+02 1.470899963E+02 1.203099976E+02 9.508699799E+01 6.164000034E-01 4.333499968E-01 1.534900046E-03
 2.439499949E-04 3.450000077E-05 5.996000171E-01 1.979000000E+04 2.015299988E+02 3.412300110E+02 1.538699951E+02 1.228199997E+02 9.340499878E+01 6.397200227E-01 4.260599911E-01 1.555799972E-03
 2.460000105E-04 3.450000077E-05 5.906599760E-01 3.122100000E+04 9.278200195E+03 3.398599854E+02 1.608699951E+02 1.254599991E+02 1.049100037E+02 6.642100215E-01 4.180299938E-01 1.579300035E-03
 2.480499970E-04 3.450000077E-05 5.811200142E-01 3.207600000E+04 4.058100098E+03 3.383699951E+02 1.682400055E+02 1.285500031E+02 1.095599976E+02 6.908699870E-01 4.094699919E-01 1.605300000E-03
 2.501000126E-04 3.450000077E-05 5.705699921E-01 2.775900000E+04 -1.048300049E+03 3.368699951E+02 1.762200012E+02 1.315599976E+02 1.008300018E+02 7.191600204E-01 4.002600014E-01 1.634999993E-03
 2.521499991E-04 3.450000077E-05 5.594199896E-01 2.845000000E+04 2.881199951E+03 3.351700134E+02 1.848000031E+02 1.345299988E+02 9.757199860E+01 7.494000196E-01 3.904600143E-01 1.667600009E-03
 2.541999856E-04 3.450000077E-05 5.472199917E-01 3.340600000E+04 1.214400024E+03 3.330899963E+02 1.942299957E+02 1.376100006E+02 8.356500244E+01 7.828500271E-01 3.795700073E-01 1.704899943E-03
 2.562500013E-04 3.450000077E-05 5.338199735E-01 4.750300000E+04 3.625100098E+03 3.305000000E+02 2.046300049E+02 1.407799988E+02 8.589800262E+01 8.200700283E-01 3.674199879E-01 1.747700037E-03
 2.582999878E-04 3.450000077E-05 5.185899734E-01 5.563700000E+04 5.960700195E+03 3.274400024E+02 2.164700012E+02 1.441000061E+02 8.850700378E+01 8.626199961E-01 3.536399901E-01 1.799199963E-03
 2.603500034E-04 3.450000077E-05 5.006300211E-01 5.943100000E+04 7.876500000E+03 3.238599854E+02 2.304700012E+02 1.476399994E+02 7.168900299E+01 9.129499793E-01 3.376699984E-01 1.863999991E-03
 2.623999899E-04 3.450000077E-05 4.785799980E-01 7.938500000E+04 9.722700195E+03 3.193099976E+02 2.476799927E+02 1.515099945E+02 8.648200226E+01 9.754199982E-01 3.182800114E-01 1.950399950E-03
 2.644500055E-04 3.450000077E-05 4.213100076E-01 1.113300000E+05 5.437299805E+03 3.051099854E+02 2.898399963E+02 1.551900024E+02 9.026000214E+01 1.059999943E+00 2.927500010E-01 2.079200000E-03
 2.664999920E-04 3.450000077E-05 3.762800097E-01 1.273100000E+05 8.177100220E+02 2.935299988E+02 3.224299927E+02 1.568200073E+02 7.558200073E+01 1.109599948E+00 2.779699862E-01 2.158100018E-03
 2.050000039E-04 3.680000009E-05 7.861300111E-01 -6.675900000E+04 5.559900000E+04 3.126499939E+02 3.860499954E+01 2.206699944E+01 2.026699982E+02 1.510899961E-01 5.117999911E-01 1.186599955E-03
 2.070500050E-04 3.680000009E-05 7.799999714E-01 -7.600500000E+04 6.397000000E+04 3.149700012E+02 4.034700012E+01 2.666500092E+01 2.051399994E+02 1.639900059E-01 5.115399957E-01 1.196000027E-03
 2.091000060E-04 3.680000009E-05 7.669199705E-01 -7.933000000E+04 8.513300000E+04 3.198800049E+02 4.454199982E+01 3.581399918E+01 2.063800049E+02 1.920900047E-01 5.107799768E-01 1.216499950E-03
 2.111500071E-04 3.680000009E-05 7.526400089E-01 -7.224000000E+04 9.990600000E+04 3.249299927E+02 5.014799881E+01 4.497499847E+01 1.950399933E+02 2.244800031E-01 5.091800094E-01 1.239600009E-03
 2.131999936E-04 3.680000009E-05 7.382199764E-01 -6.945200000E+04 9.897400000E+04 3.296199951E+02 5.679399872E+01 5.410900116E+01 1.824100037E+02 2.594299912E-01 5.066300035E-01 1.263799961E-03
 2.152499947E-04 3.680000009E-05 7.246299982E-01 -6.303700000E+04 9.398100000E+04 3.336499939E+02 6.398600006E+01 6.274000168E+01 1.678800049E+02 2.945100069E-01 5.034000278E-01 1.287500025E-03
 2.172999957E-04 3.680000009E-05 7.121499777E-01 -5.372800000E+04 8.532200000E+04 3.371000061E+02 7.142400360E+01 7.012400055E+01 1.507700043E+02 3.272500038E-01 4.998599887E-01 1.309999963E-03
 2.193499968E-04 3.680000009E-05 7.005500197E-01 -4.371900000E+04 6.921700000E+04 3.400499878E+02 7.881700134E+01 7.623500061E+01 1.332299957E+02 3.569400012E-01 4.960300028E-01 1.331700012E-03
 2.213999978E-04 3.680000009E-05 6.900799870E-01 -3.670100000E+04 7.091700000E+04 3.423299866E+02 8.601899719E+01 8.155300140E+01 1.135999985E+02 3.845399916E-01 4.918999970E-01 1.351800049E-03
 2.234499989E-04 3.680000009E-05 6.802999973E-01 -2.694200000E+04 6.823300000E+04 3.439400024E+02 9.298500061E+01 8.646900177E+01 9.702400208E+01 4.109500051E-01 4.872300029E-01 1.371299964E-03
 2.254999999E-04 3.680000009E-05 6.711300015E-01 -1.647700000E+04 4.163200000E+04 3.449200134E+02 9.963300323E+01 9.088800049E+01 7.756800079E+01 4.358600080E-01 4.820300043E-01 1.389999990E-03
 2.275500010E-04 3.680000009E-05 6.633099914E-01 -1.330700000E+04 2.499700000E+04 3.454599915E+02 1.060500031E+02 9.468299866E+01 8.332599640E+01 4.591099918E-01 4.771600068E-01 1.406399999E-03
 2.296000021E-04 3.680000009E-05 6.558899879E-01 -6.971799805E+03 2.367000000E+04 3.455799866E+02 1.123300018E+02 9.814099884E+01 1.040500031E+02 4.816200137E-01 4.720000029E-01 1.422300003E-03
 2.316500031E-04 3.680000009E-05 6.485099792E-01 6.173500000E+03 1.967300000E+04 3.453200073E+02 1.183799973E+02 1.011800003E+02 1.108700027E+02 5.030099750E-01 4.663299918E-01 1.438400010E-03
 2.337000042E-04 3.680000009E-05 6.409800053E-01 1.585900000E+04 1.784900000E+04 3.449500122E+02 1.243799973E+02 1.040400009E+02 9.291200256E+01 5.240700245E-01 4.604200125E-01 1.455300022E-03
 2.357500052E-04 3.680000009E-05 6.329200268E-01 1.223300000E+04 1.865400000E+04 3.446099854E+02 1.305500031E+02 1.067900009E+02 8.371299744E+01 5.453500152E-01 4.541899860E-01 1.473900047E-03
 2.378000063E-04 3.680000009E-05 6.252999902E-01 6.575100098E+03 8.280500000E+03 3.440799866E+02 1.366699982E+02 1.093000031E+02 9.897599792E+01 5.662800074E-01 4.480400085E-01 1.491799951E-03
 2.398499928E-04 3.680000009E-05 6.177600026E-01 1.087400000E+04 6.051200195E+03 3.431900024E+02 1.428000031E+02 1.118799973E+02 9.574299622E+01 5.877599716E-01 4.415000081E-01 1.509999973E-03
 2.418999939E-04 3.680000009E-05 6.101400256E-01 1.262400000E+04 1.556599976E+03 3.421499939E+02 1.491699982E+02 1.145199966E+02 8.265200043E+01 6.102399826E-01 4.347299933E-01 1.528900000E-03
 2.439499949E-04 3.680000009E-05 6.015300155E-01 1.543100000E+04 -1.165900000E+04 3.409599915E+02 1.560500031E+02 1.171399994E+02 7.870500183E+01 6.342700124E-01 4.271099865E-01 1.550800051E-03
 2.460000105E-04 3.680000009E-05 5.924299955E-01 2.976000000E+04 -1.844000000E+03 3.395499878E+02 1.631199951E+02 1.198899994E+02 9.755999756E+01 6.593999863E-01 4.189000130E-01 1.574599999E-03
 2.480499970E-04 3.680000009E-05 5.831999779E-01 3.145800000E+04 7.974100098E+03 3.381400146E+02 1.705099945E+02 1.227900009E+02 1.051299973E+02 6.858500242E-01 4.106700122E-01 1.599599957E-03
 2.501000126E-04 3.680000009E-05 5.729399920E-01 2.775800000E+04 5.429899979E+01 3.367000122E+02 1.785299988E+02 1.255500031E+02 9.789499664E+01 7.139300108E-01 4.017199874E-01 1.628200058E-03
 2.521499991E-04 3.680000009E-05 5.614899993E-01 3.292800000E+04 1.175400024E+03 3.349299927E+02 1.871699982E+02 1.283600006E+02 1.012600021E+02 7.443600297E-01 3.916299939E-01 1.661499962E-03
 2.541999856E-04 3.680000009E-05 5.491099954E-01 3.805200000E+04 6.288399902E+03 3.328599854E+02 1.965599976E+02 1.312100067E+02 8.910700226E+01 7.775099874E-01 3.806200027E-01 1.699000015E-03
 2.562500013E-04 3.680000009E-05 5.355799794E-01 4.001000000E+04 3.075300049E+03 3.304200134E+02 2.069299927E+02 1.341399994E+02 8.843399811E+01 8.143000007E-01 3.685300052E-01 1.741999993E-03
 2.582999878E-04 3.680000009E-05 5.199499726E-01 4.752000000E+04 1.292300049E+03 3.272600098E+02 2.186900024E+02 1.373300018E+02 9.123799896E+01 8.568400145E-01 3.543699980E-01 1.794500044E-03
 2.603500034E-04 3.680000009E-05 5.022000074E-01 6.229400000E+04 6.918200195E+03 3.234800110E+02 2.322299957E+02 1.404700012E+02 8.250900269E+01 9.058200121E-01 3.383199871E-01 1.858099946E-03
 2.623999899E-04 3.680000009E-05 4.801799953E-01 7.712400000E+04 1.106800000E+04 3.189500122E+02 2.491699982E+02 1.438999939E+02 8.049900055E+01 9.671900272E-01 3.189899921E-01 1.943900017E-03
 2.644500055E-04 3.680000009E-05 4.223299921E-01 1.049100000E+05 1.959000000E+03 3.047000122E+02 2.915100098E+02 1.472200012E+02 6.345800018E+01 1.051599979E+00 2.934300005E-01 2.072300063E-03
 2.664999920E-04 3.680000009E-05 3.769400120E-01 1.236600000E+05 -7.736200195E+03 2.930199890E+02 3.242500000E+02 1.486499939E+02 4.900899887E+01 1.100999951E+00 2.786999941E-01 2.150299959E-03
 2.050000039E-04 3.909999941E-05 7.926399708E-01 -5.400400000E+04 4.218300000E+04 3.089299927E+02 4.271699905E+01 1.997200012E+01 1.737400055E+02 1.611399949E-01 5.098999739E-01 1.176799997E-03
 2.070500050E-04 3.909999941E-05 7.879899740E-01 -5.665300000E+04 5.148500000E+04 3.107500000E+02 4.407300186E+01 2.359399986E+01 1.831499939E+02 1.705600023E-01 5.098800063E-01 1.183800050E-03
 2.091000060E-04 3.909999941E-05 7.776799798E-01 -6.166300000E+04 6.930600000E+04 3.146099854E+02 4.750899887E+01 3.108099937E+01 1.887200012E+02 1.923999935E-01 5.094299912E-01 1.199600054E-03
 2.111500071E-04 3.909999941E-05 7.649999857E-01 -6.527100000E+04 8.594800000E+04 3.189400024E+02 5.225099945E+01 3.895299911E+01 1.747700043E+02 2.192399949E-01 5.080100298E-01 1.219499973E-03
 2.131999936E-04 3.909999941E-05 7.510300279E-01 -6.311300000E+04 9.555600000E+04 3.234100037E+02 5.791799927E+01 4.709000015E+01 1.779499969E+02 2.492700070E-01 5.057200193E-01 1.242200029E-03
 2.152499947E-04 3.909999941E-05 7.375900149E-01 -6.460800000E+04 9.288800000E+04 3.275400085E+02 6.442299652E+01 5.494599915E+01 1.783200073E+02 2.808899879E-01 5.030199885E-01 1.264899969E-03
 2.172999957E-04 3.909999941E-05 7.242799997E-01 -6.412000000E+04 8.779100000E+04 3.313800049E+02 7.159500122E+01 6.211199951E+01 1.653099976E+02 3.125599921E-01 4.997200072E-01 1.288100029E-03
 2.193499968E-04 3.909999941E-05 7.113400102E-01 -5.266500000E+04 8.540100000E+04 3.347999878E+02 7.879799652E+01 6.851699829E+01 1.508399963E+02 3.425599933E-01 4.958800077E-01 1.311499975E-03
 2.213999978E-04 3.909999941E-05 6.996999979E-01 -4.800600000E+04 8.587800000E+04 3.376799927E+02 8.578199768E+01 7.411799622E+01 1.160000000E+02 3.702900112E-01 4.919700027E-01 1.333300024E-03
 2.234499989E-04 3.909999941E-05 6.888999939E-01 -4.361300000E+04 7.507700000E+04 3.398900146E+02 9.267700195E+01 7.920600128E+01 9.204599762E+01 3.969100118E-01 4.875600040E-01 1.354199951E-03
 2.254999999E-04 3.909999941E-05 6.793000102E-01 -2.918000000E+04 6.037500000E+04 3.412900085E+02 9.954599762E+01 8.380000305E+01 8.233399963E+01 4.227699935E-01 4.827499986E-01 1.373299980E-03
 2.275500010E-04 3.909999941E-05 6.702399850E-01 -1.795600000E+04 5.272900000E+04 3.424599915E+02 1.063700027E+02 8.798600006E+01 9.070999908E+01 4.477300048E-01 4.779500067E-01 1.391800004E-03
 2.296000021E-04 3.909999941E-05 6.614300013E-01 -1.148900000E+04 4.142500000E+04 3.433399963E+02 1.129300003E+02 9.188700104E+01 1.055299988E+02 4.716100097E-01 4.728899896E-01 1.410400029E-03
 2.316500031E-04 3.909999941E-05 6.531199813E-01 -2.722100098E+03 3.256200000E+04 3.435299988E+02 1.192099991E+02 9.517199707E+01 9.431600189E+01 4.939900041E-01 4.672000110E-01 1.428300049E-03
 2.337000042E-04 3.909999941E-05 6.447399855E-01 5.614299805E+03 2.935700000E+04 3.433999939E+02 1.255599976E+02 9.808799744E+01 7.958899689E+01 5.160700083E-01 4.610399902E-01 1.446899958E-03
 2.357500052E-04 3.909999941E-05 6.366199851E-01 6.791799805E+03 3.166600000E+04 3.432399902E+02 1.320200043E+02 1.010100021E+02 8.584999847E+01 5.385400057E-01 4.550299942E-01 1.465299982E-03
 2.378000063E-04 3.909999941E-05 6.289299726E-01 4.102000000E+03 3.016900000E+04 3.429200134E+02 1.382799988E+02 1.037500000E+02 9.063999939E+01 5.603100061E-01 4.491100013E-01 1.483200002E-03
 2.398499928E-04 3.909999941E-05 6.207299829E-01 5.524200195E+03 2.355800000E+04 3.422699890E+02 1.446100006E+02 1.063799973E+02 8.198100281E+01 5.824300051E-01 4.424200058E-01 1.502800034E-03
 2.418999939E-04 3.909999941E-05 6.126800179E-01 1.078900000E+04 1.062200000E+04 3.414299927E+02 1.510200043E+02 1.088799973E+02 7.282099915E+01 6.047700047E-01 4.356000125E-01 1.522599952E-03
 2.439499949E-04 3.909999941E-05 6.042000055E-01 1.786400000E+04 -2.684199951E+03 3.403399963E+02 1.577100067E+02 1.114499969E+02 7.952300262E+01 6.283000112E-01 4.282099903E-01 1.543999999E-03
 2.460000105E-04 3.909999941E-05 5.947899818E-01 2.433000000E+04 5.241200195E+03 3.390899963E+02 1.648399963E+02 1.141999969E+02 9.281999969E+01 6.536300182E-01 4.199999869E-01 1.568399952E-03
 2.480499970E-04 3.909999941E-05 5.850600004E-01 2.634400000E+04 1.422200000E+04 3.378599854E+02 1.723899994E+02 1.169400024E+02 9.346700287E+01 6.801999807E-01 4.116300046E-01 1.594500034E-03
 2.501000126E-04 3.909999941E-05 5.748900175E-01 2.883900000E+04 1.947199951E+03 3.363900146E+02 1.804400024E+02 1.195199966E+02 8.517299652E+01 7.082899809E-01 4.027099907E-01 1.622700016E-03
 2.521499991E-04 3.909999941E-05 5.638200045E-01 3.595100000E+04 -1.680599976E+03 3.345100098E+02 1.891300049E+02 1.221900024E+02 8.239800262E+01 7.389500141E-01 3.927600086E-01 1.654600026E-03
 2.541999856E-04 3.909999941E-05 5.511299968E-01 3.855600000E+04 5.135500000E+03 3.325899963E+02 1.986100006E+02 1.250100021E+02 9.184899902E+01 7.723799944E-01 3.817099929E-01 1.692799968E-03
 2.562500013E-04 3.909999941E-05 5.368899703E-01 3.278200000E+04 -1.804199951E+03 3.303200073E+02 2.091100006E+02 1.278799973E+02 8.758399963E+01 8.094900250E-01 3.693200052E-01 1.737799961E-03
 2.582999878E-04 3.909999941E-05 5.211499929E-01 4.091000000E+04 -5.673000000E+03 3.270700073E+02 2.209199982E+02 1.308099976E+02 8.308499908E+01 8.521199822E-01 3.549799919E-01 1.790300012E-03
 2.603500034E-04 3.909999941E-05 5.034599900E-01 5.984600000E+04 2.813699951E+03 3.232699890E+02 2.344199982E+02 1.336499939E+02 8.682099915E+01 9.008799791E-01 3.389599919E-01 1.853400026E-03
 2.623999899E-04 3.909999941E-05 4.815599918E-01 7.244900000E+04 7.177700195E+03 3.187399902E+02 2.511199951E+02 1.366399994E+02 8.516799927E+01 9.612699747E-01 3.197000027E-01 1.938299974E-03
 2.644500055E-04 3.909999941E-05 4.235599935E-01 9.929500000E+04 -1.100199951E+03 3.042200012E+02 2.932799988E+02 1.395099945E+02 6.573799896E+01 1.045300007E+00 2.939800024E-01 2.065599896E-03
 2.664999920E-04 3.909999941E-05 3.778299987E-01 1.197900000E+05 -8.639200195E+03 2.923299866E+02 3.261000061E+02 1.408300018E+02 4.730899811E+01 1.095199943E+00 2.790299952E-01 2.143499907E-03
 2.050000039E-04 4.139999874E-05 7.984799743E-01 -4.152900000E+04 3.639800000E+04 3.060199890E+02 4.737599945E+01 1.849399948E+01 1.399900055E+02 1.745599955E-01 5.088199973E-01 1.168200048E-03
 2.070500050E-04 4.139999874E-05 7.945399880E-01 -4.249400000E+04 4.165600000E+04 3.073200073E+02 4.840999985E+01 2.125000000E+01 1.588000031E+02 1.812500060E-01 5.084599853E-01 1.174099976E-03
 2.091000060E-04 4.139999874E-05 7.864400148E-01 -4.654400000E+04 5.425700000E+04 3.100599976E+02 5.107899857E+01 2.737899971E+01 1.736499939E+02 1.978099942E-01 5.077499747E-01 1.186199952E-03
 2.111500071E-04 4.139999874E-05 7.760300040E-01 -5.400400000E+04 7.231500000E+04 3.134800110E+02 5.481100082E+01 3.412599945E+01 1.670599976E+02 2.190800011E-01 5.065199733E-01 1.202199957E-03
 2.131999936E-04 4.139999874E-05 7.634699941E-01 -5.875000000E+04 8.738700000E+04 3.173900146E+02 5.955199814E+01 4.115599823E+01 1.726799927E+02 2.440499961E-01 5.045300126E-01 1.221999992E-03
 2.152499947E-04 4.139999874E-05 7.506099939E-01 -6.203900000E+04 8.795800000E+04 3.212900085E+02 6.524600220E+01 4.807199860E+01 1.683699951E+02 2.714700103E-01 5.021299720E-01 1.242900034E-03
 2.172999957E-04 4.139999874E-05 7.372699976E-01 -6.181600000E+04 8.835300000E+04 3.250700073E+02 7.169100189E+01 5.462300110E+01 1.472799988E+02 3.000999987E-01 4.990000129E-01 1.265399973E-03
 2.193499968E-04 4.139999874E-05 7.241299748E-01 -5.806700000E+04 9.669000000E+04 3.285700073E+02 7.847599792E+01 6.104199982E+01 1.270800018E+02 3.292399943E-01 4.953899980E-01 1.288400032E-03
 2.213999978E-04 4.139999874E-05 7.118099928E-01 -5.052100000E+04 9.366000000E+04 3.316199951E+02 8.527999878E+01 6.680000305E+01 1.087900009E+02 3.570599854E-01 4.914799929E-01 1.310699969E-03
 2.234499989E-04 4.139999874E-05 7.002000213E-01 -4.224400000E+04 8.291500000E+04 3.342999878E+02 9.217500305E+01 7.183300018E+01 1.025100021E+02 3.836300075E-01 4.873799980E-01 1.332400017E-03
 2.254999999E-04 4.139999874E-05 6.891599894E-01 -3.212800000E+04 7.675800000E+04 3.366400146E+02 9.914600372E+01 7.646900177E+01 9.886900330E+01 4.096199870E-01 4.830600023E-01 1.353699947E-03
 2.275500010E-04 4.139999874E-05 6.786800027E-01 -2.132200000E+04 7.045100000E+04 3.385199890E+02 1.060699997E+02 8.095500183E+01 8.646499634E+01 4.352900088E-01 4.783900082E-01 1.374599990E-03
 2.296000021E-04 4.139999874E-05 6.690599918E-01 -2.004600000E+04 6.034200000E+04 3.397600098E+02 1.128300018E+02 8.525299835E+01 7.281999969E+01 4.604899883E-01 4.733499885E-01 1.394300023E-03
 2.316500031E-04 4.139999874E-05 6.600599885E-01 -1.680200000E+04 4.778300000E+04 3.404599915E+02 1.194400024E+02 8.883100128E+01 6.073099899E+01 4.842000008E-01 4.679299891E-01 1.413300051E-03
 2.337000042E-04 4.139999874E-05 6.506699920E-01 -9.311599609E+03 3.746900000E+04 3.410100098E+02 1.261200027E+02 9.184999847E+01 6.579900360E+01 5.071200132E-01 4.620400071E-01 1.433699974E-03
 2.357500052E-04 4.139999874E-05 6.417700052E-01 -3.302100098E+03 3.594900000E+04 3.412900085E+02 1.327299957E+02 9.490699768E+01 8.145200348E+01 5.301200151E-01 4.560999870E-01 1.453600009E-03
 2.378000063E-04 4.139999874E-05 6.330900192E-01 7.981199646E+01 3.935900000E+04 3.411900024E+02 1.392700043E+02 9.787000275E+01 9.171800232E+01 5.531299710E-01 4.498099983E-01 1.473500044E-03
 2.398499928E-04 4.139999874E-05 6.242499948E-01 3.524899902E+03 3.543200000E+04 3.408299866E+02 1.459400024E+02 1.006900024E+02 8.416799927E+01 5.764399767E-01 4.430499971E-01 1.494399970E-03
 2.418999939E-04 4.139999874E-05 6.162300110E-01 1.396100000E+04 2.372000000E+04 3.401400146E+02 1.524499969E+02 1.031999969E+02 6.516100311E+01 5.991500020E-01 4.364799857E-01 1.513800002E-03
 2.439499949E-04 4.139999874E-05 6.076499820E-01 2.333800000E+04 1.381800000E+04 3.392500000E+02 1.592100067E+02 1.057600021E+02 7.951899719E+01 6.228799820E-01 4.292699993E-01 1.535200048E-03
 2.460000105E-04 4.139999874E-05 5.978000164E-01 2.429900000E+04 1.491200000E+04 3.382699890E+02 1.664799957E+02 1.084300003E+02 9.514199829E+01 6.483799815E-01 4.210999906E-01 1.560500008E-03
 2.480499970E-04 4.139999874E-05 5.873600245E-01 2.420900000E+04 1.490200000E+04 3.370299988E+02 1.741900024E+02 1.110299988E+02 9.040299988E+01 6.753799915E-01 4.122300148E-01 1.588299987E-03
 2.501000126E-04 4.139999874E-05 5.770099759E-01 3.201700000E+04 5.214399902E+03 3.355799866E+02 1.822599945E+02 1.135899963E+02 7.822499847E+01 7.036600113E-01 4.032300115E-01 1.616699970E-03
 2.521499991E-04 4.139999874E-05 5.659000278E-01 3.326500000E+04 -1.635899963E+02 3.339800110E+02 1.908899994E+02 1.160999985E+02 7.650000000E+01 7.338100076E-01 3.935799897E-01 1.648499980E-03
 2.541999856E-04 4.139999874E-05 5.530999899E-01 3.246400000E+04 4.291399902E+03 3.320899963E+02 2.004100037E+02 1.188399963E+02 8.341999817E+01 7.674199939E-01 3.825100064E-01 1.686700038E-03
 2.562500013E-04 4.139999874E-05 5.389099717E-01 4.177700000E+04 4.164100098E+03 3.297300110E+02 2.108999939E+02 1.215000000E+02 7.387200165E+01 8.045600057E-01 3.700399995E-01 1.731200027E-03
 2.582999878E-04 4.139999874E-05 5.234299898E-01 4.885600000E+04 2.164399902E+03 3.267200012E+02 2.225599976E+02 1.241299973E+02 7.323400116E+01 8.462499976E-01 3.561500013E-01 1.782499952E-03
 2.603500034E-04 4.139999874E-05 5.051800013E-01 5.564800000E+04 3.954500000E+03 3.230599976E+02 2.362899933E+02 1.268600006E+02 8.747599792E+01 8.956699967E-01 3.398900032E-01 1.847299980E-03
 2.623999899E-04 4.139999874E-05 4.832800031E-01 7.802300000E+04 5.838100098E+03 3.183500061E+02 2.529700012E+02 1.295299988E+02 8.453700256E+01 9.562199712E-01 3.204500079E-01 1.931300038E-03
 2.644500055E-04 4.139999874E-05 4.250899851E-01 1.096500000E+05 2.501000000E+03 3.037000122E+02 2.951700134E+02 1.319600067E+02 6.292900085E+01 1.039999962E+00 2.947300076E-01 2.057400066E-03
 2.664999920E-04 4.139999874E-05 3.785400093E-01 1.226400000E+05 -3.199800049E+03 2.917799988E+02 3.282900085E+02 1.331300049E+02 5.201200104E+01 1.090600014E+00 2.794800103E-01 2.136999974E-03
 2.050000039E-04 4.370000170E-05 8.032299876E-01 -1.903400000E+04 2.623100000E+04 3.035199890E+02 5.223699951E+01 1.742000008E+01 1.303300018E+02 1.897500008E-01 5.076799989E-01 1.161299995E-03
 2.070500050E-04 4.370000170E-05 7.998200059E-01 -2.726400000E+04 2.875900000E+04 3.045400085E+02 5.310499954E+01 1.952700043E+01 1.436600037E+02 1.947399974E-01 5.072100163E-01 1.166300033E-03
 2.091000060E-04 4.370000170E-05 7.930700183E-01 -3.942800000E+04 4.413100000E+04 3.066600037E+02 5.522600174E+01 2.455100060E+01 1.694299927E+02 2.073699981E-01 5.064299703E-01 1.176199992E-03
 2.111500071E-04 4.370000170E-05 7.848200202E-01 -4.600500000E+04 6.421100000E+04 3.091400146E+02 5.816600037E+01 3.038500023E+01 1.766799927E+02 2.242199928E-01 5.052000284E-01 1.188599970E-03
 2.131999936E-04 4.370000170E-05 7.739999890E-01 -5.040500000E+04 7.714100000E+04 3.121300049E+02 6.199200058E+01 3.634700012E+01 1.608999939E+02 2.442999929E-01 5.030500293E-01 1.205299981E-03
 2.152499947E-04 4.370000170E-05 7.620900273E-01 -5.022800000E+04 8.191700000E+04 3.154599915E+02 6.674800110E+01 4.228900146E+01 1.439700012E+02 2.671500146E-01 5.005699992E-01 1.224100008E-03
 2.172999957E-04 4.370000170E-05 7.499200106E-01 -5.314900000E+04 8.517000000E+04 3.189299927E+02 7.230699921E+01 4.811600113E+01 1.250100021E+02 2.919900119E-01 4.979999959E-01 1.244000043E-03
 2.193499968E-04 4.370000170E-05 7.374299765E-01 -5.470900000E+04 9.175600000E+04 3.223200073E+02 7.844799805E+01 5.410100174E+01 1.048000031E+02 3.186500072E-01 4.948999882E-01 1.265099971E-03
 2.213999978E-04 4.370000170E-05 7.249799967E-01 -4.275500000E+04 9.528700000E+04 3.252600098E+02 8.499700165E+01 5.961800003E+01 9.679000092E+01 3.455699980E-01 4.909900129E-01 1.286800019E-03
 2.234499989E-04 4.370000170E-05 7.132400274E-01 -3.559200000E+04 9.333500000E+04 3.281600037E+02 9.173200226E+01 6.458499908E+01 1.075599976E+02 3.717400134E-01 4.873299897E-01 1.307999948E-03
 2.254999999E-04 4.370000170E-05 7.006099820E-01 -3.724500000E+04 8.782300000E+04 3.311000061E+02 9.863999939E+01 6.936199951E+01 1.028499985E+02 3.977600038E-01 4.830000103E-01 1.331600011E-03
 2.275500010E-04 4.370000170E-05 6.885399818E-01 -3.481100000E+04 8.102000000E+04 3.335000000E+02 1.055199966E+02 7.391000366E+01 8.056099701E+01 4.234299958E-01 4.781300128E-01 1.354899956E-03
 2.296000021E-04 4.370000170E-05 6.783499718E-01 -3.252700000E+04 7.706800000E+04 3.352699890E+02 1.123399963E+02 7.823000336E+01 6.360699844E+01 4.487600029E-01 4.735600054E-01 1.375299995E-03
 2.316500031E-04 4.370000170E-05 6.684799790E-01 -2.727900000E+04 7.154600000E+04 3.364599915E+02 1.193000031E+02 8.206900024E+01 5.177799988E+01 4.738399982E-01 4.683400095E-01 1.395500032E-03
 2.337000042E-04 4.370000170E-05 6.586499810E-01 -1.916900000E+04 6.042500000E+04 3.374400024E+02 1.261800003E+02 8.543499756E+01 6.052999878E+01 4.979000092E-01 4.627900124E-01 1.416399959E-03
 2.357500052E-04 4.370000170E-05 6.488299966E-01 -1.397400000E+04 5.579100000E+04 3.382200012E+02 1.328699951E+02 8.857800293E+01 7.351000214E+01 5.211600065E-01 4.569500089E-01 1.437800005E-03
 2.378000063E-04 4.370000170E-05 6.390100121E-01 -8.681099609E+03 5.340800000E+04 3.386099854E+02 1.396699982E+02 9.159600067E+01 8.238600159E+01 5.448099971E-01 4.505600035E-01 1.459900057E-03
 2.398499928E-04 4.370000170E-05 6.296200156E-01 6.584899902E+02 4.472500000E+04 3.386700134E+02 1.466000061E+02 9.456800079E+01 8.235700226E+01 5.689700246E-01 4.440200031E-01 1.481699990E-03
 2.418999939E-04 4.370000170E-05 6.206700206E-01 9.327700195E+03 3.574300000E+04 3.383299866E+02 1.535200043E+02 9.729799652E+01 6.335200119E+01 5.931000113E-01 4.372699857E-01 1.503000036E-03
 2.439499949E-04 4.370000170E-05 6.113799810E-01 8.785599609E+03 2.952700000E+04 3.377099915E+02 1.605200043E+02 9.998100281E+01 5.523500061E+01 6.176599860E-01 4.299499989E-01 1.525799977E-03
 2.460000105E-04 4.370000170E-05 6.014599800E-01 6.851100098E+03 2.253500000E+04 3.369100037E+02 1.678300018E+02 1.026100006E+02 7.608300018E+01 6.432499886E-01 4.219700098E-01 1.551000052E-03
 2.480499970E-04 4.370000170E-05 5.905200243E-01 1.100500000E+04 1.762900000E+04 3.357500000E+02 1.757299957E+02 1.050599976E+02 7.595899963E+01 6.706600189E-01 4.128800035E-01 1.579800039E-03
 2.501000126E-04 4.370000170E-05 5.798500180E-01 2.380000000E+04 1.660700000E+04 3.344500122E+02 1.838200073E+02 1.075400009E+02 6.193799973E+01 6.989700198E-01 4.038400054E-01 1.608800027E-03
 2.521499991E-04 4.370000170E-05 5.685099959E-01 2.703600000E+04 1.224900000E+04 3.329599915E+02 1.924100037E+02 1.100800018E+02 6.826000214E+01 7.291499972E-01 3.941900134E-01 1.641000039E-03
 2.541999856E-04 4.370000170E-05 5.555300117E-01 3.018800000E+04 6.116899902E+03 3.310899963E+02 2.019299927E+02 1.126399994E+02 6.805699921E+01 7.627199888E-01 3.830299973E-01 1.679399982E-03
 2.562500013E-04 4.370000170E-05 5.413600206E-01 4.322600000E+04 5.777399902E+03 3.288399963E+02 2.124400024E+02 1.150899963E+02 6.284600067E+01 7.997199893E-01 3.707300127E-01 1.723399968E-03
 2.582999878E-04 4.370000170E-05 5.257800221E-01 4.991700000E+04 1.069500000E+04 3.260599976E+02 2.241000061E+02 1.176200027E+02 5.622600174E+01 8.413000107E-01 3.570199907E-01 1.774600009E-03
 2.603500034E-04 4.370000170E-05 5.072900057E-01 5.201300000E+04 1.227500000E+04 3.225499878E+02 2.377799988E+02 1.201200027E+02 6.641000366E+01 8.903800249E-01 3.407799900E-01 1.839600038E-03
 2.623999899E-04 4.370000170E-05 4.850899875E-01 7.408200000E+04 7.228399902E+03 3.178900146E+02 2.544799957E+02 1.224800034E+02 7.383399963E+01 9.509000182E-01 3.211799860E-01 1.924099983E-03
 2.644500055E-04 4.370000170E-05 4.262900054E-01 1.111300000E+05 2.353099976E+02 3.032200012E+02 2.970199890E+02 1.246699982E+02 5.570700073E+01 1.034800053E+00 2.956100106E-01 2.049000002E-03
 2.664999920E-04 4.370000170E-05 3.792499900E-01 1.254100000E+05 -3.487100098E+03 2.912300110E+02 3.304400024E+02 1.256900024E+02 4.626300049E+01 1.085299969E+00 2.805399895E-01 2.127300017E-03
 2.050000039E-04 4.600000102E-05 8.049899936E-01 -1.535900000E+04 1.335800000E+04 3.016799927E+02 5.746699905E+01 1.642799950E+01 1.609700012E+02 2.065699995E-01 5.057100058E-01 1.158799976E-03
 2.070500050E-04 4.600000102E-05 8.030899763E-01 -1.869000000E+04 2.060000000E+04 3.023800049E+02 5.805699921E+01 1.826499939E+01 1.568500061E+02 2.101799995E-01 5.056800246E-01 1.161499997E-03
 2.091000060E-04 4.600000102E-05 7.980399728E-01 -2.345400000E+04 3.297400000E+04 3.040199890E+02 5.961800003E+01 2.243400002E+01 1.569900055E+02 2.194200009E-01 5.052099824E-01 1.168900053E-03
 2.111500071E-04 4.600000102E-05 7.907999754E-01 -2.675500000E+04 4.415200000E+04 3.058200073E+02 6.201300049E+01 2.739599991E+01 1.630700073E+02 2.328500003E-01 5.036000013E-01 1.179600018E-03
 2.131999936E-04 4.600000102E-05 7.820500135E-01 -3.244000000E+04 5.931600000E+04 3.078599854E+02 6.522299957E+01 3.247399902E+01 1.498399963E+02 2.493900061E-01 5.013300180E-01 1.192800002E-03
 2.152499947E-04 4.600000102E-05 7.721300125E-01 -3.554900000E+04 7.296000000E+04 3.104899902E+02 6.920999908E+01 3.751599884E+01 1.376999969E+02 2.682900131E-01 4.991900027E-01 1.208200003E-03
 2.172999957E-04 4.600000102E-05 7.613199949E-01 -3.940100000E+04 8.231800000E+04 3.134800110E+02 7.384300232E+01 4.268600082E+01 1.283399963E+02 2.892499864E-01 4.969399869E-01 1.225400018E-03
 2.193499968E-04 4.600000102E-05 7.498000264E-01 -4.224600000E+04 8.658700000E+04 3.165100098E+02 7.913800049E+01 4.796500015E+01 1.055500031E+02 3.122699857E-01 4.941399992E-01 1.244200044E-03
 2.213999978E-04 4.600000102E-05 7.375400066E-01 -4.028100000E+04 9.336300000E+04 3.193900146E+02 8.521099854E+01 5.292699814E+01 8.732800293E+01 3.369399905E-01 4.904800057E-01 1.264899969E-03
 2.234499989E-04 4.600000102E-05 7.254099846E-01 -4.005000000E+04 9.229100000E+04 3.222600098E+02 9.159899902E+01 5.784700012E+01 8.680899811E+01 3.622500002E-01 4.867500067E-01 1.286100014E-03
 2.254999999E-04 4.600000102E-05 7.126299739E-01 -4.624900000E+04 8.583400000E+04 3.251000061E+02 9.816699982E+01 6.266999817E+01 8.193599701E+01 3.877199888E-01 4.823800027E-01 1.309199957E-03
 2.275500010E-04 4.600000102E-05 7.003399730E-01 -4.571700000E+04 8.391000000E+04 3.276099854E+02 1.048399963E+02 6.702200317E+01 7.248600006E+01 4.126400054E-01 4.777199924E-01 1.332100015E-03
 2.296000021E-04 4.600000102E-05 6.891199946E-01 -3.930900000E+04 8.269700000E+04 3.298099976E+02 1.116500015E+02 7.120899963E+01 7.557399750E+01 4.376699924E-01 4.732300043E-01 1.353799948E-03
 2.316500031E-04 4.600000102E-05 6.780200005E-01 -2.701200000E+04 8.272400000E+04 3.315799866E+02 1.187699966E+02 7.500800323E+01 7.220200348E+01 4.630100131E-01 4.681299925E-01 1.375899999E-03
 2.337000042E-04 4.600000102E-05 6.678000093E-01 -1.293200000E+04 7.623700000E+04 3.328800049E+02 1.256999969E+02 7.872699738E+01 5.938999939E+01 4.879400134E-01 4.628700018E-01 1.397000044E-03
 2.357500052E-04 4.600000102E-05 6.575999856E-01 -1.715200000E+04 7.167100000E+04 3.339899902E+02 1.324700012E+02 8.216899872E+01 6.258800125E+01 5.119600296E-01 4.573299885E-01 1.418699976E-03
 2.378000063E-04 4.600000102E-05 6.471599936E-01 -1.738300000E+04 6.521800000E+04 3.348800049E+02 1.393800049E+02 8.518499756E+01 6.724400330E+01 5.357499719E-01 4.512799978E-01 1.441500033E-03
 2.398499928E-04 4.600000102E-05 6.367400289E-01 -5.710500000E+03 5.539600000E+04 3.353699951E+02 1.464799957E+02 8.813899994E+01 5.962799835E+01 5.602999926E-01 4.446699917E-01 1.465099980E-03
 2.418999939E-04 4.600000102E-05 6.265699863E-01 -1.460800049E+03 4.580800000E+04 3.355799866E+02 1.537500000E+02 9.109200287E+01 5.225400162E+01 5.855100155E-01 4.378400147E-01 1.488900045E-03
 2.439499949E-04 4.600000102E-05 6.165699959E-01 -8.178700195E+03 4.004800000E+04 3.354299927E+02 1.610800018E+02 9.390699768E+01 4.102899933E+01 6.110399961E-01 4.306699932E-01 1.512999996E-03
 2.460000105E-04 4.600000102E-05 6.062499881E-01 -6.385799805E+03 3.511900000E+04 3.348500061E+02 1.686199951E+02 9.655699921E+01 5.644699860E+01 6.373500228E-01 4.227199852E-01 1.538799959E-03
 2.480499970E-04 4.600000102E-05 5.951200128E-01 6.596500000E+03 2.589900000E+04 3.339700012E+02 1.765200043E+02 9.900700378E+01 5.897999954E+01 6.647099853E-01 4.138799906E-01 1.567599946E-03
 2.501000126E-04 4.600000102E-05 5.838900208E-01 1.600000000E+04 2.477200000E+04 3.328800049E+02 1.846300049E+02 1.013199997E+02 5.179499817E+01 6.928300261E-01 4.047499895E-01 1.597699942E-03
 2.521499991E-04 4.600000102E-05 5.720999837E-01 1.908300000E+04 2.408500000E+04 3.314100037E+02 1.934199982E+02 1.038499985E+02 5.764500046E+01 7.238299847E-01 3.948200047E-01 1.630699961E-03
 2.541999856E-04 4.600000102E-05 5.587700009E-01 2.341000000E+04 1.315300000E+04 3.296600037E+02 2.031399994E+02 1.064100037E+02 6.516000366E+01 7.580999732E-01 3.835900128E-01 1.669700025E-03
 2.562500013E-04 4.600000102E-05 5.443500280E-01 3.086700000E+04 9.713099609E+03 3.276000061E+02 2.137200012E+02 1.087200012E+02 5.720899963E+01 7.951700091E-01 3.713600039E-01 1.714000013E-03
 2.582999878E-04 4.600000102E-05 5.285800099E-01 4.290500000E+04 1.638900000E+04 3.249299927E+02 2.254700012E+02 1.110400009E+02 5.298600006E+01 8.368800282E-01 3.576799929E-01 1.765200053E-03
 2.603500034E-04 4.600000102E-05 5.102000237E-01 5.599800000E+04 1.976800000E+04 3.216900024E+02 2.390700073E+02 1.133399963E+02 6.502200317E+01 8.854500055E-01 3.418099880E-01 1.828999957E-03
 2.623999899E-04 4.600000102E-05 4.878599942E-01 7.478000000E+04 1.211200000E+04 3.173200073E+02 2.556699982E+02 1.153899994E+02 6.049100113E+01 9.452800155E-01 3.224300146E-01 1.913300017E-03
 2.644500055E-04 4.600000102E-05 4.279600084E-01 1.039700000E+05 4.633000000E+03 3.025799866E+02 2.983299866E+02 1.173799973E+02 5.000400162E+01 1.029299974E+00 2.964699864E-01 2.039500047E-03
 2.664999920E-04 4.600000102E-05 3.802900016E-01 1.186700000E+05 4.896500000E+03 2.904400024E+02 3.317999878E+02 1.183700027E+02 4.101300049E+01 1.079800010E+00 2.812199891E-01 2.117800061E-03
 2.050000039E-04 4.830000034E-05 8.056700230E-01 -1.235200000E+04 1.077600000E+04 3.005499878E+02 6.286199951E+01 1.550599957E+01 1.651000061E+02 2.241699994E-01 5.042399764E-01 1.157799968E-03
 2.070500050E-04 4.830000034E-05 8.044800162E-01 -1.132700000E+04 1.869100000E+04 3.009100037E+02 6.334400177E+01 1.729000092E+01 1.595399933E+02 2.272800058E-01 5.040900111E-01 1.159499981E-03
 2.091000060E-04 4.830000034E-05 8.008800149E-01 -1.040700000E+04 2.291800000E+04 3.018699951E+02 6.458100128E+01 2.088500023E+01 1.487400055E+02 2.345699966E-01 5.034400225E-01 1.164700021E-03
 2.111500071E-04 4.830000034E-05 7.950800061E-01 -1.354300000E+04 2.368700000E+04 3.031199951E+02 6.651699829E+01 2.502799988E+01 1.471100006E+02 2.451499999E-01 5.018500090E-01 1.173199969E-03
 2.131999936E-04 4.830000034E-05 7.887499928E-01 -2.296400000E+04 3.812900000E+04 3.044800110E+02 6.916300201E+01 2.931399918E+01 1.437899933E+02 2.585099936E-01 5.000900030E-01 1.182700042E-03
 2.152499947E-04 4.830000034E-05 7.805100083E-01 -3.102000000E+04 5.568000000E+04 3.064400024E+02 7.256300354E+01 3.356700134E+01 1.367700043E+02 2.742600143E-01 4.980399907E-01 1.195200020E-03
 2.172999957E-04 4.830000034E-05 7.704600096E-01 -3.353400000E+04 6.957200000E+04 3.087999878E+02 7.664900208E+01 3.810300064E+01 1.340899963E+02 2.924999893E-01 4.954099953E-01 1.210800023E-03
 2.193499968E-04 4.830000034E-05 7.604799867E-01 -3.853400000E+04 7.527600000E+04 3.112699890E+02 8.127600098E+01 4.270600128E+01 1.274800034E+02 3.124699891E-01 4.928900003E-01 1.226700027E-03
 2.213999978E-04 4.830000034E-05 7.493500113E-01 -4.092200000E+04 8.165500000E+04 3.138500061E+02 8.646700287E+01 4.718999863E+01 1.005800018E+02 3.338199854E-01 4.897100031E-01 1.245000050E-03
 2.234499989E-04 4.830000034E-05 7.375699878E-01 -4.117300000E+04 8.254700000E+04 3.163599854E+02 9.206800079E+01 5.171300125E+01 7.598899841E+01 3.564000130E-01 4.858500063E-01 1.264899969E-03
 2.254999999E-04 4.830000034E-05 7.253599763E-01 -4.171300000E+04 8.035000000E+04 3.189500122E+02 9.809400177E+01 5.632600021E+01 7.671800232E+01 3.801999986E-01 4.817000031E-01 1.286200015E-03
 2.275500010E-04 4.830000034E-05 7.134600282E-01 -3.821900000E+04 8.479000000E+04 3.213900146E+02 1.043799973E+02 6.045399857E+01 8.477700043E+01 4.038499892E-01 4.774299860E-01 1.307599945E-03
 2.296000021E-04 4.830000034E-05 7.020000219E-01 -3.493200000E+04 8.719500000E+04 3.235899963E+02 1.108700027E+02 6.435399628E+01 8.433399963E+01 4.277299941E-01 4.729799926E-01 1.328999992E-03
 2.316500031E-04 4.830000034E-05 6.902300119E-01 -2.406100000E+04 8.495800000E+04 3.257099915E+02 1.176699982E+02 6.810800171E+01 7.488500214E+01 4.521700144E-01 4.680899978E-01 1.351700048E-03
 2.337000042E-04 4.830000034E-05 6.787300110E-01 -1.467100000E+04 8.063000000E+04 3.275499878E+02 1.245699997E+02 7.192900085E+01 6.286600113E+01 4.770500064E-01 4.629099965E-01 1.374499989E-03
 2.357500052E-04 4.830000034E-05 6.676599979E-01 -2.484200000E+04 7.980600000E+04 3.290700073E+02 1.315599976E+02 7.560399628E+01 5.894400024E+01 5.020599961E-01 4.574800134E-01 1.397300046E-03
 2.378000063E-04 4.830000034E-05 6.563799977E-01 -2.779600000E+04 7.158400000E+04 3.302699890E+02 1.386999969E+02 7.874299622E+01 6.081900024E+01 5.267599821E-01 4.514000118E-01 1.421299996E-03
 2.398499928E-04 4.830000034E-05 6.449999809E-01 -1.580700000E+04 6.595900000E+04 3.310400085E+02 1.459600067E+02 8.161299896E+01 4.753200150E+01 5.516600013E-01 4.446099997E-01 1.446399954E-03
 2.418999939E-04 4.830000034E-05 6.340900064E-01 -1.038500000E+04 6.188000000E+04 3.315799866E+02 1.533300018E+02 8.462500000E+01 4.293299866E+01 5.772500038E-01 4.378100038E-01 1.471300027E-03
 2.439499949E-04 4.830000034E-05 6.234300137E-01 -1.059000000E+04 5.313200000E+04 3.319100037E+02 1.608899994E+02 8.749700165E+01 4.732600021E+01 6.033599973E-01 4.308800101E-01 1.496399986E-03
 2.460000105E-04 4.830000034E-05 6.126599908E-01 -2.278300049E+03 4.860200000E+04 3.318099976E+02 1.686399994E+02 9.016999817E+01 4.589799881E+01 6.301100254E-01 4.233100116E-01 1.522699953E-03
 2.480499970E-04 4.830000034E-05 6.014000177E-01 1.336400000E+04 4.065800000E+04 3.312999878E+02 1.766300049E+02 9.273300171E+01 3.922800064E+01 6.578400135E-01 4.148899913E-01 1.551200054E-03
 2.501000126E-04 4.830000034E-05 5.894700289E-01 1.624000000E+04 3.793600000E+04 3.304500122E+02 1.851000061E+02 9.502300262E+01 4.238000107E+01 6.869800091E-01 4.056299925E-01 1.582599944E-03
 2.521499991E-04 4.830000034E-05 5.766699910E-01 1.410200000E+04 3.670900000E+04 3.293099976E+02 1.942200012E+02 9.744899750E+01 4.929499817E+01 7.187200189E-01 3.954600096E-01 1.617799979E-03
 2.541999856E-04 4.830000034E-05 5.631600022E-01 2.070200000E+04 2.719800000E+04 3.277699890E+02 2.039900055E+02 9.990399933E+01 6.001499939E+01 7.530199885E-01 3.843899965E-01 1.656600041E-03
 2.562500013E-04 4.830000034E-05 5.488299727E-01 2.899200000E+04 2.471900000E+04 3.257699890E+02 2.144299927E+02 1.020899963E+02 5.505400085E+01 7.897800207E-01 3.723300099E-01 1.700000023E-03
 2.582999878E-04 4.830000034E-05 5.326799750E-01 4.123200000E+04 2.617900000E+04 3.232300110E+02 2.261100006E+02 1.043399963E+02 4.493600082E+01 8.313900232E-01 3.585700095E-01 1.751599950E-03
 2.603500034E-04 4.830000034E-05 5.139300227E-01 5.656000000E+04 2.279400000E+04 3.200799866E+02 2.397299957E+02 1.066100006E+02 5.573099899E+01 8.802700043E-01 3.425799906E-01 1.815799973E-03
 2.623999899E-04 4.830000034E-05 4.912000000E-01 7.425500000E+04 1.622500000E+04 3.159100037E+02 2.563900146E+02 1.085199966E+02 5.299700165E+01 9.402999878E-01 3.231900036E-01 1.900300034E-03
 2.644500055E-04 4.830000034E-05 4.301800132E-01 1.018500000E+05 1.073800000E+04 3.013800049E+02 2.992399902E+02 1.103300018E+02 3.456000137E+01 1.024099946E+00 2.972100079E-01 2.027200069E-03
 2.664999920E-04 4.830000034E-05 3.817799985E-01 1.182100000E+05 9.406799805E+03 2.892999878E+02 3.328099976E+02 1.112200012E+02 2.113500023E+01 1.074200034E+00 2.820400000E-01 2.105199965E-03
 2.050000039E-04 5.059999967E-05 8.064699769E-01 -4.629899902E+03 1.056000000E+04 2.995299988E+02 6.855799866E+01 1.468799973E+01 1.507899933E+02 2.431599945E-01 5.030300021E-01 1.156599959E-03
 2.070500050E-04 5.059999967E-05 8.052600026E-01 -6.671799805E+03 1.729900000E+04 2.997500000E+02 6.908799744E+01 1.635499954E+01 1.458699951E+02 2.461999953E-01 5.026400089E-01 1.158399973E-03
 2.091000060E-04 5.059999967E-05 8.027899861E-01 -9.857799805E+03 2.095100000E+04 3.002500000E+02 7.021399689E+01 1.962800026E+01 1.403099976E+02 2.526099980E-01 5.019299984E-01 1.162000000E-03
 2.111500071E-04 5.059999967E-05 7.983999848E-01 -1.135600000E+04 1.991000000E+04 3.010000000E+02 7.178500366E+01 2.317399979E+01 1.462299957E+02 2.610599995E-01 5.004400015E-01 1.168400049E-03
 2.131999936E-04 5.059999967E-05 7.931600213E-01 -1.677400000E+04 2.906800000E+04 3.019500122E+02 7.390899658E+01 2.679100037E+01 1.438000031E+02 2.716299891E-01 4.987199903E-01 1.176099991E-03
 2.152499947E-04 5.059999967E-05 7.861499786E-01 -2.233600000E+04 3.928000000E+04 3.032999878E+02 7.675099945E+01 3.035899925E+01 1.295399933E+02 2.845500112E-01 4.965099990E-01 1.186599955E-03
 2.172999957E-04 5.059999967E-05 7.779200077E-01 -2.479300000E+04 5.116300000E+04 3.049200134E+02 8.030599976E+01 3.418799973E+01 1.441000061E+02 3.000999987E-01 4.939300120E-01 1.199100050E-03
 2.193499968E-04 5.059999967E-05 7.696300149E-01 -2.910300000E+04 6.006100000E+04 3.067600098E+02 8.430999756E+01 3.824599838E+01 1.555099945E+02 3.173500001E-01 4.916000068E-01 1.212100033E-03
 2.213999978E-04 5.059999967E-05 7.597100139E-01 -2.661100000E+04 6.496100000E+04 3.087600098E+02 8.873699951E+01 4.244499969E+01 1.259100037E+02 3.360700011E-01 4.884299934E-01 1.227900037E-03
 2.234499989E-04 5.059999967E-05 7.493100166E-01 -2.640400000E+04 7.439000000E+04 3.107999878E+02 9.357900238E+01 4.643799973E+01 8.958499908E+01 3.557299972E-01 4.849199951E-01 1.245000050E-03
 2.254999999E-04 5.059999967E-05 7.381299734E-01 -3.548500000E+04 8.262600000E+04 3.131199951E+02 9.901200104E+01 5.047600174E+01 8.961299896E+01 3.770299852E-01 4.812400043E-01 1.263899961E-03
 2.275500010E-04 5.059999967E-05 7.264500260E-01 -3.711600000E+04 8.602000000E+04 3.152799988E+02 1.048700027E+02 5.439699936E+01 9.194000244E+01 3.993999958E-01 4.768899977E-01 1.284200000E-03
 2.296000021E-04 5.059999967E-05 7.150400281E-01 -2.986800000E+04 8.999300000E+04 3.172699890E+02 1.108499985E+02 5.809000015E+01 7.966400146E+01 4.217399955E-01 4.723599851E-01 1.304700039E-03
 2.316500031E-04 5.059999967E-05 7.032200098E-01 -2.465200000E+04 9.138500000E+04 3.193800049E+02 1.170400009E+02 6.170100021E+01 7.143099976E+01 4.443799853E-01 4.676299989E-01 1.326699974E-03
 2.337000042E-04 5.059999967E-05 6.909499764E-01 -2.459500000E+04 9.239200000E+04 3.214500122E+02 1.236900024E+02 6.536799622E+01 7.313400269E+01 4.683499932E-01 4.624600112E-01 1.350200037E-03
 2.357500052E-04 5.059999967E-05 6.791200042E-01 -2.854600000E+04 9.182500000E+04 3.232000122E+02 1.306300049E+02 6.903299713E+01 6.968299866E+01 4.932599962E-01 4.570200145E-01 1.373799983E-03
 2.378000063E-04 5.059999967E-05 6.671100259E-01 -2.515200000E+04 7.933400000E+04 3.246900024E+02 1.377100067E+02 7.219999695E+01 5.099000168E+01 5.179200172E-01 4.510000050E-01 1.398500055E-03
 2.398499928E-04 5.059999967E-05 6.551700234E-01 -1.611000000E+04 7.762000000E+04 3.258900146E+02 1.449499969E+02 7.508399963E+01 4.585300064E+01 5.427200198E-01 4.445700049E-01 1.424000016E-03
 2.418999939E-04 5.059999967E-05 6.434999704E-01 -1.196700000E+04 7.877100000E+04 3.267999878E+02 1.523600006E+02 7.797399902E+01 5.071900177E+01 5.682399869E-01 4.378800094E-01 1.449799980E-03
 2.439499949E-04 5.059999967E-05 6.320499778E-01 -1.266300000E+04 7.131700000E+04 3.274599915E+02 1.600000000E+02 8.084400177E+01 5.220800018E+01 5.945600271E-01 4.309700131E-01 1.475999947E-03
 2.460000105E-04 5.059999967E-05 6.204400063E-01 -6.850500000E+03 6.279500000E+04 3.277500000E+02 1.678600006E+02 8.362999725E+01 3.809400177E+01 6.217499971E-01 4.234200120E-01 1.503700041E-03
 2.480499970E-04 5.059999967E-05 6.084399819E-01 8.234700195E+03 5.295400000E+04 3.276000061E+02 1.761199951E+02 8.619699860E+01 2.244700050E+01 6.502100229E-01 4.150600135E-01 1.533300034E-03
 2.501000126E-04 5.059999967E-05 5.957400203E-01 1.251400000E+04 5.137300000E+04 3.270799866E+02 1.849299927E+02 8.863700104E+01 2.645400047E+01 6.805899739E-01 4.057599902E-01 1.566000050E-03
 2.521499991E-04 5.059999967E-05 5.822200179E-01 1.091500000E+04 5.008100000E+04 3.263500061E+02 1.942299957E+02 9.094499969E+01 3.165500069E+01 7.125399709E-01 3.956699967E-01 1.602399978E-03
 2.541999856E-04 5.059999967E-05 5.687400103E-01 2.240500000E+04 4.079200000E+04 3.250799866E+02 2.038800049E+02 9.326000214E+01 3.836500168E+01 7.463399768E-01 3.850100040E-01 1.640400034E-03
 2.562500013E-04 5.059999967E-05 5.540699959E-01 3.467900000E+04 3.546800000E+04 3.233099976E+02 2.143800049E+02 9.551499939E+01 4.080300140E+01 7.834299803E-01 3.730399907E-01 1.683900016E-03
 2.582999878E-04 5.059999967E-05 5.372899771E-01 4.476000000E+04 3.752200000E+04 3.210299988E+02 2.262299957E+02 9.771099854E+01 2.398299980E+01 8.255400062E-01 3.592000008E-01 1.736599952E-03
 2.603500034E-04 5.059999967E-05 5.180400014E-01 5.474600000E+04 3.053200000E+04 3.180199890E+02 2.400000000E+02 9.988500214E+01 2.336400032E+01 8.749899864E-01 3.431000113E-01 1.801399980E-03
 2.623999899E-04 5.059999967E-05 4.948700070E-01 6.727100000E+04 1.950600000E+04 3.139700012E+02 2.567099915E+02 1.017699966E+02 3.315100098E+01 9.355099797E-01 3.236100078E-01 1.886200043E-03
 2.644500055E-04 5.059999967E-05 4.330799878E-01 9.938600000E+04 1.665600000E+04 2.996000061E+02 2.996700134E+02 1.035400009E+02 2.300399971E+01 1.019400001E+00 2.978000045E-01 2.011900069E-03
 2.664999920E-04 5.059999967E-05 3.840099871E-01 1.206500000E+05 1.654600000E+04 2.876300049E+02 3.334100037E+02 1.044100037E+02 1.090299988E+01 1.069599986E+00 2.827799916E-01 2.089099959E-03
 2.050000039E-04 5.289999899E-05 8.062599897E-01 1.202599976E+03 1.125500000E+04 2.986499939E+02 7.422599792E+01 1.397000027E+01 1.338000031E+02 2.623099983E-01 5.014200211E-01 1.156999962E-03
 2.070500050E-04 5.289999899E-05 8.052300215E-01 -4.095399902E+03 1.507100000E+04 2.988699951E+02 7.472200012E+01 1.547099972E+01 1.276399994E+02 2.649599910E-01 5.011399984E-01 1.158399973E-03
 2.091000060E-04 5.289999899E-05 8.035500050E-01 -7.474700195E+03 2.051300000E+04 2.991600037E+02 7.578399658E+01 1.847800064E+01 1.264700012E+02 2.707299888E-01 5.005900264E-01 1.160799991E-03
 2.111500071E-04 5.289999899E-05 8.000800014E-01 -6.836700195E+03 2.323700000E+04 2.995499878E+02 7.727799988E+01 2.161800003E+01 1.445299988E+02 2.783400118E-01 4.990800023E-01 1.165900030E-03
 2.131999936E-04 5.289999899E-05 7.953000069E-01 -1.020000000E+04 2.560100000E+04 3.001499939E+02 7.918099976E+01 2.478199959E+01 1.419299927E+02 2.874999940E-01 4.970900118E-01 1.172899967E-03
 2.152499947E-04 5.289999899E-05 7.895200253E-01 -1.766800000E+04 2.945600000E+04 3.009200134E+02 8.150900269E+01 2.778300095E+01 1.242900009E+02 2.980200052E-01 4.947299957E-01 1.181500033E-03
 2.172999957E-04 5.289999899E-05 7.833700180E-01 -1.991800000E+04 4.204400000E+04 3.017999878E+02 8.430500031E+01 3.105800056E+01 1.410500031E+02 3.104799986E-01 4.923099875E-01 1.190799987E-03
 2.193499968E-04 5.289999899E-05 7.764000297E-01 -1.861500000E+04 5.189800000E+04 3.029700012E+02 8.753800201E+01 3.462799835E+01 1.502200012E+02 3.246800005E-01 4.898200035E-01 1.201499952E-03
 2.213999978E-04 5.289999899E-05 7.677400112E-01 -1.898600000E+04 4.974600000E+04 3.045000000E+02 9.138500214E+01 3.830599976E+01 1.348999939E+02 3.409000039E-01 4.867999852E-01 1.215100056E-03
 2.234499989E-04 5.289999899E-05 7.584800124E-01 -2.010000000E+04 5.987600000E+04 3.062300110E+02 9.577100372E+01 4.188600159E+01 1.173499985E+02 3.585900068E-01 4.836399853E-01 1.229900052E-03
 2.254999999E-04 5.289999899E-05 7.481099963E-01 -3.034100000E+04 7.629100000E+04 3.081000061E+02 1.006500015E+02 4.544699860E+01 1.108899994E+02 3.776699901E-01 4.799500108E-01 1.246999949E-03
 2.275500010E-04 5.289999899E-05 7.375599742E-01 -3.632300000E+04 7.974400000E+04 3.098200073E+02 1.059300003E+02 4.905799866E+01 9.058799744E+01 3.980900049E-01 4.758099914E-01 1.264799968E-03
 2.296000021E-04 5.289999899E-05 7.265999913E-01 -3.225800000E+04 8.280300000E+04 3.115899963E+02 1.114000015E+02 5.260200119E+01 7.908699799E+01 4.189000130E-01 4.714199901E-01 1.283899997E-03
 2.316500031E-04 5.289999899E-05 7.150999904E-01 -2.824500000E+04 8.800700000E+04 3.134899902E+02 1.171900024E+02 5.592399979E+01 7.800099945E+01 4.402000010E-01 4.667800069E-01 1.304600039E-03
 2.337000042E-04 5.289999899E-05 7.032099962E-01 -2.785700000E+04 9.117900000E+04 3.153999939E+02 1.235000000E+02 5.928099823E+01 6.742099762E+01 4.629999995E-01 4.618099928E-01 1.326699974E-03
 2.357500052E-04 5.289999899E-05 6.913999915E-01 -2.848200000E+04 8.995000000E+04 3.172099915E+02 1.299900055E+02 6.273899841E+01 6.902100372E+01 4.864400029E-01 4.566699862E-01 1.349300030E-03
 2.378000063E-04 5.289999899E-05 6.795499921E-01 -2.402700000E+04 8.366200000E+04 3.188200073E+02 1.367700043E+02 6.575099945E+01 5.936399841E+01 5.101000071E-01 4.511100054E-01 1.372899977E-03
 2.398499928E-04 5.289999899E-05 6.674299836E-01 -1.977300000E+04 8.667300000E+04 3.202000122E+02 1.438899994E+02 6.863600159E+01 4.970199966E+01 5.347300172E-01 4.449799955E-01 1.397900051E-03
 2.418999939E-04 5.289999899E-05 6.548299789E-01 -1.678500000E+04 9.118000000E+04 3.213299866E+02 1.512299957E+02 7.145400238E+01 4.309500122E+01 5.600299835E-01 4.381200075E-01 1.424800023E-03
 2.439499949E-04 5.289999899E-05 6.420000196E-01 -1.868400000E+04 8.617200000E+04 3.222999878E+02 1.589199982E+02 7.421399689E+01 4.094200134E+01 5.863800049E-01 4.308499992E-01 1.453200006E-03
 2.460000105E-04 5.289999899E-05 6.297799945E-01 -1.001800000E+04 7.468500000E+04 3.228299866E+02 1.668500061E+02 7.697399902E+01 3.977000046E+01 6.138100028E-01 4.233500063E-01 1.481399988E-03
 2.480499970E-04 5.289999899E-05 6.174600124E-01 4.042000000E+03 6.814800000E+04 3.228699951E+02 1.751399994E+02 7.946499634E+01 2.125099945E+01 6.424199939E-01 4.151099920E-01 1.510999980E-03
 2.501000126E-04 5.289999899E-05 6.036800146E-01 7.087899780E+02 6.910200000E+04 3.227500000E+02 1.840599976E+02 8.191100311E+01 1.524699974E+01 6.730700135E-01 4.056999981E-01 1.545500010E-03
 2.521499991E-04 5.289999899E-05 5.896099806E-01 -3.195700073E+02 6.357600000E+04 3.223699951E+02 1.933800049E+02 8.427700043E+01 1.546700001E+01 7.051600218E-01 3.957799971E-01 1.582399942E-03
 2.541999856E-04 5.289999899E-05 5.757499933E-01 1.370400000E+04 5.611400000E+04 3.214200134E+02 2.030899963E+02 8.655599976E+01 2.297100067E+01 7.390699983E-01 3.853499889E-01 1.620499999E-03
 2.562500013E-04 5.289999899E-05 5.602899790E-01 2.828500000E+04 5.013800000E+04 3.200000000E+02 2.137899933E+02 8.881999969E+01 2.936499977E+01 7.767800093E-01 3.733600080E-01 1.665299991E-03
 2.582999878E-04 5.289999899E-05 5.429800153E-01 3.971000000E+04 4.865000000E+04 3.180000000E+02 2.258500061E+02 9.094699860E+01 2.696999931E+01 8.195000291E-01 3.595800102E-01 1.718400046E-03
 2.603500034E-04 5.289999899E-05 5.232300162E-01 5.060200000E+04 4.341700000E+04 3.152799988E+02 2.398000031E+02 9.297799683E+01 2.618799973E+01 8.694499731E-01 3.435400128E-01 1.783599961E-03
 2.623999899E-04 5.289999899E-05 4.997799993E-01 6.561400000E+04 3.273700000E+04 3.114500122E+02 2.565400085E+02 9.482900238E+01 8.582699776E+00 9.303200245E-01 3.241899908E-01 1.867700019E-03
 2.644500055E-04 5.289999899E-05 4.372000098E-01 9.683700000E+04 2.929200000E+04 2.971799927E+02 2.996099854E+02 9.658499908E+01 7.268099785E+00 1.014999986E+00 2.984099984E-01 1.992099918E-03
 2.664999920E-04 5.289999899E-05 3.872399926E-01 1.163000000E+05 2.943900000E+04 2.852300110E+02 3.335499878E+02 9.743499756E+01 1.434099960E+01 1.065999985E+00 2.832500041E-01 2.069300041E-03
 2.050000039E-04 5.519999831E-05 8.050100207E-01 1.468000000E+03 1.228100000E+04 2.981400146E+02 7.980300140E+01 1.340100002E+01 1.302400055E+02 2.812699974E-01 4.997900128E-01 1.158699975E-03
 2.070500050E-04 5.519999831E-05 8.041200042E-01 -3.435100098E+03 1.066000000E+04 2.983200073E+02 8.020899963E+01 1.472000027E+01 1.307799988E+02 2.834100127E-01 4.995299876E-01 1.159999985E-03
 2.091000060E-04 5.519999831E-05 8.027799726E-01 -3.611500000E+03 1.473100000E+04 2.984100037E+02 8.114299774E+01 1.739999962E+01 1.287200012E+02 2.883700132E-01 4.988499880E-01 1.162000000E-03
 2.111500071E-04 5.519999831E-05 8.001000285E-01 -3.567699951E+03 2.059000000E+04 2.984800110E+02 8.251200104E+01 2.019000053E+01 1.335800018E+02 2.951500118E-01 4.972999990E-01 1.165900030E-03
 2.131999936E-04 5.519999831E-05 7.962700129E-01 -8.490299805E+03 1.632100000E+04 2.987699890E+02 8.433799744E+01 2.301199913E+01 1.235100021E+02 3.036000133E-01 4.954099953E-01 1.171499956E-03
 2.152499947E-04 5.519999831E-05 7.920799851E-01 -1.237400000E+04 1.961200000E+04 2.990299988E+02 8.644100189E+01 2.566200066E+01 1.145000000E+02 3.130100071E-01 4.932299852E-01 1.177700004E-03
 2.172999957E-04 5.519999831E-05 7.870299816E-01 -1.160000000E+04 3.085300000E+04 2.994800110E+02 8.873300171E+01 2.863999939E+01 1.386399994E+02 3.234399855E-01 4.908100069E-01 1.185199944E-03
 2.193499968E-04 5.519999831E-05 7.806199789E-01 -1.455800000E+04 3.674700000E+04 3.003800049E+02 9.143499756E+01 3.177599907E+01 1.473000031E+02 3.352699876E-01 4.882799983E-01 1.195000019E-03
 2.213999978E-04 5.519999831E-05 7.733399868E-01 -2.157500000E+04 3.790600000E+04 3.014100037E+02 9.475099945E+01 3.476900101E+01 1.353300018E+02 3.489800096E-01 4.853799939E-01 1.206199988E-03
 2.234499989E-04 5.519999831E-05 7.655500174E-01 -1.926100000E+04 4.197200000E+04 3.025199890E+02 9.855300140E+01 3.788800049E+01 1.123099976E+02 3.644100130E-01 4.822399914E-01 1.218499965E-03
 2.254999999E-04 5.519999831E-05 7.565799952E-01 -2.067900000E+04 5.400100000E+04 3.038800049E+02 1.026800003E+02 4.120100021E+01 1.009599991E+02 3.809899986E-01 4.787400067E-01 1.232999959E-03
 2.275500010E-04 5.519999831E-05 7.471899986E-01 -2.292800000E+04 6.348400000E+04 3.052200012E+02 1.071999969E+02 4.445199966E+01 9.912400055E+01 3.987300098E-01 4.748699963E-01 1.248499961E-03
 2.296000021E-04 5.519999831E-05 7.370899916E-01 -2.218100000E+04 6.425100000E+04 3.066700134E+02 1.122399979E+02 4.761999893E+01 9.085600281E+01 4.179300070E-01 4.706799984E-01 1.265599974E-03
 2.316500031E-04 5.519999831E-05 7.259699702E-01 -2.362700000E+04 6.980300000E+04 3.083200073E+02 1.178099976E+02 5.065900040E+01 8.657700348E+01 4.383699894E-01 4.660699964E-01 1.285000006E-03
 2.337000042E-04 5.519999831E-05 7.144500017E-01 -2.594600000E+04 7.720200000E+04 3.099800110E+02 1.237300034E+02 5.370999908E+01 8.172200012E+01 4.598299861E-01 4.611400068E-01 1.305800048E-03
 2.357500052E-04 5.519999831E-05 7.031800151E-01 -2.464800000E+04 8.046900000E+04 3.116000061E+02 1.298699951E+02 5.684099960E+01 7.607900238E+01 4.820399880E-01 4.562300146E-01 1.326699974E-03
 2.378000063E-04 5.519999831E-05 6.916800141E-01 -2.171300000E+04 8.334400000E+04 3.130499878E+02 1.363500061E+02 5.961500168E+01 6.695500183E+01 5.048300028E-01 4.508599937E-01 1.348800026E-03
 2.398499928E-04 5.519999831E-05 6.794499755E-01 -1.945200000E+04 8.780700000E+04 3.142799988E+02 1.432500000E+02 6.239400101E+01 4.684799957E+01 5.290200114E-01 4.446200132E-01 1.373099978E-03
 2.418999939E-04 5.519999831E-05 6.666600108E-01 -1.930600000E+04 9.340100000E+04 3.152999878E+02 1.505200043E+02 6.520300293E+01 2.844899940E+01 5.544599891E-01 4.376600087E-01 1.399499946E-03
 2.439499949E-04 5.519999831E-05 6.535900235E-01 -2.160700000E+04 9.186200000E+04 3.162999878E+02 1.580399933E+02 6.780200195E+01 3.261700058E+01 5.803700089E-01 4.304499924E-01 1.427500043E-03
 2.460000105E-04 5.519999831E-05 6.410400271E-01 -9.611599609E+03 8.484000000E+04 3.170400085E+02 1.657700043E+02 7.029699707E+01 3.900199890E+01 6.069300175E-01 4.231800139E-01 1.455400023E-03
 2.480499970E-04 5.519999831E-05 6.283599734E-01 3.695899902E+03 8.429600000E+04 3.173200073E+02 1.738699951E+02 7.280200195E+01 2.261199951E+01 6.351199746E-01 4.151700139E-01 1.484800014E-03
 2.501000126E-04 5.519999831E-05 6.144300103E-01 -1.084099976E+03 8.536600000E+04 3.174700012E+02 1.825299988E+02 7.512100220E+01 6.684800148E+00 6.648700237E-01 4.061599970E-01 1.518500037E-03
 2.521499991E-04 5.519999831E-05 5.997300148E-01 -2.119000000E+03 7.694900000E+04 3.173599854E+02 1.918800049E+02 7.740200043E+01 -2.787800133E-01 6.970700026E-01 3.963100016E-01 1.555799972E-03
 2.541999856E-04 5.519999831E-05 5.845100284E-01 8.777299805E+03 6.954300000E+04 3.167500000E+02 2.019499969E+02 7.973999786E+01 1.531299949E+00 7.322199941E-01 3.855099976E-01 1.596300048E-03
 2.562500013E-04 5.519999831E-05 5.683799982E-01 1.963800000E+04 6.635900000E+04 3.156000061E+02 2.127299957E+02 8.190899658E+01 1.324199963E+01 7.701600194E-01 3.735300004E-01 1.641600044E-03
 2.582999878E-04 5.519999831E-05 5.505599976E-01 3.162200000E+04 6.429300000E+04 3.138399963E+02 2.247299957E+02 8.394999695E+01 2.786100006E+01 8.127800226E-01 3.598099947E-01 1.694899984E-03
 2.603500034E-04 5.519999831E-05 5.302399993E-01 4.544200000E+04 6.138700000E+04 3.113500061E+02 2.386799927E+02 8.591400146E+01 2.642000008E+01 8.629400134E-01 3.437899947E-01 1.760100015E-03
 2.623999899E-04 5.519999831E-05 5.061600208E-01 6.329100000E+04 5.346100000E+04 3.077200012E+02 2.555599976E+02 8.769300079E+01 -3.244099915E-01 9.245600104E-01 3.243899941E-01 1.844199956E-03
 2.644500055E-04 5.519999831E-05 4.423600137E-01 9.364900000E+04 4.700700000E+04 2.938099976E+02 2.987999878E+02 8.930899811E+01 -1.561600018E+01 1.009500027E+00 2.989000082E-01 1.966899959E-03
 2.664999920E-04 5.519999831E-05 3.916499913E-01 1.124400000E+05 4.670600000E+04 2.820199890E+02 3.327600098E+02 9.009300232E+01 -1.782500076E+01 1.060299993E+00 2.840499878E-01 2.041900065E-03
 2.050000039E-04 5.750000128E-05 8.043400049E-01 -1.485199951E+03 1.011800000E+04 2.976099854E+02 8.552799988E+01 1.289599991E+01 1.257900009E+02 3.009099960E-01 4.984900057E-01 1.159699983E-03
 2.070500050E-04 5.750000128E-05 8.033000231E-01 -1.905400024E+03 7.567700195E+03 2.977300110E+02 8.587999725E+01 1.409500027E+01 1.313300018E+02 3.027400076E-01 4.980300069E-01 1.161199994E-03
 2.091000060E-04 5.750000128E-05 8.018699884E-01 -2.780100098E+03 1.020500000E+04 2.976799927E+02 8.667199707E+01 1.645800018E+01 1.307799988E+02 3.069100082E-01 4.970700145E-01 1.163300010E-03
 2.111500071E-04 5.750000128E-05 7.998399734E-01 -4.216100098E+03 1.568200000E+04 2.975700073E+02 8.785399628E+01 1.883799934E+01 1.171200027E+02 3.126499951E-01 4.956299961E-01 1.166200032E-03
 2.131999936E-04 5.750000128E-05 7.965899706E-01 -2.733699951E+03 1.079600000E+04 2.976700134E+02 8.951499939E+01 2.134000015E+01 1.078799973E+02 3.201600015E-01 4.937799871E-01 1.170999953E-03
 2.152499947E-04 5.750000128E-05 7.933700085E-01 1.293000031E+01 1.206500000E+04 2.976499939E+02 9.137100220E+01 2.381699944E+01 1.112900009E+02 3.285200000E-01 4.917399883E-01 1.175699988E-03
 2.172999957E-04 5.750000128E-05 7.894600034E-01 2.667500000E+03 1.808500000E+04 2.977300110E+02 9.340799713E+01 2.654400063E+01 1.319600067E+02 3.378300071E-01 4.894599915E-01 1.181600033E-03
 2.193499968E-04 5.750000128E-05 7.840099931E-01 -2.427800049E+03 1.926000000E+04 2.982699890E+02 9.594499969E+01 2.929000092E+01 1.374199982E+02 3.486700058E-01 4.869599938E-01 1.189799979E-03
 2.213999978E-04 5.750000128E-05 7.775899768E-01 -1.055900000E+04 2.549200000E+04 2.988699951E+02 9.891400146E+01 3.186400032E+01 1.345399933E+02 3.608399928E-01 4.839299917E-01 1.199600054E-03
 2.234499989E-04 5.750000128E-05 7.707300186E-01 -1.100800000E+04 3.156000000E+04 2.994299927E+02 1.022099991E+02 3.460499954E+01 1.148899994E+02 3.743300140E-01 4.805600047E-01 1.210300019E-03
 2.254999999E-04 5.750000128E-05 7.639300227E-01 -1.251500000E+04 3.819900000E+04 3.003099976E+02 1.058099976E+02 3.755599976E+01 9.062000275E+01 3.889200091E-01 4.777199924E-01 1.221099985E-03
 2.275500010E-04 5.750000128E-05 7.560899854E-01 -1.161100000E+04 4.956300000E+04 3.011900024E+02 1.097500000E+02 4.039500046E+01 1.023199997E+02 4.045299888E-01 4.742000103E-01 1.233799965E-03
 2.296000021E-04 5.750000128E-05 7.462599874E-01 -1.422100000E+04 5.358900000E+04 3.022699890E+02 1.143399963E+02 4.318399811E+01 1.017799988E+02 4.219900072E-01 4.697099924E-01 1.250099973E-03
 2.316500031E-04 5.750000128E-05 7.357400060E-01 -2.067100000E+04 5.577900000E+04 3.036300049E+02 1.193199997E+02 4.592900085E+01 9.742600250E+01 4.404299855E-01 4.651699960E-01 1.267999993E-03
 2.337000042E-04 5.750000128E-05 7.250000238E-01 -1.890400000E+04 6.275700000E+04 3.048800049E+02 1.245800018E+02 4.859000015E+01 1.033399963E+02 4.596999884E-01 4.602499902E-01 1.286800019E-03
 2.357500052E-04 5.750000128E-05 7.142999768E-01 -1.295100000E+04 7.208400000E+04 3.060899963E+02 1.303500061E+02 5.135400009E+01 8.512200165E+01 4.806500077E-01 4.552600086E-01 1.306000049E-03
 2.378000063E-04 5.750000128E-05 7.033200264E-01 -1.199900000E+04 7.878200000E+04 3.072600098E+02 1.365200043E+02 5.389899826E+01 6.348400116E+01 5.025900006E-01 4.499599934E-01 1.326499972E-03
 2.398499928E-04 5.750000128E-05 6.912400126E-01 -1.385300000E+04 8.509900000E+04 3.084400024E+02 1.431000061E+02 5.656700134E+01 5.337699890E+01 5.259000063E-01 4.439300001E-01 1.349700033E-03
 2.418999939E-04 5.750000128E-05 6.786199808E-01 -1.622100000E+04 9.195300000E+04 3.094100037E+02 1.500399933E+02 5.918899918E+01 4.218299866E+01 5.503799915E-01 4.372000098E-01 1.374799991E-03
 2.439499949E-04 5.750000128E-05 6.660900116E-01 -1.727700000E+04 9.058700000E+04 3.102200012E+02 1.572100067E+02 6.157899857E+01 4.479100037E+01 5.753499866E-01 4.302499890E-01 1.400699955E-03
 2.460000105E-04 5.750000128E-05 6.535699964E-01 -9.154599609E+03 8.956400000E+04 3.109200134E+02 1.646000061E+02 6.393199921E+01 3.315599823E+01 6.010500193E-01 4.231199920E-01 1.427500043E-03
 2.480499970E-04 5.750000128E-05 6.402800083E-01 8.212199707E+02 9.028100000E+04 3.114299927E+02 1.724700012E+02 6.638099670E+01 2.153899956E+01 6.285200119E-01 4.151999950E-01 1.457200036E-03
 2.501000126E-04 5.750000128E-05 6.262099743E-01 -2.942099915E+02 8.814300000E+04 3.117000122E+02 1.809700012E+02 6.855599976E+01 1.291300011E+01 6.578999758E-01 4.064300060E-01 1.489900053E-03
 2.521499991E-04 5.750000128E-05 6.110200286E-01 8.652999878E+02 8.192000000E+04 3.116600037E+02 1.902400055E+02 7.055500031E+01 -2.072200060E+00 6.898400187E-01 3.965100050E-01 1.526999986E-03
 2.541999856E-04 5.750000128E-05 5.949900150E-01 1.206100000E+04 7.915400000E+04 3.112699890E+02 2.003000031E+02 7.281600189E+01 3.868999958E+00 7.250499725E-01 3.856300116E-01 1.568199950E-03
 2.562500013E-04 5.750000128E-05 5.784900188E-01 1.650700000E+04 7.971100000E+04 3.104400024E+02 2.111600037E+02 7.494000244E+01 9.178999901E+00 7.632799745E-01 3.739500046E-01 1.612999942E-03
 2.582999878E-04 5.750000128E-05 5.601300001E-01 2.590400000E+04 7.779300000E+04 3.089299927E+02 2.232100067E+02 7.682900238E+01 1.593500042E+01 8.061299920E-01 3.603399992E-01 1.665999996E-03
 2.603500034E-04 5.750000128E-05 5.390700102E-01 4.143500000E+04 7.355000000E+04 3.066700134E+02 2.371100006E+02 7.875900269E+01 1.855400085E+01 8.563799858E-01 3.442600071E-01 1.731300028E-03
 2.623999899E-04 5.750000128E-05 5.141599774E-01 5.838000000E+04 6.490400000E+04 3.032999878E+02 2.540099945E+02 8.044400024E+01 6.293499947E+00 9.183800220E-01 3.247700036E-01 1.815599971E-03
 2.644500055E-04 5.750000128E-05 4.488599896E-01 8.901200000E+04 6.003700000E+04 2.896700134E+02 2.971600037E+02 8.188500214E+01 -7.533800125E+00 1.003700018E+00 2.991200089E-01 1.938099973E-03
 2.664999920E-04 5.750000128E-05 3.971199989E-01 1.076900000E+05 6.054600000E+04 2.781400146E+02 3.309400024E+02 8.267800140E+01 -1.372200012E+01 1.054499984E+00 2.842699885E-01 2.012700075E-03
 2.050000039E-04 5.980000060E-05 8.035200238E-01 2.301699951E+03 4.971200195E+03 2.971199951E+02 9.076100159E+01 1.241600037E+01 1.077799988E+02 3.189499974E-01 4.971500039E-01 1.160899992E-03
 2.070500050E-04 5.980000060E-05 8.023399711E-01 3.421399902E+03 6.238100098E+03 2.971199951E+02 9.113600159E+01 1.353499985E+01 1.186200027E+02 3.208200037E-01 4.964199960E-01 1.162600005E-03
 2.091000060E-04 5.980000060E-05 8.008900285E-01 2.266800049E+03 1.115700000E+04 2.969500122E+02 9.197100067E+01 1.559500027E+01 1.241100006E+02 3.249100149E-01 4.952299893E-01 1.164700021E-03
 2.111500071E-04 5.980000060E-05 7.993100286E-01 2.242100098E+03 1.413500000E+04 2.967600098E+02 9.313899994E+01 1.766900063E+01 1.116600037E+02 3.303000033E-01 4.939500093E-01 1.167000039E-03
 2.131999936E-04 5.980000060E-05 7.960699797E-01 4.113200195E+03 1.075800000E+04 2.967600098E+02 9.463400269E+01 1.985799980E+01 1.068499985E+02 3.369100094E-01 4.919500053E-01 1.171799959E-03
 2.152499947E-04 5.980000060E-05 7.930999994E-01 3.412699951E+03 1.075400000E+04 2.967500000E+02 9.630400085E+01 2.210300064E+01 1.088000031E+02 3.442800045E-01 4.900900126E-01 1.176199992E-03
 2.172999957E-04 5.980000060E-05 7.900099754E-01 4.686100098E+03 1.307900000E+04 2.965899963E+02 9.823899841E+01 2.469000053E+01 1.223399963E+02 3.530499935E-01 4.879199862E-01 1.180800027E-03
 2.193499968E-04 5.980000060E-05 7.858600020E-01 1.653500000E+03 1.318700000E+04 2.966300049E+02 1.005100021E+02 2.705299950E+01 1.215500031E+02 3.627400100E-01 4.854199886E-01 1.186999958E-03
 2.213999978E-04 5.980000060E-05 7.807000279E-01 -3.573199951E+03 1.686500000E+04 2.969500122E+02 1.031900024E+02 2.925000000E+01 1.138300018E+02 3.736000061E-01 4.827600121E-01 1.194800017E-03
 2.234499989E-04 5.980000060E-05 7.743600011E-01 -9.318000000E+03 2.151300000E+04 2.972300110E+02 1.062900009E+02 3.177199936E+01 1.211999969E+02 3.862400055E-01 4.792799950E-01 1.204599976E-03
 2.254999999E-04 5.980000060E-05 7.684000134E-01 -9.982200195E+03 2.757100000E+04 2.976199951E+02 1.095599976E+02 3.443299866E+01 1.174499969E+02 3.995999992E-01 4.762299955E-01 1.214000047E-03
 2.275500010E-04 5.980000060E-05 7.617099881E-01 -6.772700195E+03 3.888700000E+04 2.981400146E+02 1.131500015E+02 3.698199844E+01 1.122099991E+02 4.138100147E-01 4.728899896E-01 1.224700012E-03
 2.296000021E-04 5.980000060E-05 7.532899976E-01 -1.339200000E+04 4.629300000E+04 2.987799988E+02 1.172200012E+02 3.935400009E+01 1.095999985E+02 4.293799996E-01 4.686599970E-01 1.238400000E-03
 2.316500031E-04 5.980000060E-05 7.444800138E-01 -2.187800000E+04 4.552800000E+04 2.996000061E+02 1.216299973E+02 4.173199844E+01 9.590299988E+01 4.459199905E-01 4.644399881E-01 1.252999995E-03
 2.337000042E-04 5.980000060E-05 7.350900173E-01 -1.653400000E+04 5.008000000E+04 3.002999878E+02 1.263499985E+02 4.402799988E+01 8.775599670E+01 4.634500146E-01 4.596700072E-01 1.269100001E-03
 2.357500052E-04 5.980000060E-05 7.250499725E-01 -6.269100098E+03 5.992400000E+04 3.010599976E+02 1.315399933E+02 4.623300171E+01 8.406300354E+01 4.823499918E-01 4.545199871E-01 1.286700019E-03
 2.378000063E-04 5.980000060E-05 7.142400146E-01 -5.585600098E+03 6.946000000E+04 3.019700012E+02 1.373899994E+02 4.856800079E+01 7.463300323E+01 5.033400059E-01 4.490900040E-01 1.306200051E-03
 2.398499928E-04 5.980000060E-05 7.027800083E-01 -8.077000000E+03 7.684400000E+04 3.029100037E+02 1.436100006E+02 5.119200134E+01 6.397399902E+01 5.257999897E-01 4.432600141E-01 1.327499980E-03
 2.418999939E-04 5.980000060E-05 6.908500195E-01 -9.777000000E+03 8.291400000E+04 3.038299866E+02 1.500000000E+02 5.361199951E+01 4.188999939E+01 5.485100150E-01 4.370500147E-01 1.350400038E-03
 2.439499949E-04 5.980000060E-05 6.781299710E-01 -9.801400391E+03 8.190300000E+04 3.045599976E+02 1.568099976E+02 5.583300018E+01 3.924200058E+01 5.724800229E-01 4.300400019E-01 1.375799999E-03
 2.460000105E-04 5.980000060E-05 6.655700207E-01 -9.500500000E+03 7.952200000E+04 3.051199951E+02 1.639499969E+02 5.802299881E+01 2.831299973E+01 5.975800157E-01 4.228500128E-01 1.401699963E-03
 2.480499970E-04 5.980000060E-05 6.524299979E-01 -5.644600098E+03 8.313100000E+04 3.056300049E+02 1.715700073E+02 6.017599869E+01 1.503899956E+01 6.242200136E-01 4.151900113E-01 1.429999946E-03
 2.501000126E-04 5.980000060E-05 6.377800107E-01 -2.317199951E+03 8.532600000E+04 3.058900146E+02 1.800200043E+02 6.224800110E+01 1.548099995E+01 6.536899805E-01 4.062100053E-01 1.462899963E-03
 2.521499991E-04 5.980000060E-05 6.222100258E-01 6.007199707E+02 8.111300000E+04 3.058399963E+02 1.891399994E+02 6.408300018E+01 8.576899529E+00 6.853700280E-01 3.962399960E-01 1.499600010E-03
 2.541999856E-04 5.980000060E-05 6.060400009E-01 7.105700195E+03 7.853000000E+04 3.055499878E+02 1.988699951E+02 6.606600189E+01 1.509500027E+01 7.195400000E-01 3.855800033E-01 1.539599965E-03
 2.562500013E-04 5.980000060E-05 5.894200206E-01 1.193700000E+04 8.013000000E+04 3.048900146E+02 2.093999939E+02 6.802700043E+01 1.483500004E+01 7.568299770E-01 3.741900027E-01 1.582999947E-03
 2.582999878E-04 5.980000060E-05 5.709999800E-01 2.335700000E+04 8.036800000E+04 3.034800110E+02 2.212899933E+02 6.985199738E+01 4.761400223E+00 7.995300293E-01 3.608399928E-01 1.634299988E-03
 2.603500034E-04 5.980000060E-05 5.495600104E-01 3.805500000E+04 7.665800000E+04 3.013800049E+02 2.350700073E+02 7.168399811E+01 6.850500107E+00 8.496999741E-01 3.448800147E-01 1.698300010E-03
 2.623999899E-04 5.980000060E-05 5.238800049E-01 5.678700000E+04 7.063800000E+04 2.982699890E+02 2.517899933E+02 7.319899750E+01 6.852399826E+00 9.113799930E-01 3.254199922E-01 1.782099949E-03
 2.644500055E-04 5.980000060E-05 4.565500021E-01 8.420600000E+04 6.457400000E+04 2.850400085E+02 2.948800049E+02 7.462899780E+01 -1.364599943E+00 9.979199767E-01 2.992999852E-01 1.906099962E-03
 2.664999920E-04 5.980000060E-05 4.034500122E-01 9.792500000E+04 5.894400000E+04 2.737799988E+02 3.286400146E+02 7.543800354E+01 -3.384799957E+00 1.049700022E+00 2.841599882E-01 1.981700072E-03
 2.050000039E-04 6.209999992E-05 8.017100096E-01 -2.748899902E+03 -3.270500000E+03 2.968500061E+02 9.581600189E+01 1.191600037E+01 1.125800018E+02 3.363299966E-01 4.955799878E-01 1.163500012E-03
 2.070500050E-04 6.209999992E-05 8.008999825E-01 -1.173900024E+03 8.220000000E+02 2.967099915E+02 9.620099640E+01 1.291899967E+01 1.119499969E+02 3.382099867E-01 4.948399961E-01 1.164700021E-03
 2.091000060E-04 6.209999992E-05 7.995700240E-01 9.457500000E+02 7.572200195E+03 2.964299927E+02 9.699199677E+01 1.475000000E+01 1.118000031E+02 3.420000076E-01 4.935599864E-01 1.166600036E-03
 2.111500071E-04 6.209999992E-05 7.980200052E-01 6.585500000E+03 1.403300000E+04 2.962000122E+02 9.799600220E+01 1.660099983E+01 1.081200027E+02 3.466199934E-01 4.922200143E-01 1.168900053E-03
 2.131999936E-04 6.209999992E-05 7.953299880E-01 7.961799805E+03 1.743700000E+04 2.960899963E+02 9.934300232E+01 1.855299950E+01 1.015100021E+02 3.524999917E-01 4.903799891E-01 1.172899967E-03
 2.152499947E-04 6.209999992E-05 7.926700115E-01 3.599199951E+03 1.411300000E+04 2.960899963E+02 1.009199982E+02 2.056100082E+01 1.023799973E+02 3.592500091E-01 4.887399971E-01 1.176799997E-03
 2.172999957E-04 6.209999992E-05 7.896999717E-01 1.467400024E+03 1.052500000E+04 2.959200134E+02 1.028199997E+02 2.287199974E+01 1.178899994E+02 3.675400019E-01 4.866400063E-01 1.181200030E-03
 2.193499968E-04 6.209999992E-05 7.863199711E-01 -4.033000000E+03 1.383800000E+04 2.957399902E+02 1.049800034E+02 2.502899933E+01 1.173300018E+02 3.766700029E-01 4.842599928E-01 1.186299953E-03
 2.213999978E-04 6.209999992E-05 7.826099992E-01 -5.522899902E+03 1.455300000E+04 2.957500000E+02 1.073700027E+02 2.688500023E+01 9.827200317E+01 3.862900138E-01 4.819799960E-01 1.191899995E-03
 2.234499989E-04 6.209999992E-05 7.769200206E-01 -7.347200195E+03 1.335500000E+04 2.958200073E+02 1.102099991E+02 2.910400009E+01 1.023899994E+02 3.978100121E-01 4.785900116E-01 1.200699946E-03
 2.254999999E-04 6.209999992E-05 7.709400058E-01 -6.397100098E+03 1.908500000E+04 2.958800049E+02 1.133300018E+02 3.160199928E+01 1.175299988E+02 4.105400145E-01 4.750100076E-01 1.210000017E-03
 2.275500010E-04 6.209999992E-05 7.651299834E-01 -2.063399902E+03 2.637700000E+04 2.959700012E+02 1.166699982E+02 3.392300034E+01 1.156100006E+02 4.239099920E-01 4.715600014E-01 1.219199970E-03
 2.296000021E-04 6.209999992E-05 7.583500147E-01 -1.107199951E+03 3.324900000E+04 2.960899963E+02 1.203499985E+02 3.597100067E+01 1.107200012E+02 4.381699860E-01 4.675799906E-01 1.230100053E-03
 2.316500031E-04 6.209999992E-05 7.511199713E-01 -4.766799805E+03 3.631100000E+04 2.963999939E+02 1.243600006E+02 3.800799942E+01 9.581500244E+01 4.533599913E-01 4.636000097E-01 1.241900027E-03
 2.337000042E-04 6.209999992E-05 7.429500222E-01 -6.738600098E+03 4.246900000E+04 2.968099976E+02 1.287400055E+02 3.999700165E+01 8.379900360E+01 4.696800113E-01 4.591900110E-01 1.255600015E-03
 2.357500052E-04 6.209999992E-05 7.337399721E-01 -3.452100098E+03 4.344400000E+04 2.971499939E+02 1.335200043E+02 4.181399918E+01 8.015699768E+01 4.871700108E-01 4.540100098E-01 1.271400019E-03
 2.378000063E-04 6.209999992E-05 7.233600020E-01 -4.625600098E+03 4.811300000E+04 2.976799927E+02 1.387599945E+02 4.395199966E+01 7.410099792E+01 5.063599944E-01 4.483799934E-01 1.289700042E-03
 2.398499928E-04 6.209999992E-05 7.121000290E-01 -5.614700195E+03 5.720900000E+04 2.983599854E+02 1.444199982E+02 4.638299942E+01 6.870600128E+01 5.270500183E-01 4.424099922E-01 1.310099964E-03
 2.418999939E-04 6.209999992E-05 7.009900212E-01 -6.262200195E+03 6.413800000E+04 2.990299988E+02 1.504499969E+02 4.847700119E+01 4.742499924E+01 5.486299992E-01 4.364799857E-01 1.330800005E-03
 2.439499949E-04 6.209999992E-05 6.893900037E-01 -3.544600098E+03 6.857900000E+04 2.995100098E+02 1.569900055E+02 5.040599823E+01 3.895600128E+01 5.718600154E-01 4.299499989E-01 1.353199943E-03
 2.460000105E-04 6.209999992E-05 6.770499945E-01 -5.343700195E+03 6.515900000E+04 2.998099976E+02 1.640000000E+02 5.241799927E+01 3.639500046E+01 5.968099833E-01 4.226599932E-01 1.378000015E-03
 2.480499970E-04 6.209999992E-05 6.637700200E-01 -5.495600098E+03 7.106500000E+04 3.001099854E+02 1.715000000E+02 5.436000061E+01 2.985499954E+01 6.233400106E-01 4.147900045E-01 1.405599993E-03
 2.501000126E-04 6.209999992E-05 6.493999958E-01 -1.500000000E+03 7.836900000E+04 3.002300110E+02 1.796399994E+02 5.622000122E+01 1.592399979E+01 6.520500183E-01 4.059700072E-01 1.436699997E-03
 2.521499991E-04 6.209999992E-05 6.342300177E-01 -9.476799927E+02 8.016000000E+04 3.000599976E+02 1.883800049E+02 5.793700027E+01 9.513400078E+00 6.828899980E-01 3.962500095E-01 1.471100026E-03
 2.541999856E-04 6.209999992E-05 6.180800200E-01 3.642300049E+03 7.893200000E+04 2.997200012E+02 1.977599945E+02 5.966500092E+01 1.922599983E+01 7.161499858E-01 3.857299984E-01 1.509699970E-03
 2.562500013E-04 6.209999992E-05 6.010299921E-01 1.058800000E+04 7.390700000E+04 2.990899963E+02 2.079600067E+02 6.135100174E+01 1.315200043E+01 7.524799705E-01 3.743000031E-01 1.552499947E-03
 2.582999878E-04 6.209999992E-05 5.822600126E-01 2.215500000E+04 7.330100000E+04 2.977699890E+02 2.195299988E+02 6.309999847E+01 -3.112600088E+00 7.945100069E-01 3.610199988E-01 1.602699980E-03
 2.603500034E-04 6.209999992E-05 5.603899956E-01 3.595700000E+04 7.342100000E+04 2.957399902E+02 2.330200043E+02 6.485199738E+01 -1.533300018E+01 8.442199826E-01 3.451099992E-01 1.665399992E-03
 2.623999899E-04 6.209999992E-05 5.344399810E-01 5.202800000E+04 7.100600000E+04 2.927799988E+02 2.492799988E+02 6.629900360E+01 -1.281799984E+01 9.048799872E-01 3.258599937E-01 1.746800030E-03
 2.644500055E-04 6.209999992E-05 4.655799866E-01 7.530900000E+04 6.749800000E+04 2.798999939E+02 2.920100098E+02 6.758100128E+01 -2.091500092E+01 9.908499718E-01 2.999399900E-01 1.868200023E-03
 2.664999920E-04 6.209999992E-05 4.108799994E-01 8.854000000E+04 6.372100000E+04 2.688399963E+02 3.257200012E+02 6.822000122E+01 -3.453499985E+01 1.042899966E+00 2.847000062E-01 1.943400013E-03
 2.050000039E-04 6.440000288E-05 7.994599938E-01 -9.364000000E+03 -5.423499756E+02 2.965199890E+02 1.003499985E+02 1.132800007E+01 9.409999847E+01 3.519600034E-01 4.936400056E-01 1.166800037E-03
 2.070500050E-04 6.440000288E-05 7.991499901E-01 -6.824500000E+03 1.189900024E+03 2.963599854E+02 1.007900009E+02 1.225500011E+01 9.152600098E+01 3.539899886E-01 4.931800067E-01 1.167200040E-03
 2.091000060E-04 6.440000288E-05 7.979000211E-01 -5.610399902E+03 5.673299805E+03 2.961199951E+02 1.016600037E+02 1.398299980E+01 9.872200012E+01 3.579100072E-01 4.920099974E-01 1.169100055E-03
 2.111500071E-04 6.440000288E-05 7.965499759E-01 -1.585699951E+03 1.087400000E+04 2.958999939E+02 1.025800018E+02 1.564099979E+01 1.004100037E+02 3.620299995E-01 4.908199906E-01 1.171099953E-03
 2.131999936E-04 6.440000288E-05 7.945700288E-01 4.139399902E+03 1.387000000E+04 2.957099915E+02 1.037600021E+02 1.740600014E+01 9.323500061E+01 3.671999872E-01 4.892799854E-01 1.173999975E-03
 2.152499947E-04 6.440000288E-05 7.918699980E-01 3.889800049E+03 1.196500000E+04 2.955199890E+02 1.052200012E+02 1.924099922E+01 9.311399841E+01 3.734300137E-01 4.873000085E-01 1.178000006E-03
 2.172999957E-04 6.440000288E-05 7.892000079E-01 1.333500000E+03 1.037800000E+04 2.953500061E+02 1.069499969E+02 2.104999924E+01 9.975800323E+01 3.806700110E-01 4.853900075E-01 1.182000036E-03
 2.193499968E-04 6.440000288E-05 7.855600119E-01 -5.653799805E+03 1.420900000E+04 2.952099915E+02 1.090599976E+02 2.301499939E+01 1.078700027E+02 3.893699944E-01 4.829199910E-01 1.187399961E-03
 2.213999978E-04 6.440000288E-05 7.818300128E-01 -3.190100098E+03 1.082700000E+04 2.950199890E+02 1.113499985E+02 2.482200050E+01 9.812100220E+01 3.986499906E-01 4.803099930E-01 1.193100004E-03
 2.234499989E-04 6.440000288E-05 7.774500251E-01 -1.421500000E+03 9.283599609E+03 2.948399963E+02 1.139899979E+02 2.662199974E+01 9.782700348E+01 4.091899991E-01 4.773299992E-01 1.199800055E-03
 2.254999999E-04 6.440000288E-05 7.724199891E-01 -1.033900024E+03 1.558600000E+04 2.946600037E+02 1.170000000E+02 2.881999969E+01 1.090999985E+02 4.213300049E-01 4.739499986E-01 1.207599998E-03
 2.275500010E-04 6.440000288E-05 7.673400044E-01 3.791000000E+03 1.610900000E+04 2.944899902E+02 1.202300034E+02 3.092700005E+01 1.076500015E+02 4.341999888E-01 4.705699980E-01 1.215599943E-03
 2.296000021E-04 6.440000288E-05 7.612599730E-01 2.386500000E+03 2.002500000E+04 2.943699951E+02 1.238000031E+02 3.286999893E+01 1.033499985E+02 4.480899870E-01 4.666500092E-01 1.225400018E-03
 2.316500031E-04 6.440000288E-05 7.546100020E-01 2.314100098E+03 2.495900000E+04 2.942900085E+02 1.275899963E+02 3.473400116E+01 9.255100250E+01 4.626399875E-01 4.624499977E-01 1.236199983E-03
 2.337000042E-04 6.440000288E-05 7.471200228E-01 -1.487599976E+03 2.949100000E+04 2.944599915E+02 1.316799927E+02 3.648300171E+01 8.458599854E+01 4.779300094E-01 4.581199884E-01 1.248599961E-03
 2.357500052E-04 6.440000288E-05 7.386900187E-01 -3.417699951E+03 3.148900000E+04 2.946499939E+02 1.360800018E+02 3.818399811E+01 7.806700134E+01 4.941900074E-01 4.532400072E-01 1.262799953E-03
 2.378000063E-04 6.440000288E-05 7.295100093E-01 -1.627900024E+03 3.271600000E+04 2.946499939E+02 1.407500000E+02 3.999300003E+01 7.113600159E+01 5.116500258E-01 4.476099908E-01 1.278699958E-03
 2.398499928E-04 6.440000288E-05 7.197499871E-01 -6.330100098E+02 3.730100000E+04 2.947699890E+02 1.459299927E+02 4.193899918E+01 7.551100159E+01 5.308399796E-01 4.417900145E-01 1.296099974E-03
 2.418999939E-04 6.440000288E-05 7.094699740E-01 8.939399719E+01 4.283500000E+04 2.950199890E+02 1.516999969E+02 4.368099976E+01 6.915799713E+01 5.516399741E-01 4.358400106E-01 1.314900001E-03
 2.439499949E-04 6.440000288E-05 6.985899806E-01 -1.363400024E+03 5.061500000E+04 2.951700134E+02 1.578699951E+02 4.532300186E+01 5.848699951E+01 5.738000274E-01 4.293799996E-01 1.335400040E-03
 2.460000105E-04 6.440000288E-05 6.869300008E-01 -3.098699951E+03 5.952700000E+04 2.951799927E+02 1.644900055E+02 4.716600037E+01 5.365200043E+01 5.977900028E-01 4.222300053E-01 1.358099980E-03
 2.480499970E-04 6.440000288E-05 6.740300059E-01 4.385100098E+02 6.832900000E+04 2.952099915E+02 1.716900024E+02 4.895199966E+01 5.195100021E+01 6.236500144E-01 4.143300056E-01 1.384099945E-03
 2.501000126E-04 6.440000288E-05 6.600700021E-01 1.142599976E+03 6.897700000E+04 2.951300049E+02 1.795099945E+02 5.050699997E+01 3.897200012E+01 6.515200138E-01 4.056400061E-01 1.413400052E-03
 2.521499991E-04 6.440000288E-05 6.454399824E-01 1.394000000E+03 6.872400000E+04 2.948200073E+02 1.878699951E+02 5.207099915E+01 2.979500008E+01 6.814900041E-01 3.962300122E-01 1.445499947E-03
 2.541999856E-04 6.440000288E-05 6.298999786E-01 9.122900391E+03 7.117400000E+04 2.942999878E+02 1.968500061E+02 5.369100189E+01 3.539599991E+01 7.138599753E-01 3.860099912E-01 1.481199986E-03
 2.562500013E-04 6.440000288E-05 6.124799848E-01 1.636400000E+04 6.797400000E+04 2.935299988E+02 2.068300018E+02 5.521400070E+01 1.928899956E+01 7.499300241E-01 3.743599951E-01 1.523399958E-03
 2.582999878E-04 6.440000288E-05 5.929600000E-01 2.299700000E+04 6.640800000E+04 2.922699890E+02 2.181799927E+02 5.675699997E+01 -4.029999971E-01 7.914999723E-01 3.608700037E-01 1.573699992E-03
 2.603500034E-04 6.440000288E-05 5.711399913E-01 3.376000000E+04 6.773800000E+04 2.902699890E+02 2.313099976E+02 5.828599930E+01 -8.720000267E+00 8.403900266E-01 3.452300131E-01 1.634099986E-03
 2.623999899E-04 6.440000288E-05 5.452899933E-01 4.595200000E+04 6.937900000E+04 2.872900085E+02 2.473399963E+02 5.961100006E+01 -1.479800034E+01 9.010199904E-01 3.262400031E-01 1.711999997E-03
 2.644500055E-04 6.440000288E-05 4.750899971E-01 6.837800000E+04 6.845000000E+04 2.745000000E+02 2.896900024E+02 6.065399933E+01 -2.867499924E+01 9.861299992E-01 3.006899953E-01 1.828399953E-03
 2.664999920E-04 6.440000288E-05 4.191800058E-01 8.599600000E+04 6.523300000E+04 2.635199890E+02 3.230799866E+02 6.110499954E+01 -4.077299881E+01 1.037099957E+00 2.857300043E-01 1.900000032E-03
 2.050000039E-04 6.669999857E-05 7.978100181E-01 -2.839200134E+02 6.806199951E+02 2.959700012E+02 1.043099976E+02 1.057299995E+01 5.884700012E+01 3.657599986E-01 4.917100072E-01 1.169200055E-03
 2.070500050E-04 6.669999857E-05 7.975000143E-01 -4.481900024E+02 5.568600098E+03 2.959100037E+02 1.047500000E+02 1.154100037E+01 7.398400116E+01 3.676899970E-01 4.914200008E-01 1.169699943E-03
 2.091000060E-04 6.669999857E-05 7.964500189E-01 -3.117100098E+03 1.012800000E+04 2.957799988E+02 1.056500015E+02 1.320800018E+01 9.362000275E+01 3.715400100E-01 4.905599952E-01 1.171199954E-03
 2.111500071E-04 6.669999857E-05 7.953000069E-01 -1.048599976E+03 8.182200195E+03 2.956400146E+02 1.065800018E+02 1.471199989E+01 9.518900299E+01 3.755599856E-01 4.896099865E-01 1.172899967E-03
 2.131999936E-04 6.669999857E-05 7.933999896E-01 3.495399902E+03 6.040000000E+03 2.954599915E+02 1.078399963E+02 1.622200012E+01 8.996800232E+01 3.807800114E-01 4.881500006E-01 1.175699988E-03
 2.152499947E-04 6.669999857E-05 7.905399799E-01 1.602699951E+03 1.029300000E+04 2.952600098E+02 1.094400024E+02 1.785700035E+01 8.662599945E+01 3.873200119E-01 4.860599935E-01 1.180000021E-03
 2.172999957E-04 6.669999857E-05 7.879199982E-01 1.823500000E+03 8.820900391E+03 2.950599976E+02 1.111200027E+02 1.951799965E+01 8.900399780E+01 3.941799998E-01 4.841200113E-01 1.183900051E-03
 2.193499968E-04 6.669999857E-05 7.844499946E-01 1.056299973E+02 7.319000000E+03 2.948599854E+02 1.130199966E+02 2.118400002E+01 9.850499725E+01 4.018999934E-01 4.816600084E-01 1.189099974E-03
 2.213999978E-04 6.669999857E-05 7.805600166E-01 2.910599976E+02 6.059100098E+03 2.946000061E+02 1.152900009E+02 2.279700089E+01 8.963600159E+01 4.109500051E-01 4.788500071E-01 1.195000019E-03
 2.234499989E-04 6.669999857E-05 7.769700289E-01 6.813400269E+02 8.051000000E+03 2.941799927E+02 1.178000031E+02 2.438699913E+01 8.595700073E+01 4.209600091E-01 4.759700000E-01 1.200599945E-03
 2.254999999E-04 6.669999857E-05 7.727400064E-01 2.052500000E+03 1.452700000E+04 2.938200073E+02 1.205400009E+02 2.619599915E+01 9.266300201E+01 4.319399893E-01 4.727900028E-01 1.207099995E-03
 2.275500010E-04 6.669999857E-05 7.676699758E-01 5.950700195E+03 1.192100000E+04 2.936000061E+02 1.237099991E+02 2.799300003E+01 9.200000000E+01 4.442999959E-01 4.693500102E-01 1.215100056E-03
 2.296000021E-04 6.669999857E-05 7.620800138E-01 1.449900024E+03 8.611200195E+03 2.932799988E+02 1.271800003E+02 2.994700050E+01 1.014499969E+02 4.579200149E-01 4.654299915E-01 1.224000007E-03
 2.316500031E-04 6.669999857E-05 7.558000088E-01 3.800999832E+01 1.029700000E+04 2.930199890E+02 1.308899994E+02 3.166799927E+01 8.921800232E+01 4.721699953E-01 4.611699879E-01 1.234199968E-03
 2.337000042E-04 6.669999857E-05 7.492600083E-01 -2.446399902E+03 1.906500000E+04 2.928399963E+02 1.348300018E+02 3.319400024E+01 6.934200287E+01 4.870299995E-01 4.569100142E-01 1.245000050E-03
 2.357500052E-04 6.669999857E-05 7.420499921E-01 -2.483899902E+03 2.587100000E+04 2.926300049E+02 1.390200043E+02 3.481299973E+01 7.448300171E+01 5.028200150E-01 4.521900117E-01 1.257100026E-03
 2.378000063E-04 6.669999857E-05 7.338100076E-01 3.393100098E+03 2.790100000E+04 2.923500061E+02 1.435700073E+02 3.627899933E+01 9.092299652E+01 5.198299885E-01 4.467200041E-01 1.271200017E-03
 2.398499928E-04 6.669999857E-05 7.256399989E-01 5.608299805E+03 2.648200000E+04 2.920299988E+02 1.484900055E+02 3.774000168E+01 7.843099976E+01 5.381000042E-01 4.412800074E-01 1.285500010E-03
 2.418999939E-04 6.669999857E-05 7.162200212E-01 2.429899902E+03 2.816800000E+04 2.919299927E+02 1.538800049E+02 3.927099991E+01 5.929399872E+01 5.578899980E-01 4.353899956E-01 1.302500023E-03
 2.439499949E-04 6.669999857E-05 7.052199841E-01 -2.637100098E+03 3.192100000E+04 2.917699890E+02 1.597200012E+02 4.086299896E+01 6.157899857E+01 5.793200135E-01 4.284799993E-01 1.322799944E-03
 2.460000105E-04 6.669999857E-05 6.942800283E-01 3.548599854E+02 4.460900000E+04 2.915299988E+02 1.658300018E+02 4.241899872E+01 5.636500168E+01 6.017199755E-01 4.214699864E-01 1.343699987E-03
 2.480499970E-04 6.669999857E-05 6.825600266E-01 6.998899902E+03 5.802800000E+04 2.912799988E+02 1.724400024E+02 4.392800140E+01 4.733100128E+01 6.258000135E-01 4.140000045E-01 1.366800047E-03
 2.501000126E-04 6.669999857E-05 6.690300107E-01 1.095300000E+04 5.536700000E+04 2.909200134E+02 1.798399963E+02 4.531800079E+01 4.224499893E+01 6.526399851E-01 4.052900076E-01 1.394500025E-03
 2.521499991E-04 6.669999857E-05 6.547399759E-01 1.188100000E+04 5.233600000E+04 2.904500122E+02 1.878500061E+02 4.671400070E+01 3.945600128E+01 6.816899776E-01 3.959900141E-01 1.424900023E-03
 2.541999856E-04 6.669999857E-05 6.392800212E-01 1.194800000E+04 5.448100000E+04 2.897200012E+02 1.966199951E+02 4.824200058E+01 3.462699890E+01 7.138900161E-01 3.856700063E-01 1.459500054E-03
 2.562500013E-04 6.669999857E-05 6.222500205E-01 1.655000000E+04 5.783000000E+04 2.886700134E+02 2.063200073E+02 4.954899979E+01 2.057999992E+01 7.495899796E-01 3.740299940E-01 1.499500009E-03
 2.582999878E-04 6.669999857E-05 6.032199860E-01 2.447000000E+04 6.076000000E+04 2.872300110E+02 2.172500000E+02 5.069599915E+01 1.681299973E+01 7.900699973E-01 3.607900143E-01 1.546900021E-03
 2.603500034E-04 6.669999857E-05 5.815600157E-01 3.375400000E+04 6.167000000E+04 2.850899963E+02 2.300000000E+02 5.199000168E+01 1.603499985E+01 8.382599950E-01 3.452500105E-01 1.604699995E-03
 2.623999899E-04 6.669999857E-05 5.553500056E-01 4.614000000E+04 6.381700000E+04 2.820299988E+02 2.458000031E+02 5.315999985E+01 -4.852800071E-01 8.988800049E-01 3.261899948E-01 1.680999994E-03
 2.644500055E-04 6.669999857E-05 4.837499857E-01 6.582400000E+04 6.017600000E+04 2.694800110E+02 2.876900024E+02 5.403499985E+01 -2.112100029E+01 9.836300015E-01 3.006800115E-01 1.795100048E-03
 2.664999920E-04 6.669999857E-05 4.269799888E-01 7.856400000E+04 5.450100000E+04 2.586900024E+02 3.206499939E+02 5.443799973E+01 -3.328099823E+01 1.034000039E+00 2.859300077E-01 1.864299993E-03
 2.050000039E-04 6.900000153E-05 7.969599962E-01 3.945000000E+03 1.562899933E+02 2.956199951E+02 1.077699966E+02 9.864000320E+00 6.069200134E+01 3.777399957E-01 4.906100035E-01 1.170499949E-03
 2.070500050E-04 6.900000153E-05 7.961800098E-01 8.562600098E+02 1.745599976E+03 2.956300049E+02 1.082500000E+02 1.074699974E+01 7.429699707E+01 3.796899915E-01 4.901399910E-01 1.171599957E-03
 2.091000060E-04 6.900000153E-05 7.949500084E-01 4.780899963E+02 6.472500000E+03 2.955700073E+02 1.092099991E+02 1.231900024E+01 8.308799744E+01 3.836700022E-01 4.892799854E-01 1.173399971E-03
 2.111500071E-04 6.900000153E-05 7.935799956E-01 7.030899902E+03 5.340000000E+03 2.954400024E+02 1.103199997E+02 1.370100021E+01 8.737300110E+01 3.881599903E-01 4.882200062E-01 1.175399986E-03
 2.131999936E-04 6.900000153E-05 7.918699980E-01 9.599299805E+03 5.147200195E+03 2.952399902E+02 1.116299973E+02 1.494600010E+01 8.423000336E+01 3.933799863E-01 4.868499935E-01 1.178000006E-03
 2.152499947E-04 6.900000153E-05 7.891499996E-01 1.901599976E+03 1.296300000E+04 2.950599976E+02 1.132500000E+02 1.641900063E+01 8.001100159E+01 3.998199999E-01 4.848800004E-01 1.182000036E-03
 2.172999957E-04 6.900000153E-05 7.859500051E-01 5.118800049E+02 6.856100098E+03 2.948399963E+02 1.150899963E+02 1.801799965E+01 7.767600250E+01 4.071899951E-01 4.825499952E-01 1.186899957E-03
 2.193499968E-04 6.900000153E-05 7.834100127E-01 3.558800049E+03 2.956500000E+03 2.945199890E+02 1.170400009E+02 1.945899963E+01 7.778299713E+01 4.149299860E-01 4.804599881E-01 1.190699986E-03
 2.213999978E-04 6.900000153E-05 7.802900076E-01 3.658300049E+03 2.515899902E+03 2.941499939E+02 1.191500015E+02 2.084799957E+01 7.980000305E+01 4.233100116E-01 4.779599905E-01 1.195500023E-03
 2.234499989E-04 6.900000153E-05 7.762899995E-01 7.624299805E+03 3.725199951E+03 2.937000122E+02 1.214000015E+02 2.237199974E+01 7.224199677E+01 4.323199987E-01 4.747799933E-01 1.201599953E-03
 2.254999999E-04 6.900000153E-05 7.718200088E-01 9.224099609E+03 1.160600000E+04 2.933699951E+02 1.239700012E+02 2.389500046E+01 6.103799820E+01 4.424099922E-01 4.715099931E-01 1.208600006E-03
 2.275500010E-04 6.900000153E-05 7.670599818E-01 8.287599609E+03 8.920900391E+03 2.930199890E+02 1.270100021E+02 2.529899979E+01 6.357300186E+01 4.540899992E-01 4.680399895E-01 1.216099947E-03
 2.296000021E-04 6.900000153E-05 7.619500160E-01 9.035299805E+03 5.250700195E+03 2.925100098E+02 1.303099976E+02 2.700499916E+01 9.377500153E+01 4.670099914E-01 4.641200006E-01 1.224200008E-03
 2.316500031E-04 6.900000153E-05 7.563300133E-01 8.605099609E+03 8.769500000E+03 2.921099854E+02 1.338899994E+02 2.855299950E+01 9.036100006E+01 4.807600081E-01 4.600600004E-01 1.233299961E-03
 2.337000042E-04 6.900000153E-05 7.507699728E-01 5.345600098E+03 1.585400000E+04 2.916300049E+02 1.377100067E+02 2.997200012E+01 7.514099884E+01 4.953199923E-01 4.559400082E-01 1.242500031E-03
 2.357500052E-04 6.900000153E-05 7.446100116E-01 7.093600098E+03 1.845300000E+04 2.911300049E+02 1.417400055E+02 3.142799950E+01 8.205100250E+01 5.106800199E-01 4.514200091E-01 1.252799993E-03
 2.378000063E-04 6.900000153E-05 7.367500067E-01 7.585399902E+03 1.826200000E+04 2.907099915E+02 1.462200012E+02 3.274399948E+01 8.739399719E+01 5.274699926E-01 4.460099936E-01 1.266099978E-03
 2.398499928E-04 6.900000153E-05 7.286199927E-01 5.510000000E+03 1.697100000E+04 2.902500000E+02 1.509400024E+02 3.396599960E+01 7.300499725E+01 5.450500250E-01 4.403899908E-01 1.280299970E-03
 2.418999939E-04 6.900000153E-05 7.198299766E-01 2.269699951E+03 1.905100000E+04 2.898999939E+02 1.560399933E+02 3.529100037E+01 6.009899902E+01 5.639500022E-01 4.345600009E-01 1.295899972E-03
 2.439499949E-04 6.900000153E-05 7.096499801E-01 5.045299805E+03 2.274400000E+04 2.894700012E+02 1.617299957E+02 3.675199890E+01 6.452999878E+01 5.850700140E-01 4.277699888E-01 1.314499998E-03
 2.460000105E-04 6.900000153E-05 6.995000243E-01 1.144400000E+04 2.901000000E+04 2.888699951E+02 1.676399994E+02 3.804800034E+01 6.645300293E+01 6.070600152E-01 4.207800031E-01 1.333600027E-03
 2.480499970E-04 6.900000153E-05 6.884899735E-01 1.042400000E+04 3.777700000E+04 2.882999878E+02 1.739499969E+02 3.931000137E+01 5.224300003E+01 6.304000020E-01 4.133400023E-01 1.354999957E-03
 2.501000126E-04 6.900000153E-05 6.759700179E-01 1.416300000E+04 3.580100000E+04 2.876300049E+02 1.809600067E+02 4.049599838E+01 4.047600174E+01 6.562600136E-01 4.048700035E-01 1.380100031E-03
 2.521499991E-04 6.900000153E-05 6.625199914E-01 1.941000000E+04 3.545400000E+04 2.868299866E+02 1.885599976E+02 4.177799988E+01 3.668899918E+01 6.844599843E-01 3.957099915E-01 1.408100012E-03
 2.541999856E-04 6.900000153E-05 6.472700238E-01 1.720700000E+04 4.326600000E+04 2.858399963E+02 1.970399933E+02 4.302899933E+01 3.401499939E+01 7.159900069E-01 3.852800131E-01 1.441400032E-03
 2.562500013E-04 6.900000153E-05 6.306300163E-01 1.776500000E+04 4.845300000E+04 2.846499939E+02 2.064199982E+02 4.407600021E+01 3.103400040E+01 7.508999705E-01 3.738000095E-01 1.479499973E-03
 2.582999878E-04 6.900000153E-05 6.121299863E-01 2.766100000E+04 4.946700000E+04 2.830299988E+02 2.169700012E+02 4.516299820E+01 2.960799980E+01 7.906600237E-01 3.607900143E-01 1.524299965E-03
 2.603500034E-04 6.900000153E-05 5.904499888E-01 3.764700000E+04 5.063000000E+04 2.807200012E+02 2.293399963E+02 4.624200058E+01 1.606900024E+01 8.381199837E-01 3.451699913E-01 1.580500044E-03
 2.623999899E-04 6.900000153E-05 5.643500090E-01 5.241600000E+04 5.047000000E+04 2.775499878E+02 2.444600067E+02 4.724700165E+01 9.153599739E-01 8.970999718E-01 3.262099922E-01 1.654100022E-03
 2.644500055E-04 6.900000153E-05 4.918999970E-01 6.459700000E+04 4.294500000E+04 2.651000061E+02 2.856499939E+02 4.795100021E+01 -6.666200161E+00 9.808599949E-01 3.007600009E-01 1.765500056E-03
 2.664999920E-04 6.900000153E-05 4.339799881E-01 6.557200000E+04 3.747700000E+04 2.545200043E+02 3.183699951E+02 4.819599915E+01 -1.892300034E+01 1.031399965E+00 2.859100103E-01 1.834299997E-03
 2.050000039E-04 7.129999722E-05 7.957000136E-01 7.052799805E+03 2.784500000E+03 2.954899902E+02 1.108000031E+02 9.371700287E+00 5.679899979E+01 3.882099986E-01 4.896200001E-01 1.172299962E-03
 2.070500050E-04 7.129999722E-05 7.950500250E-01 3.293000000E+03 -2.283399902E+03 2.954500122E+02 1.112200012E+02 1.001099968E+01 6.659799957E+01 3.898899853E-01 4.891400039E-01 1.173299970E-03
 2.091000060E-04 7.129999722E-05 7.939100266E-01 2.058000000E+03 1.165300049E+03 2.953399963E+02 1.122200012E+02 1.124300003E+01 7.396499634E+01 3.938499987E-01 4.882600009E-01 1.174899982E-03
 2.111500071E-04 7.129999722E-05 7.925000191E-01 8.118700195E+03 1.555800049E+03 2.951400146E+02 1.135199966E+02 1.250199986E+01 7.522799683E+01 3.989799917E-01 4.870699942E-01 1.176999998E-03
 2.131999936E-04 7.129999722E-05 7.905200124E-01 1.104700000E+04 2.065600098E+03 2.949100037E+02 1.149100037E+02 1.377499962E+01 6.820300293E+01 4.044499993E-01 4.854699969E-01 1.180000021E-03
 2.152499947E-04 7.129999722E-05 7.876700163E-01 4.346500000E+03 9.002599609E+03 2.947200012E+02 1.164300003E+02 1.505500031E+01 5.874000168E+01 4.104200006E-01 4.834100008E-01 1.184300054E-03
 2.172999957E-04 7.129999722E-05 7.844700217E-01 -1.281699951E+03 4.935899902E+03 2.945700073E+02 1.183000031E+02 1.635099983E+01 5.729399872E+01 4.175899923E-01 4.812000096E-01 1.189099974E-03
 2.193499968E-04 7.129999722E-05 7.821199894E-01 -2.136999969E+02 5.474399902E+03 2.942799988E+02 1.202799988E+02 1.770000076E+01 5.964699936E+01 4.253399968E-01 4.792900085E-01 1.192700001E-03
 2.213999978E-04 7.129999722E-05 7.791200280E-01 4.109700195E+03 6.198399902E+03 2.937900085E+02 1.223799973E+02 1.900099945E+01 6.797699738E+01 4.336499870E-01 4.766600132E-01 1.197300036E-03
 2.234499989E-04 7.129999722E-05 7.750300169E-01 7.545000000E+03 9.599799805E+02 2.933099976E+02 1.247699966E+02 2.037800026E+01 7.582399750E+01 4.430299997E-01 4.733799994E-01 1.203599968E-03
 2.254999999E-04 7.129999722E-05 7.706300020E-01 9.009200195E+03 2.858599854E+02 2.930400085E+02 1.274100037E+02 2.172500038E+01 6.416400146E+01 4.531300068E-01 4.702599943E-01 1.210400020E-03
 2.275500010E-04 7.129999722E-05 7.660800219E-01 7.896500000E+03 2.336399902E+03 2.926799927E+02 1.302400055E+02 2.284000015E+01 4.910800171E+01 4.638800025E-01 4.668999910E-01 1.217599958E-03
 2.296000021E-04 7.129999722E-05 7.614799738E-01 5.395299805E+03 7.407100098E+03 2.921300049E+02 1.334199982E+02 2.409799957E+01 6.362799835E+01 4.760800004E-01 4.632399976E-01 1.225000015E-03
 2.316500031E-04 7.129999722E-05 7.563800216E-01 5.736700195E+03 1.279600000E+04 2.916499939E+02 1.369100037E+02 2.547900009E+01 7.452999878E+01 4.894199967E-01 4.593699872E-01 1.233299961E-03
 2.337000042E-04 7.129999722E-05 7.510700226E-01 8.634099609E+03 1.007200000E+04 2.910700073E+02 1.405800018E+02 2.686199951E+01 7.898799896E+01 5.035200119E-01 4.552299976E-01 1.242000028E-03
 2.357500052E-04 7.129999722E-05 7.450600266E-01 1.573700000E+04 8.366299805E+03 2.905100098E+02 1.445500031E+02 2.819099998E+01 9.264399719E+01 5.185899734E-01 4.507299960E-01 1.251999987E-03
 2.378000063E-04 7.129999722E-05 7.375699878E-01 1.422500000E+04 1.008100000E+04 2.898800049E+02 1.488500061E+02 2.943199921E+01 8.124900055E+01 5.348799825E-01 4.452399909E-01 1.264699968E-03
 2.398499928E-04 7.129999722E-05 7.300000191E-01 9.748099609E+03 7.348100098E+03 2.892099915E+02 1.533300018E+02 3.044300079E+01 6.482900238E+01 5.517100096E-01 4.396399856E-01 1.277799951E-03
 2.418999939E-04 7.129999722E-05 7.221300006E-01 8.219500000E+03 7.642399902E+03 2.886400146E+02 1.581900024E+02 3.143499947E+01 7.095400238E+01 5.697900057E-01 4.340499938E-01 1.291800058E-03
 2.439499949E-04 7.129999722E-05 7.128099799E-01 1.216400000E+04 1.315800000E+04 2.879299927E+02 1.636300049E+02 3.272999954E+01 7.402300262E+01 5.902600288E-01 4.273900092E-01 1.308699953E-03
 2.460000105E-04 7.129999722E-05 7.028499842E-01 1.747100000E+04 1.629300000E+04 2.870400085E+02 1.694400024E+02 3.395399857E+01 6.611799622E+01 6.121799946E-01 4.201200008E-01 1.327199978E-03
 2.480499970E-04 7.129999722E-05 6.923800111E-01 1.564400000E+04 2.007200000E+04 2.862099915E+02 1.755899963E+02 3.501499939E+01 5.192300034E+01 6.352199912E-01 4.126600027E-01 1.347300014E-03
 2.501000126E-04 7.129999722E-05 6.807699800E-01 1.695400000E+04 2.221600000E+04 2.853999939E+02 1.822899933E+02 3.594400024E+01 4.304100037E+01 6.600999832E-01 4.045900106E-01 1.370299957E-03
 2.521499991E-04 7.129999722E-05 6.678799987E-01 2.184500000E+04 2.344500000E+04 2.843800049E+02 1.896799927E+02 3.702999878E+01 3.884999847E+01 6.878399849E-01 3.955200016E-01 1.396800042E-03
 2.541999856E-04 7.129999722E-05 6.532599926E-01 2.050600000E+04 2.947600000E+04 2.831099854E+02 1.978200073E+02 3.823600006E+01 3.508499908E+01 7.187100053E-01 3.851299882E-01 1.428100048E-03
 2.562500013E-04 7.129999722E-05 6.372600198E-01 2.410500000E+04 3.027400000E+04 2.816099854E+02 2.066600037E+02 3.915299988E+01 2.910899925E+01 7.522900105E-01 3.737199903E-01 1.463999972E-03
 2.582999878E-04 7.129999722E-05 6.190999746E-01 3.257700000E+04 3.480400000E+04 2.798099976E+02 2.168600006E+02 3.994800186E+01 2.170000076E+01 7.912300229E-01 3.607499897E-01 1.507099951E-03
 2.603500034E-04 7.129999722E-05 5.977600217E-01 3.898600000E+04 3.982000000E+04 2.774400024E+02 2.290200043E+02 4.084000015E+01 1.328100014E+01 8.382999897E-01 3.453699946E-01 1.561100013E-03
 2.623999899E-04 7.129999722E-05 5.721899867E-01 5.457800000E+04 3.878300000E+04 2.740899963E+02 2.438300018E+02 4.172200012E+01 8.402000427E+00 8.968899846E-01 3.266299963E-01 1.631299965E-03
 2.644500055E-04 7.129999722E-05 4.990499914E-01 6.450800000E+04 3.549500000E+04 2.615100098E+02 2.846300049E+02 4.217599869E+01 -4.521299839E+00 9.799299836E-01 3.013699949E-01 1.738599967E-03
 2.664999920E-04 7.129999722E-05 4.402500093E-01 6.486500000E+04 3.000800000E+04 2.508899994E+02 3.171400146E+02 4.225999832E+01 -1.870899963E+01 1.029899955E+00 2.866199911E-01 1.805000007E-03
 2.050000039E-04 7.360000018E-05 7.950000167E-01 5.277399902E+03 5.586500168E+01 2.952799988E+02 1.136100006E+02 8.674400330E+00 2.922100067E+01 3.979400098E-01 4.888400137E-01 1.173299970E-03
 2.070500050E-04 7.360000018E-05 7.942199707E-01 5.997700195E+03 -1.141400024E+03 2.952099915E+02 1.139899979E+02 9.296999931E+00 4.256900024E+01 3.994899988E-01 4.882400036E-01 1.174499979E-03
 2.091000060E-04 7.360000018E-05 7.929099798E-01 4.743399902E+03 -8.199099731E+02 2.951499939E+02 1.148899994E+02 1.023299980E+01 5.631999969E+01 4.029299915E-01 4.873299897E-01 1.176399994E-03
 2.111500071E-04 7.360000018E-05 7.914699912E-01 8.923900391E+03 -3.192000000E+03 2.949700012E+02 1.160000000E+02 1.127799988E+01 5.647200012E+01 4.072799981E-01 4.861499965E-01 1.178600010E-03
 2.131999936E-04 7.360000018E-05 7.889800072E-01 1.214500000E+04 -1.534400024E+03 2.947200012E+02 1.174599991E+02 1.254300022E+01 5.035900116E+01 4.129599929E-01 4.842100143E-01 1.182300039E-03
 2.152499947E-04 7.360000018E-05 7.863000035E-01 4.838000000E+03 5.304899902E+02 2.944700012E+02 1.191800003E+02 1.359300041E+01 4.238499832E+01 4.195399880E-01 4.821600020E-01 1.186299953E-03
 2.172999957E-04 7.360000018E-05 7.836899757E-01 -1.262300034E+02 -2.254899902E+03 2.941900024E+02 1.210899963E+02 1.466399956E+01 4.437400055E+01 4.268000126E-01 4.801000059E-01 1.190299983E-03
 2.193499968E-04 7.360000018E-05 7.812899947E-01 2.618100098E+03 2.789399902E+03 2.939100037E+02 1.230800018E+02 1.589900017E+01 5.162599945E+01 4.344600141E-01 4.781799912E-01 1.193900011E-03
 2.213999978E-04 7.360000018E-05 7.783200145E-01 3.726600098E+03 6.727000000E+03 2.935700073E+02 1.252500000E+02 1.706299973E+01 5.235400009E+01 4.427700043E-01 4.758099914E-01 1.198500046E-03
 2.234499989E-04 7.360000018E-05 7.739599943E-01 2.450399902E+03 -3.672099915E+02 2.931499939E+02 1.278600006E+02 1.823100090E+01 5.298899841E+01 4.527400136E-01 4.724600017E-01 1.205199980E-03
 2.254999999E-04 7.360000018E-05 7.696099877E-01 6.050600098E+03 -2.035900024E+03 2.927699890E+02 1.306199951E+02 1.944199944E+01 5.557600021E+01 4.632200003E-01 4.691999853E-01 1.212100033E-03
 2.275500010E-04 7.360000018E-05 7.652000189E-01 7.230000000E+03 4.117500000E+03 2.923099976E+02 1.334199982E+02 2.043499947E+01 5.375899887E+01 4.738099873E-01 4.657799900E-01 1.218999969E-03
 2.296000021E-04 7.360000018E-05 7.606199980E-01 3.090699951E+03 7.156000000E+03 2.917300110E+02 1.364900055E+02 2.147900009E+01 4.757500076E+01 4.855099916E-01 4.620699883E-01 1.226400025E-03
 2.316500031E-04 7.360000018E-05 7.559700012E-01 3.646399902E+03 6.314399902E+03 2.912600098E+02 1.397799988E+02 2.261599922E+01 5.172999954E+01 4.979499876E-01 4.585100114E-01 1.233899966E-03
 2.337000042E-04 7.360000018E-05 7.508800030E-01 1.176000000E+04 1.179000000E+03 2.906900024E+02 1.433200073E+02 2.382200050E+01 6.299100113E+01 5.114300251E-01 4.545400143E-01 1.242300030E-03
 2.357500052E-04 7.360000018E-05 7.449600101E-01 1.663300000E+04 9.460800171E+02 2.900299988E+02 1.472700043E+02 2.503800011E+01 7.607599640E+01 5.264800191E-01 4.499199986E-01 1.252199989E-03
 2.378000063E-04 7.360000018E-05 7.380300164E-01 1.454500000E+04 3.620500000E+03 2.892900085E+02 1.515099945E+02 2.618799973E+01 7.334999847E+01 5.425599813E-01 4.446099997E-01 1.263899961E-03
 2.398499928E-04 7.360000018E-05 7.309600115E-01 1.495200000E+04 1.973199951E+03 2.885700073E+02 1.558699951E+02 2.704299927E+01 5.792399979E+01 5.589399934E-01 4.392499924E-01 1.276200055E-03
 2.418999939E-04 7.360000018E-05 7.234399915E-01 1.477400000E+04 4.199000000E+03 2.878699951E+02 1.605399933E+02 2.775000000E+01 6.171400070E+01 5.763199925E-01 4.336799979E-01 1.289400039E-03
 2.439499949E-04 7.360000018E-05 7.147499919E-01 1.587000000E+04 4.728299805E+03 2.868999939E+02 1.657299957E+02 2.888299942E+01 6.679299927E+01 5.961099863E-01 4.270299971E-01 1.305100042E-03
 2.460000105E-04 7.360000018E-05 7.052099705E-01 1.832200000E+04 3.908399902E+03 2.858099976E+02 1.713600006E+02 3.002499962E+01 5.121799850E+01 6.176300049E-01 4.197199941E-01 1.322799944E-03
 2.480499970E-04 7.360000018E-05 6.951299906E-01 1.782100000E+04 1.314300000E+04 2.849100037E+02 1.772899933E+02 3.091399956E+01 3.928599930E+01 6.399199963E-01 4.124200046E-01 1.341999974E-03
 2.501000126E-04 7.360000018E-05 6.841800213E-01 1.644000000E+04 2.012100000E+04 2.839700012E+02 1.837200012E+02 3.166200066E+01 3.964599991E+01 6.639900208E-01 4.045900106E-01 1.363500021E-03
 2.521499991E-04 7.360000018E-05 6.716700196E-01 1.606000000E+04 1.992900000E+04 2.827399902E+02 1.909299927E+02 3.249700165E+01 3.863299942E+01 6.913099885E-01 3.954600096E-01 1.388899982E-03
 2.541999856E-04 7.360000018E-05 6.576300263E-01 1.862500000E+04 1.887900000E+04 2.812300110E+02 1.988899994E+02 3.365800095E+01 3.390700150E+01 7.219700217E-01 3.851299882E-01 1.418599975E-03
 2.562500013E-04 7.360000018E-05 6.425600052E-01 2.623500000E+04 1.661700000E+04 2.794500122E+02 2.075399933E+02 3.455099869E+01 1.939200020E+01 7.554000020E-01 3.739300072E-01 1.451899996E-03
 2.582999878E-04 7.360000018E-05 6.248000264E-01 3.240000000E+04 2.320100000E+04 2.774100037E+02 2.175099945E+02 3.492300034E+01 1.537600040E+01 7.938799858E-01 3.609400094E-01 1.493399963E-03
 2.603500034E-04 7.360000018E-05 6.035599709E-01 3.688200000E+04 2.872500000E+04 2.748399963E+02 2.293600006E+02 3.557799911E+01 2.739399910E+01 8.403400183E-01 3.454599977E-01 1.546100015E-03
 2.623999899E-04 7.360000018E-05 5.782300234E-01 5.099100000E+04 2.957100000E+04 2.713500061E+02 2.439299927E+02 3.640000153E+01 2.389100075E+01 8.987299800E-01 3.267799914E-01 1.614199951E-03
 2.644500055E-04 7.360000018E-05 5.046100020E-01 6.461500000E+04 3.049600000E+04 2.587399902E+02 2.844100037E+02 3.675699997E+01 -1.428699970E+00 9.812099934E-01 3.017300069E-01 1.718400046E-03
 2.664999920E-04 7.360000018E-05 4.451600015E-01 6.929600000E+04 2.732700000E+04 2.481199951E+02 3.166600037E+02 3.684400177E+01 -1.532699966E+01 1.030599952E+00 2.870900035E-01 1.782899955E-03
 2.050000039E-04 7.590000314E-05 7.935600281E-01 4.000399902E+03 -1.603900024E+03 2.952600098E+02 1.155599976E+02 7.974599838E+00 1.931999969E+01 4.045700133E-01 4.879199862E-01 1.175499987E-03
 2.070500050E-04 7.590000314E-05 7.926399708E-01 3.813500000E+03 -9.615699768E+01 2.952000122E+02 1.160699997E+02 8.477999687E+00 3.451399994E+01 4.065099955E-01 4.872399867E-01 1.176799997E-03
 2.091000060E-04 7.590000314E-05 7.912499905E-01 7.265799805E+03 -3.156500000E+03 2.951000061E+02 1.171399994E+02 9.330200195E+00 4.045800018E+01 4.105400145E-01 4.862399995E-01 1.178900013E-03
 2.111500071E-04 7.590000314E-05 7.896699905E-01 1.036200000E+04 -5.936000000E+03 2.948999939E+02 1.183399963E+02 1.019600010E+01 3.568700027E+01 4.151000082E-01 4.849300086E-01 1.181300031E-03
 2.131999936E-04 7.590000314E-05 7.873799801E-01 7.906899902E+03 -2.827199951E+03 2.945599976E+02 1.197699966E+02 1.114099979E+01 3.990200043E+01 4.206399918E-01 4.829599857E-01 1.184700057E-03
 2.152499947E-04 7.590000314E-05 7.852799892E-01 3.904399902E+03 -2.620899902E+03 2.941700134E+02 1.215199966E+02 1.199899960E+01 3.551699829E+01 4.272699952E-01 4.810500145E-01 1.187899965E-03
 2.172999957E-04 7.590000314E-05 7.832700014E-01 5.284600098E+03 -2.196699951E+03 2.937699890E+02 1.234000015E+02 1.289999962E+01 3.394599915E+01 4.344300032E-01 4.791699946E-01 1.190899988E-03
 2.193499968E-04 7.590000314E-05 7.805399895E-01 1.317100000E+04 -1.846400024E+03 2.935700073E+02 1.254100037E+02 1.402700043E+01 4.132600021E+01 4.420199990E-01 4.771600068E-01 1.195100020E-03
 2.213999978E-04 7.590000314E-05 7.772899866E-01 9.287500000E+03 -8.930100098E+02 2.934400024E+02 1.276600037E+02 1.508100033E+01 3.967599869E+01 4.503700137E-01 4.749700129E-01 1.200100058E-03
 2.234499989E-04 7.590000314E-05 7.730200291E-01 4.572399902E+03 -5.012500000E+03 2.931000061E+02 1.302799988E+02 1.604800034E+01 3.391899872E+01 4.601500034E-01 4.718100131E-01 1.206699992E-03
 2.254999999E-04 7.590000314E-05 7.685400248E-01 1.300400000E+04 -1.920800049E+03 2.925899963E+02 1.331000061E+02 1.708799934E+01 4.307600021E+01 4.708400071E-01 4.682599902E-01 1.213700045E-03
 2.275500010E-04 7.590000314E-05 7.644500136E-01 1.466700000E+04 3.895699951E+03 2.920100098E+02 1.359900055E+02 1.804500008E+01 5.010599899E+01 4.818199873E-01 4.648399949E-01 1.220199978E-03
 2.296000021E-04 7.590000314E-05 7.598699927E-01 6.351500000E+03 1.460800049E+03 2.914400024E+02 1.390700073E+02 1.892700005E+01 4.511199951E+01 4.934499860E-01 4.611600041E-01 1.227600034E-03
 2.316500031E-04 7.590000314E-05 7.554500103E-01 9.250400391E+03 2.314400024E+02 2.908500061E+02 1.422700043E+02 1.986100006E+01 4.840599823E+01 5.055299997E-01 4.575400054E-01 1.234799973E-03
 2.337000042E-04 7.590000314E-05 7.503100038E-01 1.321200000E+04 -2.178800049E+03 2.902600098E+02 1.457200012E+02 2.087500000E+01 5.720199966E+01 5.185899734E-01 4.535099864E-01 1.243200037E-03
 2.357500052E-04 7.590000314E-05 7.446799874E-01 1.050100000E+04 5.578900146E+02 2.895700073E+02 1.494799957E+02 2.187899971E+01 5.814300156E+01 5.328500271E-01 4.490399957E-01 1.252599992E-03
 2.378000063E-04 7.590000314E-05 7.383300066E-01 1.411400000E+04 -5.133200073E+02 2.887799988E+02 1.536900024E+02 2.294199944E+01 5.207699966E+01 5.488200188E-01 4.440000057E-01 1.263399958E-03
 2.398499928E-04 7.590000314E-05 7.314500213E-01 1.649100000E+04 -4.797299805E+03 2.880499878E+02 1.581399994E+02 2.371899986E+01 4.908399963E+01 5.654900074E-01 4.387399852E-01 1.275300048E-03
 2.418999939E-04 7.590000314E-05 7.243400216E-01 1.859600000E+04 7.811699829E+02 2.872300110E+02 1.627100067E+02 2.433699989E+01 4.397700119E+01 5.826200247E-01 4.332399964E-01 1.287800027E-03
 2.439499949E-04 7.590000314E-05 7.158799767E-01 2.137800000E+04 6.116500000E+03 2.861900024E+02 1.677400055E+02 2.522800064E+01 3.872100067E+01 6.018099785E-01 4.266299903E-01 1.303100027E-03
 2.460000105E-04 7.590000314E-05 7.065500021E-01 2.317700000E+04 7.072500000E+03 2.850400085E+02 1.732100067E+02 2.614800072E+01 3.689899826E+01 6.227300167E-01 4.193800092E-01 1.320300042E-03
 2.480499970E-04 7.590000314E-05 6.969799995E-01 1.997200000E+04 1.025500000E+04 2.840299988E+02 1.790099945E+02 2.690500069E+01 3.436800003E+01 6.446700096E-01 4.122399986E-01 1.338399947E-03
 2.501000126E-04 7.590000314E-05 6.864600182E-01 1.464400000E+04 1.239600000E+04 2.829200134E+02 1.853999939E+02 2.753400040E+01 4.299000168E+01 6.688299775E-01 4.044300020E-01 1.358999987E-03
 2.521499991E-04 7.590000314E-05 6.739100218E-01 1.508300000E+04 1.434500000E+04 2.815499878E+02 1.925700073E+02 2.822100067E+01 4.499900055E+01 6.961899996E-01 3.951199949E-01 1.384299947E-03
 2.541999856E-04 7.590000314E-05 6.604499817E-01 2.211000000E+04 1.400300000E+04 2.798800049E+02 2.003899994E+02 2.899099922E+01 3.584799957E+01 7.264000177E-01 3.849399984E-01 1.412500045E-03
 2.562500013E-04 7.590000314E-05 6.462299824E-01 3.453000000E+04 1.158800000E+04 2.779299927E+02 2.089199982E+02 2.978199959E+01 2.811800003E+01 7.597799897E-01 3.740299940E-01 1.443600049E-03
 2.582999878E-04 7.590000314E-05 6.289100051E-01 3.768700000E+04 1.227600000E+04 2.757900085E+02 2.187100067E+02 3.032999992E+01 2.361000061E+01 7.980200052E-01 3.612000048E-01 1.483600005E-03
 2.603500034E-04 7.590000314E-05 6.081299782E-01 4.148400000E+04 1.854800000E+04 2.730299988E+02 2.301600037E+02 3.071400070E+01 2.486599922E+01 8.434900045E-01 3.457899988E-01 1.534400042E-03
 2.623999899E-04 7.590000314E-05 5.829499960E-01 5.345900000E+04 2.179600000E+04 2.694100037E+02 2.444499969E+02 3.123399925E+01 2.477499962E+01 9.012399912E-01 3.271000087E-01 1.601099968E-03
 2.644500055E-04 7.590000314E-05 5.088499784E-01 6.053700000E+04 1.902700000E+04 2.567099915E+02 2.847300110E+02 3.172299957E+01 5.799900055E+00 9.840199947E-01 3.019700050E-01 1.703600050E-03
 2.664999920E-04 7.590000314E-05 4.489400089E-01 6.323900000E+04 1.791400000E+04 2.460299988E+02 3.168800049E+02 3.195999908E+01 -1.126900005E+01 1.033800006E+00 2.872500122E-01 1.767299953E-03
 2.050000039E-04 7.819999882E-05 7.915099859E-01 5.481899902E+03 1.127300049E+03 2.953900146E+02 1.170100021E+02 7.226099968E+00 1.822699928E+01 4.093599916E-01 4.868800044E-01 1.178500010E-03
 2.070500050E-04 7.819999882E-05 7.911599874E-01 1.573300049E+03 3.034399902E+03 2.952699890E+02 1.175899963E+02 7.468100071E+00 2.438400078E+01 4.115099907E-01 4.864600003E-01 1.179000014E-03
 2.091000060E-04 7.819999882E-05 7.902299762E-01 5.054399902E+03 9.225999756E+02 2.949800110E+02 1.188399963E+02 8.207900047E+00 2.788699913E+01 4.162600040E-01 4.854100049E-01 1.180400024E-03
 2.111500071E-04 7.819999882E-05 7.883499861E-01 6.579799805E+03 -1.207599976E+03 2.946900024E+02 1.203499985E+02 8.992799759E+00 2.144899940E+01 4.219299853E-01 4.837799966E-01 1.183200045E-03
 2.131999936E-04 7.819999882E-05 7.861700058E-01 1.360699951E+03 7.173400269E+02 2.944599915E+02 1.219499969E+02 9.674500465E+00 2.976600075E+01 4.278599918E-01 4.820599854E-01 1.186499954E-03
 2.152499947E-04 7.819999882E-05 7.840899825E-01 1.286599976E+03 -1.022400024E+03 2.941600037E+02 1.235400009E+02 1.047299957E+01 3.397600174E+01 4.338499904E-01 4.802899957E-01 1.189699979E-03
 2.172999957E-04 7.819999882E-05 7.819899917E-01 3.039699951E+03 -1.025500031E+02 2.938399963E+02 1.252500000E+02 1.120800018E+01 3.228900146E+01 4.402500093E-01 4.784899950E-01 1.192900003E-03
 2.193499968E-04 7.819999882E-05 7.792099714E-01 1.203100000E+04 -6.562600098E+03 2.936099854E+02 1.272399979E+02 1.215400028E+01 4.106700134E+01 4.476900101E-01 4.764199853E-01 1.197100035E-03
 2.213999978E-04 7.819999882E-05 7.756000161E-01 7.472600098E+03 -1.071800000E+04 2.933399963E+02 1.295800018E+02 1.308800030E+01 4.206399918E+01 4.563699961E-01 4.737699926E-01 1.202699961E-03
 2.234499989E-04 7.819999882E-05 7.719799876E-01 2.774600098E+03 -8.794799805E+03 2.929400024E+02 1.321699982E+02 1.382800007E+01 4.267300034E+01 4.659799933E-01 4.709100127E-01 1.208300004E-03
 2.254999999E-04 7.819999882E-05 7.682600021E-01 1.631000000E+04 -7.262500000E+03 2.923599854E+02 1.349600067E+02 1.471100044E+01 4.155099869E+01 4.765399992E-01 4.677200019E-01 1.214200049E-03
 2.275500010E-04 7.819999882E-05 7.642400265E-01 1.899000000E+04 -1.769300049E+03 2.917500000E+02 1.378600006E+02 1.554800034E+01 3.658599854E+01 4.874899983E-01 4.643000066E-01 1.220599981E-03
 2.296000021E-04 7.819999882E-05 7.597900033E-01 5.541600098E+03 1.957800049E+03 2.912399902E+02 1.409100037E+02 1.629100037E+01 3.126499939E+01 4.988600016E-01 4.607999921E-01 1.227700035E-03
 2.316500031E-04 7.819999882E-05 7.552499771E-01 6.573700195E+03 2.603000000E+03 2.906600037E+02 1.441600037E+02 1.720199966E+01 3.100399971E+01 5.111100078E-01 4.571399987E-01 1.235099975E-03
 2.337000042E-04 7.819999882E-05 7.497100234E-01 1.079900000E+04 3.446899902E+03 2.900599976E+02 1.477500000E+02 1.800099945E+01 3.661000061E+01 5.245199800E-01 4.528400004E-01 1.244200044E-03
 2.357500052E-04 7.819999882E-05 7.441200018E-01 8.821200195E+03 4.794399902E+03 2.893599854E+02 1.515399933E+02 1.874200058E+01 4.686600113E+01 5.387399793E-01 4.483700097E-01 1.253599999E-03
 2.378000063E-04 7.819999882E-05 7.384399772E-01 1.482100000E+04 -4.097200012E+02 2.885199890E+02 1.556399994E+02 1.962100029E+01 4.812400055E+01 5.542799830E-01 4.436599910E-01 1.263199956E-03
 2.398499928E-04 7.819999882E-05 7.319899797E-01 1.436000000E+04 -3.257699951E+03 2.877000122E+02 1.600200043E+02 2.034900093E+01 3.893099976E+01 5.707899928E-01 4.385499954E-01 1.274400041E-03
 2.418999939E-04 7.819999882E-05 7.249000072E-01 1.811100000E+04 1.364800049E+03 2.867200012E+02 1.646199951E+02 2.096999931E+01 2.929599953E+01 5.882200003E-01 4.328199923E-01 1.286800019E-03
 2.439499949E-04 7.819999882E-05 7.166200280E-01 2.208800000E+04 9.327200195E+03 2.856900024E+02 1.696399994E+02 2.162700081E+01 2.389399910E+01 6.072599888E-01 4.263300002E-01 1.301700016E-03
 2.460000105E-04 7.819999882E-05 7.077299953E-01 2.458500000E+04 7.751899902E+03 2.846400146E+02 1.750800018E+02 2.237999916E+01 2.643799973E+01 6.279000044E-01 4.194999933E-01 1.318100025E-03
 2.480499970E-04 7.819999882E-05 6.983199716E-01 2.731100000E+04 -3.994500122E+02 2.834700012E+02 1.809100037E+02 2.294400024E+01 3.110300064E+01 6.500700116E-01 4.122200012E-01 1.335800043E-03
 2.501000126E-04 7.819999882E-05 6.875000000E-01 2.473500000E+04 2.509500000E+03 2.822399902E+02 1.873000031E+02 2.336800003E+01 4.311700058E+01 6.743400097E-01 4.040800035E-01 1.356899971E-03
 2.521499991E-04 7.819999882E-05 6.749299765E-01 2.284400000E+04 8.587099609E+03 2.808800049E+02 1.944199982E+02 2.401099968E+01 4.223300171E+01 7.015600204E-01 3.947699964E-01 1.382200047E-03
 2.541999856E-04 7.819999882E-05 6.618599892E-01 2.601700000E+04 8.185600098E+03 2.791700134E+02 2.020200043E+02 2.459799957E+01 3.520700073E+01 7.310299873E-01 3.847799897E-01 1.409500022E-03
 2.562500013E-04 7.819999882E-05 6.479399800E-01 3.366900000E+04 7.797700195E+03 2.771099854E+02 2.102200012E+02 2.522900009E+01 3.560900116E+01 7.634000182E-01 3.738999963E-01 1.439800020E-03
 2.582999878E-04 7.819999882E-05 6.311600208E-01 3.712400000E+04 8.088500000E+03 2.748200073E+02 2.197899933E+02 2.589699936E+01 2.416200066E+01 8.012700081E-01 3.612200022E-01 1.478199963E-03
 2.603500034E-04 7.819999882E-05 6.107900143E-01 4.389500000E+04 1.286000000E+04 2.720199890E+02 2.311600037E+02 2.614500046E+01 1.725699997E+01 8.466100097E-01 3.460200131E-01 1.527699991E-03
 2.623999899E-04 7.819999882E-05 5.857399702E-01 5.501100000E+04 1.359400000E+04 2.683500061E+02 2.452299957E+02 2.640099907E+01 2.074500084E+01 9.038000107E-01 3.273699880E-01 1.593400026E-03
 2.644500055E-04 7.819999882E-05 5.114700198E-01 6.317800000E+04 8.937500000E+03 2.554900055E+02 2.852000122E+02 2.684799957E+01 9.676500320E+00 9.858700037E-01 3.022400141E-01 1.694299979E-03
 2.664999920E-04 7.819999882E-05 4.512600005E-01 6.650200000E+04 8.634000000E+03 2.447599945E+02 3.172099915E+02 2.705999947E+01 -1.850499988E+00 1.035300016E+00 2.875500023E-01 1.756799989E-03
 2.050000039E-04 8.050000179E-05 7.905099988E-01 -1.964500000E+03 5.813100098E+03 2.953699951E+02 1.179499969E+02 6.109799862E+00 3.348500061E+01 4.124499857E-01 4.862299860E-01 1.180000021E-03
 2.070500050E-04 8.050000179E-05 7.906299829E-01 2.692000000E+03 8.638799805E+03 2.952000122E+02 1.185100021E+02 6.270999908E+00 2.302400017E+01 4.145399928E-01 4.860300124E-01 1.179800020E-03
 2.091000060E-04 8.050000179E-05 7.895299792E-01 5.426000000E+03 4.749000000E+03 2.949299927E+02 1.197900009E+02 6.874100208E+00 1.842799950E+01 4.193100035E-01 4.848999977E-01 1.181500033E-03
 2.111500071E-04 8.050000179E-05 7.874699831E-01 3.537300049E+03 4.130500000E+03 2.946799927E+02 1.213399963E+02 7.603199959E+00 2.586400032E+01 4.250499904E-01 4.832200110E-01 1.184600056E-03
 2.131999936E-04 8.050000179E-05 7.855700254E-01 5.873799805E+03 5.504200195E+03 2.944500122E+02 1.230500031E+02 8.208499908E+00 3.843600082E+01 4.313099980E-01 4.816800058E-01 1.187399961E-03
 2.152499947E-04 8.050000179E-05 7.830200195E-01 4.377299805E+03 -2.131500000E+03 2.942699890E+02 1.248799973E+02 8.897899628E+00 4.659099960E+01 4.380100071E-01 4.798299968E-01 1.191299991E-03
 2.172999957E-04 8.050000179E-05 7.802000046E-01 8.473300171E+02 -4.826200195E+03 2.940499878E+02 1.268000031E+02 9.547599792E+00 3.074500084E+01 4.450399876E-01 4.777300060E-01 1.195600023E-03
 2.193499968E-04 8.050000179E-05 7.777100205E-01 3.385500000E+03 -9.404299805E+03 2.936300049E+02 1.288399963E+02 1.034200001E+01 3.040600014E+01 4.526900053E-01 4.755400121E-01 1.199400052E-03
 2.213999978E-04 8.050000179E-05 7.745900154E-01 4.355500000E+03 -1.036800000E+04 2.931700134E+02 1.311499939E+02 1.104399967E+01 4.351100159E+01 4.613200128E-01 4.728800058E-01 1.204299973E-03
 2.234499989E-04 8.050000179E-05 7.709500194E-01 2.035000000E+03 -8.701299805E+03 2.927399902E+02 1.336900024E+02 1.151599979E+01 3.629899979E+01 4.706900120E-01 4.699600041E-01 1.209900016E-03
 2.254999999E-04 8.050000179E-05 7.680699825E-01 8.594799805E+03 -4.804799805E+03 2.921099854E+02 1.363800049E+02 1.220300007E+01 3.277299881E+01 4.808099866E-01 4.672099948E-01 1.214500051E-03
 2.275500010E-04 8.050000179E-05 7.638199925E-01 9.863900391E+03 -1.432199951E+03 2.915100098E+02 1.393800049E+02 1.299800014E+01 2.939800072E+01 4.920800030E-01 4.636699855E-01 1.221199986E-03
 2.296000021E-04 8.050000179E-05 7.588000298E-01 -7.976200104E+01 -1.469800049E+03 2.910899963E+02 1.425500031E+02 1.376099968E+01 1.753000069E+01 5.037900209E-01 4.599600136E-01 1.229300047E-03
 2.316500031E-04 8.050000179E-05 7.547600269E-01 2.501399902E+03 -3.442600098E+03 2.905599976E+02 1.458000031E+02 1.451500034E+01 1.168099976E+01 5.158900023E-01 4.566699862E-01 1.235899981E-03
 2.337000042E-04 8.050000179E-05 7.497699857E-01 1.183300000E+04 2.969699951E+03 2.898399963E+02 1.493699951E+02 1.507199955E+01 1.521500015E+01 5.292500257E-01 4.525299966E-01 1.244100044E-03
 2.357500052E-04 8.050000179E-05 7.443100214E-01 1.229800000E+04 8.633099609E+03 2.891600037E+02 1.531199951E+02 1.563000011E+01 3.511800003E+01 5.432500243E-01 4.481700063E-01 1.253299997E-03
 2.378000063E-04 8.050000179E-05 7.382400036E-01 9.916500000E+03 3.863100098E+03 2.883699951E+02 1.572299957E+02 1.627700043E+01 4.555799866E+01 5.586599708E-01 4.433200061E-01 1.263599959E-03
 2.398499928E-04 8.050000179E-05 7.315000296E-01 1.315700000E+04 5.127100098E+03 2.874599915E+02 1.616600037E+02 1.689900017E+01 3.778200150E+01 5.753899813E-01 4.378899932E-01 1.275200048E-03
 2.418999939E-04 8.050000179E-05 7.244499922E-01 1.690800000E+04 6.749100098E+03 2.864599915E+02 1.663399963E+02 1.751899910E+01 3.545399857E+01 5.931100249E-01 4.321599901E-01 1.287600026E-03
 2.439499949E-04 8.050000179E-05 7.164700031E-01 1.574000000E+04 8.268099609E+03 2.854400024E+02 1.713899994E+02 1.800600052E+01 3.851800156E+01 6.122000217E-01 4.258800149E-01 1.302000019E-03
 2.460000105E-04 8.050000179E-05 7.077699900E-01 1.652500000E+04 6.966500244E+02 2.844299927E+02 1.768399963E+02 1.860600090E+01 3.696200180E+01 6.327800155E-01 4.192099869E-01 1.318000024E-03
 2.480499970E-04 8.050000179E-05 6.984400153E-01 2.481700000E+04 -2.011099976E+03 2.831900024E+02 1.826199951E+02 1.908900070E+01 2.945400047E+01 6.548500061E-01 4.118900001E-01 1.335600042E-03
 2.501000126E-04 8.050000179E-05 6.879199743E-01 2.819500000E+04 3.725899902E+03 2.817799988E+02 1.888099976E+02 1.946500015E+01 3.023999977E+01 6.786400080E-01 4.036700130E-01 1.356099965E-03
 2.521499991E-04 8.050000179E-05 6.758000255E-01 2.251300000E+04 4.741100098E+03 2.803299866E+02 1.956999969E+02 1.993799973E+01 3.337300110E+01 7.051399946E-01 3.945200145E-01 1.380400034E-03
 2.541999856E-04 8.050000179E-05 6.628900170E-01 2.105400000E+04 4.916100098E+03 2.786799927E+02 2.031600037E+02 2.044099998E+01 3.772200012E+01 7.341300249E-01 3.847000003E-01 1.407300006E-03
 2.562500013E-04 8.050000179E-05 6.490600109E-01 2.694200000E+04 7.254200195E+03 2.766300049E+02 2.112500000E+02 2.095700073E+01 2.810300064E+01 7.660800219E-01 3.738999963E-01 1.437300001E-03
 2.582999878E-04 8.050000179E-05 6.324300170E-01 3.420900000E+04 7.307700195E+03 2.742900085E+02 2.208200073E+02 2.137599945E+01 2.007399940E+01 8.040000200E-01 3.612599969E-01 1.475300058E-03
 2.603500034E-04 8.050000179E-05 6.123899817E-01 4.302100000E+04 8.003600098E+03 2.715000000E+02 2.321999969E+02 2.160099983E+01 2.538699913E+01 8.494899869E-01 3.462699950E-01 1.523699961E-03
 2.623999899E-04 8.050000179E-05 5.876299739E-01 5.526100000E+04 8.176899902E+03 2.677099915E+02 2.460899963E+02 2.182200050E+01 1.830699921E+01 9.063599706E-01 3.276500106E-01 1.588299987E-03
 2.644500055E-04 8.050000179E-05 5.131599903E-01 6.658300000E+04 3.464000000E+03 2.547100067E+02 2.858099976E+02 2.214100075E+01 1.665299988E+01 9.875500202E-01 3.025400043E-01 1.687700045E-03
 2.664999920E-04 8.050000179E-05 4.527199864E-01 7.105400000E+04 2.082399902E+03 2.439700012E+02 3.177300110E+02 2.226199913E+01 1.990600014E+01 1.036399961E+00 2.879900038E-01 1.749300049E-03
 2.050000039E-04 8.279999747E-05 7.896699905E-01 -2.323100098E+03 1.078900024E+03 2.952099915E+02 1.185699997E+02 4.780700207E+00 4.095100021E+01 4.144900143E-01 4.854399860E-01 1.181300031E-03
 2.070500050E-04 8.279999747E-05 7.898499966E-01 6.839100098E+03 5.110600098E+03 2.950299988E+02 1.191100006E+02 5.059000015E+00 2.657600021E+01 4.165300131E-01 4.852600098E-01 1.181000029E-03
 2.091000060E-04 8.279999747E-05 7.890499830E-01 9.033700195E+03 6.071700195E+03 2.947900085E+02 1.203600006E+02 5.589499950E+00 1.595600033E+01 4.211499989E-01 4.843800068E-01 1.182200038E-03
 2.111500071E-04 8.279999747E-05 7.870699763E-01 5.265000000E+03 8.009500000E+03 2.945899963E+02 1.218700027E+02 6.115499973E+00 2.392900085E+01 4.266700149E-01 4.828299880E-01 1.185199944E-03
 2.131999936E-04 8.279999747E-05 7.848700285E-01 1.011900000E+04 8.363799805E+03 2.942399902E+02 1.236299973E+02 6.604000092E+00 3.241199875E+01 4.331699908E-01 4.809100032E-01 1.188499969E-03
 2.152499947E-04 8.279999747E-05 7.821400166E-01 4.589600098E+03 3.041000000E+03 2.940000000E+02 1.256600037E+02 7.107200146E+00 3.481200027E+01 4.405300021E-01 4.788399935E-01 1.192600001E-03
 2.172999957E-04 8.279999747E-05 7.796599865E-01 -2.034000000E+03 7.378699951E+02 2.937900085E+02 1.277500000E+02 7.752200127E+00 2.390500069E+01 4.481199980E-01 4.769900143E-01 1.196400030E-03
 2.193499968E-04 8.279999747E-05 7.774199843E-01 1.919000000E+03 -4.309299805E+03 2.934200134E+02 1.298899994E+02 8.479399681E+00 2.038800049E+01 4.560700059E-01 4.750100076E-01 1.199900056E-03
 2.213999978E-04 8.279999747E-05 7.740600109E-01 8.149500000E+03 -4.300399902E+03 2.930199890E+02 1.322599945E+02 8.931200027E+00 2.704599953E+01 4.647699893E-01 4.723100066E-01 1.205099979E-03
 2.234499989E-04 8.279999747E-05 7.703599930E-01 4.715500000E+03 -1.938300049E+03 2.925400085E+02 1.347299957E+02 9.231300354E+00 2.107399940E+01 4.738799930E-01 4.692899883E-01 1.210900024E-03
 2.254999999E-04 8.279999747E-05 7.676799893E-01 6.244500000E+03 1.160000000E+03 2.919800110E+02 1.372700043E+02 9.771300316E+00 2.569499969E+01 4.833300114E-01 4.667699933E-01 1.215100056E-03
 2.275500010E-04 8.279999747E-05 7.636399865E-01 7.005799805E+03 -1.425300049E+03 2.914299927E+02 1.402599945E+02 1.046000004E+01 2.782500076E+01 4.944599867E-01 4.634299874E-01 1.221499988E-03
 2.296000021E-04 8.279999747E-05 7.582299709E-01 -1.339800049E+03 -8.037799805E+03 2.909599915E+02 1.436100006E+02 1.106299973E+01 1.864200020E+01 5.067999959E-01 4.593999982E-01 1.230200054E-03
 2.316500031E-04 8.279999747E-05 7.542099953E-01 4.817500000E+03 -7.176000000E+03 2.903299866E+02 1.469400024E+02 1.158500004E+01 1.415900040E+01 5.191799998E-01 4.559899867E-01 1.236799988E-03
 2.337000042E-04 8.279999747E-05 7.500000000E-01 1.330500000E+04 -5.745499878E+02 2.895499878E+02 1.505099945E+02 1.201500034E+01 8.025600433E+00 5.325300097E-01 4.522199929E-01 1.243700041E-03
 2.357500052E-04 8.279999747E-05 7.444999814E-01 9.438400391E+03 5.975100098E+03 2.888999939E+02 1.544100037E+02 1.254699993E+01 2.292200089E+01 5.470200181E-01 4.478999972E-01 1.252899994E-03
 2.378000063E-04 8.279999747E-05 7.380300164E-01 7.970100098E+03 7.353000000E+03 2.881700134E+02 1.586699982E+02 1.307900047E+01 2.957099915E+01 5.628899932E-01 4.428800046E-01 1.263899961E-03
 2.398499928E-04 8.279999747E-05 7.310000062E-01 1.856700000E+04 7.022000000E+03 2.872799988E+02 1.631399994E+02 1.353100014E+01 2.432799911E+01 5.796499848E-01 4.372999966E-01 1.276100054E-03
 2.418999939E-04 8.279999747E-05 7.241100073E-01 2.012700000E+04 5.768000000E+03 2.863500061E+02 1.677100067E+02 1.402900028E+01 3.001300049E+01 5.969099998E-01 4.317899942E-01 1.288200030E-03
 2.439499949E-04 8.279999747E-05 7.160900235E-01 1.521800000E+04 -5.351400146E+02 2.852900085E+02 1.727599945E+02 1.439200020E+01 3.112500000E+01 6.160200238E-01 4.254199862E-01 1.302700024E-03
 2.460000105E-04 8.279999747E-05 7.073299885E-01 1.749700000E+04 -5.183799805E+03 2.841600037E+02 1.781300049E+02 1.482999992E+01 4.078900146E+01 6.363999844E-01 4.185500145E-01 1.318800030E-03
 2.480499970E-04 8.279999747E-05 6.983500123E-01 2.020700000E+04 1.594199951E+03 2.829800110E+02 1.837500000E+02 1.533600044E+01 3.067799950E+01 6.578599811E-01 4.115299881E-01 1.335800043E-03
 2.501000126E-04 8.279999747E-05 6.880300045E-01 2.098300000E+04 4.284299805E+03 2.816499939E+02 1.898999939E+02 1.579300022E+01 1.479500008E+01 6.814799905E-01 4.035399854E-01 1.355799963E-03
 2.521499991E-04 8.279999747E-05 6.763499975E-01 2.091000000E+04 4.173100098E+03 2.801400146E+02 1.966300049E+02 1.599800014E+01 2.155200005E+01 7.074300051E-01 3.945699930E-01 1.379300025E-03
 2.541999856E-04 8.279999747E-05 6.635500193E-01 2.228200000E+04 -3.081799927E+02 2.783999939E+02 2.040599976E+02 1.634799957E+01 3.445800018E+01 7.363899946E-01 3.847000003E-01 1.405899995E-03
 2.562500013E-04 8.279999747E-05 6.496400237E-01 3.165300000E+04 -1.450199951E+03 2.763699951E+02 2.122200012E+02 1.662999916E+01 2.459199905E+01 7.685400248E-01 3.738900125E-01 1.435999991E-03
 2.582999878E-04 8.279999747E-05 6.333199739E-01 3.968200000E+04 3.141600098E+03 2.740700073E+02 2.216799927E+02 1.673399925E+01 2.256500053E+01 8.059800267E-01 3.614700139E-01 1.473200042E-03
 2.603500034E-04 8.279999747E-05 6.134099960E-01 4.252200000E+04 3.406899902E+03 2.712300110E+02 2.329499969E+02 1.717399979E+01 3.114900017E+01 8.513100147E-01 3.464899957E-01 1.521100057E-03
 2.623999899E-04 8.279999747E-05 5.886999965E-01 5.477300000E+04 5.088299805E+03 2.674100037E+02 2.467899933E+02 1.746800041E+01 1.930900002E+01 9.081299901E-01 3.278900087E-01 1.585399965E-03
 2.644500055E-04 8.279999747E-05 5.141000152E-01 6.611200000E+04 2.775100098E+03 2.544199982E+02 2.865700073E+02 1.760600090E+01 1.454899979E+01 9.893699884E-01 3.028700054E-01 1.684100018E-03
 2.664999920E-04 8.279999747E-05 4.533799887E-01 6.829500000E+04 3.399500122E+02 2.436199951E+02 3.185899963E+02 1.770400047E+01 1.200399971E+01 1.038499951E+00 2.882699966E-01 1.745500020E-03
 2.050000039E-04 8.510000043E-05 7.895399928E-01 1.005700012E+03 -2.138300049E+03 2.949700012E+02 1.189199982E+02 3.540800095E+00 3.233800125E+01 4.157400131E-01 4.849700034E-01 1.181400032E-03
 2.070500050E-04 8.510000043E-05 7.893199921E-01 5.480399902E+03 -9.083699951E+02 2.948699951E+02 1.195500031E+02 3.811100006E+00 2.312199974E+01 4.180200100E-01 4.846799970E-01 1.181800035E-03
 2.091000060E-04 8.510000043E-05 7.885299921E-01 8.003299805E+03 3.229500000E+03 2.946799927E+02 1.208700027E+02 4.279500008E+00 1.902799988E+01 4.228200018E-01 4.838800132E-01 1.183000044E-03
 2.111500071E-04 8.510000043E-05 7.866200209E-01 5.192200195E+03 6.118799805E+03 2.944899902E+02 1.224000015E+02 4.651500225E+00 1.926899910E+01 4.283699989E-01 4.823899865E-01 1.185799949E-03
 2.131999936E-04 8.510000043E-05 7.840800285E-01 7.513200195E+03 5.462600098E+03 2.941700134E+02 1.241999969E+02 4.936800003E+00 1.004300022E+01 4.349400103E-01 4.803000093E-01 1.189699979E-03
 2.152499947E-04 8.510000043E-05 7.818599939E-01 7.074100098E+03 5.716899902E+03 2.937600098E+02 1.261200027E+02 5.273300171E+00 4.454999924E+00 4.420000017E-01 4.782800078E-01 1.193100004E-03
 2.172999957E-04 8.510000043E-05 7.800499797E-01 4.975299805E+03 3.314100098E+03 2.934400024E+02 1.281100006E+02 5.807400227E+00 1.304100037E+01 4.493100047E-01 4.766499996E-01 1.195800025E-03
 2.193499968E-04 8.510000043E-05 7.776600122E-01 1.137800000E+04 -7.470499878E+02 2.932200012E+02 1.303600006E+02 6.383399963E+00 1.764900017E+01 4.574300051E-01 4.748399854E-01 1.199500053E-03
 2.213999978E-04 8.510000043E-05 7.740799785E-01 1.338400000E+04 1.111699951E+03 2.929100037E+02 1.328999939E+02 6.795000076E+00 4.969799995E+00 4.666599929E-01 4.721499979E-01 1.204999979E-03
 2.234499989E-04 8.510000043E-05 7.706300020E-01 8.862500000E+03 5.951100098E+03 2.923800049E+02 1.355099945E+02 7.026000023E+00 1.113799953E+01 4.762600064E-01 4.691900015E-01 1.210400020E-03
 2.254999999E-04 8.510000043E-05 7.671399713E-01 6.696100098E+03 6.208299805E+03 2.918599854E+02 1.381499939E+02 7.422500134E+00 2.359399986E+01 4.860300124E-01 4.662500024E-01 1.215999946E-03
 2.275500010E-04 8.510000043E-05 7.634500265E-01 8.996799805E+03 1.738800049E+03 2.913399963E+02 1.410299988E+02 7.919600010E+00 2.254000092E+01 4.966599941E-01 4.631800056E-01 1.221799990E-03
 2.296000021E-04 8.510000043E-05 7.588999867E-01 5.295000000E+03 -1.917000000E+03 2.907799988E+02 1.442299957E+02 8.289199829E+00 1.951700020E+01 5.084699988E-01 4.595299959E-01 1.229200047E-03
 2.316500031E-04 8.510000043E-05 7.542300224E-01 3.668300049E+03 2.044900055E+02 2.901499939E+02 1.476300049E+02 8.621500015E+00 2.255699921E+01 5.210499763E-01 4.557200074E-01 1.236799988E-03
 2.337000042E-04 8.510000043E-05 7.499200106E-01 1.196000000E+04 7.614199829E+02 2.894500122E+02 1.511799927E+02 8.925000191E+00 1.341699982E+01 5.342400074E-01 4.520199895E-01 1.243900042E-03
 2.357500052E-04 8.510000043E-05 7.441099882E-01 7.907899902E+03 9.633200073E+02 2.888399963E+02 1.552400055E+02 9.307900429E+00 1.213599968E+01 5.491899848E-01 4.475600123E-01 1.253599999E-03
 2.378000063E-04 8.510000043E-05 7.378299832E-01 7.072799805E+03 1.009900024E+03 2.881000061E+02 1.595500031E+02 9.716300011E+00 1.551399994E+01 5.652300119E-01 4.426499903E-01 1.264299965E-03
 2.398499928E-04 8.510000043E-05 7.312300205E-01 1.693800000E+04 -2.134700012E+02 2.872099915E+02 1.640099945E+02 1.021399975E+01 1.508500004E+01 5.819500089E-01 4.373300076E-01 1.275700051E-03
 2.418999939E-04 8.510000043E-05 7.236700058E-01 1.826500000E+04 2.452600098E+03 2.863399963E+02 1.687500000E+02 1.066699982E+01 1.921299934E+01 5.997099876E-01 4.314999878E-01 1.289000036E-03
 2.439499949E-04 8.510000043E-05 7.158600092E-01 1.889700000E+04 -2.583899902E+03 2.852699890E+02 1.737100067E+02 1.090699959E+01 1.043799973E+01 6.184800267E-01 4.252499938E-01 1.303100027E-03
 2.460000105E-04 8.510000043E-05 7.075099945E-01 2.510900000E+04 -3.184000000E+03 2.840199890E+02 1.789199982E+02 1.121500015E+01 2.070299911E+01 6.384400129E-01 4.184499979E-01 1.318500028E-03
 2.480499970E-04 8.510000043E-05 6.984999776E-01 2.281300000E+04 9.660000000E+02 2.828699951E+02 1.845000000E+02 1.155000019E+01 2.144199944E+01 6.596900225E-01 4.114600122E-01 1.335500041E-03
 2.501000126E-04 8.510000043E-05 6.882799864E-01 1.802800000E+04 2.082800049E+03 2.817000122E+02 1.907700043E+02 1.183500004E+01 9.013799667E+00 6.835200191E-01 4.037500024E-01 1.355399960E-03
 2.521499991E-04 8.510000043E-05 6.768800020E-01 2.187200000E+04 3.839300049E+03 2.801900024E+02 1.975800018E+02 1.199899960E+01 1.523700047E+01 7.097399831E-01 3.949500024E-01 1.378200017E-03
 2.541999856E-04 8.510000043E-05 6.642000079E-01 2.510500000E+04 -3.435399902E+03 2.783200073E+02 2.050099945E+02 1.222799969E+01 3.140500069E+01 7.388799787E-01 3.849700093E-01 1.404599985E-03
 2.562500013E-04 8.510000043E-05 6.498600245E-01 3.157600000E+04 -5.628700195E+03 2.762500000E+02 2.133000031E+02 1.234300041E+01 3.291699982E+01 7.715200186E-01 3.738499880E-01 1.435599988E-03
 2.582999878E-04 8.510000043E-05 6.337299943E-01 4.198400000E+04 -2.091500000E+03 2.738500061E+02 2.225200043E+02 1.246500015E+01 1.912500000E+01 8.083199859E-01 3.614200056E-01 1.472200034E-03
 2.603500034E-04 8.510000043E-05 6.139199734E-01 4.442500000E+04 -2.926800049E+03 2.709400024E+02 2.334600067E+02 1.291800022E+01 2.133099937E+01 8.526099920E-01 3.464100063E-01 1.519900048E-03
 2.623999899E-04 8.510000043E-05 5.892199874E-01 5.258800000E+04 -2.603500000E+03 2.672699890E+02 2.471100006E+02 1.313799953E+01 2.484300041E+01 9.085500240E-01 3.280000091E-01 1.583999954E-03
 2.644500055E-04 8.510000043E-05 5.145599842E-01 6.647500000E+04 -4.780400085E+02 2.543600006E+02 2.869299927E+02 1.316199970E+01 1.200500011E+01 9.898700118E-01 3.030700088E-01 1.682700007E-03
 2.664999920E-04 8.510000043E-05 4.535399973E-01 7.014900000E+04 1.360400024E+03 2.435299988E+02 3.191300049E+02 1.319499969E+01 3.455800056E+00 1.039700031E+00 2.883000076E-01 1.744800014E-03
 2.050000039E-04 8.740000339E-05 7.896800041E-01 1.117800000E+04 2.426399994E+02 2.947300110E+02 1.190299988E+02 2.415499926E+00 3.331399918E+01 4.161899984E-01 4.846599996E-01 1.181200030E-03
 2.070500050E-04 8.740000339E-05 7.891600132E-01 9.716099609E+03 -3.870499878E+02 2.946900024E+02 1.196800003E+02 2.492399931E+00 2.737199974E+01 4.185000062E-01 4.842799902E-01 1.182000036E-03
 2.091000060E-04 8.740000339E-05 7.876499891E-01 8.908099609E+03 -9.816899872E+01 2.946400146E+02 1.211399994E+02 2.858900070E+00 2.229299927E+01 4.236800075E-01 4.832600057E-01 1.184300054E-03
 2.111500071E-04 8.740000339E-05 7.856100202E-01 2.264399902E+03 1.501300049E+03 2.945499878E+02 1.228099976E+02 3.222300053E+00 2.569000053E+01 4.295899868E-01 4.818600118E-01 1.187399961E-03
 2.131999936E-04 8.740000339E-05 7.837299705E-01 7.474100098E+03 3.574500000E+03 2.942600098E+02 1.244700012E+02 3.341500044E+00 8.119299889E+00 4.356299937E-01 4.802399874E-01 1.190199982E-03
 2.152499947E-04 8.740000339E-05 7.819700241E-01 1.533100000E+04 6.709799805E+03 2.938099976E+02 1.261999969E+02 3.506700039E+00 -8.894499779E+00 4.420199990E-01 4.784300029E-01 1.192900003E-03
 2.172999957E-04 8.740000339E-05 7.799100280E-01 1.526900000E+04 2.073199951E+03 2.934599915E+02 1.281799927E+02 3.825400114E+00 4.956399918E+00 4.492599964E-01 4.765900075E-01 1.196000027E-03
 2.193499968E-04 8.740000339E-05 7.769899964E-01 1.650200000E+04 3.529299927E+02 2.932000122E+02 1.304900055E+02 4.192299843E+00 1.539099979E+01 4.575900137E-01 4.743900001E-01 1.200499944E-03
 2.213999978E-04 8.740000339E-05 7.737200260E-01 1.308600000E+04 2.244800049E+03 2.928599854E+02 1.330800018E+02 4.515100002E+00 1.485599995E+00 4.670099914E-01 4.718399942E-01 1.205599983E-03
 2.234499989E-04 8.740000339E-05 7.705699801E-01 1.344900000E+04 3.912899902E+03 2.922999878E+02 1.357799988E+02 4.719299793E+00 -5.637199879E+00 4.769299924E-01 4.690200090E-01 1.210500021E-03
 2.254999999E-04 8.740000339E-05 7.663800120E-01 9.010000000E+03 4.957399902E+03 2.918299866E+02 1.386300049E+02 5.019100189E+00 2.681600094E+00 4.873600006E-01 4.657300115E-01 1.217199955E-03
 2.275500010E-04 8.740000339E-05 7.622299790E-01 8.263000000E+03 -6.010200195E+02 2.914400024E+02 1.416799927E+02 5.376800060E+00 1.200399971E+01 4.984300137E-01 4.625900090E-01 1.223800005E-03
 2.296000021E-04 8.740000339E-05 7.581300139E-01 9.648500000E+03 -1.258500000E+03 2.908599854E+02 1.449100037E+02 5.615399837E+00 2.532099915E+01 5.103200078E-01 4.591900110E-01 1.230400056E-03
 2.316500031E-04 8.740000339E-05 7.534099817E-01 6.059100098E+03 3.397199951E+03 2.902799988E+02 1.483300018E+02 5.748400211E+00 2.701300049E+01 5.228999853E-01 4.554100037E-01 1.238099998E-03
 2.337000042E-04 8.740000339E-05 7.488399744E-01 9.179099609E+03 4.656399902E+03 2.896400146E+02 1.518000031E+02 5.895500183E+00 1.269400024E+01 5.357199907E-01 4.516499937E-01 1.245700056E-03
 2.357500052E-04 8.740000339E-05 7.431700230E-01 1.205900000E+04 -1.785000000E+03 2.889599915E+02 1.556300049E+02 6.089000225E+00 4.813799858E+00 5.499100089E-01 4.471800029E-01 1.255200012E-03
 2.378000063E-04 8.740000339E-05 7.368599772E-01 1.189900000E+04 -2.876699951E+03 2.882399902E+02 1.598500061E+02 6.331900120E+00 8.180800438E+00 5.655000210E-01 4.422900081E-01 1.265899977E-03
 2.398499928E-04 8.740000339E-05 7.305899858E-01 1.177800000E+04 -1.413099976E+03 2.873800049E+02 1.643200073E+02 6.766699791E+00 1.673399925E+01 5.822600126E-01 4.372200072E-01 1.276799943E-03
 2.418999939E-04 8.740000339E-05 7.231500149E-01 1.501800000E+04 -1.092400024E+03 2.863699951E+02 1.691999969E+02 7.150400162E+00 1.388599968E+01 6.006399989E-01 4.312399924E-01 1.290000044E-03
 2.439499949E-04 8.740000339E-05 7.152699828E-01 2.094600000E+04 8.471900024E+02 2.853500061E+02 1.742299957E+02 7.439400196E+00 7.860599995E+00 6.195999980E-01 4.250200093E-01 1.304200036E-03
 2.460000105E-04 8.740000339E-05 7.071700096E-01 2.341500000E+04 3.486300049E+03 2.842500000E+02 1.794100037E+02 7.734200001E+00 1.307499981E+01 6.392599940E-01 4.185900092E-01 1.319100033E-03
 2.480499970E-04 8.740000339E-05 6.981099844E-01 2.424100000E+04 4.643700195E+03 2.829899902E+02 1.850200043E+02 7.755400181E+00 1.228899956E+01 6.606699824E-01 4.113999903E-01 1.336200046E-03
 2.501000126E-04 8.740000339E-05 6.880099773E-01 2.364100000E+04 2.501800049E+03 2.816300049E+02 1.912599945E+02 7.725900173E+00 1.051399994E+01 6.845800281E-01 4.034999907E-01 1.355899964E-03
 2.521499991E-04 8.740000339E-05 6.767500043E-01 2.595500000E+04 -3.012600098E+03 2.800899963E+02 1.980899963E+02 7.938300133E+00 1.025000000E+01 7.109599710E-01 3.947300017E-01 1.378400018E-03
 2.541999856E-04 8.740000339E-05 6.639299989E-01 2.740500000E+04 -2.432899902E+03 2.783399963E+02 2.055200043E+02 8.171400070E+00 8.912099838E+00 7.399500012E-01 3.848299980E-01 1.405099989E-03
 2.562500013E-04 8.740000339E-05 6.493800282E-01 3.037000000E+04 2.106100098E+03 2.762900085E+02 2.137500000E+02 8.296099663E+00 1.856100082E+01 7.724099755E-01 3.736299872E-01 1.436599996E-03
 2.582999878E-04 8.740000339E-05 6.331200004E-01 3.968200000E+04 -1.964800049E+03 2.738299866E+02 2.229299927E+02 8.471500397E+00 1.898800087E+01 8.091800213E-01 3.610399961E-01 1.473600045E-03
 2.603500034E-04 8.740000339E-05 6.137099862E-01 4.503400000E+04 -7.355299805E+03 2.708800049E+02 2.337899933E+02 8.704899788E+00 1.261400032E+01 8.531900048E-01 3.462199867E-01 1.520400052E-03
 2.623999899E-04 8.740000339E-05 5.896099806E-01 5.188800000E+04 -5.277799805E+03 2.671700134E+02 2.473399963E+02 8.746600151E+00 1.178199959E+01 9.088900089E-01 3.280799985E-01 1.582899946E-03
 2.644500055E-04 8.740000339E-05 5.150600076E-01 6.681700000E+04 1.164599976E+03 2.541900024E+02 2.870799866E+02 8.708700180E+00 3.939500093E+00 9.897999763E-01 3.032799959E-01 1.680599991E-03
 2.664999920E-04 8.740000339E-05 4.539000094E-01 7.534800000E+04 2.934500000E+03 2.433399963E+02 3.192600098E+02 8.692399979E+00 9.106900096E-01 1.039399981E+00 2.885299921E-01 1.742399996E-03
 2.050000039E-04 8.969999908E-05 7.898700237E-01 1.434100000E+04 -1.450599976E+03 2.948299866E+02 1.190500031E+02 1.231299996E+00 1.288000011E+01 4.161300063E-01 4.849500060E-01 1.181000029E-03
 2.070500050E-04 8.969999908E-05 7.890400290E-01 1.097400000E+04 1.307199951E+03 2.947099915E+02 1.197200012E+02 1.211400032E+00 1.466499996E+01 4.185400009E-01 4.842399955E-01 1.182200038E-03
 2.091000060E-04 8.969999908E-05 7.871500254E-01 7.247799805E+03 1.506800049E+03 2.945799866E+02 1.211900024E+02 1.432999969E+00 1.679700089E+01 4.237999916E-01 4.828599989E-01 1.184999943E-03
 2.111500071E-04 8.969999908E-05 7.850000262E-01 2.265000000E+03 9.724500122E+02 2.944100037E+02 1.229000015E+02 1.643000007E+00 1.451200008E+01 4.299100041E-01 4.812699854E-01 1.188299968E-03
 2.131999936E-04 8.969999908E-05 7.829399705E-01 4.378100098E+03 1.148199951E+03 2.941400146E+02 1.246699982E+02 1.673799992E+00 -1.731799960E+00 4.363099933E-01 4.795700014E-01 1.191399992E-03
 2.152499947E-04 8.969999908E-05 7.810199857E-01 6.006899902E+03 3.958800049E+03 2.938299866E+02 1.264599991E+02 1.835299969E+00 -1.434900045E+00 4.427999854E-01 4.778800011E-01 1.194300014E-03
 2.172999957E-04 8.969999908E-05 7.789199948E-01 5.545500000E+03 5.658200195E+03 2.935100098E+02 1.284299927E+02 1.983899951E+00 8.667599678E+00 4.499500096E-01 4.760800004E-01 1.197600039E-03
 2.193499968E-04 8.969999908E-05 7.760099769E-01 6.099200195E+03 6.139700195E+03 2.932399902E+02 1.307200012E+02 2.067800045E+00 9.223600388E+00 4.581800103E-01 4.738599956E-01 1.202099957E-03
 2.213999978E-04 8.969999908E-05 7.726200223E-01 4.939600098E+03 5.745800171E+02 2.929299927E+02 1.332500000E+02 2.160000086E+00 -5.563799739E-01 4.673199952E-01 4.712899923E-01 1.207299996E-03
 2.234499989E-04 8.969999908E-05 7.697499990E-01 1.120000000E+04 -4.621199951E+02 2.924200134E+02 1.358399963E+02 2.357700109E+00 -2.050399971E+01 4.768100083E-01 4.687199891E-01 1.211800030E-03
 2.254999999E-04 8.969999908E-05 7.660099864E-01 1.371400000E+04 2.943100098E+03 2.919700012E+02 1.386600037E+02 2.555299997E+00 -1.864500046E+01 4.871299863E-01 4.657300115E-01 1.217799960E-03
 2.275500010E-04 8.969999908E-05 7.617300153E-01 8.507099609E+03 -1.208199951E+03 2.916400146E+02 1.417599945E+02 2.632200003E+00 4.004300117E+00 4.982999861E-01 4.626100063E-01 1.224600011E-03
 2.296000021E-04 8.969999908E-05 7.572299838E-01 8.599299805E+03 -1.495099976E+03 2.910599976E+02 1.451000061E+02 2.776799917E+00 2.392700005E+01 5.105400085E-01 4.589599967E-01 1.231899951E-03
 2.316500031E-04 8.969999908E-05 7.521700263E-01 1.192600000E+04 2.141899902E+03 2.904500122E+02 1.486100006E+02 2.911200047E+00 1.647699928E+01 5.234500170E-01 4.549300075E-01 1.240200014E-03
 2.337000042E-04 8.969999908E-05 7.476099730E-01 1.539900000E+04 3.820699951E+03 2.898299866E+02 1.521300049E+02 2.959399939E+00 3.420500040E+00 5.364199877E-01 4.512200058E-01 1.247699955E-03
 2.357500052E-04 8.969999908E-05 7.423099875E-01 2.011000000E+04 -6.224399902E+03 2.891000061E+02 1.559299927E+02 3.030100107E+00 5.864600182E+00 5.504999757E-01 4.468899965E-01 1.256600022E-03
 2.378000063E-04 8.969999908E-05 7.359700203E-01 1.673000000E+04 -4.343399902E+03 2.883399963E+02 1.600500031E+02 3.125400066E+00 1.236999989E+01 5.658000112E-01 4.419099987E-01 1.267499989E-03
 2.398499928E-04 8.969999908E-05 7.296699882E-01 1.363900000E+04 2.609399902E+03 2.874400024E+02 1.643500061E+02 3.330300093E+00 1.235200024E+01 5.819299817E-01 4.367600083E-01 1.278399955E-03
 2.418999939E-04 8.969999908E-05 7.228299975E-01 1.910300000E+04 -5.921400146E+02 2.863800049E+02 1.690399933E+02 3.554199934E+00 5.205100060E+00 5.996299982E-01 4.310699999E-01 1.290500048E-03
 2.439499949E-04 8.969999908E-05 7.150200009E-01 2.147600000E+04 1.433099976E+03 2.853699951E+02 1.741499939E+02 3.797199965E+00 9.655400276E+00 6.188899875E-01 4.249100089E-01 1.304600039E-03
 2.460000105E-04 8.969999908E-05 7.069600224E-01 1.806500000E+04 3.029800049E+03 2.843200073E+02 1.795500031E+02 3.985300064E+00 7.378600121E+00 6.392599940E-01 4.185700119E-01 1.319500036E-03
 2.480499970E-04 8.969999908E-05 6.978399754E-01 2.203000000E+04 2.918699951E+03 2.830599976E+02 1.853699951E+02 3.920099974E+00 4.101900101E+00 6.614199877E-01 4.113399982E-01 1.336800051E-03
 2.501000126E-04 8.969999908E-05 6.873000264E-01 2.466800000E+04 1.027099976E+03 2.816199951E+02 1.916900024E+02 3.838000059E+00 2.763499975E+00 6.856999993E-01 4.030700028E-01 1.357299974E-03
 2.521499991E-04 8.969999908E-05 6.762099862E-01 2.971200000E+04 -5.562100098E+03 2.800299988E+02 1.983899994E+02 3.937400103E+00 -3.520400047E+00 7.116900086E-01 3.943299949E-01 1.379600028E-03
 2.541999856E-04 8.969999908E-05 6.639199853E-01 3.344600000E+04 -2.872800049E+03 2.783599854E+02 2.056699982E+02 4.128900051E+00 -5.546599865E+00 7.400100231E-01 3.848499954E-01 1.405099989E-03
 2.562500013E-04 8.969999908E-05 6.494899988E-01 3.067400000E+04 2.707699951E+03 2.763399963E+02 2.138999939E+02 4.247200012E+00 1.088000059E+00 7.724699974E-01 3.737600148E-01 1.436399994E-03
 2.582999878E-04 8.969999908E-05 6.329500079E-01 3.697500000E+04 3.010399902E+03 2.738099976E+02 2.232700043E+02 4.287899971E+00 1.249600029E+01 8.100000024E-01 3.609200120E-01 1.474000048E-03
 2.603500034E-04 8.969999908E-05 6.135699749E-01 4.839600000E+04 -1.544599976E+03 2.708399963E+02 2.342899933E+02 4.398900032E+00 7.709700108E+00 8.546599746E-01 3.460800052E-01 1.520700054E-03
 2.623999899E-04 8.969999908E-05 5.897099972E-01 5.852600000E+04 1.221300049E+03 2.670700073E+02 2.478600006E+02 4.419099808E+00 -5.292900085E+00 9.105399847E-01 3.280200064E-01 1.582599944E-03
 2.644500055E-04 8.969999908E-05 5.152800083E-01 6.943400000E+04 3.991199951E+03 2.540899963E+02 2.875000000E+02 4.320199966E+00 -4.829599857E+00 9.904999733E-01 3.035300076E-01 1.678899978E-03
 2.664999920E-04 8.969999908E-05 4.540799856E-01 7.588700000E+04 -1.466099976E+03 2.432400055E+02 3.196000061E+02 4.286799908E+00 3.344599962E+00 1.039199948E+00 2.890299857E-01 1.739599975E-03
 2.050000039E-04 9.200000204E-05 7.903400064E-01 9.161700195E+03 -1.276500000E+03 2.950299988E+02 1.189199982E+02 6.659399867E-01 -6.221000195E+00 4.155200124E-01 4.855599999E-01 1.180300023E-03
 2.070500050E-04 9.200000204E-05 7.891499996E-01 6.575000000E+03 2.403100098E+03 2.948299866E+02 1.196100006E+02 5.894299746E-01 8.679400086E-01 4.180699885E-01 4.844900072E-01 1.182000036E-03
 2.091000060E-04 9.200000204E-05 7.870399952E-01 2.308600098E+03 2.056000000E+03 2.945899963E+02 1.210599976E+02 6.967599988E-01 1.469900036E+01 4.233100116E-01 4.828099906E-01 1.185199944E-03
 2.111500071E-04 9.200000204E-05 7.850300074E-01 2.979399902E+03 1.174000000E+03 2.942799988E+02 1.227900009E+02 7.961300015E-01 4.821300030E+00 4.295699894E-01 4.810700119E-01 1.188199967E-03
 2.131999936E-04 9.200000204E-05 7.825000286E-01 6.096099854E+01 -2.193899902E+03 2.940100098E+02 1.247500000E+02 8.135899901E-01 -1.252799988E+01 4.366500080E-01 4.790799916E-01 1.192099997E-03
 2.152499947E-04 9.200000204E-05 7.802299857E-01 -5.567500000E+03 -2.849000000E+03 2.938299866E+02 1.267200012E+02 1.012799978E+00 9.359499931E+00 4.436700046E-01 4.773899913E-01 1.195500023E-03
 2.172999957E-04 9.200000204E-05 7.783499956E-01 -3.355899902E+03 5.983700195E+03 2.935000000E+02 1.287100067E+02 1.109300017E+00 1.337699986E+01 4.508999884E-01 4.757100046E-01 1.198400045E-03
 2.193499968E-04 9.200000204E-05 7.757200003E-01 -1.504300049E+03 1.087100000E+04 2.932399902E+02 1.309499969E+02 1.048400044E+00 -1.844999939E-01 4.589500129E-01 4.736900032E-01 1.202499960E-03
 2.213999978E-04 9.200000204E-05 7.721800208E-01 -6.682199707E+02 2.632600098E+03 2.930000000E+02 1.334600067E+02 1.031999946E+00 -1.293599987E+01 4.679400027E-01 4.711300135E-01 1.208000001E-03
 2.234499989E-04 9.200000204E-05 7.692199945E-01 4.945500000E+03 2.670400085E+02 2.925400085E+02 1.360000000E+02 1.215499997E+00 -2.403599930E+01 4.772300124E-01 4.686000049E-01 1.212700037E-03
 2.254999999E-04 9.200000204E-05 7.658799887E-01 1.257500000E+04 3.909899902E+03 2.920199890E+02 1.388000031E+02 1.278699994E+00 -1.336400032E+01 4.874800146E-01 4.657300115E-01 1.217999961E-03
 2.275500010E-04 9.200000204E-05 7.617899776E-01 8.311200195E+03 3.646800049E+03 2.916600037E+02 1.418300018E+02 1.169899940E+00 5.028600216E+00 4.984399974E-01 4.626699984E-01 1.224500011E-03
 2.296000021E-04 9.200000204E-05 7.570700049E-01 5.084500000E+03 3.121600098E+03 2.911300049E+02 1.451100006E+02 1.316400051E+00 1.779299927E+01 5.104299784E-01 4.589700103E-01 1.232099952E-03
 2.316500031E-04 9.200000204E-05 7.517499924E-01 1.170200000E+04 1.175699951E+03 2.904899902E+02 1.486699982E+02 1.532400012E+00 1.375899982E+01 5.235400200E-01 4.547399879E-01 1.240900019E-03
 2.337000042E-04 9.200000204E-05 7.473199964E-01 2.250100000E+04 -2.423100090E+01 2.898500061E+02 1.521900024E+02 1.486999989E+00 9.178400040E+00 5.365099907E-01 4.510700107E-01 1.248199958E-03
 2.357500052E-04 9.200000204E-05 7.421600223E-01 2.558600000E+04 -9.168900391E+03 2.891400146E+02 1.559900055E+02 1.478000045E+00 1.044900036E+01 5.505700111E-01 4.468500018E-01 1.256900025E-03
 2.378000063E-04 9.200000204E-05 7.358499765E-01 1.562300000E+04 -9.203599609E+03 2.883399963E+02 1.600800018E+02 1.543499947E+00 1.619700050E+01 5.658000112E-01 4.418399930E-01 1.267699990E-03
 2.398499928E-04 9.200000204E-05 7.293599844E-01 1.328100000E+04 -1.665599976E+02 2.873800049E+02 1.643000031E+02 1.641899943E+00 1.146500015E+01 5.817000270E-01 4.364799857E-01 1.278899959E-03
 2.418999939E-04 9.200000204E-05 7.225499749E-01 1.887100000E+04 2.540600098E+03 2.864200134E+02 1.688999939E+02 1.809200048E+00 8.813199997E+00 5.989699960E-01 4.309599996E-01 1.291000051E-03
 2.439499949E-04 9.200000204E-05 7.149800062E-01 1.821200000E+04 3.081100098E+03 2.854400024E+02 1.739700012E+02 1.932600021E+00 1.379699993E+01 6.180199981E-01 4.249899983E-01 1.304700039E-03
 2.460000105E-04 9.200000204E-05 7.069000006E-01 1.670300000E+04 -6.315999756E+02 2.842699890E+02 1.795200043E+02 1.976199985E+00 -7.773300171E+00 6.390399933E-01 4.184499979E-01 1.319600036E-03
 2.480499970E-04 9.200000204E-05 6.978700161E-01 2.277300000E+04 -2.829199951E+03 2.830100098E+02 1.854900055E+02 1.967000008E+00 -7.862500191E+00 6.617599726E-01 4.112899899E-01 1.336700050E-03
 2.501000126E-04 9.200000204E-05 6.871600151E-01 2.299000000E+04 -1.506699951E+03 2.816300049E+02 1.919400024E+02 1.986199975E+00 -7.863299847E+00 6.864500046E-01 4.029999971E-01 1.357599976E-03
 2.521499991E-04 9.200000204E-05 6.761400104E-01 2.920200000E+04 -3.587100098E+03 2.800299988E+02 1.985800018E+02 2.006000042E+00 -1.497900009E+01 7.122300267E-01 3.942900002E-01 1.379700028E-03
 2.541999856E-04 9.200000204E-05 6.645299792E-01 3.466200000E+04 -2.476000000E+03 2.783299866E+02 2.057100067E+02 2.050100088E+00 -1.754699945E+00 7.400599718E-01 3.851700127E-01 1.403799979E-03
 2.562500013E-04 9.200000204E-05 6.502699852E-01 2.991000000E+04 -1.564000000E+03 2.762699890E+02 2.140800018E+02 2.116199970E+00 -3.229399920E+00 7.730600238E-01 3.741300106E-01 1.434699981E-03
 2.582999878E-04 9.200000204E-05 6.335600019E-01 3.703000000E+04 3.167199951E+03 2.736900024E+02 2.236199951E+02 2.127599955E+00 1.772599965E-01 8.112900257E-01 3.611199856E-01 1.472600037E-03
 2.603500034E-04 9.200000204E-05 6.140300035E-01 5.332600000E+04 3.681899902E+03 2.706900024E+02 2.346900024E+02 2.205100060E+00 3.480400085E+00 8.561699986E-01 3.461599946E-01 1.519600046E-03
 2.623999899E-04 9.200000204E-05 5.899199843E-01 6.458900000E+04 4.262399902E+03 2.669599915E+02 2.482500000E+02 2.262099981E+00 -7.381100178E+00 9.120000005E-01 3.280000091E-01 1.582000055E-03
 2.644500055E-04 9.200000204E-05 5.153499842E-01 7.028600000E+04 5.160900269E+02 2.540299988E+02 2.878900146E+02 2.166800022E+00 -2.070699930E+00 9.914399981E-01 3.037000000E-01 1.677799970E-03
 2.664999920E-04 9.200000204E-05 4.541600049E-01 7.292700000E+04 -8.695099609E+03 2.431900024E+02 3.200100098E+02 2.112900019E+00 1.428199959E+01 1.039700031E+00 2.893899977E-01 1.737699960E-03
