TITLE     = "Subsonic"
VARIABLES = "X"
"Y"
"Density"
"QX"
"QY"
"T"
"U"
"V"
"Txy"
"Mach"
"Pressure"
"Kundsen"
ZONE T="MAIN ZONE"
 STRANDID=0, SOLUTIONTIME=0
 I=101, J=31, K=1, ZONETYPE=Ordered
 DATAPACKING=POINT
 DT=(SINGLE SINGLE SINGLE SINGLE SINGLE SINGLE SINGLE SINGLE SINGLE SINGLE SINGLE SINGLE )
 0.000000000E+00 5.700000111E-05 1.600700021E+00 -7.458500000E+05 -3.444800000E+05 3.000000000E+02 1.245199966E+02 4.912500000E+01 -3.274100098E+03 4.823800027E-01 1.026499987E+00 5.663899938E-04
 2.049999921E-06 5.779999992E-05 1.609500051E+00 -4.527200000E+05 -2.061100000E+05 2.986900024E+02 1.292200012E+02 5.048899841E+01 -2.000800049E+03 4.911000133E-01 1.014299989E+00 5.714099971E-04
 4.099999842E-06 5.859999874E-05 1.618499994E+00 -1.140300000E+05 -3.920400000E+04 2.971400146E+02 1.338600006E+02 5.201599884E+01 -4.591000061E+02 5.000000000E-01 1.001500010E+00 5.763199879E-04
 6.149999990E-06 5.940000119E-05 1.617900014E+00 -5.837300000E+04 -1.622100000E+04 2.968800049E+02 1.335899963E+02 5.220399857E+01 -1.621600037E+02 4.995799959E-01 1.000200033E+00 5.765400128E-04
 8.199999684E-06 6.020000001E-05 1.614899993E+00 -3.375100000E+04 -1.111300000E+04 2.968299866E+02 1.330200043E+02 5.209099960E+01 -1.228499985E+02 4.975999892E-01 9.981799722E-01 5.776400212E-04
 1.024999983E-05 6.099999882E-05 1.610399961E+00 -2.330800000E+04 -9.386500000E+03 2.968599854E+02 1.324799957E+02 5.184000015E+01 -7.316699982E+01 4.955300093E-01 9.954900146E-01 5.792399752E-04
 1.229999998E-05 6.179999764E-05 1.606099963E+00 -2.927600000E+04 -1.897600000E+04 2.969700012E+02 1.322100067E+02 5.167900085E+01 -4.167200089E+01 4.943400025E-01 9.932399988E-01 5.807799753E-04
 1.435000013E-05 6.259999645E-05 1.603399992E+00 -2.908700000E+04 -6.644700195E+03 2.967500000E+02 1.319400024E+02 5.156100082E+01 -4.911299896E+01 4.934900105E-01 9.908599854E-01 5.817500059E-04
 1.639999937E-05 6.340000255E-05 1.600700021E+00 -1.433900000E+04 -7.498000000E+03 2.964400024E+02 1.318200073E+02 5.143199921E+01 -6.727099895E+00 4.932200015E-01 9.881600142E-01 5.827299901E-04
 1.845000043E-05 6.420000136E-05 1.595800042E+00 3.758899902E+03 -1.209800000E+04 2.963399963E+02 1.320399933E+02 5.150199890E+01 2.811400032E+01 4.941000044E-01 9.847599864E-01 5.845400156E-04
 2.049999966E-05 6.500000018E-05 1.590700030E+00 7.945799805E+03 -5.196600098E+03 2.961300049E+02 1.325200043E+02 5.163299942E+01 1.724600029E+01 4.959799945E-01 9.808999896E-01 5.864200066E-04
 2.255000072E-05 6.579999899E-05 1.585399985E+00 9.748700195E+03 -8.557900391E+03 2.957699890E+02 1.333300018E+02 5.182099915E+01 1.744199944E+01 4.991799891E-01 9.764500260E-01 5.883899867E-04
 2.459999996E-05 6.659999781E-05 1.578099966E+00 9.946099609E+03 -6.942700195E+03 2.953699951E+02 1.346999969E+02 5.227000046E+01 -6.364999771E+00 5.045400262E-01 9.706599712E-01 5.910900072E-04
 2.664999920E-05 6.739999662E-05 1.571699977E+00 8.542400391E+03 5.516899902E+03 2.949899902E+02 1.364400024E+02 5.288600159E+01 -3.670300007E+00 5.113099813E-01 9.654800296E-01 5.934999790E-04
 2.870000026E-05 6.820000272E-05 1.564599991E+00 -1.136600000E+04 6.030700195E+03 2.946300049E+02 1.383600006E+02 5.365299988E+01 4.199100113E+01 5.188400149E-01 9.599199891E-01 5.961999996E-04
 3.075000132E-05 6.900000153E-05 1.556100011E+00 -6.541399902E+03 -9.464799805E+03 2.941400146E+02 1.406399994E+02 5.447999954E+01 5.441799927E+01 5.277600288E-01 9.531499743E-01 5.994500243E-04
 3.279999873E-05 6.980000035E-05 1.545899987E+00 1.487200000E+04 3.299600098E+03 2.933699951E+02 1.432899933E+02 5.553599930E+01 5.032300186E+01 5.384600163E-01 9.444100261E-01 6.034100079E-04
 3.484999979E-05 7.059999916E-05 1.532500029E+00 5.366100098E+03 2.607000000E+04 2.925400085E+02 1.466600037E+02 5.675400162E+01 1.098600006E+02 5.517799854E-01 9.335899949E-01 6.086900248E-04
 3.690000085E-05 7.139999798E-05 1.518399954E+00 -5.144000244E+02 1.586300000E+04 2.917200012E+02 1.507100067E+02 5.820199966E+01 1.267300034E+02 5.676900148E-01 9.224100113E-01 6.143299979E-04
 3.894999827E-05 7.219999679E-05 1.502500057E+00 4.220100098E+03 2.355199951E+03 2.907000122E+02 1.554600067E+02 6.003200150E+01 9.160800171E+01 5.865899920E-01 9.095699787E-01 6.208400009E-04
 4.099999933E-05 7.300000289E-05 1.482900023E+00 3.149200000E+04 8.596400391E+03 2.896099854E+02 1.613999939E+02 6.230500031E+01 1.368300018E+02 6.101300120E-01 8.943200111E-01 6.290699821E-04
 4.305000039E-05 7.380000170E-05 1.458899975E+00 4.420200000E+04 2.498600000E+04 2.879800110E+02 1.687599945E+02 6.510600281E+01 1.357200012E+02 6.397299767E-01 8.749099970E-01 6.394300144E-04
 4.510000144E-05 7.460000052E-05 1.427199960E+00 4.904300000E+04 3.319900000E+04 2.856900024E+02 1.780299988E+02 6.852300262E+01 1.548800049E+02 6.773800254E-01 8.491500020E-01 6.536800065E-04
 4.714999886E-05 7.539999933E-05 1.382300019E+00 6.106700000E+04 3.674300000E+04 2.825299988E+02 1.909600067E+02 7.328500366E+01 2.994899902E+02 7.304099798E-01 8.133800030E-01 6.750500179E-04
 4.919999992E-05 7.619999815E-05 1.315099955E+00 9.193400000E+04 4.947200000E+04 2.772099915E+02 2.127400055E+02 8.079399872E+01 4.860400085E+02 8.206300139E-01 7.594100237E-01 7.100100047E-04
 5.125000098E-05 7.699999696E-05 9.207100272E-01 1.498900000E+05 7.660700000E+04 2.563699951E+02 2.672699890E+02 8.461000443E+00 9.735099792E+01 1.051599979E+00 5.044000149E-01 1.188299968E-03
 5.329999840E-05 7.627999730E-05 4.863199890E-01 8.947500000E+04 6.283600000E+04 2.338899994E+02 3.099599915E+02 -8.962000275E+01 -1.254400024E+02 1.269000053E+00 2.377099991E-01 1.972700004E-03
 5.534999946E-05 7.555999764E-05 4.098399878E-01 1.263499985E+02 3.044800000E+04 2.283399963E+02 3.144599915E+02 -1.120199966E+02 1.072900009E+02 1.325799942E+00 1.948699951E-01 2.276299987E-03
 5.740000051E-05 7.483999798E-05 4.226000011E-01 -1.000800000E+04 3.311400000E+04 2.278999939E+02 3.177999878E+02 -1.137300034E+02 8.913500214E+01 1.341799974E+00 2.005600035E-01 2.208200051E-03
 5.945000157E-05 7.411999832E-05 4.386799932E-01 -1.299200000E+04 3.263000000E+04 2.279700012E+02 3.195599976E+02 -1.141299973E+02 8.950900269E+01 1.348799944E+00 2.082500011E-01 2.126999898E-03
 6.150000263E-05 7.339999866E-05 4.518400133E-01 -1.774500000E+04 3.088300000E+04 2.278000031E+02 3.218599854E+02 -1.145699997E+02 8.648500061E+01 1.358500004E+00 2.143400013E-01 2.064700006E-03
 6.354999641E-05 7.267999899E-05 4.603300095E-01 -3.049000000E+04 2.779000000E+04 2.272299957E+02 3.250799866E+02 -1.154400024E+02 8.418000031E+01 1.373399973E+00 2.178100049E-01 2.026499948E-03
 6.559999747E-05 7.195999933E-05 4.637899995E-01 -2.414200000E+04 2.337300000E+04 2.261699982E+02 3.290299988E+02 -1.164400024E+02 5.575699997E+01 1.392799973E+00 2.184299976E-01 2.011300065E-03
 6.764999853E-05 7.123999967E-05 4.624899924E-01 -1.599900000E+04 1.812400000E+04 2.245599976E+02 3.337000122E+02 -1.175800018E+02 5.215200043E+01 1.417000055E+00 2.162699997E-01 2.016900107E-03
 6.969999959E-05 7.052000001E-05 4.579400122E-01 -1.197500000E+04 2.063700000E+04 2.226499939E+02 3.383900146E+02 -1.189100037E+02 5.318000031E+01 1.442600012E+00 2.123299986E-01 2.036999911E-03
 7.175000064E-05 6.980000035E-05 4.509499967E-01 -2.199300000E+04 1.978600000E+04 2.207899933E+02 3.433699951E+02 -1.205299988E+02 6.204100037E+01 1.469799995E+00 2.073400021E-01 2.068700036E-03
 7.380000170E-05 6.908000069E-05 4.423800111E-01 -3.378300000E+04 1.389000000E+04 2.186999969E+02 3.487600098E+02 -1.222799988E+02 6.960199738E+01 1.499799967E+00 2.014800012E-01 2.108799992E-03
 7.585000276E-05 6.836000102E-05 4.322099984E-01 -3.204000000E+04 1.742900000E+04 2.163099976E+02 3.543299866E+02 -1.239100037E+02 7.590499878E+01 1.531700015E+00 1.947000027E-01 2.158599906E-03
 7.789999654E-05 6.764000136E-05 4.210999906E-01 -3.427100000E+04 2.368600000E+04 2.137799988E+02 3.597300110E+02 -1.255599976E+02 9.537200165E+01 1.563899994E+00 1.874800026E-01 2.215499990E-03
 7.994999760E-05 6.692000170E-05 4.098300040E-01 -3.651300000E+04 2.076400000E+04 2.112400055E+02 3.649599915E+02 -1.272300034E+02 7.843900299E+01 1.595999956E+00 1.802899987E-01 2.276499989E-03
 8.199999866E-05 6.620000204E-05 3.979200125E-01 -4.580300000E+04 1.824100000E+04 2.088999939E+02 3.702099915E+02 -1.288200073E+02 8.485700226E+01 1.627699971E+00 1.731099933E-01 2.344799927E-03
 8.404999971E-05 6.548000238E-05 3.855400085E-01 -5.187900000E+04 2.391000000E+04 2.065200043E+02 3.754700012E+02 -1.303999939E+02 1.117600021E+02 1.659899950E+00 1.658200026E-01 2.420099918E-03
 8.610000077E-05 6.476000272E-05 3.728500009E-01 -5.740300000E+04 2.860600000E+04 2.038000031E+02 3.807799988E+02 -1.319900055E+02 1.173099976E+02 1.694300056E+00 1.582500041E-01 2.502599964E-03
 8.815000183E-05 6.404000305E-05 3.606800139E-01 -6.998700000E+04 3.256900000E+04 2.013200073E+02 3.857099915E+02 -1.337799988E+02 1.319499969E+02 1.726799965E+00 1.512199938E-01 2.586900024E-03
 9.020000289E-05 6.332000339E-05 3.488599956E-01 -7.623600000E+04 3.291800000E+04 1.991199951E+02 3.905299988E+02 -1.353399963E+02 1.353800049E+02 1.757900000E+00 1.446599960E-01 2.674699994E-03
 9.224999667E-05 6.259999645E-05 3.372299969E-01 -7.462600000E+04 3.162600000E+04 1.967500000E+02 3.951300049E+02 -1.367599945E+02 1.373699951E+02 1.789000034E+00 1.381800026E-01 2.766800113E-03
 9.429999773E-05 6.187999679E-05 3.266899884E-01 -7.929900000E+04 3.706900000E+04 1.944799957E+02 3.991300049E+02 -1.382899933E+02 1.445099945E+02 1.817800045E+00 1.323200017E-01 2.856000094E-03
 9.634999878E-05 6.115999713E-05 3.166800141E-01 -8.661000000E+04 3.890500000E+04 1.923600006E+02 4.030100098E+02 -1.394499969E+02 1.474100037E+02 1.845299959E+00 1.268700063E-01 2.946299966E-03
 9.839999984E-05 6.044000111E-05 3.064000010E-01 -9.646500000E+04 3.624700000E+04 1.903300018E+02 4.072200012E+02 -1.403399963E+02 1.445000000E+02 1.873700023E+00 1.214499995E-01 3.045300022E-03
 1.004500009E-04 5.972000145E-05 2.963300049E-01 -1.068800000E+05 3.945500000E+04 1.882799988E+02 4.108800049E+02 -1.416999969E+02 1.573399963E+02 1.901000023E+00 1.161900014E-01 3.148700111E-03
 1.025000020E-04 5.900000178E-05 2.869099975E-01 -1.183400000E+05 4.683200000E+04 1.864600067E+02 4.138200073E+02 -1.430599976E+02 1.914199982E+02 1.924399972E+00 1.114099994E-01 3.252000082E-03
 1.045500030E-04 5.827999848E-05 2.779299915E-01 -1.362700000E+05 5.266400000E+04 1.848999939E+02 4.172799988E+02 -1.438000031E+02 2.137100067E+02 1.947999954E+00 1.070199981E-01 3.357100068E-03
 1.065999968E-04 5.755999882E-05 2.696599960E-01 -1.590000000E+05 6.017600000E+04 1.832899933E+02 4.203500061E+02 -1.448600006E+02 2.339299927E+02 1.970900059E+00 1.029300019E-01 3.459899919E-03
 1.086499979E-04 5.683999916E-05 2.620899975E-01 -1.855200000E+05 6.897300000E+04 1.818300018E+02 4.224700012E+02 -1.457100067E+02 2.503800049E+02 1.988999963E+00 9.924100339E-02 3.559800098E-03
 1.106999989E-04 5.611999950E-05 2.562200129E-01 -2.504100000E+05 8.896400000E+04 1.820099945E+02 4.219299927E+02 -1.452500000E+02 2.982000122E+02 1.985100031E+00 9.710600227E-02 3.640899900E-03
 1.127500000E-04 5.539999984E-05 2.619599998E-01 -5.691100000E+05 1.992900000E+05 1.920399933E+02 4.031199951E+02 -1.388300018E+02 6.297800293E+02 1.849900007E+00 1.049100012E-01 3.564100014E-03
 1.148000010E-04 5.468000018E-05 3.154599965E-01 -1.013100000E+06 3.537600000E+05 2.239499969E+02 3.337099915E+02 -1.152200012E+02 1.475800049E+03 1.432600021E+00 1.492699981E-01 3.019999946E-03
 1.168500021E-04 5.396000051E-05 4.511199892E-01 -8.072400000E+05 2.901000000E+05 2.619400024E+02 2.325200043E+02 -8.031800079E+01 1.785099976E+03 9.189900160E-01 2.489400059E-01 2.153600100E-03
 1.189000031E-04 5.324000085E-05 6.066600084E-01 -2.579700000E+05 9.282500000E+04 2.825299988E+02 1.632700043E+02 -5.582300186E+01 1.067900024E+03 6.168699861E-01 3.576500118E-01 1.555699972E-03
 1.209499969E-04 5.252000119E-05 6.935700178E-01 -6.858000000E+04 1.869700000E+04 2.896700134E+02 1.361199951E+02 -4.599000168E+01 4.414500122E+02 5.067200065E-01 4.184499979E-01 1.346200006E-03
 1.230000053E-04 5.180000153E-05 7.209799886E-01 -4.330900000E+04 1.227900000E+04 2.922300110E+02 1.252699966E+02 -4.220299911E+01 2.360700073E+02 4.640699923E-01 4.387399852E-01 1.293899957E-03
 1.250500063E-04 5.107999823E-05 7.309600115E-01 -3.102600000E+04 1.321400000E+04 2.932900085E+02 1.185299988E+02 -4.012799835E+01 1.792599945E+02 4.385299981E-01 4.464400113E-01 1.276200055E-03
 1.270999928E-04 5.035999857E-05 7.371799946E-01 -2.061500000E+04 8.470400391E+03 2.942200012E+02 1.134400024E+02 -3.868500137E+01 1.583999939E+02 4.193499982E-01 4.516600072E-01 1.265399973E-03
 1.291499939E-04 4.963999891E-05 7.431100011E-01 -2.413800000E+04 5.184799805E+03 2.947399902E+02 1.090999985E+02 -3.728799820E+01 1.363099976E+02 4.030500054E-01 4.560900033E-01 1.255300012E-03
 1.311999949E-04 4.891999924E-05 7.496799827E-01 -1.407500000E+04 5.839899902E+03 2.949700012E+02 1.050800018E+02 -3.601800156E+01 1.197300034E+02 3.881700039E-01 4.604899883E-01 1.244300045E-03
 1.332499960E-04 4.819999958E-05 7.543699741E-01 -8.898000000E+03 8.088700195E+03 2.955499878E+02 1.017799988E+02 -3.497900009E+01 1.212600021E+02 3.757199943E-01 4.642800093E-01 1.236499986E-03
 1.352999971E-04 4.747999992E-05 7.575200200E-01 -1.664900000E+04 1.476300000E+04 2.962999878E+02 9.895300293E+01 -3.386100006E+01 1.066100006E+02 3.646399975E-01 4.674000144E-01 1.231399947E-03
 1.373499981E-04 4.676000026E-05 7.612800002E-01 -1.732800000E+04 1.050500000E+04 2.968599854E+02 9.581300354E+01 -3.270700073E+01 7.693800354E+01 3.526499867E-01 4.706000090E-01 1.225300017E-03
 1.393999992E-04 4.604000060E-05 7.648100257E-01 -1.201400000E+04 9.052200195E+03 2.970700073E+02 9.291200256E+01 -3.196999931E+01 8.327100372E+01 3.421300054E-01 4.731200039E-01 1.219599973E-03
 1.414500002E-04 4.532000094E-05 7.676500082E-01 -1.993699951E+03 2.629300049E+03 2.974299927E+02 9.055999756E+01 -3.132500076E+01 9.000199890E+01 3.334600031E-01 4.754500091E-01 1.215100056E-03
 1.435000013E-04 4.460000127E-05 7.703400254E-01 -1.788299942E+01 3.192699951E+03 2.976900024E+02 8.854900360E+01 -3.051799965E+01 8.555400085E+01 3.257899880E-01 4.775399864E-01 1.210900024E-03
 1.455500023E-04 4.388000161E-05 7.734900117E-01 -2.397000000E+03 6.099800110E+01 2.977000122E+02 8.653299713E+01 -2.976899910E+01 8.645500183E+01 3.183000088E-01 4.795100093E-01 1.205999986E-03
 1.476000034E-04 4.315999831E-05 7.776600122E-01 4.484600098E+03 -2.948800049E+03 2.976799927E+02 8.421700287E+01 -2.889399910E+01 7.455000305E+01 3.097000122E-01 4.820599854E-01 1.199500053E-03
 1.496500045E-04 4.243999865E-05 7.794799805E-01 2.061699951E+03 1.143700000E+04 2.979899902E+02 8.207099915E+01 -2.804899979E+01 6.885700226E+01 3.015399873E-01 4.836800098E-01 1.196700032E-03
 1.517000055E-04 4.171999899E-05 7.809399962E-01 -6.037799805E+03 2.652199951E+03 2.983999939E+02 7.981300354E+01 -2.717900085E+01 7.887000275E+01 2.929199934E-01 4.852699935E-01 1.194500015E-03
 1.537500066E-04 4.099999933E-05 7.829899788E-01 -1.185100000E+04 -3.245699951E+03 2.988099976E+02 7.749800110E+01 -2.640099907E+01 7.027400208E+01 2.842400074E-01 4.872100055E-01 1.191299991E-03
 1.557999931E-04 4.027999967E-05 7.838699818E-01 -1.100300000E+04 5.956399902E+03 2.992799988E+02 7.528199768E+01 -2.562700081E+01 6.159500122E+01 2.758800089E-01 4.885300100E-01 1.189999981E-03
 1.578499941E-04 3.956000000E-05 7.860000134E-01 -3.372399902E+02 4.637200195E+03 2.994500122E+02 7.307299805E+01 -2.502700043E+01 6.544100189E+01 2.678799927E-01 4.901300073E-01 1.186799956E-03
 1.598999952E-04 3.884000034E-05 7.893499732E-01 3.759500000E+03 2.134300049E+03 2.992099915E+02 7.117900085E+01 -2.450200081E+01 5.381399918E+01 2.611800134E-01 4.918099940E-01 1.181700034E-03
 1.619499963E-04 3.812000068E-05 7.913399935E-01 3.888100098E+03 -5.781099796E+00 2.992999878E+02 6.934200287E+01 -2.361899948E+01 3.785400009E+01 2.541199923E-01 4.932099879E-01 1.178800012E-03
 1.639999973E-04 3.740000102E-05 7.932900190E-01 -6.384299927E+02 7.614000000E+03 2.995100098E+02 6.740699768E+01 -2.294499969E+01 4.776300049E+01 2.469300032E-01 4.947699904E-01 1.175899990E-03
 1.660499984E-04 3.668000136E-05 7.946100235E-01 3.046399902E+03 1.347400000E+04 2.996400146E+02 6.560800171E+01 -2.247100067E+01 7.255100250E+01 2.404399961E-01 4.958100021E-01 1.173899975E-03
 1.680999994E-04 3.596000170E-05 7.960799932E-01 1.024400000E+04 5.802899902E+03 2.996600037E+02 6.392300034E+01 -2.187599945E+01 6.553500366E+01 2.342299968E-01 4.967499971E-01 1.171699958E-03
 1.701500005E-04 3.523999840E-05 7.983300090E-01 -5.078099976E+02 -9.107700195E+02 2.997000122E+02 6.222800064E+01 -2.114299965E+01 4.840499878E+01 2.278400064E-01 4.982399940E-01 1.168400049E-03
 1.722000015E-04 3.451999874E-05 8.001499772E-01 -3.780300049E+03 -6.002000000E+03 2.999299927E+02 6.026200104E+01 -2.032099915E+01 4.865499878E+01 2.203799933E-01 4.997499883E-01 1.165800029E-03
 1.742500026E-04 3.379999907E-05 8.022300005E-01 2.557000000E+03 9.932899780E+02 3.001600037E+02 5.819400024E+01 -1.963699913E+01 5.810900116E+01 2.127500027E-01 5.014399886E-01 1.162800007E-03
 1.763000037E-04 3.307999941E-05 8.032400012E-01 5.490899902E+03 1.300300000E+04 3.005199890E+02 5.638700104E+01 -1.913500023E+01 7.111100006E+01 2.061399966E-01 5.026599765E-01 1.161299995E-03
 1.783500047E-04 3.235999975E-05 8.054800034E-01 3.341699951E+03 6.690600098E+03 3.005899963E+02 5.456000137E+01 -1.846800041E+01 6.625499725E+01 1.993899941E-01 5.041900277E-01 1.158099971E-03
 1.804000058E-04 3.164000009E-05 8.065900207E-01 -6.578899902E+03 3.842500000E+03 3.008599854E+02 5.272499847E+01 -1.764100075E+01 5.959999847E+01 1.923699975E-01 5.053399801E-01 1.156499959E-03
 1.824500068E-04 3.092000043E-05 8.059999943E-01 -6.536399902E+03 4.145299805E+03 3.012900085E+02 5.072399902E+01 -1.680100060E+01 5.743600082E+01 1.847600043E-01 5.056800246E-01 1.157299965E-03
 1.844999933E-04 3.020000077E-05 8.069599867E-01 2.353100098E+03 7.918800049E+02 3.015700073E+02 4.842399979E+01 -1.588899994E+01 5.988800049E+01 1.761499941E-01 5.067499876E-01 1.155899954E-03
 1.865499944E-04 2.947999928E-05 8.079000115E-01 5.746799805E+03 2.887500000E+03 3.018500061E+02 4.619599915E+01 -1.520400047E+01 6.871499634E+01 1.680299938E-01 5.078200102E-01 1.154599944E-03
 1.885999955E-04 2.875999962E-05 8.096899986E-01 -1.822900024E+03 9.274200195E+03 3.020599976E+02 4.407400131E+01 -1.451599979E+01 7.978600311E+01 1.602800041E-01 5.092999935E-01 1.152100042E-03
 1.906499965E-04 2.803999996E-05 8.114699721E-01 -6.947000000E+03 1.138700000E+04 3.022699890E+02 4.158399963E+01 -1.336400032E+01 8.305799866E+01 1.508200020E-01 5.107799768E-01 1.149500022E-03
 1.926999976E-04 2.732000030E-05 8.113300204E-01 -1.138700000E+04 1.113400000E+04 3.029400024E+02 3.890700150E+01 -1.227700043E+01 7.591000366E+01 1.407099962E-01 5.118100047E-01 1.149700023E-03
 1.947499986E-04 2.660000064E-05 8.087499738E-01 -2.028200000E+04 9.962599609E+03 3.042000122E+02 3.638899994E+01 -1.143999958E+01 6.980100250E+01 1.312700063E-01 5.123100281E-01 1.153400051E-03
 1.967999997E-04 2.587999916E-05 8.053699732E-01 -2.849300000E+04 9.000700195E+03 3.059500122E+02 3.365499878E+01 -1.034300041E+01 5.437300110E+01 1.208200008E-01 5.131000280E-01 1.158199972E-03
 1.988500007E-04 2.515999950E-05 7.994499803E-01 -5.994300000E+04 1.953100000E+04 3.088399963E+02 3.058900070E+01 -8.922200203E+00 8.320099640E+01 1.088500023E-01 5.141299963E-01 1.166800037E-03
 2.009000018E-04 2.443999983E-05 7.853099704E-01 -1.127100000E+05 4.072300000E+04 3.142399902E+02 2.701600075E+01 -6.907400131E+00 1.352200012E+02 9.448699653E-02 5.138199925E-01 1.187999966E-03
 2.029500029E-04 2.372000017E-05 7.584300041E-01 -1.709700000E+05 8.937600000E+04 3.238299866E+02 2.105599976E+01 -1.237699986E+00 3.677999878E+02 7.192499936E-02 5.112100244E-01 1.230600057E-03
 2.050000039E-04 2.300000051E-05 4.464699924E-01 -9.190799805E+03 3.126100000E+04 2.279199982E+02 3.202900085E+02 -1.141399994E+02 7.587400055E+01 1.351699948E+00 2.118999958E-01 2.089299960E-03
 0.000000000E+00 5.816699922E-05 1.600700021E+00 -6.259900000E+05 -2.026200000E+05 3.000000000E+02 1.293000031E+02 4.968500137E+01 -1.910400024E+03 4.902800024E-01 1.014099956E+00 5.730399862E-04
 2.049999921E-06 5.894000060E-05 1.608100057E+00 -3.742100000E+05 -1.218000000E+05 2.988599854E+02 1.313099976E+02 5.077899933E+01 -1.188400024E+03 4.939399958E-01 1.007799983E+00 5.752299912E-04
 4.099999842E-06 5.971299834E-05 1.616000056E+00 -8.928000000E+04 -2.886100000E+04 2.975000000E+02 1.329799957E+02 5.194400024E+01 -3.182500000E+02 4.967600107E-01 1.001099944E+00 5.772400182E-04
 6.149999990E-06 6.048700016E-05 1.615800023E+00 -4.528300000E+04 -1.846900000E+04 2.972300110E+02 1.323300018E+02 5.199499893E+01 -1.388899994E+02 4.949299991E-01 1.000100017E+00 5.773099838E-04
 8.199999684E-06 6.125999789E-05 1.613100052E+00 -2.607700000E+04 -1.264100000E+04 2.970599976E+02 1.318300018E+02 5.184799957E+01 -1.110800018E+02 4.932700098E-01 9.978700280E-01 5.782599910E-04
 1.024999983E-05 6.203300291E-05 1.609099984E+00 -1.466700000E+04 -9.540000000E+03 2.969299927E+02 1.315099945E+02 5.166299820E+01 -7.635600281E+01 4.920899868E-01 9.949399829E-01 5.796999903E-04
 1.229999998E-05 6.280699745E-05 1.605499983E+00 -2.139900000E+04 -1.631400000E+04 2.969299927E+02 1.312599945E+02 5.147299957E+01 -4.637300110E+01 4.910599887E-01 9.926999807E-01 5.810100120E-04
 1.435000013E-05 6.358000246E-05 1.602699995E+00 -3.328700000E+04 -1.694300000E+04 2.967200012E+02 1.310800018E+02 5.133499908E+01 -5.464500046E+01 4.904400110E-01 9.902799726E-01 5.820299848E-04
 1.639999937E-05 6.435300020E-05 1.599499941E+00 -2.550800000E+04 -1.623400000E+04 2.965000000E+02 1.310700073E+02 5.124300003E+01 -3.583900070E+01 4.905099869E-01 9.875699878E-01 5.831799936E-04
 1.845000043E-05 6.512700202E-05 1.595199943E+00 -8.440000000E+03 -1.479400000E+04 2.962900085E+02 1.314799957E+02 5.129100037E+01 -1.295899963E+01 4.920400083E-01 9.842299819E-01 5.847599823E-04
 2.049999966E-05 6.589999975E-05 1.590499997E+00 3.267600098E+03 -6.056100098E+03 2.960499878E+02 1.321900024E+02 5.144599915E+01 -1.677099991E+01 4.947600067E-01 9.804900289E-01 5.864999839E-04
 2.255000072E-05 6.667299749E-05 1.585100055E+00 4.163100098E+03 1.042500000E+03 2.957999878E+02 1.331799927E+02 5.167200089E+01 -1.463899994E+01 4.984799922E-01 9.763699770E-01 5.884799757E-04
 2.459999996E-05 6.744699931E-05 1.577999949E+00 8.625999756E+02 3.099399902E+03 2.954299927E+02 1.345500031E+02 5.210599899E+01 -6.202400208E+00 5.037900209E-01 9.708099961E-01 5.911199842E-04
 2.664999920E-05 6.821999705E-05 1.571499944E+00 -3.844899902E+03 7.150200195E+03 2.951099854E+02 1.361399994E+02 5.260200119E+01 -6.859099865E+00 5.098599792E-01 9.657599926E-01 5.935700028E-04
 2.870000026E-05 6.899300206E-05 1.564200044E+00 -1.323200000E+04 1.790700073E+02 2.947200012E+02 1.381699982E+02 5.330899811E+01 7.557600021E+00 5.177099705E-01 9.599800110E-01 5.963600124E-04
 3.075000132E-05 6.976699660E-05 1.555500031E+00 -5.753399902E+03 -6.566000000E+03 2.941000061E+02 1.406000061E+02 5.418899918E+01 2.859799957E+01 5.273100138E-01 9.526399970E-01 5.996699911E-04
 3.279999873E-05 7.054000162E-05 1.545300007E+00 -1.783500061E+02 5.158600098E+03 2.933599854E+02 1.433999939E+02 5.525500107E+01 3.587599945E+01 5.384799838E-01 9.440199733E-01 6.036399864E-04
 3.484999979E-05 7.131299935E-05 1.532299995E+00 -8.083799805E+03 1.667300000E+04 2.926199951E+02 1.467700043E+02 5.642499924E+01 8.425800323E+01 5.516499877E-01 9.337099791E-01 6.087599904E-04
 3.690000085E-05 7.208700117E-05 1.517799973E+00 -7.861799805E+03 7.089100098E+03 2.917500000E+02 1.507299957E+02 5.782300186E+01 1.047900009E+02 5.672399998E-01 9.221199751E-01 6.145900115E-04
 3.894999827E-05 7.285999891E-05 1.501099944E+00 2.118899902E+03 -6.457399902E+03 2.907200012E+02 1.556399994E+02 5.959999847E+01 8.658300018E+01 5.866299868E-01 9.087600112E-01 6.214299938E-04
 4.099999933E-05 7.363299665E-05 1.481400013E+00 2.346200000E+04 -3.599000000E+03 2.895100098E+02 1.617100067E+02 6.177399826E+01 1.494499969E+02 6.105999947E-01 8.930900097E-01 6.297199870E-04
 4.305000039E-05 7.440699846E-05 1.457100034E+00 2.976300000E+04 7.691600098E+03 2.878500061E+02 1.692400055E+02 6.453500366E+01 1.700700073E+02 6.407200098E-01 8.734599948E-01 6.402200088E-04
 4.510000144E-05 7.518000348E-05 1.425400019E+00 3.394500000E+04 1.996900000E+04 2.855799866E+02 1.787400055E+02 6.794799805E+01 1.713300018E+02 6.791300178E-01 8.476999998E-01 6.545400247E-04
 4.714999886E-05 7.595300121E-05 1.379699945E+00 5.185300000E+04 1.994200000E+04 2.823599854E+02 1.921000061E+02 7.260199738E+01 2.738399963E+02 7.335699797E-01 8.113800287E-01 6.763300044E-04
 4.919999992E-05 7.672700303E-05 1.310199976E+00 9.863300000E+04 3.240300000E+04 2.769700012E+02 2.146499939E+02 7.945099640E+01 4.329700012E+02 8.257799745E-01 7.559999824E-01 7.126900018E-04
 5.125000098E-05 7.750000077E-05 9.564899802E-01 1.552100000E+05 6.613300000E+04 2.578299866E+02 2.713299866E+02 1.853000069E+01 -5.602099991E+01 1.055299997E+00 5.239899755E-01 1.101500005E-03
 5.329999840E-05 7.680399722E-05 5.351399779E-01 8.390400000E+04 5.792400000E+04 2.353899994E+02 3.160400085E+02 -7.788700104E+01 -2.387799988E+02 1.281100035E+00 2.641200125E-01 1.832999988E-03
 5.534999946E-05 7.610800094E-05 4.219299853E-01 -6.759299805E+03 4.193000000E+04 2.279900055E+02 3.193099976E+02 -1.124899979E+02 1.788099976E+02 1.345700026E+00 2.003100067E-01 2.213400090E-03
 5.740000051E-05 7.541199739E-05 4.255500138E-01 -1.779600000E+04 5.081600000E+04 2.273200073E+02 3.206400146E+02 -1.161999969E+02 1.909600067E+02 1.357599974E+00 2.014400065E-01 2.192700049E-03
 5.945000157E-05 7.471600111E-05 4.400599897E-01 -1.974300000E+04 5.137800000E+04 2.273800049E+02 3.216900024E+02 -1.165999985E+02 1.748999939E+02 1.361799955E+00 2.083600014E-01 2.120400080E-03
 6.150000263E-05 7.401999756E-05 4.526500106E-01 -1.995700000E+04 4.530600000E+04 2.272799988E+02 3.234800110E+02 -1.166800003E+02 1.661499939E+02 1.368999958E+00 2.142300010E-01 2.061000094E-03
 6.354999641E-05 7.332400128E-05 4.607700109E-01 -2.851200000E+04 3.868700000E+04 2.267500000E+02 3.262900085E+02 -1.170100021E+02 1.508200073E+02 1.381500006E+00 2.175599933E-01 2.024499932E-03
 6.559999747E-05 7.262799772E-05 4.641200006E-01 -2.753600000E+04 3.629000000E+04 2.258300018E+02 3.300799866E+02 -1.175800018E+02 1.164700012E+02 1.399399996E+00 2.182600051E-01 2.009799937E-03
 6.764999853E-05 7.193200145E-05 4.631099999E-01 -2.482700000E+04 2.938600000E+04 2.243899994E+02 3.346900024E+02 -1.183799973E+02 1.043399963E+02 1.422299981E+00 2.163999975E-01 2.014199970E-03
 6.969999959E-05 7.123599789E-05 4.589200020E-01 -2.463200000E+04 3.023300000E+04 2.225800018E+02 3.394599915E+02 -1.193399963E+02 1.020899963E+02 1.447499990E+00 2.127099931E-01 2.032699995E-03
 7.175000064E-05 7.054000162E-05 4.520500004E-01 -2.925600000E+04 2.823700000E+04 2.206000061E+02 3.442900085E+02 -1.206600037E+02 1.042200012E+02 1.474099994E+00 2.076700032E-01 2.063699998E-03
 7.380000170E-05 6.984399806E-05 4.433400035E-01 -3.251600000E+04 2.197800000E+04 2.184100037E+02 3.495599976E+02 -1.220699997E+02 1.069800034E+02 1.503600001E+00 2.016499937E-01 2.104300074E-03
 7.585000276E-05 6.914800178E-05 4.331200123E-01 -3.575800000E+04 2.437900000E+04 2.160700073E+02 3.552200012E+02 -1.234499969E+02 1.084499969E+02 1.535400033E+00 1.948900074E-01 2.154000103E-03
 7.789999654E-05 6.845199823E-05 4.221700132E-01 -3.899600000E+04 2.900500000E+04 2.136699982E+02 3.605199890E+02 -1.249400024E+02 1.156399994E+02 1.566599965E+00 1.878599972E-01 2.209899947E-03
 7.994999760E-05 6.775600195E-05 4.106999934E-01 -4.308400000E+04 3.004900000E+04 2.111999969E+02 3.658800049E+02 -1.265100021E+02 1.052699966E+02 1.598799944E+00 1.806399971E-01 2.271699952E-03
 8.199999866E-05 6.705999840E-05 3.990199864E-01 -5.005000000E+04 2.929000000E+04 2.087799988E+02 3.712399902E+02 -1.279199982E+02 1.134599991E+02 1.630900025E+00 1.734900028E-01 2.338200109E-03
 8.404999971E-05 6.636400212E-05 3.870399892E-01 -4.981000000E+04 3.007300000E+04 2.063699951E+02 3.764700012E+02 -1.292299957E+02 1.307599945E+02 1.662899971E+00 1.663399935E-01 2.410799963E-03
 8.610000077E-05 6.566799857E-05 3.743399978E-01 -5.571700000E+04 3.220200000E+04 2.037899933E+02 3.817399902E+02 -1.305800018E+02 1.395000000E+02 1.696200013E+00 1.588699967E-01 2.492700005E-03
 8.815000183E-05 6.497200229E-05 3.618200123E-01 -6.703200000E+04 3.409900000E+04 2.012700043E+02 3.866700134E+02 -1.321199951E+02 1.482100067E+02 1.728600025E+00 1.516599953E-01 2.578800078E-03
 9.020000289E-05 6.427599874E-05 3.497200012E-01 -7.368500000E+04 3.309000000E+04 1.989499969E+02 3.914800110E+02 -1.336499939E+02 1.408899994E+02 1.760100007E+00 1.448999941E-01 2.668099944E-03
 9.224999667E-05 6.358000246E-05 3.384599984E-01 -7.656600000E+04 3.401100000E+04 1.966999969E+02 3.958399963E+02 -1.350399933E+02 1.459799957E+02 1.789800048E+00 1.386500001E-01 2.756699920E-03
 9.429999773E-05 6.288399891E-05 3.280400038E-01 -8.187700000E+04 3.831600000E+04 1.945599976E+02 3.997500000E+02 -1.362700043E+02 1.641799927E+02 1.817199945E+00 1.329199970E-01 2.844299888E-03
 9.634999878E-05 6.218800263E-05 3.175599873E-01 -8.988700000E+04 4.130200000E+04 1.924799957E+02 4.038099976E+02 -1.373200073E+02 1.689700012E+02 1.845100045E+00 1.272999942E-01 2.938200021E-03
 9.839999984E-05 6.149199908E-05 3.070299923E-01 -9.965500000E+04 3.904900000E+04 1.903300018E+02 4.081300049E+02 -1.382599945E+02 1.618399963E+02 1.874600053E+00 1.216999963E-01 3.039000090E-03
 1.004500009E-04 6.079599916E-05 2.969299853E-01 -1.091700000E+05 3.865100000E+04 1.883000031E+02 4.121300049E+02 -1.394100037E+02 1.637599945E+02 1.902799964E+00 1.164399981E-01 3.142300062E-03
 1.025000020E-04 6.009999925E-05 2.877500057E-01 -1.220800000E+05 4.704200000E+04 1.865599976E+02 4.151400146E+02 -1.406000061E+02 1.943500061E+02 1.925899982E+00 1.118000001E-01 3.242499894E-03
 1.045500030E-04 5.940399933E-05 2.789900005E-01 -1.393600000E+05 5.513500000E+04 1.849100037E+02 4.181499939E+02 -1.414499969E+02 2.199499969E+02 1.948199987E+00 1.074400023E-01 3.344400087E-03
 1.065999968E-04 5.870799941E-05 2.704200149E-01 -1.595900000E+05 5.928000000E+04 1.832700043E+02 4.211799927E+02 -1.423800049E+02 2.285800018E+02 1.970999956E+00 1.032100022E-01 3.450300079E-03
 1.086499979E-04 5.801199950E-05 2.625600100E-01 -1.841600000E+05 6.629100000E+04 1.818999939E+02 4.235400085E+02 -1.431000061E+02 2.409600067E+02 1.989300013E+00 9.946099669E-02 3.553400049E-03
 1.106999989E-04 5.731599958E-05 2.566500008E-01 -2.388200000E+05 8.473000000E+04 1.818399963E+02 4.234599915E+02 -1.428800049E+02 2.880700073E+02 1.989099979E+00 9.717900306E-02 3.634799970E-03
 1.127500000E-04 5.661999967E-05 2.608700097E-01 -5.157500000E+05 1.837400000E+05 1.903500061E+02 4.074899902E+02 -1.373600006E+02 5.891099854E+02 1.873399973E+00 1.035199985E-01 3.578099888E-03
 1.148000010E-04 5.592399975E-05 3.082900047E-01 -9.702300000E+05 3.430100000E+05 2.203999939E+02 3.427200012E+02 -1.152799988E+02 1.411900024E+03 1.478399992E+00 1.434399933E-01 3.081799950E-03
 1.168500021E-04 5.522799984E-05 4.363099933E-01 -8.226800000E+05 2.970500000E+05 2.590100098E+02 2.410000000E+02 -8.062100220E+01 1.800099976E+03 9.559699893E-01 2.384199947E-01 2.229100093E-03
 1.189000031E-04 5.453199992E-05 5.931599736E-01 -2.730200000E+05 1.012700000E+05 2.815400085E+02 1.666300049E+02 -5.503400040E+01 1.122800049E+03 6.287299991E-01 3.486599922E-01 1.595800044E-03
 1.209499969E-04 5.383600001E-05 6.870700121E-01 -6.421300000E+04 1.901000000E+04 2.894400024E+02 1.366399994E+02 -4.446699905E+01 4.327300110E+02 5.070099831E-01 4.142099917E-01 1.359499991E-03
 1.230000053E-04 5.314000009E-05 7.184900045E-01 -3.079400000E+04 8.745700195E+03 2.921600037E+02 1.254300003E+02 -4.064500046E+01 2.048699951E+02 4.629899859E-01 4.371300042E-01 1.298399991E-03
 1.250500063E-04 5.244400018E-05 7.294800282E-01 -2.421300000E+04 9.558500000E+03 2.933599854E+02 1.189100037E+02 -3.883100128E+01 1.548099976E+02 4.383499920E-01 4.456300139E-01 1.278799959E-03
 1.270999928E-04 5.174800026E-05 7.363200188E-01 -1.984800000E+04 8.143399902E+03 2.941600037E+02 1.138499985E+02 -3.748799896E+01 1.339400024E+02 4.194400012E-01 4.510500133E-01 1.266899984E-03
 1.291499939E-04 5.105200034E-05 7.427800298E-01 -1.792900000E+04 7.154600098E+03 2.946799927E+02 1.093499985E+02 -3.614300156E+01 1.200599976E+02 4.026600122E-01 4.557999969E-01 1.255800016E-03
 1.311999949E-04 5.035600043E-05 7.486199737E-01 -1.841000000E+04 6.195100098E+03 2.951400146E+02 1.053700027E+02 -3.509700012E+01 1.169899979E+02 3.880000114E-01 4.600999951E-01 1.246000058E-03
 1.332499960E-04 4.966000051E-05 7.530300021E-01 -1.161200000E+04 7.991700195E+03 2.957399902E+02 1.021600037E+02 -3.419699860E+01 1.088399963E+02 3.759799898E-01 4.637399912E-01 1.238700002E-03
 1.352999971E-04 4.896400060E-05 7.565699816E-01 -1.121500000E+04 8.430900391E+03 2.963399963E+02 9.925700378E+01 -3.303099823E+01 9.065399933E+01 3.647100031E-01 4.668799937E-01 1.232899958E-03
 1.373499981E-04 4.826800068E-05 7.603800297E-01 -1.571000000E+04 7.428000000E+03 2.968299866E+02 9.627799988E+01 -3.196800041E+01 8.817099762E+01 3.533900082E-01 4.699999988E-01 1.226800028E-03
 1.393999992E-04 4.757200077E-05 7.639899850E-01 -1.135800000E+04 6.147700195E+03 2.971199951E+02 9.355500031E+01 -3.131500053E+01 9.712999725E+01 3.434999883E-01 4.726999998E-01 1.220999984E-03
 1.414500002E-04 4.687600085E-05 7.674700022E-01 -1.773000000E+03 -3.102100098E+03 2.974100037E+02 9.105999756E+01 -3.059099960E+01 1.019100037E+02 3.343000114E-01 4.753200114E-01 1.215400058E-03
 1.435000013E-04 4.618000094E-05 7.699999809E-01 -3.784399902E+03 3.423500000E+03 2.976799927E+02 8.884300232E+01 -2.990800095E+01 9.671099854E+01 3.260799944E-01 4.773100019E-01 1.211400027E-03
 1.455500023E-04 4.548400102E-05 7.729300261E-01 -4.934399902E+03 3.786000000E+03 2.978299866E+02 8.672299957E+01 -2.911700058E+01 9.021800232E+01 3.181299865E-01 4.793699980E-01 1.206899993E-03
 1.476000034E-04 4.478800111E-05 7.765600085E-01 5.166399902E+03 -6.722100220E+02 2.978699951E+02 8.450700378E+01 -2.819599915E+01 8.495700073E+01 3.097899854E-01 4.816899896E-01 1.201199950E-03
 1.496500045E-04 4.409200119E-05 7.784500122E-01 6.488200195E+03 9.352700195E+03 2.980899963E+02 8.248400116E+01 -2.741799927E+01 6.851200104E+01 3.021500111E-01 4.832099974E-01 1.198300044E-03
 1.517000055E-04 4.339600127E-05 7.802699804E-01 -1.380599976E+03 3.683100098E+03 2.984200134E+02 8.034799957E+01 -2.653100014E+01 7.123999786E+01 2.939699888E-01 4.848800004E-01 1.195500023E-03
 1.537500066E-04 4.270000136E-05 7.820799947E-01 -7.696700195E+03 -5.162700195E+03 2.988399963E+02 7.811199951E+01 -2.573900032E+01 7.430000305E+01 2.855400145E-01 4.866800010E-01 1.192700001E-03
 1.557999931E-04 4.200400144E-05 7.836700082E-01 -6.166399902E+03 3.848199951E+03 2.992900085E+02 7.602400208E+01 -2.505699921E+01 6.306900024E+01 2.777000070E-01 4.884200096E-01 1.190299983E-03
 1.578499941E-04 4.130800153E-05 7.861700058E-01 -1.714800049E+03 4.387799805E+03 2.993399963E+02 7.398400116E+01 -2.451300049E+01 5.908599854E+01 2.703700066E-01 4.900499880E-01 1.186499954E-03
 1.598999952E-04 4.061200161E-05 7.889000177E-01 1.622000000E+03 3.668800049E+03 2.991300049E+02 7.194499969E+01 -2.387000084E+01 5.793899918E+01 2.630499899E-01 4.914000034E-01 1.182400039E-03
 1.619499963E-04 3.991600170E-05 7.907000184E-01 1.750700073E+02 3.469600098E+03 2.994100037E+02 7.004399872E+01 -2.307699966E+01 4.270800018E+01 2.558000088E-01 4.930000007E-01 1.179700019E-03
 1.639999973E-04 3.922000178E-05 7.926300168E-01 2.153999939E+02 4.545799805E+03 2.997200012E+02 6.822399902E+01 -2.245999908E+01 4.922000122E+01 2.489999980E-01 4.947000146E-01 1.176799997E-03
 1.660499984E-04 3.852399823E-05 7.944099903E-01 5.465299805E+03 7.127100098E+03 2.997399902E+02 6.636399841E+01 -2.190299988E+01 6.727300262E+01 2.422699928E-01 4.958499968E-01 1.174199977E-03
 1.680999994E-04 3.782799831E-05 7.960500121E-01 6.290299805E+03 2.428199951E+03 2.996799927E+02 6.455599976E+01 -2.130900002E+01 6.901300049E+01 2.356999964E-01 4.967699945E-01 1.171799959E-03
 1.701500005E-04 3.713199840E-05 7.977300286E-01 -3.200699951E+03 -1.018200012E+03 2.998900146E+02 6.277000046E+01 -2.055400085E+01 6.039899826E+01 2.289199978E-01 4.981800020E-01 1.169300056E-03
 1.722000015E-04 3.643599848E-05 7.998700142E-01 -3.086100098E+03 -6.158000000E+03 3.000700073E+02 6.087099838E+01 -1.964800072E+01 5.081600189E+01 2.216199934E-01 4.998100102E-01 1.166200032E-03
 1.742500026E-04 3.573999857E-05 8.017699718E-01 1.357500000E+03 -3.084899902E+03 3.001900024E+02 5.893000031E+01 -1.895800018E+01 6.688899994E+01 2.144500017E-01 5.012000203E-01 1.163400011E-03
 1.763000037E-04 3.504399865E-05 8.030099869E-01 3.064600098E+03 7.076500000E+03 3.003800049E+02 5.705799866E+01 -1.844000053E+01 8.511699677E+01 2.076600045E-01 5.022900105E-01 1.161599997E-03
 1.783500047E-04 3.434799874E-05 8.050799966E-01 5.218899902E+03 5.987600098E+03 3.004299927E+02 5.520199966E+01 -1.777099991E+01 7.663200378E+01 2.008100003E-01 5.036699772E-01 1.158699975E-03
 1.804000058E-04 3.365199882E-05 8.059200048E-01 -1.260400024E+03 3.464100098E+03 3.008500061E+02 5.332400131E+01 -1.692000008E+01 5.822600174E+01 1.935900003E-01 5.049099922E-01 1.157399965E-03
 1.824500068E-04 3.295599890E-05 8.058900237E-01 -2.633899902E+03 3.622199951E+03 3.013399963E+02 5.132899857E+01 -1.597200012E+01 5.793899918E+01 1.858900040E-01 5.057100058E-01 1.157499966E-03
 1.844999933E-04 3.225999899E-05 8.065599799E-01 -5.831300049E+02 4.350299805E+03 3.015799866E+02 4.925699997E+01 -1.508199978E+01 7.489199829E+01 1.780800074E-01 5.065299869E-01 1.156499959E-03
 1.865499944E-04 3.156399907E-05 8.079699874E-01 -2.152300049E+03 4.889399902E+03 3.017300110E+02 4.702700043E+01 -1.432299995E+01 8.025000000E+01 1.699099988E-01 5.076699853E-01 1.154499943E-03
 1.885999955E-04 3.086799916E-05 8.098700047E-01 -4.164700195E+03 7.368700195E+03 3.019100037E+02 4.465800095E+01 -1.348099995E+01 8.879699707E+01 1.612100005E-01 5.091500282E-01 1.151800039E-03
 1.906499965E-04 3.017199924E-05 8.113800287E-01 -8.170399902E+03 9.615299805E+03 3.021000061E+02 4.221200180E+01 -1.224199963E+01 9.167500305E+01 1.518699974E-01 5.104299784E-01 1.149700023E-03
 1.926999976E-04 2.947599933E-05 8.116499782E-01 -1.358800000E+04 9.417900391E+03 3.027200012E+02 3.959999847E+01 -1.111100006E+01 6.862699890E+01 1.419800073E-01 5.116400123E-01 1.149300020E-03
 1.947499986E-04 2.877999941E-05 8.094000220E-01 -2.069800000E+04 8.139700195E+03 3.039299927E+02 3.702700043E+01 -1.018299961E+01 6.597499847E+01 1.323100030E-01 5.122699738E-01 1.152500045E-03
 1.967999997E-04 2.808399950E-05 8.062999845E-01 -3.176400000E+04 9.412799805E+03 3.055599976E+02 3.438899994E+01 -8.894700050E+00 7.394400024E+01 1.221000031E-01 5.130500197E-01 1.156899962E-03
 1.988500007E-04 2.738799958E-05 8.005300164E-01 -5.785700000E+04 1.804400000E+04 3.083599854E+02 3.141399956E+01 -7.197500229E+00 1.000400009E+02 1.103800014E-01 5.140200257E-01 1.165300026E-03
 2.009000018E-04 2.669199966E-05 7.878199816E-01 -1.021900000E+05 3.721500000E+04 3.135499878E+02 2.786100006E+01 -4.612100124E+00 1.547899933E+02 9.622400254E-02 5.143399835E-01 1.184200053E-03
 2.029500029E-04 2.599599975E-05 7.653099895E-01 -1.496200000E+05 8.362500000E+04 3.222799988E+02 2.266699982E+01 2.096800089E+00 3.544599915E+02 7.891400158E-02 5.134299994E-01 1.219399972E-03
 2.050000039E-04 2.529999983E-05 7.508599758E-01 -1.727600000E+05 1.136500000E+05 3.277200012E+02 1.944099998E+01 7.174699783E+00 5.274899902E+02 6.945499778E-02 5.123699903E-01 1.242500031E-03
 0.000000000E+00 5.933300054E-05 1.600700021E+00 -4.792300000E+05 -6.628700000E+04 3.000000000E+02 1.293800049E+02 4.876200104E+01 -6.311300049E+02 4.815500081E-01 1.002699971E+00 5.797300255E-04
 2.049999921E-06 6.008000128E-05 1.605700016E+00 -2.678900000E+05 -3.645400000E+04 2.991700134E+02 1.293099976E+02 4.978300095E+01 -3.992600098E+02 4.820100069E-01 1.001700044E+00 5.794200115E-04
 4.099999842E-06 6.082699838E-05 1.611799955E+00 -3.689000000E+04 -9.392599609E+03 2.980400085E+02 1.290399933E+02 5.088800049E+01 -1.617599945E+02 4.822100103E-01 1.000399947E+00 5.787200062E-04
 6.149999990E-06 6.157300231E-05 1.611799955E+00 -2.115500000E+04 -1.755600000E+04 2.976600037E+02 1.288000031E+02 5.103200150E+01 -1.310800018E+02 4.819200039E-01 9.990699887E-01 5.787200062E-04
 8.199999684E-06 6.232000305E-05 1.609599948E+00 -2.053000000E+04 -1.437700000E+04 2.973599854E+02 1.287700043E+02 5.098899841E+01 -1.109599991E+02 4.820100069E-01 9.966700077E-01 5.795300240E-04
 1.024999983E-05 6.306699652E-05 1.607499957E+00 -5.888500000E+03 -9.944900391E+03 2.970299988E+02 1.288500061E+02 5.090100098E+01 -1.147799988E+02 4.824300110E-01 9.943100214E-01 5.802700180E-04
 1.229999998E-05 6.381300045E-05 1.604699969E+00 -1.061900000E+04 -1.465900000E+04 2.969200134E+02 1.289199982E+02 5.079100037E+01 -1.066699982E+02 4.826000035E-01 9.922099710E-01 5.812799791E-04
 1.435000013E-05 6.456000119E-05 1.600999951E+00 -2.957600000E+04 -1.416400000E+04 2.968599854E+02 1.290500031E+02 5.070000076E+01 -8.577700043E+01 4.829500020E-01 9.897099733E-01 5.826299894E-04
 1.639999937E-05 6.530700193E-05 1.597700000E+00 -2.769100000E+04 -1.383100000E+04 2.966499939E+02 1.293399963E+02 5.064699936E+01 -7.745600128E+01 4.839800000E-01 9.870100021E-01 5.838199868E-04
 1.845000043E-05 6.605299859E-05 1.594499946E+00 -1.727700000E+04 -1.631900000E+04 2.962600098E+02 1.299100037E+02 5.060900116E+01 -5.841699982E+01 4.861299992E-01 9.837200046E-01 5.849999725E-04
 2.049999966E-05 6.679999933E-05 1.590499997E+00 4.854599915E+02 -3.036300049E+03 2.959599915E+02 1.309199982E+02 5.072800064E+01 -6.206999969E+01 4.898000062E-01 9.801999927E-01 5.864899722E-04
 2.255000072E-05 6.754700007E-05 1.583999991E+00 7.224099731E+02 7.292399902E+03 2.957999878E+02 1.322700043E+02 5.106900024E+01 -4.849300003E+01 4.947499931E-01 9.756699800E-01 5.889100139E-04
 2.459999996E-05 6.829299673E-05 1.576200008E+00 -7.375100098E+03 2.073300049E+03 2.955199890E+02 1.337400055E+02 5.151499939E+01 2.576299906E+00 5.003399849E-01 9.700000286E-01 5.918000243E-04
 2.664999920E-05 6.903999747E-05 1.570000052E+00 -1.152200000E+04 7.603900146E+02 2.952600098E+02 1.353300018E+02 5.189599991E+01 -5.582699776E+00 5.062199831E-01 9.653199911E-01 5.941300187E-04
 2.870000026E-05 6.978699821E-05 1.562600017E+00 -4.436200195E+03 -1.595000000E+03 2.947999878E+02 1.375500031E+02 5.246300125E+01 -9.604499817E+00 5.145499706E-01 9.593099952E-01 5.969399936E-04
 3.075000132E-05 7.053300214E-05 1.554499984E+00 5.913399902E+03 2.992800049E+03 2.940299988E+02 1.401499939E+02 5.334299850E+01 1.624900055E+01 5.248299837E-01 9.517899752E-01 6.000800058E-04
 3.279999873E-05 7.128000289E-05 1.544299960E+00 -6.307899902E+03 3.651899902E+03 2.933399963E+02 1.431799927E+02 5.445199966E+01 1.680400085E+01 5.367699862E-01 9.433599710E-01 6.040299777E-04
 3.484999979E-05 7.202700363E-05 1.531200051E+00 -1.370400000E+04 1.594599976E+03 2.926099854E+02 1.467299957E+02 5.562099838E+01 3.381000137E+01 5.505300164E-01 9.330199957E-01 6.092099939E-04
 3.690000085E-05 7.277300028E-05 1.516499996E+00 -1.233500000E+04 -3.240500000E+03 2.916600037E+02 1.508800049E+02 5.692900085E+01 6.824299622E+01 5.667099953E-01 9.210399985E-01 6.151300040E-04
 3.894999827E-05 7.352000102E-05 1.499699950E+00 -2.586399902E+03 -1.124100000E+04 2.906199951E+02 1.560800018E+02 5.858700180E+01 9.327400208E+01 5.869200230E-01 9.075700045E-01 6.220199866E-04
 4.099999933E-05 7.426700176E-05 1.480399966E+00 1.323000000E+04 -1.251700000E+04 2.892999878E+02 1.623099976E+02 6.067300034E+01 1.397299957E+02 6.114299893E-01 8.918600082E-01 6.301300018E-04
 4.305000039E-05 7.501299842E-05 1.455100060E+00 2.044800000E+04 -8.622700195E+03 2.875499878E+02 1.701100006E+02 6.334299850E+01 1.555700073E+02 6.424700022E-01 8.713300228E-01 6.411300274E-04
 4.510000144E-05 7.575999916E-05 1.421700001E+00 2.685500000E+04 4.337500000E+03 2.853099976E+02 1.800500031E+02 6.668099976E+01 1.735099945E+02 6.822400093E-01 8.447399735E-01 6.562300259E-04
 4.714999886E-05 7.650699990E-05 1.375300050E+00 4.965700000E+04 -3.973500061E+02 2.820299988E+02 1.940299988E+02 7.098300171E+01 2.323800049E+02 7.384600043E-01 8.078100085E-01 6.785399746E-04
 4.919999992E-05 7.725299656E-05 1.302399993E+00 1.022100000E+05 9.727900391E+03 2.765199890E+02 2.177299957E+02 7.656099701E+01 3.365499878E+02 8.334100246E-01 7.502899766E-01 7.170700119E-04
 5.125000098E-05 7.799999730E-05 1.017400026E+00 1.483100000E+05 3.015600000E+04 2.600400085E+02 2.759299927E+02 3.426300049E+01 -2.873999939E+02 1.056900024E+00 5.574799776E-01 9.738000226E-04
 5.329999840E-05 7.732799713E-05 6.283699870E-01 7.145800000E+04 2.079500000E+04 2.379299927E+02 3.255299988E+02 -5.575199890E+01 -4.837900085E+02 1.298300028E+00 3.142699897E-01 1.581100048E-03
 5.534999946E-05 7.665599696E-05 4.565100074E-01 -2.328800000E+04 4.487800000E+04 2.272899933E+02 3.305100098E+02 -1.095000000E+02 1.806399994E+02 1.386800051E+00 2.161400020E-01 2.054099925E-03
 5.740000051E-05 7.598399679E-05 4.358499944E-01 -3.081800000E+04 7.882000000E+04 2.256699982E+02 3.281000061E+02 -1.199700012E+02 3.322500000E+02 1.395699978E+00 2.048099935E-01 2.141000004E-03
 5.945000157E-05 7.531199662E-05 4.438999891E-01 -2.948400000E+04 8.197700000E+04 2.258300018E+02 3.272200012E+02 -1.212300034E+02 3.075700073E+02 1.393599987E+00 2.087499946E-01 2.101900056E-03
 6.150000263E-05 7.463999646E-05 4.542799890E-01 -3.277000000E+04 7.110800000E+04 2.259799957E+02 3.279700012E+02 -1.209499969E+02 2.786799927E+02 1.395599961E+00 2.137800008E-01 2.053499920E-03
 6.354999641E-05 7.396800356E-05 4.617500007E-01 -3.184200000E+04 6.159900000E+04 2.256000061E+02 3.302300110E+02 -1.205000000E+02 2.448800049E+02 1.404600024E+00 2.169200033E-01 2.020200016E-03
 6.559999747E-05 7.329600339E-05 4.650700092E-01 -3.489700000E+04 5.993500000E+04 2.247700043E+02 3.336900024E+02 -1.202900009E+02 2.042100067E+02 1.419899940E+00 2.176699936E-01 2.005700022E-03
 6.764999853E-05 7.262400322E-05 4.644500017E-01 -3.740300000E+04 4.984000000E+04 2.235399933E+02 3.379400024E+02 -1.203399963E+02 1.878500061E+02 1.439900041E+00 2.161999941E-01 2.008399926E-03
 6.969999959E-05 7.195200305E-05 4.606800079E-01 -3.670300000E+04 4.702100000E+04 2.219600067E+02 3.425100098E+02 -1.205299988E+02 1.849199982E+02 1.462700009E+00 2.129299939E-01 2.024899935E-03
 7.175000064E-05 7.128000289E-05 4.542799890E-01 -3.764600000E+04 4.286100000E+04 2.199600067E+02 3.470599976E+02 -1.211699982E+02 1.736199951E+02 1.487599969E+00 2.080799937E-01 2.053499920E-03
 7.380000170E-05 7.060800272E-05 4.457100034E-01 -3.460400000E+04 3.659900000E+04 2.177299957E+02 3.521900024E+02 -1.220400009E+02 1.699199982E+02 1.516100049E+00 2.020899951E-01 2.093200106E-03
 7.585000276E-05 6.993600255E-05 4.354799986E-01 -4.115200000E+04 3.545200000E+04 2.154400024E+02 3.578699951E+02 -1.229499969E+02 1.642299957E+02 1.547199965E+00 1.953700036E-01 2.142299898E-03
 7.789999654E-05 6.926400238E-05 4.245400131E-01 -4.820000000E+04 3.659800000E+04 2.131699982E+02 3.630199890E+02 -1.239599991E+02 1.594799957E+02 1.576799989E+00 1.884700060E-01 2.197700087E-03
 7.994999760E-05 6.859200221E-05 4.126400054E-01 -5.258600000E+04 4.051800000E+04 2.109100037E+02 3.682799988E+02 -1.251699982E+02 1.653500061E+02 1.607499957E+00 1.812400073E-01 2.261100104E-03
 8.199999866E-05 6.792000204E-05 4.009599984E-01 -5.417400000E+04 4.042300000E+04 2.085399933E+02 3.735599976E+02 -1.262500000E+02 1.687100067E+02 1.638800025E+00 1.741299927E-01 2.326899907E-03
 8.404999971E-05 6.724800187E-05 3.889299929E-01 -5.530400000E+04 3.800800000E+04 2.060899963E+02 3.787699890E+02 -1.269899979E+02 1.601499939E+02 1.670099974E+00 1.669300050E-01 2.399000106E-03
 8.610000077E-05 6.657600170E-05 3.762800097E-01 -6.584100000E+04 3.839600000E+04 2.036999969E+02 3.839400024E+02 -1.278600006E+02 1.677599945E+02 1.701699972E+00 1.596200019E-01 2.479699906E-03
 8.815000183E-05 6.590400153E-05 3.639900088E-01 -6.948600000E+04 3.762400000E+04 2.012100067E+02 3.888099976E+02 -1.289499969E+02 1.774499969E+02 1.733199954E+00 1.525299996E-01 2.563500078E-03
 9.020000289E-05 6.523200136E-05 3.519099951E-01 -7.102500000E+04 3.460800000E+04 1.988000031E+02 3.936400146E+02 -1.303200073E+02 1.645700073E+02 1.764999986E+00 1.456899941E-01 2.651500050E-03
 9.224999667E-05 6.456000119E-05 3.407799900E-01 -7.847800000E+04 3.892900000E+04 1.966300049E+02 3.979400024E+02 -1.316199951E+02 1.687100067E+02 1.793900013E+00 1.395500004E-01 2.737900009E-03
 9.429999773E-05 6.388800102E-05 3.301900029E-01 -8.740500000E+04 4.049900000E+04 1.945700073E+02 4.019200134E+02 -1.325500031E+02 1.862599945E+02 1.820899963E+00 1.338000000E-01 2.825800097E-03
 9.634999878E-05 6.321600085E-05 3.194099963E-01 -9.723900000E+04 4.305500000E+04 1.925399933E+02 4.059899902E+02 -1.333099976E+02 1.903099976E+02 1.848299980E+00 1.280799955E-01 2.921199892E-03
 9.839999984E-05 6.254400068E-05 3.086999953E-01 -1.042900000E+05 4.514800000E+04 1.903500061E+02 4.102999878E+02 -1.340899963E+02 1.845899963E+02 1.877699971E+00 1.223699972E-01 3.022700083E-03
 1.004500009E-04 6.187200051E-05 2.986800075E-01 -1.107700000E+05 4.247300000E+04 1.882200012E+02 4.143800049E+02 -1.350399933E+02 1.786399994E+02 1.906499982E+00 1.170699969E-01 3.123899922E-03
 1.025000020E-04 6.120000035E-05 2.898699939E-01 -1.258200000E+05 4.776700000E+04 1.864299927E+02 4.174400024E+02 -1.358800049E+02 1.977200012E+02 1.929600000E+00 1.125399992E-01 3.218699945E-03
 1.045500030E-04 6.052800018E-05 2.811099887E-01 -1.436400000E+05 5.626400000E+04 1.848600006E+02 4.202600098E+02 -1.366300049E+02 2.198899994E+02 1.950700045E+00 1.082200035E-01 3.319199895E-03
 1.065999968E-04 5.985600001E-05 2.723200023E-01 -1.610200000E+05 5.825300000E+04 1.832599945E+02 4.232799988E+02 -1.374400024E+02 2.209400024E+02 1.972900033E+00 1.039299965E-01 3.426299896E-03
 1.086499979E-04 5.918399984E-05 2.644500136E-01 -1.817900000E+05 6.210900000E+04 1.818800049E+02 4.258699951E+02 -1.381900024E+02 2.363000031E+02 1.992499948E+00 1.001600027E-01 3.528099973E-03
 1.106999989E-04 5.851199967E-05 2.581000030E-01 -2.193700000E+05 7.739900000E+04 1.813699951E+02 4.267000122E+02 -1.383800049E+02 2.805000000E+02 1.998999953E+00 9.747599810E-02 3.614600049E-03
 1.127500000E-04 5.783999950E-05 2.589499950E-01 -4.201800000E+05 1.534600000E+05 1.870800018E+02 4.160700073E+02 -1.343399963E+02 5.062999878E+02 1.919999957E+00 1.009299979E-01 3.602999961E-03
 1.148000010E-04 5.716799933E-05 2.945399880E-01 -8.889800000E+05 3.164400000E+05 2.130800018E+02 3.614599915E+02 -1.152300034E+02 1.250199951E+03 1.575000048E+00 1.321099997E-01 3.206599969E-03
 1.168500021E-04 5.649599916E-05 4.072400033E-01 -8.735100000E+05 3.131200000E+05 2.525800018E+02 2.606600037E+02 -8.132700348E+01 1.793400024E+03 1.042400002E+00 2.175000012E-01 2.387000015E-03
 1.189000031E-04 5.582399899E-05 5.655699968E-01 -3.290000000E+05 1.263900000E+05 2.791300049E+02 1.760800018E+02 -5.373199844E+01 1.248800049E+03 6.629999876E-01 3.299899995E-01 1.682500006E-03
 1.209499969E-04 5.515199882E-05 6.733899713E-01 -6.543700000E+04 2.421300000E+04 2.888699951E+02 1.391100006E+02 -4.184199905E+01 4.748299866E+02 5.131199956E-01 4.052200019E-01 1.388199977E-03
 1.230000053E-04 5.447999865E-05 7.134600282E-01 -2.122500000E+04 4.371500000E+03 2.919599915E+02 1.262300034E+02 -3.788100052E+01 1.979799957E+02 4.629400074E-01 4.337800145E-01 1.307699946E-03
 1.250500063E-04 5.380799848E-05 7.272400260E-01 -1.666600000E+04 3.046600098E+03 2.932600098E+02 1.197600021E+02 -3.638600159E+01 1.311699982E+02 4.386799932E-01 4.441199899E-01 1.282699988E-03
 1.270999928E-04 5.313599831E-05 7.345899940E-01 -1.978700000E+04 6.175200195E+03 2.940899963E+02 1.148799973E+02 -3.529899979E+01 1.091200027E+02 4.206100106E-01 4.498600066E-01 1.269900007E-03
 1.291499939E-04 5.246400178E-05 7.412999868E-01 -1.167400000E+04 8.052299805E+03 2.946199951E+02 1.104499969E+02 -3.419100189E+01 1.151399994E+02 4.042899907E-01 4.548099935E-01 1.258400036E-03
 1.311999949E-04 5.179200161E-05 7.466599941E-01 -1.513400000E+04 2.349500000E+03 2.952999878E+02 1.066699982E+02 -3.345299911E+01 1.276200027E+02 3.904300034E-01 4.591400027E-01 1.249299967E-03
 1.332499960E-04 5.112000144E-05 7.512099743E-01 -8.071899902E+03 2.226300049E+03 2.960100098E+02 1.033199997E+02 -3.270399857E+01 1.105999985E+02 3.780600131E-01 4.630399942E-01 1.241700025E-03
 1.352999971E-04 5.044800128E-05 7.554699779E-01 -4.517399902E+03 3.908900146E+02 2.964500122E+02 1.002099991E+02 -3.156500053E+01 9.274299622E+01 3.662399948E-01 4.663699865E-01 1.234699972E-03
 1.373499981E-04 4.977600111E-05 7.592800260E-01 -1.205600000E+04 3.495100098E+03 2.967500000E+02 9.747299957E+01 -3.068700027E+01 1.059000015E+02 3.560299873E-01 4.691900015E-01 1.228500041E-03
 1.393999992E-04 4.910400094E-05 7.627699971E-01 -8.376000000E+03 6.476899902E+03 2.970799866E+02 9.497200012E+01 -3.014200020E+01 1.048399963E+02 3.469499946E-01 4.718799889E-01 1.222899999E-03
 1.414500002E-04 4.843200077E-05 7.664999962E-01 -1.823800049E+03 -4.647000000E+03 2.973699951E+02 9.238600159E+01 -2.933699989E+01 1.091399994E+02 3.373500109E-01 4.746499956E-01 1.216999954E-03
 1.435000013E-04 4.776000060E-05 7.692199945E-01 -5.330200195E+03 3.794699951E+03 2.976499939E+02 8.988999939E+01 -2.870000076E+01 1.080100021E+02 3.282499909E-01 4.767799973E-01 1.212700037E-03
 1.455500023E-04 4.708800043E-05 7.718200088E-01 -8.391099609E+03 5.751200195E+03 2.978999939E+02 8.763700104E+01 -2.793300056E+01 9.542900085E+01 3.198400140E-01 4.787899852E-01 1.208600006E-03
 1.476000034E-04 4.641600026E-05 7.749400139E-01 -5.691099930E+01 2.155800018E+02 2.980799866E+02 8.551200104E+01 -2.706999969E+01 8.588300323E+01 3.117899895E-01 4.810099900E-01 1.203699969E-03
 1.496500045E-04 4.574400009E-05 7.770000100E-01 1.435599976E+03 8.538799805E+03 2.983399963E+02 8.351000214E+01 -2.629899979E+01 7.614399719E+01 3.042199910E-01 4.827199876E-01 1.200499944E-03
 1.517000055E-04 4.507199992E-05 7.785300016E-01 -5.368100098E+03 7.730899902E+03 2.987200012E+02 8.156900024E+01 -2.532699966E+01 7.740599823E+01 2.965900004E-01 4.842900038E-01 1.198200043E-03
 1.537500066E-04 4.439999975E-05 7.803199887E-01 -3.655600098E+03 -1.587400024E+03 2.990400085E+02 7.952899933E+01 -2.459399986E+01 8.536599731E+01 2.889100015E-01 4.859299958E-01 1.195400022E-03
 1.557999931E-04 4.372799958E-05 7.830799818E-01 -2.853500000E+03 -1.909100037E+02 2.992399902E+02 7.760600281E+01 -2.410899925E+01 7.825199890E+01 2.819400132E-01 4.879600108E-01 1.191199990E-03
 1.578499941E-04 4.305599941E-05 7.857599854E-01 -5.523799805E+03 2.701899902E+03 2.991900024E+02 7.579399872E+01 -2.354899979E+01 5.906499863E+01 2.753899992E-01 4.895499945E-01 1.187099959E-03
 1.598999952E-04 4.238399924E-05 7.878699899E-01 -2.012699951E+03 4.201200195E+03 2.991400146E+02 7.374600220E+01 -2.278599930E+01 6.735800171E+01 2.678399980E-01 4.907799959E-01 1.184000052E-03
 1.619499963E-04 4.171199907E-05 7.897999883E-01 -5.939200195E+03 3.644600098E+03 2.995400085E+02 7.181400299E+01 -2.220400047E+01 6.368199921E+01 2.606599927E-01 4.926399887E-01 1.181100029E-03
 1.639999973E-04 4.103999891E-05 7.916399837E-01 -3.158800049E+03 -1.139400024E+03 2.998299866E+02 7.007599640E+01 -2.158499908E+01 4.743600082E+01 2.541500032E-01 4.942600131E-01 1.178300008E-03
 1.660499984E-04 4.036799874E-05 7.934600115E-01 4.871799805E+03 4.716700195E+03 2.998500061E+02 6.818199921E+01 -2.080299950E+01 4.384500122E+01 2.470699996E-01 4.954400063E-01 1.175599988E-03
 1.680999994E-04 3.969599857E-05 7.951700091E-01 -4.153699951E+02 4.037399902E+03 2.998800049E+02 6.611599731E+01 -2.012299919E+01 7.034799957E+01 2.395399958E-01 4.965499938E-01 1.173099969E-03
 1.701500005E-04 3.902399840E-05 7.964299917E-01 -7.130799805E+03 -8.976500244E+02 3.001900024E+02 6.414700317E+01 -1.942799950E+01 8.405500031E+01 2.321799994E-01 4.978699982E-01 1.171199954E-03
 1.722000015E-04 3.835199823E-05 7.985399961E-01 -3.061100098E+03 -5.519400024E+02 3.003999939E+02 6.232899857E+01 -1.851799965E+01 6.254999924E+01 2.251600027E-01 4.995299876E-01 1.168100047E-03
 1.742500026E-04 3.768000170E-05 8.001400232E-01 3.155300049E+03 -7.331099854E+02 3.004100037E+02 6.055899811E+01 -1.772299957E+01 6.939299774E+01 2.185000032E-01 5.005400181E-01 1.165800029E-03
 1.763000037E-04 3.700800153E-05 8.018599749E-01 5.964899902E+03 -1.472099976E+03 3.003699951E+02 5.859099960E+01 -1.713599968E+01 8.552899933E+01 2.114000022E-01 5.015500188E-01 1.163300010E-03
 1.783500047E-04 3.633600136E-05 8.041200042E-01 1.010100000E+04 -2.822600098E+03 3.003900146E+02 5.655899811E+01 -1.639299965E+01 7.998300171E+01 2.039200068E-01 5.030099750E-01 1.159999985E-03
 1.804000058E-04 3.566400119E-05 8.051400185E-01 8.905700195E+03 6.879099731E+02 3.007999878E+02 5.459700012E+01 -1.546300030E+01 6.758999634E+01 1.963800043E-01 5.043299794E-01 1.158599975E-03
 1.824500068E-04 3.499200102E-05 8.057600260E-01 3.070800049E+03 5.017900085E+02 3.012500000E+02 5.265599823E+01 -1.447099972E+01 6.640599823E+01 1.888500005E-01 5.054699779E-01 1.157699968E-03
 1.844999933E-04 3.432000085E-05 8.061699867E-01 -1.351599976E+03 2.650899902E+03 3.014400024E+02 5.081600189E+01 -1.361900043E+01 8.077100372E+01 1.818799973E-01 5.060499907E-01 1.157099963E-03
 1.865499944E-04 3.364800068E-05 8.075399995E-01 -3.859899902E+03 6.748500000E+03 3.014500122E+02 4.879999924E+01 -1.264900017E+01 8.630799866E+01 1.743000001E-01 5.069199800E-01 1.155099948E-03
 1.885999955E-04 3.297600051E-05 8.093799949E-01 -4.871799805E+03 4.530100098E+03 3.015599976E+02 4.638999939E+01 -1.154599953E+01 8.707099915E+01 1.652799994E-01 5.082600117E-01 1.152500045E-03
 1.906499965E-04 3.230400034E-05 8.108999729E-01 -9.777299805E+03 6.200799805E+03 3.017999878E+02 4.392599869E+01 -1.027400017E+01 9.528399658E+01 1.559100002E-01 5.096300244E-01 1.150300028E-03
 1.926999976E-04 3.163200017E-05 8.114100099E-01 -1.457800000E+04 6.219700195E+03 3.024299927E+02 4.156000137E+01 -9.085399628E+00 8.056400299E+01 1.468800008E-01 5.110099912E-01 1.149600022E-03
 1.947499986E-04 3.096000000E-05 8.101199865E-01 -1.752300000E+04 4.263299805E+03 3.034400024E+02 3.905500031E+01 -7.907700062E+00 7.460500336E+01 1.373800039E-01 5.118899941E-01 1.151400036E-03
 1.967999997E-04 3.028799983E-05 8.080899715E-01 -2.496200000E+04 7.983200195E+03 3.047999878E+02 3.633499908E+01 -6.332300186E+00 9.745200348E+01 1.269000024E-01 5.128999949E-01 1.154299942E-03
 1.988500007E-04 2.961599967E-05 8.027999997E-01 -4.225800000E+04 1.342300000E+04 3.072500000E+02 3.348500061E+01 -4.128099918E+00 1.143199997E+02 1.157300025E-01 5.136200190E-01 1.162000000E-03
 2.009000018E-04 2.894399950E-05 7.925099730E-01 -7.299000000E+04 3.206000000E+04 3.116700134E+02 3.025000000E+01 -5.835400224E-01 1.630099945E+02 1.033300012E-01 5.143100023E-01 1.177099999E-03
 2.029500029E-04 2.827199933E-05 7.770299911E-01 -1.078500000E+05 6.824700000E+04 3.187500000E+02 2.653499985E+01 6.861599922E+00 3.154299927E+02 9.415700287E-02 5.156499743E-01 1.200699946E-03
 2.050000039E-04 2.759999916E-05 7.675899863E-01 -1.233800000E+05 8.925900000E+04 3.230299988E+02 2.462299919E+01 1.210999966E+01 4.226099854E+02 9.167899936E-02 5.163000226E-01 1.215300057E-03
 0.000000000E+00 6.049999865E-05 1.600700021E+00 -3.743200000E+05 -7.958300000E+04 3.000000000E+02 1.210800018E+02 4.595500183E+01 -8.926400146E+02 4.512200058E-01 1.002900004E+00 5.798499915E-04
 2.049999921E-06 6.122000195E-05 1.604500055E+00 -1.966100000E+05 -4.368000000E+04 2.992500000E+02 1.218799973E+02 4.709999847E+01 -5.321199951E+02 4.545699954E-01 1.001299977E+00 5.799200153E-04
 4.099999842E-06 6.194000161E-05 1.609300017E+00 -1.343000000E+04 1.083199951E+03 2.982500000E+02 1.230699997E+02 4.856399918E+01 -1.546399994E+02 4.597600102E-01 9.994800091E-01 5.796399782E-04
 6.149999990E-06 6.266000128E-05 1.609099984E+00 -1.120500000E+04 -3.667399902E+03 2.978800049E+02 1.238099976E+02 4.914599991E+01 -1.305800018E+02 4.632000029E-01 9.981600046E-01 5.796899786E-04
 8.199999684E-06 6.338000094E-05 1.607100010E+00 -1.182700000E+04 -7.646100098E+03 2.975899963E+02 1.244199982E+02 4.939899826E+01 -1.152600021E+02 4.657199979E-01 9.958900213E-01 5.804299726E-04
 1.024999983E-05 6.410000060E-05 1.605399966E+00 -7.674299805E+03 -7.887500000E+03 2.972999878E+02 1.249499969E+02 4.944699860E+01 -1.236200027E+02 4.677299857E-01 9.938899875E-01 5.810399889E-04
 1.229999998E-05 6.482000026E-05 1.602499962E+00 -3.325199951E+03 -1.630100000E+04 2.971300049E+02 1.255400009E+02 4.956100082E+01 -1.207900009E+02 4.699099958E-01 9.915199876E-01 5.821000086E-04
 1.435000013E-05 6.553999992E-05 1.598899961E+00 -1.103800000E+04 -1.542400024E+03 2.970700073E+02 1.262099991E+02 4.963600159E+01 -1.140400009E+02 4.722099900E-01 9.890599847E-01 5.834199837E-04
 1.639999937E-05 6.625999958E-05 1.596600056E+00 -1.523000000E+04 -1.593599976E+03 2.967699890E+02 1.269700012E+02 4.962300110E+01 -1.106800003E+02 4.748899937E-01 9.867100120E-01 5.842400133E-04
 1.845000043E-05 6.697999925E-05 1.593999982E+00 -7.208899902E+03 -1.478600000E+04 2.963099976E+02 1.277399979E+02 4.954999924E+01 -7.167500305E+01 4.776900113E-01 9.835600257E-01 5.851900205E-04
 2.049999966E-05 6.769999891E-05 1.590000033E+00 4.168500000E+03 -6.196899902E+03 2.960000000E+02 1.288000031E+02 4.960300064E+01 -9.504799652E+01 4.814499915E-01 9.800400138E-01 5.866800202E-04
 2.255000072E-05 6.841999857E-05 1.583500028E+00 7.719899902E+03 -4.544100098E+03 2.957799988E+02 1.303500061E+02 4.998699951E+01 -6.443000031E+01 4.871500134E-01 9.753000140E-01 5.890899920E-04
 2.459999996E-05 6.913999823E-05 1.575899959E+00 -1.081800049E+03 -8.768500000E+03 2.954599915E+02 1.321100006E+02 5.043600082E+01 6.316699982E-01 4.937399924E-01 9.695699811E-01 5.919300020E-04
 2.664999920E-05 6.985999789E-05 1.569200039E+00 1.731000000E+03 -6.089899902E+03 2.951199951E+02 1.340800018E+02 5.090599823E+01 -1.554199982E+01 5.010399818E-01 9.643499851E-01 5.944499862E-04
 2.870000026E-05 7.057999755E-05 1.560799956E+00 5.616700195E+03 -4.388600098E+03 2.947300110E+02 1.364700012E+02 5.143099976E+01 5.692100048E+00 5.098199844E-01 9.579300284E-01 5.976500106E-04
 3.075000132E-05 7.129999722E-05 1.552199960E+00 -3.002500000E+03 -4.323799805E+03 2.941000061E+02 1.391199951E+02 5.219300079E+01 3.218000031E+01 5.199900270E-01 9.506499767E-01 6.009400240E-04
 3.279999873E-05 7.201999688E-05 1.542199969E+00 -2.120000000E+03 -3.893500000E+03 2.933999939E+02 1.422899933E+02 5.327799988E+01 1.019699955E+01 5.323500037E-01 9.422199726E-01 6.048799842E-04
 3.484999979E-05 7.273999654E-05 1.529000044E+00 4.306600098E+03 5.343000000E+03 2.925499878E+02 1.461999969E+02 5.451399994E+01 -5.348400116E+00 5.474799871E-01 9.314900041E-01 6.100800238E-04
 3.690000085E-05 7.346000348E-05 1.514000058E+00 1.392900000E+04 -4.420899902E+03 2.916000061E+02 1.507899933E+02 5.581200027E+01 4.269499969E+01 5.650799870E-01 9.193300009E-01 6.161499768E-04
 3.894999827E-05 7.418000314E-05 1.497699976E+00 2.345700000E+04 -1.060400000E+04 2.906099854E+02 1.561300049E+02 5.729299927E+01 7.633300018E+01 5.855100155E-01 9.063400030E-01 6.228500279E-04
 4.099999933E-05 7.490000280E-05 1.479099989E+00 1.895300000E+04 2.813699951E+03 2.892099915E+02 1.625599976E+02 5.936899948E+01 8.117900085E+01 6.107599735E-01 8.907700181E-01 6.307099829E-04
 4.305000039E-05 7.562000246E-05 1.452600002E+00 1.716300000E+04 7.854200195E+03 2.874100037E+02 1.706600037E+02 6.197399902E+01 1.139599991E+02 6.427599788E-01 8.693799973E-01 6.422600127E-04
 4.510000144E-05 7.634000212E-05 1.417799950E+00 2.538400000E+04 1.456400013E+01 2.851799927E+02 1.810000000E+02 6.513800049E+01 1.589799957E+02 6.836799979E-01 8.420199752E-01 6.580399931E-04
 4.714999886E-05 7.706000179E-05 1.371299982E+00 4.978100000E+04 -9.291200195E+03 2.817999878E+02 1.955200043E+02 6.896700287E+01 2.147200012E+02 7.413600087E-01 8.048300147E-01 6.805000012E-04
 4.919999992E-05 7.778000145E-05 1.297000051E+00 9.383700000E+04 6.800399902E+03 2.761700134E+02 2.196499939E+02 7.325800323E+01 2.723299866E+02 8.366799951E-01 7.462300062E-01 7.201400003E-04
 5.125000098E-05 7.850000111E-05 1.059900045E+00 1.325000000E+05 -1.124900000E+04 2.613599854E+02 2.752500000E+02 4.279800034E+01 -4.052799988E+02 1.047700047E+00 5.813699961E-01 9.103799821E-04
 5.329999840E-05 7.785199705E-05 7.123100162E-01 7.563500000E+04 -3.771600000E+04 2.402700043E+02 3.291300049E+02 -3.587699890E+01 -7.121599731E+02 1.296100020E+00 3.597300053E-01 1.382400049E-03
 5.534999946E-05 7.720400026E-05 5.084300041E-01 -2.350700000E+04 1.446400000E+04 2.273600006E+02 3.414299927E+02 -9.917199707E+01 -2.820000076E+01 1.417400002E+00 2.410600036E-01 1.856300049E-03
 5.740000051E-05 7.655600348E-05 4.553399980E-01 -4.975400000E+04 7.633600000E+04 2.239700012E+02 3.380899963E+02 -1.204599991E+02 3.206099854E+02 1.439399958E+00 2.123599946E-01 2.050699899E-03
 5.945000157E-05 7.590799942E-05 4.518600106E-01 -4.594100000E+04 9.577700000E+04 2.239100037E+02 3.353599854E+02 -1.250100021E+02 3.740499878E+02 1.435500026E+00 2.106799930E-01 2.064799890E-03
 6.150000263E-05 7.526000263E-05 4.581699967E-01 -4.762800000E+04 9.013300000E+04 2.241699982E+02 3.350199890E+02 -1.251500015E+02 3.460299988E+02 1.433500051E+00 2.138800025E-01 2.036100021E-03
 6.354999641E-05 7.461199857E-05 4.639599919E-01 -4.380000000E+04 8.018400000E+04 2.239100037E+02 3.365599976E+02 -1.243099976E+02 3.089800110E+02 1.439000010E+00 2.163199931E-01 2.010599943E-03
 6.559999747E-05 7.396400179E-05 4.669600129E-01 -4.074300000E+04 7.817400000E+04 2.231499939E+02 3.393399963E+02 -1.234700012E+02 2.737399902E+02 1.450799942E+00 2.169799954E-01 1.997600077E-03
 6.764999853E-05 7.331599772E-05 4.664599895E-01 -3.509900000E+04 6.652800000E+04 2.219799957E+02 3.428900146E+02 -1.227399979E+02 2.476699982E+02 1.467100024E+00 2.156199962E-01 1.999800093E-03
 6.969999959E-05 7.266800094E-05 4.629200101E-01 -3.291200000E+04 6.097300000E+04 2.205099945E+02 3.469599915E+02 -1.221500015E+02 2.469499969E+02 1.486600041E+00 2.125599980E-01 2.015100094E-03
 7.175000064E-05 7.201999688E-05 4.568699896E-01 -4.265000000E+04 5.887700000E+04 2.188099976E+02 3.514200134E+02 -1.220800018E+02 2.298899994E+02 1.509299994E+00 2.081799954E-01 2.041900065E-03
 7.380000170E-05 7.137200009E-05 4.482200146E-01 -4.669200000E+04 5.295200000E+04 2.168600006E+02 3.564200134E+02 -1.225199966E+02 2.088300018E+02 1.536000013E+00 2.024199963E-01 2.081400016E-03
 7.585000276E-05 7.072400331E-05 4.379700124E-01 -4.550600000E+04 4.894200000E+04 2.146399994E+02 3.616900024E+02 -1.229100037E+02 2.026100006E+02 1.564900041E+00 1.957699955E-01 2.130100038E-03
 7.789999654E-05 7.007599925E-05 4.272199869E-01 -5.213200000E+04 4.399100000E+04 2.124299927E+02 3.667999878E+02 -1.233099976E+02 1.988800049E+02 1.593400002E+00 1.889999956E-01 2.183800098E-03
 7.994999760E-05 6.942800246E-05 4.156900048E-01 -5.772000000E+04 4.362900000E+04 2.102700043E+02 3.719100037E+02 -1.240299988E+02 2.107500000E+02 1.622599959E+00 1.820300072E-01 2.244499978E-03
 8.199999866E-05 6.877999840E-05 4.034700096E-01 -5.621900000E+04 4.159800000E+04 2.079299927E+02 3.769700012E+02 -1.246699982E+02 2.053099976E+02 1.652500033E+00 1.747200042E-01 2.312500030E-03
 8.404999971E-05 6.813200162E-05 3.905900121E-01 -6.355400000E+04 4.267200000E+04 2.055599976E+02 3.821000061E+02 -1.249599991E+02 1.836600037E+02 1.682800055E+00 1.672099978E-01 2.388899913E-03
 8.610000077E-05 6.748399755E-05 3.782300055E-01 -7.342100000E+04 4.594300000E+04 2.032599945E+02 3.870599976E+02 -1.254300003E+02 1.921499939E+02 1.712800026E+00 1.601099968E-01 2.466900041E-03
 8.815000183E-05 6.683600077E-05 3.662599921E-01 -7.104300000E+04 4.368000000E+04 2.008699951E+02 3.918900146E+02 -1.262600021E+02 1.979400024E+02 1.743499994E+00 1.532199979E-01 2.547600074E-03
 9.020000289E-05 6.618799671E-05 3.543699980E-01 -7.184900000E+04 4.012700000E+04 1.985200043E+02 3.965400085E+02 -1.272900009E+02 1.813099976E+02 1.774000049E+00 1.465100050E-01 2.633000026E-03
 9.224999667E-05 6.553999992E-05 3.430100083E-01 -8.167300000E+04 4.433200000E+04 1.963600006E+02 4.009899902E+02 -1.283300018E+02 1.907500000E+02 1.803200006E+00 1.402699947E-01 2.720199991E-03
 9.429999773E-05 6.489200314E-05 3.319999874E-01 -9.135500000E+04 4.408700000E+04 1.942599945E+02 4.052000122E+02 -1.291300049E+02 1.949100037E+02 1.831300020E+00 1.343100071E-01 2.810399979E-03
 9.634999878E-05 6.424399908E-05 3.214600086E-01 -1.017600000E+05 4.524900000E+04 1.921799927E+02 4.091300049E+02 -1.296300049E+02 1.901300049E+02 1.858100057E+00 1.286499947E-01 2.902500099E-03
 9.839999984E-05 6.359600229E-05 3.109999895E-01 -1.065000000E+05 5.139900000E+04 1.900299988E+02 4.132600098E+02 -1.301600037E+02 1.927799988E+02 1.886299968E+00 1.230800003E-01 3.000299912E-03
 1.004500009E-04 6.294799823E-05 3.009200096E-01 -1.121000000E+05 4.993400000E+04 1.878899994E+02 4.172500000E+02 -1.310500031E+02 1.866999969E+02 1.914899945E+00 1.177499965E-01 3.100600094E-03
 1.025000020E-04 6.230000145E-05 2.917599976E-01 -1.299300000E+05 4.994400000E+04 1.861699982E+02 4.204500122E+02 -1.315899963E+02 2.008099976E+02 1.937899947E+00 1.131099984E-01 3.197900020E-03
 1.045500030E-04 6.165199738E-05 2.830800116E-01 -1.473000000E+05 5.530300000E+04 1.847500000E+02 4.232600098E+02 -1.320000000E+02 2.243300018E+02 1.957700014E+00 1.089100018E-01 3.295999952E-03
 1.065999968E-04 6.100400060E-05 2.747800052E-01 -1.601700000E+05 5.797200000E+04 1.831699982E+02 4.262000122E+02 -1.328300018E+02 2.241100006E+02 1.979599953E+00 1.048099995E-01 3.395499894E-03
 1.086499979E-04 6.035600018E-05 2.669700086E-01 -1.793300000E+05 5.839000000E+04 1.816699982E+02 4.288699951E+02 -1.335599976E+02 2.414900055E+02 2.000000000E+00 1.010000035E-01 3.494800068E-03
 1.106999989E-04 5.970799975E-05 2.598600090E-01 -2.098900000E+05 6.937800000E+04 1.808000031E+02 4.304299927E+02 -1.339199982E+02 2.770400085E+02 2.012000084E+00 9.783899784E-02 3.590200096E-03
 1.127500000E-04 5.905999933E-05 2.577199936E-01 -3.531600000E+05 1.289300000E+05 1.842500000E+02 4.240400085E+02 -1.310899963E+02 4.325400085E+02 1.963099957E+00 9.889200330E-02 3.619499970E-03
 1.148000010E-04 5.841199891E-05 2.828299999E-01 -8.089100000E+05 2.851900000E+05 2.056399994E+02 3.805000000E+02 -1.151399994E+02 1.061000000E+03 1.676100016E+00 1.220500022E-01 3.323300043E-03
 1.168500021E-04 5.776399848E-05 3.800800145E-01 -9.305200000E+05 3.233600000E+05 2.448800049E+02 2.843099976E+02 -8.255500031E+01 1.724099976E+03 1.149999976E+00 1.972000003E-01 2.551800106E-03
 1.189000031E-04 5.711600170E-05 5.372700095E-01 -4.266400000E+05 1.574300000E+05 2.755700073E+02 1.905500031E+02 -5.285900116E+01 1.378500000E+03 7.175899744E-01 3.099899888E-01 1.781299943E-03
 1.209499969E-04 5.646800128E-05 6.589099765E-01 -9.096000000E+04 3.789900000E+04 2.877900085E+02 1.446399994E+02 -3.965299988E+01 5.869899902E+02 5.308799744E-01 3.951300085E-01 1.420599991E-03
 1.230000053E-04 5.582000085E-05 7.082899809E-01 -2.692900000E+04 1.200300000E+04 2.917200012E+02 1.286100006E+02 -3.566699982E+01 2.456100006E+02 4.690000117E-01 4.302999973E-01 1.317300019E-03
 1.250500063E-04 5.517200043E-05 7.251399755E-01 -1.190100000E+04 7.405100098E+03 2.931099854E+02 1.215000000E+02 -3.440900040E+01 1.368099976E+02 4.426999986E-01 4.426099956E-01 1.286400016E-03
 1.270999928E-04 5.452400001E-05 7.337399721E-01 -1.897500000E+04 6.532000000E+03 2.940299988E+02 1.166900024E+02 -3.359600067E+01 1.136299973E+02 4.250099957E-01 4.492700100E-01 1.271300018E-03
 1.291499939E-04 5.387599958E-05 7.402899861E-01 -1.286900000E+04 5.370000000E+03 2.946799927E+02 1.125199966E+02 -3.276200104E+01 1.332400055E+02 4.097299874E-01 4.542700052E-01 1.260100049E-03
 1.311999949E-04 5.322799916E-05 7.456099987E-01 -6.202500000E+03 2.463800049E+03 2.952500000E+02 1.087699966E+02 -3.210800171E+01 1.394199982E+02 3.961400092E-01 4.584200084E-01 1.251099980E-03
 1.332499960E-04 5.257999874E-05 7.503799796E-01 -3.844699951E+03 2.309699951E+03 2.959200134E+02 1.052600021E+02 -3.138199997E+01 1.152900009E+02 3.832100034E-01 4.624100029E-01 1.243100036E-03
 1.352999971E-04 5.193199831E-05 7.549700141E-01 -1.301199951E+03 1.213099976E+03 2.963399963E+02 1.021299973E+02 -3.043799973E+01 9.762300110E+01 3.715200126E-01 4.658899903E-01 1.235599979E-03
 1.373499981E-04 5.128400153E-05 7.591099739E-01 -4.346399902E+03 8.438200195E+03 2.966600037E+02 9.935700226E+01 -2.970599937E+01 1.056299973E+02 3.613499999E-01 4.689500034E-01 1.228800043E-03
 1.393999992E-04 5.063600111E-05 7.619900107E-01 -1.100100000E+04 1.321300000E+04 2.970199890E+02 9.680899811E+01 -2.914900017E+01 1.043799973E+02 3.520700037E-01 4.713099897E-01 1.224200008E-03
 1.414500002E-04 4.998800068E-05 7.648500204E-01 -9.102700195E+03 3.806600098E+03 2.973299866E+02 9.436100006E+01 -2.836700058E+01 1.057699966E+02 3.429400027E-01 4.735699892E-01 1.219599973E-03
 1.435000013E-04 4.934000026E-05 7.681400180E-01 -4.081300049E+03 4.629600098E+03 2.975799866E+02 9.182800293E+01 -2.768899918E+01 1.049499969E+02 3.336800039E-01 4.760000110E-01 1.214400050E-03
 1.455500023E-04 4.869199984E-05 7.712000012E-01 -6.136500000E+03 3.533699951E+03 2.977300110E+02 8.945999908E+01 -2.701300049E+01 9.469200134E+01 3.250299990E-01 4.781399965E-01 1.209500013E-03
 1.476000034E-04 4.804399941E-05 7.743600011E-01 -5.966600098E+03 2.939600098E+03 2.979700012E+02 8.723200226E+01 -2.620299911E+01 6.630100250E+01 3.166800141E-01 4.804799855E-01 1.204599976E-03
 1.496500045E-04 4.739599899E-05 7.764800191E-01 -4.886000000E+03 9.232900391E+03 2.983599854E+02 8.512300110E+01 -2.532699966E+01 7.111299896E+01 3.085800111E-01 4.824300110E-01 1.201299950E-03
 1.517000055E-04 4.674799857E-05 7.776799798E-01 -9.182799805E+03 8.092100098E+03 2.988999939E+02 8.320300293E+01 -2.444099998E+01 9.904199982E+01 3.010399938E-01 4.840399921E-01 1.199500053E-03
 1.537500066E-04 4.610000178E-05 7.796000242E-01 -1.016300000E+04 6.094799805E+03 2.991799927E+02 8.138700104E+01 -2.385199928E+01 1.039300003E+02 2.942700088E-01 4.856899977E-01 1.196500030E-03
 1.557999931E-04 4.545200136E-05 7.826300263E-01 -8.258799805E+03 2.148199951E+03 2.990799866E+02 7.958999634E+01 -2.346100044E+01 8.886100006E+01 2.879500091E-01 4.874199927E-01 1.191899995E-03
 1.578499941E-04 4.480400094E-05 7.852900028E-01 -4.278700195E+03 1.957800049E+03 2.989899902E+02 7.777300262E+01 -2.272900009E+01 7.099199677E+01 2.812300026E-01 4.889299870E-01 1.187899965E-03
 1.598999952E-04 4.415600051E-05 7.875800133E-01 3.252100098E+03 7.005700195E+03 2.990799866E+02 7.580300140E+01 -2.189999962E+01 7.363300323E+01 2.738200128E-01 4.905099869E-01 1.184400055E-03
 1.619499963E-04 4.350800009E-05 7.895299792E-01 -3.067100098E+03 4.711600098E+03 2.994299927E+02 7.392299652E+01 -2.157099915E+01 6.058200073E+01 2.670800090E-01 4.922899902E-01 1.181500033E-03
 1.639999973E-04 4.285999967E-05 7.911700010E-01 -5.061600098E+03 -3.023399902E+03 2.995499878E+02 7.228600311E+01 -2.091600037E+01 5.737099838E+01 2.609499991E-01 4.935199916E-01 1.179000014E-03
 1.660499984E-04 4.221199924E-05 7.923700213E-01 4.034100098E+03 5.032500000E+03 2.997699890E+02 7.054399872E+01 -1.983399963E+01 5.698600006E+01 2.540200055E-01 4.946300089E-01 1.177200000E-03
 1.680999994E-04 4.156399882E-05 7.934499979E-01 1.292899990E+01 8.735599609E+03 3.001400146E+02 6.841600037E+01 -1.900099945E+01 7.429499817E+01 2.459899932E-01 4.959099889E-01 1.175599988E-03
 1.701500005E-04 4.091599840E-05 7.950400114E-01 -7.022100098E+03 -2.300500031E+02 3.003500061E+02 6.633300018E+01 -1.842300034E+01 9.302600098E+01 2.384199947E-01 4.972600043E-01 1.173299970E-03
 1.722000015E-04 4.026800161E-05 7.974500060E-01 -4.452500000E+03 2.513500000E+03 3.004700012E+02 6.440499878E+01 -1.760700035E+01 8.148899841E+01 2.311799973E-01 4.989599884E-01 1.169699943E-03
 1.742500026E-04 3.962000119E-05 7.992200255E-01 3.226399902E+03 7.553299805E+03 3.004599915E+02 6.249300003E+01 -1.671899986E+01 8.366400146E+01 2.239899933E-01 5.000399947E-01 1.167100039E-03
 1.763000037E-04 3.897200077E-05 8.007199764E-01 3.432899902E+03 2.344399902E+03 3.005199890E+02 6.066400146E+01 -1.609099960E+01 7.895400238E+01 2.172899991E-01 5.010899901E-01 1.165000023E-03
 1.783500047E-04 3.832400034E-05 8.029199839E-01 4.292000000E+03 -6.119399902E+03 3.006199951E+02 5.870100021E+01 -1.525199986E+01 7.511299896E+01 2.099500000E-01 5.026299953E-01 1.161799999E-03
 1.804000058E-04 3.767599992E-05 8.042100072E-01 4.162799805E+03 -2.382899902E+03 3.007399902E+02 5.664400101E+01 -1.419699955E+01 8.065799713E+01 2.021100074E-01 5.036500096E-01 1.159899984E-03
 1.824500068E-04 3.702799950E-05 8.052099943E-01 1.755500031E+02 -2.154799957E+02 3.009299927E+02 5.471200180E+01 -1.330500031E+01 6.513600159E+01 1.948200017E-01 5.045899749E-01 1.158499974E-03
 1.844999933E-04 3.637999907E-05 8.061599731E-01 -3.951800049E+03 -2.132300049E+03 3.012200012E+02 5.283900070E+01 -1.248400021E+01 6.121799850E+01 1.877599955E-01 5.056700110E-01 1.157099963E-03
 1.865499944E-04 3.573199865E-05 8.069900274E-01 -9.520900269E+02 3.079399902E+03 3.014500122E+02 5.092399979E+01 -1.128199959E+01 7.942099762E+01 1.803199947E-01 5.065799952E-01 1.155899954E-03
 1.885999955E-04 3.508399823E-05 8.080400229E-01 3.108100098E+03 3.104199951E+03 3.015400085E+02 4.881399918E+01 -9.934300423E+00 8.401000214E+01 1.721999943E-01 5.073800087E-01 1.154399943E-03
 1.906499965E-04 3.443600144E-05 8.090500236E-01 -4.040800049E+03 3.797000000E+03 3.017399902E+02 4.650799942E+01 -8.666600227E+00 8.862000275E+01 1.634899974E-01 5.083699822E-01 1.153000048E-03
 1.926999976E-04 3.378800102E-05 8.094400167E-01 -1.183400000E+04 2.551600098E+03 3.023999939E+02 4.418899918E+01 -7.405799866E+00 9.672499847E+01 1.546799988E-01 5.097200274E-01 1.152400044E-03
 1.947499986E-04 3.314000060E-05 8.096399903E-01 -1.240600000E+04 9.956199646E+01 3.031199951E+02 4.172299957E+01 -5.905300140E+00 9.712400055E+01 1.453299969E-01 5.110599995E-01 1.152100042E-03
 1.967999997E-04 3.249200017E-05 8.090299964E-01 -1.518300000E+04 7.281299805E+03 3.041499939E+02 3.904700089E+01 -4.153200150E+00 1.033499985E+02 1.352300048E-01 5.123999715E-01 1.153000048E-03
 1.988500007E-04 3.184399975E-05 8.048499823E-01 -2.564900000E+04 1.413000000E+04 3.061600037E+02 3.635699844E+01 -1.640599966E+00 1.172799988E+02 1.250299960E-01 5.131199956E-01 1.158999978E-03
 2.009000018E-04 3.119599933E-05 7.968400121E-01 -4.815900000E+04 2.843600000E+04 3.096099854E+02 3.362400055E+01 2.238300085E+00 1.638800049E+02 1.152999997E-01 5.137299895E-01 1.170699950E-03
 2.029500029E-04 3.054799890E-05 7.851499915E-01 -8.460200000E+04 5.834500000E+04 3.150599976E+02 3.103700066E+01 8.908100128E+00 2.662699890E+02 1.103100032E-01 5.150499940E-01 1.188199967E-03
 2.050000039E-04 2.990000030E-05 7.782700062E-01 -1.025300000E+05 7.746400000E+04 3.182900085E+02 2.987899971E+01 1.331000042E+01 3.289800110E+02 1.100900024E-01 5.158200264E-01 1.198600046E-03
 0.000000000E+00 6.166700041E-05 1.600700021E+00 -3.266300000E+05 -8.636900000E+04 3.000000000E+02 1.154100037E+02 4.367399979E+01 -9.108400269E+02 4.297200143E-01 1.001899958E+00 5.794600002E-04
 2.049999921E-06 6.235999899E-05 1.604099989E+00 -1.765500000E+05 -4.698100000E+04 2.991199951E+02 1.162699966E+02 4.465200043E+01 -5.440599976E+02 4.332700074E-01 1.000200033E+00 5.798600032E-04
 4.099999842E-06 6.305299758E-05 1.608000040E+00 -2.798200000E+04 9.893000000E+03 2.982399902E+02 1.175400009E+02 4.607899857E+01 -1.400000000E+02 4.387399852E-01 9.986600280E-01 5.800999934E-04
 6.149999990E-06 6.374700024E-05 1.607699990E+00 -1.628300000E+04 1.359700000E+04 2.980799866E+02 1.184100037E+02 4.690700150E+01 -1.088799973E+02 4.427300096E-01 9.979100227E-01 5.802299711E-04
 8.199999684E-06 6.443999882E-05 1.605599999E+00 -2.496500000E+03 3.722199951E+03 2.977900085E+02 1.194100037E+02 4.735100174E+01 -1.201399994E+02 4.467200041E-01 9.956399798E-01 5.809700233E-04
 1.024999983E-05 6.513299741E-05 1.602900028E+00 -7.340299805E+03 -5.071700195E+03 2.976199951E+02 1.204899979E+02 4.762799835E+01 -1.268199997E+02 4.507000148E-01 9.933999777E-01 5.819600192E-04
 1.229999998E-05 6.582700007E-05 1.600100040E+00 -5.409600098E+03 -1.411700000E+04 2.974200134E+02 1.215199966E+02 4.790200043E+01 -1.241399994E+02 4.545600116E-01 9.910200238E-01 5.829500151E-04
 1.435000013E-05 6.651999865E-05 1.597800016E+00 -1.932900024E+03 -1.343099976E+03 2.971499939E+02 1.226299973E+02 4.804999924E+01 -1.438300018E+02 4.585300088E-01 9.886999726E-01 5.837900098E-04
 1.639999937E-05 6.721299724E-05 1.595399976E+00 -1.137800000E+04 3.349600098E+03 2.968800049E+02 1.238199997E+02 4.817399979E+01 -1.382100067E+02 4.627699852E-01 9.863299727E-01 5.846699933E-04
 1.845000043E-05 6.790699990E-05 1.592200041E+00 -8.840099609E+03 -3.774300049E+03 2.964899902E+02 1.249700012E+02 4.821500015E+01 -1.028700027E+02 4.668799937E-01 9.829999804E-01 5.858700024E-04
 2.049999966E-05 6.859999849E-05 1.588099957E+00 -9.456200195E+03 -9.074900391E+03 2.961700134E+02 1.263700027E+02 4.836000061E+01 -1.276299973E+02 4.718399942E-01 9.794499874E-01 5.873700138E-04
 2.255000072E-05 6.929299707E-05 1.582800031E+00 -3.806000000E+03 -1.001900000E+04 2.958800049E+02 1.281000061E+02 4.872100067E+01 -1.073300018E+02 4.781599939E-01 9.752299786E-01 5.893399939E-04
 2.459999996E-05 6.998699973E-05 1.575899959E+00 1.045400024E+03 -3.059800049E+03 2.954800110E+02 1.301300049E+02 4.909299850E+01 -5.549700165E+01 4.855799973E-01 9.696300030E-01 5.919300020E-04
 2.664999920E-05 7.067999832E-05 1.568400025E+00 1.581300049E+03 -4.229400024E+02 2.950700073E+02 1.324700012E+02 4.966600037E+01 -5.911000061E+01 4.942800105E-01 9.636999965E-01 5.947600002E-04
 2.870000026E-05 7.137299690E-05 1.559999943E+00 -1.855800049E+03 1.573699951E+03 2.946499939E+02 1.349799957E+02 5.030899811E+01 -4.994699860E+01 5.036299825E-01 9.571599960E-01 5.979699781E-04
 3.075000132E-05 7.206699956E-05 1.550999999E+00 -1.619100000E+04 -2.370000000E+03 2.940899963E+02 1.376900024E+02 5.097900009E+01 -4.027099991E+01 5.138000250E-01 9.498599768E-01 6.014200044E-04
 3.279999873E-05 7.275999815E-05 1.540500045E+00 -9.207899780E+02 -2.820699951E+03 2.932999878E+02 1.411499939E+02 5.194300079E+01 -4.198300171E+01 5.270599723E-01 9.409099817E-01 6.055199774E-04
 3.484999979E-05 7.345299673E-05 1.526999950E+00 1.128500000E+04 6.430299805E+03 2.925000000E+02 1.455200043E+02 5.322000122E+01 -8.674500465E+00 5.437300205E-01 9.301300049E-01 6.108700181E-04
 3.690000085E-05 7.414699940E-05 1.511299968E+00 2.529200000E+04 -1.231600000E+04 2.916499939E+02 1.503899994E+02 5.455899811E+01 6.299300003E+01 5.622199774E-01 9.178799987E-01 6.172200083E-04
 3.894999827E-05 7.483999798E-05 1.494799972E+00 3.731800000E+04 -1.097100000E+04 2.906099854E+02 1.559199982E+02 5.593299866E+01 6.154199982E+01 5.831800103E-01 9.046099782E-01 6.240499788E-04
 4.099999933E-05 7.553299656E-05 1.475299954E+00 2.372500000E+04 1.537800000E+04 2.891900024E+02 1.626499939E+02 5.791799927E+01 4.100999832E+01 6.093500257E-01 8.884400129E-01 6.323200068E-04
 4.305000039E-05 7.622699923E-05 1.448199987E+00 1.435400000E+04 1.667600000E+04 2.873900146E+02 1.709700012E+02 6.045199966E+01 9.103199768E+01 6.420099735E-01 8.666899800E-01 6.442000158E-04
 4.510000144E-05 7.691999781E-05 1.414100051E+00 1.949500000E+04 1.923400024E+03 2.851300049E+02 1.816100006E+02 6.335900116E+01 1.309900055E+02 6.836799979E-01 8.396900296E-01 6.597299944E-04
 4.714999886E-05 7.761299639E-05 1.368199944E+00 4.901900000E+04 -3.112500000E+03 2.816099854E+02 1.965700073E+02 6.667900085E+01 1.706799927E+02 7.424799800E-01 8.024899960E-01 6.820299895E-04
 4.919999992E-05 7.830699906E-05 1.293400049E+00 9.633000000E+04 5.541600098E+03 2.759500122E+02 2.206699982E+02 6.981099701E+01 1.847500000E+02 8.366600275E-01 7.435899973E-01 7.221400156E-04
 5.125000098E-05 7.899999764E-05 1.089800000E+00 1.295400000E+05 -4.169400000E+04 2.626400146E+02 2.719100037E+02 4.695800018E+01 -4.838599854E+02 1.030699968E+00 5.992400050E-01 8.743900107E-04
 5.329999840E-05 7.837599696E-05 7.842199802E-01 9.266300000E+04 -7.969500000E+04 2.431699982E+02 3.270400085E+02 -1.863999939E+01 -8.825200195E+02 1.273000002E+00 4.002200067E-01 1.237199991E-03
 5.534999946E-05 7.775200356E-05 5.690299869E-01 1.673200073E+02 -3.012300000E+04 2.288000031E+02 3.476900024E+02 -8.399400330E+01 -3.004599915E+02 1.423099995E+00 2.718400061E-01 1.666500000E-03
 5.740000051E-05 7.712800289E-05 4.854499996E-01 -5.537200000E+04 4.445500000E+04 2.230399933E+02 3.476000061E+02 -1.164100037E+02 1.763300018E+02 1.473600030E+00 2.255000025E-01 1.926800003E-03
 5.945000157E-05 7.650400221E-05 4.659000039E-01 -6.351000000E+04 9.208200000E+04 2.219199982E+02 3.447099915E+02 -1.267799988E+02 3.568299866E+02 1.479699969E+00 2.152899951E-01 2.002999885E-03
 6.150000263E-05 7.588000153E-05 4.652000070E-01 -6.128100000E+04 9.933700000E+04 2.219100037E+02 3.434299927E+02 -1.285000000E+02 3.789400024E+02 1.477300048E+00 2.149599940E-01 2.005300019E-03
 6.354999641E-05 7.525600086E-05 4.680800140E-01 -5.358200000E+04 9.274800000E+04 2.216999969E+02 3.439100037E+02 -1.278199997E+02 3.566799927E+02 1.478899956E+00 2.160899937E-01 1.992899925E-03
 6.559999747E-05 7.463200018E-05 4.699699879E-01 -4.761000000E+04 9.097300000E+04 2.211799927E+02 3.458699951E+02 -1.266299973E+02 3.321600037E+02 1.486400008E+00 2.164500058E-01 1.984799979E-03
 6.764999853E-05 7.400799950E-05 4.691399932E-01 -4.264100000E+04 7.846300000E+04 2.201900024E+02 3.489899902E+02 -1.251699982E+02 2.958099976E+02 1.499600053E+00 2.151100039E-01 1.988400007E-03
 6.969999959E-05 7.338399882E-05 4.652799964E-01 -4.181000000E+04 7.301000000E+04 2.187899933E+02 3.526000061E+02 -1.238899994E+02 2.755100098E+02 1.516399980E+00 2.119800001E-01 2.004900016E-03
 7.175000064E-05 7.275999815E-05 4.591299891E-01 -5.179700000E+04 7.402800000E+04 2.173200073E+02 3.567900085E+02 -1.232500000E+02 2.570700073E+02 1.536800027E+00 2.077800035E-01 2.031800104E-03
 7.380000170E-05 7.213599747E-05 4.505800009E-01 -5.881800000E+04 6.686300000E+04 2.156499939E+02 3.615499878E+02 -1.230999985E+02 2.376600037E+02 1.560899973E+00 2.023400068E-01 2.070500050E-03
 7.585000276E-05 7.151199679E-05 4.406200051E-01 -5.299300000E+04 6.143000000E+04 2.136300049E+02 3.663599854E+02 -1.229499969E+02 2.319100037E+02 1.586799979E+00 1.960200071E-01 2.117299940E-03
 7.789999654E-05 7.088800339E-05 4.300400019E-01 -5.241100000E+04 5.422000000E+04 2.114799957E+02 3.713500061E+02 -1.229199982E+02 2.297299957E+02 1.614300013E+00 1.894000024E-01 2.169500105E-03
 7.994999760E-05 7.026400272E-05 4.186600149E-01 -5.812700000E+04 5.059300000E+04 2.092599945E+02 3.763500061E+02 -1.230199966E+02 2.347899933E+02 1.642699957E+00 1.824499965E-01 2.228500089E-03
 8.199999866E-05 6.964000204E-05 4.062399864E-01 -5.952700000E+04 4.842800000E+04 2.069400024E+02 3.812000122E+02 -1.230199966E+02 2.192899933E+02 1.671100020E+00 1.750800014E-01 2.296800027E-03
 8.404999971E-05 6.901600136E-05 3.935599923E-01 -6.072400000E+04 4.894000000E+04 2.046000061E+02 3.862399902E+02 -1.231399994E+02 2.037500000E+02 1.700999975E+00 1.676899940E-01 2.370799892E-03
 8.610000077E-05 6.839200068E-05 3.814400136E-01 -6.726100000E+04 5.113200000E+04 2.022899933E+02 3.911799927E+02 -1.233199997E+02 2.135599976E+02 1.730800033E+00 1.606899947E-01 2.446200000E-03
 8.815000183E-05 6.776800001E-05 3.689900041E-01 -7.160800000E+04 4.946400000E+04 1.999600067E+02 3.960400085E+02 -1.237099991E+02 2.168300018E+02 1.761000037E+00 1.536599994E-01 2.528799931E-03
 9.020000289E-05 6.714399933E-05 3.570899963E-01 -7.661800000E+04 4.582600000E+04 1.977799988E+02 4.004200134E+02 -1.245000000E+02 1.955299988E+02 1.789499998E+00 1.470800042E-01 2.612899989E-03
 9.224999667E-05 6.651999865E-05 3.455600142E-01 -8.691100000E+04 4.813700000E+04 1.957500000E+02 4.046099854E+02 -1.251500015E+02 2.007400055E+02 1.816699982E+00 1.408700049E-01 2.700200072E-03
 9.429999773E-05 6.589599798E-05 3.339599967E-01 -9.386400000E+04 4.706400000E+04 1.936199951E+02 4.088699951E+02 -1.256299973E+02 2.051699982E+02 1.844900012E+00 1.346600056E-01 2.794000087E-03
 9.634999878E-05 6.527199730E-05 3.231900036E-01 -1.014100000E+05 4.730700000E+04 1.915000000E+02 4.127300110E+02 -1.260199966E+02 2.033500061E+02 1.871600032E+00 1.288899928E-01 2.886899980E-03
 9.839999984E-05 6.464799662E-05 3.130699992E-01 -1.031500000E+05 5.228400000E+04 1.893999939E+02 4.166099854E+02 -1.264000015E+02 2.105299988E+02 1.898599982E+00 1.234799996E-01 2.980299992E-03
 1.004500009E-04 6.402400322E-05 3.029200137E-01 -1.095900000E+05 4.976400000E+04 1.874900055E+02 4.207300110E+02 -1.269400024E+02 2.033000031E+02 1.926200032E+00 1.182800010E-01 3.080300055E-03
 1.025000020E-04 6.340000255E-05 2.933200002E-01 -1.288000000E+05 4.767900000E+04 1.859299927E+02 4.240599976E+02 -1.272799988E+02 2.055500031E+02 1.948699951E+00 1.135800034E-01 3.180899890E-03
 1.045500030E-04 6.277600187E-05 2.846800089E-01 -1.446400000E+05 5.241700000E+04 1.843999939E+02 4.267200012E+02 -1.276699982E+02 2.258099976E+02 1.968600035E+00 1.093199998E-01 3.277400043E-03
 1.065999968E-04 6.215200119E-05 2.764100134E-01 -1.557200000E+05 5.615000000E+04 1.828399963E+02 4.295499878E+02 -1.284400024E+02 2.335299988E+02 1.989899993E+00 1.052500010E-01 3.375499975E-03
 1.086499979E-04 6.152800051E-05 2.685399950E-01 -1.764700000E+05 5.750900000E+04 1.813899994E+02 4.321199951E+02 -1.289799957E+02 2.425599976E+02 2.009500027E+00 1.014399976E-01 3.474300029E-03
 1.106999989E-04 6.090399984E-05 2.613399923E-01 -2.058900000E+05 6.569100000E+04 1.802599945E+02 4.339299927E+02 -1.291399994E+02 2.694899902E+02 2.023799896E+00 9.810300171E-02 3.569900058E-03
 1.127500000E-04 6.027999916E-05 2.574700117E-01 -3.071200000E+05 1.098000000E+05 1.820599976E+02 4.305000000E+02 -1.272099991E+02 3.756600037E+02 1.996899962E+00 9.761200100E-02 3.623000113E-03
 1.148000010E-04 5.965599848E-05 2.740499973E-01 -7.168400000E+05 2.523900000E+05 1.987700043E+02 3.976799927E+02 -1.148300018E+02 8.808499756E+02 1.770799994E+00 1.139800027E-01 3.417900065E-03
 1.168500021E-04 5.903200145E-05 3.554700017E-01 -9.688000000E+05 3.313100000E+05 2.363399963E+02 3.092500000E+02 -8.437799835E+01 1.629800049E+03 1.268700004E+00 1.781399995E-01 2.715700073E-03
 1.189000031E-04 5.840800077E-05 5.085600019E-01 -5.503500000E+05 1.885400000E+05 2.708699951E+02 2.087799988E+02 -5.260400009E+01 1.499800049E+03 7.892000079E-01 2.890500128E-01 1.893899986E-03
 1.209499969E-04 5.778400009E-05 6.438599825E-01 -1.309800000E+05 4.596100000E+04 2.861499939E+02 1.531900024E+02 -3.761600113E+01 7.064799805E+02 5.601199865E-01 3.840500116E-01 1.456700033E-03
 1.230000053E-04 5.715999941E-05 7.038400173E-01 -3.980700000E+04 1.599000000E+04 2.912999878E+02 1.331900024E+02 -3.363999939E+01 2.813599854E+02 4.831399918E-01 4.269900024E-01 1.325799967E-03
 1.250500063E-04 5.653599874E-05 7.229800224E-01 -1.629500000E+04 1.500200000E+04 2.929800110E+02 1.248700027E+02 -3.283599854E+01 1.515700073E+02 4.527600110E-01 4.410899878E-01 1.290300046E-03
 1.270999928E-04 5.591200170E-05 7.331500053E-01 -1.213700000E+04 1.306500000E+04 2.937999878E+02 1.195400009E+02 -3.236999893E+01 1.269800034E+02 4.336400032E-01 4.485400021E-01 1.272400026E-03
 1.291499939E-04 5.528800102E-05 7.404299974E-01 -8.118000000E+03 7.722100098E+03 2.944899902E+02 1.153899994E+02 -3.159600067E+01 1.336799927E+02 4.184300005E-01 4.540700018E-01 1.259800047E-03
 1.311999949E-04 5.466400034E-05 7.454400063E-01 -3.597100098E+03 8.835599609E+03 2.949899902E+02 1.116100006E+02 -3.097999954E+01 1.292700043E+02 4.047600031E-01 4.579100013E-01 1.251399983E-03
 1.332499960E-04 5.403999967E-05 7.499799728E-01 -5.343000000E+03 5.686200195E+03 2.954899902E+02 1.080800018E+02 -3.033799934E+01 1.102600021E+02 3.919500113E-01 4.614799917E-01 1.243800041E-03
 1.352999971E-04 5.341599899E-05 7.544900179E-01 -2.589800049E+03 3.609699951E+03 2.958599854E+02 1.049499969E+02 -2.959600067E+01 1.046299973E+02 3.804599941E-01 4.648399949E-01 1.236299984E-03
 1.373499981E-04 5.279199831E-05 7.588999867E-01 -4.267299805E+03 1.289100000E+04 2.962900085E+02 1.021100006E+02 -2.895100021E+01 1.138099976E+02 3.700599968E-01 4.682399929E-01 1.229200047E-03
 1.393999992E-04 5.216800128E-05 7.620300055E-01 -1.195600000E+04 1.357700000E+04 2.967699890E+02 9.945999908E+01 -2.828800011E+01 1.166500015E+02 3.602400124E-01 4.709300101E-01 1.224100008E-03
 1.414500002E-04 5.154400060E-05 7.647100091E-01 -1.050700000E+04 9.268400391E+03 2.971099854E+02 9.695300293E+01 -2.756500053E+01 1.082900009E+02 3.509500027E-01 4.731299877E-01 1.219799975E-03
 1.435000013E-04 5.091999992E-05 7.678499818E-01 -1.071000000E+03 5.711799805E+03 2.972999878E+02 9.453700256E+01 -2.694899940E+01 9.316500092E+01 3.421700001E-01 4.753600061E-01 1.214800053E-03
 1.455500023E-04 5.029599924E-05 7.710000277E-01 -6.122000122E+02 6.721200195E+03 2.973900146E+02 9.210199738E+01 -2.631500053E+01 8.936000061E+01 3.333599865E-01 4.774700105E-01 1.209900016E-03
 1.476000034E-04 4.967199857E-05 7.738999724E-01 -6.907899902E+03 9.503099609E+03 2.977000122E+02 8.974800110E+01 -2.543499947E+01 6.866799927E+01 3.244799972E-01 4.797700047E-01 1.205299981E-03
 1.496500045E-04 4.904800153E-05 7.763699889E-01 -3.754899902E+02 4.018000000E+03 2.981199951E+02 8.756199646E+01 -2.454400063E+01 6.871900177E+01 3.160899878E-01 4.819799960E-01 1.201499952E-03
 1.517000055E-04 4.842400085E-05 7.782700062E-01 -6.674899902E+03 5.110299805E+03 2.985899963E+02 8.558000183E+01 -2.382200050E+01 9.651100159E+01 3.085399866E-01 4.839000106E-01 1.198600046E-03
 1.537500066E-04 4.780000017E-05 7.802799940E-01 -1.606600000E+04 9.904200195E+03 2.988800049E+02 8.387799835E+01 -2.341300011E+01 9.849800110E+01 3.023200035E-01 4.856300056E-01 1.195500023E-03
 1.557999931E-04 4.717599950E-05 7.828099728E-01 -7.864200195E+03 8.912500000E+03 2.988599854E+02 8.219100189E+01 -2.302599907E+01 8.241899872E+01 2.963199914E-01 4.871700108E-01 1.191599993E-03
 1.578499941E-04 4.655199882E-05 7.849400043E-01 -3.269299927E+02 7.234100098E+03 2.988200073E+02 8.032700348E+01 -2.205299950E+01 7.884100342E+01 2.892099917E-01 4.884400070E-01 1.188399969E-03
 1.598999952E-04 4.592800178E-05 7.873600125E-01 6.523100098E+03 1.006300000E+04 2.988900146E+02 7.829699707E+01 -2.120299911E+01 7.726599884E+01 2.815900147E-01 4.900699854E-01 1.184700057E-03
 1.619499963E-04 4.530400111E-05 7.894799709E-01 -2.458200073E+02 1.024800000E+04 2.991799927E+02 7.648500061E+01 -2.100699997E+01 5.792699814E+01 2.752099931E-01 4.918499887E-01 1.181500033E-03
 1.639999973E-04 4.468000043E-05 7.909799814E-01 -8.735399780E+02 2.177699951E+03 2.993800049E+02 7.484500122E+01 -2.033499908E+01 7.604799652E+01 2.690199912E-01 4.931200147E-01 1.179300016E-03
 1.660499984E-04 4.405599975E-05 7.918199897E-01 5.523000000E+03 1.147599976E+03 2.997699890E+02 7.309700012E+01 -1.902400017E+01 1.006399994E+02 2.618300021E-01 4.942899942E-01 1.178000006E-03
 1.680999994E-04 4.343199907E-05 7.928299904E-01 -7.778900146E+02 -1.473400024E+03 3.001799927E+02 7.120800018E+01 -1.807799911E+01 1.011399994E+02 2.545000017E-01 4.955799878E-01 1.176599995E-03
 1.701500005E-04 4.280799840E-05 7.946100235E-01 -2.534699951E+03 -7.526500000E+03 3.002999878E+02 6.917700195E+01 -1.760799980E+01 9.504199982E+01 2.472199947E-01 4.969100058E-01 1.173899975E-03
 1.722000015E-04 4.218400136E-05 7.970399857E-01 4.385400085E+02 -2.172500000E+03 3.003399963E+02 6.723600006E+01 -1.686700058E+01 8.970899963E+01 2.400600016E-01 4.984799922E-01 1.170299947E-03
 1.742500026E-04 4.156000068E-05 7.991499901E-01 5.627000000E+03 6.022799805E+03 3.002300110E+02 6.528199768E+01 -1.588500023E+01 9.158999634E+01 2.327300012E-01 4.996300042E-01 1.167200040E-03
 1.763000037E-04 4.093600000E-05 8.001000285E-01 2.871800049E+03 3.044300049E+03 3.004899902E+02 6.336000061E+01 -1.519900036E+01 7.429000092E+01 2.256100029E-01 5.006499887E-01 1.165900030E-03
 1.783500047E-04 4.031199933E-05 8.015699983E-01 -5.294600098E+03 -5.168600098E+03 3.007699890E+02 6.142900085E+01 -1.425399971E+01 6.688999939E+01 2.182399929E-01 5.020400286E-01 1.163700013E-03
 1.804000058E-04 3.968799865E-05 8.029000163E-01 -2.157399902E+03 -3.952300049E+03 3.008200073E+02 5.939300156E+01 -1.306099987E+01 7.899900055E+01 2.104499936E-01 5.029500127E-01 1.161799999E-03
 1.824500068E-04 3.906400161E-05 8.043500185E-01 2.840100098E+03 2.520899902E+03 3.008500061E+02 5.735800171E+01 -1.231499958E+01 6.930699921E+01 2.029999942E-01 5.039200187E-01 1.159699983E-03
 1.844999933E-04 3.844000094E-05 8.061199784E-01 -7.897399902E+02 3.336100098E+03 3.011000061E+02 5.531399918E+01 -1.141100025E+01 6.126200104E+01 1.953700036E-01 5.054399967E-01 1.157199964E-03
 1.865499944E-04 3.781600026E-05 8.068900108E-01 -2.201399902E+03 4.963799805E+03 3.015000000E+02 5.333100128E+01 -1.008500004E+01 8.119499969E+01 1.876299977E-01 5.066000223E-01 1.155999955E-03
 1.885999955E-04 3.719199958E-05 8.072599769E-01 2.808399902E+03 8.577099609E+03 3.017200012E+02 5.142800140E+01 -8.633799553E+00 9.263200378E+01 1.802099943E-01 5.071899891E-01 1.155499951E-03
 1.906499965E-04 3.656799890E-05 8.076199889E-01 1.790900024E+03 6.514399902E+03 3.019899902E+02 4.941400146E+01 -7.238999844E+00 9.575099945E+01 1.725099981E-01 5.078700185E-01 1.154999947E-03
 1.926999976E-04 3.594399823E-05 8.080300093E-01 -5.925799805E+03 -7.682600098E+02 3.024800110E+02 4.718000031E+01 -5.898399830E+00 9.961799622E+01 1.641100049E-01 5.089600086E-01 1.154399943E-03
 1.947499986E-04 3.532000119E-05 8.086100221E-01 -9.189700195E+03 -4.354500000E+03 3.029400024E+02 4.481600189E+01 -4.190999985E+00 1.003499985E+02 1.552699953E-01 5.101100206E-01 1.153600053E-03
 1.967999997E-04 3.469600051E-05 8.088099957E-01 -1.421700000E+04 5.153899902E+03 3.036300049E+02 4.231600189E+01 -2.248399973E+00 1.092500000E+02 1.460299939E-01 5.113899708E-01 1.153300051E-03
 1.988500007E-04 3.407199983E-05 8.064100146E-01 -2.338600000E+04 1.523000000E+04 3.051199951E+02 3.979700089E+01 3.493799865E-01 1.264199982E+02 1.368899941E-01 5.123699903E-01 1.156699960E-03
 2.009000018E-04 3.344799916E-05 8.005700111E-01 -3.672600000E+04 2.628200000E+04 3.077699890E+02 3.741600037E+01 4.146399975E+00 1.609799957E+02 1.290600002E-01 5.130599737E-01 1.165200025E-03
 2.029500029E-04 3.282399848E-05 7.913299799E-01 -6.221700000E+04 5.170100000E+04 3.117799988E+02 3.540700150E+01 9.977000237E+00 2.148600006E+02 1.257099956E-01 5.137400031E-01 1.178800012E-03
 2.050000039E-04 3.220000144E-05 7.857599854E-01 -7.749900000E+04 6.955100000E+04 3.141300049E+02 3.454999924E+01 1.360700035E+01 2.455899963E+02 1.257900000E-01 5.139799714E-01 1.187199960E-03
 0.000000000E+00 6.283300172E-05 1.600700021E+00 -3.427800000E+05 -8.726300000E+04 3.000000000E+02 1.102900009E+02 4.156900024E+01 -7.682999878E+02 4.108600020E-01 1.002300024E+00 5.789399729E-04
 2.049999921E-06 6.350000331E-05 1.603700042E+00 -1.931000000E+05 -4.633100000E+04 2.990799866E+02 1.109899979E+02 4.250000000E+01 -4.547500000E+02 4.136799872E-01 9.999099970E-01 5.797700142E-04
 4.099999842E-06 6.416699762E-05 1.607800007E+00 -3.362000000E+04 1.700599976E+03 2.981600037E+02 1.120199966E+02 4.381900024E+01 -1.302599945E+02 4.180800021E-01 9.982500076E-01 5.801700172E-04
 6.149999990E-06 6.483300240E-05 1.607200027E+00 -1.279200000E+04 8.556900391E+03 2.980599976E+02 1.129300003E+02 4.461999893E+01 -1.325000000E+02 4.221000075E-01 9.975799918E-01 5.803700187E-04
 8.199999684E-06 6.549999671E-05 1.604699969E+00 3.115399902E+03 6.404399902E+03 2.978399963E+02 1.141500015E+02 4.508000183E+01 -1.557700043E+02 4.267899990E-01 9.952700138E-01 5.812799791E-04
 1.024999983E-05 6.616699829E-05 1.601899981E+00 2.007000000E+03 -8.771500000E+03 2.977399902E+02 1.155999985E+02 4.548600006E+01 -1.668500061E+02 4.320699871E-01 9.932000041E-01 5.823100219E-04
 1.229999998E-05 6.683300307E-05 1.599400043E+00 -7.180299805E+03 -1.083600000E+04 2.975799866E+02 1.170400009E+02 4.589300156E+01 -1.670599976E+02 4.373500049E-01 9.911000133E-01 5.832199822E-04
 1.435000013E-05 6.749999739E-05 1.598000050E+00 -3.884500000E+03 1.457599976E+03 2.972399902E+02 1.184000015E+02 4.607199860E+01 -1.645200043E+02 4.422500134E-01 9.891300201E-01 5.837299977E-04
 1.639999937E-05 6.816699897E-05 1.594300032E+00 -3.963000000E+03 5.659700195E+03 2.970499878E+02 1.199499969E+02 4.640999985E+01 -1.469499969E+02 4.478400052E-01 9.861900210E-01 5.850800080E-04
 1.845000043E-05 6.883299648E-05 1.589699984E+00 -1.477299957E+02 7.675799805E+03 2.967600098E+02 1.215800018E+02 4.662500000E+01 -1.190199966E+02 4.536300004E-01 9.824100137E-01 5.867700092E-04
 2.049999966E-05 6.949999806E-05 1.585999966E+00 1.891900024E+03 -4.238600098E+03 2.963699951E+02 1.233700027E+02 4.677600098E+01 -1.373000031E+02 4.599600136E-01 9.787999988E-01 5.881499965E-04
 2.255000072E-05 7.016699965E-05 1.580800056E+00 -3.585899902E+03 -1.355900000E+04 2.960100098E+02 1.254899979E+02 4.719200134E+01 -1.352700043E+02 4.676600099E-01 9.743999839E-01 5.901000113E-04
 2.459999996E-05 7.083299715E-05 1.574000001E+00 -5.101100098E+03 -6.022100098E+03 2.956400146E+02 1.278799973E+02 4.762699890E+01 -1.023300018E+02 4.763100147E-01 9.689999819E-01 5.926499725E-04
 2.664999920E-05 7.149999874E-05 1.566499949E+00 -8.281400391E+03 1.146300049E+03 2.952500000E+02 1.304299927E+02 4.818999863E+01 -8.951599884E+01 4.856500030E-01 9.631100297E-01 5.954800290E-04
 2.870000026E-05 7.216700033E-05 1.558799982E+00 -5.701799805E+03 7.223000000E+03 2.947099915E+02 1.331199951E+02 4.893099976E+01 -8.708399963E+01 4.957999885E-01 9.566599727E-01 5.984100280E-04
 3.075000132E-05 7.283299783E-05 1.550500035E+00 -4.104799805E+03 7.025500000E+03 2.940499878E+02 1.361199951E+02 4.964599991E+01 -8.931900024E+01 5.071099997E-01 9.494000077E-01 6.016200059E-04
 3.279999873E-05 7.349999942E-05 1.539700031E+00 6.534000000E+03 3.832100098E+03 2.931799927E+02 1.399400024E+02 5.047200012E+01 -5.986000061E+01 5.214400291E-01 9.400399923E-01 6.058299914E-04
 3.484999979E-05 7.416700100E-05 1.526299953E+00 1.101900000E+04 -4.983200195E+03 2.923800049E+02 1.446000061E+02 5.171799850E+01 6.138199806E+00 5.390099883E-01 9.292799830E-01 6.111700204E-04
 3.690000085E-05 7.483299851E-05 1.510300040E+00 1.498400000E+04 -2.142400000E+04 2.916000061E+02 1.497299957E+02 5.308800125E+01 6.471099854E+01 5.583400130E-01 9.171000123E-01 6.176499883E-04
 3.894999827E-05 7.550000009E-05 1.493000031E+00 2.615000000E+04 -1.374500000E+04 2.905100098E+02 1.556100006E+02 5.442300034E+01 6.843299866E+01 5.804700255E-01 9.032099843E-01 6.248099962E-04
 4.099999933E-05 7.616700168E-05 1.472900033E+00 2.217300000E+04 7.269200195E+03 2.890799866E+02 1.626000061E+02 5.633800125E+01 6.179499817E+01 6.074299812E-01 8.866999745E-01 6.333300262E-04
 4.305000039E-05 7.683299918E-05 1.445899963E+00 1.609800000E+04 5.262399902E+03 2.872600098E+02 1.711000061E+02 5.877099991E+01 7.072799683E+01 6.406099796E-01 8.649500012E-01 6.452099769E-04
 4.510000144E-05 7.750000077E-05 1.411599994E+00 2.683100000E+04 4.122000000E+03 2.849700012E+02 1.820099945E+02 6.143099976E+01 1.088499985E+02 6.830000281E-01 8.377199769E-01 6.609099801E-04
 4.714999886E-05 7.816700236E-05 1.365100026E+00 5.622600000E+04 1.654000000E+04 2.814800110E+02 1.970599976E+02 6.418499756E+01 1.409299927E+02 7.414900064E-01 8.002799749E-01 6.836199900E-04
 4.919999992E-05 7.883299986E-05 1.289899945E+00 9.957800000E+04 4.939700195E+03 2.759100037E+02 2.209100037E+02 6.632199860E+01 8.823699951E+01 8.338299990E-01 7.414699793E-01 7.240999839E-04
 5.125000098E-05 7.950000145E-05 1.111999989E+00 1.270900000E+05 -5.783700000E+04 2.638999939E+02 2.677099915E+02 4.838600159E+01 -5.196799927E+02 1.011100054E+00 6.134499907E-01 8.508699830E-04
 5.329999840E-05 7.889999688E-05 8.451700211E-01 1.041400000E+05 -1.032300000E+05 2.461799927E+02 3.213200073E+02 -5.298999786E+00 -9.614199829E+02 1.238800049E+00 4.359500110E-01 1.134900027E-03
 5.534999946E-05 7.829999959E-05 6.313499808E-01 2.604600000E+04 -6.806500000E+04 2.312200012E+02 3.486499939E+02 -6.772100067E+01 -5.271099854E+02 1.406700015E+00 3.050200045E-01 1.503900043E-03
 5.740000051E-05 7.770000229E-05 5.239599943E-01 -4.607300000E+04 5.531299805E+03 2.231199951E+02 3.540100098E+02 -1.080400009E+02 -1.517800045E+01 1.488199949E+00 2.436099946E-01 1.788699999E-03
 5.945000157E-05 7.709999772E-05 4.856599867E-01 -6.869400000E+04 6.558800000E+04 2.203300018E+02 3.526199951E+02 -1.250299988E+02 2.403099976E+02 1.512799978E+00 2.228199989E-01 1.922399970E-03
 6.150000263E-05 7.650000043E-05 4.751400054E-01 -7.223000000E+04 9.149900000E+04 2.196999969E+02 3.511300049E+02 -1.299600067E+02 3.251700134E+02 1.516000032E+00 2.173700035E-01 1.963600051E-03
 6.354999641E-05 7.590000314E-05 4.734199941E-01 -6.208600000E+04 9.717400000E+04 2.194799957E+02 3.513699951E+02 -1.305299988E+02 3.479200134E+02 1.518499970E+00 2.163600028E-01 1.970400102E-03
 6.559999747E-05 7.529999857E-05 4.734199941E-01 -5.301900000E+04 9.575100000E+04 2.190800018E+02 3.527900085E+02 -1.293699951E+02 3.440899963E+02 1.523599982E+00 2.159799933E-01 1.970400102E-03
 6.764999853E-05 7.470000128E-05 4.716500044E-01 -5.600300000E+04 8.360800000E+04 2.182700043E+02 3.554599915E+02 -1.273799973E+02 3.147099915E+02 1.533900023E+00 2.143699974E-01 1.977799926E-03
 6.969999959E-05 7.409999671E-05 4.673900008E-01 -5.748000000E+04 7.978400000E+04 2.169799957E+02 3.588999939E+02 -1.255999985E+02 2.890400085E+02 1.549200058E+00 2.111900002E-01 1.995800063E-03
 7.175000064E-05 7.349999942E-05 4.614000022E-01 -5.932500000E+04 8.044600000E+04 2.155899963E+02 3.625899963E+02 -1.244400024E+02 2.772900085E+02 1.566900015E+00 2.071399987E-01 2.021800028E-03
 7.380000170E-05 7.290000212E-05 4.532899857E-01 -6.348900000E+04 6.842900000E+04 2.140200043E+02 3.669700012E+02 -1.235500031E+02 2.651000061E+02 1.588500023E+00 2.020300031E-01 2.058099955E-03
 7.585000276E-05 7.229999756E-05 4.437800050E-01 -5.778400000E+04 6.072300000E+04 2.121199951E+02 3.714500122E+02 -1.228799973E+02 2.528300018E+02 1.612300038E+00 1.960300058E-01 2.102199942E-03
 7.789999654E-05 7.170000026E-05 4.328500032E-01 -5.063600000E+04 5.812100000E+04 2.100399933E+02 3.760499878E+02 -1.223099976E+02 2.445599976E+02 1.637599945E+00 1.893399954E-01 2.155499998E-03
 7.994999760E-05 7.110000297E-05 4.207699895E-01 -5.486900000E+04 5.661100000E+04 2.078999939E+02 3.807699890E+02 -1.217799988E+02 2.401600037E+02 1.664000034E+00 1.821700037E-01 2.217300003E-03
 8.199999866E-05 7.049999840E-05 4.085400105E-01 -6.366400000E+04 5.606100000E+04 2.057400055E+02 3.855799866E+02 -1.213399963E+02 2.290000000E+02 1.691300035E+00 1.750400066E-01 2.283799928E-03
 8.404999971E-05 6.990000111E-05 3.960900009E-01 -6.493400000E+04 5.497800000E+04 2.034700012E+02 3.905499878E+02 -1.213000031E+02 2.117500000E+02 1.720600009E+00 1.678400040E-01 2.355600009E-03
 8.610000077E-05 6.929999654E-05 3.835799992E-01 -6.572000000E+04 5.180000000E+04 2.011799927E+02 3.952900085E+02 -1.210800018E+02 2.081499939E+02 1.749300003E+00 1.607100070E-01 2.432500012E-03
 8.815000183E-05 6.869999925E-05 3.712399900E-01 -7.384500000E+04 5.087700000E+04 1.989700012E+02 4.000000000E+02 -1.209400024E+02 2.201199951E+02 1.777999997E+00 1.538300067E-01 2.513299929E-03
 9.020000289E-05 6.810000195E-05 3.595399857E-01 -8.286500000E+04 4.812500000E+04 1.969199982E+02 4.042600098E+02 -1.214400024E+02 2.073800049E+02 1.805299997E+00 1.474500000E-01 2.595100086E-03
 9.224999667E-05 6.749999739E-05 3.478899896E-01 -8.952900000E+04 4.550300000E+04 1.948699951E+02 4.082799988E+02 -1.216299973E+02 2.047700043E+02 1.831599951E+00 1.411900073E-01 2.682100050E-03
 9.429999773E-05 6.690000009E-05 3.361600041E-01 -9.540700000E+04 4.528400000E+04 1.927299957E+02 4.125400085E+02 -1.218700027E+02 2.042799988E+02 1.859699965E+00 1.349200010E-01 2.775700064E-03
 9.634999878E-05 6.630000280E-05 3.251099885E-01 -1.038300000E+05 4.879100000E+04 1.906699982E+02 4.163800049E+02 -1.222500000E+02 2.072500000E+02 1.886199951E+00 1.290899962E-01 2.869999968E-03
 9.839999984E-05 6.569999823E-05 3.145399988E-01 -1.064200000E+05 5.118000000E+04 1.887599945E+02 4.201099854E+02 -1.223700027E+02 2.260700073E+02 1.911399961E+00 1.236400008E-01 2.966499887E-03
 1.004500009E-04 6.510000094E-05 3.043000102E-01 -1.111800000E+05 4.825300000E+04 1.868999939E+02 4.239500122E+02 -1.226200027E+02 2.253000031E+02 1.937399983E+00 1.184400022E-01 3.066200064E-03
 1.025000020E-04 6.449999637E-05 2.950400114E-01 -1.255700000E+05 4.688100000E+04 1.851999969E+02 4.271900024E+02 -1.228700027E+02 2.163600006E+02 1.960299969E+00 1.137899980E-01 3.162299981E-03
 1.045500030E-04 6.389999908E-05 2.863200009E-01 -1.402200000E+05 5.021600000E+04 1.836999969E+02 4.299700012E+02 -1.231600037E+02 2.181399994E+02 1.980499983E+00 1.095300019E-01 3.258700017E-03
 1.065999968E-04 6.330000178E-05 2.777900100E-01 -1.572100000E+05 5.624500000E+04 1.822599945E+02 4.326199951E+02 -1.236600037E+02 2.285099945E+02 2.000200033E+00 1.054399982E-01 3.358700080E-03
 1.086499979E-04 6.269999722E-05 2.698299885E-01 -1.777700000E+05 6.071400000E+04 1.808699951E+02 4.350700073E+02 -1.241699982E+02 2.334400024E+02 2.019099951E+00 1.016300023E-01 3.457699902E-03
 1.106999989E-04 6.209999992E-05 2.624599934E-01 -2.026900000E+05 6.749800000E+04 1.796600037E+02 4.371300049E+02 -1.242699966E+02 2.556300049E+02 2.034800053E+00 9.819500148E-02 3.554800060E-03
 1.127500000E-04 6.150000263E-05 2.574200034E-01 -2.728700000E+05 9.440600000E+04 1.803399963E+02 4.357099915E+02 -1.229100037E+02 3.265000000E+02 2.023299932E+00 9.666799754E-02 3.623799887E-03
 1.148000010E-04 6.090000170E-05 2.672300041E-01 -6.125400000E+05 2.140700000E+05 1.926199951E+02 4.120199890E+02 -1.138000031E+02 7.097600098E+02 1.853999972E+00 1.074799970E-01 3.497600090E-03
 1.168500021E-04 6.030000077E-05 3.327299953E-01 -9.840600000E+05 3.353100000E+05 2.275599976E+02 3.334599915E+02 -8.643499756E+01 1.508099976E+03 1.389600039E+00 1.604599953E-01 2.882699948E-03
 1.189000031E-04 5.969999984E-05 4.785600007E-01 -6.866100000E+05 2.248100000E+05 2.653900146E+02 2.291100006E+02 -5.331100082E+01 1.576400024E+03 8.726599813E-01 2.672399879E-01 2.026099944E-03
 1.209499969E-04 5.909999891E-05 6.267099977E-01 -1.881500000E+05 5.452400000E+04 2.841700134E+02 1.636000061E+02 -3.584400177E+01 7.968699951E+02 5.969499946E-01 3.714399934E-01 1.501200022E-03
 1.230000053E-04 5.850000161E-05 7.002999783E-01 -5.705500000E+04 1.387900000E+04 2.904599915E+02 1.389499969E+02 -3.157399940E+01 3.163999939E+02 5.018699765E-01 4.236299992E-01 1.332800020E-03
 1.250500063E-04 5.790000068E-05 7.228599787E-01 -3.086800000E+04 1.682400000E+04 2.925000000E+02 1.292799988E+02 -3.126399994E+01 1.838399963E+02 4.667699933E-01 4.402900040E-01 1.290500048E-03
 1.270999928E-04 5.729999975E-05 7.328199744E-01 -1.357200000E+04 1.763800000E+04 2.934599915E+02 1.233499985E+02 -3.118700027E+01 1.486699982E+02 4.457800090E-01 4.478200078E-01 1.272900030E-03
 1.291499939E-04 5.669999882E-05 7.404099703E-01 -4.801899902E+03 1.329900000E+04 2.941000061E+02 1.188399963E+02 -3.054199982E+01 1.484400024E+02 4.294199944E-01 4.534499943E-01 1.259900047E-03
 1.311999949E-04 5.610000153E-05 7.455599904E-01 -5.891100098E+03 1.446200000E+04 2.946300049E+02 1.151699982E+02 -3.000399971E+01 1.371799927E+02 4.161300063E-01 4.574300051E-01 1.251199981E-03
 1.332499960E-04 5.550000060E-05 7.504500151E-01 -2.106000000E+03 6.291700195E+03 2.950899963E+02 1.116299973E+02 -2.944499969E+01 1.288999939E+02 4.033499956E-01 4.611400068E-01 1.243000035E-03
 1.352999971E-04 5.489999967E-05 7.550399899E-01 2.845600098E+03 1.953000000E+03 2.954200134E+02 1.082600021E+02 -2.886000061E+01 1.427400055E+02 3.912000060E-01 4.644899964E-01 1.235399977E-03
 1.373499981E-04 5.429999874E-05 7.588599920E-01 -1.201599976E+03 6.517200195E+03 2.958599854E+02 1.052900009E+02 -2.826700020E+01 1.327299957E+02 3.803800046E-01 4.675399959E-01 1.229200047E-03
 1.393999992E-04 5.370000144E-05 7.624700069E-01 -3.422699951E+03 7.451200195E+03 2.963399963E+02 1.026200027E+02 -2.758300018E+01 1.182600021E+02 3.704699874E-01 4.705199897E-01 1.223400002E-03
 1.414500002E-04 5.310000051E-05 7.655100226E-01 -6.416299805E+03 5.185100098E+03 2.967399902E+02 1.001299973E+02 -2.695199966E+01 1.181100006E+02 3.612500131E-01 4.730300009E-01 1.218499965E-03
 1.435000013E-04 5.249999958E-05 7.685700059E-01 -3.015800049E+03 2.439899902E+03 2.969200134E+02 9.769499969E+01 -2.630699921E+01 9.829599762E+01 3.523800075E-01 4.752100110E-01 1.213700045E-03
 1.455500023E-04 5.189999865E-05 7.712200284E-01 -2.092699951E+03 4.397500000E+03 2.971499939E+02 9.526799774E+01 -2.570700073E+01 8.782599640E+01 3.435499966E-01 4.772199988E-01 1.209500013E-03
 1.476000034E-04 5.130000136E-05 7.731900215E-01 -8.275000000E+03 6.315100098E+03 2.975799866E+02 9.306900024E+01 -2.491300011E+01 8.500599670E+01 3.352000117E-01 4.791299999E-01 1.206399989E-03
 1.496500045E-04 5.070000043E-05 7.759400010E-01 -4.969600098E+03 5.180000000E+03 2.979400024E+02 9.103199768E+01 -2.412999916E+01 8.169899750E+01 3.274500072E-01 4.814200103E-01 1.202199957E-03
 1.517000055E-04 5.009999950E-05 7.784100175E-01 -1.293500000E+04 8.968099609E+03 2.982300110E+02 8.902700043E+01 -2.346299934E+01 8.624099731E+01 3.199599981E-01 4.834100008E-01 1.198300044E-03
 1.537500066E-04 4.949999857E-05 7.807199955E-01 -1.212900000E+04 8.514700195E+03 2.984500122E+02 8.706300354E+01 -2.304299927E+01 8.114600372E+01 3.128699958E-01 4.852100015E-01 1.194800017E-03
 1.557999931E-04 4.890000127E-05 7.830500007E-01 2.872999878E+02 6.282200195E+03 2.985700073E+02 8.511399841E+01 -2.256800079E+01 7.502799988E+01 3.058499992E-01 4.868400097E-01 1.191199990E-03
 1.578499941E-04 4.830000034E-05 7.846599817E-01 -2.302899933E+02 1.068200000E+04 2.986700134E+02 8.328299713E+01 -2.153300095E+01 9.152600098E+01 2.987299860E-01 4.880200028E-01 1.188799972E-03
 1.598999952E-04 4.769999941E-05 7.868000269E-01 -5.008599854E+02 9.916500000E+03 2.987699890E+02 8.151599884E+01 -2.074699974E+01 8.517199707E+01 2.920599878E-01 4.895099998E-01 1.185599947E-03
 1.619499963E-04 4.709999848E-05 7.886199951E-01 -2.502699951E+03 8.754599609E+03 2.991000061E+02 7.960700226E+01 -2.038999939E+01 6.943699646E+01 2.851800025E-01 4.911800027E-01 1.182800042E-03
 1.639999973E-04 4.650000119E-05 7.901399732E-01 -1.250699951E+03 2.330600098E+03 2.994400024E+02 7.748699951E+01 -1.954199982E+01 7.796600342E+01 2.771700025E-01 4.926800132E-01 1.180600026E-03
 1.660499984E-04 4.590000026E-05 7.915099859E-01 1.114199951E+03 -4.377799988E+02 2.996600037E+02 7.551599884E+01 -1.820299911E+01 9.588999939E+01 2.693200111E-01 4.939000010E-01 1.178500010E-03
 1.680999994E-04 4.529999933E-05 7.929900289E-01 7.360599976E+02 -3.845699951E+03 2.998800049E+02 7.376799774E+01 -1.726600075E+01 1.004599991E+02 2.625699937E-01 4.952000082E-01 1.176299993E-03
 1.701500005E-04 4.469999840E-05 7.944599986E-01 4.094300049E+03 -8.313900391E+03 3.000299988E+02 7.197699738E+01 -1.688800049E+01 8.618299866E+01 2.561700046E-01 4.963600039E-01 1.174099976E-03
 1.722000015E-04 4.410000111E-05 7.963100076E-01 2.985300049E+03 1.065699951E+03 3.001199951E+02 7.014299774E+01 -1.622500038E+01 7.915200043E+01 2.494200021E-01 4.976600111E-01 1.171399956E-03
 1.742500026E-04 4.350000017E-05 7.987899780E-01 4.425500000E+03 6.485299805E+03 3.000599976E+02 6.833200073E+01 -1.509200001E+01 7.944899750E+01 2.424699962E-01 4.991100132E-01 1.167800045E-03
 1.763000037E-04 4.289999924E-05 7.999799848E-01 4.776799805E+03 -2.916600037E+02 3.003299866E+02 6.643199921E+01 -1.431200027E+01 6.786100006E+01 2.353499979E-01 5.003100038E-01 1.166000031E-03
 1.783500047E-04 4.229999831E-05 8.009099960E-01 -3.956500000E+03 -7.484799805E+03 3.007399902E+02 6.446399689E+01 -1.337899971E+01 6.207199860E+01 2.278600037E-01 5.015799999E-01 1.164700021E-03
 1.804000058E-04 4.170000102E-05 8.023599982E-01 -3.090899902E+03 -3.412199951E+03 3.008999939E+02 6.257400131E+01 -1.210400009E+01 8.220800018E+01 2.205200046E-01 5.027599931E-01 1.162600005E-03
 1.824500068E-04 4.110000009E-05 8.035799861E-01 2.675800049E+03 5.792299805E+03 3.010100098E+02 6.057500076E+01 -1.132699966E+01 9.031400299E+01 2.131900042E-01 5.036900043E-01 1.160799991E-03
 1.844999933E-04 4.049999916E-05 8.051800132E-01 1.189400024E+03 7.019200195E+03 3.011300049E+02 5.843700027E+01 -1.032800007E+01 8.011399841E+01 2.052599937E-01 5.048999786E-01 1.158499974E-03
 1.865499944E-04 3.989999823E-05 8.065699935E-01 -7.242799805E+03 5.728700195E+03 3.012900085E+02 5.643700027E+01 -9.074600220E+00 7.570999908E+01 1.976599991E-01 5.060399771E-01 1.156499959E-03
 1.885999955E-04 3.930000094E-05 8.072999716E-01 -6.451799805E+03 8.224700195E+03 3.015199890E+02 5.456000137E+01 -7.659399986E+00 9.552200317E+01 1.904499978E-01 5.068799853E-01 1.155499951E-03
 1.906499965E-04 3.870000000E-05 8.077200055E-01 -2.537899933E+02 7.442100098E+03 3.018999939E+02 5.254299927E+01 -6.061200142E+00 1.122099991E+02 1.827200055E-01 5.077900290E-01 1.154899946E-03
 1.926999976E-04 3.809999907E-05 8.082000017E-01 -1.754900024E+03 2.243300049E+03 3.022099915E+02 5.050199890E+01 -4.618299961E+00 1.070899963E+02 1.751099974E-01 5.086200237E-01 1.154200057E-03
 1.947499986E-04 3.750000178E-05 8.081899881E-01 -2.641300049E+03 -5.113200195E+03 3.026000061E+02 4.834899902E+01 -2.736399889E+00 1.014499969E+02 1.671500057E-01 5.092499852E-01 1.154200057E-03
 1.967999997E-04 3.690000085E-05 8.084800243E-01 -9.134500000E+03 1.376000000E+03 3.030700073E+02 4.589599991E+01 -6.003900170E-01 1.185999985E+02 1.582999974E-01 5.102300048E-01 1.153800054E-03
 1.988500007E-04 3.629999992E-05 8.079299927E-01 -1.556700000E+04 1.382800000E+04 3.039899902E+02 4.353099823E+01 1.847200036E+00 1.356000061E+02 1.500899941E-01 5.114399791E-01 1.154599944E-03
 2.009000018E-04 3.569999899E-05 8.041200042E-01 -2.298500000E+04 2.315600000E+04 3.058200073E+02 4.142800140E+01 5.598000050E+00 1.473300018E+02 1.437299997E-01 5.120800138E-01 1.159999985E-03
 2.029500029E-04 3.510000170E-05 7.970899940E-01 -4.226000000E+04 3.758600000E+04 3.088099976E+02 3.969100189E+01 1.077999973E+01 1.783800049E+02 1.408600062E-01 5.125600100E-01 1.170299947E-03
 2.050000039E-04 3.450000077E-05 7.926899791E-01 -5.498400000E+04 4.649000000E+04 3.107099915E+02 3.895299911E+01 1.366899967E+01 1.980800018E+02 1.405899972E-01 5.128700137E-01 1.176799997E-03
 0.000000000E+00 6.399999984E-05 1.600700021E+00 -3.020600000E+05 -6.338500000E+04 3.000000000E+02 1.042399979E+02 3.947900009E+01 -8.312700195E+02 3.892900050E-01 1.003299952E+00 5.785200046E-04
 2.049999921E-06 6.464000035E-05 1.603299975E+00 -1.733400000E+05 -3.625300000E+04 2.990799866E+02 1.050999985E+02 4.036399841E+01 -4.918800049E+02 3.922500014E-01 1.000100017E+00 5.796999903E-04
 4.099999842E-06 6.528000085E-05 1.606999993E+00 -2.378500000E+04 -2.602199951E+03 2.980499878E+02 1.063099976E+02 4.159799957E+01 -1.534799957E+02 3.968400061E-01 9.974099994E-01 5.804499961E-04
 6.149999990E-06 6.592000136E-05 1.606899977E+00 -1.955300049E+03 1.417099976E+03 2.978900146E+02 1.073000031E+02 4.229100037E+01 -1.603300018E+02 4.010500014E-01 9.967899919E-01 5.804899847E-04
 8.199999684E-06 6.656000187E-05 1.604799986E+00 -2.373100098E+03 2.785199951E+03 2.977300110E+02 1.086999969E+02 4.266299820E+01 -1.662899933E+02 4.061599970E-01 9.949399829E-01 5.812600139E-04
 1.024999983E-05 6.720000238E-05 1.602300048E+00 1.707300049E+03 -9.014500000E+03 2.975899963E+02 1.102699966E+02 4.306000137E+01 -1.692799988E+02 4.118399918E-01 9.929400086E-01 5.821600207E-04
 1.229999998E-05 6.784000288E-05 1.599599957E+00 -7.211699829E+02 -1.126300000E+04 2.974700012E+02 1.119499969E+02 4.364599991E+01 -1.598999939E+02 4.180899858E-01 9.908699989E-01 5.831500166E-04
 1.435000013E-05 6.848000339E-05 1.597200036E+00 -4.824200134E+02 6.369200195E+03 2.973200073E+02 1.136399994E+02 4.391500092E+01 -1.442400055E+02 4.240399897E-01 9.889000058E-01 5.840099766E-04
 1.639999937E-05 6.911999662E-05 1.593000054E+00 3.498500000E+03 7.474399902E+03 2.971799927E+02 1.155800018E+02 4.431499863E+01 -1.278700027E+02 4.309400022E-01 9.857900143E-01 5.855700001E-04
 1.845000043E-05 6.975999713E-05 1.588700056E+00 4.382500000E+03 4.074500000E+03 2.969200134E+02 1.177399979E+02 4.470299911E+01 -1.227600021E+02 4.386200011E-01 9.823099971E-01 5.871499889E-04
 2.049999966E-05 7.039999764E-05 1.585800052E+00 1.847700000E+04 -6.778500000E+03 2.965100098E+02 1.198399963E+02 4.486700058E+01 -1.353300018E+02 4.459899962E-01 9.791600108E-01 5.882100086E-04
 2.255000072E-05 7.103999815E-05 1.579900026E+00 1.279600000E+04 -1.466200000E+04 2.961199951E+02 1.223000031E+02 4.533800125E+01 -1.145100021E+02 4.548999965E-01 9.742299914E-01 5.904199788E-04
 2.459999996E-05 7.167999865E-05 1.572999954E+00 -2.028300049E+03 -6.368699951E+02 2.956700134E+02 1.250800018E+02 4.591799927E+01 -1.099499969E+02 4.650599957E-01 9.684600234E-01 5.930199986E-04
 2.664999920E-05 7.231999916E-05 1.565299988E+00 -5.646199951E+02 6.761399902E+03 2.952399902E+02 1.278700027E+02 4.652899933E+01 -8.863700104E+01 4.752799869E-01 9.623500109E-01 5.959399859E-04
 2.870000026E-05 7.295999967E-05 1.556900024E+00 7.812399902E+03 1.518599976E+03 2.948299866E+02 1.309600067E+02 4.731700134E+01 -7.671600342E+01 4.866800010E-01 9.558299780E-01 5.991599755E-04
 3.075000132E-05 7.360000018E-05 1.548499942E+00 1.018000000E+04 6.024000168E+01 2.941799927E+02 1.344799957E+02 4.806900024E+01 -7.363600159E+01 4.997099936E-01 9.485899806E-01 6.024100003E-04
 3.279999873E-05 7.424000069E-05 1.537199974E+00 1.339900000E+04 4.562500000E+03 2.933599854E+02 1.386199951E+02 4.886999893E+01 -4.051699829E+01 5.150200129E-01 9.390699863E-01 6.068299990E-04
 3.484999979E-05 7.488000119E-05 1.524700046E+00 1.578400000E+04 -7.458500000E+03 2.925199890E+02 1.433000031E+02 5.008100128E+01 -1.671100044E+01 5.326600075E-01 9.287899733E-01 6.117899902E-04
 3.690000085E-05 7.552000170E-05 1.509299994E+00 1.166000000E+04 -2.037900000E+04 2.916900024E+02 1.486600037E+02 5.140399933E+01 3.484899902E+01 5.527399778E-01 9.168000221E-01 6.180399796E-04
 3.894999827E-05 7.616000221E-05 1.491700053E+00 2.106800000E+04 -1.141800000E+04 2.904899902E+02 1.548099976E+02 5.269599915E+01 6.045100021E+01 5.758399963E-01 9.023600221E-01 6.253499887E-04
 4.099999933E-05 7.680000272E-05 1.471600056E+00 3.083700000E+04 4.401600098E+03 2.889400024E+02 1.618099976E+02 5.451399994E+01 7.636799622E+01 6.028599739E-01 8.854799867E-01 6.338999956E-04
 4.305000039E-05 7.744000322E-05 1.444300056E+00 1.899100000E+04 3.403000000E+03 2.871700134E+02 1.705899963E+02 5.683100128E+01 8.838999939E+01 6.368200183E-01 8.637300134E-01 6.459300057E-04
 4.510000144E-05 7.807999646E-05 1.409100056E+00 2.620900000E+04 -5.470399902E+03 2.848900146E+02 1.818899994E+02 5.931900024E+01 1.045000000E+02 6.803100109E-01 8.359799981E-01 6.621200009E-04
 4.714999886E-05 7.871999696E-05 1.361099958E+00 6.296100000E+04 1.541800049E+03 2.814700012E+02 1.971000061E+02 6.159700012E+01 1.262799988E+02 7.388299704E-01 7.979099751E-01 6.856400287E-04
 4.919999992E-05 7.935999747E-05 1.286299944E+00 1.009000000E+05 -3.395700073E+02 2.759400024E+02 2.205700073E+02 6.273099899E+01 7.212100220E+01 8.289999962E-01 7.394199967E-01 7.261399878E-04
 5.125000098E-05 7.999999798E-05 1.129299998E+00 1.190300000E+05 -5.020500000E+04 2.649599915E+02 2.634299927E+02 4.807500076E+01 -4.598900146E+02 9.915800095E-01 6.248499751E-01 8.341299836E-04
 5.329999840E-05 7.942399679E-05 8.969500065E-01 9.900000000E+04 -1.002300000E+05 2.489400024E+02 3.142300110E+02 4.224400043E+00 -9.497700195E+02 1.202700019E+00 4.671899974E-01 1.060500043E-03
 5.534999946E-05 7.884800289E-05 6.915900111E-01 3.414600000E+04 -8.332400000E+04 2.341399994E+02 3.458999939E+02 -5.267399979E+01 -6.980399780E+02 1.377500057E+00 3.384000063E-01 1.371399965E-03
 5.740000051E-05 7.827200170E-05 5.673300028E-01 -3.483100000E+04 -3.173000000E+04 2.244900055E+02 3.567500000E+02 -9.667099762E+01 -2.230200043E+02 1.482300043E+00 2.655400038E-01 1.655200031E-03
 5.945000157E-05 7.769600052E-05 5.109900236E-01 -5.970900000E+04 2.449800000E+04 2.199600067E+02 3.580199890E+02 -1.198399963E+02 8.049400330E+01 1.528100014E+00 2.341099977E-01 1.828699955E-03
 6.150000263E-05 7.711999933E-05 4.891600013E-01 -6.907000000E+04 6.633400000E+04 2.183200073E+02 3.574500122E+02 -1.290700073E+02 2.290800018E+02 1.543599963E+00 2.223899961E-01 1.907799975E-03
 6.354999641E-05 7.654399815E-05 4.807899892E-01 -6.928700000E+04 8.624100000E+04 2.175899963E+02 3.579500122E+02 -1.316399994E+02 3.000499878E+02 1.551699996E+00 2.178499997E-01 1.940399990E-03
 6.559999747E-05 7.596799696E-05 4.776499867E-01 -6.381700000E+04 9.266000000E+04 2.169799957E+02 3.591499939E+02 -1.311600037E+02 3.126600037E+02 1.557800055E+00 2.158100009E-01 1.952999970E-03
 6.764999853E-05 7.539200305E-05 4.744000137E-01 -6.444400000E+04 8.770500000E+04 2.161699982E+02 3.615700073E+02 -1.291699982E+02 3.068699951E+02 1.567299962E+00 2.135500014E-01 1.966400072E-03
 6.969999959E-05 7.481600187E-05 4.696399868E-01 -6.429600000E+04 8.029600000E+04 2.150000000E+02 3.649599915E+02 -1.270999985E+02 2.971600037E+02 1.581799984E+00 2.102700025E-01 1.986199990E-03
 7.175000064E-05 7.424000069E-05 4.640400112E-01 -6.329500000E+04 7.807800000E+04 2.136999969E+02 3.682399902E+02 -1.253300018E+02 2.895000000E+02 1.597000003E+00 2.065100074E-01 2.010300057E-03
 7.380000170E-05 7.366399950E-05 4.559299946E-01 -6.505200000E+04 7.214000000E+04 2.122599945E+02 3.721900024E+02 -1.237799988E+02 2.729500122E+02 1.615800023E+00 2.015299946E-01 2.046100097E-03
 7.585000276E-05 7.308799832E-05 4.460099936E-01 -6.078100000E+04 6.099000000E+04 2.103500061E+02 3.765299988E+02 -1.225800018E+02 2.507299957E+02 1.638599992E+00 1.953800023E-01 2.091699978E-03
 7.789999654E-05 7.251199713E-05 4.349200130E-01 -5.847500000E+04 5.631500000E+04 2.084299927E+02 3.809700012E+02 -1.214199982E+02 2.419299927E+02 1.662199974E+00 1.887799948E-01 2.145200036E-03
 7.994999760E-05 7.193600322E-05 4.229800105E-01 -6.281600000E+04 5.954800000E+04 2.065200043E+02 3.854599915E+02 -1.203899994E+02 2.381499939E+02 1.686499953E+00 1.819200069E-01 2.205800032E-03
 8.199999866E-05 7.136000204E-05 4.105100036E-01 -6.685800000E+04 5.930900000E+04 2.043699951E+02 3.901900024E+02 -1.196900024E+02 2.371499939E+02 1.713400006E+00 1.747200042E-01 2.272899961E-03
 8.404999971E-05 7.078400085E-05 3.975299895E-01 -6.997100000E+04 5.475500000E+04 2.022200012E+02 3.950499878E+02 -1.191699982E+02 2.163000031E+02 1.741500020E+00 1.674100012E-01 2.347100060E-03
 8.610000077E-05 7.020799967E-05 3.848899901E-01 -6.718400000E+04 5.152400000E+04 2.000599976E+02 3.996000061E+02 -1.186500015E+02 1.991999969E+02 1.768700004E+00 1.603599936E-01 2.424200065E-03
 8.815000183E-05 6.963199849E-05 3.732799888E-01 -6.981500000E+04 5.009300000E+04 1.979299927E+02 4.037699890E+02 -1.181999969E+02 2.161499939E+02 1.794700027E+00 1.538700014E-01 2.499500057E-03
 9.020000289E-05 6.905599730E-05 3.617700040E-01 -8.069000000E+04 4.817100000E+04 1.959400024E+02 4.077500000E+02 -1.181900024E+02 2.173699951E+02 1.820199966E+00 1.476300061E-01 2.579200082E-03
 9.224999667E-05 6.848000339E-05 3.499299884E-01 -9.004500000E+04 4.481200000E+04 1.939700012E+02 4.120400085E+02 -1.181399994E+02 2.083099976E+02 1.847200036E+00 1.413500011E-01 2.666400047E-03
 9.429999773E-05 6.790400221E-05 3.385399878E-01 -9.631100000E+04 4.521500000E+04 1.917899933E+02 4.162699890E+02 -1.181399994E+02 2.040899963E+02 1.875200033E+00 1.352200061E-01 2.756200032E-03
 9.634999878E-05 6.732800102E-05 3.275499940E-01 -1.052900000E+05 4.955700000E+04 1.896799927E+02 4.200700073E+02 -1.181699982E+02 2.074600067E+02 1.901600003E+00 1.293900013E-01 2.848600037E-03
 9.839999984E-05 6.675199984E-05 3.165099919E-01 -1.107900000E+05 4.963300000E+04 1.879100037E+02 4.238399963E+02 -1.180000000E+02 2.217400055E+02 1.926200032E+00 1.238600016E-01 2.948099980E-03
 1.004500009E-04 6.617599865E-05 3.060500026E-01 -1.136800000E+05 4.732800000E+04 1.860899963E+02 4.273999939E+02 -1.182799988E+02 2.186799927E+02 1.950999975E+00 1.186100021E-01 3.048700048E-03
 1.025000020E-04 6.559999747E-05 2.967100143E-01 -1.264300000E+05 4.880500000E+04 1.843699951E+02 4.305000000E+02 -1.185100021E+02 2.120899963E+02 1.973600030E+00 1.139300019E-01 3.144500079E-03
 1.045500030E-04 6.502400356E-05 2.881399989E-01 -1.412500000E+05 5.251000000E+04 1.828999939E+02 4.332099915E+02 -1.185999985E+02 2.136300049E+02 1.993199944E+00 1.097500026E-01 3.237999976E-03
 1.065999968E-04 6.444800238E-05 2.799299955E-01 -1.561400000E+05 5.526000000E+04 1.814299927E+02 4.357799988E+02 -1.187200012E+02 2.165399933E+02 2.012500048E+00 1.057600006E-01 3.333099885E-03
 1.086499979E-04 6.387200119E-05 2.717199922E-01 -1.754100000E+05 5.848700000E+04 1.800800018E+02 4.382900085E+02 -1.190500031E+02 2.235800018E+02 2.031199932E+00 1.018999964E-01 3.433699952E-03
 1.106999989E-04 6.329600001E-05 2.639400065E-01 -2.010700000E+05 6.852300000E+04 1.789100037E+02 4.404700012E+02 -1.194199982E+02 2.445399933E+02 2.047699928E+00 9.833700210E-02 3.534999909E-03
 1.127500000E-04 6.271999882E-05 2.579799891E-01 -2.505900000E+05 8.706400000E+04 1.788300018E+02 4.405400085E+02 -1.186600037E+02 2.921499939E+02 2.047600031E+00 9.606499970E-02 3.616099944E-03
 1.148000010E-04 6.214399764E-05 2.625499964E-01 -5.141700000E+05 1.751800000E+05 1.873300018E+02 4.243900146E+02 -1.120999985E+02 5.734000244E+02 1.927899957E+00 1.025500000E-01 3.555600066E-03
 1.168500021E-04 6.156799645E-05 3.132300079E-01 -9.699300000E+05 3.195700000E+05 2.187100067E+02 3.566799927E+02 -8.851899719E+01 1.348800049E+03 1.510599971E+00 1.448699981E-01 3.039699979E-03
 1.189000031E-04 6.099199891E-05 4.477500021E-01 -8.094500000E+05 2.577300000E+05 2.589400024E+02 2.509400024E+02 -5.504100037E+01 1.593099976E+03 9.670199752E-01 2.447299957E-01 2.175099915E-03
 1.209499969E-04 6.041600136E-05 6.062800288E-01 -2.590700000E+05 7.565800000E+04 2.818299866E+02 1.750899963E+02 -3.458700180E+01 8.927899780E+02 6.391000152E-01 3.567000031E-01 1.558999997E-03
 1.230000053E-04 5.984000018E-05 6.960600019E-01 -6.157100000E+04 1.685800000E+04 2.895100098E+02 1.450399933E+02 -2.948699951E+01 3.567300110E+02 5.221899748E-01 4.197199941E-01 1.341499970E-03
 1.250500063E-04 5.926399899E-05 7.241600156E-01 -2.709000000E+04 1.834700000E+04 2.918800049E+02 1.341199951E+02 -2.953499985E+01 2.020500031E+02 4.824900031E-01 4.401499927E-01 1.288200030E-03
 1.270999928E-04 5.868800145E-05 7.342699766E-01 -2.055900000E+04 1.814800000E+04 2.930199890E+02 1.279499969E+02 -2.980900002E+01 1.662299957E+02 4.606299996E-01 4.480299950E-01 1.270400011E-03
 1.291499939E-04 5.811200026E-05 7.412300110E-01 -9.283700195E+03 1.387000000E+04 2.936799927E+02 1.229800034E+02 -2.951099968E+01 1.707500000E+02 4.429399967E-01 4.532999992E-01 1.258500037E-03
 1.311999949E-04 5.753599908E-05 7.465599775E-01 -4.270899902E+03 1.611100000E+04 2.942000122E+02 1.190199966E+02 -2.916399956E+01 1.582799988E+02 4.287900031E-01 4.573700130E-01 1.249499968E-03
 1.332499960E-04 5.696000153E-05 7.515500188E-01 2.600600098E+03 7.709299805E+03 2.946499939E+02 1.155800018E+02 -2.862599945E+01 1.524799957E+02 4.163300097E-01 4.611400068E-01 1.241200021E-03
 1.352999971E-04 5.638400035E-05 7.559300065E-01 6.425000000E+03 1.144800049E+03 2.950299988E+02 1.122500000E+02 -2.812700081E+01 1.501699982E+02 4.043599963E-01 4.644199908E-01 1.233999967E-03
 1.373499981E-04 5.580799916E-05 7.590699792E-01 -1.018099976E+02 5.078899902E+03 2.955299988E+02 1.091600037E+02 -2.760799980E+01 1.266699982E+02 3.930999935E-01 4.671399891E-01 1.228900044E-03
 1.393999992E-04 5.523200161E-05 7.622699738E-01 -3.710899902E+03 6.736000000E+03 2.960100098E+02 1.063499985E+02 -2.700499916E+01 1.136500015E+02 3.827599883E-01 4.698599875E-01 1.223700005E-03
 1.414500002E-04 5.465600043E-05 7.653200030E-01 -1.070400000E+04 2.601600098E+03 2.963800049E+02 1.038099976E+02 -2.648200035E+01 1.303200073E+02 3.734999895E-01 4.723399878E-01 1.218799967E-03
 1.435000013E-04 5.407999925E-05 7.683799863E-01 -1.096600000E+04 1.426000000E+03 2.965899963E+02 1.014000015E+02 -2.584900093E+01 1.144000015E+02 3.646700084E-01 4.745599926E-01 1.214000047E-03
 1.455500023E-04 5.350400170E-05 7.717199922E-01 -4.389299805E+03 -2.815800049E+03 2.968599854E+02 9.899700165E+01 -2.517099953E+01 9.974299622E+01 3.558099866E-01 4.770599902E-01 1.208700007E-03
 1.476000034E-04 5.292800051E-05 7.739800215E-01 -1.209500000E+03 2.460300049E+03 2.972699890E+02 9.675099945E+01 -2.446500015E+01 1.094899979E+02 3.473800123E-01 4.791199863E-01 1.205199980E-03
 1.496500045E-04 5.235199933E-05 7.757700086E-01 -2.137800049E+03 1.085700000E+04 2.976700134E+02 9.472399902E+01 -2.380500031E+01 1.031999969E+02 3.397499919E-01 4.808700085E-01 1.202399959E-03
 1.517000055E-04 5.177600178E-05 7.779899836E-01 -1.154400000E+04 9.193900391E+03 2.979200134E+02 9.272100067E+01 -2.313100052E+01 9.494000244E+01 3.322800100E-01 4.826500118E-01 1.199000049E-03
 1.537500066E-04 5.120000060E-05 7.803800106E-01 -6.121799805E+03 4.275299805E+03 2.980700073E+02 9.061399841E+01 -2.256500053E+01 7.871600342E+01 3.246200085E-01 4.843800068E-01 1.195300021E-03
 1.557999931E-04 5.062399941E-05 7.827100158E-01 3.243000000E+03 1.707599976E+03 2.982900085E+02 8.844699860E+01 -2.196599960E+01 8.538899994E+01 3.166899979E-01 4.861800075E-01 1.191799995E-03
 1.578499941E-04 5.004799823E-05 7.845399976E-01 3.846300049E+03 1.043700000E+04 2.985000000E+02 8.644100189E+01 -2.110400009E+01 1.130800018E+02 3.090899885E-01 4.876599908E-01 1.188999973E-03
 1.598999952E-04 4.947200068E-05 7.865899801E-01 4.711500000E+03 1.043500000E+04 2.985199890E+02 8.470800018E+01 -2.030800056E+01 9.089199829E+01 3.025799990E-01 4.889700115E-01 1.185899950E-03
 1.619499963E-04 4.889599950E-05 7.879199982E-01 -1.285900024E+03 5.320700195E+03 2.988800049E+02 8.281800079E+01 -1.958900070E+01 7.136199951E+01 2.954399884E-01 4.903900027E-01 1.183900051E-03
 1.639999973E-04 4.831999831E-05 7.891899943E-01 -5.874600098E+03 1.886400024E+03 2.993500061E+02 8.064800262E+01 -1.867099953E+01 7.842299652E+01 2.871600091E-01 4.919500053E-01 1.182000036E-03
 1.660499984E-04 4.774400077E-05 7.911999822E-01 -3.732100098E+03 3.730699951E+03 2.993699951E+02 7.867600250E+01 -1.755400085E+01 7.449800110E+01 2.796199918E-01 4.932299852E-01 1.179000014E-03
 1.680999994E-04 4.716799958E-05 7.929099798E-01 7.469000244E+02 2.577100098E+03 2.995299988E+02 7.688899994E+01 -1.669899940E+01 8.241000366E+01 2.728500068E-01 4.945600033E-01 1.176399994E-03
 1.701500005E-04 4.659199840E-05 7.944899797E-01 3.960600098E+03 1.358000000E+03 2.996799927E+02 7.515299988E+01 -1.630900002E+01 8.093800354E+01 2.666099966E-01 4.957999885E-01 1.174099976E-03
 1.722000015E-04 4.601600085E-05 7.963700294E-01 -1.210900024E+03 9.014000000E+03 2.997000122E+02 7.331700134E+01 -1.556299973E+01 7.909100342E+01 2.598499954E-01 4.970099926E-01 1.171299955E-03
 1.742500026E-04 4.543999967E-05 7.980200052E-01 -6.608700195E+03 1.051000000E+04 2.998699951E+02 7.150199890E+01 -1.442099953E+01 8.527999878E+01 2.528100014E-01 4.983200133E-01 1.168900053E-03
 1.763000037E-04 4.486399848E-05 7.992500067E-01 -1.350699951E+03 4.722000000E+03 3.001300049E+02 6.976699829E+01 -1.355700016E+01 8.216899872E+01 2.462199926E-01 4.995200038E-01 1.167100039E-03
 1.783500047E-04 4.428800094E-05 8.006100059E-01 -1.791900024E+02 -3.786600098E+03 3.004599915E+02 6.791200256E+01 -1.265699959E+01 8.699099731E+01 2.391999960E-01 5.009099841E-01 1.165100024E-03
 1.804000058E-04 4.371199975E-05 8.019300103E-01 -4.600200195E+03 -2.108899994E+02 3.006900024E+02 6.608699799E+01 -1.144400024E+01 9.442099762E+01 2.321500033E-01 5.021299720E-01 1.163200010E-03
 1.824500068E-04 4.313599857E-05 8.027799726E-01 -2.462199951E+03 6.113100098E+03 3.009100037E+02 6.427700043E+01 -1.040999985E+01 8.974600220E+01 2.252900004E-01 5.030300021E-01 1.162000000E-03
 1.844999933E-04 4.256000102E-05 8.040199876E-01 -1.429400024E+03 3.447000000E+03 3.010899963E+02 6.228300095E+01 -9.404100418E+00 8.647100067E+01 2.178799957E-01 5.041099787E-01 1.160199987E-03
 1.865499944E-04 4.198399984E-05 8.058300018E-01 -5.983200195E+03 -7.834000244E+02 3.010499878E+02 6.014400101E+01 -8.185099602E+00 7.522499847E+01 2.099699974E-01 5.051800013E-01 1.157599967E-03
 1.885999955E-04 4.140799865E-05 8.068400025E-01 -3.478300049E+03 -4.183900146E+02 3.011199951E+02 5.808300018E+01 -6.730100155E+00 9.432599640E+01 2.022500038E-01 5.059300065E-01 1.156099956E-03
 1.906499965E-04 4.083200110E-05 8.076900244E-01 -2.350500000E+03 8.042999878E+02 3.013699951E+02 5.601300049E+01 -4.938899994E+00 1.121200027E+02 1.944400072E-01 5.068899989E-01 1.154899946E-03
 1.926999976E-04 4.025599992E-05 8.084099889E-01 -2.718000000E+03 3.265000000E+03 3.016600037E+02 5.389099884E+01 -3.365999937E+00 1.164700012E+02 1.866099983E-01 5.078200102E-01 1.153900055E-03
 1.947499986E-04 3.967999874E-05 8.085700274E-01 -2.927300049E+03 -3.102900085E+02 3.019599915E+02 5.178300095E+01 -1.392400026E+00 1.271900024E+02 1.789900064E-01 5.084300041E-01 1.153600053E-03
 1.967999997E-04 3.910400119E-05 8.086000085E-01 -9.834200195E+03 1.887500000E+03 3.023800049E+02 4.961500168E+01 8.388100266E-01 1.222600021E+02 1.713099927E-01 5.091400146E-01 1.153600053E-03
 1.988500007E-04 3.852800000E-05 8.084800243E-01 -5.216799805E+03 1.656000000E+04 3.030799866E+02 4.743600082E+01 3.131000042E+00 1.282200012E+02 1.639699936E-01 5.102599859E-01 1.153800054E-03
 2.009000018E-04 3.795199882E-05 8.067899942E-01 -1.100100000E+04 2.098200000E+04 3.042200012E+02 4.552299881E+01 6.655000210E+00 1.477200012E+02 1.585000008E-01 5.110999942E-01 1.156199956E-03
 2.029500029E-04 3.737600127E-05 8.018900156E-01 -3.542400000E+04 2.582400000E+04 3.063399963E+02 4.413299942E+01 1.122000027E+01 1.700299988E+02 1.564099938E-01 5.115200281E-01 1.163300010E-03
 2.050000039E-04 3.680000009E-05 7.985299826E-01 -4.656200000E+04 3.159500000E+04 3.077500000E+02 4.357099915E+01 1.367500019E+01 1.823099976E+02 1.562699974E-01 5.117300153E-01 1.168200048E-03
 0.000000000E+00 6.516699796E-05 1.600700021E+00 -2.864100000E+05 -2.715000000E+04 3.000000000E+02 9.732099915E+01 3.723899841E+01 -7.814199829E+02 3.643899858E-01 1.003600001E+00 5.780700012E-04
 2.049999921E-06 6.577999739E-05 1.602699995E+00 -1.711500000E+05 -1.835800000E+04 2.991600037E+02 9.845099640E+01 3.800099945E+01 -4.752099915E+02 3.678500056E-01 1.000200033E+00 5.796999903E-04
 4.099999842E-06 6.639299681E-05 1.605299950E+00 -2.904800000E+04 2.505600098E+03 2.980799866E+02 1.000299988E+02 3.914300156E+01 -1.685099945E+02 3.734099865E-01 9.964100122E-01 5.810899893E-04
 6.149999990E-06 6.700700033E-05 1.606099963E+00 -2.542100098E+03 6.699100098E+03 2.977600098E+02 1.012500000E+02 3.981299973E+01 -1.816399994E+02 3.783999979E-01 9.958699942E-01 5.807899870E-04
 8.199999684E-06 6.761999975E-05 1.604300022E+00 -1.660200000E+04 2.408800049E+03 2.976499939E+02 1.028899994E+02 4.015999985E+01 -1.876399994E+02 3.842000067E-01 9.943500161E-01 5.814500037E-04
 1.024999983E-05 6.823299918E-05 1.601899981E+00 -1.141800000E+04 -5.424700195E+03 2.975199890E+02 1.046399994E+02 4.054700089E+01 -1.734900055E+02 3.904500008E-01 9.924399853E-01 5.823199754E-04
 1.229999998E-05 6.884700269E-05 1.600200057E+00 9.890800171E+02 -7.951700195E+03 2.974100037E+02 1.066299973E+02 4.119300079E+01 -1.578699951E+02 3.977999985E-01 9.910299778E-01 5.829400034E-04
 1.435000013E-05 6.946000212E-05 1.596899986E+00 4.367299805E+03 2.818800049E+03 2.973500061E+02 1.088099976E+02 4.161500168E+01 -1.384199982E+02 4.054400027E-01 9.887899756E-01 5.841400125E-04
 1.639999937E-05 7.007300155E-05 1.592499971E+00 3.619699951E+03 4.163200195E+03 2.972099915E+02 1.110699997E+02 4.201399994E+01 -1.167900009E+02 4.133700132E-01 9.855999947E-01 5.857599899E-04
 1.845000043E-05 7.068699779E-05 1.588099957E+00 2.384800049E+03 -4.574100098E+03 2.969299927E+02 1.135500031E+02 4.244699860E+01 -1.265199966E+02 4.221999943E-01 9.819800258E-01 5.873700138E-04
 2.049999966E-05 7.129999722E-05 1.585199952E+00 1.357200000E+04 -7.704600098E+03 2.965499878E+02 1.161299973E+02 4.277700043E+01 -1.172200012E+02 4.312900007E-01 9.789100289E-01 5.884499988E-04
 2.255000072E-05 7.191299665E-05 1.579399943E+00 1.460300000E+04 -1.755099945E+02 2.961700134E+02 1.188499985E+02 4.333499908E+01 -1.046500015E+02 4.411500096E-01 9.740999937E-01 5.906100268E-04
 2.459999996E-05 7.252700016E-05 1.571699977E+00 1.200900000E+04 7.201700195E+03 2.957600098E+02 1.218600006E+02 4.400699997E+01 -1.317100067E+02 4.521200061E-01 9.679899812E-01 5.935099907E-04
 2.664999920E-05 7.313999959E-05 1.563400030E+00 9.608000000E+03 5.967500000E+03 2.953699951E+02 1.250500031E+02 4.472299957E+01 -1.126399994E+02 4.637500048E-01 9.616299868E-01 5.966399913E-04
 2.870000026E-05 7.375299901E-05 1.554600000E+00 1.292800000E+04 5.864899902E+03 2.949400024E+02 1.285899963E+02 4.554399872E+01 -8.137799835E+01 4.767099917E-01 9.547899961E-01 6.000300054E-04
 3.075000132E-05 7.436700253E-05 1.546000004E+00 1.207600000E+04 6.402799805E+03 2.942600098E+02 1.326100006E+02 4.631299973E+01 -5.780799866E+01 4.914300144E-01 9.473000169E-01 6.033899845E-04
 3.279999873E-05 7.498000195E-05 1.534600019E+00 9.013400391E+03 3.233699951E+03 2.935199890E+02 1.370000000E+02 4.714799881E+01 -4.454000092E+01 5.075500011E-01 9.379900098E-01 6.078699953E-04
 3.484999979E-05 7.559300138E-05 1.522300005E+00 1.501700000E+04 -7.036000000E+03 2.927300110E+02 1.417100067E+02 4.831499863E+01 -3.836600113E+01 5.251700282E-01 9.279599786E-01 6.127600209E-04
 3.690000085E-05 7.620699762E-05 1.507799983E+00 1.604400000E+04 -1.333000000E+04 2.917099915E+02 1.472100067E+02 4.959000015E+01 1.542899990E+01 5.458499789E-01 9.159299731E-01 6.186700193E-04
 3.894999827E-05 7.681999705E-05 1.490599990E+00 2.042500000E+04 -3.723099976E+02 2.904700012E+02 1.535099945E+02 5.083900070E+01 3.795100021E+01 5.694400072E-01 9.016100168E-01 6.258100038E-04
 4.099999933E-05 7.743299648E-05 1.469699979E+00 2.515400000E+04 3.051800049E+03 2.889400024E+02 1.606199951E+02 5.253699875E+01 4.273899841E+01 5.966799855E-01 8.843600154E-01 6.347100134E-04
 4.305000039E-05 7.804699999E-05 1.441799998E+00 2.672300000E+04 -1.557300049E+03 2.872000122E+02 1.696699982E+02 5.470299911E+01 6.741300201E+01 6.313400269E-01 8.623300195E-01 6.470300141E-04
 4.510000144E-05 7.865999942E-05 1.406499982E+00 3.751700000E+04 -8.175799805E+03 2.849200134E+02 1.812400055E+02 5.692300034E+01 7.249199677E+01 6.754999757E-01 8.345699906E-01 6.633200101E-04
 4.714999886E-05 7.927299885E-05 1.357900023E+00 5.575400000E+04 -8.943900391E+03 2.814500122E+02 1.968300018E+02 5.886999893E+01 6.868099976E+01 7.350999713E-01 7.960100174E-01 6.872399827E-04
 4.919999992E-05 7.988700236E-05 1.284600019E+00 8.752200000E+04 -7.750500000E+03 2.759500122E+02 2.198600006E+02 5.919400024E+01 5.365599823E+01 8.230599761E-01 7.385200262E-01 7.269799826E-04
 5.125000098E-05 8.050000179E-05 1.144000053E+00 1.067500000E+05 -4.073500000E+04 2.659200134E+02 2.590400085E+02 4.682699966E+01 -4.148699951E+02 9.719200134E-01 6.348599792E-01 8.212599787E-04
 5.329999840E-05 7.994799671E-05 9.393399954E-01 8.835800000E+04 -8.801000000E+04 2.515200043E+02 3.067600098E+02 1.077600002E+01 -9.350000000E+02 1.167199969E+00 4.938000143E-01 1.006999984E-03
 5.534999946E-05 7.939599891E-05 7.468000054E-01 3.967400000E+04 -9.735800000E+04 2.372500000E+02 3.407500000E+02 -3.959400177E+01 -8.139199829E+02 1.341400027E+00 3.701800108E-01 1.266899984E-03
 5.740000051E-05 7.884400111E-05 6.140199900E-01 -1.076900000E+04 -6.508100000E+04 2.266100006E+02 3.562399902E+02 -8.408200073E+01 -4.181000061E+02 1.461500049E+00 2.902199924E-01 1.531000016E-03
 5.945000157E-05 7.829200331E-05 5.419300199E-01 -4.115400000E+04 -1.040100000E+04 2.205399933E+02 3.610000000E+02 -1.120400009E+02 -7.336100006E+01 1.528200030E+00 2.489899993E-01 1.726199989E-03
 6.150000263E-05 7.773999823E-05 5.074499846E-01 -6.238800000E+04 3.951600000E+04 2.175700073E+02 3.622900085E+02 -1.256399994E+02 1.345700073E+02 1.560299993E+00 2.299299985E-01 1.839900040E-03
 6.354999641E-05 7.718800043E-05 4.912999868E-01 -7.505800000E+04 7.038400000E+04 2.160200043E+02 3.632099915E+02 -1.308699951E+02 2.389100037E+02 1.576400042E+00 2.210000008E-01 1.899200026E-03
 6.559999747E-05 7.663600263E-05 4.833999872E-01 -7.623900000E+04 8.402100000E+04 2.151199951E+02 3.645400085E+02 -1.317700043E+02 2.734899902E+02 1.586099982E+00 2.165399939E-01 1.929800026E-03
 6.764999853E-05 7.608399756E-05 4.776000082E-01 -7.247300000E+04 8.460900000E+04 2.142100067E+02 3.670400085E+02 -1.302200012E+02 2.881099854E+02 1.597000003E+00 2.130399942E-01 1.953199971E-03
 6.969999959E-05 7.553199976E-05 4.717999995E-01 -6.638900000E+04 7.805900000E+04 2.130500031E+02 3.701099854E+02 -1.280599976E+02 2.803099976E+02 1.610299945E+00 2.093199939E-01 1.977199921E-03
 7.175000064E-05 7.498000195E-05 4.655500054E-01 -6.538300000E+04 7.338700000E+04 2.118800049E+02 3.732699890E+02 -1.259100037E+02 2.669800110E+02 1.624199986E+00 2.054100037E-01 2.003799891E-03
 7.380000170E-05 7.442799688E-05 4.572499990E-01 -6.652000000E+04 7.461600000E+04 2.105099945E+02 3.770599976E+02 -1.237600021E+02 2.499799957E+02 1.641600013E+00 2.004500031E-01 2.040199935E-03
 7.585000276E-05 7.387599908E-05 4.472000003E-01 -6.558800000E+04 6.684100000E+04 2.086799927E+02 3.813599854E+02 -1.221500015E+02 2.341399994E+02 1.663699985E+00 1.943500042E-01 2.086099936E-03
 7.789999654E-05 7.332400128E-05 4.363999963E-01 -7.063700000E+04 5.827800000E+04 2.068000031E+02 3.858999939E+02 -1.205299988E+02 2.439700012E+02 1.687299967E+00 1.879400015E-01 2.137799980E-03
 7.994999760E-05 7.277200348E-05 4.248499870E-01 -7.343900000E+04 6.147500000E+04 2.049700012E+02 3.903599854E+02 -1.189400024E+02 2.358600006E+02 1.710700035E+00 1.813499928E-01 2.196100075E-03
 8.199999866E-05 7.221999840E-05 4.120599926E-01 -6.930700000E+04 6.010500000E+04 2.029299927E+02 3.948800049E+02 -1.177600021E+02 2.253800049E+02 1.735999942E+00 1.741400063E-01 2.264299896E-03
 8.404999971E-05 7.166800060E-05 3.989999890E-01 -6.887400000E+04 5.123600000E+04 2.008200073E+02 3.994599915E+02 -1.168000031E+02 2.147599945E+02 1.762599945E+00 1.668699980E-01 2.338400111E-03
 8.610000077E-05 7.111600280E-05 3.866899908E-01 -7.038800000E+04 5.114900000E+04 1.987599945E+02 4.039200134E+02 -1.161900024E+02 1.948899994E+02 1.789199948E+00 1.600600034E-01 2.412900096E-03
 8.815000183E-05 7.056399772E-05 3.751100004E-01 -6.964400000E+04 5.291000000E+04 1.967500000E+02 4.080400085E+02 -1.155699997E+02 2.066499939E+02 1.814599991E+00 1.536999941E-01 2.487299964E-03
 9.020000289E-05 7.001199992E-05 3.637399971E-01 -7.953400000E+04 4.877300000E+04 1.948500061E+02 4.118099976E+02 -1.149599991E+02 2.166799927E+02 1.838299990E+00 1.475999951E-01 2.565199975E-03
 9.224999667E-05 6.946000212E-05 3.518899977E-01 -9.147400000E+04 4.628300000E+04 1.929600067E+02 4.160400085E+02 -1.146600037E+02 2.041300049E+02 1.864500046E+00 1.414099932E-01 2.651599934E-03
 9.429999773E-05 6.890799705E-05 3.401400149E-01 -9.355700000E+04 4.791400000E+04 1.908600006E+02 4.202500000E+02 -1.143899994E+02 2.011499939E+02 1.892099977E+00 1.351999938E-01 2.743100049E-03
 9.634999878E-05 6.835599925E-05 3.289699852E-01 -1.034500000E+05 4.730700000E+04 1.889199982E+02 4.238999939E+02 -1.139100037E+02 2.074100037E+02 1.916599989E+00 1.294199973E-01 2.836300060E-03
 9.839999984E-05 6.780400145E-05 3.182500005E-01 -1.094200000E+05 4.568000000E+04 1.871000061E+02 4.276099854E+02 -1.135800018E+02 2.089600067E+02 1.941300035E+00 1.239999980E-01 2.931900090E-03
 1.004500009E-04 6.725199637E-05 3.081299961E-01 -1.109300000E+05 4.527600000E+04 1.853099976E+02 4.309599915E+02 -1.137200012E+02 2.020899963E+02 1.965000033E+00 1.189099997E-01 3.028099891E-03
 1.025000020E-04 6.669999857E-05 2.985300124E-01 -1.265900000E+05 4.746700000E+04 1.837200012E+02 4.340199890E+02 -1.139100037E+02 1.960299988E+02 1.986799955E+00 1.142200008E-01 3.125499934E-03
 1.045500030E-04 6.614800077E-05 2.895500064E-01 -1.412500000E+05 5.324400000E+04 1.821300049E+02 4.369299927E+02 -1.140800018E+02 1.977400055E+02 2.008199930E+00 1.098200008E-01 3.222200088E-03
 1.065999968E-04 6.559600297E-05 2.811999917E-01 -1.526500000E+05 5.376700000E+04 1.806100006E+02 4.394899902E+02 -1.140599976E+02 2.065800018E+02 2.027699947E+00 1.057699993E-01 3.317900002E-03
 1.086499979E-04 6.504399789E-05 2.731899917E-01 -1.721300000E+05 5.587400000E+04 1.793899994E+02 4.418299866E+02 -1.140500031E+02 2.210099945E+02 2.044699907E+00 1.020599976E-01 3.415199928E-03
 1.106999989E-04 6.449200009E-05 2.655999959E-01 -1.966900000E+05 6.633300000E+04 1.782700043E+02 4.438699951E+02 -1.143700027E+02 2.409600067E+02 2.060400009E+00 9.860000014E-02 3.512799973E-03
 1.127500000E-04 6.394000229E-05 2.589400113E-01 -2.309400000E+05 7.893900000E+04 1.776699982E+02 4.449700012E+02 -1.140800018E+02 2.689700012E+02 2.068300009E+00 9.580200166E-02 3.602799959E-03
 1.148000010E-04 6.338799722E-05 2.595799863E-01 -4.277200000E+05 1.413600000E+05 1.831900024E+02 4.346799927E+02 -1.095800018E+02 4.609800110E+02 1.989300013E+00 9.907399863E-02 3.594399896E-03
 1.168500021E-04 6.283599942E-05 2.972199917E-01 -9.253100000E+05 2.941200000E+05 2.102700043E+02 3.781900024E+02 -9.008799744E+01 1.160500000E+03 1.626500010E+00 1.317500025E-01 3.182200016E-03
 1.189000031E-04 6.228400161E-05 4.176700115E-01 -9.077200000E+05 2.784000000E+05 2.516699982E+02 2.736199951E+02 -5.737599945E+01 1.591300049E+03 1.069900036E+00 2.225700021E-01 2.336200094E-03
 1.209499969E-04 6.173199654E-05 5.835499763E-01 -3.373800000E+05 9.968700000E+04 2.789299927E+02 1.872700043E+02 -3.406100082E+01 1.026099976E+03 6.856300235E-01 3.402200043E-01 1.629799954E-03
 1.230000053E-04 6.117999874E-05 6.904299855E-01 -6.871500000E+04 2.340600000E+04 2.885199890E+02 1.508600006E+02 -2.752499962E+01 3.939800110E+02 5.419899821E-01 4.149500132E-01 1.353199943E-03
 1.250500063E-04 6.062800094E-05 7.249199748E-01 -2.556400000E+04 1.803900000E+04 2.913800049E+02 1.387599945E+02 -2.769799995E+01 1.972899933E+02 4.975199997E-01 4.398699999E-01 1.286900020E-03
 1.270999928E-04 6.007599950E-05 7.358199954E-01 -1.854500000E+04 1.496200000E+04 2.925400085E+02 1.324700012E+02 -2.831999969E+01 1.626399994E+02 4.753400087E-01 4.482499957E-01 1.267699990E-03
 1.291499939E-04 5.952400170E-05 7.424299717E-01 -1.209200000E+04 1.773200000E+04 2.932799988E+02 1.275800018E+02 -2.839900017E+01 1.506699982E+02 4.580399990E-01 4.534200132E-01 1.256400021E-03
 1.311999949E-04 5.897200026E-05 7.471600175E-01 -5.356799805E+03 1.838300000E+04 2.938200073E+02 1.235100021E+02 -2.832500076E+01 1.406799927E+02 4.436700046E-01 4.571500123E-01 1.248499961E-03
 1.332499960E-04 5.841999882E-05 7.516499758E-01 -3.601500000E+03 9.753400391E+03 2.943999939E+02 1.198799973E+02 -2.789399910E+01 1.569700012E+02 4.305199981E-01 4.608100057E-01 1.241000020E-03
 1.352999971E-04 5.786800102E-05 7.557500005E-01 -6.874500000E+03 1.065800000E+04 2.948599854E+02 1.165800018E+02 -2.739599991E+01 1.457400055E+02 4.185700119E-01 4.640400112E-01 1.234299969E-03
 1.373499981E-04 5.731599958E-05 7.590100169E-01 -6.875799805E+03 6.970700195E+03 2.952500000E+02 1.136600037E+02 -2.699099922E+01 1.311699982E+02 4.080300033E-01 4.666500092E-01 1.229000045E-03
 1.393999992E-04 5.676400178E-05 7.621300220E-01 -3.425699951E+03 4.891700195E+03 2.957500000E+02 1.107900009E+02 -2.651700020E+01 1.291199951E+02 3.975600004E-01 4.693599939E-01 1.223900006E-03
 1.414500002E-04 5.621200035E-05 7.649300098E-01 -8.639799805E+03 5.730799805E+03 2.961600037E+02 1.079300003E+02 -2.596599960E+01 1.351499939E+02 3.871200085E-01 4.717499912E-01 1.219499973E-03
 1.435000013E-04 5.565999891E-05 7.676500082E-01 -1.364500000E+04 8.092600098E+03 2.963999939E+02 1.054100037E+02 -2.541200066E+01 1.301600037E+02 3.779599965E-01 4.738099873E-01 1.215100056E-03
 1.455500023E-04 5.510800111E-05 7.712799907E-01 -8.096100098E+03 3.216000000E+03 2.965400085E+02 1.029400024E+02 -2.469300079E+01 1.312599945E+02 3.689399958E-01 4.762800038E-01 1.209400012E-03
 1.476000034E-04 5.455599967E-05 7.743600011E-01 -8.965999756E+02 7.956600098E+03 2.967799988E+02 1.004700012E+02 -2.389200020E+01 1.320200043E+02 3.597800136E-01 4.785600007E-01 1.204599976E-03
 1.496500045E-04 5.400399823E-05 7.757099867E-01 2.225300049E+03 1.079700000E+04 2.972300110E+02 9.829299927E+01 -2.331200027E+01 1.016500015E+02 3.516600132E-01 4.801299870E-01 1.202499960E-03
 1.517000055E-04 5.345200043E-05 7.776799798E-01 -1.203300049E+03 5.480100098E+03 2.975400085E+02 9.620899963E+01 -2.264999962E+01 8.691000366E+01 3.438900113E-01 4.818400145E-01 1.199500053E-03
 1.537500066E-04 5.289999899E-05 7.801300287E-01 -5.832999878E+02 4.887799805E+03 2.977300110E+02 9.415899658E+01 -2.202700043E+01 8.523100281E+01 3.363499939E-01 4.836699963E-01 1.195700024E-03
 1.557999931E-04 5.234800119E-05 7.825000286E-01 7.487399902E+02 5.149100098E+03 2.979800110E+02 9.214600372E+01 -2.144599915E+01 1.045000000E+02 3.289299905E-01 4.855499864E-01 1.192099997E-03
 1.578499941E-04 5.179599975E-05 7.844600081E-01 2.075399902E+03 1.494700000E+04 2.981600037E+02 9.007199860E+01 -2.060799980E+01 1.138300018E+02 3.211599886E-01 4.870600104E-01 1.189099974E-03
 1.598999952E-04 5.124399831E-05 7.865200043E-01 1.052200000E+04 9.628500000E+03 2.982300110E+02 8.802899933E+01 -1.979299927E+01 9.089700317E+01 3.135699928E-01 4.884600043E-01 1.185999950E-03
 1.619499963E-04 5.069200051E-05 7.882099748E-01 5.098799805E+03 2.795300049E+03 2.985799866E+02 8.622699738E+01 -1.887999916E+01 8.299900055E+01 3.065899909E-01 4.900699854E-01 1.183400047E-03
 1.639999973E-04 5.013999908E-05 7.890800238E-01 -6.431700195E+03 5.454700195E+03 2.990799866E+02 8.445999908E+01 -1.807099915E+01 8.676999664E+01 2.997399867E-01 4.914399981E-01 1.182100037E-03
 1.660499984E-04 4.958800127E-05 7.906299829E-01 -6.186600098E+03 3.583199951E+03 2.992399902E+02 8.257499695E+01 -1.719799995E+01 7.842800140E+01 2.926400006E-01 4.926599860E-01 1.179800020E-03
 1.680999994E-04 4.903599984E-05 7.925500274E-01 -7.200299805E+03 2.569300049E+03 2.993500061E+02 8.082199860E+01 -1.634600067E+01 8.523400116E+01 2.860299945E-01 4.940400124E-01 1.176999998E-03
 1.701500005E-04 4.848399840E-05 7.945399880E-01 -5.313500000E+03 2.852300049E+03 2.994299927E+02 7.912400055E+01 -1.588700008E+01 9.348400116E+01 2.799000144E-01 4.954200089E-01 1.173999975E-03
 1.722000015E-04 4.793200060E-05 7.964800000E-01 -1.387300049E+03 2.562600098E+03 2.994500122E+02 7.727899933E+01 -1.502200031E+01 9.632099915E+01 2.730399966E-01 4.966500103E-01 1.171199954E-03
 1.742500026E-04 4.737999916E-05 7.976899743E-01 -9.892899780E+02 9.277799805E+03 2.996300049E+02 7.543800354E+01 -1.391899967E+01 9.103600311E+01 2.659699917E-01 4.977200031E-01 1.169400057E-03
 1.763000037E-04 4.682800136E-05 7.987700105E-01 -1.478699951E+02 8.810400391E+03 2.998800049E+02 7.352799988E+01 -1.292300034E+01 8.814700317E+01 2.587400079E-01 4.988099933E-01 1.167800045E-03
 1.783500047E-04 4.627599992E-05 7.999799848E-01 9.045100098E+02 2.394800049E+03 3.001099854E+02 7.161499786E+01 -1.195899963E+01 1.014700012E+02 2.515499890E-01 4.999400079E-01 1.166000031E-03
 1.804000058E-04 4.572399848E-05 8.014000058E-01 -8.792299805E+02 5.427999878E+02 3.002900085E+02 6.977500153E+01 -1.076299953E+01 8.918399811E+01 2.445300072E-01 5.011199713E-01 1.164000016E-03
 1.824500068E-04 4.517200068E-05 8.026999831E-01 -2.506500000E+03 4.725000000E+03 3.004800110E+02 6.791799927E+01 -9.598699570E+00 6.984300232E+01 2.374999970E-01 5.022699833E-01 1.162100001E-03
 1.844999933E-04 4.461999924E-05 8.035500050E-01 1.159500000E+03 7.130500000E+03 3.007000122E+02 6.600800323E+01 -8.509900093E+00 8.882599640E+01 2.303600013E-01 5.031599998E-01 1.160899992E-03
 1.865499944E-04 4.406800144E-05 8.049700260E-01 5.652200195E+03 7.286799622E+01 3.006900024E+02 6.395299911E+01 -7.228700161E+00 9.857199860E+01 2.227600068E-01 5.040400028E-01 1.158799976E-03
 1.885999955E-04 4.351600001E-05 8.061299920E-01 4.782899902E+03 -3.376500000E+03 3.007300110E+02 6.193199921E+01 -5.777500153E+00 9.092700195E+01 2.152899951E-01 5.048300028E-01 1.157099963E-03
 1.906499965E-04 4.296399857E-05 8.075799942E-01 -2.900399902E+03 -7.284400024E+02 3.009299927E+02 5.992100143E+01 -3.845000029E+00 1.008300018E+02 2.077700049E-01 5.060700178E-01 1.155099948E-03
 1.926999976E-04 4.241200077E-05 8.086400032E-01 -5.622500000E+03 4.362600098E+03 3.011499939E+02 5.775899887E+01 -2.172800064E+00 1.234800034E+02 1.999199986E-01 5.070999861E-01 1.153500052E-03
 1.947499986E-04 4.185999933E-05 8.088399768E-01 -5.261500000E+03 5.748100098E+03 3.013500061E+02 5.570999908E+01 -3.406099975E-01 1.336699982E+02 1.926600039E-01 5.075700283E-01 1.153300051E-03
 1.967999997E-04 4.130800153E-05 8.087700009E-01 -6.221299805E+03 7.061000000E+03 3.017699890E+02 5.384299850E+01 1.845900059E+00 1.226500015E+02 1.861599982E-01 5.082299709E-01 1.153400051E-03
 1.988500007E-04 4.075600009E-05 8.085100055E-01 -3.510100098E+03 1.339400000E+04 3.023699951E+02 5.194100189E+01 4.117899895E+00 1.299199982E+02 1.799100041E-01 5.090799928E-01 1.153700054E-03
 2.009000018E-04 4.020399865E-05 8.072100282E-01 -8.912599609E+03 1.823900000E+04 3.033099976E+02 5.019699860E+01 7.261899948E+00 1.509199982E+02 1.749199927E-01 5.098299980E-01 1.155599952E-03
 2.029500029E-04 3.965200085E-05 8.040400147E-01 -2.478000000E+04 2.104300000E+04 3.048200073E+02 4.890100098E+01 1.132299995E+01 1.611199951E+02 1.727399975E-01 5.103600025E-01 1.160099986E-03
 2.050000039E-04 3.909999941E-05 8.022699952E-01 -3.247600000E+04 2.301300000E+04 3.056300049E+02 4.838499832E+01 1.355399990E+01 1.636999969E+02 1.725199968E-01 5.105999708E-01 1.162700006E-03
 0.000000000E+00 6.633299927E-05 1.600700021E+00 -2.739800000E+05 -3.774300000E+04 3.000000000E+02 8.895899963E+01 3.425799942E+01 -7.027399902E+02 3.339299858E-01 1.003999949E+00 5.775199970E-04
 2.049999921E-06 6.692000170E-05 1.602599978E+00 -1.664700000E+05 -1.722700000E+04 2.992099915E+02 9.050199890E+01 3.507899857E+01 -4.445499878E+02 3.385800123E-01 1.000599980E+00 5.794300232E-04
 4.099999842E-06 6.750699686E-05 1.604599953E+00 -3.648500000E+04 4.663500000E+03 2.981799927E+02 9.282199860E+01 3.630899811E+01 -1.903000031E+02 3.464100063E-01 9.963499904E-01 5.813200260E-04
 6.149999990E-06 6.809300248E-05 1.605200052E+00 -1.856400024E+03 7.104500000E+03 2.979200134E+02 9.458399963E+01 3.697000122E+01 -1.991600037E+02 3.531000018E-01 9.958599806E-01 5.811000010E-04
 8.199999684E-06 6.867999764E-05 1.603600025E+00 6.586000061E+01 -2.958199951E+03 2.978299866E+02 9.669000244E+01 3.745800018E+01 -1.877299957E+02 3.605999947E-01 9.945200086E-01 5.817000056E-04
 1.024999983E-05 6.926700007E-05 1.600499988E+00 -7.715200195E+03 -2.702899902E+03 2.976700134E+02 9.890299988E+01 3.794499969E+01 -1.728600006E+02 3.684799969E-01 9.921000004E-01 5.828199792E-04
 1.229999998E-05 6.985299842E-05 1.599200010E+00 -4.735700195E+03 1.103099976E+03 2.974899902E+02 1.012799988E+02 3.853599930E+01 -1.686699982E+02 3.770500124E-01 9.906799793E-01 5.832900060E-04
 1.435000013E-05 7.044000085E-05 1.597100019E+00 5.773799805E+03 -9.411900391E+03 2.973099976E+02 1.038600006E+02 3.911800003E+01 -1.625399933E+02 3.862699866E-01 9.887999892E-01 5.840599770E-04
 1.639999937E-05 7.102700329E-05 1.593299985E+00 7.075799805E+03 -1.262100000E+04 2.970899963E+02 1.065500031E+02 3.963399887E+01 -1.469700012E+02 3.958300054E-01 9.857000113E-01 5.854499759E-04
 1.845000043E-05 7.161300164E-05 1.588299990E+00 9.655500000E+03 -1.933200000E+04 2.967799988E+02 1.094300003E+02 4.013100052E+01 -1.170899963E+02 4.060400128E-01 9.815599918E-01 5.873100017E-04
 2.049999966E-05 7.219999679E-05 1.583699942E+00 1.170900000E+04 -1.002200000E+04 2.964599915E+02 1.123199997E+02 4.058399963E+01 -9.493499756E+01 4.162600040E-01 9.776899815E-01 5.890000029E-04
 2.255000072E-05 7.278699923E-05 1.578600049E+00 1.265300000E+04 -1.700099976E+03 2.960599976E+02 1.152699966E+02 4.124100113E+01 -9.788300323E+01 4.270200133E-01 9.732099771E-01 5.909199826E-04
 2.459999996E-05 7.337299758E-05 1.570899963E+00 1.365300000E+04 3.946300125E+01 2.957900085E+02 1.185000000E+02 4.196300125E+01 -1.200899963E+02 4.386599958E-01 9.675800204E-01 5.938099930E-04
 2.664999920E-05 7.396000001E-05 1.562899947E+00 1.052400000E+04 2.374600067E+02 2.954599915E+02 1.220599976E+02 4.271799850E+01 -1.228399963E+02 4.514999986E-01 9.616000056E-01 5.968500045E-04
 2.870000026E-05 7.454700244E-05 1.553699970E+00 4.538100098E+03 1.591300049E+03 2.950199890E+02 1.259100037E+02 4.350699997E+01 -7.924700165E+01 4.654699862E-01 9.545099735E-01 6.003800081E-04
 3.075000132E-05 7.513300079E-05 1.543400049E+00 1.846500000E+03 7.406200195E+03 2.943399963E+02 1.302100067E+02 4.436199951E+01 -4.687799835E+01 4.812099934E-01 9.460200071E-01 6.043799804E-04
 3.279999873E-05 7.572000322E-05 1.533100009E+00 5.769399902E+03 2.394800049E+03 2.935499878E+02 1.347500000E+02 4.522100067E+01 -4.298799896E+01 4.978600144E-01 9.371799827E-01 6.084499764E-04
 3.484999979E-05 7.630699838E-05 1.521000028E+00 9.497000000E+03 -4.120500000E+03 2.926799927E+02 1.397100067E+02 4.629499817E+01 -2.836400032E+01 5.163300037E-01 9.270099998E-01 6.133100251E-04
 3.690000085E-05 7.689299673E-05 1.506700039E+00 1.394600000E+04 -1.010100000E+04 2.914899902E+02 1.455700073E+02 4.764500046E+01 1.510100007E+00 5.383999944E-01 9.145500064E-01 6.191299763E-04
 3.894999827E-05 7.747999916E-05 1.489300013E+00 2.065000000E+04 8.536000061E+01 2.903399963E+02 1.520500031E+02 4.890100098E+01 2.599399948E+01 5.625699759E-01 9.004200101E-01 6.263700197E-04
 4.099999933E-05 7.806700160E-05 1.467399955E+00 1.757500000E+04 6.374500122E+02 2.889599915E+02 1.595299988E+02 5.052700043E+01 3.399300003E+01 5.908399820E-01 8.829799891E-01 6.357299862E-04
 4.305000039E-05 7.865299995E-05 1.439700007E+00 2.964300000E+04 -4.438399902E+03 2.872099915E+02 1.688300018E+02 5.248699951E+01 5.154100037E+01 6.261399984E-01 8.610699773E-01 6.480099983E-04
 4.510000144E-05 7.924000238E-05 1.404600024E+00 5.286500000E+04 -2.946899902E+03 2.847900085E+02 1.805700073E+02 5.443099976E+01 6.099700165E+01 6.707699895E-01 8.330600262E-01 6.642100052E-04
 4.714999886E-05 7.982699753E-05 1.355599999E+00 4.904300000E+04 -5.231899902E+03 2.812600098E+02 1.963999939E+02 5.605899811E+01 2.725499916E+01 7.310500145E-01 7.941200137E-01 6.884200266E-04
 4.919999992E-05 8.041300316E-05 1.284000039E+00 7.207500000E+04 -9.702700195E+03 2.759800110E+02 2.189199982E+02 5.574700165E+01 -3.043900013E+00 8.165500164E-01 7.381799817E-01 7.272799849E-04
 5.125000098E-05 8.099999832E-05 1.156900048E+00 1.036300000E+05 -3.647000000E+04 2.668299866E+02 2.548000031E+02 4.512200165E+01 -4.086499939E+02 9.530000091E-01 6.438999772E-01 8.106899913E-04
 5.329999840E-05 8.047199663E-05 9.747400284E-01 9.368100000E+04 -8.318400000E+04 2.540099945E+02 2.991400146E+02 1.517700005E+01 -8.906900024E+02 1.132200003E+00 5.170300007E-01 9.669599822E-04
 5.534999946E-05 7.994400221E-05 7.960500121E-01 5.405900000E+04 -1.090300000E+05 2.405299988E+02 3.340299988E+02 -2.884199905E+01 -8.538400269E+02 1.301599979E+00 3.999199867E-01 1.185299945E-03
 5.740000051E-05 7.941600052E-05 6.604200006E-01 7.920299805E+03 -8.848700000E+04 2.292899933E+02 3.533900146E+02 -7.162999725E+01 -5.437100220E+02 1.431599975E+00 3.159300089E-01 1.423600013E-03
 5.945000157E-05 7.888799882E-05 5.759400129E-01 -2.665900000E+04 -3.925300000E+04 2.218699951E+02 3.617000122E+02 -1.023600006E+02 -2.020099945E+02 1.515499949E+00 2.662999928E-01 1.625600038E-03
 6.150000263E-05 7.835999713E-05 5.292099714E-01 -5.354900000E+04 1.373200000E+04 2.175200043E+02 3.651199951E+02 -1.200100021E+02 3.377899933E+01 1.564200044E+00 2.397799939E-01 1.765200053E-03
 6.354999641E-05 7.783200272E-05 5.047299862E-01 -7.196200000E+04 5.084700000E+04 2.150500031E+02 3.670499878E+02 -1.282400055E+02 1.630200043E+02 1.591199994E+00 2.260300070E-01 1.848999993E-03
 6.559999747E-05 7.730400102E-05 4.910700023E-01 -7.230200000E+04 6.689000000E+04 2.136699982E+02 3.687500000E+02 -1.309400024E+02 2.209799957E+02 1.606600046E+00 2.185000032E-01 1.899900031E-03
 6.764999853E-05 7.677599933E-05 4.812699854E-01 -6.878100000E+04 7.219400000E+04 2.125200043E+02 3.713599854E+02 -1.302500000E+02 2.516699982E+02 1.620100021E+00 2.129900008E-01 1.938399975E-03
 6.969999959E-05 7.624799764E-05 4.736999869E-01 -6.449700000E+04 7.394400000E+04 2.113600006E+02 3.742999878E+02 -1.283099976E+02 2.620400085E+02 1.633399963E+00 2.084999979E-01 1.969299978E-03
 7.175000064E-05 7.572000322E-05 4.665000141E-01 -6.306700000E+04 7.089300000E+04 2.102400055E+02 3.774599915E+02 -1.261200027E+02 2.566799927E+02 1.647300005E+00 2.042399943E-01 1.999699976E-03
 7.380000170E-05 7.519200153E-05 4.581499994E-01 -6.426600000E+04 6.872800000E+04 2.088500061E+02 3.812500000E+02 -1.235599976E+02 2.389100037E+02 1.664299965E+00 1.992599964E-01 2.036199905E-03
 7.585000276E-05 7.466399984E-05 4.483999908E-01 -6.590700000E+04 6.534700000E+04 2.071100006E+02 3.854500122E+02 -1.214199982E+02 2.306699982E+02 1.685299993E+00 1.933999956E-01 2.080600010E-03
 7.789999654E-05 7.413599815E-05 4.371100068E-01 -6.743400000E+04 5.905900000E+04 2.052200012E+02 3.899800110E+02 -1.193499985E+02 2.429199982E+02 1.708600044E+00 1.868100017E-01 2.134399954E-03
 7.994999760E-05 7.360799646E-05 4.252099991E-01 -7.239800000E+04 5.663000000E+04 2.034100037E+02 3.945700073E+02 -1.173099976E+02 2.277500000E+02 1.732200027E+00 1.801200062E-01 2.194199944E-03
 8.199999866E-05 7.308000204E-05 4.130200148E-01 -7.592800000E+04 5.664300000E+04 2.015800018E+02 3.991400146E+02 -1.155500031E+02 2.126499939E+02 1.756500006E+00 1.733800024E-01 2.258999972E-03
 8.404999971E-05 7.255200035E-05 4.005900025E-01 -7.621500000E+04 5.258600000E+04 1.995899963E+02 4.035000000E+02 -1.142600021E+02 2.114600067E+02 1.781599998E+00 1.665000021E-01 2.329099923E-03
 8.610000077E-05 7.202399865E-05 3.883099854E-01 -7.846900000E+04 4.894400000E+04 1.975599976E+02 4.077999878E+02 -1.135299988E+02 2.012899933E+02 1.807500005E+00 1.597599983E-01 2.402799902E-03
 8.815000183E-05 7.149599696E-05 3.762300014E-01 -8.133200000E+04 5.293000000E+04 1.956499939E+02 4.121900024E+02 -1.127399979E+02 2.013200073E+02 1.833500028E+00 1.533000022E-01 2.479899907E-03
 9.020000289E-05 7.096800255E-05 3.647499979E-01 -8.766100000E+04 5.140400000E+04 1.937899933E+02 4.159800110E+02 -1.116500015E+02 1.971100006E+02 1.856899977E+00 1.472000033E-01 2.557999920E-03
 9.224999667E-05 7.044000085E-05 3.530699909E-01 -9.152400000E+04 4.611900000E+04 1.918000031E+02 4.198099976E+02 -1.109000015E+02 1.938500061E+02 1.881700039E+00 1.410299987E-01 2.642800100E-03
 9.429999773E-05 6.991199916E-05 3.409799933E-01 -9.249000000E+04 4.513100000E+04 1.897799988E+02 4.240899963E+02 -1.103399963E+02 1.893500061E+02 1.909100056E+00 1.347600073E-01 2.736499999E-03
 9.634999878E-05 6.938399747E-05 3.298200071E-01 -1.034100000E+05 4.365500000E+04 1.880099945E+02 4.277500000E+02 -1.096200027E+02 1.899700012E+02 1.932800055E+00 1.291300058E-01 2.828900004E-03
 9.839999984E-05 6.885600305E-05 3.195199966E-01 -1.116400000E+05 4.473900000E+04 1.861399994E+02 4.311499939E+02 -1.092099991E+02 1.923300018E+02 1.956500053E+00 1.238600016E-01 2.920199884E-03
 1.004500009E-04 6.832800136E-05 3.098100126E-01 -1.164700000E+05 4.496900000E+04 1.842799988E+02 4.344500122E+02 -1.092200012E+02 1.893500061E+02 1.980499983E+00 1.188900024E-01 3.011600114E-03
 1.025000020E-04 6.779999967E-05 3.006300032E-01 -1.287500000E+05 4.621800000E+04 1.827200012E+02 4.374400024E+02 -1.091800003E+02 1.936900024E+02 2.001800060E+00 1.143900007E-01 3.103599884E-03
 1.045500030E-04 6.727199798E-05 2.912200093E-01 -1.427100000E+05 5.129300000E+04 1.812799988E+02 4.405000000E+02 -1.090699997E+02 1.945099945E+02 2.022900105E+00 1.099399999E-01 3.203999950E-03
 1.065999968E-04 6.674400356E-05 2.821600139E-01 -1.578600000E+05 5.233900000E+04 1.798800049E+02 4.431300049E+02 -1.091299973E+02 1.983600006E+02 2.042099953E+00 1.057000011E-01 3.306699917E-03
 1.086499979E-04 6.621600187E-05 2.742899954E-01 -1.765300000E+05 5.448200000E+04 1.787299957E+02 4.451300049E+02 -1.091299973E+02 2.109199982E+02 2.057399988E+00 1.020900011E-01 3.401499940E-03
 1.106999989E-04 6.568800018E-05 2.668400109E-01 -1.966300000E+05 6.158200000E+04 1.776799927E+02 4.472500000E+02 -1.091600037E+02 2.274299927E+02 2.072799921E+00 9.873300046E-02 3.496499965E-03
 1.127500000E-04 6.515999848E-05 2.596699893E-01 -2.201600000E+05 6.961800000E+04 1.767799988E+02 4.489100037E+02 -1.089400024E+02 2.470399933E+02 2.085099936E+00 9.559199959E-02 3.592900001E-03
 1.148000010E-04 6.463199679E-05 2.576999962E-01 -3.624400000E+05 1.156300000E+05 1.801300049E+02 4.424100037E+02 -1.060599976E+02 3.735000000E+02 2.035099983E+00 9.667599946E-02 3.619899973E-03
 1.168500021E-04 6.410400238E-05 2.845799923E-01 -8.585700000E+05 2.678600000E+05 2.025899963E+02 3.969800110E+02 -9.071099854E+01 9.638599854E+02 1.731099963E+00 1.211099997E-01 3.305600025E-03
 1.189000031E-04 6.357600068E-05 3.897399902E-01 -9.883500000E+05 2.919900000E+05 2.439100037E+02 2.965400085E+02 -5.997600174E+01 1.540699951E+03 1.178599954E+00 2.017900050E-01 2.500399947E-03
 1.209499969E-04 6.304799899E-05 5.582799911E-01 -4.425400000E+05 1.286900000E+05 2.754899902E+02 2.008300018E+02 -3.429899979E+01 1.135900024E+03 7.391800284E-01 3.220199943E-01 1.715800026E-03
 1.230000053E-04 6.251999730E-05 6.819800138E-01 -9.050400000E+04 3.667600000E+04 2.873800049E+02 1.568800049E+02 -2.597400093E+01 4.146499939E+02 5.631800294E-01 4.083299935E-01 1.371499966E-03
 1.250500063E-04 6.199200288E-05 7.255499959E-01 -3.542300000E+04 1.869900000E+04 2.908900146E+02 1.429499969E+02 -2.596100044E+01 1.816900024E+02 5.113000274E-01 4.395200014E-01 1.285800012E-03
 1.270999928E-04 6.146400119E-05 7.374600172E-01 -1.723600000E+04 1.342100000E+04 2.921400146E+02 1.366100006E+02 -2.684300041E+01 1.546799927E+02 4.888699949E-01 4.486399889E-01 1.264899969E-03
 1.291499939E-04 6.093599950E-05 7.433000207E-01 -1.411800000E+04 2.275800000E+04 2.929500122E+02 1.319900055E+02 -2.726099968E+01 1.372200012E+02 4.725799859E-01 4.534499943E-01 1.255000010E-03
 1.311999949E-04 6.040800145E-05 7.475200295E-01 -1.554800000E+04 1.900700000E+04 2.934500122E+02 1.280899963E+02 -2.731399918E+01 1.346600037E+02 4.588600099E-01 4.568000138E-01 1.247899956E-03
 1.332499960E-04 5.987999975E-05 7.516999841E-01 -1.146400000E+04 7.877000000E+03 2.940599976E+02 1.242500000E+02 -2.697699928E+01 1.583899994E+02 4.449900091E-01 4.602999985E-01 1.240900019E-03
 1.352999971E-04 5.935200170E-05 7.558000088E-01 -1.467800000E+04 1.425700000E+04 2.946700134E+02 1.207699966E+02 -2.665200043E+01 1.574100037E+02 4.323999882E-01 4.637700021E-01 1.234199968E-03
 1.373499981E-04 5.882400001E-05 7.591900229E-01 -9.591000000E+03 9.546099609E+03 2.950000000E+02 1.178399963E+02 -2.641200066E+01 1.526699982E+02 4.219700098E-01 4.663699865E-01 1.228700043E-03
 1.393999992E-04 5.829599831E-05 7.625100017E-01 2.508600098E+03 4.666200195E+03 2.954100037E+02 1.150100021E+02 -2.587100029E+01 1.422100067E+02 4.116199911E-01 4.690600038E-01 1.223300002E-03
 1.414500002E-04 5.776800026E-05 7.656000257E-01 -3.607199951E+03 9.724000000E+03 2.958599854E+02 1.120599976E+02 -2.513299942E+01 1.241200027E+02 4.007099867E-01 4.716799855E-01 1.218399964E-03
 1.435000013E-04 5.723999857E-05 7.679200172E-01 -1.143800000E+04 1.632600000E+04 2.961900024E+02 1.092500000E+02 -2.469499969E+01 1.306300049E+02 3.905999959E-01 4.736399949E-01 1.214700053E-03
 1.455500023E-04 5.671200051E-05 7.702999711E-01 -7.704899902E+03 8.842400391E+03 2.964299927E+02 1.067500000E+02 -2.412599945E+01 1.320800018E+02 3.814899921E-01 4.754999876E-01 1.211000024E-03
 1.476000034E-04 5.618399882E-05 7.734400034E-01 -1.618300049E+03 4.952899902E+03 2.965899963E+02 1.043700027E+02 -2.333699989E+01 1.179800034E+02 3.727000058E-01 4.776799977E-01 1.205999986E-03
 1.496500045E-04 5.565600077E-05 7.756699920E-01 -3.041300049E+02 8.250000000E+03 2.968699951E+02 1.022099991E+02 -2.281200027E+01 9.292299652E+01 3.647600114E-01 4.795199931E-01 1.202599960E-03
 1.517000055E-04 5.512799908E-05 7.776499987E-01 -9.005399780E+02 5.292299805E+03 2.972699890E+02 1.000999985E+02 -2.222599983E+01 8.991899872E+01 3.569200039E-01 4.813899994E-01 1.199500053E-03
 1.537500066E-04 5.460000102E-05 7.798500061E-01 -1.471500000E+03 8.105700195E+03 2.976300049E+02 9.804199982E+01 -2.164500046E+01 1.040299988E+02 3.492799997E-01 4.833399951E-01 1.196100027E-03
 1.557999931E-04 5.407199933E-05 7.823500037E-01 -8.134299927E+02 1.456800000E+04 2.978099976E+02 9.600399780E+01 -2.099500084E+01 1.101999969E+02 3.417600095E-01 4.851799905E-01 1.192299998E-03
 1.578499941E-04 5.354400128E-05 7.841899991E-01 -1.043599976E+03 1.556700000E+04 2.979200134E+02 9.399199677E+01 -2.007799911E+01 1.094100037E+02 3.341900110E-01 4.864999950E-01 1.189499977E-03
 1.598999952E-04 5.301599958E-05 7.859399915E-01 -3.252099915E+02 4.628299805E+03 2.982000122E+02 9.196600342E+01 -1.924900055E+01 1.003000031E+02 3.265500069E-01 4.880500138E-01 1.186899957E-03
 1.619499963E-04 5.248800153E-05 7.884399891E-01 2.322800049E+03 -1.561199951E+03 2.984800110E+02 8.988400269E+01 -1.840500069E+01 9.836499786E+01 3.187200129E-01 4.900600016E-01 1.183100045E-03
 1.639999973E-04 5.195999984E-05 7.896199822E-01 -2.125200043E+02 -7.559299927E+02 2.986700134E+02 8.808799744E+01 -1.760499954E+01 9.836699677E+01 3.119600117E-01 4.911000133E-01 1.181300031E-03
 1.660499984E-04 5.143200178E-05 7.905799747E-01 5.786400146E+02 2.144000000E+03 2.989200134E+02 8.629900360E+01 -1.676000023E+01 9.455999756E+01 3.051699996E-01 4.921100140E-01 1.179900020E-03
 1.680999994E-04 5.090400009E-05 7.921299934E-01 -4.239700195E+03 9.369500000E+03 2.991499939E+02 8.456999969E+01 -1.598499966E+01 8.718699646E+01 2.986400127E-01 4.934599996E-01 1.177600003E-03
 1.701500005E-04 5.037599840E-05 7.934799790E-01 -8.129500000E+03 1.670599976E+03 2.993099976E+02 8.297499847E+01 -1.540100002E+01 9.023100281E+01 2.927600145E-01 4.945499897E-01 1.175599988E-03
 1.722000015E-04 4.984800034E-05 7.953500152E-01 2.388800049E+03 -2.298100098E+03 2.993500061E+02 8.116100311E+01 -1.446199989E+01 9.309899902E+01 2.859700024E-01 4.957900047E-01 1.172799966E-03
 1.742500026E-04 4.931999865E-05 7.973700166E-01 8.293799805E+03 9.597799805E+03 2.994200134E+02 7.925199890E+01 -1.331599998E+01 8.103900146E+01 2.787300050E-01 4.971700013E-01 1.169899944E-03
 1.763000037E-04 4.879200060E-05 7.984799743E-01 -7.807299805E+02 7.967399902E+03 2.997200012E+02 7.737999725E+01 -1.222700024E+01 9.340899658E+01 2.715899944E-01 4.983499944E-01 1.168200048E-03
 1.783500047E-04 4.826399891E-05 7.994300127E-01 -3.806800049E+03 5.475700195E+03 2.999599915E+02 7.552400208E+01 -1.123999977E+01 9.844100189E+01 2.646000087E-01 4.993500113E-01 1.166800037E-03
 1.804000058E-04 4.773600085E-05 8.008400202E-01 -4.737700195E+03 2.427300049E+03 3.000100098E+02 7.360299683E+01 -1.003899956E+01 8.740899658E+01 2.574000061E-01 5.003200173E-01 1.164800022E-03
 1.824500068E-04 4.720799916E-05 8.022000194E-01 -5.978700195E+03 6.759799805E+03 3.001499939E+02 7.176200104E+01 -8.896400452E+00 8.354699707E+01 2.504999936E-01 5.013899803E-01 1.162800007E-03
 1.844999933E-04 4.668000111E-05 8.029699922E-01 7.424400024E+02 1.344000000E+04 3.003800049E+02 6.994000244E+01 -7.638299942E+00 9.895300293E+01 2.436500043E-01 5.022600293E-01 1.161699998E-03
 1.865499944E-04 4.615199941E-05 8.042399883E-01 5.496600098E+03 6.798899902E+03 3.003900146E+02 6.793800354E+01 -6.331600189E+00 1.051399994E+02 2.362799942E-01 5.030800104E-01 1.159899984E-03
 1.885999955E-04 4.562400136E-05 8.057500124E-01 2.651000000E+03 9.733300171E+02 3.004800110E+02 6.604499817E+01 -4.981100082E+00 9.353099823E+01 2.293400019E-01 5.041700006E-01 1.157699968E-03
 1.906499965E-04 4.509599967E-05 8.070899844E-01 -1.508599976E+03 6.634600098E+03 3.006900024E+02 6.423500061E+01 -3.057800055E+00 1.091299973E+02 2.225999981E-01 5.053600073E-01 1.155799953E-03
 1.926999976E-04 4.456800161E-05 8.079299927E-01 -2.015900024E+03 9.766900391E+03 3.007799988E+02 6.236700058E+01 -1.312700033E+00 1.218799973E+02 2.158800066E-01 5.060300231E-01 1.154599944E-03
 1.947499986E-04 4.403999992E-05 8.078699708E-01 -4.710299805E+03 3.336300049E+03 3.009899902E+02 6.054600143E+01 4.911800027E-01 1.172399979E+02 2.094900012E-01 5.063700080E-01 1.154599944E-03
 1.967999997E-04 4.351199823E-05 8.082100153E-01 -7.470100098E+03 5.204600098E+03 3.013699951E+02 5.869800186E+01 2.578000069E+00 1.238899994E+02 2.031600028E-01 5.072000027E-01 1.154200057E-03
 1.988500007E-04 4.298400017E-05 8.080999851E-01 -5.196700195E+03 5.565600098E+03 3.017799988E+02 5.692699814E+01 4.786699772E+00 1.398200073E+02 1.974200010E-01 5.078300238E-01 1.154299942E-03
 2.009000018E-04 4.245599848E-05 8.064900041E-01 -4.325399902E+03 7.331200195E+03 3.026099854E+02 5.531100082E+01 7.727799892E+00 1.484799957E+02 1.927900016E-01 5.082100034E-01 1.156599959E-03
 2.029500029E-04 4.192800043E-05 8.040599823E-01 -1.437600000E+04 1.092700000E+04 3.038800049E+02 5.390700150E+01 1.149800014E+01 1.526100006E+02 1.899199933E-01 5.088000298E-01 1.160099986E-03
 2.050000039E-04 4.139999874E-05 8.029000163E-01 -2.179900000E+04 1.001000000E+04 3.045100098E+02 5.329600143E+01 1.352099991E+01 1.561300049E+02 1.891199946E-01 5.091199875E-01 1.161799999E-03
 0.000000000E+00 6.749999739E-05 1.600700021E+00 -2.329600000E+05 -4.287100000E+04 3.000000000E+02 8.064299774E+01 3.101700020E+01 -6.736199951E+02 3.033500016E-01 1.004500031E+00 5.768000265E-04
 2.049999921E-06 6.805999874E-05 1.602399945E+00 -1.367000000E+05 -1.531300000E+04 2.991300049E+02 8.258499908E+01 3.189299965E+01 -4.410499878E+02 3.091900051E-01 1.000399947E+00 5.791800213E-04
 4.099999842E-06 6.862000009E-05 1.603800058E+00 -3.040700000E+04 1.239400000E+04 2.981199951E+02 8.569000244E+01 3.327700043E+01 -2.036999969E+02 3.195100129E-01 9.956799746E-01 5.816100165E-04
 6.149999990E-06 6.918000145E-05 1.603999972E+00 -9.902799805E+03 9.025400391E+03 2.980100098E+02 8.804000092E+01 3.398699951E+01 -1.718899994E+02 3.280799985E-01 9.954100251E-01 5.815500044E-04
 8.199999684E-06 6.974000280E-05 1.603099942E+00 5.193399902E+03 -1.220699951E+03 2.979200134E+02 9.058499908E+01 3.456299973E+01 -1.493999939E+02 3.371100128E-01 9.945700169E-01 5.818600184E-04
 1.024999983E-05 7.029999688E-05 1.600200057E+00 3.185000000E+02 8.187000122E+02 2.977300110E+02 9.327500153E+01 3.515499878E+01 -1.459700012E+02 3.467000127E-01 9.921299815E-01 5.829199799E-04
 1.229999998E-05 7.085999823E-05 1.598099947E+00 -3.712100098E+03 -2.862199951E+03 2.975199890E+02 9.603500366E+01 3.581299973E+01 -1.610000000E+02 3.566200137E-01 9.901099801E-01 5.836900091E-04
 1.435000013E-05 7.141999959E-05 1.596699953E+00 8.205000000E+03 -8.719900391E+03 2.972600098E+02 9.893299866E+01 3.649000168E+01 -1.677200012E+02 3.670499921E-01 9.883800149E-01 5.842000246E-04
 1.639999937E-05 7.198000094E-05 1.593799949E+00 8.799400391E+03 -1.291000000E+04 2.969899902E+02 1.019800034E+02 3.709099960E+01 -1.378399963E+02 3.779200017E-01 9.856699705E-01 5.852699978E-04
 1.845000043E-05 7.254000229E-05 1.588500023E+00 4.029000000E+03 -1.880900000E+04 2.967200012E+02 1.052200012E+02 3.771200180E+01 -1.238300018E+02 3.894200027E-01 9.815199971E-01 5.872100010E-04
 2.049999966E-05 7.309999637E-05 1.583199978E+00 3.615399902E+03 -4.997100098E+03 2.964200134E+02 1.083899994E+02 3.832199860E+01 -1.051699982E+02 4.007399976E-01 9.772599936E-01 5.891799810E-04
 2.255000072E-05 7.365999772E-05 1.578299999E+00 3.211500000E+03 2.957399902E+03 2.959899902E+02 1.115000000E+02 3.906200027E+01 -8.690499878E+01 4.121200144E-01 9.728299975E-01 5.910000182E-04
 2.459999996E-05 7.421999908E-05 1.570500016E+00 3.380899902E+03 2.000099976E+03 2.957000122E+02 1.149800034E+02 3.976200104E+01 -9.494799805E+01 4.246000051E-01 9.671000242E-01 5.939400289E-04
 2.664999920E-05 7.478000043E-05 1.562999964E+00 1.239200000E+04 -3.563300049E+03 2.953599854E+02 1.188099976E+02 4.053099823E+01 -8.744000244E+01 4.383699894E-01 9.613100290E-01 5.968200276E-04
 2.870000026E-05 7.534000179E-05 1.554700017E+00 7.910100098E+03 -1.186400024E+03 2.948900146E+02 1.228300018E+02 4.130500031E+01 -8.108699799E+01 4.528999925E-01 9.547299743E-01 5.999800051E-04
 3.075000132E-05 7.590000314E-05 1.543699980E+00 -1.432699951E+03 6.892100220E+02 2.942399902E+02 1.273899994E+02 4.217499924E+01 -7.678500366E+01 4.694699943E-01 9.458600283E-01 6.042799796E-04
 3.279999873E-05 7.645999722E-05 1.532999992E+00 5.117100098E+03 -4.532799805E+03 2.934599915E+02 1.322500000E+02 4.312900162E+01 -6.982700348E+01 4.873299897E-01 9.368399978E-01 6.084800116E-04
 3.484999979E-05 7.701999857E-05 1.520900011E+00 2.067300049E+03 -6.209399902E+03 2.925899963E+02 1.376900024E+02 4.420899963E+01 -3.970999908E+01 5.073999763E-01 9.266800284E-01 6.133400020E-04
 3.690000085E-05 7.757999992E-05 1.506399989E+00 -2.177199951E+03 -1.446900000E+04 2.913999939E+02 1.439799957E+02 4.556200027E+01 1.656100035E+00 5.309299827E-01 9.140899777E-01 6.192600122E-04
 3.894999827E-05 7.814000128E-05 1.488600016E+00 1.423000000E+04 -1.337199951E+03 2.902000122E+02 1.507299957E+02 4.692699814E+01 1.678000069E+01 5.561800003E-01 8.995800018E-01 6.266700220E-04
 4.099999933E-05 7.870000263E-05 1.465800047E+00 2.635100000E+04 6.681600098E+03 2.887999878E+02 1.584600067E+02 4.847100067E+01 4.453799820E+01 5.852299929E-01 8.815500140E-01 6.364100263E-04
 4.305000039E-05 7.925999671E-05 1.437999964E+00 3.544600000E+04 -3.486000061E+01 2.869700012E+02 1.679299927E+02 5.020399857E+01 4.791199875E+01 6.209899783E-01 8.593699932E-01 6.487499923E-04
 4.510000144E-05 7.981999806E-05 1.403200030E+00 4.473400000E+04 -4.132200195E+03 2.844299927E+02 1.798500061E+02 5.195600128E+01 3.773500061E+01 6.662600040E-01 8.311600089E-01 6.649100105E-04
 4.714999886E-05 8.037999942E-05 1.354300022E+00 5.107700000E+04 -1.196100000E+04 2.809800110E+02 1.956600037E+02 5.319300079E+01 1.402299976E+01 7.261199951E-01 7.925199866E-01 6.891100202E-04
 4.919999992E-05 8.094000077E-05 1.284299970E+00 7.924400000E+04 -1.110200000E+04 2.760100098E+02 2.175399933E+02 5.232600021E+01 -4.036500168E+01 8.086900115E-01 7.384300232E-01 7.270299830E-04
 5.125000098E-05 8.150000212E-05 1.167999983E+00 1.029000000E+05 -3.636000000E+04 2.677300110E+02 2.507599945E+02 4.312300110E+01 -3.977500000E+02 9.349799752E-01 6.520199776E-01 8.020299720E-04
 5.329999840E-05 8.099599654E-05 1.004699945E+00 8.933000000E+04 -8.461600000E+04 2.562099915E+02 2.918599854E+02 1.805100060E+01 -8.337500000E+02 1.099699974E+00 5.372200012E-01 9.357400122E-04
 5.534999946E-05 8.049199823E-05 8.394500017E-01 6.039200000E+04 -1.063000000E+05 2.435800018E+02 3.266499939E+02 -2.026199913E+01 -8.690900269E+02 1.262099981E+00 4.268899858E-01 1.121500041E-03
 5.740000051E-05 7.998799992E-05 7.041500211E-01 2.124600000E+04 -9.135400000E+04 2.323300018E+02 3.487699890E+02 -6.007300186E+01 -6.230999756E+02 1.396000028E+00 3.413099945E-01 1.334800036E-03
 5.945000157E-05 7.948400162E-05 6.107500196E-01 -1.906300000E+04 -5.756700000E+04 2.240599976E+02 3.604700012E+02 -9.183000183E+01 -3.130400085E+02 1.492599964E+00 2.852599919E-01 1.533900038E-03
 6.150000263E-05 7.898000331E-05 5.540199876E-01 -3.948200000E+04 -1.400200000E+04 2.185299988E+02 3.661199951E+02 -1.125800018E+02 -7.198899841E+01 1.555500031E+00 2.522299886E-01 1.687000040E-03
 6.354999641E-05 7.847599773E-05 5.207999945E-01 -5.265100000E+04 2.517000000E+04 2.150500031E+02 3.692399902E+02 -1.236999969E+02 8.439099884E+01 1.593799949E+00 2.332600057E-01 1.792600029E-03
 6.559999747E-05 7.797199942E-05 5.002099872E-01 -6.268800000E+04 4.505400000E+04 2.127799988E+02 3.718800049E+02 -1.284299927E+02 1.534100037E+02 1.618700027E+00 2.216500044E-01 1.865500002E-03
 6.764999853E-05 7.746800111E-05 4.862000048E-01 -6.459700000E+04 5.548400000E+04 2.111600037E+02 3.748299866E+02 -1.291799927E+02 2.027500000E+02 1.637400031E+00 2.137899995E-01 1.918899943E-03
 6.969999959E-05 7.696400280E-05 4.763999879E-01 -6.160800000E+04 6.232600000E+04 2.099299927E+02 3.777799988E+02 -1.278799973E+02 2.399199982E+02 1.651999950E+00 2.082699984E-01 1.958200010E-03
 7.175000064E-05 7.645999722E-05 4.677000046E-01 -6.213500000E+04 6.319900000E+04 2.087200012E+02 3.811700134E+02 -1.258099976E+02 2.373200073E+02 1.667500019E+00 2.032800019E-01 1.994600054E-03
 7.380000170E-05 7.595599891E-05 4.584400058E-01 -6.416300000E+04 6.193100000E+04 2.073699951E+02 3.850700073E+02 -1.231399994E+02 2.362799988E+02 1.684900045E+00 1.979700029E-01 2.034900011E-03
 7.585000276E-05 7.545200060E-05 4.484100044E-01 -6.683000000E+04 5.958500000E+04 2.057100067E+02 3.893099976E+02 -1.204400024E+02 2.351499939E+02 1.705199957E+00 1.921000034E-01 2.080600010E-03
 7.789999654E-05 7.494800229E-05 4.372000098E-01 -6.805000000E+04 5.701800000E+04 2.038800049E+02 3.937600098E+02 -1.179300003E+02 2.252500000E+02 1.727699995E+00 1.856299937E-01 2.133999951E-03
 7.994999760E-05 7.444399671E-05 4.252800047E-01 -7.392800000E+04 5.416800000E+04 2.021199951E+02 3.981400146E+02 -1.155100021E+02 2.223399963E+02 1.750000000E+00 1.790100038E-01 2.193799941E-03
 8.199999866E-05 7.393999840E-05 4.133499861E-01 -8.014200000E+04 5.707000000E+04 2.003200073E+02 4.026700134E+02 -1.133199997E+02 2.152899933E+02 1.773800015E+00 1.724400073E-01 2.257100074E-03
 8.404999971E-05 7.343600009E-05 4.016599953E-01 -8.400100000E+04 5.834800000E+04 1.984700012E+02 4.069599915E+02 -1.116200027E+02 2.019100037E+02 1.797700047E+00 1.660100073E-01 2.322900109E-03
 8.610000077E-05 7.293200179E-05 3.894700110E-01 -8.684800000E+04 4.999400000E+04 1.965000000E+02 4.111499939E+02 -1.104899979E+02 1.943699951E+02 1.822800040E+00 1.593800038E-01 2.395699965E-03
 8.815000183E-05 7.242800348E-05 3.769699931E-01 -8.960300000E+04 5.050400000E+04 1.945000000E+02 4.155000000E+02 -1.094300003E+02 1.984900055E+02 1.848999977E+00 1.526899934E-01 2.475100104E-03
 9.020000289E-05 7.192399789E-05 3.650900126E-01 -9.126000000E+04 5.242100000E+04 1.926100006E+02 4.195299988E+02 -1.082300034E+02 1.911100006E+02 1.873700023E+00 1.464399993E-01 2.555599902E-03
 9.224999667E-05 7.141999959E-05 3.535900116E-01 -9.429000000E+04 4.718800000E+04 1.906000061E+02 4.233999939E+02 -1.070299988E+02 1.862400055E+02 1.898499966E+00 1.403599977E-01 2.638800070E-03
 9.429999773E-05 7.091600128E-05 3.418999910E-01 -1.004700000E+05 4.420300000E+04 1.885800018E+02 4.274899902E+02 -1.060800018E+02 1.836900024E+02 1.924999952E+00 1.342699975E-01 2.729099942E-03
 9.634999878E-05 7.041200297E-05 3.310000002E-01 -1.087600000E+05 4.515500000E+04 1.867599945E+02 4.310899963E+02 -1.052799988E+02 1.812799988E+02 1.948799968E+00 1.287399977E-01 2.818800043E-03
 9.839999984E-05 6.990799739E-05 3.207899928E-01 -1.142000000E+05 4.616300000E+04 1.850000000E+02 4.343200073E+02 -1.047399979E+02 1.804799957E+02 1.971400023E+00 1.235900000E-01 2.908600029E-03
 1.004500009E-04 6.940399908E-05 3.109300137E-01 -1.201100000E+05 4.250100000E+04 1.833000031E+02 4.377399902E+02 -1.047699966E+02 1.749600067E+02 1.995300055E+00 1.186899990E-01 3.000800032E-03
 1.025000020E-04 6.890000077E-05 3.016299903E-01 -1.308100000E+05 4.295000000E+04 1.817200012E+02 4.408599854E+02 -1.044300003E+02 1.830599976E+02 2.017100096E+00 1.141500026E-01 3.093299922E-03
 1.045500030E-04 6.839600246E-05 2.924999893E-01 -1.420300000E+05 4.701300000E+04 1.803000031E+02 4.437399902E+02 -1.038399963E+02 1.915599976E+02 2.036900043E+00 1.098299995E-01 3.189800074E-03
 1.065999968E-04 6.789199688E-05 2.838700116E-01 -1.575400000E+05 4.833100000E+04 1.790200043E+02 4.462900085E+02 -1.038700027E+02 1.953099976E+02 2.055299997E+00 1.058299989E-01 3.286699997E-03
 1.086499979E-04 6.738799857E-05 2.761000097E-01 -1.796900000E+05 5.278300000E+04 1.778800049E+02 4.481499939E+02 -1.040199966E+02 2.004499969E+02 2.070199966E+00 1.022699997E-01 3.379100002E-03
 1.106999989E-04 6.688400026E-05 2.684099972E-01 -2.023000000E+05 5.907500000E+04 1.767500000E+02 4.503599854E+02 -1.038799973E+02 2.129600067E+02 2.086400032E+00 9.879600257E-02 3.476100042E-03
 1.127500000E-04 6.638000195E-05 2.609600127E-01 -2.207000000E+05 6.494300000E+04 1.757100067E+02 4.523900146E+02 -1.036299973E+02 2.293200073E+02 2.101300001E+00 9.549000114E-02 3.575100098E-03
 1.148000010E-04 6.587599637E-05 2.573100030E-01 -3.219600000E+05 9.671000000E+04 1.777100067E+02 4.485899963E+02 -1.016999969E+02 3.110000000E+02 2.071199894E+00 9.522099793E-02 3.625199897E-03
 1.168500021E-04 6.537199806E-05 2.753799856E-01 -7.819400000E+05 2.297100000E+05 1.957100067E+02 4.132399902E+02 -9.016400146E+01 7.805900269E+02 1.824900031E+00 1.128600016E-01 3.403400071E-03
 1.189000031E-04 6.486799975E-05 3.645099998E-01 -1.051500000E+06 2.968700000E+05 2.358600006E+02 3.189299927E+02 -6.248600006E+01 1.441300049E+03 1.289399981E+00 1.827500015E-01 2.662000014E-03
 1.209499969E-04 6.436400145E-05 5.304600000E-01 -5.782200000E+05 1.585400000E+05 2.716700134E+02 2.156499939E+02 -3.527700043E+01 1.212199951E+03 7.994400263E-01 3.023799956E-01 1.818699995E-03
 1.230000053E-04 6.386000314E-05 6.701499820E-01 -1.230900000E+05 4.370600000E+04 2.862799988E+02 1.631900024E+02 -2.485099983E+01 4.529599915E+02 5.858399868E-01 3.998199999E-01 1.398400054E-03
 1.250500063E-04 6.335599755E-05 7.253800035E-01 -3.619900000E+04 2.086600000E+04 2.904400024E+02 1.467400055E+02 -2.432900047E+01 1.674100037E+02 5.238500237E-01 4.387399852E-01 1.286200015E-03
 1.270999928E-04 6.285199925E-05 7.394199967E-01 -1.845700000E+04 1.170400000E+04 2.917900085E+02 1.403699951E+02 -2.536300087E+01 1.327200012E+02 5.011799932E-01 4.492799938E-01 1.261599944E-03
 1.291499939E-04 6.234800094E-05 7.449600101E-01 -1.163300000E+04 1.763700000E+04 2.925799866E+02 1.359299927E+02 -2.595999908E+01 1.361600037E+02 4.855499864E-01 4.538800120E-01 1.252199989E-03
 1.311999949E-04 6.184400263E-05 7.490299940E-01 -1.509400000E+04 1.863900000E+04 2.929800110E+02 1.320800018E+02 -2.614200020E+01 1.574100037E+02 4.720900059E-01 4.569900036E-01 1.245400053E-03
 1.332499960E-04 6.133999705E-05 7.529100180E-01 -1.272800000E+04 1.034600000E+04 2.934899902E+02 1.284400024E+02 -2.595599937E+01 1.584600067E+02 4.590600133E-01 4.601500034E-01 1.238900004E-03
 1.352999971E-04 6.083599874E-05 7.569000125E-01 -1.467800000E+04 1.091400000E+04 2.941000061E+02 1.249599991E+02 -2.580800056E+01 1.425000000E+02 4.465300143E-01 4.635399878E-01 1.232399954E-03
 1.373499981E-04 6.033200043E-05 7.605999708E-01 -1.053700000E+04 1.280500000E+04 2.945199890E+02 1.217799988E+02 -2.566799927E+01 1.420800018E+02 4.352500141E-01 4.664700031E-01 1.226400025E-03
 1.393999992E-04 5.982799848E-05 7.635999918E-01 -3.656500000E+03 1.097600000E+04 2.948699951E+02 1.188899994E+02 -2.504400063E+01 1.411399994E+02 4.246399999E-01 4.688799977E-01 1.221599989E-03
 1.414500002E-04 5.932400018E-05 7.665100098E-01 -1.002600000E+04 1.231700000E+04 2.952500000E+02 1.161800003E+02 -2.426600075E+01 1.197600021E+02 4.145399928E-01 4.712699950E-01 1.216999954E-03
 1.435000013E-04 5.881999823E-05 7.688500285E-01 -9.956599609E+03 1.248300000E+04 2.956300049E+02 1.134499969E+02 -2.389200020E+01 1.081100006E+02 4.047000110E-01 4.733099937E-01 1.213200041E-03
 1.455500023E-04 5.831599992E-05 7.710499763E-01 -5.394899902E+03 6.636100098E+03 2.960199890E+02 1.108199997E+02 -2.349900055E+01 1.135400009E+02 3.951500058E-01 4.753000140E-01 1.209800015E-03
 1.476000034E-04 5.781200161E-05 7.739599943E-01 1.459299927E+02 2.535199951E+03 2.963399963E+02 1.084000015E+02 -2.287700081E+01 1.214000015E+02 3.862299919E-01 4.776000082E-01 1.205199980E-03
 1.496500045E-04 5.730799967E-05 7.762600183E-01 1.818800049E+03 7.411100098E+03 2.966300049E+02 1.061399994E+02 -2.228400040E+01 1.171900024E+02 3.779200017E-01 4.794999957E-01 1.201699954E-03
 1.517000055E-04 5.680400136E-05 7.777799964E-01 -7.278799805E+03 7.564700195E+03 2.970100098E+02 1.040599976E+02 -2.171800041E+01 1.165899963E+02 3.701800108E-01 4.810500145E-01 1.199300052E-03
 1.537500066E-04 5.629999941E-05 7.799299955E-01 -8.465400391E+03 1.004300000E+04 2.972900085E+02 1.020299988E+02 -2.122599983E+01 1.151999969E+02 3.627400100E-01 4.828299880E-01 1.196000027E-03
 1.557999931E-04 5.579600111E-05 7.823100090E-01 -2.832800049E+03 1.744800000E+04 2.975100098E+02 9.991600037E+01 -2.043799973E+01 1.047799988E+02 3.548600078E-01 4.846700132E-01 1.192399999E-03
 1.578499941E-04 5.529199916E-05 7.838299870E-01 9.478800049E+02 1.409100000E+04 2.977699890E+02 9.786000061E+01 -1.944599915E+01 1.076999969E+02 3.470099866E-01 4.860199988E-01 1.190099982E-03
 1.598999952E-04 5.478800085E-05 7.857400179E-01 -2.427100098E+03 8.840000000E+03 2.980700073E+02 9.580200195E+01 -1.859799957E+01 1.024400024E+02 3.392499983E-01 4.876999855E-01 1.187199960E-03
 1.619499963E-04 5.428399891E-05 7.881000042E-01 -3.637600098E+03 -5.588900146E+02 2.982300110E+02 9.365899658E+01 -1.789200020E+01 1.021200027E+02 3.313800097E-01 4.894300103E-01 1.183600049E-03
 1.639999973E-04 5.378000060E-05 7.899199724E-01 -3.545100098E+03 -5.570700195E+03 2.982900085E+02 9.180400085E+01 -1.711700058E+01 1.046299973E+02 3.244999945E-01 4.906699955E-01 1.180900028E-03
 1.660499984E-04 5.327599865E-05 7.914000154E-01 -4.705299805E+03 5.197399902E+03 2.984400024E+02 9.011699677E+01 -1.630400085E+01 9.862200165E+01 3.181599975E-01 4.918200076E-01 1.178700011E-03
 1.680999994E-04 5.277200034E-05 7.925099730E-01 -3.881199951E+03 8.496200195E+03 2.986700134E+02 8.839199829E+01 -1.553299999E+01 9.133499908E+01 3.116700053E-01 4.929000139E-01 1.176999998E-03
 1.701500005E-04 5.226799840E-05 7.936699986E-01 -6.087299805E+03 3.213199951E+03 2.989100037E+02 8.656300354E+01 -1.473700047E+01 8.966799927E+01 3.048200011E-01 4.940199852E-01 1.175299985E-03
 1.722000015E-04 5.176400009E-05 7.953500152E-01 5.068699951E+02 4.212399902E+03 2.989899902E+02 8.458399963E+01 -1.368500042E+01 8.946199799E+01 2.974100113E-01 4.952000082E-01 1.172799966E-03
 1.742500026E-04 5.126000178E-05 7.967600226E-01 2.141500000E+03 7.273399902E+03 2.991400146E+02 8.264900208E+01 -1.257800007E+01 8.759200287E+01 2.901000082E-01 4.963200092E-01 1.170699950E-03
 1.763000037E-04 5.075599984E-05 7.974299788E-01 -4.397500000E+03 6.933700195E+03 2.995000000E+02 8.097599792E+01 -1.151799965E+01 1.108799973E+02 2.836500108E-01 4.973500073E-01 1.169799943E-03
 1.783500047E-04 5.025200153E-05 7.985399961E-01 -6.832700195E+03 7.079299805E+03 2.997799988E+02 7.929000092E+01 -1.046700001E+01 1.038799973E+02 2.772299945E-01 4.984900057E-01 1.168100047E-03
 1.804000058E-04 4.974799958E-05 8.000699878E-01 -4.263799805E+03 6.292899902E+03 2.997999878E+02 7.752400208E+01 -9.397299767E+00 9.156400299E+01 2.706899941E-01 4.994800091E-01 1.165900030E-03
 1.824500068E-04 4.924400127E-05 8.015499711E-01 -2.770700073E+02 5.456399902E+03 2.998999939E+02 7.588400269E+01 -8.383399963E+00 1.049800034E+02 2.645899951E-01 5.005699992E-01 1.163700013E-03
 1.844999933E-04 4.873999933E-05 8.027200103E-01 -1.108599976E+03 1.090800000E+04 3.001000061E+02 7.423699951E+01 -6.976200104E+00 1.162900009E+02 2.583400011E-01 5.016400218E-01 1.162000000E-03
 1.865499944E-04 4.823600102E-05 8.039399981E-01 -2.221399902E+03 1.358100000E+04 3.002099915E+02 7.241400146E+01 -5.560900211E+00 1.070800018E+02 2.515699863E-01 5.025900006E-01 1.160299988E-03
 1.885999955E-04 4.773199908E-05 8.054699898E-01 -2.921600098E+03 1.153100000E+04 3.002000122E+02 7.052999878E+01 -4.351600170E+00 1.024599991E+02 2.447900027E-01 5.035300255E-01 1.158099971E-03
 1.906499965E-04 4.722800077E-05 8.067100048E-01 3.508300049E+03 8.184100098E+03 3.002799988E+02 6.878099823E+01 -2.466799974E+00 1.200100021E+02 2.383999974E-01 5.044299960E-01 1.156299957E-03
 1.926999976E-04 4.672399882E-05 8.069700003E-01 5.881799805E+03 5.687200195E+03 3.004899902E+02 6.717600250E+01 -7.284100056E-01 1.087900009E+02 2.326000035E-01 5.049499869E-01 1.155899954E-03
 1.947499986E-04 4.622000051E-05 8.067399859E-01 -3.020500000E+03 1.615500031E+02 3.007699890E+02 6.553600311E+01 1.115200043E+00 1.130500031E+02 2.268600017E-01 5.052700043E-01 1.156299957E-03
 1.967999997E-04 4.571599857E-05 8.071200252E-01 -6.710700195E+03 2.194100098E+03 3.011099854E+02 6.379899979E+01 3.260999918E+00 1.240299988E+02 2.209700048E-01 5.060799718E-01 1.155699953E-03
 1.988500007E-04 4.521200026E-05 8.072299957E-01 -5.490000000E+03 3.540199951E+03 3.013200073E+02 6.208499908E+01 5.443500042E+00 1.307299957E+02 2.155199945E-01 5.065100193E-01 1.155599952E-03
 2.009000018E-04 4.470799831E-05 8.064699769E-01 -2.311399902E+03 3.242100098E+03 3.017999878E+02 6.048699951E+01 8.219200134E+00 1.502799988E+02 2.109699994E-01 5.068399906E-01 1.156599959E-03
 2.029500029E-04 4.420400001E-05 8.046100140E-01 -7.098299805E+03 7.157899902E+03 3.026900024E+02 5.919800186E+01 1.159799957E+01 1.421000061E+02 2.082100064E-01 5.071600080E-01 1.159299980E-03
 2.050000039E-04 4.370000170E-05 8.034099936E-01 -1.465200000E+04 5.864799805E+03 3.031700134E+02 5.863800049E+01 1.339500046E+01 1.314199982E+02 2.073500007E-01 5.072100163E-01 1.161099994E-03
 0.000000000E+00 6.866700278E-05 1.600700021E+00 -1.912400000E+05 -2.575500000E+04 3.000000000E+02 7.343699646E+01 2.786100006E+01 -6.186099854E+02 2.759299874E-01 1.004099965E+00 5.765099777E-04
 2.049999921E-06 6.920000305E-05 1.602200031E+00 -1.082600000E+05 -7.443500000E+03 2.990599976E+02 7.556800079E+01 2.870499992E+01 -3.895100098E+02 2.824299932E-01 9.998199940E-01 5.790999858E-04
 4.099999842E-06 6.973300333E-05 1.603700042E+00 -2.815100000E+04 1.381700000E+04 2.980499878E+02 7.915399933E+01 3.011499977E+01 -1.551900024E+02 2.944000065E-01 9.953299761E-01 5.816600169E-04
 6.149999990E-06 7.026700041E-05 1.603199959E+00 -2.346400000E+04 1.246500000E+04 2.979899902E+02 8.201699829E+01 3.097100067E+01 -1.478600006E+02 3.048000038E-01 9.947999716E-01 5.818500067E-04
 8.199999684E-06 7.080000069E-05 1.602200031E+00 -3.996800049E+03 1.020500000E+04 2.978299866E+02 8.485399628E+01 3.164399910E+01 -1.429900055E+02 3.149400055E-01 9.936400056E-01 5.822199746E-04
 1.024999983E-05 7.133300096E-05 1.599699974E+00 -1.476800049E+03 4.700700195E+03 2.976799927E+02 8.787300110E+01 3.229299927E+01 -1.291300049E+02 3.256500065E-01 9.916200042E-01 5.831100279E-04
 1.229999998E-05 7.186699804E-05 1.598000050E+00 1.331900024E+03 -6.501300049E+02 2.975499878E+02 9.092500305E+01 3.304000092E+01 -1.478099976E+02 3.365800083E-01 9.901599884E-01 5.837099743E-04
 1.435000013E-05 7.239999832E-05 1.596199989E+00 1.127900000E+04 -8.482600098E+02 2.973200073E+02 9.404599762E+01 3.380799866E+01 -1.565700073E+02 3.478400111E-01 9.882599711E-01 5.843900144E-04
 1.639999937E-05 7.293299859E-05 1.592599988E+00 3.474899902E+03 -4.089800049E+03 2.970700073E+02 9.739199829E+01 3.447299957E+01 -1.268799973E+02 3.597300053E-01 9.852200150E-01 5.857099895E-04
 1.845000043E-05 7.346700295E-05 1.588299990E+00 -1.026300049E+03 -1.304599976E+03 2.967699890E+02 1.008499985E+02 3.516500092E+01 -1.326300049E+02 3.720799983E-01 9.815199971E-01 5.873100017E-04
 2.049999966E-05 7.400000322E-05 1.582900047E+00 8.914599609E+03 2.505100098E+03 2.964100037E+02 1.042699966E+02 3.592800140E+01 -1.150699997E+02 3.844499886E-01 9.770200253E-01 5.893000052E-04
 2.255000072E-05 7.453300350E-05 1.577600002E+00 8.940700073E+02 9.237500000E+03 2.960499878E+02 1.077500000E+02 3.677399826E+01 -1.022200012E+02 3.971099854E-01 9.725700021E-01 5.912799970E-04
 2.459999996E-05 7.506700058E-05 1.569700003E+00 -3.130800049E+03 2.016699951E+03 2.957799988E+02 1.116399994E+02 3.756200027E+01 -1.024499969E+02 4.110499918E-01 9.667999744E-01 5.942800199E-04
 2.664999920E-05 7.560000086E-05 1.562100053E+00 1.483100000E+04 -6.868500000E+03 2.953200073E+02 1.157099991E+02 3.834600067E+01 -8.194300079E+01 4.257200062E-01 9.606800079E-01 5.971299834E-04
 2.870000026E-05 7.613300113E-05 1.554900050E+00 1.370200000E+04 7.896899902E+03 2.947799988E+02 1.200999985E+02 3.912500000E+01 -7.857800293E+01 4.415299892E-01 9.544600248E-01 5.999199930E-04
 3.075000132E-05 7.666699821E-05 1.544299960E+00 1.483900024E+03 5.804899902E+03 2.941600037E+02 1.249300003E+02 3.999100113E+01 -7.540599823E+01 4.589999914E-01 9.459400177E-01 6.040500011E-04
 3.279999873E-05 7.719999849E-05 1.533100009E+00 8.015399902E+03 -3.001600098E+03 2.933699951E+02 1.300800018E+02 4.100400162E+01 -8.473500061E+01 4.778999984E-01 9.366099834E-01 6.084400229E-04
 3.484999979E-05 7.773299876E-05 1.520400047E+00 1.446200000E+04 1.625300049E+03 2.925299988E+02 1.357500000E+02 4.211000061E+01 -5.502600098E+01 4.987399876E-01 9.262099862E-01 6.135199801E-04
 3.690000085E-05 7.826700312E-05 1.505200028E+00 1.630700000E+04 -2.512199951E+03 2.915100098E+02 1.420099945E+02 4.333900070E+01 -6.434100151E+00 5.218999982E-01 9.136800170E-01 6.197500043E-04
 3.894999827E-05 7.880000339E-05 1.487400055E+00 2.992200000E+04 -4.254600098E+03 2.902200012E+02 1.490000000E+02 4.474900055E+01 -5.202199936E+00 5.480700135E-01 8.989400268E-01 6.271600141E-04
 4.099999933E-05 7.933299639E-05 1.464699984E+00 3.653600000E+04 7.460600098E+03 2.886799927E+02 1.570899963E+02 4.629800034E+01 4.530799866E+00 5.784900188E-01 8.805400133E-01 6.368900067E-04
 4.305000039E-05 7.986700075E-05 1.436699986E+00 3.286900000E+04 1.207700000E+04 2.868599854E+02 1.669400024E+02 4.784500122E+01 1.930400085E+01 6.153900027E-01 8.582199812E-01 6.493600085E-04
 4.510000144E-05 8.040000102E-05 1.401700020E+00 3.583700000E+04 7.879299805E+03 2.843299866E+02 1.791600037E+02 4.940399933E+01 1.646599960E+01 6.615399718E-01 8.300200105E-01 6.655899924E-04
 4.714999886E-05 8.093300130E-05 1.353999972E+00 5.554700000E+04 -6.092000000E+03 2.808599854E+02 1.948099976E+02 5.030400085E+01 -1.455000019E+01 7.206799984E-01 7.920299768E-01 6.892100209E-04
 4.919999992E-05 8.146699838E-05 1.286399961E+00 9.293100000E+04 -1.744600000E+04 2.760100098E+02 2.159600067E+02 4.902600098E+01 -7.424800110E+01 8.003699780E-01 7.396000028E-01 7.258299738E-04
 5.125000098E-05 8.199999866E-05 1.178799987E+00 1.087400000E+05 -4.234200000E+04 2.683900146E+02 2.469700012E+02 4.082500076E+01 -3.766099854E+02 9.183800220E-01 6.594899893E-01 7.939700154E-04
 5.329999840E-05 8.151999646E-05 1.031499982E+00 8.791000000E+04 -8.559500000E+04 2.579400024E+02 2.851600037E+02 1.956399918E+01 -7.680599976E+02 1.070700049E+00 5.550199747E-01 9.098899900E-04
 5.534999946E-05 8.104000153E-05 8.773999810E-01 7.567900000E+04 -1.046200000E+05 2.462599945E+02 3.192900085E+02 -1.351000023E+01 -8.424099731E+02 1.225200057E+00 4.509100020E-01 1.071400009E-03
 5.740000051E-05 8.055999933E-05 7.444999814E-01 4.045600000E+04 -9.055900000E+04 2.352700043E+02 3.432500000E+02 -4.990599823E+01 -6.598599854E+02 1.359500051E+00 3.654100001E-01 1.261499943E-03
 5.945000157E-05 8.007999713E-05 6.465299726E-01 -8.860700195E+03 -6.424400000E+04 2.264900055E+02 3.577600098E+02 -8.135800171E+01 -3.997300110E+02 1.464499950E+00 3.052800000E-01 1.449399977E-03
 6.150000263E-05 7.960000221E-05 5.813500285E-01 -2.757100000E+04 -3.332400000E+04 2.200800018E+02 3.656600037E+02 -1.038700027E+02 -1.719100037E+02 1.538400054E+00 2.665899992E-01 1.608500024E-03
 6.354999641E-05 7.912000001E-05 5.393300056E-01 -4.133100000E+04 4.739100098E+03 2.156799927E+02 3.703999939E+02 -1.175000000E+02 2.932899892E-01 1.588199973E+00 2.422900051E-01 1.731800032E-03
 6.559999747E-05 7.863999781E-05 5.114600062E-01 -5.893500000E+04 2.883900000E+04 2.126499939E+02 3.742999878E+02 -1.245199966E+02 9.459600067E+01 1.623499990E+00 2.265200019E-01 1.825000043E-03
 6.764999853E-05 7.816000289E-05 4.930500090E-01 -6.600900000E+04 4.080100000E+04 2.104700012E+02 3.776799927E+02 -1.270199966E+02 1.566499939E+02 1.648399949E+00 2.161000073E-01 1.892399974E-03
 6.969999959E-05 7.768000069E-05 4.802800119E-01 -6.727600000E+04 4.982300000E+04 2.088000031E+02 3.808999939E+02 -1.267300034E+02 2.047299957E+02 1.667199969E+00 2.088299990E-01 1.942500006E-03
 7.175000064E-05 7.719999849E-05 4.690800011E-01 -7.087600000E+04 5.417300000E+04 2.073699951E+02 3.845299988E+02 -1.248700027E+02 2.086600037E+02 1.684999943E+00 2.025700063E-01 1.988899894E-03
 7.380000170E-05 7.672000356E-05 4.580099881E-01 -7.210700000E+04 5.697400000E+04 2.059299927E+02 3.885000000E+02 -1.222399979E+02 2.166799927E+02 1.703299999E+00 1.964199990E-01 2.036900027E-03
 7.585000276E-05 7.624000136E-05 4.471600056E-01 -6.954300000E+04 5.865600000E+04 2.043099976E+02 3.927600098E+02 -1.194300003E+02 2.213800049E+02 1.723700047E+00 1.902599931E-01 2.086400054E-03
 7.789999654E-05 7.575999916E-05 4.363699853E-01 -7.398500000E+04 5.624700000E+04 2.026199951E+02 3.971799927E+02 -1.164400024E+02 2.146999969E+02 1.745100021E+00 1.841299981E-01 2.137999982E-03
 7.994999760E-05 7.527999696E-05 4.250200093E-01 -8.019600000E+04 5.254700000E+04 2.007899933E+02 4.015299988E+02 -1.135699997E+02 2.216399994E+02 1.767400026E+00 1.777199954E-01 2.195199952E-03
 8.199999866E-05 7.480000204E-05 4.131599963E-01 -8.156200000E+04 5.574300000E+04 1.988999939E+02 4.057999878E+02 -1.110699997E+02 2.071399994E+02 1.790400028E+00 1.711400002E-01 2.258199966E-03
 8.404999971E-05 7.431999984E-05 4.013400078E-01 -8.675300000E+04 5.874300000E+04 1.971799927E+02 4.098900146E+02 -1.089300003E+02 1.861900024E+02 1.812700033E+00 1.648000032E-01 2.324800007E-03
 8.610000077E-05 7.383999764E-05 3.892000020E-01 -9.090600000E+04 5.228400000E+04 1.953899994E+02 4.140899963E+02 -1.072300034E+02 1.759299927E+02 1.836599946E+00 1.583700031E-01 2.397299977E-03
 8.815000183E-05 7.336000272E-05 3.768700063E-01 -9.192200000E+04 5.194900000E+04 1.933899994E+02 4.183099976E+02 -1.058899994E+02 1.813999939E+02 1.862200022E+00 1.517799944E-01 2.475799993E-03
 9.020000289E-05 7.288000052E-05 3.647499979E-01 -9.454900000E+04 5.206300000E+04 1.914700012E+02 4.224800110E+02 -1.045400009E+02 1.836600037E+02 1.887699962E+00 1.454399973E-01 2.558100037E-03
 9.224999667E-05 7.239999832E-05 3.531199992E-01 -1.017500000E+05 4.796300000E+04 1.895800018E+02 4.266199951E+02 -1.030100021E+02 1.803500061E+02 1.913100004E+00 1.394100040E-01 2.642299980E-03
 9.429999773E-05 7.192000339E-05 3.420599997E-01 -1.085700000E+05 4.701100000E+04 1.876900024E+02 4.304899902E+02 -1.018099976E+02 1.815500031E+02 1.937800050E+00 1.336999983E-01 2.727699932E-03
 9.634999878E-05 7.144000119E-05 3.314700127E-01 -1.132300000E+05 4.751000000E+04 1.858600006E+02 4.340899963E+02 -1.009199982E+02 1.812599945E+02 1.961899996E+00 1.282999963E-01 2.814899897E-03
 9.839999984E-05 7.095999899E-05 3.213799894E-01 -1.133900000E+05 4.396500000E+04 1.841699982E+02 4.375100098E+02 -1.003300018E+02 1.783099976E+02 1.985100031E+00 1.232599989E-01 2.903100103E-03
 1.004500009E-04 7.047999679E-05 3.115400076E-01 -1.197600000E+05 3.994700000E+04 1.826199951E+02 4.407799988E+02 -1.000400009E+02 1.700599976E+02 2.007299900E+00 1.184799969E-01 2.994999988E-03
 1.025000020E-04 7.000000187E-05 3.019100130E-01 -1.307700000E+05 4.217400000E+04 1.809400024E+02 4.438900146E+02 -9.948999786E+01 1.743200073E+02 2.029599905E+00 1.137700006E-01 3.090400016E-03
 1.045500030E-04 6.951999967E-05 2.931999862E-01 -1.349500000E+05 4.504500000E+04 1.793200073E+02 4.466199951E+02 -9.890799713E+01 1.838200073E+02 2.050100088E+00 1.094899997E-01 3.182000015E-03
 1.065999968E-04 6.903999747E-05 2.851000130E-01 -1.513000000E+05 4.639900000E+04 1.780599976E+02 4.489800110E+02 -9.871399689E+01 1.898899994E+02 2.067600012E+00 1.057199985E-01 3.272499889E-03
 1.086499979E-04 6.856000255E-05 2.773199975E-01 -1.773900000E+05 5.033400000E+04 1.769600067E+02 4.510199890E+02 -9.865000153E+01 1.944600067E+02 2.082900047E+00 1.022000015E-01 3.364299890E-03
 1.106999989E-04 6.808000035E-05 2.695800066E-01 -2.012800000E+05 5.529400000E+04 1.757700043E+02 4.533599854E+02 -9.838200378E+01 2.003699951E+02 2.100100040E+00 9.867300093E-02 3.461000044E-03
 1.127500000E-04 6.759999815E-05 2.620399892E-01 -2.219700000E+05 5.915100000E+04 1.747599945E+02 4.554599915E+02 -9.810099792E+01 2.071900024E+02 2.115099907E+00 9.536399692E-02 3.560400102E-03
 1.148000010E-04 6.712000322E-05 2.569499910E-01 -2.915700000E+05 8.008700000E+04 1.757200012E+02 4.537799988E+02 -9.679900360E+01 2.565700073E+02 2.100800037E+00 9.401900321E-02 3.630399937E-03
 1.168500021E-04 6.664000102E-05 2.682499886E-01 -6.925300000E+05 1.884200000E+05 1.897299957E+02 4.268399963E+02 -8.829900360E+01 6.223200073E+02 1.906499982E+00 1.063499972E-01 3.485899884E-03
 1.189000031E-04 6.615999882E-05 3.421800137E-01 -1.092300000E+06 2.904800000E+05 2.280099945E+02 3.399800110E+02 -6.420800018E+01 1.307800049E+03 1.396800041E+00 1.658000052E-01 2.817899920E-03
 1.209499969E-04 6.567999662E-05 5.025399923E-01 -7.137500000E+05 1.817100000E+05 2.672099915E+02 2.311199951E+02 -3.673099899E+01 1.256400024E+03 8.647800088E-01 2.825199962E-01 1.933600055E-03
 1.230000053E-04 6.520000170E-05 6.563500166E-01 -1.611700000E+05 4.393700000E+04 2.849400024E+02 1.692500000E+02 -2.412899971E+01 5.329899902E+02 6.082800031E-01 3.899300098E-01 1.431399956E-03
 1.250500063E-04 6.471999950E-05 7.236800194E-01 -3.876700000E+04 2.271700000E+04 2.900400085E+02 1.498000031E+02 -2.286100006E+01 1.700000000E+02 5.340499878E-01 4.371199906E-01 1.289400039E-03
 1.270999928E-04 6.423999730E-05 7.406399846E-01 -2.259900000E+04 7.467799805E+03 2.915000000E+02 1.434400024E+02 -2.392799950E+01 1.038600006E+02 5.112000108E-01 4.495800138E-01 1.259500044E-03
 1.291499939E-04 6.376000238E-05 7.468400002E-01 -1.326300000E+04 7.775600098E+03 2.921799927E+02 1.392899933E+02 -2.456399918E+01 1.134100037E+02 4.966099858E-01 4.544000030E-01 1.248999964E-03
 1.311999949E-04 6.328000018E-05 7.507100105E-01 -1.259100000E+04 2.328300000E+04 2.926600037E+02 1.356699982E+02 -2.497800064E+01 1.362100067E+02 4.839499891E-01 4.575099945E-01 1.242600032E-03
 1.332499960E-04 6.279999798E-05 7.542899847E-01 -1.442200000E+04 1.700500000E+04 2.930799866E+02 1.323200073E+02 -2.492200089E+01 1.414600067E+02 4.720300138E-01 4.603399932E-01 1.236699987E-03
 1.352999971E-04 6.232000305E-05 7.577099800E-01 -1.669500000E+04 9.184599609E+03 2.935499878E+02 1.290700073E+02 -2.484900093E+01 1.271500015E+02 4.604200125E-01 4.631699920E-01 1.231099945E-03
 1.373499981E-04 6.184000085E-05 7.613199949E-01 -1.556100000E+04 1.246500000E+04 2.939599915E+02 1.259499969E+02 -2.481699944E+01 1.152699966E+02 4.493399858E-01 4.660399854E-01 1.225200016E-03
 1.393999992E-04 6.135999865E-05 7.645400167E-01 -1.651300000E+04 1.500600000E+04 2.943399963E+02 1.229499969E+02 -2.423800087E+01 1.214000015E+02 4.383800030E-01 4.686000049E-01 1.220099977E-03
 1.414500002E-04 6.088000009E-05 7.673199773E-01 -1.186600000E+04 1.030900000E+04 2.947000122E+02 1.202300034E+02 -2.359799957E+01 1.243199997E+02 4.283300042E-01 4.708899856E-01 1.215699944E-03
 1.435000013E-04 6.040000153E-05 7.697200179E-01 -6.680299805E+03 2.056899902E+03 2.950799866E+02 1.176299973E+02 -2.312199974E+01 1.095899963E+02 4.188300073E-01 4.729599953E-01 1.211900031E-03
 1.455500023E-04 5.991999933E-05 7.724900246E-01 -4.787000000E+03 1.037400000E+04 2.955100098E+02 1.148899994E+02 -2.276899910E+01 1.129400024E+02 4.089300036E-01 4.753600061E-01 1.207499998E-03
 1.476000034E-04 5.944000077E-05 7.753900290E-01 2.723899902E+03 9.313500000E+03 2.958099976E+02 1.123300018E+02 -2.225300026E+01 1.242699966E+02 3.995999992E-01 4.776299894E-01 1.202999963E-03
 1.496500045E-04 5.895999857E-05 7.769600153E-01 5.216799805E+03 5.683700195E+03 2.961199951E+02 1.100199966E+02 -2.159300041E+01 1.184700012E+02 3.910399973E-01 4.790999889E-01 1.200599945E-03
 1.517000055E-04 5.848000001E-05 7.783799767E-01 -3.616500000E+03 1.115300000E+04 2.964200134E+02 1.078300018E+02 -2.106900024E+01 1.181200027E+02 3.829799891E-01 4.804700017E-01 1.198400045E-03
 1.537500066E-04 5.800000145E-05 7.806400061E-01 -7.024600098E+03 1.150700000E+04 2.967200012E+02 1.056200027E+02 -2.054100037E+01 1.096800003E+02 3.748700023E-01 4.823499918E-01 1.194900018E-03
 1.557999931E-04 5.751999925E-05 7.824000120E-01 -1.744500000E+03 1.307800000E+04 2.970100098E+02 1.034700012E+02 -1.976099968E+01 1.045100021E+02 3.668299913E-01 4.839000106E-01 1.192199998E-03
 1.578499941E-04 5.704000068E-05 7.838900089E-01 7.573500061E+01 1.641300000E+04 2.973299866E+02 1.015400009E+02 -1.881599998E+01 1.051600037E+02 3.594399989E-01 4.853599966E-01 1.189999981E-03
 1.598999952E-04 5.655999848E-05 7.859899998E-01 -2.200300049E+03 1.668100000E+04 2.976700134E+02 9.962599945E+01 -1.797400093E+01 9.751699829E+01 3.521499932E-01 4.872100055E-01 1.186799956E-03
 1.619499963E-04 5.607999992E-05 7.876700163E-01 -1.843500000E+03 6.110000000E+03 2.979299927E+02 9.768099976E+01 -1.728700066E+01 9.722299957E+01 3.449200094E-01 4.886699915E-01 1.184300054E-03
 1.639999973E-04 5.560000136E-05 7.894899845E-01 -3.108899902E+03 -1.393000000E+03 2.980899963E+02 9.574099731E+01 -1.658699989E+01 1.083300018E+02 3.377600014E-01 4.900699854E-01 1.181500033E-03
 1.660499984E-04 5.511999916E-05 7.916399837E-01 -7.415899902E+03 5.886600098E+03 2.980700073E+02 9.386199951E+01 -1.577799988E+01 9.856199646E+01 3.308599889E-01 4.913800061E-01 1.178300008E-03
 1.680999994E-04 5.464000060E-05 7.933700085E-01 -5.307100098E+03 3.269699951E+03 2.981000061E+02 9.202400208E+01 -1.488899994E+01 8.906700134E+01 3.240399957E-01 4.924899936E-01 1.175799989E-03
 1.701500005E-04 5.415999840E-05 7.947800159E-01 -4.005600098E+03 2.944100098E+03 2.983099976E+02 9.013099670E+01 -1.395499992E+01 9.988999939E+01 3.169200122E-01 4.937199950E-01 1.173699973E-03
 1.722000015E-04 5.367999984E-05 7.960699797E-01 -2.264699951E+03 9.738500000E+03 2.984700012E+02 8.819799805E+01 -1.291600037E+01 1.089499969E+02 3.096700013E-01 4.947699904E-01 1.171799959E-03
 1.742500026E-04 5.320000128E-05 7.971299887E-01 -1.475099976E+03 5.198700195E+03 2.987099915E+02 8.639700317E+01 -1.191499996E+01 1.156699982E+02 3.028599918E-01 4.958400130E-01 1.170199947E-03
 1.763000037E-04 5.271999908E-05 7.975500226E-01 -3.720600098E+03 7.089399902E+03 2.991400146E+02 8.480500031E+01 -1.090299988E+01 1.144199982E+02 2.967000008E-01 4.968200028E-01 1.169599942E-03
 1.783500047E-04 5.224000051E-05 7.978900075E-01 -7.958799805E+03 9.913099609E+03 2.994500122E+02 8.320899963E+01 -9.930899620E+00 1.112900009E+02 2.906300128E-01 4.975300133E-01 1.169100055E-03
 1.804000058E-04 5.175999831E-05 7.994300127E-01 -2.951800049E+03 9.178799805E+03 2.995000000E+02 8.160900116E+01 -8.920700073E+00 1.001500015E+02 2.847099900E-01 4.985800087E-01 1.166800037E-03
 1.824500068E-04 5.127999975E-05 8.016499877E-01 2.445399902E+03 5.869299805E+03 2.995400085E+02 7.992700195E+01 -7.806900024E+00 1.014800034E+02 2.784900069E-01 5.000399947E-01 1.163600013E-03
 1.844999933E-04 5.080000119E-05 8.029999733E-01 -3.331100098E+03 7.857799805E+03 2.996799927E+02 7.824800110E+01 -6.382999897E+00 1.189000015E+02 2.721999884E-01 5.011100173E-01 1.161599997E-03
 1.865499944E-04 5.031999899E-05 8.038600087E-01 -2.114500000E+03 1.507100000E+04 2.998299866E+02 7.673100281E+01 -4.955699921E+00 1.121399994E+02 2.665100098E-01 5.019000173E-01 1.160399988E-03
 1.885999955E-04 4.984000043E-05 8.044199944E-01 2.275800049E+03 1.481800000E+04 2.997999878E+02 7.512400055E+01 -3.730000019E+00 1.038499985E+02 2.607200146E-01 5.022100210E-01 1.159599982E-03
 1.906499965E-04 4.935999823E-05 8.054999709E-01 6.418500000E+03 9.056299805E+03 2.998399963E+02 7.336599731E+01 -1.820199966E+00 1.152099991E+02 2.543900013E-01 5.029500127E-01 1.157999970E-03
 1.926999976E-04 4.887999967E-05 8.061599731E-01 4.903000000E+03 4.568500000E+03 3.001600037E+02 7.173100281E+01 -1.300099939E-01 1.037600021E+02 2.484900057E-01 5.038899779E-01 1.157099963E-03
 1.947499986E-04 4.840000111E-05 8.061199784E-01 -3.318699951E+03 3.314600098E+03 3.004700012E+02 7.025099945E+01 1.618199944E+00 1.075299988E+02 2.433300018E-01 5.043900013E-01 1.157099963E-03
 1.967999997E-04 4.791999891E-05 8.062099814E-01 -1.291400024E+03 6.297299805E+03 3.007500000E+02 6.881400299E+01 3.789400101E+00 1.223000031E+02 2.385299951E-01 5.049099922E-01 1.156999962E-03
 1.988500007E-04 4.744000034E-05 8.063099980E-01 -1.301199951E+03 5.404299805E+03 3.008599854E+02 6.730699921E+01 5.992000103E+00 1.369799957E+02 2.338500023E-01 5.051699877E-01 1.156899962E-03
 2.009000018E-04 4.696000178E-05 8.064799905E-01 -5.194399902E+03 7.933200195E+03 3.010400085E+02 6.583799744E+01 8.542400360E+00 1.564400024E+02 2.296999991E-01 5.055599809E-01 1.156599959E-03
 2.029500029E-04 4.647999958E-05 8.055400252E-01 -4.460100098E+03 9.234200195E+03 3.014200134E+02 6.475399780E+01 1.149400043E+01 1.318500061E+02 2.274300009E-01 5.056099892E-01 1.157999970E-03
 2.050000039E-04 4.600000102E-05 8.048400283E-01 -4.346299805E+03 4.404399902E+03 3.016000061E+02 6.430699921E+01 1.314000034E+01 1.111299973E+02 2.268400043E-01 5.054799914E-01 1.158999978E-03
 0.000000000E+00 6.983299681E-05 1.600700021E+00 -1.722800000E+05 -2.046700000E+04 3.000000000E+02 6.754699707E+01 2.490200043E+01 -5.663900146E+02 2.534700036E-01 1.004400015E+00 5.759299966E-04
 2.049999921E-06 7.034000009E-05 1.602900028E+00 -9.708700000E+04 -8.858200195E+03 2.990199890E+02 6.980699921E+01 2.571199989E+01 -3.324200134E+02 2.602199912E-01 1.000300050E+00 5.785499816E-04
 4.099999842E-06 7.084700337E-05 1.604699969E+00 -1.732300000E+04 1.198600000E+04 2.980100098E+02 7.360500336E+01 2.707799911E+01 -1.077900009E+02 2.726599872E-01 9.958099723E-01 5.813100142E-04
 6.149999990E-06 7.135300257E-05 1.603299975E+00 -1.032100000E+04 1.488200000E+04 2.980299988E+02 7.666899872E+01 2.803800011E+01 -1.399400024E+02 2.838000059E-01 9.950299859E-01 5.817899946E-04
 8.199999684E-06 7.185999857E-05 1.601999998E+00 -1.797400024E+03 4.451799805E+03 2.978399963E+02 7.976799774E+01 2.883900070E+01 -1.201800003E+02 2.949700058E-01 9.935500026E-01 5.822899984E-04
 1.024999983E-05 7.236700185E-05 1.599099994E+00 -3.058699951E+03 -9.251500244E+02 2.976799927E+02 8.304799652E+01 2.956399918E+01 -1.095800018E+02 3.066399992E-01 9.912499785E-01 5.833299947E-04
 1.229999998E-05 7.287300105E-05 1.597499967E+00 3.298600098E+03 2.077500000E+03 2.975599976E+02 8.625700378E+01 3.033200073E+01 -1.385200043E+02 3.181200027E-01 9.898300171E-01 5.839299993E-04
 1.435000013E-05 7.337999705E-05 1.595199943E+00 7.178299805E+03 -4.141299805E+03 2.973999939E+02 8.953099823E+01 3.112999916E+01 -1.406399994E+02 3.298699856E-01 9.879000187E-01 5.847699940E-04
 1.639999937E-05 7.388700033E-05 1.591599941E+00 -3.201800049E+03 -7.954200195E+03 2.971799927E+02 9.308200073E+01 3.185700035E+01 -1.258600006E+02 3.425100148E-01 9.849500060E-01 5.860700039E-04
 1.845000043E-05 7.439299952E-05 1.588299990E+00 -3.774000000E+03 -2.931199951E+03 2.967799988E+02 9.660099792E+01 3.266899872E+01 -1.161299973E+02 3.552500010E-01 9.815599918E-01 5.873100017E-04
 2.049999966E-05 7.490000280E-05 1.582399964E+00 3.422300049E+03 2.670800049E+03 2.965100098E+02 1.002099991E+02 3.351300049E+01 -1.131800003E+02 3.682700098E-01 9.770699739E-01 5.894899950E-04
 2.255000072E-05 7.540699880E-05 1.576400042E+00 2.713699951E+03 -4.021600098E+03 2.962300110E+02 1.042099991E+02 3.439599991E+01 -1.084499969E+02 3.826499879E-01 9.724299908E-01 5.917199887E-04
 2.459999996E-05 7.591299800E-05 1.569399953E+00 -8.161500244E+02 -1.661600000E+04 2.957900085E+02 1.084499969E+02 3.525899887E+01 -1.072900009E+02 3.979299963E-01 9.666699767E-01 5.943700089E-04
 2.664999920E-05 7.642000128E-05 1.562399983E+00 1.226900000E+04 -1.091400000E+04 2.951700134E+02 1.128799973E+02 3.605899811E+01 -8.845099640E+01 4.139499962E-01 9.603499770E-01 5.970200291E-04
 2.870000026E-05 7.692699728E-05 1.554000020E+00 9.420599609E+03 4.205799805E+03 2.947300110E+02 1.177099991E+02 3.695600128E+01 -7.722699738E+01 4.312900007E-01 9.537699819E-01 6.002599839E-04
 3.075000132E-05 7.743299648E-05 1.542799950E+00 5.971799805E+03 5.593100098E+03 2.941900024E+02 1.226600037E+02 3.789300156E+01 -8.293199921E+01 4.492099881E-01 9.451400042E-01 6.046299823E-04
 3.279999873E-05 7.793999976E-05 1.532099962E+00 2.047100000E+04 2.184899902E+03 2.933599854E+02 1.278399963E+02 3.882500076E+01 -6.081999969E+01 4.681499898E-01 9.359400272E-01 6.088499795E-04
 3.484999979E-05 7.844700303E-05 1.519299984E+00 2.976400000E+04 6.931000000E+03 2.925000000E+02 1.336100006E+02 3.989599991E+01 -3.058399963E+01 4.893299937E-01 9.253799915E-01 6.140000187E-04
 3.690000085E-05 7.895300223E-05 1.503000021E+00 3.149100000E+04 8.874600220E+02 2.915599976E+02 1.400500031E+02 4.113700104E+01 -1.768600082E+01 5.130299926E-01 9.125599861E-01 6.206399994E-04
 3.894999827E-05 7.945999823E-05 1.484699965E+00 2.685500000E+04 -1.293900000E+04 2.902300110E+02 1.473399963E+02 4.252099991E+01 -1.397599983E+01 5.402699709E-01 8.973299861E-01 6.283000112E-04
 4.099999933E-05 7.996700151E-05 1.462599993E+00 2.246800000E+04 -6.096700195E+03 2.885899963E+02 1.558800049E+02 4.403200150E+01 -8.584199905E+00 5.722500086E-01 8.789899945E-01 6.378000253E-04
 4.305000039E-05 8.047300071E-05 1.434900045E+00 9.271500000E+03 6.894299805E+03 2.869200134E+02 1.661600037E+02 4.544300079E+01 -2.651999950E+00 6.103600264E-01 8.573600054E-01 6.501600146E-04
 4.510000144E-05 8.097999671E-05 1.399399996E+00 2.267500000E+04 1.393900000E+04 2.844800110E+02 1.785899963E+02 4.681800079E+01 2.619400024E+00 6.570100188E-01 8.290600181E-01 6.667100242E-04
 4.714999886E-05 8.148699999E-05 1.353500009E+00 5.691900000E+04 -5.687500000E+03 2.808900146E+02 1.941199951E+02 4.751200104E+01 -2.032099915E+01 7.157899737E-01 7.918300033E-01 6.894199760E-04
 4.919999992E-05 8.199299918E-05 1.288900018E+00 9.106300000E+04 -2.367400000E+04 2.760899963E+02 2.145299988E+02 4.597900009E+01 -9.050800323E+01 7.928000093E-01 7.412499785E-01 7.243599975E-04
 5.125000098E-05 8.250000246E-05 1.188699961E+00 1.070300000E+05 -3.271700000E+04 2.689899902E+02 2.433899994E+02 3.846799850E+01 -3.491600037E+02 9.027900100E-01 6.664199829E-01 7.868299726E-04
 5.329999840E-05 8.204399637E-05 1.054700017E+00 9.509800000E+04 -7.305100000E+04 2.594299927E+02 2.789700012E+02 2.021299934E+01 -6.751500244E+02 1.044199944E+00 5.705800056E-01 8.887400036E-04
 5.534999946E-05 8.158799756E-05 9.108099937E-01 8.675300000E+04 -9.812800000E+04 2.486600037E+02 3.123800049E+02 -8.380800247E+00 -7.738400269E+02 1.191799998E+00 4.724900126E-01 1.030800049E-03
 5.740000051E-05 8.113199874E-05 7.821699977E-01 5.099400000E+04 -9.091700000E+04 2.380399933E+02 3.373599854E+02 -4.123199844E+01 -6.536599731E+02 1.324200034E+00 3.883799911E-01 1.199700055E-03
 5.945000157E-05 8.067599993E-05 6.820899844E-01 7.433000000E+03 -6.972400000E+04 2.289400024E+02 3.536000061E+02 -7.131700134E+01 -4.533200073E+02 1.432199955E+00 3.255900145E-01 1.373899984E-03
 6.150000263E-05 8.022000111E-05 6.097900271E-01 -1.709100000E+04 -4.797300000E+04 2.219700012E+02 3.636199951E+02 -9.454699707E+01 -2.536999969E+02 1.514199972E+00 2.820700109E-01 1.534100040E-03
 6.354999641E-05 7.976400229E-05 5.597400069E-01 -3.562800000E+04 -1.312900000E+04 2.168699951E+02 3.702799988E+02 -1.100800018E+02 -7.049700165E+01 1.574599981E+00 2.528899908E-01 1.669300022E-03
 6.559999747E-05 7.930800348E-05 5.251399875E-01 -4.929500000E+04 1.631500000E+04 2.132599945E+02 3.752200012E+02 -1.191999969E+02 4.837500000E+01 1.618100047E+00 2.332600057E-01 1.777900034E-03
 6.764999853E-05 7.885199739E-05 5.011500120E-01 -6.019400000E+04 3.156600000E+04 2.105000000E+02 3.793999939E+02 -1.235800018E+02 1.189899979E+02 1.650599957E+00 2.196999937E-01 1.862199977E-03
 6.969999959E-05 7.839599857E-05 4.837499857E-01 -6.774800000E+04 4.455100000E+04 2.082299957E+02 3.834200134E+02 -1.246699982E+02 1.588000031E+02 1.676800013E+00 2.097699940E-01 1.928800019E-03
 7.175000064E-05 7.793999976E-05 4.702900052E-01 -7.459800000E+04 5.095700000E+04 2.064299927E+02 3.871099854E+02 -1.232900009E+02 1.790200043E+02 1.697000027E+00 2.021699995E-01 1.983799972E-03
 7.380000170E-05 7.748400094E-05 4.580599964E-01 -7.648000000E+04 5.451900000E+04 2.047599945E+02 3.911700134E+02 -1.208000031E+02 2.010800018E+02 1.717100024E+00 1.953199953E-01 2.036799910E-03
 7.585000276E-05 7.702800212E-05 4.460900128E-01 -7.309400000E+04 5.820800000E+04 2.030500031E+02 3.955599976E+02 -1.180899963E+02 2.109400024E+02 1.738700032E+00 1.886200011E-01 2.091400092E-03
 7.789999654E-05 7.657200331E-05 4.344800115E-01 -7.807400000E+04 5.637900000E+04 2.013999939E+02 3.999299927E+02 -1.148199997E+02 2.090800018E+02 1.759600043E+00 1.822199970E-01 2.147400053E-03
 7.994999760E-05 7.611599722E-05 4.228500128E-01 -8.235200000E+04 4.970300000E+04 1.996300049E+02 4.044200134E+02 -1.115800018E+02 2.157899933E+02 1.781999946E+00 1.757999957E-01 2.206400037E-03
 8.199999866E-05 7.565999840E-05 4.114800096E-01 -8.153600000E+04 4.854400000E+04 1.977599945E+02 4.086099854E+02 -1.087399979E+02 1.987700043E+02 1.804499984E+00 1.694599986E-01 2.267400036E-03
 8.404999971E-05 7.520399959E-05 4.000900090E-01 -8.495900000E+04 4.978900000E+04 1.960000000E+02 4.127099915E+02 -1.062600021E+02 1.922899933E+02 1.826900005E+00 1.633100063E-01 2.332000062E-03
 8.610000077E-05 7.474800077E-05 3.883700073E-01 -8.979300000E+04 4.907200000E+04 1.942400055E+02 4.170499878E+02 -1.041600037E+02 1.795500031E+02 1.851099968E+00 1.571000069E-01 2.402399899E-03
 8.815000183E-05 7.429200195E-05 3.764500022E-01 -9.585500000E+04 5.172200000E+04 1.923500061E+02 4.212999878E+02 -1.023099976E+02 1.614100037E+02 1.876099944E+00 1.508000046E-01 2.478499897E-03
 9.020000289E-05 7.383600314E-05 3.643200099E-01 -1.011000000E+05 5.134600000E+04 1.904199982E+02 4.254200134E+02 -1.005599976E+02 1.686900024E+02 1.901299953E+00 1.444800049E-01 2.561100060E-03
 9.224999667E-05 7.337999705E-05 3.524999917E-01 -1.072600000E+05 4.680000000E+04 1.886399994E+02 4.293999939E+02 -9.889800262E+01 1.822299957E+02 1.925500035E+00 1.384799927E-01 2.646900015E-03
 9.429999773E-05 7.292399823E-05 3.417600095E-01 -1.117700000E+05 4.564200000E+04 1.868899994E+02 4.331700134E+02 -9.760700226E+01 1.840599976E+02 1.949300051E+00 1.330100000E-01 2.730000066E-03
 9.634999878E-05 7.246799942E-05 3.314599991E-01 -1.115400000E+05 4.507800000E+04 1.850299988E+02 4.368800049E+02 -9.660299683E+01 1.799499969E+02 1.974099994E+00 1.277199984E-01 2.815000014E-03
 9.839999984E-05 7.201200060E-05 3.215300143E-01 -1.081900000E+05 3.936500000E+04 1.832599945E+02 4.404899902E+02 -9.591200256E+01 1.709400024E+02 1.998600006E+00 1.227099970E-01 2.901799977E-03
 1.004500009E-04 7.155600179E-05 3.121800125E-01 -1.159300000E+05 3.801100000E+04 1.816699982E+02 4.435899963E+02 -9.521600342E+01 1.676600037E+02 2.020200014E+00 1.181100011E-01 2.988700056E-03
 1.025000020E-04 7.110000297E-05 3.028700054E-01 -1.270900000E+05 4.196300000E+04 1.800399933E+02 4.464200134E+02 -9.438899994E+01 1.679900055E+02 2.040899992E+00 1.135599986E-01 3.080599941E-03
 1.045500030E-04 7.064399688E-05 2.939699888E-01 -1.320000000E+05 4.447800000E+04 1.784700012E+02 4.492000122E+02 -9.385700226E+01 1.718300018E+02 2.061599970E+00 1.092600003E-01 3.173799952E-03
 1.065999968E-04 7.018799806E-05 2.856799960E-01 -1.481700000E+05 4.505600000E+04 1.771499939E+02 4.515299988E+02 -9.343900299E+01 1.798999939E+02 2.079099894E+00 1.053899974E-01 3.265799955E-03
 1.086499979E-04 6.973199925E-05 2.778500021E-01 -1.745400000E+05 4.673000000E+04 1.760800018E+02 4.534899902E+02 -9.315200043E+01 1.816799927E+02 2.093899965E+00 1.018799990E-01 3.357799957E-03
 1.106999989E-04 6.927600043E-05 2.700000107E-01 -1.989900000E+05 5.090600000E+04 1.748899994E+02 4.558200073E+02 -9.266999817E+01 1.860500031E+02 2.110899925E+00 9.833700210E-02 3.455600003E-03
 1.127500000E-04 6.882000162E-05 2.623400092E-01 -2.210400000E+05 5.399800000E+04 1.738600006E+02 4.580000000E+02 -9.222200012E+01 1.912299957E+02 2.126499891E+00 9.497900307E-02 3.556400072E-03
 1.148000010E-04 6.836400280E-05 2.566100061E-01 -2.715100000E+05 6.623200000E+04 1.741199951E+02 4.575700073E+02 -9.145899963E+01 2.211699982E+02 2.122299910E+00 9.303999692E-02 3.635399975E-03
 1.168500021E-04 6.790799671E-05 2.634600103E-01 -6.011000000E+05 1.505800000E+05 1.847200012E+02 4.372399902E+02 -8.532900238E+01 4.869500122E+02 1.972000003E+00 1.015499979E-01 3.544900101E-03
 1.189000031E-04 6.745199789E-05 3.240199983E-01 -1.093400000E+06 2.690400000E+05 2.204600067E+02 3.589500122E+02 -6.491500092E+01 1.137300049E+03 1.497099996E+00 1.515700072E-01 2.955199918E-03
 1.209499969E-04 6.699599908E-05 4.758200049E-01 -8.246600000E+05 1.974600000E+05 2.621700134E+02 2.470399933E+02 -3.836299896E+01 1.242000000E+03 9.343400002E-01 2.631700039E-01 2.053200034E-03
 1.230000053E-04 6.654000026E-05 6.407499909E-01 -2.118400000E+05 5.289200000E+04 2.832000122E+02 1.758200073E+02 -2.398500061E+01 5.870800171E+02 6.335300207E-01 3.785699904E-01 1.471300027E-03
 1.250500063E-04 6.608400145E-05 7.218800187E-01 -5.071900000E+04 2.233600000E+04 2.895299988E+02 1.526499939E+02 -2.168899918E+01 1.690899963E+02 5.438699722E-01 4.352700114E-01 1.292899949E-03
 1.270999928E-04 6.562800263E-05 7.423800230E-01 -3.039400000E+04 8.609000000E+03 2.911600037E+02 1.458500061E+02 -2.263999939E+01 8.650700378E+01 5.191500187E-01 4.501200020E-01 1.256500022E-03
 1.291499939E-04 6.517199654E-05 7.484599948E-01 -2.311200000E+04 7.677500000E+03 2.917399902E+02 1.420299988E+02 -2.337299919E+01 9.005400085E+01 5.057700276E-01 4.546999931E-01 1.246299944E-03
 1.311999949E-04 6.471599772E-05 7.518399954E-01 -2.099100000E+04 1.955100000E+04 2.923399963E+02 1.387200012E+02 -2.377599907E+01 1.050299988E+02 4.940100014E-01 4.576900005E-01 1.240700018E-03
 1.332499960E-04 6.425999891E-05 7.552599907E-01 -1.440400000E+04 1.258300000E+04 2.927099915E+02 1.355399933E+02 -2.377799988E+01 1.151999969E+02 4.827300012E-01 4.603599906E-01 1.235099975E-03
 1.352999971E-04 6.380400009E-05 7.588300109E-01 -7.858600098E+03 1.030800000E+04 2.929899902E+02 1.325299988E+02 -2.386899948E+01 1.147500000E+02 4.721699953E-01 4.629699886E-01 1.229300047E-03
 1.373499981E-04 6.334800128E-05 7.620499730E-01 -1.141200000E+04 1.530400000E+04 2.933999939E+02 1.295200043E+02 -2.384799957E+01 1.008199997E+02 4.614199996E-01 4.656000137E-01 1.224100008E-03
 1.393999992E-04 6.289200246E-05 7.649199963E-01 -1.760800000E+04 1.474400000E+04 2.939500122E+02 1.266200027E+02 -2.334000015E+01 9.916300201E+01 4.506900012E-01 4.682199955E-01 1.219499973E-03
 1.414500002E-04 6.243599637E-05 7.679100037E-01 -1.299700000E+04 8.702799805E+03 2.943999939E+02 1.238399963E+02 -2.277000046E+01 1.233899994E+02 4.404200017E-01 4.707599878E-01 1.214700053E-03
 1.435000013E-04 6.197999755E-05 7.707200050E-01 -7.200000000E+03 4.869599915E+01 2.947000122E+02 1.211999969E+02 -2.222699928E+01 1.252799988E+02 4.307999909E-01 4.729799926E-01 1.210300019E-03
 1.455500023E-04 6.152399874E-05 7.729799747E-01 -8.223400391E+03 1.024700000E+04 2.951000061E+02 1.187399979E+02 -2.190699959E+01 1.035699997E+02 4.218299985E-01 4.750100076E-01 1.206799992E-03
 1.476000034E-04 6.106799992E-05 7.759600282E-01 4.648099899E+01 1.016500000E+04 2.952799988E+02 1.161699982E+02 -2.141399956E+01 1.079700012E+02 4.125599861E-01 4.771200120E-01 1.202099957E-03
 1.496500045E-04 6.061200111E-05 7.777000070E-01 3.635300049E+03 2.680000000E+03 2.954899902E+02 1.136999969E+02 -2.079400063E+01 1.107300034E+02 4.035499990E-01 4.785400033E-01 1.199400052E-03
 1.517000055E-04 6.015599865E-05 7.789999843E-01 1.216800049E+03 9.606599609E+03 2.958999939E+02 1.114899979E+02 -2.033399963E+01 1.149400024E+02 3.953999877E-01 4.800100029E-01 1.197400037E-03
 1.537500066E-04 5.969999984E-05 7.813699841E-01 -1.335300049E+03 6.726299805E+03 2.962799988E+02 1.091999969E+02 -1.969000053E+01 1.146999969E+02 3.868899941E-01 4.820800126E-01 1.193800010E-03
 1.557999931E-04 5.924400102E-05 7.829200029E-01 -4.066499939E+02 6.548700195E+03 2.965899963E+02 1.069599991E+02 -1.897599983E+01 1.102699966E+02 3.785699904E-01 4.835500121E-01 1.191399992E-03
 1.578499941E-04 5.878799857E-05 7.842100263E-01 -2.006800049E+03 1.324500000E+04 2.969800110E+02 1.050899963E+02 -1.830699921E+01 1.051600037E+02 3.715099990E-01 4.849799871E-01 1.189499977E-03
 1.598999952E-04 5.833199975E-05 7.861700058E-01 -1.117400000E+04 1.332400000E+04 2.973500061E+02 1.033099976E+02 -1.742600060E+01 1.045899963E+02 3.646300137E-01 4.867999852E-01 1.186499954E-03
 1.619499963E-04 5.787600094E-05 7.881100178E-01 -8.889799805E+03 1.037300000E+04 2.975499878E+02 1.013799973E+02 -1.657699966E+01 1.117600021E+02 3.574199975E-01 4.883199930E-01 1.183600049E-03
 1.639999973E-04 5.741999848E-05 7.896999717E-01 -3.091500000E+03 7.406700195E+03 2.976499939E+02 9.938300323E+01 -1.591100025E+01 1.110000000E+02 3.501299918E-01 4.894799888E-01 1.181200030E-03
 1.660499984E-04 5.696399967E-05 7.913399935E-01 -5.202500000E+03 1.422300000E+04 2.977300110E+02 9.751899719E+01 -1.510900021E+01 9.281400299E+01 3.432399929E-01 4.906199872E-01 1.178800012E-03
 1.680999994E-04 5.650800085E-05 7.933499813E-01 -4.727600098E+02 1.150900000E+04 2.977999878E+02 9.568299866E+01 -1.423799992E+01 8.541999817E+01 3.364300132E-01 4.919799864E-01 1.175799989E-03
 1.701500005E-04 5.605199840E-05 7.947199941E-01 2.120600098E+03 6.485600098E+03 2.979800110E+02 9.384899902E+01 -1.325699997E+01 1.035800018E+02 3.295300007E-01 4.931299984E-01 1.173699973E-03
 1.722000015E-04 5.559599958E-05 7.955399752E-01 -1.968199951E+03 9.092299805E+03 2.981499939E+02 9.219400024E+01 -1.225800037E+01 1.127600021E+02 3.232699931E-01 4.939199984E-01 1.172499964E-03
 1.742500026E-04 5.514000077E-05 7.972000241E-01 -3.423300049E+03 8.597400391E+03 2.983800049E+02 9.048899841E+01 -1.131999969E+01 1.155599976E+02 3.168500066E-01 4.953300059E-01 1.170099946E-03
 1.763000037E-04 5.468399831E-05 7.980300188E-01 -7.675500000E+03 1.271800000E+04 2.987999878E+02 8.882900238E+01 -1.034700012E+01 1.032699966E+02 3.104999959E-01 4.965499938E-01 1.168900053E-03
 1.783500047E-04 5.422799950E-05 7.980800271E-01 -9.198500000E+03 7.472299805E+03 2.990899963E+02 8.729399872E+01 -9.427900314E+00 1.144499969E+02 3.046900034E-01 4.970700145E-01 1.168800052E-03
 1.804000058E-04 5.377200068E-05 7.990900278E-01 -1.007299988E+03 1.936000000E+03 2.992000122E+02 8.565299988E+01 -8.427200317E+00 1.226299973E+02 2.986199856E-01 4.978800118E-01 1.167300041E-03
 1.824500068E-04 5.331599823E-05 8.010500073E-01 6.002899902E+03 1.839400024E+03 2.992399902E+02 8.389399719E+01 -7.121399879E+00 9.713800049E+01 2.921099961E-01 4.991599917E-01 1.164500020E-03
 1.844999933E-04 5.285999941E-05 8.024100065E-01 4.225500000E+03 4.644399902E+03 2.992999878E+02 8.221800232E+01 -5.732100010E+00 1.040299988E+02 2.859199941E-01 5.001000166E-01 1.162500004E-03
 1.865499944E-04 5.240400060E-05 8.030099869E-01 2.730600098E+03 1.211800000E+04 2.994599915E+02 8.075700378E+01 -4.464799881E+00 1.073600006E+02 2.805100083E-01 5.007500052E-01 1.161599997E-03
 1.885999955E-04 5.194800178E-05 8.031100035E-01 5.431000000E+03 9.500099609E+03 2.996199951E+02 7.936299896E+01 -3.038399935E+00 9.397000122E+01 2.753799856E-01 5.010799766E-01 1.161499997E-03
 1.906499965E-04 5.149199933E-05 8.037400246E-01 6.019299805E+03 8.228900391E+03 2.997399902E+02 7.784400177E+01 -1.235399961E+00 1.047799988E+02 2.698999941E-01 5.016700029E-01 1.160599990E-03
 1.926999976E-04 5.103600051E-05 8.046200275E-01 5.041100098E+03 7.636899902E+03 2.998999939E+02 7.631800079E+01 3.925600052E-01 1.171800003E+02 2.644999921E-01 5.024999976E-01 1.159299980E-03
 1.947499986E-04 5.058000170E-05 8.048599958E-01 4.963099976E+02 4.683500000E+03 3.000499878E+02 7.492299652E+01 2.101799965E+00 1.106900024E+02 2.597199976E-01 5.029000044E-01 1.158999978E-03
 1.967999997E-04 5.012399924E-05 8.054900169E-01 -9.887399902E+02 4.765299805E+03 3.002399902E+02 7.354399872E+01 4.214000225E+00 1.151299973E+02 2.551699877E-01 5.036100149E-01 1.158099971E-03
 1.988500007E-04 4.966800043E-05 8.059300184E-01 1.572699951E+03 6.327500000E+03 3.002699890E+02 7.216100311E+01 6.412499905E+00 1.460599976E+02 2.509399951E-01 5.039299726E-01 1.157399965E-03
 2.009000018E-04 4.921200161E-05 8.055999875E-01 -6.663699951E+02 1.219400000E+04 3.002799988E+02 7.099500275E+01 8.677000046E+00 1.436000061E+02 2.477499992E-01 5.037400126E-01 1.157899969E-03
 2.029500029E-04 4.875599916E-05 8.050000072E-01 -2.886899902E+03 7.656500000E+03 3.005499878E+02 7.014700317E+01 1.134300041E+01 1.178499985E+02 2.460599989E-01 5.038099885E-01 1.158799976E-03
 2.050000039E-04 4.830000034E-05 8.048999906E-01 -3.054399902E+03 1.520300049E+03 3.006900024E+02 6.977400208E+01 1.291100025E+01 1.165899963E+02 2.456000000E-01 5.039899945E-01 1.158899977E-03
 0.000000000E+00 7.100000221E-05 1.600700021E+00 -1.789300000E+05 -1.339700000E+04 3.000000000E+02 6.345899963E+01 2.247999954E+01 -4.961400146E+02 2.379699945E-01 1.005499959E+00 5.754299928E-04
 2.049999921E-06 7.147999713E-05 1.602900028E+00 -9.396700000E+04 -4.755299805E+03 2.990000000E+02 6.577999878E+01 2.318199921E+01 -2.804599915E+02 2.444300056E-01 1.000699997E+00 5.782999797E-04
 4.099999842E-06 7.195999933E-05 1.605200052E+00 -3.187899902E+03 1.252300000E+04 2.979100037E+02 6.952999878E+01 2.442099953E+01 -7.349700165E+01 2.562499940E-01 9.958199859E-01 5.811000010E-04
 6.149999990E-06 7.244000153E-05 1.604099989E+00 -4.150200195E+03 1.287100000E+04 2.978800049E+02 7.253199768E+01 2.545000076E+01 -1.001399994E+02 2.672899961E-01 9.950399995E-01 5.815000040E-04
 8.199999684E-06 7.291999646E-05 1.602200031E+00 -7.661399902E+03 -3.020300049E+03 2.977999878E+02 7.573200226E+01 2.625399971E+01 -9.695400238E+01 2.787599862E-01 9.935899973E-01 5.822000094E-04
 1.024999983E-05 7.339999866E-05 1.599699974E+00 -5.193500000E+03 -2.509500000E+03 2.976900024E+02 7.898500061E+01 2.701899910E+01 -8.179399872E+01 2.903699875E-01 9.916800261E-01 5.831000162E-04
 1.229999998E-05 7.388000085E-05 1.597300053E+00 -2.857399902E+03 6.918399902E+03 2.975199890E+02 8.223400116E+01 2.782900047E+01 -1.040800018E+02 3.020699918E-01 9.895799756E-01 5.840000231E-04
 1.435000013E-05 7.436000305E-05 1.594099998E+00 -6.475899902E+03 -3.102399902E+03 2.973900146E+02 8.566200256E+01 2.859900093E+01 -1.274199982E+02 3.142899871E-01 9.872000217E-01 5.851499736E-04
 1.639999937E-05 7.483999798E-05 1.590999961E+00 3.406000000E+03 -5.437799805E+03 2.971900024E+02 8.911900330E+01 2.937700081E+01 -9.875399780E+01 3.266699910E-01 9.846299887E-01 5.862900289E-04
 1.845000043E-05 7.532000018E-05 1.587399960E+00 7.556600098E+03 -2.142399902E+03 2.967699890E+02 9.266000366E+01 3.024600029E+01 -7.929399872E+01 3.395699859E-01 9.809700251E-01 5.876499927E-04
 2.049999966E-05 7.580000238E-05 1.582299948E+00 -6.695500000E+03 -1.395500000E+03 2.965400085E+02 9.663099670E+01 3.105999947E+01 -1.154199982E+02 3.537400067E-01 9.770799875E-01 5.895199720E-04
 2.255000072E-05 7.627999730E-05 1.576900005E+00 8.250400391E+03 -7.223000000E+03 2.961900024E+02 1.009000015E+02 3.194099998E+01 -1.416399994E+02 3.690800071E-01 9.726200104E-01 5.915299989E-04
 2.459999996E-05 7.675999950E-05 1.570299983E+00 1.700600000E+04 -2.212200000E+04 2.956000061E+02 1.052799988E+02 3.283700180E+01 -1.120500031E+02 3.849700093E-01 9.665799737E-01 5.940499832E-04
 2.664999920E-05 7.724000170E-05 1.562500000E+00 1.476400000E+04 -2.135000000E+04 2.950899963E+02 1.099100037E+02 3.366199875E+01 -6.051399994E+01 4.015899897E-01 9.601500034E-01 5.969799822E-04
 2.870000026E-05 7.771999663E-05 1.552899957E+00 8.325700195E+03 -8.522900391E+03 2.946700134E+02 1.148499985E+02 3.468000031E+01 -6.730799866E+01 4.194599986E-01 9.529100060E-01 6.006699987E-04
 3.075000132E-05 7.819999882E-05 1.542099953E+00 1.114200000E+04 -1.611900024E+03 2.940599976E+02 1.200699997E+02 3.567100143E+01 -8.734899902E+01 4.383600056E-01 9.443299770E-01 6.048799842E-04
 3.279999873E-05 7.868000102E-05 1.530799985E+00 2.472500000E+04 -4.253500000E+03 2.933500061E+02 1.255400009E+02 3.660800171E+01 -5.177199936E+01 4.582400024E-01 9.350900054E-01 6.093800184E-04
 3.484999979E-05 7.916000322E-05 1.517799973E+00 2.709000000E+04 7.575300293E+02 2.925100098E+02 1.316000061E+02 3.765800095E+01 -1.549899960E+01 4.803400040E-01 9.245100021E-01 6.146000233E-04
 3.690000085E-05 7.963999815E-05 1.501500010E+00 1.516900000E+04 3.887799988E+02 2.916000061E+02 1.385500031E+02 3.894900131E+01 -2.903899956E+01 5.058100224E-01 9.117699862E-01 6.212500157E-04
 3.894999827E-05 8.012000035E-05 1.482900023E+00 2.345699951E+03 -7.345899902E+03 2.902600098E+02 1.462599945E+02 4.034899902E+01 -4.063999939E+01 5.344899893E-01 8.963299990E-01 6.290600286E-04
 4.099999933E-05 8.060000255E-05 1.461300015E+00 1.344300000E+04 -5.913899902E+03 2.885299988E+02 1.550099945E+02 4.174800110E+01 -6.519100189E+00 5.672000051E-01 8.780199885E-01 6.383800064E-04
 4.305000039E-05 8.107999747E-05 1.433300018E+00 1.791300000E+04 -3.839500000E+03 2.868099976E+02 1.652100067E+02 4.299599838E+01 -5.761099815E+00 6.049900055E-01 8.560799956E-01 6.508799852E-04
 4.510000144E-05 8.155999967E-05 1.397300005E+00 2.470500000E+04 2.797000000E+03 2.844500122E+02 1.775700073E+02 4.410200119E+01 -2.532599926E+00 6.511499882E-01 8.277500272E-01 6.677099736E-04
 4.714999886E-05 8.204000187E-05 1.352100015E+00 4.830400000E+04 -8.477500000E+03 2.810199890E+02 1.930399933E+02 4.459500122E+01 -7.776100159E+00 7.094500065E-01 7.913299799E-01 6.901400047E-04
 4.919999992E-05 8.251999679E-05 1.289600015E+00 6.959900000E+04 -1.980300000E+04 2.763099976E+02 2.129600067E+02 4.297200012E+01 -8.939399719E+01 7.846999764E-01 7.422000170E-01 7.239499828E-04
 5.125000098E-05 8.299999899E-05 1.197000027E+00 9.104200000E+04 -2.754400000E+04 2.696300049E+02 2.399499969E+02 3.615100098E+01 -3.255700073E+02 8.877900243E-01 6.725400090E-01 7.809799863E-04
 5.329999840E-05 8.256800356E-05 1.074599981E+00 9.656800000E+04 -6.554900000E+04 2.607900085E+02 2.730299988E+02 2.044199944E+01 -6.070900269E+02 1.019199967E+00 5.842499733E-01 8.715700242E-04
 5.534999946E-05 8.213600086E-05 9.403200150E-01 8.245500000E+04 -9.076900000E+04 2.506600037E+02 3.053900146E+02 -4.341499805E+00 -7.250599976E+02 1.159800053E+00 4.915800095E-01 9.973200504E-04
 5.740000051E-05 8.170399815E-05 8.163499832E-01 5.360700000E+04 -8.671200000E+04 2.404900055E+02 3.307500000E+02 -3.372999954E+01 -6.587899780E+02 1.288499951E+00 4.094400108E-01 1.148700016E-03
 5.945000157E-05 8.127200272E-05 7.150200009E-01 2.115500000E+04 -7.253100000E+04 2.314199982E+02 3.484400024E+02 -6.191999817E+01 -4.929100037E+02 1.397500038E+00 3.449999988E-01 1.310299966E-03
 6.150000263E-05 8.084000001E-05 6.380199790E-01 -7.842799805E+03 -5.676500000E+04 2.241199951E+02 3.604700012E+02 -8.510500336E+01 -3.007900085E+02 1.485599995E+00 2.980099916E-01 1.466499991E-03
 6.354999641E-05 8.040799730E-05 5.816400051E-01 -2.725900000E+04 -2.723600000E+04 2.184299927E+02 3.687999878E+02 -1.018499985E+02 -1.173600006E+02 1.554100037E+00 2.646999955E-01 1.607100014E-03
 6.559999747E-05 7.997600187E-05 5.412600040E-01 -3.539300000E+04 1.408500000E+03 2.140800018E+02 3.749500122E+02 -1.125899963E+02 2.825099945E+00 1.605999947E+00 2.413599938E-01 1.725499984E-03
 6.764999853E-05 7.954399916E-05 5.117800236E-01 -4.864200000E+04 2.036500000E+04 2.106600037E+02 3.800799866E+02 -1.186800003E+02 7.333399963E+01 1.646499991E+00 2.245499939E-01 1.824100036E-03
 6.969999959E-05 7.911199646E-05 4.891999960E-01 -5.760200000E+04 3.715400000E+04 2.078800049E+02 3.848399963E+02 -1.212300034E+02 1.152600021E+02 1.679600000E+00 2.117899954E-01 1.907599973E-03
 7.175000064E-05 7.868000102E-05 4.722400010E-01 -6.795400000E+04 4.732500000E+04 2.057700043E+02 3.890199890E+02 -1.209199982E+02 1.562299957E+02 1.704399943E+00 2.023600042E-01 1.975799911E-03
 7.380000170E-05 7.824799832E-05 4.582200050E-01 -7.799500000E+04 5.145500000E+04 2.039199982E+02 3.932799988E+02 -1.188600006E+02 1.958999939E+02 1.726699948E+00 1.945900023E-01 2.036100021E-03
 7.585000276E-05 7.781600289E-05 4.450199902E-01 -7.809800000E+04 5.220200000E+04 2.021199951E+02 3.977999878E+02 -1.160500031E+02 2.002899933E+02 1.749300003E+00 1.873199940E-01 2.096500015E-03
 7.789999654E-05 7.738400018E-05 4.324600101E-01 -7.676000000E+04 5.358600000E+04 2.002799988E+02 4.022300110E+02 -1.128499985E+02 1.856199951E+02 1.771700025E+00 1.803700030E-01 2.157399897E-03
 7.994999760E-05 7.695199747E-05 4.202800095E-01 -8.002100000E+04 5.134400000E+04 1.984700012E+02 4.067999878E+02 -1.095599976E+02 1.940599976E+02 1.794800043E+00 1.737100035E-01 2.219999908E-03
 8.199999866E-05 7.652000204E-05 4.091100097E-01 -8.506400000E+04 4.773100000E+04 1.967500000E+02 4.109899902E+02 -1.064300003E+02 1.954799957E+02 1.816499949E+00 1.676300019E-01 2.280399902E-03
 8.404999971E-05 7.608799933E-05 3.983399868E-01 -8.953100000E+04 4.654900000E+04 1.949799957E+02 4.150199890E+02 -1.035500031E+02 2.024799957E+02 1.838500023E+00 1.617500037E-01 2.342199907E-03
 8.610000077E-05 7.565599662E-05 3.867700100E-01 -9.292300000E+04 4.636400000E+04 1.931999969E+02 4.193200073E+02 -1.009499969E+02 1.852899933E+02 1.862300038E+00 1.556099951E-01 2.412300091E-03
 8.815000183E-05 7.522400119E-05 3.749800026E-01 -1.016300000E+05 4.801700000E+04 1.913699951E+02 4.236900024E+02 -9.866699982E+01 1.578399963E+02 1.887300014E+00 1.494500041E-01 2.488299971E-03
 9.020000289E-05 7.479199849E-05 3.632200062E-01 -1.081400000E+05 4.775600000E+04 1.894499969E+02 4.280100098E+02 -9.659100342E+01 1.591100006E+02 1.913200021E+00 1.433099955E-01 2.568800002E-03
 9.224999667E-05 7.436000305E-05 3.519900143E-01 -1.103600000E+05 4.443600000E+04 1.876100006E+02 4.319200134E+02 -9.480400085E+01 1.723300018E+02 1.937600017E+00 1.375200003E-01 2.650700044E-03
 9.429999773E-05 7.392800035E-05 3.413499892E-01 -1.130000000E+05 4.240900000E+04 1.858899994E+02 4.354599915E+02 -9.338700104E+01 1.736199951E+02 1.960399985E+00 1.321399957E-01 2.733299974E-03
 9.634999878E-05 7.349599764E-05 3.310199976E-01 -1.116500000E+05 4.204200000E+04 1.841000061E+02 4.391600037E+02 -9.228199768E+01 1.690500031E+02 1.984899998E+00 1.269199997E-01 2.818600042E-03
 9.839999984E-05 7.306400221E-05 3.212699890E-01 -1.093500000E+05 4.034900000E+04 1.823099976E+02 4.427799988E+02 -9.145300293E+01 1.581900024E+02 2.009599924E+00 1.219799966E-01 2.904100111E-03
 1.004500009E-04 7.263199950E-05 3.119800091E-01 -1.133800000E+05 3.862600000E+04 1.806999969E+02 4.459200134E+02 -9.032199860E+01 1.505500031E+02 2.031300068E+00 1.173999980E-01 2.990599955E-03
 1.025000020E-04 7.219999679E-05 3.028599918E-01 -1.233600000E+05 3.939900000E+04 1.791499939E+02 4.487099915E+02 -8.915899658E+01 1.502299957E+02 2.051300049E+00 1.129899994E-01 3.080599941E-03
 1.045500030E-04 7.176800136E-05 2.940900028E-01 -1.351500000E+05 4.101100000E+04 1.777100067E+02 4.513500061E+02 -8.853700256E+01 1.554100037E+02 2.070699930E+00 1.088400036E-01 3.172500059E-03
 1.065999968E-04 7.133599865E-05 2.859500051E-01 -1.512100000E+05 4.274400000E+04 1.764299927E+02 4.537399902E+02 -8.794000244E+01 1.633099976E+02 2.088299990E+00 1.050600037E-01 3.262700047E-03
 1.086499979E-04 7.090400322E-05 2.780799866E-01 -1.742800000E+05 4.497600000E+04 1.752899933E+02 4.558299866E+02 -8.743499756E+01 1.632700043E+02 2.103899956E+00 1.015100032E-01 3.355100052E-03
 1.106999989E-04 7.047200052E-05 2.700999975E-01 -1.953600000E+05 4.852500000E+04 1.740399933E+02 4.581700134E+02 -8.698799896E+01 1.671399994E+02 2.121599913E+00 9.789899737E-02 3.454199992E-03
 1.127500000E-04 7.003999781E-05 2.628600001E-01 -2.144700000E+05 5.010400000E+04 1.729199982E+02 4.602600098E+02 -8.654000092E+01 1.726799927E+02 2.137399912E+00 9.465599805E-02 3.549299901E-03
 1.148000010E-04 6.960800238E-05 2.570399940E-01 -2.565800000E+05 5.554200000E+04 1.728699951E+02 4.604700012E+02 -8.585199738E+01 1.933699951E+02 2.138099909E+00 9.252600372E-02 3.629399929E-03
 1.168500021E-04 6.917599967E-05 2.603400052E-01 -5.259000000E+05 1.172700000E+05 1.808500061E+02 4.453599854E+02 -8.148300171E+01 3.836600037E+02 2.023499966E+00 9.814299643E-02 3.584899940E-03
 1.189000031E-04 6.874399696E-05 3.094600141E-01 -1.075200000E+06 2.367300000E+05 2.135399933E+02 3.757999878E+02 -6.470400238E+01 9.672100220E+02 1.588400006E+00 1.399199963E-01 3.075900022E-03
 1.209499969E-04 6.831200153E-05 4.509400129E-01 -9.322600000E+05 2.040000000E+05 2.568699951E+02 2.627699890E+02 -3.982300186E+01 1.183099976E+03 1.005300045E+00 2.450100034E-01 2.173099900E-03
 1.230000053E-04 6.787999882E-05 6.237499714E-01 -2.853900000E+05 7.004400000E+04 2.812500000E+02 1.825800018E+02 -2.429599953E+01 6.227199707E+02 6.601700187E-01 3.662799895E-01 1.517700031E-03
 1.250500063E-04 6.744800339E-05 7.192900181E-01 -6.416400000E+04 2.559400000E+04 2.889200134E+02 1.550599976E+02 -2.084499931E+01 1.813699951E+02 5.524500012E-01 4.328300059E-01 1.297999988E-03
 1.270999928E-04 6.701600068E-05 7.443799973E-01 -3.406200000E+04 9.913200195E+03 2.908299866E+02 1.477299957E+02 -2.144599915E+01 7.066999817E+01 5.253300071E-01 4.508199990E-01 1.253199996E-03
 1.291499939E-04 6.658399798E-05 7.504900098E-01 -2.342000000E+04 9.014799805E+03 2.912900085E+02 1.441399994E+02 -2.211599922E+01 6.430799866E+01 5.127900243E-01 4.552299976E-01 1.242900034E-03
 1.311999949E-04 6.615200255E-05 7.537099719E-01 -1.658800000E+04 1.486600000E+04 2.917699890E+02 1.410700073E+02 -2.244199944E+01 8.627899933E+01 5.018799901E-01 4.579400122E-01 1.237599994E-03
 1.332499960E-04 6.571999984E-05 7.563499808E-01 -1.155300000E+04 1.237800000E+04 2.923099976E+02 1.381300049E+02 -2.263599968E+01 8.584899902E+01 4.913600087E-01 4.603900015E-01 1.233299961E-03
 1.352999971E-04 6.528799713E-05 7.596499920E-01 -5.055000000E+03 1.418200000E+04 2.926900024E+02 1.351900024E+02 -2.273999977E+01 8.686799622E+01 4.809100032E-01 4.629899859E-01 1.227900037E-03
 1.373499981E-04 6.485600170E-05 7.634299994E-01 -1.109700012E+02 1.644900000E+04 2.930599976E+02 1.320700073E+02 -2.261199951E+01 9.031700134E+01 4.697600007E-01 4.658899903E-01 1.221899991E-03
 1.393999992E-04 6.442399899E-05 7.658200264E-01 -5.967700195E+03 1.449400000E+04 2.936099854E+02 1.293500061E+02 -2.223500061E+01 1.029499969E+02 4.596999884E-01 4.682300091E-01 1.217999961E-03
 1.414500002E-04 6.399200356E-05 7.680600286E-01 -1.434500000E+04 1.026400000E+04 2.940799866E+02 1.268700027E+02 -2.176799965E+01 1.153199997E+02 4.504800141E-01 4.703499973E-01 1.214500051E-03
 1.435000013E-04 6.356000085E-05 7.711799741E-01 -8.151299805E+03 3.920500000E+03 2.943200073E+02 1.243499985E+02 -2.133600044E+01 1.112399979E+02 4.413599968E-01 4.726499915E-01 1.209600014E-03
 1.455500023E-04 6.312799815E-05 7.734400034E-01 -5.867700195E+03 3.009300049E+03 2.946700134E+02 1.219899979E+02 -2.102899933E+01 9.214499664E+01 4.327999949E-01 4.745999873E-01 1.205999986E-03
 1.476000034E-04 6.269600271E-05 7.762200236E-01 -2.713100098E+03 8.235299805E+03 2.949200134E+02 1.194700012E+02 -2.045100021E+01 1.003799973E+02 4.235900044E-01 4.767000079E-01 1.201699954E-03
 1.496500045E-04 6.226400001E-05 7.786499858E-01 2.350699951E+03 9.265599609E+03 2.951700134E+02 1.170199966E+02 -1.979899979E+01 1.029000015E+02 4.146000147E-01 4.785999954E-01 1.198000042E-03
 1.517000055E-04 6.183199730E-05 7.800899744E-01 2.000699951E+03 8.471400391E+03 2.955199890E+02 1.147399979E+02 -1.936800003E+01 1.061399994E+02 4.062600136E-01 4.800600111E-01 1.195800025E-03
 1.537500066E-04 6.140000187E-05 7.819600105E-01 -3.141000000E+03 2.616000000E+03 2.959299927E+02 1.124400024E+02 -1.871299934E+01 1.151500015E+02 3.976899981E-01 4.818699956E-01 1.192900003E-03
 1.557999931E-04 6.096799916E-05 7.833999991E-01 -7.558500000E+03 6.885200195E+03 2.963699951E+02 1.103199997E+02 -1.813699913E+01 1.138199997E+02 3.897700012E-01 4.834800065E-01 1.190699986E-03
 1.578499941E-04 6.053600009E-05 7.847999930E-01 -6.581799805E+03 1.486000000E+04 2.966799927E+02 1.083499985E+02 -1.762599945E+01 1.095199966E+02 3.824999928E-01 4.848499894E-01 1.188599970E-03
 1.598999952E-04 6.010400102E-05 7.866399884E-01 -9.856400391E+03 1.229500000E+04 2.969500122E+02 1.063399963E+02 -1.663899994E+01 1.081299973E+02 3.748799860E-01 4.864299893E-01 1.185799949E-03
 1.619499963E-04 5.967199832E-05 7.884699702E-01 -9.582700195E+03 1.146200000E+04 2.971300049E+02 1.044100037E+02 -1.570699978E+01 1.144300003E+02 3.676100075E-01 4.878599942E-01 1.183000044E-03
 1.639999973E-04 5.923999925E-05 7.898100019E-01 -6.947600098E+03 9.206400391E+03 2.972399902E+02 1.026299973E+02 -1.518400002E+01 9.723999786E+01 3.611499965E-01 4.888699949E-01 1.181000029E-03
 1.660499984E-04 5.880800018E-05 7.908400297E-01 -4.637899902E+03 1.369200000E+04 2.974100037E+02 1.010000000E+02 -1.453299999E+01 8.384899902E+01 3.551299870E-01 4.897899926E-01 1.179500017E-03
 1.680999994E-04 5.837600111E-05 7.925599813E-01 4.396700134E+02 1.811600000E+04 2.976199951E+02 9.933399963E+01 -1.358399963E+01 8.333899689E+01 3.487800062E-01 4.912000000E-01 1.176899998E-03
 1.701500005E-04 5.794399840E-05 7.942500114E-01 -3.382000000E+03 1.253200000E+04 2.978399963E+02 9.754799652E+01 -1.255399990E+01 9.773300171E+01 3.420299888E-01 4.925999939E-01 1.174399978E-03
 1.722000015E-04 5.751199933E-05 7.953299880E-01 -6.559600098E+03 7.766100098E+03 2.980000000E+02 9.583599854E+01 -1.163099957E+01 1.020500031E+02 3.356299996E-01 4.935399890E-01 1.172899967E-03
 1.742500026E-04 5.708000026E-05 7.967399955E-01 -5.559799805E+03 1.363600000E+04 2.981600037E+02 9.422699738E+01 -1.072999954E+01 9.914399719E+01 3.296200037E-01 4.946799874E-01 1.170799951E-03
 1.763000037E-04 5.664800119E-05 7.975999713E-01 -8.394700195E+03 1.475600000E+04 2.984599915E+02 9.268299866E+01 -9.717800140E+00 9.391999817E+01 3.237499893E-01 4.957199991E-01 1.169500058E-03
 1.783500047E-04 5.621599848E-05 7.985600233E-01 -4.099299805E+03 -4.025000000E+02 2.986700134E+02 9.114399719E+01 -8.741299629E+00 9.925800323E+01 3.179700077E-01 4.966599941E-01 1.168100047E-03
 1.804000058E-04 5.578399941E-05 7.992200255E-01 5.222299805E+03 -3.819500000E+03 2.988599854E+02 8.950499725E+01 -7.715000153E+00 1.192200012E+02 3.118799925E-01 4.973900020E-01 1.167100039E-03
 1.824500068E-04 5.535200035E-05 7.998099923E-01 4.997100098E+03 2.807300049E+03 2.989800110E+02 8.780999756E+01 -6.479599953E+00 1.069599991E+02 3.056100011E-01 4.979600012E-01 1.166300033E-03
 1.844999933E-04 5.492000128E-05 8.009499907E-01 7.325800171E+02 3.785399902E+03 2.990000000E+02 8.631500244E+01 -5.185599804E+00 1.074800034E+02 3.001199961E-01 4.987100065E-01 1.164600020E-03
 1.865499944E-04 5.448799857E-05 8.016300201E-01 -1.819900024E+03 9.001500000E+03 2.992200012E+02 8.493099976E+01 -3.954200029E+00 1.062699966E+02 2.949900031E-01 4.994899929E-01 1.163600013E-03
 1.885999955E-04 5.405599950E-05 8.023099899E-01 -5.263300171E+02 9.845299805E+03 2.993900146E+02 8.351699829E+01 -2.488800049E+00 9.284899902E+01 2.898199856E-01 5.001999736E-01 1.162600005E-03
 1.906499965E-04 5.362400043E-05 8.029000163E-01 1.851199951E+03 5.871700195E+03 2.995299988E+02 8.220099640E+01 -8.010100126E-01 1.017900009E+02 2.850700021E-01 5.008000135E-01 1.161799999E-03
 1.926999976E-04 5.319200136E-05 8.036400080E-01 1.933599976E+03 5.983299805E+03 2.996300049E+02 8.089399719E+01 8.002499938E-01 1.200400009E+02 2.804900110E-01 5.014200211E-01 1.160699991E-03
 1.947499986E-04 5.275999865E-05 8.037599921E-01 -3.565100098E+03 8.120399902E+03 2.995799866E+02 7.961199951E+01 2.477099895E+00 1.210299988E+02 2.761999965E-01 5.014200211E-01 1.160499989E-03
 1.967999997E-04 5.232799958E-05 8.040800095E-01 -4.938200195E+03 6.355100098E+03 2.997500000E+02 7.833799744E+01 4.576700211E+00 1.209300003E+02 2.720499933E-01 5.019099712E-01 1.160099986E-03
 1.988500007E-04 5.189600051E-05 8.049700260E-01 3.406600098E+03 6.102799805E+03 2.997999878E+02 7.704699707E+01 6.778600216E+00 1.366100006E+02 2.681100070E-01 5.025399923E-01 1.158799976E-03
 2.009000018E-04 5.146400144E-05 8.042899966E-01 5.309700195E+03 1.007100000E+04 2.997600098E+02 7.602600098E+01 8.770500183E+00 1.303300018E+02 2.653000057E-01 5.020599961E-01 1.159799984E-03
 2.029500029E-04 5.103199874E-05 8.033099771E-01 -1.738000000E+03 1.049100000E+04 3.000100098E+02 7.521499634E+01 1.123299980E+01 1.147399979E+02 2.635599971E-01 5.018500090E-01 1.161199994E-03
 2.050000039E-04 5.059999967E-05 8.032400012E-01 -6.238100098E+03 1.052800000E+04 3.001400146E+02 7.480999756E+01 1.270800018E+01 1.134000015E+02 2.628700137E-01 5.020300150E-01 1.161299995E-03
 0.000000000E+00 7.216700033E-05 1.600700021E+00 -1.853700000E+05 -6.840100098E+03 3.000000000E+02 6.127999878E+01 2.077300072E+01 -4.881900024E+02 2.293100059E-01 1.006199956E+00 5.753500154E-04
 2.049999921E-06 7.262000145E-05 1.603500009E+00 -9.494400000E+04 3.368600098E+03 2.989599915E+02 6.327000046E+01 2.130800056E+01 -2.825100098E+02 2.343000025E-01 1.001399994E+00 5.780300125E-04
 4.099999842E-06 7.307300257E-05 1.606600046E+00 -9.018099609E+03 1.602600000E+04 2.977900085E+02 6.649299622E+01 2.227099991E+01 -5.751800156E+01 2.438800037E-01 9.962499738E-01 5.806100089E-04
 6.149999990E-06 7.352700050E-05 1.604799986E+00 -1.452200000E+04 1.073300000E+04 2.976799927E+02 6.920300293E+01 2.314399910E+01 -4.759299850E+01 2.538299859E-01 9.947900176E-01 5.812700256E-04
 8.199999684E-06 7.398000162E-05 1.601899981E+00 -1.208600000E+04 -3.513300049E+03 2.976499939E+02 7.225199890E+01 2.386100006E+01 -7.045500183E+01 2.646900117E-01 9.928699732E-01 5.823199754E-04
 1.024999983E-05 7.443300274E-05 1.599900007E+00 -5.484700195E+03 -3.831000000E+03 2.975499878E+02 7.539199829E+01 2.463100052E+01 -6.359600067E+01 2.759500146E-01 9.913499951E-01 5.830199807E-04
 1.229999998E-05 7.488700066E-05 1.598199964E+00 -4.303000000E+03 8.769099731E+02 2.973699951E+02 7.867099762E+01 2.543700027E+01 -7.569899750E+01 2.877599895E-01 9.896500111E-01 5.836599739E-04
 1.435000013E-05 7.534000179E-05 1.595000029E+00 -9.434900391E+03 -4.601700195E+03 2.972099915E+02 8.227500153E+01 2.620199966E+01 -9.886799622E+01 3.005900085E-01 9.871699810E-01 5.848300061E-04
 1.639999937E-05 7.579300291E-05 1.591099977E+00 7.354799805E+03 2.352300049E+03 2.970199890E+02 8.586599731E+01 2.710899925E+01 -7.867099762E+01 3.135699928E-01 9.841300249E-01 5.862400285E-04
 1.845000043E-05 7.624700083E-05 1.587000012E+00 1.340000000E+04 8.993299805E+03 2.967200012E+02 8.961299896E+01 2.795299911E+01 -6.488600159E+01 3.270600140E-01 9.805700183E-01 5.877899821E-04
 2.049999966E-05 7.670000196E-05 1.582200050E+00 -1.751500000E+03 3.672500000E+03 2.965100098E+02 9.368099976E+01 2.862100029E+01 -7.609600067E+01 3.414100111E-01 9.769399762E-01 5.895500071E-04
 2.255000072E-05 7.715300308E-05 1.576699972E+00 2.126899902E+03 -2.348100098E+03 2.961300049E+02 9.802799988E+01 2.955500031E+01 -1.090500031E+02 3.570800126E-01 9.723100066E-01 5.916000227E-04
 2.459999996E-05 7.760700100E-05 1.570500016E+00 1.080600000E+04 -1.247100000E+04 2.955000000E+02 1.026200027E+02 3.057900047E+01 -9.307299805E+01 3.738499880E-01 9.663599730E-01 5.939700059E-04
 2.664999920E-05 7.806000212E-05 1.562600017E+00 1.159200000E+04 -1.148300000E+04 2.949700012E+02 1.073099976E+02 3.139100075E+01 -5.061399841E+01 3.907000124E-01 9.598299861E-01 5.969500053E-04
 2.870000026E-05 7.851300325E-05 1.552999973E+00 6.837500000E+03 1.196500000E+03 2.944700012E+02 1.122900009E+02 3.236199951E+01 -5.996599960E+01 4.087199867E-01 9.522699714E-01 6.006699987E-04
 3.075000132E-05 7.896700117E-05 1.543099999E+00 7.596000000E+03 2.542399902E+03 2.938500061E+02 1.177699966E+02 3.340000153E+01 -8.878900146E+01 4.285799861E-01 9.442499876E-01 6.045000046E-04
 3.279999873E-05 7.942000229E-05 1.530900002E+00 1.308500000E+04 -1.160600000E+04 2.932099915E+02 1.237300034E+02 3.443399811E+01 -6.860700226E+01 4.501500130E-01 9.347000122E-01 6.093499833E-04
 3.484999979E-05 7.987300341E-05 1.517300010E+00 1.372500000E+04 -2.620000000E+03 2.924100037E+02 1.300200043E+02 3.548799896E+01 -2.817300034E+01 4.730400145E-01 9.238700271E-01 6.148099783E-04
 3.690000085E-05 8.032700134E-05 1.501199961E+00 1.050300000E+04 7.258200195E+03 2.915000000E+02 1.370200043E+02 3.672700119E+01 -2.840200043E+01 4.986500144E-01 9.113000035E-01 6.213799934E-04
 3.894999827E-05 8.078000246E-05 1.482499957E+00 1.544100000E+04 -2.975000000E+03 2.901499939E+02 1.449700012E+02 3.800999832E+01 -2.185899925E+01 5.280699730E-01 8.957499862E-01 6.292299950E-04
 4.099999933E-05 8.123300358E-05 1.460999966E+00 2.292500000E+04 1.667199951E+03 2.884700012E+02 1.537899933E+02 3.938499832E+01 1.723899961E+00 5.609899759E-01 8.776299953E-01 6.385300076E-04
 4.305000039E-05 8.168700151E-05 1.432800055E+00 3.541800000E+04 6.044399902E+03 2.866300049E+02 1.639100037E+02 4.055899811E+01 -5.826200008E+00 5.986099839E-01 8.552299738E-01 6.511199754E-04
 4.510000144E-05 8.214000263E-05 1.397500038E+00 4.659500000E+04 4.399600098E+03 2.842300110E+02 1.763099976E+02 4.138100052E+01 -1.171399975E+01 6.447600126E-01 8.271999955E-01 6.676099729E-04
 4.714999886E-05 8.259299648E-05 1.352499962E+00 5.537300000E+04 -7.926000000E+03 2.809899902E+02 1.916600037E+02 4.159700012E+01 -3.185899925E+01 7.023199797E-01 7.914699912E-01 6.899500149E-04
 4.919999992E-05 8.304700168E-05 1.290500045E+00 6.836000000E+04 -1.920300000E+04 2.764599915E+02 2.111199951E+02 3.988399887E+01 -1.029899979E+02 7.758100033E-01 7.431499958E-01 7.233700017E-04
 5.125000098E-05 8.350000280E-05 1.203500032E+00 8.717400000E+04 -3.097600000E+04 2.702200012E+02 2.367299957E+02 3.380400085E+01 -2.958399963E+02 8.737599850E-01 6.776199937E-01 7.764400216E-04
 5.329999840E-05 8.309200348E-05 1.090700030E+00 9.431700000E+04 -6.058000000E+04 2.620599976E+02 2.676600037E+02 2.024300003E+01 -5.368800049E+02 9.964699745E-01 5.958300233E-01 8.580199792E-04
 5.534999946E-05 8.268399688E-05 9.653199911E-01 7.487000000E+04 -8.222600000E+04 2.524900055E+02 2.984899902E+02 -1.173799992E+00 -6.665999756E+02 1.129099965E+00 5.082399845E-01 9.706399869E-04
 5.740000051E-05 8.227599756E-05 8.465499878E-01 5.501700000E+04 -8.133500000E+04 2.427299957E+02 3.238999939E+02 -2.735099983E+01 -6.499199829E+02 1.253800035E+00 4.284699857E-01 1.107000047E-03
 5.945000157E-05 8.186799823E-05 7.454699874E-01 3.178300000E+04 -7.471400000E+04 2.338699951E+02 3.430700073E+02 -5.348699951E+01 -5.057999878E+02 1.363899946E+00 3.634800017E-01 1.256500022E-03
 6.150000263E-05 8.145999891E-05 6.651399732E-01 2.644600098E+03 -6.336100000E+04 2.263300018E+02 3.567999878E+02 -7.601999664E+01 -3.427900085E+02 1.456200004E+00 3.137600124E-01 1.406800002E-03
 6.354999641E-05 8.105199959E-05 6.041899920E-01 -1.838900000E+04 -3.995500000E+04 2.199900055E+02 3.666099854E+02 -9.332099915E+01 -1.795899963E+02 1.531200051E+00 2.769599855E-01 1.547300024E-03
 6.559999747E-05 8.064400026E-05 5.586599708E-01 -3.059900000E+04 -1.236600000E+04 2.149499969E+02 3.741300049E+02 -1.053199997E+02 -5.136500168E+01 1.591300011E+00 2.501699924E-01 1.672100043E-03
 6.764999853E-05 8.023600094E-05 5.245500207E-01 -4.448600000E+04 8.896200195E+03 2.110399933E+02 3.801099854E+02 -1.126900024E+02 2.270899963E+01 1.638000011E+00 2.305800021E-01 1.780000050E-03
 6.969999959E-05 7.982800162E-05 4.976899922E-01 -5.696600000E+04 2.260200000E+04 2.079299927E+02 3.856099854E+02 -1.164300003E+02 8.878399658E+01 1.676499963E+00 2.155400068E-01 1.875499962E-03
 7.175000064E-05 7.942000229E-05 4.761799872E-01 -6.796800000E+04 3.833900000E+04 2.054199982E+02 3.905700073E+02 -1.174400024E+02 1.432100067E+02 1.707800031E+00 2.037200034E-01 1.959800022E-03
 7.380000170E-05 7.901200297E-05 4.588499963E-01 -7.879700000E+04 4.774900000E+04 2.032400055E+02 3.950199890E+02 -1.161399994E+02 1.834600067E+02 1.733399987E+00 1.942099929E-01 2.033500001E-03
 7.585000276E-05 7.860399637E-05 4.439199865E-01 -8.194800000E+04 4.802000000E+04 2.012599945E+02 3.996000061E+02 -1.135999985E+02 1.881600037E+02 1.757500052E+00 1.860599965E-01 2.101799939E-03
 7.789999654E-05 7.819599705E-05 4.304600060E-01 -7.820400000E+04 5.030300000E+04 1.993399963E+02 4.043800049E+02 -1.105599976E+02 1.796300049E+02 1.781999946E+00 1.787000000E-01 2.167500090E-03
 7.994999760E-05 7.778799772E-05 4.180299938E-01 -8.092600000E+04 5.290800000E+04 1.974299927E+02 4.090700073E+02 -1.073000031E+02 1.886399994E+02 1.806399941E+00 1.718699932E-01 2.231900115E-03
 8.199999866E-05 7.737999840E-05 4.067200124E-01 -8.976500000E+04 5.062600000E+04 1.957200012E+02 4.131900024E+02 -1.041500015E+02 1.895599976E+02 1.827999949E+00 1.657799929E-01 2.293899888E-03
 8.404999971E-05 7.697199908E-05 3.956699967E-01 -9.515600000E+04 4.815500000E+04 1.939700012E+02 4.172000122E+02 -1.007600021E+02 1.897400055E+02 1.849499941E+00 1.598300040E-01 2.358099911E-03
 8.610000077E-05 7.656399976E-05 3.840399981E-01 -1.000700000E+05 4.578200000E+04 1.921199951E+02 4.214800110E+02 -9.760900116E+01 1.806300049E+02 1.873200059E+00 1.536599994E-01 2.429499989E-03
 8.815000183E-05 7.615600043E-05 3.726100028E-01 -1.074300000E+05 4.582600000E+04 1.903999939E+02 4.257399902E+02 -9.514499664E+01 1.701900024E+02 1.897400022E+00 1.477400064E-01 2.503999975E-03
 9.020000289E-05 7.574800111E-05 3.615199924E-01 -1.131900000E+05 4.459600000E+04 1.886799927E+02 4.299500122E+02 -9.280300140E+01 1.673800049E+02 1.921800017E+00 1.420499980E-01 2.580800094E-03
 9.224999667E-05 7.534000179E-05 3.507399857E-01 -1.124400000E+05 4.025200000E+04 1.868500061E+02 4.340299988E+02 -9.072599792E+01 1.632899933E+02 1.946799994E+00 1.364800036E-01 2.660200000E-03
 9.429999773E-05 7.493200246E-05 3.403199911E-01 -1.118800000E+05 3.527600000E+04 1.850000000E+02 4.376900024E+02 -8.902700043E+01 1.543300018E+02 1.970800042E+00 1.311199963E-01 2.741599921E-03
 9.634999878E-05 7.452400314E-05 3.301999867E-01 -1.101900000E+05 3.789700000E+04 1.832100067E+02 4.411700134E+02 -8.782700348E+01 1.520599976E+02 1.994500041E+00 1.259800047E-01 2.825600095E-03
 9.839999984E-05 7.411599654E-05 3.203400075E-01 -1.116300000E+05 4.239000000E+04 1.814799957E+02 4.445799866E+02 -8.672200012E+01 1.521900024E+02 2.017899990E+00 1.210699975E-01 2.912499942E-03
 1.004500009E-04 7.370799722E-05 3.106999993E-01 -1.156400000E+05 3.855400000E+04 1.799100037E+02 4.478900146E+02 -8.527300262E+01 1.382599945E+02 2.039999962E+00 1.164100021E-01 3.003000049E-03
 1.025000020E-04 7.329999789E-05 3.017399907E-01 -1.221600000E+05 3.823100000E+04 1.784199982E+02 4.507600098E+02 -8.393000031E+01 1.368000031E+02 2.060100079E+00 1.121099964E-01 3.092000028E-03
 1.045500030E-04 7.289199857E-05 2.935500145E-01 -1.367900000E+05 3.936700000E+04 1.770000000E+02 4.530899963E+02 -8.322200012E+01 1.482700043E+02 2.078099966E+00 1.082099974E-01 3.178300103E-03
 1.065999968E-04 7.248399925E-05 2.855199873E-01 -1.549300000E+05 3.969000000E+04 1.757400055E+02 4.555700073E+02 -8.255999756E+01 1.518899994E+02 2.095999956E+00 1.044899970E-01 3.267700085E-03
 1.086499979E-04 7.207599992E-05 2.776400149E-01 -1.740200000E+05 4.312900000E+04 1.745899963E+02 4.580899963E+02 -8.174299622E+01 1.549600067E+02 2.113600016E+00 1.009399965E-01 3.360500094E-03
 1.106999989E-04 7.166800060E-05 2.700900137E-01 -1.919900000E+05 4.783000000E+04 1.733899994E+02 4.603999939E+02 -8.130599976E+01 1.572899933E+02 2.130800009E+00 9.752699733E-02 3.454300109E-03
 1.127500000E-04 7.126000128E-05 2.630400062E-01 -2.101300000E+05 4.678600000E+04 1.722899933E+02 4.622999878E+02 -8.094599915E+01 1.491000061E+02 2.145900011E+00 9.437400103E-02 3.546900116E-03
 1.148000010E-04 7.085200195E-05 2.569099963E-01 -2.445600000E+05 4.879700000E+04 1.719600067E+02 4.630000000E+02 -8.022799683E+01 1.653300018E+02 2.150599957E+00 9.199500084E-02 3.631199943E-03
 1.168500021E-04 7.044400263E-05 2.578600049E-01 -4.665200000E+05 9.412200000E+04 1.779100037E+02 4.519800110E+02 -7.707599640E+01 3.093699951E+02 2.064800024E+00 9.557899833E-02 3.618200077E-03
 1.189000031E-04 7.003600331E-05 2.976100147E-01 -1.052100000E+06 2.069800000E+05 2.073000031E+02 3.908399963E+02 -6.364500046E+01 8.082500000E+02 1.671300054E+00 1.302800030E-01 3.182099899E-03
 1.209499969E-04 6.962799671E-05 4.282599986E-01 -1.026700000E+06 2.008400000E+05 2.514400024E+02 2.783099976E+02 -4.094900131E+01 1.106500000E+03 1.077499986E+00 2.283300012E-01 2.291199984E-03
 1.230000053E-04 6.921999739E-05 6.059499979E-01 -3.598300000E+05 7.775900000E+04 2.792000122E+02 1.895800018E+02 -2.482500076E+01 6.682800293E+02 6.881600022E-01 3.535700142E-01 1.569499960E-03
 1.250500063E-04 6.881199806E-05 7.149599791E-01 -6.669200000E+04 2.435500000E+04 2.882500000E+02 1.569499969E+02 -2.032900047E+01 2.107100067E+02 5.595099926E-01 4.292599857E-01 1.306400052E-03
 1.270999928E-04 6.840399874E-05 7.453500032E-01 -3.106600000E+04 8.168700195E+03 2.905000000E+02 1.489700012E+02 -2.027499962E+01 7.240100098E+01 5.293700099E-01 4.508900046E-01 1.251499983E-03
 1.291499939E-04 6.799599942E-05 7.520099878E-01 -2.784200000E+04 1.221900000E+04 2.909899902E+02 1.456600037E+02 -2.082200050E+01 4.031499863E+01 5.176600218E-01 4.556800127E-01 1.240400015E-03
 1.311999949E-04 6.758800009E-05 7.553899884E-01 -1.426100000E+04 1.853300000E+04 2.913399963E+02 1.428200073E+02 -2.121699905E+01 4.624300003E+01 5.076699853E-01 4.582799971E-01 1.234899973E-03
 1.332499960E-04 6.718000077E-05 7.575600147E-01 -1.157400000E+04 1.449900000E+04 2.919100037E+02 1.401799927E+02 -2.140999985E+01 6.090999985E+01 4.981000125E-01 4.605000019E-01 1.231299946E-03
 1.352999971E-04 6.677200145E-05 7.601799965E-01 -1.406000000E+04 1.354800000E+04 2.923699951E+02 1.373999939E+02 -2.148500061E+01 7.555799866E+01 4.881300032E-01 4.628199935E-01 1.227100031E-03
 1.373499981E-04 6.636400212E-05 7.636700273E-01 -5.686799805E+03 1.592500000E+04 2.927200012E+02 1.345000000E+02 -2.134399986E+01 7.799099731E+01 4.776999950E-01 4.655100107E-01 1.221499988E-03
 1.393999992E-04 6.595600280E-05 7.664399743E-01 -6.721100098E+03 1.527300000E+04 2.931700134E+02 1.318200073E+02 -2.103000069E+01 9.735099792E+01 4.678899944E-01 4.679000080E-01 1.217099954E-03
 1.414500002E-04 6.554800348E-05 7.688599825E-01 -1.807400000E+04 8.358200195E+03 2.936600037E+02 1.292899933E+02 -2.076199913E+01 9.435600281E+01 4.586000144E-01 4.701699913E-01 1.213200041E-03
 1.435000013E-04 6.513999688E-05 7.715200186E-01 -1.253400000E+04 6.580399902E+03 2.939800110E+02 1.269199982E+02 -2.041799927E+01 8.107900238E+01 4.499599934E-01 4.722999930E-01 1.209000009E-03
 1.455500023E-04 6.473199755E-05 7.742900252E-01 -4.099600098E+03 4.374600098E+03 2.942500000E+02 1.245400009E+02 -1.997500038E+01 8.720899963E+01 4.413099885E-01 4.744400084E-01 1.204699976E-03
 1.476000034E-04 6.432399823E-05 7.767900229E-01 -2.095800049E+03 5.783600098E+03 2.945899963E+02 1.220599976E+02 -1.937299919E+01 8.924500275E+01 4.321500063E-01 4.765299857E-01 1.200799947E-03
 1.496500045E-04 6.391599891E-05 7.789300084E-01 2.954199951E+03 1.091800000E+04 2.948900146E+02 1.197600021E+02 -1.873100090E+01 8.323200226E+01 4.236499965E-01 4.783200026E-01 1.197500038E-03
 1.517000055E-04 6.350799958E-05 7.807199955E-01 2.761500000E+03 7.762200195E+03 2.952000122E+02 1.175000000E+02 -1.820400047E+01 8.254699707E+01 4.153200090E-01 4.799300134E-01 1.194800017E-03
 1.537500066E-04 6.310000026E-05 7.819100022E-01 -7.900600098E+03 2.381500000E+03 2.956700134E+02 1.152500000E+02 -1.769099998E+01 8.903099823E+01 4.069800079E-01 4.814099967E-01 1.193000004E-03
 1.557999931E-04 6.269200094E-05 7.833499908E-01 -1.188900000E+04 1.018600000E+04 2.960400085E+02 1.131900024E+02 -1.720000076E+01 9.508999634E+01 3.993400037E-01 4.829199910E-01 1.190799987E-03
 1.578499941E-04 6.228400161E-05 7.850400209E-01 -6.811299805E+03 1.372900000E+04 2.961900024E+02 1.110400009E+02 -1.653199959E+01 1.004599991E+02 3.914900124E-01 4.842000008E-01 1.188199967E-03
 1.598999952E-04 6.187600229E-05 7.866100073E-01 -3.347899902E+03 7.244100098E+03 2.964500122E+02 1.089300003E+02 -1.568200016E+01 1.068399963E+02 3.836300075E-01 4.855999947E-01 1.185899950E-03
 1.619499963E-04 6.146800297E-05 7.882099748E-01 -2.409400024E+02 1.139100000E+04 2.968500061E+02 1.071999969E+02 -1.492500019E+01 1.019700012E+02 3.770099878E-01 4.872300029E-01 1.183400047E-03
 1.639999973E-04 6.105999637E-05 7.893900275E-01 -4.440299988E+02 7.305500000E+03 2.970700073E+02 1.055899963E+02 -1.440999985E+01 8.314800262E+01 3.710600138E-01 4.883399904E-01 1.181700034E-03
 1.660499984E-04 6.065200068E-05 7.905700207E-01 5.181200195E+03 5.007299805E+03 2.971199951E+02 1.038499985E+02 -1.372999954E+01 6.908899689E+01 3.647499979E-01 4.891400039E-01 1.179900020E-03
 1.680999994E-04 6.024400136E-05 7.921400070E-01 5.111399902E+03 1.272800000E+04 2.973399963E+02 1.020500031E+02 -1.268200016E+01 7.331900024E+01 3.579100072E-01 4.904699922E-01 1.177600003E-03
 1.701500005E-04 5.983599840E-05 7.933400273E-01 -3.114000000E+03 9.688000000E+03 2.977000122E+02 1.003700027E+02 -1.170600033E+01 8.808599854E+01 3.515099883E-01 4.918200076E-01 1.175799989E-03
 1.722000015E-04 5.942799908E-05 7.944599986E-01 -5.876100098E+03 7.055000000E+03 2.980100098E+02 9.881700134E+01 -1.096300030E+01 8.433999634E+01 3.456499875E-01 4.930199981E-01 1.174099976E-03
 1.742500026E-04 5.901999975E-05 7.956799865E-01 -6.825799805E+03 1.082200000E+04 2.981400146E+02 9.740699768E+01 -1.014000034E+01 8.537200165E+01 3.403899968E-01 4.939900041E-01 1.172299962E-03
 1.763000037E-04 5.861200043E-05 7.968000174E-01 -2.876199951E+03 8.035500000E+03 2.982600098E+02 9.605200195E+01 -9.081800461E+00 1.002500000E+02 3.352800012E-01 4.948799908E-01 1.170699950E-03
 1.783500047E-04 5.820400111E-05 7.982699871E-01 3.758300049E+03 -2.443000000E+03 2.983599854E+02 9.453299713E+01 -8.042599678E+00 9.098699951E+01 3.296400011E-01 4.959599972E-01 1.168500050E-03
 1.804000058E-04 5.779600178E-05 7.992299795E-01 2.211300049E+03 -5.096700134E+02 2.984899902E+02 9.300000000E+01 -6.893799782E+00 9.022399902E+01 3.239499927E-01 4.967800081E-01 1.167100039E-03
 1.824500068E-04 5.738799882E-05 7.992900014E-01 -8.061899902E+03 1.150200000E+04 2.986199951E+02 9.159300232E+01 -5.817200184E+00 1.074700012E+02 3.187499940E-01 4.970299900E-01 1.167000039E-03
 1.844999933E-04 5.697999950E-05 8.001499772E-01 -1.076100000E+04 6.634500000E+03 2.987000122E+02 9.020400238E+01 -4.694200039E+00 1.076699982E+02 3.136700094E-01 4.977099895E-01 1.165800029E-03
 1.865499944E-04 5.657200018E-05 8.009499907E-01 -4.521799805E+03 6.897700195E+03 2.988200073E+02 8.883399963E+01 -3.410300016E+00 1.001200027E+02 3.086499870E-01 4.984099865E-01 1.164600020E-03
 1.885999955E-04 5.616400085E-05 8.016399741E-01 -1.681400024E+03 1.491500000E+04 2.988699951E+02 8.743900299E+01 -2.011199951E+00 1.008099976E+02 3.036400080E-01 4.989100099E-01 1.163600013E-03
 1.906499965E-04 5.575600153E-05 8.025199771E-01 -1.172400024E+03 8.632599609E+03 2.990700073E+02 8.609700012E+01 -2.954500020E-01 1.026800003E+02 2.987999916E-01 4.997999966E-01 1.162300003E-03
 1.926999976E-04 5.534799857E-05 8.031499982E-01 9.853800049E+02 6.168700195E+03 2.991900024E+02 8.492099762E+01 1.255200028E+00 1.018399963E+02 2.946900129E-01 5.003899932E-01 1.161399996E-03
 1.947499986E-04 5.493999925E-05 8.032299876E-01 -4.077000000E+03 1.107100000E+04 2.990899963E+02 8.387699890E+01 2.789900064E+00 1.015000000E+02 2.912499905E-01 5.002599955E-01 1.161299995E-03
 1.967999997E-04 5.453199992E-05 8.031499982E-01 -6.345700195E+03 8.090899902E+03 2.991300049E+02 8.291999817E+01 4.782100201E+00 1.041299973E+02 2.882399857E-01 5.002800226E-01 1.161399996E-03
 1.988500007E-04 5.412400060E-05 8.033499718E-01 1.829800049E+03 5.052299805E+03 2.992300110E+02 8.195800018E+01 6.999700069E+00 1.059800034E+02 2.854099870E-01 5.005699992E-01 1.161099994E-03
 2.009000018E-04 5.371600128E-05 8.026199937E-01 3.087300049E+03 8.901599609E+03 2.993399963E+02 8.104799652E+01 8.952400208E+00 1.104800034E+02 2.828699946E-01 5.002999902E-01 1.162200002E-03
 2.029500029E-04 5.330799831E-05 8.021299839E-01 2.273100098E+03 1.310300000E+04 2.994899902E+02 8.014299774E+01 1.117000008E+01 1.219300003E+02 2.806600034E-01 5.002499819E-01 1.162900007E-03
 2.050000039E-04 5.289999899E-05 8.022900224E-01 5.129399902E+03 1.598100000E+04 2.995299988E+02 7.966400146E+01 1.249699974E+01 1.250699997E+02 2.796300054E-01 5.004299879E-01 1.162700006E-03
 0.000000000E+00 7.333300164E-05 1.600700021E+00 -1.715400000E+05 -2.016400000E+04 3.000000000E+02 5.944200134E+01 1.945499992E+01 -4.525400085E+02 2.217900008E-01 1.006100059E+00 5.752400029E-04
 2.049999921E-06 7.375999849E-05 1.604500055E+00 -9.011800000E+04 -7.952000000E+03 2.988099976E+02 6.110900116E+01 1.989299965E+01 -2.574599915E+02 2.256699950E-01 1.001399994E+00 5.776300095E-04
 4.099999842E-06 7.418700261E-05 1.607599974E+00 -1.207200000E+04 9.020500000E+03 2.975700073E+02 6.385800171E+01 2.053100014E+01 -5.810300064E+01 2.333700061E-01 9.961500168E-01 5.802600062E-04
 6.149999990E-06 7.461300265E-05 1.605100036E+00 -8.353400391E+03 1.481600000E+04 2.975700073E+02 6.629299927E+01 2.109499931E+01 -5.795700073E+01 2.420399934E-01 9.946200252E-01 5.811299779E-04
 8.199999684E-06 7.503999950E-05 1.602200031E+00 -1.453199951E+03 8.497000000E+03 2.975499878E+02 6.910399628E+01 2.171400070E+01 -7.563999939E+01 2.520200014E-01 9.927300215E-01 5.822000094E-04
 1.024999983E-05 7.546700363E-05 1.600299954E+00 1.022400024E+03 1.685099976E+03 2.974700012E+02 7.215200043E+01 2.234399986E+01 -7.069699860E+01 2.628299892E-01 9.913100004E-01 5.828799913E-04
 1.229999998E-05 7.589299639E-05 1.599499941E+00 1.148800000E+04 -4.566500000E+03 2.972200012E+02 7.543499756E+01 2.304299927E+01 -5.566299820E+01 2.745899856E-01 9.899700284E-01 5.831799936E-04
 1.435000013E-05 7.632000052E-05 1.596699953E+00 6.712299805E+03 -8.360099609E+03 2.969700012E+02 7.905599976E+01 2.382099915E+01 -6.321799850E+01 2.875500023E-01 9.873800278E-01 5.842199898E-04
 1.639999937E-05 7.674699737E-05 1.592200041E+00 4.445200195E+03 7.365499878E+02 2.967799988E+02 8.296800232E+01 2.480999947E+01 -6.516200256E+01 3.016999960E-01 9.839500189E-01 5.858800141E-04
 1.845000043E-05 7.717299741E-05 1.587200046E+00 6.324700195E+03 1.036800000E+04 2.966199951E+02 8.698500061E+01 2.569300079E+01 -6.214300156E+01 3.160600066E-01 9.803699851E-01 5.877100048E-04
 2.049999966E-05 7.760000153E-05 1.581500053E+00 -1.916699951E+03 1.432100000E+04 2.964599915E+02 9.104699707E+01 2.633900070E+01 -5.330799866E+01 3.303700089E-01 9.763100147E-01 5.898299860E-04
 2.255000072E-05 7.802699838E-05 1.575199962E+00 -3.601000000E+03 6.974000000E+03 2.961300049E+02 9.544699860E+01 2.726399994E+01 -4.640499878E+01 3.461999893E-01 9.713500142E-01 5.921900156E-04
 2.459999996E-05 7.845299842E-05 1.569200039E+00 5.521099854E+01 -1.088400000E+04 2.955400085E+02 1.000999985E+02 2.830200005E+01 -5.811299896E+01 3.631699979E-01 9.657599926E-01 5.944300210E-04
 2.664999920E-05 7.888000255E-05 1.562500000E+00 3.145300049E+03 -6.125399902E+03 2.948800049E+02 1.050199966E+02 2.914399910E+01 -5.222200012E+01 3.809199929E-01 9.594399929E-01 5.970100174E-04
 2.870000026E-05 7.930699940E-05 1.553400040E+00 1.107100000E+04 8.625000000E+03 2.943299866E+02 1.103099976E+02 3.009199905E+01 -5.645999908E+01 3.999899924E-01 9.520999789E-01 6.004900206E-04
 3.075000132E-05 7.973299944E-05 1.543799996E+00 1.287400000E+04 1.607699951E+03 2.937399902E+02 1.159800034E+02 3.114999962E+01 -8.270500183E+01 4.205299914E-01 9.442899823E-01 6.042500027E-04
 3.279999873E-05 8.016000356E-05 1.531700015E+00 2.701100098E+03 -1.331300000E+04 2.929800110E+02 1.222300034E+02 3.222900009E+01 -5.423400116E+01 4.432199895E-01 9.344800115E-01 6.090200040E-04
 3.484999979E-05 8.058700041E-05 1.517899990E+00 7.189700195E+03 -1.114800000E+04 2.921499939E+02 1.286799927E+02 3.332799911E+01 -3.010799980E+01 4.667400122E-01 9.234700203E-01 6.145400112E-04
 3.690000085E-05 8.101300045E-05 1.501399994E+00 2.359600000E+04 -5.296600098E+03 2.912500000E+02 1.356100006E+02 3.451100159E+01 -3.034000015E+01 4.920899868E-01 9.106000066E-01 6.213299930E-04
 3.894999827E-05 8.143999730E-05 1.481400013E+00 3.873100000E+04 -5.663700195E+03 2.899200134E+02 1.435200043E+02 3.561100006E+01 1.403400040E+01 5.212399960E-01 8.943799734E-01 6.296900101E-04
 4.099999933E-05 8.186700143E-05 1.460000038E+00 4.032600000E+04 -8.233800049E+02 2.883500061E+02 1.524799957E+02 3.690900040E+01 3.162100029E+01 5.544800162E-01 8.766999841E-01 6.389400223E-04
 4.305000039E-05 8.229300147E-05 1.432999969E+00 3.917600000E+04 4.297200195E+03 2.865000000E+02 1.628300018E+02 3.804600143E+01 -8.379199982E+00 5.929300189E-01 8.549399972E-01 6.510399980E-04
 4.510000144E-05 8.271999832E-05 1.397899985E+00 5.434600000E+04 1.096800000E+04 2.840799866E+02 1.752899933E+02 3.873300171E+01 -3.128300095E+01 6.393100023E-01 8.269600272E-01 6.674299948E-04
 4.714999886E-05 8.314700244E-05 1.353600025E+00 6.705800000E+04 5.238100098E+03 2.808399963E+02 1.904600067E+02 3.871300125E+01 -3.952399826E+01 6.961799860E-01 7.917199731E-01 6.893500104E-04
 4.919999992E-05 8.357300248E-05 1.293400049E+00 7.698500000E+04 -8.144500000E+03 2.765199890E+02 2.093999939E+02 3.697700119E+01 -1.082399979E+02 7.676900029E-01 7.449200153E-01 7.217599778E-04
 5.125000098E-05 8.399999933E-05 1.209499955E+00 8.436500000E+04 -2.651600000E+04 2.708800049E+02 2.338000031E+02 3.156299973E+01 -3.045899963E+02 8.608800173E-01 6.825799942E-01 7.724799798E-04
 5.329999840E-05 8.361600339E-05 1.103500009E+00 7.863500000E+04 -4.686800000E+04 2.633099976E+02 2.629400024E+02 1.974399948E+01 -5.027000122E+02 9.763200283E-01 6.056200266E-01 8.476100047E-04
 5.534999946E-05 8.323200018E-05 9.867500067E-01 6.451800000E+04 -6.193600000E+04 2.542500000E+02 2.923800049E+02 1.117499948E+00 -6.166699829E+02 1.101899981E+00 5.230299830E-01 9.488799842E-04
 5.740000051E-05 8.284799696E-05 8.736199737E-01 5.225300000E+04 -7.010400000E+04 2.448899994E+02 3.176000061E+02 -2.207799911E+01 -6.178300171E+02 1.222399950E+00 4.460600019E-01 1.072000014E-03
 5.945000157E-05 8.246400103E-05 7.738199830E-01 3.083000000E+04 -7.101200000E+04 2.361799927E+02 3.376199951E+02 -4.601300049E+01 -4.993299866E+02 1.331799984E+00 3.809899986E-01 1.210100017E-03
 6.150000263E-05 8.207999781E-05 6.918100119E-01 7.053799805E+03 -6.511900000E+04 2.284900055E+02 3.526499939E+02 -6.753399658E+01 -3.798500061E+02 1.426499963E+00 3.294700086E-01 1.352500054E-03
 6.354999641E-05 8.169600187E-05 6.269500256E-01 -8.452799805E+03 -5.062000000E+04 2.218600006E+02 3.638399963E+02 -8.483499908E+01 -2.303999939E+02 1.505900025E+00 2.898600101E-01 1.491499948E-03
 6.559999747E-05 8.131199866E-05 5.760300159E-01 -2.538100000E+04 -2.305100000E+04 2.164600067E+02 3.727099915E+02 -9.761199951E+01 -1.006100006E+02 1.572000027E+00 2.597700059E-01 1.622100011E-03
 6.764999853E-05 8.092800272E-05 5.374299884E-01 -3.868300000E+04 2.158500000E+03 2.120599976E+02 3.797399902E+02 -1.061200027E+02 -1.053299999E+01 1.625200033E+00 2.373999953E-01 1.737599960E-03
 6.969999959E-05 8.054399950E-05 5.068699718E-01 -5.194200000E+04 1.370400000E+04 2.084299927E+02 3.860499878E+02 -1.109100037E+02 7.278299713E+01 1.669800043E+00 2.200500071E-01 1.841900055E-03
 7.175000064E-05 8.016000356E-05 4.817999899E-01 -6.420800000E+04 2.564200000E+04 2.053099976E+02 3.916700134E+02 -1.127799988E+02 1.163899994E+02 1.707200050E+00 2.060199976E-01 1.937199966E-03
 7.380000170E-05 7.977600035E-05 4.612500072E-01 -7.514200000E+04 3.890200000E+04 2.026699982E+02 3.966700134E+02 -1.124100037E+02 1.545099945E+02 1.738100052E+00 1.946800053E-01 2.023200039E-03
 7.585000276E-05 7.939199713E-05 4.441199899E-01 -8.328700000E+04 4.397400000E+04 2.003800049E+02 4.015499878E+02 -1.107300034E+02 1.789199982E+02 1.766000032E+00 1.853400022E-01 2.100999933E-03
 7.789999654E-05 7.900800119E-05 4.293699861E-01 -8.551100000E+04 4.501200000E+04 1.983300018E+02 4.064500122E+02 -1.080100021E+02 1.865700073E+02 1.792299986E+00 1.773400009E-01 2.173099900E-03
 7.994999760E-05 7.862399798E-05 4.163199961E-01 -8.523900000E+04 5.038700000E+04 1.964700012E+02 4.111499939E+02 -1.047300034E+02 1.841199951E+02 1.816699982E+00 1.703400016E-01 2.241099952E-03
 8.199999866E-05 7.824000204E-05 4.041700065E-01 -9.197700000E+04 5.109800000E+04 1.947200012E+02 4.154800110E+02 -1.015000000E+02 1.740099945E+02 1.839499950E+00 1.639000028E-01 2.308499999E-03
 8.404999971E-05 7.785599882E-05 3.924799860E-01 -9.704300000E+04 4.846900000E+04 1.929700012E+02 4.196300049E+02 -9.793000031E+01 1.740200043E+02 1.861700058E+00 1.577299982E-01 2.377199940E-03
 8.610000077E-05 7.747200289E-05 3.814800084E-01 -9.840300000E+04 4.466100000E+04 1.911000061E+02 4.237500000E+02 -9.464800262E+01 1.738200073E+02 1.884999990E+00 1.518200040E-01 2.445799997E-03
 8.815000183E-05 7.708799967E-05 3.705900013E-01 -1.040100000E+05 4.322500000E+04 1.893399963E+02 4.279400024E+02 -9.177300262E+01 1.734100037E+02 1.908900023E+00 1.461199969E-01 2.517699962E-03
 9.020000289E-05 7.670399646E-05 3.599500060E-01 -1.106200000E+05 4.302000000E+04 1.876999969E+02 4.318200073E+02 -8.903399658E+01 1.773999939E+02 1.931399941E+00 1.406999975E-01 2.592100063E-03
 9.224999667E-05 7.632000052E-05 3.494299948E-01 -1.102800000E+05 4.007700000E+04 1.858899994E+02 4.356700134E+02 -8.667800140E+01 1.727899933E+02 1.955399990E+00 1.352699995E-01 2.670099959E-03
 9.429999773E-05 7.593599730E-05 3.390800059E-01 -1.091000000E+05 3.567100000E+04 1.840099945E+02 4.396000061E+02 -8.467299652E+01 1.527599945E+02 1.980700016E+00 1.299400032E-01 2.751599997E-03
 9.634999878E-05 7.555200136E-05 3.289900124E-01 -1.078700000E+05 3.616200000E+04 1.822500000E+02 4.430000000E+02 -8.314700317E+01 1.370000000E+02 2.003799915E+00 1.248600036E-01 2.835999941E-03
 9.839999984E-05 7.516799815E-05 3.189499974E-01 -1.115700000E+05 3.836300000E+04 1.805700073E+02 4.462500000E+02 -8.164900208E+01 1.395099945E+02 2.026099920E+00 1.199399978E-01 2.925399924E-03
 1.004500009E-04 7.478400221E-05 3.093099892E-01 -1.174500000E+05 3.370800000E+04 1.790299988E+02 4.496000061E+02 -8.019699860E+01 1.351699982E+02 2.048500061E+00 1.153199971E-01 3.016399918E-03
 1.025000020E-04 7.439999899E-05 3.005400002E-01 -1.241600000E+05 3.491400000E+04 1.776699982E+02 4.525899963E+02 -7.886599731E+01 1.373999939E+02 2.068500042E+00 1.111999974E-01 3.104399890E-03
 1.045500030E-04 7.401600305E-05 2.924900055E-01 -1.380600000E+05 3.769600000E+04 1.763500061E+02 4.550100098E+02 -7.798500061E+01 1.430399933E+02 2.086400032E+00 1.074099988E-01 3.189800074E-03
 1.065999968E-04 7.363199984E-05 2.845099866E-01 -1.572300000E+05 3.858800000E+04 1.750700073E+02 4.574599915E+02 -7.722699738E+01 1.428999939E+02 2.104300022E+00 1.037300006E-01 3.279299941E-03
 1.086499979E-04 7.324799662E-05 2.766399980E-01 -1.809300000E+05 4.291600000E+04 1.739700012E+02 4.599400024E+02 -7.620400238E+01 1.472700043E+02 2.121400118E+00 1.002200022E-01 3.372499952E-03
 1.106999989E-04 7.286400069E-05 2.692399919E-01 -1.989000000E+05 4.516000000E+04 1.728399963E+02 4.620100098E+02 -7.544899750E+01 1.491799927E+02 2.137000084E+00 9.690999985E-02 3.465200076E-03
 1.127500000E-04 7.247999747E-05 2.622799873E-01 -2.121000000E+05 4.254600000E+04 1.717500000E+02 4.638500061E+02 -7.511900330E+01 1.373800049E+02 2.151799917E+00 9.380699694E-02 3.557200078E-03
 1.148000010E-04 7.209600153E-05 2.561999857E-01 -2.388900000E+05 4.424400000E+04 1.711999969E+02 4.648699951E+02 -7.466300201E+01 1.413200073E+02 2.159600019E+00 9.133899957E-02 3.641299903E-03
 1.168500021E-04 7.171199832E-05 2.556900084E-01 -4.229800000E+05 7.874300000E+04 1.757100067E+02 4.565899963E+02 -7.229900360E+01 2.456100006E+02 2.094099998E+00 9.357599914E-02 3.648600075E-03
 1.189000031E-04 7.132800238E-05 2.880800068E-01 -1.013000000E+06 1.810700000E+05 2.019900055E+02 4.028299866E+02 -6.170600128E+01 6.722700195E+02 1.739199996E+00 1.225600019E-01 3.274699906E-03
 1.209499969E-04 7.094399916E-05 4.082500041E-01 -1.086100000E+06 1.859300000E+05 2.463699951E+02 2.920199890E+02 -4.144499969E+01 1.009500000E+03 1.143300056E+00 2.137300074E-01 2.402700018E-03
 1.230000053E-04 7.056000322E-05 5.882499814E-01 -4.230900000E+05 7.409500000E+04 2.772399902E+02 1.962100067E+02 -2.519799995E+01 6.731400146E+02 7.149199843E-01 3.411700130E-01 1.624300028E-03
 1.250500063E-04 7.017600001E-05 7.091199756E-01 -6.398300000E+04 1.882700000E+04 2.875599976E+02 1.585700073E+02 -1.992399979E+01 2.086199951E+02 5.657100081E-01 4.247699976E-01 1.318000024E-03
 1.270999928E-04 6.979199679E-05 7.450299859E-01 -2.667200000E+04 1.113900000E+04 2.901600037E+02 1.494900055E+02 -1.927700043E+01 6.840399933E+01 5.310599804E-01 4.501700103E-01 1.252099988E-03
 1.291499939E-04 6.940800085E-05 7.526299953E-01 -3.387700000E+04 1.800600000E+04 2.907799988E+02 1.464199982E+02 -1.965900040E+01 4.670800018E+01 5.199400187E-01 4.557400048E-01 1.239400008E-03
 1.311999949E-04 6.902399764E-05 7.560799718E-01 -2.549900000E+04 1.330800000E+04 2.912500000E+02 1.439799957E+02 -2.005400085E+01 3.266999817E+01 5.112199783E-01 4.585500062E-01 1.233699964E-03
 1.332499960E-04 6.864000170E-05 7.583199739E-01 -2.080900000E+04 7.870899902E+03 2.917099915E+02 1.415000000E+02 -2.012599945E+01 5.251300049E+01 5.022299886E-01 4.606400132E-01 1.230100053E-03
 1.352999971E-04 6.825599849E-05 7.614600062E-01 -2.176300000E+04 9.167000000E+03 2.920199890E+02 1.388500061E+02 -2.018700027E+01 7.769599915E+01 4.927499890E-01 4.630399942E-01 1.225000015E-03
 1.373499981E-04 6.787200255E-05 7.641900182E-01 -1.637800000E+04 1.008700000E+04 2.924299927E+02 1.363099976E+02 -2.007500076E+01 7.953500366E+01 4.835500121E-01 4.653599858E-01 1.220599981E-03
 1.393999992E-04 6.748799933E-05 7.667400241E-01 -1.035000000E+04 9.625299805E+03 2.928999939E+02 1.336900024E+02 -1.974300003E+01 8.894499969E+01 4.739100039E-01 4.676499963E-01 1.216599951E-03
 1.414500002E-04 6.710400339E-05 7.694000006E-01 -1.681100000E+04 5.000500000E+03 2.934400024E+02 1.310899963E+02 -1.956999969E+01 7.922499847E+01 4.643799961E-01 4.701499939E-01 1.212400035E-03
 1.435000013E-04 6.672000018E-05 7.716000080E-01 -1.892600000E+04 9.002700195E+03 2.938800049E+02 1.287100067E+02 -1.929299927E+01 7.031099701E+01 4.556199908E-01 4.721899927E-01 1.208900008E-03
 1.455500023E-04 6.633599696E-05 7.744100094E-01 -1.128200000E+04 1.112000000E+04 2.941700134E+02 1.263700027E+02 -1.880100060E+01 8.383499908E+01 4.470500052E-01 4.743799865E-01 1.204499975E-03
 1.476000034E-04 6.595200102E-05 7.770000100E-01 -1.855000000E+03 2.565300049E+03 2.943699951E+02 1.240899963E+02 -1.820700073E+01 7.056800079E+01 4.386900067E-01 4.763000011E-01 1.200499944E-03
 1.496500045E-04 6.556799781E-05 7.790399790E-01 -1.568000000E+03 2.814699951E+03 2.945000000E+02 1.218700027E+02 -1.761100006E+01 5.683499908E+01 4.306499958E-01 4.777599871E-01 1.197400037E-03
 1.517000055E-04 6.518400187E-05 7.806400061E-01 -7.156700195E+03 3.774500000E+03 2.949100037E+02 1.197399979E+02 -1.701300049E+01 5.694100189E+01 4.226700068E-01 4.794000089E-01 1.194900018E-03
 1.537500066E-04 6.479999865E-05 7.816500068E-01 -1.085700000E+04 1.915800049E+03 2.954700012E+02 1.176800003E+02 -1.655800056E+01 5.866299820E+01 4.149299860E-01 4.809300005E-01 1.193400007E-03
 1.557999931E-04 6.441600272E-05 7.832999825E-01 -1.326900000E+04 7.801399902E+03 2.957000122E+02 1.155599976E+02 -1.606299973E+01 6.256600189E+01 4.072099924E-01 4.823299944E-01 1.190899988E-03
 1.578499941E-04 6.403199950E-05 7.854800224E-01 -2.725300049E+03 4.832399902E+03 2.957500000E+02 1.133799973E+02 -1.536600018E+01 6.938999939E+01 3.993099928E-01 4.837599993E-01 1.187599963E-03
 1.598999952E-04 6.364800356E-05 7.873399854E-01 6.591399902E+03 3.564399902E+03 2.959200134E+02 1.113399963E+02 -1.473999977E+01 8.415899658E+01 3.918299973E-01 4.851799905E-01 1.184800058E-03
 1.619499963E-04 6.326400035E-05 7.882400155E-01 6.411900024E+02 9.133599609E+03 2.963399963E+02 1.096299973E+02 -1.414999962E+01 8.316600037E+01 3.853999972E-01 4.864299893E-01 1.183400047E-03
 1.639999973E-04 6.287999713E-05 7.892500162E-01 -5.067399902E+03 7.580100098E+03 2.966900024E+02 1.080599976E+02 -1.357900047E+01 7.638200378E+01 3.794800043E-01 4.876199961E-01 1.181900036E-03
 1.660499984E-04 6.249600119E-05 7.907500267E-01 -7.341199951E+02 6.477700195E+03 2.967600098E+02 1.063799973E+02 -1.274699974E+01 6.758999634E+01 3.732500076E-01 4.886600077E-01 1.179600018E-03
 1.680999994E-04 6.211199798E-05 7.920600176E-01 5.180500000E+03 8.251500000E+03 2.970100098E+02 1.045899963E+02 -1.173499966E+01 6.983799744E+01 3.665300012E-01 4.898799956E-01 1.177700004E-03
 1.701500005E-04 6.172800204E-05 7.932699919E-01 4.758200195E+03 6.093600098E+03 2.973699951E+02 1.029300003E+02 -1.089700031E+01 7.569400024E+01 3.602600098E-01 4.912199974E-01 1.175899990E-03
 1.722000015E-04 6.134399882E-05 7.939900160E-01 -4.466100098E+03 3.312000000E+03 2.976600037E+02 1.015500031E+02 -1.026500034E+01 7.042900085E+01 3.550800085E-01 4.921500087E-01 1.174799982E-03
 1.742500026E-04 6.095999925E-05 7.950500250E-01 -6.216500000E+03 7.325600098E+03 2.978299866E+02 1.001699982E+02 -9.467399597E+00 8.349299622E+01 3.498899937E-01 4.930900037E-01 1.173299970E-03
 1.763000037E-04 6.057599967E-05 7.965400219E-01 -9.994400024E+02 9.436700195E+03 2.979100037E+02 9.876899719E+01 -8.427200317E+00 1.048799973E+02 3.446800113E-01 4.941500127E-01 1.171099953E-03
 1.783500047E-04 6.019200009E-05 7.979599833E-01 4.318299805E+03 2.591000000E+03 2.978999939E+02 9.731800079E+01 -7.349699974E+00 9.208899689E+01 3.393599987E-01 4.950099885E-01 1.169000054E-03
 1.804000058E-04 5.980800051E-05 7.990000248E-01 5.052200195E+03 1.547300049E+03 2.979899902E+02 9.606700134E+01 -6.275000095E+00 7.579699707E+01 3.347100019E-01 4.957999885E-01 1.167500042E-03
 1.824500068E-04 5.942400094E-05 7.991200089E-01 -2.874000000E+03 1.163100000E+04 2.981000061E+02 9.506600189E+01 -5.279300213E+00 8.575900269E+01 3.309600055E-01 4.960600138E-01 1.167300041E-03
 1.844999933E-04 5.904000136E-05 7.997999787E-01 -8.284299805E+03 1.053100000E+04 2.981799927E+02 9.382399750E+01 -4.082799911E+00 9.043699646E+01 3.264099956E-01 4.966099858E-01 1.166300033E-03
 1.865499944E-04 5.865600178E-05 8.007000089E-01 -2.047000000E+03 8.319500000E+03 2.982300110E+02 9.246700287E+01 -2.779799938E+00 8.940599823E+01 3.215000033E-01 4.972499907E-01 1.165000023E-03
 1.885999955E-04 5.827199857E-05 8.012199998E-01 6.132299805E+03 9.839200195E+03 2.983200073E+02 9.113999939E+01 -1.421900034E+00 1.068399963E+02 3.167400062E-01 4.977299869E-01 1.164200017E-03
 1.906499965E-04 5.788799899E-05 8.016700149E-01 1.209900024E+03 7.295799805E+03 2.986000061E+02 8.995600128E+01 1.499599963E-01 1.100299988E+02 3.124299943E-01 4.984799922E-01 1.163600013E-03
 1.926999976E-04 5.750399941E-05 8.021699786E-01 -9.628499756E+02 6.886299805E+03 2.987099915E+02 8.895800018E+01 1.576900005E+00 8.466100311E+01 3.089500070E-01 4.989799857E-01 1.162800007E-03
 1.947499986E-04 5.711999984E-05 8.025299907E-01 6.366700195E+03 7.469899902E+03 2.986300049E+02 8.787999725E+01 3.148699999E+00 7.992900085E+01 3.054099977E-01 4.990699887E-01 1.162300003E-03
 1.967999997E-04 5.673600026E-05 8.023300171E-01 4.140799805E+03 1.792800049E+03 2.985899963E+02 8.691600037E+01 4.925799847E+00 9.695300293E+01 3.023700118E-01 4.988699853E-01 1.162600005E-03
 1.988500007E-04 5.635200068E-05 8.022300005E-01 7.674600220E+02 -1.267599976E+03 2.986700134E+02 8.625599670E+01 7.039299965E+00 9.780500031E+01 3.005599976E-01 4.989399910E-01 1.162800007E-03
 2.009000018E-04 5.596800111E-05 8.012899756E-01 2.271000000E+03 7.590299805E+03 2.988500061E+02 8.562699890E+01 9.135999680E+00 9.396199799E+01 2.989700139E-01 4.986599982E-01 1.164100016E-03
 2.029500029E-04 5.558400153E-05 8.010500073E-01 3.367100098E+03 1.385200000E+04 2.989700012E+02 8.487999725E+01 1.111100006E+01 1.081399994E+02 2.971599996E-01 4.987100065E-01 1.164500020E-03
 2.050000039E-04 5.519999831E-05 8.016899824E-01 7.009200195E+03 1.510600000E+04 2.989500122E+02 8.447000122E+01 1.220800018E+01 1.137600021E+02 2.962499857E-01 4.990699887E-01 1.163500012E-03
 0.000000000E+00 7.449999976E-05 1.600700021E+00 -1.692000000E+05 -3.065700000E+04 3.000000000E+02 5.682099915E+01 1.798600006E+01 -4.175100098E+02 2.113599926E-01 1.005699992E+00 5.750500131E-04
 2.049999921E-06 7.490000280E-05 1.605100036E+00 -9.083400000E+04 -9.962400391E+03 2.986900024E+02 5.859500122E+01 1.842200089E+01 -2.200500031E+02 2.157399952E-01 1.001199961E+00 5.773099838E-04
 4.099999842E-06 7.529999857E-05 1.608399987E+00 -1.289800000E+04 8.373599609E+03 2.973900146E+02 6.143500137E+01 1.891500092E+01 -3.955300140E+01 2.237100005E-01 9.960299730E-01 5.799600040E-04
 6.149999990E-06 7.570000162E-05 1.605900049E+00 -6.464899902E+03 1.161000000E+04 2.974800110E+02 6.381700134E+01 1.927499962E+01 -6.561000061E+01 2.319699973E-01 9.948099852E-01 5.808499991E-04
 8.199999684E-06 7.609999739E-05 1.603199959E+00 2.548399902E+03 1.083500000E+04 2.975000000E+02 6.655300140E+01 1.977599907E+01 -7.951000214E+01 2.415899932E-01 9.932100177E-01 5.818399950E-04
 1.024999983E-05 7.650000043E-05 1.601699948E+00 6.561799805E+03 9.355200195E+03 2.974200134E+02 6.958100128E+01 2.023100090E+01 -7.502899933E+01 2.521699965E-01 9.919999838E-01 5.823799875E-04
 1.229999998E-05 7.690000348E-05 1.600700021E+00 1.295200000E+04 8.034399902E+03 2.971600037E+02 7.284300232E+01 2.085300064E+01 -5.315900040E+01 2.637900114E-01 9.905400276E-01 5.827400018E-04
 1.435000013E-05 7.729999925E-05 1.596799970E+00 1.554200000E+04 8.425599670E+01 2.969599915E+02 7.628399658E+01 2.159099960E+01 -3.587200165E+01 2.761200070E-01 9.874500036E-01 5.841599777E-04
 1.639999937E-05 7.770000229E-05 1.592000008E+00 1.011700000E+04 -4.539299805E+03 2.968099976E+02 8.019200134E+01 2.244499969E+01 -4.002799988E+01 2.901000082E-01 9.839699864E-01 5.859300145E-04
 1.845000043E-05 7.809999806E-05 1.587100029E+00 5.461500000E+03 4.693299805E+03 2.966000061E+02 8.451799774E+01 2.340500069E+01 -5.339300156E+01 3.056200147E-01 9.802299738E-01 5.877399817E-04
 2.049999966E-05 7.850000111E-05 1.581699967E+00 4.836700195E+03 1.085400000E+04 2.963200073E+02 8.885700226E+01 2.418899918E+01 -5.909999847E+01 3.210799992E-01 9.759899974E-01 5.897399969E-04
 2.255000072E-05 7.889999688E-05 1.575199962E+00 7.600399902E+03 9.106700195E+03 2.959899902E+02 9.328900146E+01 2.507699966E+01 -6.087400055E+01 3.369899988E-01 9.708700180E-01 5.922000273E-04
 2.459999996E-05 7.929999992E-05 1.568899989E+00 9.164700195E+03 8.403099609E+03 2.955299988E+02 9.790499878E+01 2.602099991E+01 -4.259999847E+01 3.536700010E-01 9.655100107E-01 5.945599987E-04
 2.664999920E-05 7.970000297E-05 1.561499953E+00 7.414700195E+03 1.015300000E+04 2.949700012E+02 1.030599976E+02 2.688500023E+01 -1.434899998E+01 3.721800148E-01 9.591500163E-01 5.973799853E-04
 2.870000026E-05 8.009999874E-05 1.552700043E+00 1.480600000E+04 6.191899902E+03 2.943699951E+02 1.085800018E+02 2.787800026E+01 -4.068700027E+01 3.921400011E-01 9.517899752E-01 6.007699994E-04
 3.075000132E-05 8.050000179E-05 1.543300033E+00 2.359900000E+04 -2.366600098E+03 2.937399902E+02 1.142300034E+02 2.886800003E+01 -4.554499817E+01 4.125800133E-01 9.440299869E-01 6.044200272E-04
 3.279999873E-05 8.089999756E-05 1.530599952E+00 1.255900000E+04 -8.738200195E+03 2.929299927E+02 1.204800034E+02 2.992700005E+01 -2.138500023E+01 4.352999926E-01 9.337000251E-01 6.094300188E-04
 3.484999979E-05 8.130000060E-05 1.516899943E+00 9.239500000E+03 -1.586000000E+04 2.920499878E+02 1.271999969E+02 3.107399940E+01 -1.850499916E+01 4.598299861E-01 9.225400090E-01 6.149400142E-04
 3.690000085E-05 8.169999637E-05 1.500800014E+00 1.865700000E+04 -6.766000000E+03 2.911000061E+02 1.344499969E+02 3.227500153E+01 -1.507099986E+00 4.863899946E-01 9.097800255E-01 6.215400063E-04
 3.894999827E-05 8.209999942E-05 1.480599999E+00 2.751300000E+04 -4.422699890E+02 2.897600098E+02 1.424499969E+02 3.336000061E+01 1.798399925E+01 5.158600211E-01 8.934100270E-01 6.300300010E-04
 4.099999933E-05 8.250000246E-05 1.459300041E+00 4.526500000E+04 -1.241000000E+03 2.882200012E+02 1.514499969E+02 3.450799942E+01 2.825799942E+01 5.491399765E-01 8.758599758E-01 6.392599898E-04
 4.305000039E-05 8.289999823E-05 1.432500005E+00 4.359400000E+04 2.420500000E+03 2.863999939E+02 1.620899963E+02 3.550699997E+01 1.007100010E+01 5.884900093E-01 8.543400168E-01 6.512799882E-04
 4.510000144E-05 8.330000128E-05 1.396800041E+00 4.772400000E+04 9.142700195E+03 2.840499878E+02 1.746199951E+02 3.608900070E+01 -1.314099979E+01 6.350100040E-01 8.262799978E-01 6.679299986E-04
 4.714999886E-05 8.369999705E-05 1.353000045E+00 6.404900000E+04 1.170000000E+04 2.809299927E+02 1.894100037E+02 3.593999863E+01 -2.297699928E+01 6.904500127E-01 7.916200161E-01 6.896500126E-04
 4.919999992E-05 8.410000009E-05 1.294800043E+00 7.357600000E+04 -2.779500000E+03 2.767699890E+02 2.078699951E+02 3.422900009E+01 -7.908100128E+01 7.602300048E-01 7.464200258E-01 7.208900061E-04
 5.125000098E-05 8.450000314E-05 1.215800047E+00 7.918600000E+04 -2.846600000E+04 2.713599854E+02 2.312200012E+02 2.930500031E+01 -2.738099976E+02 8.496299982E-01 6.873000264E-01 7.683199947E-04
 5.329999840E-05 8.414000331E-05 1.116099954E+00 7.655000000E+04 -4.040500000E+04 2.642399902E+02 2.587099915E+02 1.902899933E+01 -4.642300110E+02 9.586399794E-01 6.145899892E-01 8.377999766E-04
 5.534999946E-05 8.378000348E-05 1.005499959E+00 6.695100000E+04 -5.279400000E+04 2.557899933E+02 2.868599854E+02 2.787699938E+00 -5.643200073E+02 1.077700019E+00 5.361199975E-01 9.306700085E-04
 5.740000051E-05 8.341999637E-05 8.971499801E-01 5.141300000E+04 -6.714900000E+04 2.469600067E+02 3.117099915E+02 -1.776399994E+01 -5.896300049E+02 1.193600059E+00 4.618900120E-01 1.043400029E-03
 5.945000157E-05 8.305999654E-05 7.995100021E-01 3.166700000E+04 -6.968400000E+04 2.383600006E+02 3.320499878E+02 -3.950699997E+01 -4.932900085E+02 1.300999999E+00 3.972600102E-01 1.170799951E-03
 6.150000263E-05 8.269999671E-05 7.169499993E-01 1.128500000E+04 -6.370700000E+04 2.306600037E+02 3.480299988E+02 -5.969200134E+01 -3.759100037E+02 1.396199942E+00 3.446600139E-01 1.304900041E-03
 6.354999641E-05 8.233999688E-05 6.491100192E-01 -5.146700195E+03 -5.261800000E+04 2.238999939E+02 3.606000061E+02 -7.650700378E+01 -2.529700012E+02 1.479099989E+00 3.028599918E-01 1.440700027E-03
 6.559999747E-05 8.197999705E-05 5.943400264E-01 -1.637100000E+04 -3.208600000E+04 2.180899963E+02 3.707600098E+02 -8.968800354E+01 -1.333500061E+02 1.550600052E+00 2.700699866E-01 1.572399982E-03
 6.764999853E-05 8.161999722E-05 5.514400005E-01 -3.030800000E+04 -5.674799805E+03 2.131499939E+02 3.788900146E+02 -9.908300018E+01 -3.509000015E+01 1.610100031E+00 2.448599935E-01 1.693899976E-03
 6.969999959E-05 8.125999739E-05 5.165699720E-01 -4.665300000E+04 8.964400391E+03 2.088800049E+02 3.860799866E+02 -1.047399979E+02 4.134000015E+01 1.661299944E+00 2.247599959E-01 1.807600027E-03
 7.175000064E-05 8.089999756E-05 4.883100092E-01 -5.470000000E+04 1.569300000E+04 2.052200012E+02 3.923900146E+02 -1.074100037E+02 8.926599884E+01 1.704399943E+00 2.087199986E-01 1.911600004E-03
 7.380000170E-05 8.053999773E-05 4.652799964E-01 -6.518400000E+04 2.788800000E+04 2.022100067E+02 3.981000061E+02 -1.079400024E+02 1.254899979E+02 1.740900040E+00 1.959500015E-01 2.005900024E-03
 7.585000276E-05 8.017999789E-05 4.460999966E-01 -7.526900000E+04 3.471700000E+04 1.997599945E+02 4.033399963E+02 -1.069499969E+02 1.448099976E+02 1.771900058E+00 1.855899990E-01 2.091800096E-03
 7.789999654E-05 7.981999806E-05 4.294199944E-01 -8.465300000E+04 3.746800000E+04 1.974900055E+02 4.082500000E+02 -1.047399979E+02 1.655000000E+02 1.799999952E+00 1.766200066E-01 2.173000015E-03
 7.994999760E-05 7.945999823E-05 4.147999883E-01 -9.016000000E+04 4.465900000E+04 1.953999939E+02 4.128900146E+02 -1.017799988E+02 1.705200043E+02 1.825799942E+00 1.687999964E-01 2.249399899E-03
 8.199999866E-05 7.909999840E-05 4.016099870E-01 -9.401700000E+04 4.574700000E+04 1.935299988E+02 4.174400024E+02 -9.840799713E+01 1.673300018E+02 1.850200057E+00 1.618700027E-01 2.323300112E-03
 8.404999971E-05 7.873999857E-05 3.893199861E-01 -9.691700000E+04 4.468500000E+04 1.917799988E+02 4.217900085E+02 -9.492800140E+01 1.677400055E+02 1.873700023E+00 1.554899961E-01 2.396499971E-03
 8.610000077E-05 7.837999874E-05 3.783900142E-01 -9.844400000E+04 4.248900000E+04 1.900599976E+02 4.257999878E+02 -9.166899872E+01 1.688600006E+02 1.896100044E+00 1.497700065E-01 2.465700032E-03
 8.815000183E-05 7.801999891E-05 3.675299883E-01 -1.047400000E+05 4.290400000E+04 1.882700043E+02 4.300700073E+02 -8.842299652E+01 1.765299988E+02 1.920500040E+00 1.440999955E-01 2.538699890E-03
 9.020000289E-05 7.765999908E-05 3.569999933E-01 -1.098800000E+05 4.278800000E+04 1.864600067E+02 4.339400024E+02 -8.540200043E+01 1.725899963E+02 1.943899989E+00 1.386300027E-01 2.613499993E-03
 9.224999667E-05 7.729999925E-05 3.468799889E-01 -1.094000000E+05 4.404800000E+04 1.847200012E+02 4.376199951E+02 -8.283200073E+01 1.618899994E+02 1.966799974E+00 1.334400028E-01 2.689700108E-03
 9.429999773E-05 7.693999942E-05 3.367399871E-01 -1.075900000E+05 4.117300000E+04 1.829900055E+02 4.414400024E+02 -8.038999939E+01 1.454900055E+02 1.990700006E+00 1.283300072E-01 2.770799911E-03
 9.634999878E-05 7.657999959E-05 3.267700076E-01 -1.087400000E+05 3.518800000E+04 1.813699951E+02 4.450199890E+02 -7.842400360E+01 1.249100037E+02 2.013700008E+00 1.234200001E-01 2.855299972E-03
 9.839999984E-05 7.621999976E-05 3.170199990E-01 -1.138600000E+05 3.379800000E+04 1.797799988E+02 4.483999939E+02 -7.669599915E+01 1.245199966E+02 2.036200047E+00 1.186899990E-01 2.943099942E-03
 1.004500009E-04 7.585999992E-05 3.078599870E-01 -1.191500000E+05 2.953300000E+04 1.782100067E+02 4.514599915E+02 -7.514299774E+01 1.311000061E+02 2.057600021E+00 1.142499968E-01 3.030600026E-03
 1.025000020E-04 7.550000009E-05 2.994999886E-01 -1.295800000E+05 2.983100000E+04 1.768399963E+02 4.541000061E+02 -7.382299805E+01 1.355700073E+02 2.076299906E+00 1.102999970E-01 3.115100088E-03
 1.045500030E-04 7.514000026E-05 2.913399935E-01 -1.444600000E+05 3.489200000E+04 1.756300049E+02 4.565499878E+02 -7.268299866E+01 1.388399963E+02 2.093600035E+00 1.065599993E-01 3.202399937E-03
 1.065999968E-04 7.478000043E-05 2.831600010E-01 -1.632400000E+05 3.816700000E+04 1.744799957E+02 4.590599976E+02 -7.155799866E+01 1.365899963E+02 2.110899925E+00 1.028899997E-01 3.294999944E-03
 1.086499979E-04 7.442000060E-05 2.754400074E-01 -1.877100000E+05 3.990500000E+04 1.734100037E+02 4.613800049E+02 -7.048899841E+01 1.369100037E+02 2.127099991E+00 9.946700186E-02 3.387199948E-03
 1.106999989E-04 7.406000077E-05 2.683399916E-01 -2.014700000E+05 4.024700000E+04 1.723099976E+02 4.634599915E+02 -6.977300262E+01 1.357500000E+02 2.142800093E+00 9.628900141E-02 3.476700047E-03
 1.127500000E-04 7.370000094E-05 2.616600096E-01 -2.108600000E+05 3.734700000E+04 1.712799988E+02 4.652999878E+02 -6.941200256E+01 1.299199982E+02 2.157399893E+00 9.332700074E-02 3.565500025E-03
 1.148000010E-04 7.334000111E-05 2.554599941E-01 -2.389800000E+05 3.977700000E+04 1.706799927E+02 4.664200134E+02 -6.891000366E+01 1.316600037E+02 2.165899992E+00 9.079899639E-02 3.651899984E-03
 1.168500021E-04 7.298000128E-05 2.536599934E-01 -3.957100000E+05 6.782800000E+04 1.742200012E+02 4.600199890E+02 -6.705599976E+01 2.045800018E+02 2.114399910E+00 9.203699976E-02 3.677499946E-03
 1.189000031E-04 7.262000145E-05 2.800799906E-01 -9.701700000E+05 1.532200000E+05 1.977299957E+02 4.125299988E+02 -5.882199860E+01 5.555700073E+02 1.794299960E+00 1.163899973E-01 3.358500078E-03
 1.209499969E-04 7.226000162E-05 3.904800117E-01 -1.124800000E+06 1.686600000E+05 2.418000031E+02 3.040899963E+02 -4.124200058E+01 9.008200073E+02 1.202399969E+00 2.009499967E-01 2.509200014E-03
 1.230000053E-04 7.190000179E-05 5.710200071E-01 -4.879200000E+05 7.453000000E+04 2.752099915E+02 2.023999939E+02 -2.558600044E+01 6.470999756E+02 7.404400110E-01 3.291000128E-01 1.681099995E-03
 1.250500063E-04 7.154000195E-05 7.025899887E-01 -7.603100000E+04 1.425000000E+04 2.867999878E+02 1.599400024E+02 -1.966200066E+01 1.957500000E+02 5.711799860E-01 4.198000133E-01 1.331200008E-03
 1.270999928E-04 7.118000212E-05 7.448400259E-01 -2.025400000E+04 1.008900000E+04 2.897999878E+02 1.496399994E+02 -1.842700005E+01 5.403400040E+01 5.315200090E-01 4.494999945E-01 1.252399990E-03
 1.291499939E-04 7.082000229E-05 7.534800172E-01 -2.213900000E+04 1.430300000E+04 2.906000061E+02 1.465599976E+02 -1.851300049E+01 5.084799957E+01 5.200600028E-01 4.559699893E-01 1.237999997E-03
 1.311999949E-04 7.046000246E-05 7.566900253E-01 -1.973300000E+04 5.567299805E+03 2.911799927E+02 1.443099976E+02 -1.890200043E+01 3.714199829E+01 5.118799806E-01 4.588199854E-01 1.232699957E-03
 1.332499960E-04 7.010000263E-05 7.588400245E-01 -2.083800000E+04 6.466299805E+03 2.915700073E+02 1.421199951E+02 -1.891500092E+01 4.819499969E+01 5.038899779E-01 4.607400000E-01 1.229300047E-03
 1.352999971E-04 6.974000280E-05 7.620000243E-01 -2.055000000E+04 9.743599609E+03 2.918500061E+02 1.396199951E+02 -1.884499931E+01 6.649099731E+01 4.949400127E-01 4.630999863E-01 1.224200008E-03
 1.373499981E-04 6.938000297E-05 7.645300031E-01 -1.468200000E+04 4.952899902E+03 2.922600098E+02 1.371499939E+02 -1.870700073E+01 5.636899948E+01 4.859299958E-01 4.652999938E-01 1.220099977E-03
 1.393999992E-04 6.902000314E-05 7.670500278E-01 -8.676400391E+03 5.184500122E+02 2.926499939E+02 1.346499939E+02 -1.836499977E+01 5.764199829E+01 4.767400026E-01 4.674499929E-01 1.216099947E-03
 1.414500002E-04 6.866000331E-05 7.691699862E-01 -1.085000000E+04 -2.009699951E+03 2.930499878E+02 1.322700043E+02 -1.819499969E+01 6.215800095E+01 4.680700004E-01 4.693799913E-01 1.212700037E-03
 1.435000013E-04 6.830000348E-05 7.712699771E-01 -1.334400000E+04 3.719199951E+03 2.935000000E+02 1.298699951E+02 -1.797699928E+01 6.111500168E+01 4.593000114E-01 4.713999927E-01 1.209400012E-03
 1.455500023E-04 6.793999637E-05 7.741100192E-01 -7.106600098E+03 1.108900000E+04 2.939100037E+02 1.274899979E+02 -1.758499908E+01 6.008700180E+01 4.505200088E-01 4.737800062E-01 1.204999979E-03
 1.476000034E-04 6.757999654E-05 7.765799761E-01 1.507199951E+03 8.041700195E+03 2.941199951E+02 1.254300003E+02 -1.702300072E+01 5.422999954E+01 4.429700077E-01 4.756399989E-01 1.201199950E-03
 1.496500045E-04 6.721999671E-05 7.788900137E-01 -3.428399902E+03 3.089600098E+03 2.942399902E+02 1.234100037E+02 -1.646299934E+01 4.690299988E+01 4.355899990E-01 4.772500098E-01 1.197600039E-03
 1.517000055E-04 6.685999688E-05 7.807400227E-01 -1.742600000E+04 1.842300049E+03 2.946799927E+02 1.214300003E+02 -1.588799953E+01 5.025999832E+01 4.281600118E-01 4.790900052E-01 1.194800017E-03
 1.537500066E-04 6.649999705E-05 7.821099758E-01 -1.763100000E+04 1.844599976E+03 2.952300110E+02 1.195899963E+02 -1.537699986E+01 4.734099960E+01 4.211499989E-01 4.808300138E-01 1.192700001E-03
 1.557999931E-04 6.613999722E-05 7.835900187E-01 -1.274900000E+04 2.897699951E+03 2.955000000E+02 1.175999985E+02 -1.489000034E+01 5.596099854E+01 4.138500094E-01 4.821799994E-01 1.190399984E-03
 1.578499941E-04 6.577999739E-05 7.855299711E-01 -3.203000000E+03 1.881400024E+03 2.955899963E+02 1.156299973E+02 -1.436499977E+01 5.740100098E+01 4.067499936E-01 4.835200012E-01 1.187499962E-03
 1.598999952E-04 6.541999755E-05 7.873299718E-01 1.673800049E+03 7.535700195E+03 2.956900024E+02 1.138099976E+02 -1.377299976E+01 5.766699982E+01 4.001100063E-01 4.847800136E-01 1.184800058E-03
 1.619499963E-04 6.505999772E-05 7.884799838E-01 -6.132500000E+03 6.404500000E+03 2.959200134E+02 1.119400024E+02 -1.317599964E+01 6.268199921E+01 3.932400048E-01 4.858799875E-01 1.183000044E-03
 1.639999973E-04 6.469999789E-05 7.896900177E-01 -8.902299805E+03 3.307600098E+03 2.961300049E+02 1.101999969E+02 -1.267599964E+01 5.307899857E+01 3.868499994E-01 4.869599938E-01 1.181200030E-03
 1.660499984E-04 6.433999806E-05 7.910900116E-01 -5.417399902E+03 5.155000000E+03 2.963399963E+02 1.085500031E+02 -1.183100033E+01 5.975699997E+01 3.806700110E-01 4.881699979E-01 1.179100014E-03
 1.680999994E-04 6.397999823E-05 7.922499776E-01 -1.801199951E+03 6.565899902E+03 2.966000061E+02 1.070100021E+02 -1.085799980E+01 7.087000275E+01 3.748199940E-01 4.893299937E-01 1.177400001E-03
 1.701500005E-04 6.361999840E-05 7.934799790E-01 -7.107600098E+02 6.530100098E+03 2.968399963E+02 1.055699997E+02 -1.016699982E+01 5.904800034E+01 3.694300056E-01 4.904699922E-01 1.175599988E-03
 1.722000015E-04 6.325999857E-05 7.945299745E-01 -5.276799805E+03 4.151100098E+03 2.970000000E+02 1.041699982E+02 -9.560099602E+00 6.165499878E+01 3.642899990E-01 4.914000034E-01 1.173999975E-03
 1.742500026E-04 6.289999874E-05 7.954099774E-01 -2.707500000E+03 4.831399902E+03 2.971900024E+02 1.028000031E+02 -8.714500427E+00 8.881099701E+01 3.591499925E-01 4.922499955E-01 1.172699966E-03
 1.763000037E-04 6.253999891E-05 7.962700129E-01 -8.770800171E+02 2.926300049E+03 2.974299927E+02 1.013700027E+02 -7.656199932E+00 8.998899841E+01 3.537800014E-01 4.931800067E-01 1.171499956E-03
 1.783500047E-04 6.217999908E-05 7.976199985E-01 -3.130899902E+03 6.914099731E+02 2.975400085E+02 1.000199966E+02 -6.727099895E+00 7.805899811E+01 3.487800062E-01 4.941900074E-01 1.169500058E-03
 1.804000058E-04 6.181999925E-05 7.986400127E-01 3.921199951E+03 1.131099976E+03 2.976199951E+02 9.887500000E+01 -5.857200146E+00 7.805599976E+01 3.445799947E-01 4.949600101E-01 1.168000046E-03
 1.824500068E-04 6.145999942E-05 7.986999750E-01 2.051000000E+03 8.551799805E+03 2.977099915E+02 9.783399963E+01 -4.726500034E+00 7.643199921E+01 3.407000005E-01 4.951499999E-01 1.167900045E-03
 1.844999933E-04 6.109999958E-05 7.994599938E-01 -4.579399902E+03 1.445000000E+04 2.977099915E+02 9.667500305E+01 -3.418499947E+00 7.954299927E+01 3.364799917E-01 4.956200123E-01 1.166800037E-03
 1.865499944E-04 6.073999975E-05 8.005599976E-01 5.098900146E+02 1.441200000E+04 2.977200012E+02 9.554100037E+01 -2.147900105E+00 8.743299866E+01 3.323999941E-01 4.963299930E-01 1.165200025E-03
 1.885999955E-04 6.037999992E-05 8.008800149E-01 4.626899902E+03 8.384299805E+03 2.978599854E+02 9.452999878E+01 -8.340100050E-01 9.807599640E+01 3.287400007E-01 4.967600107E-01 1.164700021E-03
 1.906499965E-04 6.002000009E-05 8.006899953E-01 2.103199951E+03 7.654299805E+03 2.980400085E+02 9.360299683E+01 4.540899992E-01 1.019800034E+02 3.254100084E-01 4.969300032E-01 1.165000023E-03
 1.926999976E-04 5.966000026E-05 8.010399938E-01 1.128000031E+02 7.049899902E+03 2.981600037E+02 9.272299957E+01 1.833799958E+00 8.581099701E+01 3.223499954E-01 4.973500073E-01 1.164500020E-03
 1.947499986E-04 5.930000043E-05 8.017500043E-01 5.054200195E+03 4.086500000E+03 2.981900024E+02 9.174700165E+01 3.620399952E+00 9.134100342E+01 3.191300035E-01 4.978399873E-01 1.163500012E-03
 1.967999997E-04 5.894000060E-05 8.011999726E-01 1.365699951E+03 3.822199951E+03 2.981700134E+02 9.086699677E+01 5.144100189E+00 1.056299973E+02 3.163200021E-01 4.974699914E-01 1.164300018E-03
 1.988500007E-04 5.858000077E-05 8.007100224E-01 -2.956600098E+03 1.633199951E+03 2.983200073E+02 9.019899750E+01 7.001699924E+00 9.752200317E+01 3.143900037E-01 4.974099994E-01 1.165000023E-03
 2.009000018E-04 5.822000094E-05 8.003000021E-01 1.191900024E+03 8.435400391E+03 2.985000000E+02 8.969799805E+01 9.100299835E+00 9.095999908E+01 3.131900132E-01 4.974600077E-01 1.165600028E-03
 2.029500029E-04 5.786000111E-05 7.998700142E-01 1.810900024E+03 1.373500000E+04 2.984800110E+02 8.930899811E+01 1.093500042E+01 9.855599976E+01 3.125799894E-01 4.971599877E-01 1.166200032E-03
 2.050000039E-04 5.750000128E-05 8.000900149E-01 2.847199951E+03 1.102200000E+04 2.983800049E+02 8.911199951E+01 1.192300034E+01 1.053700027E+02 3.123700023E-01 4.971199930E-01 1.165900030E-03
 0.000000000E+00 7.566699787E-05 1.600700021E+00 -1.710300000E+05 -1.735100000E+04 3.000000000E+02 5.450299835E+01 1.639200020E+01 -4.080899963E+02 2.020699978E-01 1.005699992E+00 5.748199765E-04
 2.049999921E-06 7.603999984E-05 1.605700016E+00 -9.638800000E+04 -8.771500244E+02 2.986600037E+02 5.640299988E+01 1.689500046E+01 -2.323800049E+02 2.069199979E-01 1.001500010E+00 5.769800046E-04
 4.099999842E-06 7.641300181E-05 1.609799981E+00 -1.310000000E+04 9.531000000E+03 2.972999878E+02 5.946300125E+01 1.741399956E+01 -5.206700134E+01 2.156700045E-01 9.966300130E-01 5.794399767E-04
 6.149999990E-06 7.678700058E-05 1.606999993E+00 -4.670299805E+03 1.142699951E+03 2.974400024E+02 6.189300156E+01 1.759700012E+01 -5.629999924E+01 2.239200026E-01 9.953200221E-01 5.804799730E-04
 8.199999684E-06 7.716000255E-05 1.603500009E+00 -4.483600098E+03 -5.913399902E+03 2.975499878E+02 6.464900208E+01 1.791200066E+01 -4.689300156E+01 2.334100008E-01 9.935700297E-01 5.817200290E-04
 1.024999983E-05 7.753299724E-05 1.602100015E+00 4.176000000E+03 1.170099976E+03 2.973999939E+02 6.769000244E+01 1.829000092E+01 -4.299200058E+01 2.440200001E-01 9.922099710E-01 5.822299863E-04
 1.229999998E-05 7.790700329E-05 1.600299954E+00 8.467599609E+03 5.755700195E+03 2.972399902E+02 7.098600006E+01 1.891399956E+01 -4.670899963E+01 2.557300031E-01 9.905200005E-01 5.829000147E-04
 1.435000013E-05 7.827999798E-05 1.595900059E+00 7.259100098E+03 3.082600021E+01 2.970599976E+02 7.454599762E+01 1.965200043E+01 -1.820700073E+01 2.684499919E-01 9.871900082E-01 5.845099804E-04
 1.639999937E-05 7.865299995E-05 1.591500044E+00 9.147700195E+03 -4.475199890E+02 2.968599854E+02 7.833300018E+01 2.031200027E+01 -2.973200035E+01 2.818900049E-01 9.838200212E-01 5.861099926E-04
 1.845000043E-05 7.902699872E-05 1.586799979E+00 1.621900000E+04 1.360300049E+03 2.966600037E+02 8.258699799E+01 2.118499947E+01 -4.791299820E+01 2.971000075E-01 9.802200198E-01 5.878700176E-04
 2.049999966E-05 7.940000069E-05 1.581900001E+00 2.536400000E+04 -2.982800049E+03 2.963399963E+02 8.706999969E+01 2.207399940E+01 -2.946100044E+01 3.131699860E-01 9.761499763E-01 5.896799848E-04
 2.255000072E-05 7.977300265E-05 1.575600028E+00 1.731000000E+04 -2.485500000E+03 2.959400024E+02 9.153600311E+01 2.299300003E+01 -2.936300087E+01 3.292599916E-01 9.709900022E-01 5.920400145E-04
 2.459999996E-05 8.014700143E-05 1.569000006E+00 8.249700195E+03 1.381200000E+04 2.955199890E+02 9.624199677E+01 2.385899925E+01 -1.166399956E+01 3.461700082E-01 9.655299783E-01 5.945300218E-04
 2.664999920E-05 8.052000339E-05 1.560400009E+00 7.404700195E+03 1.948000000E+04 2.950599976E+02 1.015000000E+02 2.463800049E+01 1.110700035E+01 3.649300039E-01 9.587299824E-01 5.978199770E-04
 2.870000026E-05 8.089299808E-05 1.551499963E+00 1.103900000E+04 1.117300000E+04 2.943900146E+02 1.070100021E+02 2.568000031E+01 -6.550000191E+00 3.849500120E-01 9.511100054E-01 6.012300146E-04
 3.075000132E-05 8.126699686E-05 1.542899966E+00 1.351300000E+04 1.089300049E+03 2.936700134E+02 1.126900024E+02 2.669199944E+01 -1.842700005E+01 4.055599868E-01 9.435600042E-01 6.045799819E-04
 3.279999873E-05 8.163999883E-05 1.529700041E+00 1.255900000E+04 -7.295200195E+03 2.929299927E+02 1.189300003E+02 2.767499924E+01 -3.233499908E+01 4.281899929E-01 9.331399798E-01 6.097899750E-04
 3.484999979E-05 8.201300079E-05 1.515699983E+00 9.626500000E+03 -1.871200000E+04 2.920400085E+02 1.258000031E+02 2.879700089E+01 -1.905900002E+01 4.532200098E-01 9.217799902E-01 6.154300063E-04
 3.690000085E-05 8.238699957E-05 1.500200033E+00 4.820600098E+03 -1.010800000E+04 2.909800110E+02 1.333800049E+02 2.996800041E+01 1.735799980E+01 4.809699953E-01 9.090099931E-01 6.218199851E-04
 3.894999827E-05 8.276000153E-05 1.480999947E+00 1.492100000E+04 -2.699199951E+03 2.896900024E+02 1.417100067E+02 3.106599998E+01 2.895499992E+01 5.115699768E-01 8.934400082E-01 6.298699882E-04
 4.099999933E-05 8.313300350E-05 1.459200025E+00 2.876800000E+04 -3.427200012E+02 2.882000122E+02 1.507899933E+02 3.222600174E+01 3.816799927E+01 5.451499820E-01 8.757500052E-01 6.392999785E-04
 4.305000039E-05 8.350700227E-05 1.431399941E+00 3.001000000E+04 2.600600098E+03 2.863299866E+02 1.614299927E+02 3.308700180E+01 2.590399933E+01 5.844900012E-01 8.535000086E-01 6.517600268E-04
 4.510000144E-05 8.387999696E-05 1.396000028E+00 3.201500000E+04 8.389500122E+02 2.839400024E+02 1.739199982E+02 3.350500107E+01 2.547100067E+00 6.308799982E-01 8.255100250E-01 6.683000247E-04
 4.714999886E-05 8.425299893E-05 1.353399992E+00 5.144500000E+04 3.814399902E+03 2.809400024E+02 1.883600006E+02 3.328599930E+01 -3.360200119E+01 6.850000024E-01 7.918300033E-01 6.894600228E-04
 4.919999992E-05 8.462699770E-05 1.296499968E+00 6.950800000E+04 -9.031400391E+03 2.769599915E+02 2.063000031E+02 3.144000053E+01 -7.801799774E+01 7.527800202E-01 7.479100227E-01 7.199299871E-04
 5.125000098E-05 8.499999967E-05 1.221600056E+00 7.206200000E+04 -3.044400000E+04 2.716300049E+02 2.287299957E+02 2.692700005E+01 -2.272500000E+02 8.390899897E-01 6.912400126E-01 7.644899888E-04
 5.329999840E-05 8.466400323E-05 1.127900004E+00 8.074600000E+04 -4.232900000E+04 2.648200073E+02 2.550099945E+02 1.811100006E+01 -4.179200134E+02 9.435700178E-01 6.224200130E-01 8.287699893E-04
 5.534999946E-05 8.432799950E-05 1.022300005E+00 7.577700000E+04 -5.725500000E+04 2.569800110E+02 2.819400024E+02 3.956799984E+00 -5.182700195E+02 1.056599975E+00 5.475400090E-01 9.150300175E-04
 5.740000051E-05 8.399200306E-05 9.182699919E-01 5.819500000E+04 -7.106500000E+04 2.486799927E+02 3.062000122E+02 -1.424199963E+01 -5.560499878E+02 1.167600036E+00 4.759800136E-01 1.018999959E-03
 5.945000157E-05 8.365599933E-05 8.229600191E-01 4.415700000E+04 -7.348300000E+04 2.403500061E+02 3.267600098E+02 -3.383399963E+01 -4.859500122E+02 1.272699952E+00 4.122900069E-01 1.137100044E-03
 6.150000263E-05 8.332000289E-05 7.400000095E-01 2.290300000E+04 -6.220800000E+04 2.326799927E+02 3.434100037E+02 -5.252099991E+01 -3.742300110E+02 1.367599964E+00 3.588599861E-01 1.264099963E-03
 6.354999641E-05 8.298399916E-05 6.706100106E-01 6.940499878E+01 -4.799900000E+04 2.256900024E+02 3.570299988E+02 -6.863800049E+01 -2.549499969E+02 1.452999949E+00 3.154099882E-01 1.394400024E-03
 6.559999747E-05 8.264800272E-05 6.136999726E-01 -1.056500000E+04 -3.544500000E+04 2.194100037E+02 3.682799988E+02 -8.175299835E+01 -1.391600037E+02 1.528900027E+00 2.805599868E-01 1.522999955E-03
 6.764999853E-05 8.231199899E-05 5.668500066E-01 -2.655600000E+04 -1.192300000E+04 2.140800018E+02 3.774500122E+02 -9.148300171E+01 -4.850699997E+01 1.593299985E+00 2.528100014E-01 1.648299978E-03
 6.969999959E-05 8.197600255E-05 5.276700258E-01 -4.776000000E+04 4.773399902E+03 2.093999939E+02 3.856499939E+02 -9.784500122E+01 1.591100025E+01 1.650300026E+00 2.301799953E-01 1.769999973E-03
 7.175000064E-05 8.163999883E-05 4.958600104E-01 -5.377600000E+04 1.172900000E+04 2.053699951E+02 3.927099915E+02 -1.014000015E+02 6.111000061E+01 1.698699951E+00 2.121099979E-01 1.882800017E-03
 7.380000170E-05 8.130400238E-05 4.700100124E-01 -5.596100000E+04 1.865600000E+04 2.021100006E+02 3.988800049E+02 -1.027600021E+02 9.860900116E+01 1.738899946E+00 1.978500038E-01 1.985999988E-03
 7.585000276E-05 8.096799866E-05 4.482499957E-01 -6.746600000E+04 2.614200000E+04 1.994299927E+02 4.047500000E+02 -1.024899979E+02 1.144800034E+02 1.774399996E+00 1.861799955E-01 2.082099905E-03
 7.789999654E-05 8.063200221E-05 4.293299913E-01 -8.518400000E+04 3.615000000E+04 1.970399933E+02 4.101000061E+02 -1.007500000E+02 1.358399963E+02 1.805500031E+00 1.761900038E-01 2.173600020E-03
 7.994999760E-05 8.029599849E-05 4.130100012E-01 -9.343500000E+04 4.281800000E+04 1.947100067E+02 4.148299866E+02 -9.822100067E+01 1.597500000E+02 1.833600044E+00 1.674800068E-01 2.259300090E-03
 8.199999866E-05 7.996000204E-05 3.989900053E-01 -9.397500000E+04 4.075300000E+04 1.925700073E+02 4.192999878E+02 -9.503299713E+01 1.692400055E+02 1.859400034E+00 1.600099951E-01 2.338600112E-03
 8.404999971E-05 7.962399832E-05 3.863500059E-01 -9.837700000E+04 4.059900000E+04 1.906799927E+02 4.238099976E+02 -9.171499634E+01 1.641799927E+02 1.884600043E+00 1.534200013E-01 2.414999995E-03
 8.610000077E-05 7.928800187E-05 3.747200072E-01 -1.063600000E+05 4.286200000E+04 1.889400024E+02 4.279599915E+02 -8.847899628E+01 1.713500061E+02 1.908100009E+00 1.474400014E-01 2.489899984E-03
 8.815000183E-05 7.895199815E-05 3.636299968E-01 -1.091600000E+05 4.512200000E+04 1.872200012E+02 4.320599976E+02 -8.499600220E+01 1.775700073E+02 1.931399941E+00 1.417800039E-01 2.565900097E-03
 9.020000289E-05 7.861600170E-05 3.530400097E-01 -1.127700000E+05 4.436500000E+04 1.855200043E+02 4.360799866E+02 -8.173000336E+01 1.589499969E+02 1.954900026E+00 1.363999993E-01 2.642899984E-03
 9.224999667E-05 7.827999798E-05 3.428499997E-01 -1.119500000E+05 4.513000000E+04 1.838600006E+02 4.399500122E+02 -7.891699982E+01 1.413300018E+02 1.978399992E+00 1.312800050E-01 2.721400000E-03
 9.429999773E-05 7.794400153E-05 3.330700099E-01 -1.066800000E+05 3.945500000E+04 1.821699982E+02 4.436499939E+02 -7.621199799E+01 1.351999969E+02 2.001600027E+00 1.263599992E-01 2.801300026E-03
 9.634999878E-05 7.760799781E-05 3.236899972E-01 -1.098400000E+05 3.232800000E+04 1.805800018E+02 4.470599976E+02 -7.386900330E+01 1.251200027E+02 2.023699999E+00 1.217299998E-01 2.882400062E-03
 9.839999984E-05 7.727200136E-05 3.144699931E-01 -1.178700000E+05 3.430300000E+04 1.790599976E+02 4.503500061E+02 -7.192199707E+01 1.230299988E+02 2.045399904E+00 1.172700003E-01 2.966899890E-03
 1.004500009E-04 7.693599764E-05 3.059200048E-01 -1.292700000E+05 3.215800000E+04 1.776000061E+02 4.531600037E+02 -7.025599670E+01 1.265000000E+02 2.065099955E+00 1.131400019E-01 3.049700055E-03
 1.025000020E-04 7.660000119E-05 2.978999913E-01 -1.412500000E+05 2.848000000E+04 1.762400055E+02 4.555799866E+02 -6.877200317E+01 1.217300034E+02 2.082900047E+00 1.093299985E-01 3.131899983E-03
 1.045500030E-04 7.626399747E-05 2.898100019E-01 -1.522300000E+05 3.129300000E+04 1.749700012E+02 4.581300049E+02 -6.727200317E+01 1.287200012E+02 2.100899935E+00 1.055999994E-01 3.219299950E-03
 1.065999968E-04 7.592800102E-05 2.817800045E-01 -1.666400000E+05 3.519700000E+04 1.738099976E+02 4.606900024E+02 -6.597699738E+01 1.358999939E+02 2.118599892E+00 1.019899994E-01 3.311000066E-03
 1.086499979E-04 7.559199730E-05 2.744100094E-01 -1.860300000E+05 3.487900000E+04 1.728300018E+02 4.628399963E+02 -6.502300262E+01 1.315399933E+02 2.133699894E+00 9.876099974E-02 3.399899928E-03
 1.106999989E-04 7.525600086E-05 2.676599920E-01 -1.997600000E+05 3.435200000E+04 1.718500061E+02 4.649100037E+02 -6.429299927E+01 1.255199966E+02 2.148600101E+00 9.579099715E-02 3.485500114E-03
 1.127500000E-04 7.491999713E-05 2.610099912E-01 -2.111900000E+05 3.404800000E+04 1.708500061E+02 4.668900146E+02 -6.364300156E+01 1.206399994E+02 2.163599968E+00 9.286600351E-02 3.574399976E-03
 1.148000010E-04 7.458400069E-05 2.548899949E-01 -2.371300000E+05 3.767800000E+04 1.701399994E+02 4.680299988E+02 -6.310699844E+01 1.255400009E+02 2.172899961E+00 9.030800313E-02 3.660100047E-03
 1.168500021E-04 7.424799696E-05 2.524200082E-01 -3.694900000E+05 5.793500000E+04 1.728200073E+02 4.630799866E+02 -6.170500183E+01 1.804199982E+02 2.133199930E+00 9.084500372E-02 3.695500083E-03
 1.189000031E-04 7.391200052E-05 2.741400003E-01 -9.296800000E+05 1.281500000E+05 1.940500031E+02 4.210799866E+02 -5.523400116E+01 4.547200012E+02 1.843500018E+00 1.115999967E-01 3.423799993E-03
 1.209499969E-04 7.357599679E-05 3.749699891E-01 -1.163100000E+06 1.547600000E+05 2.375899963E+02 3.157300110E+02 -4.043600082E+01 7.953300171E+02 1.259199977E+00 1.897200048E-01 2.605299931E-03
 1.230000053E-04 7.324000035E-05 5.540800095E-01 -5.558100000E+05 7.674900000E+04 2.730100098E+02 2.090200043E+02 -2.595000076E+01 6.250599976E+02 7.680400014E-01 3.171400130E-01 1.740399981E-03
 1.250500063E-04 7.290399662E-05 6.949700117E-01 -9.542500000E+04 1.158800000E+04 2.861300049E+02 1.611000061E+02 -1.938400078E+01 2.097500000E+02 5.758900046E-01 4.143399894E-01 1.347000012E-03
 1.270999928E-04 7.256800018E-05 7.439000010E-01 -2.133600000E+04 4.813700195E+03 2.896700134E+02 1.493399963E+02 -1.767799950E+01 5.056600189E+01 5.302799940E-01 4.487299919E-01 1.254100003E-03
 1.291499939E-04 7.223199646E-05 7.536100149E-01 -1.468000000E+04 1.113600000E+04 2.905199890E+02 1.463600006E+02 -1.758200073E+01 2.796899986E+01 5.190500021E-01 4.559200108E-01 1.237799996E-03
 1.311999949E-04 7.189600001E-05 7.568600178E-01 -1.538500000E+04 9.120099609E+03 2.909200134E+02 1.442599945E+02 -1.768899918E+01 2.876399994E+01 5.113999844E-01 4.585100114E-01 1.232499955E-03
 1.332499960E-04 7.156000356E-05 7.597600222E-01 -1.467400000E+04 1.341700000E+04 2.912399902E+02 1.420599976E+02 -1.762599945E+01 4.412900162E+01 5.034199953E-01 4.607799947E-01 1.227800036E-03
 1.352999971E-04 7.122399984E-05 7.625200152E-01 -1.155600000E+04 9.105900391E+03 2.915799866E+02 1.397700043E+02 -1.750699997E+01 4.096300125E+01 4.950900078E-01 4.629800022E-01 1.223300002E-03
 1.373499981E-04 7.088800339E-05 7.650200129E-01 -6.770500000E+03 -4.018999939E+02 2.918699951E+02 1.373899994E+02 -1.728599930E+01 1.650600052E+01 4.864299893E-01 4.649699926E-01 1.219299971E-03
 1.393999992E-04 7.055199967E-05 7.674700022E-01 -1.342400000E+04 -2.096000000E+03 2.922900085E+02 1.350599976E+02 -1.699099922E+01 2.645599937E+01 4.778600037E-01 4.671300054E-01 1.215400058E-03
 1.414500002E-04 7.021600322E-05 7.694699764E-01 -1.858400000E+04 -6.304000000E+03 2.926300049E+02 1.328800049E+02 -1.680200005E+01 4.567800140E+01 4.698800147E-01 4.688900113E-01 1.212300034E-03
 1.435000013E-04 6.987999950E-05 7.719900012E-01 -1.661800000E+04 -3.533500000E+03 2.928500061E+02 1.305700073E+02 -1.655200005E+01 3.980099869E+01 4.615899920E-01 4.707799852E-01 1.208300004E-03
 1.455500023E-04 6.954400305E-05 7.746599913E-01 -1.249000000E+04 6.851600098E+03 2.932500000E+02 1.282299957E+02 -1.624300003E+01 4.490399933E+01 4.529800117E-01 4.730499983E-01 1.204199973E-03
 1.476000034E-04 6.920799933E-05 7.767699957E-01 -5.345299805E+03 1.037200000E+04 2.937099915E+02 1.261999969E+02 -1.588000011E+01 5.283499908E+01 4.453999996E-01 4.750899971E-01 1.200899947E-03
 1.496500045E-04 6.887200288E-05 7.783200145E-01 -2.649000000E+03 3.837000000E+03 2.941099854E+02 1.243799973E+02 -1.536600018E+01 4.508800125E+01 4.385699928E-01 4.766800106E-01 1.198500046E-03
 1.517000055E-04 6.853599916E-05 7.802500129E-01 -8.533599609E+03 -4.170499878E+02 2.945199890E+02 1.225299988E+02 -1.480500031E+01 5.188399887E+01 4.316200018E-01 4.785299897E-01 1.195500023E-03
 1.537500066E-04 6.820000272E-05 7.824500203E-01 -1.427300000E+04 2.107199951E+03 2.949200134E+02 1.207099991E+02 -1.426500034E+01 3.981600189E+01 4.247600138E-01 4.805400074E-01 1.192099997E-03
 1.557999931E-04 6.786399899E-05 7.839499712E-01 -5.596600098E+03 3.778199951E+03 2.951499939E+02 1.188600006E+02 -1.374600029E+01 2.757699966E+01 4.180000126E-01 4.818300009E-01 1.189899980E-03
 1.578499941E-04 6.752800255E-05 7.851600051E-01 -1.164900024E+03 4.471299805E+03 2.953099976E+02 1.171200027E+02 -1.331400013E+01 3.745399857E+01 4.116599858E-01 4.828299880E-01 1.187999966E-03
 1.598999952E-04 6.719199882E-05 7.866200209E-01 -1.182200000E+04 7.476700195E+03 2.955799866E+02 1.154700012E+02 -1.268099976E+01 4.174200058E+01 4.054999948E-01 4.841699898E-01 1.185799949E-03
 1.619499963E-04 6.685600238E-05 7.882900238E-01 -1.292800000E+04 7.579200195E+03 2.957600098E+02 1.137600021E+02 -1.205799961E+01 4.043999863E+01 3.992199898E-01 4.855000079E-01 1.183300046E-03
 1.639999973E-04 6.651999865E-05 7.901700139E-01 -3.035500000E+03 5.008200195E+03 2.957799988E+02 1.120000000E+02 -1.159799957E+01 4.082199860E+01 3.929300010E-01 4.866900146E-01 1.180500025E-03
 1.660499984E-04 6.618400221E-05 7.919099927E-01 -1.606199951E+03 7.997600098E+02 2.959599915E+02 1.102900009E+02 -1.090999985E+01 5.596900177E+01 3.866199851E-01 4.880700111E-01 1.177900005E-03
 1.680999994E-04 6.584799848E-05 7.929099798E-01 -2.926100098E+03 5.805100098E+03 2.962000122E+02 1.089199982E+02 -1.007999992E+01 7.169000244E+01 3.814300001E-01 4.890699983E-01 1.176399994E-03
 1.701500005E-04 6.551200204E-05 7.935900092E-01 -5.331100098E+03 8.656400391E+03 2.964599915E+02 1.077500000E+02 -9.401000023E+00 5.352299881E+01 3.769899905E-01 4.899199903E-01 1.175399986E-03
 1.722000015E-04 6.517599832E-05 7.945100069E-01 -4.309500000E+03 8.293299805E+03 2.966799927E+02 1.064100037E+02 -8.770999908E+00 5.007899857E+01 3.720200062E-01 4.908599854E-01 1.174099976E-03
 1.742500026E-04 6.484000187E-05 7.951899767E-01 -1.765000000E+03 6.749700195E+03 2.968099976E+02 1.050999985E+02 -7.913400173E+00 6.855300140E+01 3.671399951E-01 4.914900064E-01 1.173099969E-03
 1.763000037E-04 6.450399815E-05 7.954900265E-01 -6.785700195E+03 -5.362200195E+03 2.971000061E+02 1.038399963E+02 -6.862999916E+00 6.081600189E+01 3.623299897E-01 4.921599925E-01 1.172599965E-03
 1.783500047E-04 6.416800170E-05 7.965400219E-01 -1.065400000E+04 1.414699951E+03 2.973099976E+02 1.025999985E+02 -6.123499870E+00 5.366699982E+01 3.577400148E-01 4.931499958E-01 1.171099953E-03
 1.804000058E-04 6.383199798E-05 7.983700037E-01 -4.252399902E+03 1.005600000E+04 2.972399902E+02 1.013700027E+02 -5.306099892E+00 5.610800171E+01 3.533500135E-01 4.941700101E-01 1.168400049E-03
 1.824500068E-04 6.349600153E-05 7.991200089E-01 2.353199951E+03 7.381799805E+03 2.972300110E+02 1.002399979E+02 -4.097199917E+00 5.436600113E+01 3.492299914E-01 4.946199954E-01 1.167300041E-03
 1.844999933E-04 6.315999781E-05 7.993400097E-01 3.626100098E+03 8.737000000E+03 2.973299866E+02 9.926399994E+01 -2.920000076E+00 6.906099701E+01 3.456400037E-01 4.949199855E-01 1.167000039E-03
 1.865499944E-04 6.282400136E-05 7.999100089E-01 3.382100098E+03 9.281799805E+03 2.974299927E+02 9.837899780E+01 -1.755599976E+00 7.908200073E+01 3.424099982E-01 4.954299927E-01 1.166100032E-03
 1.885999955E-04 6.248799764E-05 8.002399802E-01 -1.658300049E+03 7.587700195E+03 2.975499878E+02 9.760099792E+01 -3.782700002E-01 7.722599792E+01 3.395900130E-01 4.958299994E-01 1.165600028E-03
 1.906499965E-04 6.215200119E-05 8.003799915E-01 1.280699951E+03 7.049200195E+03 2.975799866E+02 9.678700256E+01 7.730299830E-01 7.621499634E+01 3.367399871E-01 4.959700108E-01 1.165400026E-03
 1.926999976E-04 6.181599747E-05 8.006600142E-01 6.849899902E+03 9.155000000E+03 2.976199951E+02 9.593900299E+01 2.088900089E+00 7.701799774E+01 3.338499963E-01 4.962100089E-01 1.165000023E-03
 1.947499986E-04 6.148000102E-05 8.009600043E-01 2.384000000E+03 9.433799805E+03 2.977900085E+02 9.523500061E+01 3.904700041E+00 8.613200378E+01 3.314999938E-01 4.966799915E-01 1.164600020E-03
 1.967999997E-04 6.114399730E-05 8.002300262E-01 -2.927399902E+03 5.366000000E+03 2.978900146E+02 9.470400238E+01 5.326000214E+00 8.041300201E+01 3.298299909E-01 4.963999987E-01 1.165700029E-03
 1.988500007E-04 6.080800085E-05 7.994999886E-01 -4.963899902E+03 3.398199951E+03 2.980000000E+02 9.417800140E+01 7.029399872E+00 8.580899811E+01 3.283500075E-01 4.961299896E-01 1.166700036E-03
 2.009000018E-04 6.047200077E-05 7.991499901E-01 -3.817199951E+03 9.586700195E+03 2.981499939E+02 9.375900269E+01 8.901700020E+00 1.098399963E+02 3.273499906E-01 4.961600006E-01 1.167200040E-03
 2.029500029E-04 6.013600068E-05 7.985799909E-01 2.393600098E+03 1.472500000E+04 2.981900024E+02 9.353099823E+01 1.058399963E+01 1.141500015E+02 3.271499872E-01 4.958699942E-01 1.168100047E-03
 2.050000039E-04 5.980000060E-05 7.982599735E-01 4.916299805E+03 1.374700000E+04 2.982000122E+02 9.345600128E+01 1.150199986E+01 1.103799973E+02 3.272500038E-01 4.957000017E-01 1.168500050E-03
 0.000000000E+00 7.683299918E-05 1.600700021E+00 -1.623500000E+05 -9.391400391E+03 3.000000000E+02 5.289099884E+01 1.490200043E+01 -3.626199951E+02 1.953299940E-01 1.005800009E+00 5.748699768E-04
 2.049999921E-06 7.717999688E-05 1.606199980E+00 -9.030100000E+04 1.494900024E+03 2.986600037E+02 5.486899948E+01 1.544600010E+01 -2.043500061E+02 2.004400045E-01 1.001799941E+00 5.768300034E-04
 4.099999842E-06 7.752700185E-05 1.610800028E+00 -8.621599609E+03 2.831899902E+03 2.972500000E+02 5.796699905E+01 1.595400047E+01 -4.511899948E+01 2.092899978E-01 9.970899820E-01 5.790899741E-04
 6.149999990E-06 7.787300274E-05 1.608000040E+00 9.750300293E+02 -5.477000000E+03 2.973099976E+02 6.041999817E+01 1.600099945E+01 -4.245500183E+01 2.175599933E-01 9.955300093E-01 5.800999934E-04
 8.199999684E-06 7.822000043E-05 1.604400039E+00 -3.313800049E+03 -5.968399902E+03 2.974599915E+02 6.324200058E+01 1.619599915E+01 -5.016500092E+01 2.271700054E-01 9.938300252E-01 5.813899916E-04
 1.024999983E-05 7.856699813E-05 1.602200031E+00 1.098199951E+03 -7.152999878E+02 2.973999939E+02 6.628800201E+01 1.648900032E+01 -3.987799835E+01 2.377299964E-01 9.922199845E-01 5.822199746E-04
 1.229999998E-05 7.891299902E-05 1.598899961E+00 8.260400391E+03 -6.740399780E+02 2.973599854E+02 6.963899994E+01 1.701799965E+01 -1.305900002E+01 2.495100051E-01 9.900500178E-01 5.834099720E-04
 1.435000013E-05 7.925999671E-05 1.594900012E+00 9.697400391E+03 -8.651500000E+03 2.971600037E+02 7.335399628E+01 1.776399994E+01 -2.424900055E+01 2.627800107E-01 9.869300127E-01 5.848699948E-04
 1.639999937E-05 7.960700168E-05 1.591500044E+00 1.339100000E+04 2.106800049E+03 2.967799988E+02 7.714800262E+01 1.837199974E+01 -4.032199860E+01 2.762899995E-01 9.835600257E-01 5.861099926E-04
 1.845000043E-05 7.995300257E-05 1.586799979E+00 1.938900000E+04 8.759700195E+03 2.965199890E+02 8.113200378E+01 1.910799980E+01 -2.056800079E+01 2.905099988E-01 9.797800183E-01 5.878499942E-04
 2.049999966E-05 8.030000026E-05 1.582200050E+00 2.767800000E+04 -1.312199951E+03 2.961900024E+02 8.549600220E+01 1.998299980E+01 -7.505300045E+00 3.061900139E-01 9.758800268E-01 5.895500071E-04
 2.255000072E-05 8.064699796E-05 1.576200008E+00 1.598400000E+04 -1.370900024E+03 2.957900085E+02 9.011499786E+01 2.091399956E+01 -6.097899914E+00 3.228299916E-01 9.708700180E-01 5.918000243E-04
 2.459999996E-05 8.099299885E-05 1.569200039E+00 -4.151200195E+03 2.608100098E+03 2.954200134E+02 9.493499756E+01 2.174099922E+01 -2.830199897E-01 3.400799930E-01 9.653199911E-01 5.944499862E-04
 2.664999920E-05 8.133999654E-05 1.559999943E+00 -5.003700195E+03 -4.231799927E+02 2.950199890E+02 1.001699982E+02 2.246599960E+01 -5.776800156E+00 3.587099910E-01 9.584000111E-01 5.979400012E-04
 2.870000026E-05 8.168700151E-05 1.551100016E+00 1.830800049E+03 4.685799805E+03 2.943800049E+02 1.056500015E+02 2.349099922E+01 2.965999985E+01 3.786000013E-01 9.508399963E-01 6.013900274E-04
 3.075000132E-05 8.203300240E-05 1.542500019E+00 -6.978499756E+02 5.424000000E+03 2.936300049E+02 1.114700012E+02 2.452400017E+01 5.131199837E+00 3.997699916E-01 9.431700110E-01 6.047399947E-04
 3.279999873E-05 8.238000009E-05 1.529800057E+00 5.290500000E+03 -1.473900024E+03 2.928699951E+02 1.178700027E+02 2.550699997E+01 -4.829399872E+01 4.229300022E-01 9.329599738E-01 6.097800215E-04
 3.484999979E-05 8.272699779E-05 1.515900016E+00 1.708800000E+04 -6.942000000E+03 2.920000000E+02 1.246399994E+02 2.655299950E+01 -2.195100021E+01 4.476000071E-01 9.217500091E-01 6.153599825E-04
 3.690000085E-05 8.307299868E-05 1.499600053E+00 1.476400000E+04 -8.126899902E+03 2.909299927E+02 1.322299957E+02 2.761100006E+01 2.513699913E+01 4.753099978E-01 9.085000157E-01 6.220599753E-04
 3.894999827E-05 8.341999637E-05 1.481099963E+00 2.349600000E+04 1.694600067E+02 2.896000061E+02 1.407100067E+02 2.864999962E+01 6.804399872E+01 5.064499974E-01 8.932099938E-01 6.298199878E-04
 4.099999933E-05 8.376700134E-05 1.459100008E+00 3.074300000E+04 4.208500000E+03 2.881499939E+02 1.500099945E+02 2.983600044E+01 6.467299652E+01 5.407800078E-01 8.755300045E-01 6.393499789E-04
 4.305000039E-05 8.411300223E-05 1.430600047E+00 2.561500000E+04 -6.769600098E+03 2.863099976E+02 1.606399994E+02 3.065900040E+01 4.208300018E+01 5.800999999E-01 8.529599905E-01 6.521199830E-04
 4.510000144E-05 8.445999993E-05 1.395900011E+00 3.044400000E+04 -6.873600098E+03 2.837999878E+02 1.729600067E+02 3.095100021E+01 2.638999939E+01 6.260200143E-01 8.249999881E-01 6.683800020E-04
 4.714999886E-05 8.480699762E-05 1.354200006E+00 4.139100000E+04 1.726300049E+03 2.807600098E+02 1.873399963E+02 3.068300056E+01 -3.984099960E+01 6.800400019E-01 7.918000221E-01 6.890100194E-04
 4.919999992E-05 8.515299851E-05 1.299100041E+00 5.356200000E+04 -5.311399902E+03 2.769299927E+02 2.048800049E+02 2.878300095E+01 -9.777999878E+01 7.463499904E-01 7.492899895E-01 7.184899878E-04
 5.125000098E-05 8.550000348E-05 1.226799965E+00 6.389000000E+04 -1.755300000E+04 2.717600098E+02 2.263500061E+02 2.469400024E+01 -2.127700043E+02 8.292899728E-01 6.945199966E-01 7.611499750E-04
 5.329999840E-05 8.518800314E-05 1.138000011E+00 7.926100000E+04 -3.566500000E+04 2.653500061E+02 2.513800049E+02 1.707600021E+01 -3.943399963E+02 9.288899899E-01 6.291800141E-01 8.212199900E-04
 5.534999946E-05 8.487600280E-05 1.037799954E+00 8.744500000E+04 -5.412700000E+04 2.580000000E+02 2.774299927E+02 4.703400135E+00 -4.873299866E+02 1.037500024E+00 5.579800010E-01 9.010800277E-04
 5.740000051E-05 8.456400246E-05 9.379600286E-01 7.078100000E+04 -6.301000000E+04 2.500200043E+02 3.013099976E+02 -1.133300018E+01 -5.095700073E+02 1.145300031E+00 4.887599945E-01 9.972900152E-04
 5.945000157E-05 8.425200213E-05 8.446900249E-01 4.795500000E+04 -6.797600000E+04 2.419700012E+02 3.219599915E+02 -2.887599945E+01 -4.715799866E+02 1.248000026E+00 4.259999990E-01 1.107600052E-03
 6.150000263E-05 8.394000179E-05 7.613300085E-01 2.410300000E+04 -5.774900000E+04 2.343300018E+02 3.391900024E+02 -4.604600143E+01 -3.773599854E+02 1.342700005E+00 3.718099892E-01 1.228600042E-03
 6.354999641E-05 8.362800145E-05 6.903600097E-01 6.863000000E+03 -4.365900000E+04 2.271799927E+02 3.536400146E+02 -6.142200089E+01 -2.526600037E+02 1.429800034E+00 3.268499970E-01 1.354399952E-03
 6.559999747E-05 8.331600111E-05 6.314200163E-01 -3.026000000E+03 -3.345000000E+04 2.207700043E+02 3.657699890E+02 -7.414800262E+01 -1.542299957E+02 1.507900000E+00 2.904500067E-01 1.480199979E-03
 6.764999853E-05 8.300400077E-05 5.819500089E-01 -1.962100000E+04 -1.568300000E+04 2.151900024E+02 3.759200134E+02 -8.377200317E+01 -6.627400208E+01 1.575999975E+00 2.609100044E-01 1.605600002E-03
 6.969999959E-05 8.269200043E-05 5.396599770E-01 -3.864400000E+04 -3.815800049E+03 2.101999969E+02 3.848699951E+02 -9.044499969E+01 -1.314499974E+00 1.636800051E+00 2.363200039E-01 1.731000026E-03
 7.175000064E-05 8.238000009E-05 5.044900179E-01 -5.326400000E+04 5.128899902E+03 2.059199982E+02 3.925299988E+02 -9.470899963E+01 2.856999969E+01 1.689000010E+00 2.163899988E-01 1.850900007E-03
 7.380000170E-05 8.206799976E-05 4.755800068E-01 -5.848800000E+04 1.202300000E+04 2.023500061E+02 3.992999878E+02 -9.687300110E+01 7.396199799E+01 1.733600020E+00 2.004400045E-01 1.963000046E-03
 7.585000276E-05 8.175599942E-05 4.508300126E-01 -6.928700000E+04 2.064500000E+04 1.992500000E+02 4.057999878E+02 -9.735900116E+01 1.080899963E+02 1.774399996E+00 1.870899945E-01 2.070500050E-03
 7.789999654E-05 8.144399908E-05 4.298200011E-01 -8.460100000E+04 3.299400000E+04 1.965700073E+02 4.117000122E+02 -9.617700195E+01 1.229400024E+02 1.809800029E+00 1.759700030E-01 2.171299886E-03
 7.994999760E-05 8.113199874E-05 4.122599959E-01 -9.295700000E+04 3.978700000E+04 1.941600037E+02 4.167399902E+02 -9.402700043E+01 1.451699982E+02 1.840100050E+00 1.667000055E-01 2.263499890E-03
 8.199999866E-05 8.081999840E-05 3.969199955E-01 -9.698200000E+04 4.051500000E+04 1.918699951E+02 4.213800049E+02 -9.127500153E+01 1.602599945E+02 1.868100047E+00 1.586100012E-01 2.350900089E-03
 8.404999971E-05 8.050799806E-05 3.833700120E-01 -1.019800000E+05 4.044100000E+04 1.898600006E+02 4.258900146E+02 -8.826300049E+01 1.629600067E+02 1.894400001E+00 1.515900046E-01 2.433900023E-03
 8.610000077E-05 8.019599773E-05 3.712100089E-01 -1.082400000E+05 4.103400000E+04 1.879799957E+02 4.300799866E+02 -8.495200348E+01 1.724400024E+02 1.919000030E+00 1.453199983E-01 2.513499931E-03
 8.815000183E-05 7.988399739E-05 3.600499928E-01 -1.099400000E+05 4.071300000E+04 1.862599945E+02 4.338500061E+02 -8.125800323E+01 1.738999939E+02 1.940999985E+00 1.396600008E-01 2.591399942E-03
 9.020000289E-05 7.957199705E-05 3.494600058E-01 -1.129600000E+05 3.999400000E+04 1.846900024E+02 4.377600098E+02 -7.790200043E+01 1.583300018E+02 1.963600039E+00 1.344099939E-01 2.670000074E-03
 9.224999667E-05 7.925999671E-05 3.392199874E-01 -1.120700000E+05 4.131300000E+04 1.830800018E+02 4.416000061E+02 -7.483799744E+01 1.436699982E+02 1.986700058E+00 1.293399930E-01 2.750500105E-03
 9.429999773E-05 7.894799637E-05 3.295300007E-01 -1.105200000E+05 3.847500000E+04 1.814400024E+02 4.451000061E+02 -7.202799988E+01 1.339100037E+02 2.009000063E+00 1.245199963E-01 2.831300022E-03
 9.634999878E-05 7.863600331E-05 3.204500079E-01 -1.158600000E+05 3.374400000E+04 1.798600006E+02 4.484599915E+02 -6.944100189E+01 1.263499985E+02 2.030800104E+00 1.200300008E-01 2.911499934E-03
 9.839999984E-05 7.832400297E-05 3.119300008E-01 -1.225100000E+05 3.515900000E+04 1.784199982E+02 4.514700012E+02 -6.725299835E+01 1.281900024E+02 2.050899982E+00 1.159000024E-01 2.990999958E-03
 1.004500009E-04 7.801200263E-05 3.037000000E-01 -1.350800000E+05 3.376300000E+04 1.770700073E+02 4.542799988E+02 -6.550800323E+01 1.244199982E+02 2.070100069E+00 1.119899973E-01 3.072099993E-03
 1.025000020E-04 7.770000229E-05 2.954300046E-01 -1.480900000E+05 2.913000000E+04 1.757100067E+02 4.571499939E+02 -6.363999939E+01 1.093300018E+02 2.089699984E+00 1.081100032E-01 3.158099949E-03
 1.045500030E-04 7.738800196E-05 2.875199914E-01 -1.562200000E+05 2.878300000E+04 1.743899994E+02 4.598999939E+02 -6.190499878E+01 1.118199997E+02 2.108900070E+00 1.044199988E-01 3.244899912E-03
 1.065999968E-04 7.707600162E-05 2.801600099E-01 -1.682400000E+05 3.232500000E+04 1.731799927E+02 4.623399963E+02 -6.062500000E+01 1.236500015E+02 2.126600027E+00 1.010399982E-01 3.330199979E-03
 1.086499979E-04 7.676400128E-05 2.730799913E-01 -1.836400000E+05 3.127700000E+04 1.721199951E+02 4.643900146E+02 -5.970899963E+01 1.233399963E+02 2.141799927E+00 9.788200259E-02 3.416399937E-03
 1.106999989E-04 7.645200094E-05 2.664000094E-01 -2.001400000E+05 2.943700000E+04 1.711900024E+02 4.661300049E+02 -5.885400009E+01 1.189100037E+02 2.155100107E+00 9.496899694E-02 3.501999890E-03
 1.127500000E-04 7.614000060E-05 2.601000071E-01 -2.173800000E+05 3.249300000E+04 1.702500000E+02 4.679400024E+02 -5.802399826E+01 1.123199997E+02 2.168800116E+00 9.221799672E-02 3.586800070E-03
 1.148000010E-04 7.582800026E-05 2.542699873E-01 -2.400400000E+05 3.652900000E+04 1.695099945E+02 4.692399902E+02 -5.747399902E+01 1.144800034E+02 2.179100037E+00 8.975800127E-02 3.668999998E-03
 1.168500021E-04 7.551599992E-05 2.512300014E-01 -3.539900000E+05 4.915000000E+04 1.716600037E+02 4.653500061E+02 -5.619499969E+01 1.593800049E+02 2.147399902E+00 8.980499953E-02 3.713000100E-03
 1.189000031E-04 7.520399959E-05 2.695200145E-01 -8.894100000E+05 1.055700000E+05 1.909499969E+02 4.276799927E+02 -5.110100174E+01 3.699100037E+02 1.882799983E+00 1.078300029E-01 3.477700055E-03
 1.209499969E-04 7.489199925E-05 3.625899851E-01 -1.196000000E+06 1.391600000E+05 2.338300018E+02 3.254599915E+02 -3.888100052E+01 6.805999756E+02 1.307800055E+00 1.806000024E-01 2.686599968E-03
 1.230000053E-04 7.457999891E-05 5.388299823E-01 -6.270400000E+05 7.666900000E+04 2.710599976E+02 2.150700073E+02 -2.571899986E+01 5.918099976E+02 7.932599783E-01 3.065299988E-01 1.795500051E-03
 1.250500063E-04 7.426799857E-05 6.866400242E-01 -1.157800000E+05 1.398100000E+04 2.855499878E+02 1.622400055E+02 -1.896999931E+01 2.238999939E+02 5.803800225E-01 4.086099863E-01 1.364700031E-03
 1.270999928E-04 7.395599823E-05 7.421799898E-01 -3.421500000E+04 8.585099609E+03 2.895100098E+02 1.487500000E+02 -1.713899994E+01 5.853499985E+01 5.281299949E-01 4.474500120E-01 1.257000025E-03
 1.291499939E-04 7.364399789E-05 7.532299757E-01 -2.187100000E+04 1.526700000E+04 2.904400024E+02 1.458200073E+02 -1.683600044E+01 2.330200005E+01 5.169299841E-01 4.555599988E-01 1.238400000E-03
 1.311999949E-04 7.333199756E-05 7.566999793E-01 -2.003600000E+04 1.505600000E+04 2.907399902E+02 1.440299988E+02 -1.643400002E+01 2.317300034E+01 5.102199912E-01 4.581300020E-01 1.232699957E-03
 1.332499960E-04 7.301999722E-05 7.598900199E-01 -1.909100000E+04 1.569100000E+04 2.910700073E+02 1.416300049E+02 -1.620800018E+01 4.104199982E+01 5.014600158E-01 4.605900049E-01 1.227500034E-03
 1.352999971E-04 7.270799688E-05 7.622399926E-01 -1.421900000E+04 5.749700195E+03 2.915199890E+02 1.393000031E+02 -1.614999962E+01 2.866300011E+01 4.929299951E-01 4.627299905E-01 1.223800005E-03
 1.373499981E-04 7.239599654E-05 7.651200294E-01 -9.055200195E+03 -2.918300049E+03 2.917300110E+02 1.371100006E+02 -1.599600029E+01 6.769800186E+00 4.850400090E-01 4.648100138E-01 1.219199970E-03
 1.393999992E-04 7.208400348E-05 7.681999803E-01 -1.259400000E+04 -3.170100098E+03 2.920700073E+02 1.349799957E+02 -1.568900013E+01 2.796699905E+01 4.771899879E-01 4.672200084E-01 1.214300049E-03
 1.414500002E-04 7.177200314E-05 7.706599832E-01 -1.525700000E+04 -1.353199951E+03 2.924700012E+02 1.328600006E+02 -1.540299988E+01 4.013499832E+01 4.693700075E-01 4.693500102E-01 1.210400020E-03
 1.435000013E-04 7.146000280E-05 7.727800012E-01 -1.390400000E+04 7.158900146E+02 2.926499939E+02 1.307500000E+02 -1.525500011E+01 2.558900070E+01 4.618099928E-01 4.709500074E-01 1.207099995E-03
 1.455500023E-04 7.114800246E-05 7.748699784E-01 -7.104200195E+03 4.599100098E+03 2.929500122E+02 1.287400055E+02 -1.496000004E+01 4.741500092E+01 4.544599950E-01 4.726899862E-01 1.203799970E-03
 1.476000034E-04 7.083600212E-05 7.773000002E-01 -1.297599976E+03 8.668299805E+03 2.933800049E+02 1.266800003E+02 -1.462300014E+01 4.530400085E+01 4.468199909E-01 4.748800099E-01 1.200100058E-03
 1.496500045E-04 7.052400179E-05 7.786200047E-01 -4.205600098E+03 2.561199951E+03 2.937799988E+02 1.248300018E+02 -1.412899971E+01 2.448100090E+01 4.398800135E-01 4.763300121E-01 1.198000042E-03
 1.517000055E-04 7.021200145E-05 7.800599933E-01 -2.489699951E+03 -1.622699951E+03 2.941499939E+02 1.230699997E+02 -1.361400032E+01 3.232899857E+01 4.332900047E-01 4.778099954E-01 1.195800025E-03
 1.537500066E-04 6.990000111E-05 7.823699713E-01 -3.172899902E+03 2.560199951E+03 2.945700073E+02 1.212500000E+02 -1.315200043E+01 3.411899948E+01 4.264599979E-01 4.799099863E-01 1.192299998E-03
 1.557999931E-04 6.958800077E-05 7.839199901E-01 -1.073300000E+04 1.037700000E+04 2.948599854E+02 1.195899963E+02 -1.261400032E+01 1.459799957E+01 4.202699959E-01 4.813399911E-01 1.189899980E-03
 1.578499941E-04 6.927600043E-05 7.852799892E-01 -1.387900000E+04 7.015000000E+03 2.950100098E+02 1.179499969E+02 -1.217099953E+01 1.890999985E+01 4.143199921E-01 4.824199975E-01 1.187899965E-03
 1.598999952E-04 6.896400009E-05 7.868899703E-01 -1.197000000E+04 9.345700073E+02 2.952099915E+02 1.161999969E+02 -1.153100014E+01 3.401200104E+01 4.078899920E-01 4.837299883E-01 1.185399946E-03
 1.619499963E-04 6.865199975E-05 7.884799838E-01 -5.687500000E+03 6.809899902E+03 2.954200134E+02 1.146500015E+02 -1.103699970E+01 3.747499847E+01 4.021599889E-01 4.850499928E-01 1.183000044E-03
 1.639999973E-04 6.833999942E-05 7.902500033E-01 2.338600098E+03 9.297799805E+03 2.955700073E+02 1.132799988E+02 -1.063199997E+01 5.020700073E+01 3.971900046E-01 4.863800108E-01 1.180400024E-03
 1.660499984E-04 6.802799908E-05 7.917000055E-01 1.058500000E+03 3.170799866E+02 2.957099915E+02 1.119199982E+02 -9.998200417E+00 5.197700119E+01 3.921500146E-01 4.875200093E-01 1.178200007E-03
 1.680999994E-04 6.771599874E-05 7.926999927E-01 -1.009099976E+03 4.877600098E+03 2.959599915E+02 1.106600037E+02 -9.385100365E+00 4.655599976E+01 3.874100149E-01 4.885399938E-01 1.176699996E-03
 1.701500005E-04 6.740399840E-05 7.936300039E-01 -2.272500000E+03 8.726200195E+03 2.962099915E+02 1.094899979E+02 -8.642499924E+00 4.008599854E+01 3.829799891E-01 4.895299971E-01 1.175399986E-03
 1.722000015E-04 6.709199806E-05 7.944700122E-01 -4.239500122E+02 4.896700195E+03 2.963599854E+02 1.081200027E+02 -7.876100063E+00 3.932600021E+01 3.779099882E-01 4.902999997E-01 1.174099976E-03
 1.742500026E-04 6.677999772E-05 7.946199775E-01 2.196000000E+03 1.381200000E+04 2.966000061E+02 1.068499985E+02 -7.103400230E+00 4.696699905E+01 3.731800020E-01 4.907900095E-01 1.173899975E-03
 1.763000037E-04 6.646799739E-05 7.948099971E-01 -3.955899902E+03 9.020200195E+03 2.968599854E+02 1.058199997E+02 -6.167399883E+00 5.183900070E+01 3.692399859E-01 4.913400114E-01 1.173599972E-03
 1.783500047E-04 6.615599705E-05 7.962300181E-01 -8.018700195E+03 1.011900000E+04 2.969200134E+02 1.046900024E+02 -5.462200165E+00 4.674499893E+01 3.651100099E-01 4.923200011E-01 1.171499956E-03
 1.804000058E-04 6.584399671E-05 7.979900241E-01 4.882900085E+02 1.673900000E+04 2.967200012E+02 1.035000000E+02 -4.618299961E+00 3.862599945E+01 3.609699905E-01 4.930700064E-01 1.168900053E-03
 1.824500068E-04 6.553199637E-05 7.987700105E-01 3.241199951E+03 6.753200195E+03 2.967200012E+02 1.025299988E+02 -3.551100016E+00 3.882799911E+01 3.574500084E-01 4.935500026E-01 1.167800045E-03
 1.844999933E-04 6.522000331E-05 7.990999818E-01 -2.190000000E+03 4.048600098E+03 2.969299927E+02 1.018099976E+02 -2.607000113E+00 5.211199951E+01 3.547199965E-01 4.941099882E-01 1.167300041E-03
 1.865499944E-04 6.490800297E-05 7.989799976E-01 5.755200195E+02 6.978100098E+03 2.971300049E+02 1.010999985E+02 -1.465600014E+00 5.963199997E+01 3.520300090E-01 4.943599999E-01 1.167500042E-03
 1.885999955E-04 6.459600263E-05 7.990199924E-01 2.308699951E+03 4.738399902E+03 2.973599854E+02 1.003499985E+02 2.221800014E-02 6.525399780E+01 3.492499888E-01 4.947699904E-01 1.167400042E-03
 1.906499965E-04 6.428400229E-05 7.995600104E-01 6.424699707E+02 4.226600098E+03 2.974100037E+02 9.954299927E+01 1.214900017E+00 6.401000214E+01 3.464399874E-01 4.951899946E-01 1.166600036E-03
 1.926999976E-04 6.397200195E-05 7.996199727E-01 6.512299805E+03 4.831600098E+03 2.973500061E+02 9.871900177E+01 2.461699963E+00 6.231000137E+01 3.436999917E-01 4.951300025E-01 1.166600036E-03
 1.947499986E-04 6.366000162E-05 7.990099788E-01 3.978699951E+03 2.666899902E+03 2.975199890E+02 9.819799805E+01 4.048900127E+00 5.997800064E+01 3.419600129E-01 4.950299859E-01 1.167400042E-03
 1.967999997E-04 6.334800128E-05 7.982800007E-01 -4.748800049E+02 -9.347399902E+02 2.977200012E+02 9.788600159E+01 5.442100048E+00 5.822100067E+01 3.409999907E-01 4.948999882E-01 1.168500050E-03
 1.988500007E-04 6.303600094E-05 7.982400060E-01 2.339000000E+03 3.057699951E+03 2.977300110E+02 9.750000000E+01 7.022299767E+00 7.453299713E+01 3.400099874E-01 4.948999882E-01 1.168600051E-03
 2.009000018E-04 6.272400060E-05 7.980499864E-01 -1.109900024E+03 7.800299805E+03 2.977099915E+02 9.722699738E+01 8.717499733E+00 9.791999817E+01 3.395499885E-01 4.947499931E-01 1.168900053E-03
 2.029500029E-04 6.241200026E-05 7.974799871E-01 -1.058199951E+03 7.944700195E+03 2.977900085E+02 9.710500336E+01 1.029100037E+01 1.039300003E+02 3.396100104E-01 4.945200086E-01 1.169699943E-03
 2.050000039E-04 6.209999992E-05 7.971600294E-01 3.859299927E+02 9.330400391E+03 2.978800049E+02 9.706500244E+01 1.105200005E+01 9.688800049E+01 3.397000134E-01 4.944700003E-01 1.170199947E-03
 0.000000000E+00 7.799999730E-05 1.600700021E+00 -1.600400000E+05 -1.418500000E+04 3.000000000E+02 5.191600037E+01 1.353600025E+01 -3.149800110E+02 1.911499947E-01 1.006299973E+00 5.746299867E-04
 2.049999921E-06 7.832000119E-05 1.606400013E+00 -8.280000000E+04 -1.312900024E+03 2.986600037E+02 5.393799973E+01 1.411499977E+01 -1.677599945E+02 1.962600052E-01 1.002200007E+00 5.766300019E-04
 4.099999842E-06 7.863999781E-05 1.610700011E+00 -3.270100098E+03 8.518599854E+02 2.972699890E+02 5.704700089E+01 1.459599972E+01 -3.784199905E+01 2.049800009E-01 9.970399737E-01 5.791399744E-04
 6.149999990E-06 7.896000170E-05 1.608399987E+00 5.139000000E+03 -2.966100098E+03 2.972000122E+02 5.942399979E+01 1.448600006E+01 -2.205200005E+01 2.129500061E-01 9.954100251E-01 5.799600040E-04
 8.199999684E-06 7.927999832E-05 1.605299950E+00 4.871500000E+03 5.310799805E+03 2.972999878E+02 6.220500183E+01 1.456799984E+01 -2.089800072E+01 2.223899961E-01 9.938099980E-01 5.810799776E-04
 1.024999983E-05 7.960000221E-05 1.602800012E+00 2.224800049E+03 4.225700195E+03 2.973099976E+02 6.534100342E+01 1.475800037E+01 -3.475799942E+01 2.331700027E-01 9.923099875E-01 5.819899961E-04
 1.229999998E-05 7.991999883E-05 1.599200010E+00 4.929700195E+03 -2.449100098E+03 2.973099976E+02 6.884300232E+01 1.523099995E+01 -2.148399925E+01 2.454199940E-01 9.900900126E-01 5.832900060E-04
 1.435000013E-05 8.024000272E-05 1.595499992E+00 1.510200000E+04 -9.260099609E+03 2.970899963E+02 7.243199921E+01 1.592500019E+01 -2.037000084E+01 2.582400143E-01 9.870700240E-01 5.846400163E-04
 1.639999937E-05 8.055999933E-05 1.592700005E+00 1.513200000E+04 1.955699951E+03 2.965599976E+02 7.603299713E+01 1.644499969E+01 1.909500003E+00 2.711200118E-01 9.835600257E-01 5.856800126E-04
 1.845000043E-05 8.088000322E-05 1.587700009E+00 8.485099609E+03 1.231800000E+04 2.962200012E+02 8.008399963E+01 1.715099907E+01 1.189000034E+01 2.856000066E-01 9.793699980E-01 5.875200150E-04
 2.049999966E-05 8.119999984E-05 1.583099961E+00 1.378200000E+04 1.161800000E+04 2.959599915E+02 8.448999786E+01 1.796299934E+01 9.337000251E-01 3.013499975E-01 9.756699800E-01 5.892200279E-04
 2.255000072E-05 8.151999646E-05 1.576699972E+00 5.732899902E+03 1.166900000E+04 2.956300049E+02 8.918599701E+01 1.885899925E+01 8.851799965E+00 3.181999922E-01 9.706299901E-01 5.916299997E-04
 2.459999996E-05 8.184000035E-05 1.569599986E+00 -5.019600098E+03 4.315600098E+03 2.951700134E+02 9.406199646E+01 1.970100021E+01 1.348600006E+01 3.357200027E-01 9.648000002E-01 5.942800199E-04
 2.664999920E-05 8.215999696E-05 1.560700059E+00 -6.766299805E+03 -5.975599976E+02 2.947699890E+02 9.920800018E+01 2.043400002E+01 5.365099907E+00 3.540799916E-01 9.579899907E-01 5.976899993E-04
 2.870000026E-05 8.248000086E-05 1.550799966E+00 -1.077100000E+04 2.657000000E+03 2.943099976E+02 1.046699982E+02 2.137700081E+01 5.048699951E+01 3.737399876E-01 9.504399896E-01 6.015099934E-04
 3.075000132E-05 8.279999747E-05 1.541300058E+00 -8.342799805E+03 3.233199951E+03 2.937099915E+02 1.104800034E+02 2.235400009E+01 2.585000038E+01 3.947300017E-01 9.426699877E-01 6.052299868E-04
 3.279999873E-05 8.312000136E-05 1.529299974E+00 6.083200195E+03 1.402599976E+03 2.928699951E+02 1.168700027E+02 2.335600090E+01 -1.310099983E+01 4.179899991E-01 9.326699972E-01 6.099599996E-04
 3.484999979E-05 8.343999798E-05 1.516999960E+00 2.444500000E+04 9.170200195E+03 2.918800049E+02 1.235800018E+02 2.430100060E+01 -7.857299805E+00 4.424499869E-01 9.220200181E-01 6.149300025E-04
 3.690000085E-05 8.376000187E-05 1.500599980E+00 2.482600000E+04 4.656500000E+03 2.908599854E+02 1.310899963E+02 2.527700043E+01 1.641900063E+01 4.698199928E-01 9.089099765E-01 6.216400070E-04
 3.894999827E-05 8.407999849E-05 1.481199980E+00 1.275400000E+04 -1.730400024E+03 2.894899902E+02 1.395399933E+02 2.625699997E+01 6.700099945E+01 5.008500218E-01 8.929299712E-01 6.297900109E-04
 4.099999933E-05 8.440000238E-05 1.458699942E+00 1.975500000E+04 -8.246000000E+03 2.879800110E+02 1.490500031E+02 2.731699944E+01 5.890499878E+01 5.359399915E-01 8.747799993E-01 6.395300152E-04
 4.305000039E-05 8.471999899E-05 1.430199981E+00 2.892700000E+04 -1.016400000E+04 2.861900024E+02 1.598899994E+02 2.817399979E+01 4.281499863E+01 5.759900212E-01 8.523899913E-01 6.522900076E-04
 4.510000144E-05 8.504000289E-05 1.396199942E+00 3.664200000E+04 3.189800049E+03 2.837099915E+02 1.720899963E+02 2.839399910E+01 3.663600159E+01 6.215199828E-01 8.249400258E-01 6.682099774E-04
 4.714999886E-05 8.535999950E-05 1.354799986E+00 4.143700000E+04 1.035000000E+04 2.806799927E+02 1.864499969E+02 2.802199936E+01 -1.530700016E+01 6.755200028E-01 7.919600010E-01 6.887000054E-04
 4.919999992E-05 8.568000339E-05 1.301399946E+00 3.929200000E+04 5.500500000E+03 2.768999939E+02 2.035700073E+02 2.628199959E+01 -8.405300140E+01 7.404900193E-01 7.505400181E-01 7.171600009E-04
 5.125000098E-05 8.600000001E-05 1.231899977E+00 5.939300000E+04 -9.645099609E+03 2.718699951E+02 2.241300049E+02 2.256999969E+01 -2.048800049E+02 8.202199936E-01 6.976400018E-01 7.579799858E-04
 5.329999840E-05 8.571200306E-05 1.146700025E+00 8.200600000E+04 -3.092900000E+04 2.658099976E+02 2.480500031E+02 1.586400032E+01 -3.545299988E+02 9.154499769E-01 6.350600123E-01 8.147800108E-04
 5.534999946E-05 8.542399883E-05 1.052199960E+00 8.585900000E+04 -4.674500000E+04 2.587600098E+02 2.731300049E+02 5.136700153E+00 -4.261499939E+02 1.019899964E+00 5.673599839E-01 8.884199779E-04
 5.740000051E-05 8.513600187E-05 9.562900066E-01 7.347800000E+04 -5.349400000E+04 2.510599976E+02 2.966199951E+02 -8.945599556E+00 -4.589599915E+02 1.124799967E+00 5.003499985E-01 9.779599495E-04
 5.945000157E-05 8.484799764E-05 8.645899892E-01 5.632400000E+04 -5.837500000E+04 2.432799988E+02 3.174200134E+02 -2.465900040E+01 -4.383399963E+02 1.225800037E+00 4.383600056E-01 1.081799972E-03
 6.150000263E-05 8.456000069E-05 7.819399834E-01 3.348000000E+04 -5.312100000E+04 2.356799927E+02 3.351900024E+02 -4.023699951E+01 -3.548399963E+02 1.320400000E+00 3.840700090E-01 1.196100027E-03
 6.354999641E-05 8.427199646E-05 7.095100284E-01 1.417200000E+04 -4.392500000E+04 2.286100006E+02 3.504700012E+02 -5.468999863E+01 -2.414499969E+02 1.408499956E+00 3.380199969E-01 1.318000024E-03
 6.559999747E-05 8.398399950E-05 6.477299929E-01 4.699500000E+03 -3.218000000E+04 2.222200012E+02 3.633699951E+02 -6.688300323E+01 -1.583699951E+02 1.487900019E+00 2.999300063E-01 1.443000045E-03
 6.764999853E-05 8.369600255E-05 5.956100225E-01 -9.994700195E+03 -2.103700000E+04 2.164900055E+02 3.741400146E+02 -7.611100006E+01 -9.383799744E+01 1.557700038E+00 2.686499953E-01 1.568899956E-03
 6.969999959E-05 8.340799832E-05 5.507299900E-01 -2.483200000E+04 -1.331900000E+04 2.113500061E+02 3.837099915E+02 -8.282599640E+01 -3.834099960E+01 1.620700002E+00 2.424899936E-01 1.696299994E-03
 7.175000064E-05 8.312000136E-05 5.128700137E-01 -4.401900000E+04 1.264199951E+03 2.068399963E+02 3.921099854E+02 -8.769400024E+01 8.272299767E+00 1.676900029E+00 2.209800035E-01 1.820900012E-03
 7.380000170E-05 8.283199713E-05 4.811500013E-01 -5.967300000E+04 1.107200000E+04 2.028999939E+02 3.996099854E+02 -9.045200348E+01 6.262599945E+01 1.726400018E+00 2.033499926E-01 1.940499991E-03
 7.585000276E-05 8.254400018E-05 4.539900124E-01 -6.641700000E+04 1.635600000E+04 1.994100037E+02 4.063900146E+02 -9.126599884E+01 1.055800018E+02 1.770300031E+00 1.885599941E-01 2.056200057E-03
 7.789999654E-05 8.225600322E-05 4.310800135E-01 -7.586600000E+04 2.652900000E+04 1.963300018E+02 4.125199890E+02 -9.080799866E+01 1.224800034E+02 1.809299946E+00 1.762699932E-01 2.165100072E-03
 7.994999760E-05 8.196799899E-05 4.118300080E-01 -9.234500000E+04 3.399700000E+04 1.936999969E+02 4.180400085E+02 -8.926000214E+01 1.318000031E+02 1.843299985E+00 1.661400050E-01 2.266099909E-03
 8.199999866E-05 8.168000204E-05 3.951599896E-01 -9.958100000E+04 3.839100000E+04 1.913399963E+02 4.231000061E+02 -8.701599884E+01 1.467799988E+02 1.874199986E+00 1.574700028E-01 2.361499937E-03
 8.404999971E-05 8.139199781E-05 3.808000088E-01 -1.003100000E+05 3.980900000E+04 1.892299957E+02 4.275899963E+02 -8.430999756E+01 1.527799988E+02 1.901499987E+00 1.500699967E-01 2.450299915E-03
 8.610000077E-05 8.110400086E-05 3.681899905E-01 -1.065700000E+05 4.071400000E+04 1.871999969E+02 4.317600098E+02 -8.097699738E+01 1.610299988E+02 1.926900029E+00 1.435399950E-01 2.534199972E-03
 8.815000183E-05 8.081599663E-05 3.564999998E-01 -1.105000000E+05 3.888600000E+04 1.853699951E+02 4.357900085E+02 -7.737400055E+01 1.630500031E+02 1.951099992E+00 1.376300007E-01 2.617199905E-03
 9.020000289E-05 8.052799967E-05 3.455699980E-01 -1.144300000E+05 3.527400000E+04 1.837100067E+02 4.397300110E+02 -7.398500061E+01 1.566100006E+02 1.974400043E+00 1.322100013E-01 2.700099954E-03
 9.224999667E-05 8.024000272E-05 3.358100057E-01 -1.190200000E+05 3.735000000E+04 1.821199951E+02 4.430899963E+02 -7.070200348E+01 1.523899994E+02 1.995399952E+00 1.273699999E-01 2.778300084E-03
 9.429999773E-05 7.995199849E-05 3.265900016E-01 -1.179900000E+05 3.977500000E+04 1.805599976E+02 4.463999939E+02 -6.782399750E+01 1.337200012E+02 2.016700029E+00 1.228099987E-01 2.856899984E-03
 9.634999878E-05 7.966400153E-05 3.175500035E-01 -1.211900000E+05 3.634900000E+04 1.790399933E+02 4.499400024E+02 -6.513200378E+01 1.251100006E+02 2.039099932E+00 1.184000000E-01 2.938099904E-03
 9.839999984E-05 7.937599730E-05 3.091900051E-01 -1.235200000E+05 3.238700000E+04 1.776600037E+02 4.529299927E+02 -6.262699890E+01 1.297599945E+02 2.058799982E+00 1.143999994E-01 3.017500043E-03
 1.004500009E-04 7.908800035E-05 3.007299900E-01 -1.281100000E+05 2.869200000E+04 1.762400055E+02 4.558399963E+02 -6.058599854E+01 1.205000000E+02 2.078900099E+00 1.103800014E-01 3.102499992E-03
 1.025000020E-04 7.880000339E-05 2.924599946E-01 -1.408700000E+05 2.698700000E+04 1.748800049E+02 4.587699890E+02 -5.863199997E+01 1.100199966E+02 2.098999977E+00 1.065099984E-01 3.190200077E-03
 1.045500030E-04 7.851199916E-05 2.849799991E-01 -1.538400000E+05 2.866500000E+04 1.736799927E+02 4.613299866E+02 -5.689500046E+01 1.102099991E+02 2.116800070E+00 1.030699983E-01 3.273800015E-03
 1.065999968E-04 7.822400221E-05 2.779799998E-01 -1.698500000E+05 3.203000000E+04 1.725299988E+02 4.636300049E+02 -5.543799973E+01 1.152500000E+02 2.133500099E+00 9.987500310E-02 3.356300062E-03
 1.086499979E-04 7.793599798E-05 2.714700103E-01 -1.858300000E+05 3.093100000E+04 1.714100037E+02 4.654899902E+02 -5.427899933E+01 1.097300034E+02 2.148200035E+00 9.690400213E-02 3.436600091E-03
 1.106999989E-04 7.764800102E-05 2.651599944E-01 -2.033300000E+05 2.961500000E+04 1.705000000E+02 4.670499878E+02 -5.335900116E+01 1.088099976E+02 2.160599947E+00 9.414699674E-02 3.518400015E-03
 1.127500000E-04 7.735999679E-05 2.588100135E-01 -2.224600000E+05 3.064000000E+04 1.696000061E+02 4.687900085E+02 -5.258000183E+01 1.030199966E+02 2.173899889E+00 9.141100198E-02 3.604700090E-03
 1.148000010E-04 7.707199984E-05 2.528100014E-01 -2.479600000E+05 3.101100000E+04 1.689400024E+02 4.702300110E+02 -5.174900055E+01 1.030699997E+02 2.184400082E+00 8.893900365E-02 3.690300044E-03
 1.168500021E-04 7.678400289E-05 2.496400028E-01 -3.516700000E+05 4.036800000E+04 1.708699951E+02 4.668599854E+02 -5.052399826E+01 1.386699982E+02 2.156199932E+00 8.882299811E-02 3.736699931E-03
 1.189000031E-04 7.649599866E-05 2.659400105E-01 -8.556600000E+05 8.527900000E+04 1.886199951E+02 4.322300110E+02 -4.666699982E+01 2.982300110E+02 1.910300016E+00 1.049999967E-01 3.521299921E-03
 1.209499969E-04 7.620800170E-05 3.523699939E-01 -1.214300000E+06 1.219800000E+05 2.307599945E+02 3.331600037E+02 -3.670299911E+01 5.760900269E+02 1.346600056E+00 1.731899977E-01 2.755899914E-03
 1.230000053E-04 7.591999747E-05 5.253999829E-01 -6.860300000E+05 7.582000000E+04 2.692900085E+02 2.204700012E+02 -2.502700043E+01 5.410000000E+02 8.157500029E-01 2.972199917E-01 1.846999978E-03
 1.250500063E-04 7.563200052E-05 6.793299913E-01 -1.291300000E+05 1.702000000E+04 2.848599854E+02 1.635099945E+02 -1.854800034E+01 2.234299927E+02 5.854700208E-01 4.033400118E-01 1.380900037E-03
 1.270999928E-04 7.534400356E-05 7.409600019E-01 -3.546900000E+04 9.474900391E+03 2.891499939E+02 1.483099976E+02 -1.651099968E+01 5.974800110E+01 5.266900063E-01 4.461599886E-01 1.259200042E-03
 1.291499939E-04 7.505599933E-05 7.531700134E-01 -2.374900000E+04 1.318100000E+04 2.902600098E+02 1.448300018E+02 -1.590600014E+01 2.774699974E+01 5.132499933E-01 4.552299976E-01 1.238500001E-03
 1.311999949E-04 7.476800238E-05 7.563199997E-01 -1.989000000E+04 1.413400000E+04 2.906700134E+02 1.428600006E+02 -1.530500031E+01 2.302799988E+01 5.057700276E-01 4.578000009E-01 1.233299961E-03
 1.332499960E-04 7.447999815E-05 7.594400048E-01 -2.197800000E+04 1.494100000E+04 2.909800110E+02 1.407899933E+02 -1.486699963E+01 1.459000015E+01 4.980899990E-01 4.601599872E-01 1.228300040E-03
 1.352999971E-04 7.419200119E-05 7.617800236E-01 -1.623000000E+04 9.939000000E+03 2.914500122E+02 1.387500000E+02 -1.479500008E+01 1.551599979E+00 4.905500114E-01 4.623300135E-01 1.224500011E-03
 1.373499981E-04 7.390399696E-05 7.645199895E-01 -1.022100000E+04 4.012300049E+03 2.917999878E+02 1.366000061E+02 -1.473299980E+01 -8.636199951E+00 4.827100039E-01 4.645600021E-01 1.220099977E-03
 1.393999992E-04 7.361600001E-05 7.681099772E-01 -4.980299805E+03 -2.224399902E+03 2.919899902E+02 1.343800049E+02 -1.445400047E+01 1.714800072E+01 4.747000039E-01 4.670400023E-01 1.214400050E-03
 1.414500002E-04 7.332800305E-05 7.711099982E-01 -9.195800171E+02 -1.556199951E+03 2.922500000E+02 1.323000031E+02 -1.409300041E+01 3.264400101E+01 4.670799971E-01 4.692899883E-01 1.209700014E-03
 1.435000013E-04 7.303999882E-05 7.733200192E-01 -1.945300049E+03 -3.559599915E+02 2.925899963E+02 1.303600006E+02 -1.400899982E+01 2.819700003E+00 4.600000083E-01 4.711700082E-01 1.206199988E-03
 1.455500023E-04 7.275200187E-05 7.746300101E-01 -2.293000000E+03 2.753000000E+03 2.928900146E+02 1.286199951E+02 -1.370699978E+01 1.790200043E+01 4.535999894E-01 4.724499881E-01 1.204199973E-03
 1.476000034E-04 7.246399764E-05 7.764300108E-01 -4.612500000E+03 8.769299805E+03 2.932999878E+02 1.266800003E+02 -1.322099972E+01 2.976399994E+01 4.463500082E-01 4.742299914E-01 1.201399951E-03
 1.496500045E-04 7.217600069E-05 7.782899737E-01 -9.341700195E+03 2.657999878E+02 2.937099915E+02 1.247799988E+02 -1.282800007E+01 2.133399963E+01 4.392600060E-01 4.760200083E-01 1.198500046E-03
 1.517000055E-04 7.188799646E-05 7.800599933E-01 -6.320700195E+03 -5.881000000E+03 2.939899902E+02 1.230199966E+02 -1.244099998E+01 1.541499996E+01 4.327999949E-01 4.775600135E-01 1.195800025E-03
 1.537500066E-04 7.159999950E-05 7.821900249E-01 -3.333699951E+03 -1.467199951E+03 2.942799988E+02 1.213300018E+02 -1.204100037E+01 1.515499973E+01 4.265500009E-01 4.793300033E-01 1.192500000E-03
 1.557999931E-04 7.131200255E-05 7.836999893E-01 -1.407500000E+04 7.790100098E+03 2.946000061E+02 1.199400024E+02 -1.152700043E+01 1.313000011E+01 4.212999940E-01 4.807800055E-01 1.190299983E-03
 1.578499941E-04 7.102399832E-05 7.855200171E-01 -1.648100000E+04 4.396799805E+03 2.947900085E+02 1.184499969E+02 -1.103499985E+01 1.753400040E+01 4.158399999E-01 4.821999967E-01 1.187499962E-03
 1.598999952E-04 7.073600136E-05 7.874199748E-01 -5.121299805E+03 -2.496199951E+03 2.948699951E+02 1.168499985E+02 -1.047500038E+01 4.507500076E+01 4.100100100E-01 4.835099876E-01 1.184600056E-03
 1.619499963E-04 7.044799713E-05 7.892799973E-01 2.567899902E+03 3.680000000E+03 2.950899963E+02 1.153499985E+02 -1.016699982E+01 5.537400055E+01 4.045499861E-01 4.850099981E-01 1.181800035E-03
 1.639999973E-04 7.016000018E-05 7.900500298E-01 1.522500000E+03 7.383600098E+03 2.953599854E+02 1.141299973E+02 -9.817500114E+00 4.493099976E+01 4.000299871E-01 4.859200120E-01 1.180700026E-03
 1.660499984E-04 6.987200322E-05 7.906200290E-01 6.964600220E+02 3.200899902E+03 2.954700012E+02 1.129899979E+02 -9.117199898E+00 2.694899940E+01 3.957700133E-01 4.864600003E-01 1.179800020E-03
 1.680999994E-04 6.958399899E-05 7.918999791E-01 -2.546100098E+03 3.299199951E+03 2.956600037E+02 1.116900024E+02 -8.593199730E+00 1.760799980E+01 3.909899890E-01 4.875499904E-01 1.177900005E-03
 1.701500005E-04 6.929600204E-05 7.929800153E-01 -7.011700195E+03 7.050000000E+03 2.957999878E+02 1.104400024E+02 -7.784399986E+00 1.985899925E+01 3.863500059E-01 4.884600043E-01 1.176299993E-03
 1.722000015E-04 6.900799781E-05 7.945200205E-01 -4.040000000E+03 1.352899933E+02 2.958699951E+02 1.092099991E+02 -6.874599934E+00 2.998900032E+01 3.817999959E-01 4.895099998E-01 1.173999975E-03
 1.742500026E-04 6.872000085E-05 7.951499820E-01 -3.018300049E+03 5.153200195E+03 2.961199951E+02 1.080599976E+02 -6.285600185E+00 4.618399811E+01 3.774900138E-01 4.903199971E-01 1.173099969E-03
 1.763000037E-04 6.843199662E-05 7.953299880E-01 -3.723300049E+03 1.567500000E+04 2.963399963E+02 1.070899963E+02 -5.559800148E+00 6.114599991E+01 3.738499880E-01 4.907900095E-01 1.172899967E-03
 1.783500047E-04 6.814399967E-05 7.964599729E-01 -5.498600098E+03 1.557500000E+04 2.965000000E+02 1.061200027E+02 -4.792200089E+00 4.634000015E+01 3.702499866E-01 4.917599857E-01 1.171199954E-03
 1.804000058E-04 6.785600272E-05 7.971000075E-01 -1.714900024E+03 1.617600000E+04 2.964200134E+02 1.052200012E+02 -3.963700056E+00 2.852199936E+01 3.670299947E-01 4.920299947E-01 1.170199947E-03
 1.824500068E-04 6.756799849E-05 7.973899841E-01 -1.233300049E+03 1.055300000E+04 2.965199890E+02 1.043700027E+02 -3.040499926E+00 3.850699997E+01 3.639200032E-01 4.923599958E-01 1.169799943E-03
 1.844999933E-04 6.728000153E-05 7.980499864E-01 -2.106500000E+03 6.654500000E+03 2.966499939E+02 1.035599976E+02 -2.125499964E+00 3.724000168E+01 3.609099984E-01 4.929899871E-01 1.168900053E-03
 1.865499944E-04 6.699199730E-05 7.981500030E-01 -7.746700287E+01 1.203600000E+04 2.967799988E+02 1.028700027E+02 -1.004899979E+00 4.291299820E+01 3.583799899E-01 4.932700098E-01 1.168700051E-03
 1.885999955E-04 6.670400035E-05 7.980399728E-01 -2.480399933E+02 6.030700195E+03 2.971000061E+02 1.022500000E+02 4.238100052E-01 5.954199982E+01 3.560099900E-01 4.937199950E-01 1.168900053E-03
 1.906499965E-04 6.641600339E-05 7.983800173E-01 2.873299866E+02 9.454500122E+02 2.971400146E+02 1.015999985E+02 1.718700051E+00 5.429499817E+01 3.537699878E-01 4.939999878E-01 1.168400049E-03
 1.926999976E-04 6.612799916E-05 7.981500030E-01 -1.339099976E+03 1.356500000E+03 2.971400146E+02 1.009800034E+02 2.898099899E+00 4.828599930E+01 3.517099917E-01 4.938699901E-01 1.168700051E-03
 1.947499986E-04 6.584000221E-05 7.976099849E-01 6.324500122E+02 -1.146400024E+03 2.972500000E+02 1.005899963E+02 4.194399834E+00 4.443399811E+01 3.504700065E-01 4.937100112E-01 1.169500058E-03
 1.967999997E-04 6.555199798E-05 7.970799804E-01 4.089500000E+03 1.981099976E+03 2.972999878E+02 1.004199982E+02 5.427000046E+00 5.061800003E+01 3.500500023E-01 4.934700131E-01 1.170299947E-03
 1.988500007E-04 6.526400102E-05 7.969800234E-01 5.139899902E+03 1.073900000E+04 2.972999878E+02 1.003000031E+02 6.806099892E+00 6.274599838E+01 3.499299884E-01 4.934000075E-01 1.170399948E-03
 2.009000018E-04 6.497599679E-05 7.969300151E-01 2.576399902E+03 1.186300000E+04 2.972699890E+02 1.003399963E+02 8.461299896E+00 6.860800171E+01 3.505200148E-01 4.933199883E-01 1.170499949E-03
 2.029500029E-04 6.468799984E-05 7.965199947E-01 1.806699982E+02 3.709899902E+03 2.971300049E+02 1.004000015E+02 9.938099861E+00 7.663099670E+01 3.512600064E-01 4.928399920E-01 1.171099953E-03
 2.050000039E-04 6.440000288E-05 7.963700294E-01 -4.438900146E+02 6.430100098E+02 2.970499878E+02 1.003799973E+02 1.052400017E+01 7.943399811E+01 3.514400125E-01 4.926100075E-01 1.171299955E-03
 0.000000000E+00 7.916700270E-05 1.600700021E+00 -1.698200000E+05 -1.693900000E+04 3.000000000E+02 5.163999939E+01 1.236999989E+01 -3.164500122E+02 1.897100061E-01 1.006899953E+00 5.743000074E-04
 2.049999921E-06 7.945999823E-05 1.606500030E+00 -8.372300000E+04 -1.025900000E+04 2.987099915E+02 5.360499954E+01 1.292000008E+01 -1.775000000E+02 1.943500042E-01 1.002699971E+00 5.764199886E-04
 4.099999842E-06 7.975300105E-05 1.610800028E+00 5.698599854E+02 -1.540199951E+03 2.974299927E+02 5.675500107E+01 1.334899998E+01 -3.121999931E+01 2.029000074E-01 9.976999760E-01 5.790800205E-04
 6.149999990E-06 8.004700067E-05 1.608199954E+00 1.107400024E+03 -4.686499939E+02 2.973900146E+02 5.918600082E+01 1.314700031E+01 -3.626800060E+00 2.110199928E-01 9.958900213E-01 5.800399813E-04
 8.199999684E-06 8.034000348E-05 1.605200052E+00 4.873200195E+03 -2.531199951E+03 2.973299866E+02 6.183800125E+01 1.305399990E+01 2.281200027E+01 2.199900001E-01 9.938499928E-01 5.811100127E-04
 1.024999983E-05 8.063299902E-05 1.603500009E+00 5.299700195E+03 6.681200195E+03 2.972000122E+02 6.484899902E+01 1.306999969E+01 1.045600033E+01 2.303099930E-01 9.923800230E-01 5.817200290E-04
 1.229999998E-05 8.092699863E-05 1.600600004E+00 6.147799805E+03 1.283100000E+04 2.970700073E+02 6.829199982E+01 1.350800037E+01 -1.775699997E+01 2.424200028E-01 9.901400208E-01 5.827799905E-04
 1.435000013E-05 8.122000145E-05 1.597100019E+00 1.404100000E+04 2.104300049E+03 2.967900085E+02 7.186799622E+01 1.421700001E+01 -7.449699879E+00 2.552300096E-01 9.870700240E-01 5.840500235E-04
 1.639999937E-05 8.151299699E-05 1.593799949E+00 7.376899902E+03 2.369399902E+03 2.963399963E+02 7.553199768E+01 1.467899990E+01 3.235200119E+01 2.682699859E-01 9.835199714E-01 5.852800095E-04
 1.845000043E-05 8.180699660E-05 1.588099957E+00 7.386000000E+03 7.327700195E+03 2.960700073E+02 7.959300232E+01 1.525899982E+01 3.385100174E+01 2.826899886E-01 9.790800214E-01 5.873899790E-04
 2.049999966E-05 8.209999942E-05 1.583199978E+00 9.350200195E+03 8.375000000E+03 2.958599854E+02 8.388600159E+01 1.603000069E+01 1.910000038E+01 2.979899943E-01 9.754199982E-01 5.891799810E-04
 2.255000072E-05 8.239300223E-05 1.576599956E+00 7.565000000E+03 1.204100000E+04 2.955599976E+02 8.848200226E+01 1.689900017E+01 3.800199890E+01 3.144699931E-01 9.703900218E-01 5.916400114E-04
 2.459999996E-05 8.268700185E-05 1.568500042E+00 1.534600000E+04 7.718700195E+03 2.951900024E+02 9.337500000E+01 1.771400070E+01 3.568199921E+01 3.319900036E-01 9.641500115E-01 5.947200116E-04
 2.664999920E-05 8.297999739E-05 1.559499979E+00 4.303799805E+03 7.636500000E+03 2.948599854E+02 9.842400360E+01 1.848699951E+01 2.095100021E+01 3.500199914E-01 9.575700164E-01 5.981400027E-04
 2.870000026E-05 8.327300020E-05 1.550500035E+00 -2.219500000E+03 1.556500000E+04 2.942900085E+02 1.038700027E+02 1.931599998E+01 4.732199860E+01 3.696199954E-01 9.502000213E-01 6.016099942E-04
 3.075000132E-05 8.356699982E-05 1.541000009E+00 2.358399902E+03 5.024399902E+03 2.936600037E+02 1.097699966E+02 2.022900009E+01 3.410300064E+01 3.909299970E-01 9.423599839E-01 6.053299876E-04
 3.279999873E-05 8.386000263E-05 1.529299974E+00 9.223099609E+03 2.858600098E+03 2.927600098E+02 1.161500015E+02 2.122100067E+01 2.136899948E+01 4.141699970E-01 9.323400259E-01 6.099599996E-04
 3.484999979E-05 8.415299817E-05 1.517300010E+00 2.777700000E+04 1.024800000E+04 2.917600098E+02 1.229000015E+02 2.213699913E+01 8.979700089E+00 4.387899935E-01 9.218699932E-01 6.147699896E-04
 3.690000085E-05 8.444699779E-05 1.500800014E+00 2.494700000E+04 1.328300049E+03 2.908599854E+02 1.302799988E+02 2.301399994E+01 -1.273900032E+01 4.655700028E-01 9.090499878E-01 6.215500180E-04
 3.894999827E-05 8.474000060E-05 1.480599999E+00 7.115600098E+03 4.706100098E+03 2.895599976E+02 1.386600037E+02 2.389500046E+01 2.678300095E+01 4.962899983E-01 8.927999735E-01 6.300199893E-04
 4.099999933E-05 8.503300342E-05 1.457599998E+00 1.856900000E+04 -4.215700195E+03 2.879700012E+02 1.482799988E+02 2.485899925E+01 5.238299942E+01 5.317599773E-01 8.741099834E-01 6.400099955E-04
 4.305000039E-05 8.532700303E-05 1.430099964E+00 2.348100000E+04 -1.034800000E+04 2.860799866E+02 1.591999969E+02 2.570199966E+01 2.884099960E+01 5.722399950E-01 8.519499898E-01 6.523500197E-04
 4.510000144E-05 8.561999857E-05 1.396999955E+00 3.371800000E+04 4.892299805E+03 2.836300049E+02 1.714799957E+02 2.587599945E+01 1.875000000E+01 6.180700064E-01 8.252000213E-01 6.678199861E-04
 4.714999886E-05 8.591300139E-05 1.354900002E+00 4.926900000E+04 1.630900000E+04 2.807099915E+02 1.858000031E+02 2.539699936E+01 6.806099892E+00 6.718400121E-01 7.920799851E-01 6.886799820E-04
 4.919999992E-05 8.620700100E-05 1.302000046E+00 4.641400000E+04 4.029600098E+03 2.770799866E+02 2.024900055E+02 2.382999992E+01 -6.995999908E+01 7.352700233E-01 7.513899803E-01 7.167899748E-04
 5.125000098E-05 8.649999654E-05 1.235499978E+00 6.381200000E+04 -1.489000000E+04 2.722399902E+02 2.223099976E+02 2.040900040E+01 -1.931799927E+02 8.123400211E-01 7.006000280E-01 7.557100034E-04
 5.329999840E-05 8.623600297E-05 1.154600024E+00 8.093800000E+04 -2.113100000E+04 2.662900085E+02 2.454100037E+02 1.454100037E+01 -3.086400146E+02 9.045699835E-01 6.405199766E-01 8.090899792E-04
 5.534999946E-05 8.597200213E-05 1.064599991E+00 7.800400000E+04 -3.324600000E+04 2.594599915E+02 2.693699951E+02 5.275400162E+00 -3.789800110E+02 1.004400015E+00 5.755400062E-01 8.778800257E-04
 5.740000051E-05 8.570800128E-05 9.723100066E-01 6.847400000E+04 -4.583900000E+04 2.520200043E+02 2.921799927E+02 -7.025199890E+00 -4.096700134E+02 1.105599999E+00 5.106499791E-01 9.615800227E-04
 5.945000157E-05 8.544400043E-05 8.827700019E-01 6.195700000E+04 -5.025700000E+04 2.444299927E+02 3.130799866E+02 -2.100000000E+01 -4.013399963E+02 1.205199957E+00 4.496800005E-01 1.059400034E-03
 6.150000263E-05 8.517999959E-05 8.012400270E-01 4.687500000E+04 -4.928500000E+04 2.370200043E+02 3.312399902E+02 -3.508100128E+01 -3.280400085E+02 1.299100041E+00 3.957700133E-01 1.167000039E-03
 6.354999641E-05 8.491599874E-05 7.281699777E-01 2.560700000E+04 -4.534600000E+04 2.300399933E+02 3.470899963E+02 -4.828900146E+01 -2.227100067E+02 1.387199998E+00 3.490700126E-01 1.284200000E-03
 6.559999747E-05 8.465199789E-05 6.634600163E-01 9.376200195E+03 -3.487900000E+04 2.235599976E+02 3.607300110E+02 -5.962799835E+01 -1.547799988E+02 1.468000054E+00 3.090699911E-01 1.408900018E-03
 6.764999853E-05 8.438799705E-05 6.083999872E-01 -7.698899902E+03 -2.491100000E+04 2.177299957E+02 3.721400146E+02 -6.846900177E+01 -1.095000000E+02 1.539299965E+00 2.759999931E-01 1.536100055E-03
 6.969999959E-05 8.412400348E-05 5.614100099E-01 -2.035600000E+04 -1.261700000E+04 2.125099945E+02 3.823200073E+02 -7.524500275E+01 -5.629899979E+01 1.604400039E+00 2.485599965E-01 1.664199983E-03
 7.175000064E-05 8.386000263E-05 5.213000178E-01 -3.703100000E+04 1.984699951E+03 2.077500000E+02 3.915400085E+02 -8.034500122E+01 4.764400005E+00 1.664499998E+00 2.256100029E-01 1.791700022E-03
 7.380000170E-05 8.359600179E-05 4.873200059E-01 -5.499600000E+04 7.315799805E+03 2.035099945E+02 3.996000061E+02 -8.346900177E+01 5.385200119E+01 1.717499971E+00 2.065899968E-01 1.916200039E-03
 7.585000276E-05 8.333200094E-05 4.583599865E-01 -6.144800000E+04 1.139500000E+04 1.996900024E+02 4.068299866E+02 -8.467600250E+01 8.785199738E+01 1.764999986E+00 1.906500012E-01 2.036900027E-03
 7.789999654E-05 8.306800009E-05 4.336099923E-01 -7.603500000E+04 2.497200000E+04 1.963800049E+02 4.133699951E+02 -8.481300354E+01 1.139700012E+02 1.807299972E+00 1.773499995E-01 2.152699977E-03
 7.994999760E-05 8.280399925E-05 4.127199948E-01 -9.284800000E+04 3.168700000E+04 1.935700073E+02 4.191300049E+02 -8.386100006E+01 1.277399979E+02 1.843899965E+00 1.663900018E-01 2.261399990E-03
 8.199999866E-05 8.253999840E-05 3.948299885E-01 -9.322800000E+04 3.297000000E+04 1.909299927E+02 4.244400024E+02 -8.210199738E+01 1.272300034E+02 1.877799988E+00 1.570000052E-01 2.363600070E-03
 8.404999971E-05 8.227599756E-05 3.793300092E-01 -9.572100000E+04 3.683600000E+04 1.885700073E+02 4.292300110E+02 -7.964900208E+01 1.367299957E+02 1.907999992E+00 1.489699930E-01 2.460000105E-03
 8.610000077E-05 8.201199671E-05 3.655300140E-01 -1.055400000E+05 4.034000000E+04 1.865599976E+02 4.335599976E+02 -7.660900116E+01 1.469400024E+02 1.934599996E+00 1.420200020E-01 2.552800113E-03
 8.815000183E-05 8.174800314E-05 3.531500101E-01 -1.110900000E+05 3.878700000E+04 1.846399994E+02 4.378200073E+02 -7.333100128E+01 1.426300049E+02 1.960700035E+00 1.357900053E-01 2.642200096E-03
 9.020000289E-05 8.148400229E-05 3.419800103E-01 -1.148400000E+05 3.436600000E+04 1.827299957E+02 4.417999878E+02 -6.983899689E+01 1.462299957E+02 1.985900044E+00 1.301400065E-01 2.728400053E-03
 9.224999667E-05 8.122000145E-05 3.322100043E-01 -1.217500000E+05 3.411200000E+04 1.811300049E+02 4.451000061E+02 -6.660600281E+01 1.540700073E+02 2.006900072E+00 1.253100038E-01 2.808399964E-03
 9.429999773E-05 8.095600060E-05 3.232899904E-01 -1.229600000E+05 3.639700000E+04 1.797400055E+02 4.482399902E+02 -6.365399933E+01 1.425399933E+02 2.026700020E+00 1.210099980E-01 2.886000089E-03
 9.634999878E-05 8.069199976E-05 3.142699897E-01 -1.206400000E+05 3.459800000E+04 1.781600037E+02 4.516499939E+02 -6.086800003E+01 1.248300018E+02 2.049099922E+00 1.165999994E-01 2.968899906E-03
 9.839999984E-05 8.042799891E-05 3.056100011E-01 -1.202900000E+05 2.966500000E+04 1.766199951E+02 4.548299866E+02 -5.802500153E+01 1.165000000E+02 2.070600033E+00 1.124100015E-01 3.052999964E-03
 1.004500009E-04 8.016399806E-05 2.975699902E-01 -1.255500000E+05 2.557700000E+04 1.751999969E+02 4.576799927E+02 -5.553400040E+01 1.110299988E+02 2.090399981E+00 1.085700020E-01 3.135300009E-03
 1.025000020E-04 7.989999722E-05 2.899099886E-01 -1.347200000E+05 2.366400000E+04 1.738800049E+02 4.603800049E+02 -5.373500061E+01 1.089300003E+02 2.109600067E+00 1.049799994E-01 3.218200058E-03
 1.045500030E-04 7.963599637E-05 2.824899852E-01 -1.511100000E+05 2.585900000E+04 1.727899933E+02 4.626700134E+02 -5.192900085E+01 1.093199997E+02 2.125699997E+00 1.016499996E-01 3.302699886E-03
 1.065999968E-04 7.937200280E-05 2.754200101E-01 -1.697300000E+05 3.019400000E+04 1.717200012E+02 4.647500000E+02 -5.031399918E+01 1.051200027E+02 2.140899897E+00 9.849199653E-02 3.387500066E-03
 1.086499979E-04 7.910800196E-05 2.691200078E-01 -1.882800000E+05 2.905900000E+04 1.708300018E+02 4.663500061E+02 -4.909400177E+01 9.778099823E+01 2.153199911E+00 9.573599696E-02 3.466600087E-03
 1.106999989E-04 7.884400111E-05 2.631199956E-01 -2.117800000E+05 2.964600000E+04 1.701199951E+02 4.678800049E+02 -4.789199829E+01 9.757299805E+01 2.164099932E+00 9.321600199E-02 3.545700107E-03
 1.127500000E-04 7.858000026E-05 2.569400072E-01 -2.272000000E+05 3.000900000E+04 1.691799927E+02 4.698800049E+02 -4.692800140E+01 9.206700134E+01 2.178800106E+00 9.052699804E-02 3.630900057E-03
 1.148000010E-04 7.831599942E-05 2.512399852E-01 -2.485800000E+05 2.773800000E+04 1.684700012E+02 4.713399963E+02 -4.613600159E+01 9.183000183E+01 2.189800024E+00 8.814399689E-02 3.713200102E-03
 1.168500021E-04 7.805199857E-05 2.482700050E-01 -3.448600000E+05 3.449300000E+04 1.701799927E+02 4.681499939E+02 -4.530500031E+01 1.111399994E+02 2.164000034E+00 8.798100054E-02 3.757199971E-03
 1.189000031E-04 7.778799772E-05 2.629899979E-01 -8.325100000E+05 7.106300000E+04 1.867599945E+02 4.359500122E+02 -4.235699844E+01 2.378200073E+02 1.932999969E+00 1.027399972E-01 3.558699973E-03
 1.209499969E-04 7.752399688E-05 3.440000117E-01 -1.231400000E+06 1.027200000E+05 2.281900024E+02 3.396700134E+02 -3.407799911E+01 4.834200134E+02 1.379299998E+00 1.671400070E-01 2.815400017E-03
 1.230000053E-04 7.726000331E-05 5.137199759E-01 -7.349700000E+05 6.751700000E+04 2.676799927E+02 2.252700043E+02 -2.397900009E+01 4.835899963E+02 8.358299732E-01 2.891199887E-01 1.893199980E-03
 1.250500063E-04 7.699600246E-05 6.720700264E-01 -1.451900000E+05 1.980700000E+04 2.842399902E+02 1.646799927E+02 -1.795599937E+01 2.206600037E+02 5.900400281E-01 3.982299864E-01 1.397200045E-03
 1.270999928E-04 7.673200162E-05 7.386500239E-01 -3.253600000E+04 1.101800000E+04 2.888299866E+02 1.478099976E+02 -1.573999977E+01 4.608499908E+01 5.249099731E-01 4.442900121E-01 1.263199956E-03
 1.291499939E-04 7.646800077E-05 7.525299788E-01 -2.416400000E+04 7.709299805E+03 2.900199890E+02 1.438000031E+02 -1.483399963E+01 1.137500000E+01 5.094400048E-01 4.544799924E-01 1.239600009E-03
 1.311999949E-04 7.620399992E-05 7.560700178E-01 -2.529900000E+04 6.475000000E+03 2.905299988E+02 1.417299957E+02 -1.418799973E+01 1.316499996E+01 5.015100241E-01 4.574199915E-01 1.233799965E-03
 1.332499960E-04 7.593999908E-05 7.591999769E-01 -1.972200000E+04 1.474100000E+04 2.908500061E+02 1.398600006E+02 -1.378899956E+01 2.374000072E+00 4.945400059E-01 4.598099887E-01 1.228700043E-03
 1.352999971E-04 7.567599823E-05 7.615799904E-01 -1.262700000E+04 1.619100000E+04 2.912600098E+02 1.380599976E+02 -1.354100037E+01 -1.204800034E+01 4.878199995E-01 4.619199932E-01 1.224800013E-03
 1.373499981E-04 7.541199739E-05 7.643100023E-01 -1.235200000E+04 8.921400391E+03 2.916499939E+02 1.358899994E+02 -1.332900047E+01 -1.069600010E+01 4.798400104E-01 4.641900063E-01 1.220499980E-03
 1.393999992E-04 7.514799654E-05 7.676200271E-01 -8.862400391E+03 3.623500000E+03 2.919100037E+02 1.336300049E+02 -1.319600010E+01 2.168400049E+00 4.716899991E-01 4.666100144E-01 1.215200056E-03
 1.414500002E-04 7.488400297E-05 7.704100013E-01 -1.829000000E+03 2.446100098E+03 2.921199951E+02 1.317299957E+02 -1.293799973E+01 8.028599739E+00 4.647600055E-01 4.686500132E-01 1.210800023E-03
 1.435000013E-04 7.462000212E-05 7.731800079E-01 -4.128200195E+03 -2.018199951E+03 2.925100098E+02 1.298200073E+02 -1.274300003E+01 -1.545300007E+01 4.577200115E-01 4.709500074E-01 1.206399989E-03
 1.455500023E-04 7.435600128E-05 7.745199800E-01 -1.119500000E+04 -5.520399902E+03 2.928299866E+02 1.280899963E+02 -1.240299988E+01 -1.226799965E+01 4.513100088E-01 4.722900093E-01 1.204399974E-03
 1.476000034E-04 7.409200043E-05 7.757800221E-01 -1.079000000E+04 1.857800049E+03 2.931600037E+02 1.263199997E+02 -1.189500046E+01 1.736199951E+01 4.447099864E-01 4.735899866E-01 1.202399959E-03
 1.496500045E-04 7.382799959E-05 7.781000137E-01 -1.255200000E+04 1.308000000E+03 2.936000061E+02 1.244000015E+02 -1.157800007E+01 3.028599930E+01 4.375999868E-01 4.757199883E-01 1.198800048E-03
 1.517000055E-04 7.356399874E-05 7.802600265E-01 -1.220300000E+04 -2.208500000E+03 2.938099976E+02 1.226299973E+02 -1.130900002E+01 2.847200012E+01 4.311900139E-01 4.773800075E-01 1.195500023E-03
 1.537500066E-04 7.329999789E-05 7.821099758E-01 -5.966200195E+03 1.119099976E+03 2.940000000E+02 1.210400009E+02 -1.097700024E+01 6.372799873E+00 4.253900051E-01 4.788300097E-01 1.192700001E-03
 1.557999931E-04 7.303599705E-05 7.837399840E-01 -6.723700195E+03 4.456100098E+03 2.943099976E+02 1.196900024E+02 -1.051000023E+01 -3.368799925E+00 4.203099906E-01 4.803299904E-01 1.190199982E-03
 1.578499941E-04 7.277200348E-05 7.854499817E-01 -2.780899902E+03 3.076199951E+03 2.945499878E+02 1.183799973E+02 -1.005700016E+01 1.456400013E+01 4.154599905E-01 4.817700088E-01 1.187599963E-03
 1.598999952E-04 7.250800263E-05 7.871900201E-01 1.883099976E+03 1.819900024E+03 2.946900024E+02 1.171500015E+02 -9.544599533E+00 3.721799850E+01 4.109100103E-01 4.830699861E-01 1.184999943E-03
 1.619499963E-04 7.224400179E-05 7.888200283E-01 -1.974300049E+03 6.935799805E+03 2.948599854E+02 1.158099976E+02 -9.150099754E+00 2.887400055E+01 4.060100019E-01 4.843499959E-01 1.182500040E-03
 1.639999973E-04 7.198000094E-05 7.893700004E-01 -3.725699951E+03 8.634500000E+03 2.950100098E+02 1.143700027E+02 -8.802599907E+00 9.636899948E+00 4.007999897E-01 4.849300086E-01 1.181700034E-03
 1.660499984E-04 7.171600009E-05 7.897899747E-01 -5.258200073E+02 6.344500000E+03 2.951000061E+02 1.130999985E+02 -8.163299561E+00 1.319099998E+01 3.961499929E-01 4.853299856E-01 1.181100029E-03
 1.680999994E-04 7.145199925E-05 7.911300063E-01 -1.584900024E+03 3.471199951E+03 2.952999878E+02 1.117900009E+02 -7.553999901E+00 1.698500061E+01 3.912900090E-01 4.864900112E-01 1.179100014E-03
 1.701500005E-04 7.118799840E-05 7.924299836E-01 -4.464200195E+03 6.445000000E+03 2.954299927E+02 1.105000000E+02 -6.835199833E+00 1.617700005E+01 3.865799904E-01 4.875099957E-01 1.177099999E-03
 1.722000015E-04 7.092399755E-05 7.940400243E-01 -1.321500000E+03 3.548300049E+03 2.955100098E+02 1.094300003E+02 -5.985400200E+00 3.376499939E+01 3.826099932E-01 4.886299968E-01 1.174699981E-03
 1.742500026E-04 7.065999671E-05 7.953900099E-01 -3.526899902E+03 -1.449699951E+03 2.956499939E+02 1.084000015E+02 -5.475299835E+00 3.165399933E+01 3.788500130E-01 4.896799922E-01 1.172799966E-03
 1.763000037E-04 7.039600314E-05 7.959100008E-01 -7.883299805E+03 7.861500000E+03 2.958200073E+02 1.075400009E+02 -4.868899822E+00 3.333300018E+01 3.756299913E-01 4.902899861E-01 1.171999960E-03
 1.783500047E-04 7.013200229E-05 7.965800166E-01 -3.947699951E+03 1.430000000E+04 2.960400085E+02 1.067399979E+02 -4.091700077E+00 2.831999969E+01 3.725999892E-01 4.910700023E-01 1.170999953E-03
 1.804000058E-04 6.986800145E-05 7.966399789E-01 -2.010500000E+03 1.377900000E+04 2.961600037E+02 1.060699997E+02 -3.439199924E+00 1.215200043E+01 3.700999916E-01 4.912999868E-01 1.170899952E-03
 1.824500068E-04 6.960400060E-05 7.964500189E-01 3.780400085E+02 1.093000000E+04 2.963200073E+02 1.054700012E+02 -2.511199951E+00 2.845599937E+01 3.678300083E-01 4.914599955E-01 1.171199954E-03
 1.844999933E-04 6.933999975E-05 7.968800068E-01 9.625200195E+03 9.230500000E+03 2.964299927E+02 1.046999969E+02 -1.466300011E+00 3.644699860E+01 3.650099933E-01 4.918999970E-01 1.170599950E-03
 1.865499944E-04 6.907599891E-05 7.976099849E-01 5.993600098E+03 7.974000000E+03 2.966000061E+02 1.039800034E+02 -4.648599923E-01 3.385900116E+01 3.623600006E-01 4.926300049E-01 1.169500058E-03
 1.885999955E-04 6.881199806E-05 7.978600264E-01 -1.079800049E+03 5.665799805E+03 2.967500000E+02 1.034300003E+02 7.762799859E-01 4.254600143E+01 3.603399992E-01 4.930300117E-01 1.169100055E-03
 1.906499965E-04 6.854799722E-05 7.976800203E-01 -3.113299942E+01 1.165300049E+03 2.967200012E+02 1.030599976E+02 1.983199954E+00 4.082300186E+01 3.591400087E-01 4.928700030E-01 1.169400057E-03
 1.926999976E-04 6.828399637E-05 7.973200083E-01 -4.809500000E+03 -3.907300049E+03 2.967799988E+02 1.029400024E+02 3.011399984E+00 3.815900040E+01 3.587799966E-01 4.927600026E-01 1.169899944E-03
 1.947499986E-04 6.802000280E-05 7.968699932E-01 -4.489299805E+03 2.947500000E+03 2.968900146E+02 1.028399963E+02 4.175600052E+00 3.986199951E+01 3.585000038E-01 4.926599860E-01 1.170599950E-03
 1.967999997E-04 6.775600195E-05 7.964299917E-01 8.188499756E+02 5.316299805E+03 2.968200073E+02 1.027099991E+02 5.316699982E+00 4.980300140E+01 3.582800031E-01 4.922699928E-01 1.171199954E-03
 1.988500007E-04 6.749200111E-05 7.958999872E-01 -9.482000122E+02 7.016299805E+03 2.968099976E+02 1.028199997E+02 6.424300194E+00 5.790999985E+01 3.588800132E-01 4.919300079E-01 1.171999960E-03
 2.009000018E-04 6.722800026E-05 7.955899835E-01 -3.166300049E+03 8.367299805E+03 2.968900146E+02 1.030899963E+02 7.966300011E+00 6.726999664E+01 3.601399958E-01 4.918699861E-01 1.172499964E-03
 2.029500029E-04 6.696399942E-05 7.953400016E-01 -1.049900024E+03 3.951100098E+03 2.967399902E+02 1.033300018E+02 9.504199982E+00 7.835099792E+01 3.615300059E-01 4.914599955E-01 1.172799966E-03
 2.050000039E-04 6.669999857E-05 7.951400280E-01 6.588099976E+02 2.298500000E+03 2.966099854E+02 1.034499969E+02 1.010599995E+01 7.556199646E+01 3.622100055E-01 4.911299944E-01 1.173099969E-03
 0.000000000E+00 8.033299673E-05 1.600700021E+00 -1.739900000E+05 1.300800049E+03 3.000000000E+02 5.156100082E+01 1.136800003E+01 -3.547300110E+02 1.888000071E-01 1.006999969E+00 5.741699715E-04
 2.049999921E-06 8.060000255E-05 1.607300043E+00 -8.595800000E+04 -1.432599976E+03 2.987500000E+02 5.341699982E+01 1.179800034E+01 -2.004900055E+02 1.928900033E-01 1.003399968E+00 5.760900094E-04
 4.099999842E-06 8.086700109E-05 1.611600041E+00 3.722800049E+03 2.136000000E+03 2.975599976E+02 5.647600174E+01 1.209300041E+01 -7.947599888E+00 2.009499967E-01 9.986299872E-01 5.787899718E-04
 6.149999990E-06 8.113300282E-05 1.608199954E+00 6.659399902E+03 -6.838700195E+03 2.975100098E+02 5.899900055E+01 1.185099983E+01 1.914500046E+01 2.093999982E-01 9.963300228E-01 5.800200161E-04
 8.199999684E-06 8.140000136E-05 1.605999947E+00 6.976700195E+03 -1.064000000E+04 2.972999878E+02 6.183800125E+01 1.159300041E+01 1.645000076E+01 2.190099955E-01 9.942700267E-01 5.808299757E-04
 1.024999983E-05 8.166699990E-05 1.604200006E+00 6.238799805E+03 4.682299805E+03 2.970499878E+02 6.486399841E+01 1.150500011E+01 2.902599907E+01 2.293999940E-01 9.923099875E-01 5.814799806E-04
 1.229999998E-05 8.193300164E-05 1.601400018E+00 1.305500000E+04 1.173600000E+04 2.968500061E+02 6.802999878E+01 1.183600044E+01 2.711199951E+01 2.405399978E-01 9.899299741E-01 5.824899999E-04
 1.435000013E-05 8.220000018E-05 1.598299980E+00 1.754100000E+04 8.983299805E+03 2.966400146E+02 7.154699707E+01 1.247700024E+01 1.629800034E+01 2.530899942E-01 9.872999787E-01 5.836199853E-04
 1.639999937E-05 8.246699872E-05 1.593600035E+00 1.052900000E+04 2.100399902E+03 2.963200073E+02 7.544499969E+01 1.301599979E+01 2.459399986E+01 2.669300139E-01 9.833499789E-01 5.853400216E-04
 1.845000043E-05 8.273300045E-05 1.587700009E+00 1.305500000E+04 -8.086900024E+02 2.960799866E+02 7.945300293E+01 1.347500038E+01 4.510100174E+01 2.810899913E-01 9.789199829E-01 5.875100032E-04
 2.049999966E-05 8.299999899E-05 1.583400011E+00 1.304900000E+04 8.105399902E+03 2.957600098E+02 8.350800323E+01 1.416899967E+01 3.804999924E+01 2.955999970E-01 9.752399921E-01 5.891000037E-04
 2.255000072E-05 8.326699754E-05 1.576400042E+00 1.326400000E+04 1.628700000E+04 2.955100098E+02 8.806099701E+01 1.501900005E+01 5.289199829E+01 3.118900061E-01 9.700499773E-01 5.917300005E-04
 2.459999996E-05 8.353299927E-05 1.567499995E+00 1.338700000E+04 2.062699951E+03 2.952900085E+02 9.302400208E+01 1.581299973E+01 4.620999908E+01 3.295600116E-01 9.638599753E-01 5.950999912E-04
 2.664999920E-05 8.379999781E-05 1.558699965E+00 3.385699951E+03 4.275100098E+03 2.950000000E+02 9.805400085E+01 1.659499931E+01 3.365100098E+01 3.474999964E-01 9.575099945E-01 5.984600284E-04
 2.870000026E-05 8.406700363E-05 1.550899982E+00 4.769100098E+03 2.159600000E+04 2.942999878E+02 1.033600006E+02 1.729800034E+01 4.351800156E+01 3.666299880E-01 9.504600167E-01 6.014700048E-04
 3.075000132E-05 8.433299809E-05 1.541900039E+00 1.188900000E+04 1.575600000E+04 2.934200134E+02 1.092699966E+02 1.811400032E+01 2.811899948E+01 3.880699873E-01 9.421399832E-01 6.049799849E-04
 3.279999873E-05 8.459999663E-05 1.529500008E+00 1.837800000E+04 9.811500000E+03 2.925599976E+02 1.157399979E+02 1.909499931E+01 3.693000031E+01 4.115999937E-01 9.318500161E-01 6.098700105E-04
 3.484999979E-05 8.486700244E-05 1.516499996E+00 2.417800000E+04 3.575300049E+03 2.917000122E+02 1.225599976E+02 2.005200005E+01 3.209400177E+01 4.363900125E-01 9.211999774E-01 6.151000271E-04
 3.690000085E-05 8.513299690E-05 1.500200033E+00 2.047900000E+04 -2.142800049E+03 2.908099976E+02 1.299700012E+02 2.088100052E+01 1.502700043E+01 4.632799923E-01 9.084900022E-01 6.218299968E-04
 3.894999827E-05 8.540000272E-05 1.480100036E+00 1.586400000E+04 9.192299805E+03 2.894899902E+02 1.383800049E+02 2.160899925E+01 3.410599899E+01 4.940499961E-01 8.922899961E-01 6.302500260E-04
 4.099999933E-05 8.566700126E-05 1.457000017E+00 2.233100000E+04 4.104899902E+03 2.879500122E+02 1.479100037E+02 2.246199989E+01 5.205199814E+01 5.291299820E-01 8.736699820E-01 6.402800209E-04
 4.305000039E-05 8.593300299E-05 1.430199981E+00 2.323300000E+04 -2.569000000E+03 2.861300049E+02 1.586399994E+02 2.320899963E+01 1.826000023E+01 5.688999891E-01 8.521800041E-01 6.522900076E-04
 4.510000144E-05 8.620000153E-05 1.397099972E+00 3.640900000E+04 4.175100098E+03 2.836600037E+02 1.710399933E+02 2.337100029E+01 1.791900039E+00 6.152399778E-01 8.253099918E-01 6.678000209E-04
 4.714999886E-05 8.646700007E-05 1.354599953E+00 4.636100000E+04 9.370700195E+03 2.807999878E+02 1.853899994E+02 2.291500092E+01 1.378899956E+01 6.691200137E-01 7.921299934E-01 6.888399948E-04
 4.919999992E-05 8.673300181E-05 1.303099990E+00 5.269900000E+04 6.260499878E+02 2.772699890E+02 2.017700043E+02 2.145499992E+01 -4.415700150E+01 7.315000296E-01 7.524999976E-01 7.161900285E-04
 5.125000098E-05 8.700000035E-05 1.238999963E+00 6.788900000E+04 -1.215800000E+04 2.725199890E+02 2.210599976E+02 1.833900070E+01 -1.499400024E+02 8.066800237E-01 7.033200264E-01 7.534900215E-04
 5.329999840E-05 8.676000289E-05 1.160899997E+00 7.313300000E+04 -1.679100000E+04 2.667699890E+02 2.431900024E+02 1.325199986E+01 -2.490000000E+02 8.952900171E-01 6.452000141E-01 8.045699797E-04
 5.534999946E-05 8.651999815E-05 1.074300051E+00 8.131500000E+04 -2.556900000E+04 2.602399902E+02 2.661000061E+02 5.212100029E+00 -3.234400024E+02 9.906600118E-01 5.824999809E-01 8.698300226E-04
 5.740000051E-05 8.628000069E-05 9.852899909E-01 6.894600000E+04 -3.676000000E+04 2.530700073E+02 2.883699951E+02 -5.516200066E+00 -3.538800049E+02 1.088700056E+00 5.195900202E-01 9.486899944E-04
 5.945000157E-05 8.604000323E-05 8.981400132E-01 5.480500000E+04 -4.357900000E+04 2.456300049E+02 3.091400146E+02 -1.781399918E+01 -3.583900146E+02 1.186300039E+00 4.597299993E-01 1.041000010E-03
 6.150000263E-05 8.579999849E-05 8.174399734E-01 5.019500000E+04 -4.525200000E+04 2.383600006E+02 3.274800110E+02 -3.043499947E+01 -3.116600037E+02 1.279000044E+00 4.060299993E-01 1.143699978E-03
 6.354999641E-05 8.556000103E-05 7.438300252E-01 2.480200000E+04 -4.345900000E+04 2.313899994E+02 3.437600098E+02 -4.226800156E+01 -2.459400024E+02 1.366999984E+00 3.586800098E-01 1.257000025E-03
 6.559999747E-05 8.532000356E-05 6.777600050E-01 -1.373900024E+03 -3.481100000E+04 2.248200073E+02 3.578999939E+02 -5.261700058E+01 -1.840399933E+02 1.448400021E+00 3.175100088E-01 1.379200025E-03
 6.764999853E-05 8.507999883E-05 6.210600138E-01 -1.358900000E+04 -2.445600000E+04 2.187899933E+02 3.700299988E+02 -6.110599899E+01 -1.152600021E+02 1.521999955E+00 2.831200063E-01 1.504800050E-03
 6.969999959E-05 8.484000136E-05 5.721899867E-01 -2.212400000E+04 -1.083900000E+04 2.134199982E+02 3.810000000E+02 -6.771600342E+01 -5.537599945E+01 1.590000033E+00 2.544099987E-01 1.632899977E-03
 7.175000064E-05 8.459999663E-05 5.300899744E-01 -3.612300000E+04 6.862899780E+01 2.085500031E+02 3.908099976E+02 -7.280000305E+01 -2.683700085E+00 1.652300000E+00 2.303099930E-01 1.762200030E-03
 7.380000170E-05 8.435999916E-05 4.941799939E-01 -5.220300000E+04 2.425199951E+03 2.040099945E+02 3.993800049E+02 -7.621499634E+01 3.840999985E+01 1.708600044E+00 2.100200057E-01 1.889699954E-03
 7.585000276E-05 8.412000170E-05 4.634599984E-01 -6.332900000E+04 9.856599609E+03 1.998699951E+02 4.070700073E+02 -7.778900146E+01 7.317700195E+01 1.759500027E+00 1.929499954E-01 2.014700091E-03
 7.789999654E-05 8.387999696E-05 4.371699989E-01 -7.641500000E+04 2.172400000E+04 1.963899994E+02 4.138299866E+02 -7.826300049E+01 1.030699997E+02 1.803799987E+00 1.788199991E-01 2.135300077E-03
 7.994999760E-05 8.363999950E-05 4.148899913E-01 -8.266500000E+04 2.518900000E+04 1.933899994E+02 4.197399902E+02 -7.777500153E+01 1.203199997E+02 1.842399955E+00 1.671099961E-01 2.249700017E-03
 8.199999866E-05 8.340000204E-05 3.953700066E-01 -8.350000000E+04 2.490300000E+04 1.905500031E+02 4.254500122E+02 -7.652799988E+01 1.181200027E+02 1.879500031E+00 1.569100022E-01 2.360600047E-03
 8.404999971E-05 8.315999730E-05 3.780699968E-01 -9.400000000E+04 3.021900000E+04 1.880200043E+02 4.308099976E+02 -7.444100189E+01 1.314799957E+02 1.913599968E+00 1.480399966E-01 2.468399936E-03
 8.610000077E-05 8.291999984E-05 3.631300032E-01 -1.032700000E+05 3.473100000E+04 1.859299927E+02 4.353999939E+02 -7.175099945E+01 1.397299957E+02 1.942199945E+00 1.406099945E-01 2.569699893E-03
 8.815000183E-05 8.268000238E-05 3.501299918E-01 -1.099400000E+05 3.317500000E+04 1.839600067E+02 4.395000000E+02 -6.874299622E+01 1.369499969E+02 1.968400002E+00 1.341399997E-01 2.665099921E-03
 9.020000289E-05 8.243999764E-05 3.386400044E-01 -1.127300000E+05 3.219700000E+04 1.819799957E+02 4.433699951E+02 -6.552700043E+01 1.462599945E+02 1.993899941E+00 1.283400059E-01 2.755299909E-03
 9.224999667E-05 8.220000018E-05 3.284699917E-01 -1.167200000E+05 3.102500000E+04 1.803699951E+02 4.468699951E+02 -6.238000107E+01 1.491100006E+02 2.016299963E+00 1.233899966E-01 2.840500092E-03
 9.429999773E-05 8.196000272E-05 3.192299902E-01 -1.237200000E+05 3.088800000E+04 1.790000000E+02 4.498200073E+02 -5.928400040E+01 1.409100037E+02 2.035200119E+00 1.190000027E-01 2.922700020E-03
 9.634999878E-05 8.171999798E-05 3.102299869E-01 -1.245900000E+05 3.186300000E+04 1.773500061E+02 4.530899963E+02 -5.639899826E+01 1.188000031E+02 2.057699919E+00 1.145799980E-01 3.007600084E-03
 9.839999984E-05 8.148000052E-05 3.015500009E-01 -1.269800000E+05 3.028400000E+04 1.757799988E+02 4.565499878E+02 -5.347499847E+01 1.078499985E+02 2.080800056E+00 1.103900000E-01 3.094000043E-03
 1.004500009E-04 8.124000306E-05 2.938799858E-01 -1.328800000E+05 2.882800000E+04 1.744900055E+02 4.592000122E+02 -5.092699814E+01 1.054300003E+02 2.099100113E+00 1.067899987E-01 3.174700076E-03
 1.025000020E-04 8.099999832E-05 2.866899967E-01 -1.388000000E+05 2.472400000E+04 1.731699982E+02 4.617300110E+02 -4.883399963E+01 9.562599945E+01 2.117599964E+00 1.033900008E-01 3.254400101E-03
 1.045500030E-04 8.076000086E-05 2.797800004E-01 -1.538200000E+05 2.244700000E+04 1.720899963E+02 4.639100037E+02 -4.674399948E+01 9.900199890E+01 2.133100033E+00 1.002700031E-01 3.334600013E-03
 1.065999968E-04 8.052000339E-05 2.731899917E-01 -1.744000000E+05 2.570300000E+04 1.711999969E+02 4.657200012E+02 -4.507699966E+01 9.611499786E+01 2.146199942E+00 9.739500284E-02 3.415100044E-03
 1.086499979E-04 8.027999866E-05 2.668899894E-01 -1.936800000E+05 2.581900000E+04 1.703000031E+02 4.673500061E+02 -4.386199951E+01 9.266600037E+01 2.158699989E+00 9.465000033E-02 3.495499957E-03
 1.106999989E-04 8.004000119E-05 2.610099912E-01 -2.149300000E+05 2.700600000E+04 1.695399933E+02 4.688599854E+02 -4.273899841E+01 9.436000061E+01 2.170000076E+00 9.215500206E-02 3.574199975E-03
 1.127500000E-04 7.979999646E-05 2.553099990E-01 -2.268800000E+05 2.972900000E+04 1.686600037E+02 4.707399902E+02 -4.179000092E+01 8.733499908E+01 2.183900118E+00 8.967000246E-02 3.654100001E-03
 1.148000010E-04 7.955999899E-05 2.500999868E-01 -2.441900000E+05 2.726400000E+04 1.679299927E+02 4.721400146E+02 -4.098799896E+01 8.158300018E+01 2.194799900E+00 8.745999634E-02 3.730100114E-03
 1.168500021E-04 7.932000153E-05 2.471600026E-01 -3.346200000E+05 2.803500000E+04 1.694700012E+02 4.693399963E+02 -4.021200180E+01 8.586000061E+01 2.171799898E+00 8.722099662E-02 3.774099983E-03
 1.189000031E-04 7.907999679E-05 2.601099908E-01 -8.080800000E+05 5.597900000E+04 1.850599976E+02 4.394700012E+02 -3.783900070E+01 1.805299988E+02 1.954499960E+00 1.006300002E-01 3.595999908E-03
 1.209499969E-04 7.883999933E-05 3.368700147E-01 -1.238900000E+06 8.174300000E+04 2.258300018E+02 3.453500061E+02 -3.110099983E+01 3.839599915E+02 1.408499956E+00 1.619700044E-01 2.870399971E-03
 1.230000053E-04 7.860000187E-05 5.037299991E-01 -7.774800000E+05 5.443100000E+04 2.662099915E+02 2.293899994E+02 -2.255200005E+01 4.114899902E+02 8.532299995E-01 2.821699977E-01 1.933800057E-03
 1.250500063E-04 7.835999713E-05 6.650199890E-01 -1.659200000E+05 1.563000000E+04 2.836600037E+02 1.657200012E+02 -1.707600021E+01 2.065500031E+02 5.940600038E-01 3.932900131E-01 1.413300051E-03
 1.270999928E-04 7.811999967E-05 7.357299924E-01 -3.484900000E+04 1.106800000E+04 2.885299988E+02 1.473099976E+02 -1.490400028E+01 5.473199844E+01 5.231299996E-01 4.420799911E-01 1.268299995E-03
 1.291499939E-04 7.788000221E-05 7.512900233E-01 -2.123000000E+04 3.671100098E+03 2.898200073E+02 1.428899994E+02 -1.380200005E+01 1.452499962E+01 5.060700178E-01 4.534200132E-01 1.241600025E-03
 1.311999949E-04 7.763999747E-05 7.552400231E-01 -2.502400000E+04 -2.126800049E+03 2.904800110E+02 1.407100067E+02 -1.302700043E+01 9.638500214E+00 4.975900054E-01 4.568499923E-01 1.235099975E-03
 1.332499960E-04 7.740000001E-05 7.583500147E-01 -1.947300000E+04 9.128299805E+03 2.909400024E+02 1.386199951E+02 -1.267599964E+01 1.936899948E+01 4.897600114E-01 4.594500065E-01 1.230000053E-03
 1.352999971E-04 7.716000255E-05 7.609199882E-01 -1.140400000E+04 1.078800000E+04 2.912900085E+02 1.366600037E+02 -1.227999973E+01 -4.849299908E+00 4.824999869E-01 4.615600109E-01 1.225900021E-03
 1.373499981E-04 7.691999781E-05 7.638199925E-01 -1.307900000E+04 5.112200195E+03 2.916300049E+02 1.347799988E+02 -1.204300022E+01 -2.096400023E+00 4.755600095E-01 4.638600051E-01 1.221199986E-03
 1.393999992E-04 7.668000035E-05 7.671099901E-01 -1.386900000E+04 2.009699951E+03 2.918999939E+02 1.329400024E+02 -1.203100014E+01 -7.720100284E-01 4.688999951E-01 4.662800133E-01 1.215999946E-03
 1.414500002E-04 7.644000289E-05 7.695400119E-01 -1.282900000E+04 4.686100098E+03 2.921400146E+02 1.311699982E+02 -1.179300022E+01 -1.472299957E+01 4.624100029E-01 4.681499898E-01 1.212100033E-03
 1.435000013E-04 7.619999815E-05 7.720400095E-01 -1.047100000E+04 4.163399902E+03 2.925199890E+02 1.293099976E+02 -1.155799961E+01 -1.120699978E+01 4.555599988E-01 4.702700078E-01 1.208200003E-03
 1.455500023E-04 7.596000069E-05 7.741199732E-01 -8.529299805E+03 -3.971800049E+03 2.928200073E+02 1.274800034E+02 -1.111800003E+01 -1.910899925E+01 4.487999976E-01 4.720300138E-01 1.204999979E-03
 1.476000034E-04 7.572000322E-05 7.758100033E-01 -1.046300000E+04 1.270500000E+03 2.930000000E+02 1.256500015E+02 -1.057600021E+01 -7.128700018E-01 4.421100020E-01 4.733499885E-01 1.202399959E-03
 1.496500045E-04 7.547999849E-05 7.781900167E-01 -1.822200000E+04 6.625700195E+03 2.932500000E+02 1.238199997E+02 -1.037300014E+01 2.351499939E+01 4.354700148E-01 4.752100110E-01 1.198700047E-03
 1.517000055E-04 7.524000102E-05 7.801700234E-01 -1.781700000E+04 4.567100098E+03 2.934599915E+02 1.223099976E+02 -1.024300003E+01 3.485400009E+01 4.300000072E-01 4.767600000E-01 1.195600023E-03
 1.537500066E-04 7.500000356E-05 7.817999721E-01 -8.786799805E+03 3.015899902E+03 2.936900024E+02 1.208399963E+02 -9.960800171E+00 1.812899971E+01 4.246200025E-01 4.781300128E-01 1.193100004E-03
 1.557999931E-04 7.475999882E-05 7.836400270E-01 -7.191600098E+03 5.612899780E+02 2.940400085E+02 1.192799988E+02 -9.485799789E+00 8.126999855E+00 4.187999964E-01 4.798200130E-01 1.190299983E-03
 1.578499941E-04 7.452000136E-05 7.851399779E-01 -4.859100098E+03 2.303699951E+02 2.943599854E+02 1.178600006E+02 -9.083499908E+00 -1.695099950E+00 4.134899974E-01 4.812699854E-01 1.188099966E-03
 1.598999952E-04 7.427999662E-05 7.864400148E-01 -1.466300049E+03 5.108899902E+03 2.945299988E+02 1.165899963E+02 -8.575400352E+00 -3.125400066E+00 4.088299870E-01 4.823400080E-01 1.186099951E-03
 1.619499963E-04 7.403999916E-05 7.877200246E-01 -5.834899902E+03 1.159200000E+04 2.946600037E+02 1.153199997E+02 -7.995800018E+00 4.837999821E+00 4.041500092E-01 4.833399951E-01 1.184200053E-03
 1.639999973E-04 7.380000170E-05 7.887600064E-01 -5.215500000E+03 1.054000000E+04 2.947900085E+02 1.139499969E+02 -7.630199909E+00 -1.294999981E+01 3.991999924E-01 4.842000008E-01 1.182600041E-03
 1.660499984E-04 7.355999696E-05 7.894499898E-01 -4.521100098E+03 3.683899902E+03 2.949500122E+02 1.126299973E+02 -7.064899921E+00 -5.213400126E-01 3.943600059E-01 4.848800004E-01 1.181600033E-03
 1.680999994E-04 7.331999950E-05 7.907099724E-01 -4.692799805E+03 -2.554800049E+03 2.951400146E+02 1.114100037E+02 -6.455399990E+00 1.779299927E+01 3.898299932E-01 4.859699905E-01 1.179700019E-03
 1.701500005E-04 7.308000204E-05 7.925000191E-01 1.691400024E+03 1.117400024E+03 2.952399902E+02 1.102799988E+02 -5.976600170E+00 1.189500046E+01 3.857600093E-01 4.872300029E-01 1.176999998E-03
 1.722000015E-04 7.283999730E-05 7.940899730E-01 7.134500000E+03 6.180600098E+03 2.952900085E+02 1.092799988E+02 -5.247099876E+00 2.220100021E+01 3.820900023E-01 4.882900119E-01 1.174699981E-03
 1.742500026E-04 7.259999984E-05 7.947700024E-01 4.817399902E+03 4.269600098E+03 2.953800049E+02 1.084300003E+02 -4.762199879E+00 1.691799927E+01 3.789899945E-01 4.888499975E-01 1.173699973E-03
 1.763000037E-04 7.236000238E-05 7.951200008E-01 -3.050399902E+03 4.313200195E+03 2.955499878E+02 1.076500015E+02 -4.201600075E+00 1.680299950E+01 3.761000037E-01 4.893600047E-01 1.173199969E-03
 1.783500047E-04 7.211999764E-05 7.961099744E-01 -2.726899902E+03 4.986100098E+03 2.957000122E+02 1.069400024E+02 -3.503499985E+00 2.810499954E+01 3.734200001E-01 4.902200103E-01 1.171699958E-03
 1.804000058E-04 7.188000018E-05 7.962800264E-01 -3.400300049E+03 4.473100098E+03 2.959100037E+02 1.063899994E+02 -2.935699940E+00 1.154500008E+01 3.713099957E-01 4.906699955E-01 1.171399956E-03
 1.824500068E-04 7.164000272E-05 7.961699963E-01 -4.774100098E+03 4.760799805E+03 2.960799866E+02 1.059199982E+02 -1.986999989E+00 1.264400005E+01 3.695099950E-01 4.908899963E-01 1.171599957E-03
 1.844999933E-04 7.139999798E-05 7.965999842E-01 -3.428500061E+02 8.822900391E+03 2.962099915E+02 1.053899994E+02 -9.871399999E-01 2.880200005E+01 3.675200045E-01 4.913600087E-01 1.170999953E-03
 1.865499944E-04 7.116000052E-05 7.974299788E-01 3.370600098E+03 9.264400391E+03 2.964299927E+02 1.048600006E+02 -8.747199923E-02 2.417900085E+01 3.655200005E-01 4.922400117E-01 1.169799943E-03
 1.885999955E-04 7.092000305E-05 7.975699902E-01 2.693199951E+03 9.492400391E+03 2.964200134E+02 1.045000000E+02 1.000599980E+00 2.966600037E+01 3.643000126E-01 4.923099875E-01 1.169599942E-03
 1.906499965E-04 7.067999832E-05 7.968199849E-01 -9.281099854E+02 5.790799805E+03 2.963399963E+02 1.043700027E+02 2.008699894E+00 2.824200058E+01 3.639400005E-01 4.917100072E-01 1.170599950E-03
 1.926999976E-04 7.044000085E-05 7.968699932E-01 1.586300049E+03 -8.265799805E+03 2.963599854E+02 1.044300003E+02 2.904200077E+00 2.303199959E+01 3.641999960E-01 4.917699993E-01 1.170599950E-03
 1.947499986E-04 7.020000339E-05 7.964199781E-01 -2.412300049E+03 -1.054400024E+03 2.964500122E+02 1.045299988E+02 4.019599915E+00 3.508900070E+01 3.646200001E-01 4.916499853E-01 1.171199954E-03
 1.967999997E-04 6.995999865E-05 7.959600091E-01 -5.927000000E+03 6.130600098E+03 2.963900146E+02 1.046399994E+02 5.137499809E+00 5.257600021E+01 3.652000129E-01 4.912700057E-01 1.171899959E-03
 1.988500007E-04 6.972000119E-05 7.956100106E-01 -2.840699951E+03 4.103299805E+03 2.963800049E+02 1.047600021E+02 6.143700123E+00 5.319599915E+01 3.658199906E-01 4.910300076E-01 1.172399963E-03
 2.009000018E-04 6.947999645E-05 7.950199842E-01 -4.510899902E+03 3.507000000E+03 2.964599915E+02 1.048600006E+02 7.474699974E+00 5.961199951E+01 3.664399981E-01 4.907999933E-01 1.173299970E-03
 2.029500029E-04 6.923999899E-05 7.945100069E-01 -5.239600220E+02 6.505599976E+02 2.963900146E+02 1.051399994E+02 8.990200043E+00 6.528600311E+01 3.678700030E-01 4.903799891E-01 1.174099976E-03
 2.050000039E-04 6.900000153E-05 7.940800190E-01 5.237799805E+03 7.310999756E+02 2.963699951E+02 1.053700027E+02 9.673600197E+00 5.325899887E+01 3.688899875E-01 4.900799990E-01 1.174699981E-03
 0.000000000E+00 8.150000212E-05 1.600700021E+00 -1.437900000E+05 3.116800049E+03 3.000000000E+02 5.084600067E+01 1.038199997E+01 -3.123999939E+02 1.853500009E-01 1.006600022E+00 5.741500063E-04
 2.049999921E-06 8.173999959E-05 1.607699990E+00 -7.001700000E+04 8.226000000E+03 2.987000122E+02 5.276200104E+01 1.063599968E+01 -1.579499969E+02 1.896899939E-01 1.003299952E+00 5.759099731E-04
 4.099999842E-06 8.197999705E-05 1.612400055E+00 5.338899902E+03 9.277599609E+03 2.974800110E+02 5.598799896E+01 1.073200035E+01 -1.011200047E+01 1.983799934E-01 9.988099933E-01 5.785200046E-04
 6.149999990E-06 8.222000179E-05 1.609300017E+00 5.713399902E+03 -4.508500000E+03 2.973900146E+02 5.881399918E+01 1.040900040E+01 1.302000046E+00 2.078800052E-01 9.965900183E-01 5.796499900E-04
 8.199999684E-06 8.245999925E-05 1.607100010E+00 3.793399902E+03 3.994000000E+03 2.971600037E+02 6.191299820E+01 1.007900047E+01 3.460200119E+01 2.184100002E-01 9.944700003E-01 5.804200191E-04
 1.024999983E-05 8.269999671E-05 1.604599953E+00 7.394000000E+03 8.960000000E+03 2.969800110E+02 6.494000244E+01 1.000599957E+01 5.771900177E+01 2.288399935E-01 9.923499823E-01 5.813200260E-04
 1.229999998E-05 8.294000145E-05 1.601999998E+00 7.741100098E+03 -2.854399902E+03 2.967600098E+02 6.811799622E+01 1.029500008E+01 3.948699951E+01 2.400200069E-01 9.899899960E-01 5.822699750E-04
 1.435000013E-05 8.317999891E-05 1.599099994E+00 4.574100098E+03 3.343600098E+03 2.965199890E+02 7.168499756E+01 1.076900005E+01 1.925699997E+01 2.526600063E-01 9.873800278E-01 5.833299947E-04
 1.639999937E-05 8.341999637E-05 1.593999982E+00 1.675800000E+04 5.317000000E+03 2.962799988E+02 7.554399872E+01 1.130000019E+01 2.938199997E+01 2.663399875E-01 9.834300280E-01 5.852099857E-04
 1.845000043E-05 8.366000111E-05 1.588199973E+00 2.347300000E+04 -1.736399994E+02 2.960400085E+02 7.949500275E+01 1.181499958E+01 5.114300156E+01 2.803399861E-01 9.790499806E-01 5.873499904E-04
 2.049999966E-05 8.389999857E-05 1.583199978E+00 2.118000000E+04 5.458500000E+03 2.956799927E+02 8.353299713E+01 1.240600014E+01 6.353799820E+01 2.947599888E-01 9.748299718E-01 5.891799810E-04
 2.255000072E-05 8.414000331E-05 1.575399995E+00 1.069000000E+04 7.765200195E+03 2.955100098E+02 8.809400177E+01 1.319499969E+01 7.111799622E+01 3.109999895E-01 9.694499969E-01 5.921000266E-04
 2.459999996E-05 8.438000077E-05 1.567299962E+00 -1.917000008E+01 -9.222299805E+02 2.952200012E+02 9.295600128E+01 1.397900009E+01 4.593399811E+01 3.283500075E-01 9.635599852E-01 5.951499916E-04
 2.664999920E-05 8.461999823E-05 1.559299946E+00 4.143799805E+03 6.708299805E+03 2.948399963E+02 9.804900360E+01 1.471899986E+01 2.767600060E+01 3.465499878E-01 9.573699832E-01 5.982100265E-04
 2.870000026E-05 8.486000297E-05 1.551100016E+00 6.353500000E+03 1.676500000E+04 2.942500000E+02 1.033399963E+02 1.537399960E+01 2.340299988E+01 3.655500114E-01 9.504399896E-01 6.013900274E-04
 3.075000132E-05 8.510000043E-05 1.541800022E+00 1.880300000E+04 1.769800000E+04 2.933699951E+02 1.090100021E+02 1.609300041E+01 2.867300034E+01 3.860999942E-01 9.419000149E-01 6.050299853E-04
 3.279999873E-05 8.533999790E-05 1.529099941E+00 2.857500000E+04 1.465200000E+04 2.925299988E+02 1.153199997E+02 1.699099922E+01 3.905799866E+01 4.090499878E-01 9.314699769E-01 6.100399769E-04
 3.484999979E-05 8.558000263E-05 1.515900016E+00 2.428900000E+04 6.942299805E+03 2.916099854E+02 1.221500015E+02 1.790999985E+01 4.625699997E+01 4.338800013E-01 9.205200076E-01 6.153500290E-04
 3.690000085E-05 8.582000009E-05 1.500399947E+00 2.226200000E+04 6.193500000E+03 2.906600037E+02 1.298099976E+02 1.876399994E+01 6.061199951E+01 4.617300034E-01 9.081500173E-01 6.217199843E-04
 3.894999827E-05 8.605999756E-05 1.480200052E+00 2.066900000E+04 9.378599609E+03 2.893399963E+02 1.383500061E+02 1.940399933E+01 5.051200104E+01 4.929200113E-01 8.918799758E-01 6.302099791E-04
 4.099999933E-05 8.630000229E-05 1.457000017E+00 9.658099609E+03 4.752299805E+03 2.877699890E+02 1.477899933E+02 2.012000084E+01 5.984299850E+01 5.277100205E-01 8.731499910E-01 6.402399740E-04
 4.305000039E-05 8.653999976E-05 1.430400014E+00 1.718000000E+04 7.502100098E+03 2.860599976E+02 1.583300018E+02 2.078199959E+01 2.872100067E+01 5.666700006E-01 8.521299958E-01 6.521799951E-04
 4.510000144E-05 8.677999722E-05 1.396499991E+00 3.284900000E+04 7.592399902E+03 2.837500000E+02 1.705899963E+02 2.085000038E+01 2.897900105E+00 6.123700142E-01 8.252300024E-01 6.680799997E-04
 4.714999886E-05 8.702000196E-05 1.354900002E+00 3.266400000E+04 -5.865800171E+02 2.809200134E+02 1.848099976E+02 2.046100044E+01 1.093099952E+00 6.658800244E-01 7.926300168E-01 6.886700285E-04
 4.919999992E-05 8.725999942E-05 1.304399967E+00 4.376500000E+04 1.009100000E+04 2.774100037E+02 2.009600067E+02 1.913899994E+01 -3.278499985E+01 7.275300026E-01 7.536299825E-01 7.154499763E-04
 5.125000098E-05 8.749999688E-05 1.241600037E+00 6.127800000E+04 3.421699951E+03 2.727600098E+02 2.197700043E+02 1.635899925E+01 -1.225599976E+02 8.010699749E-01 7.054200172E-01 7.518599741E-04
 5.329999840E-05 8.728400280E-05 1.166100025E+00 6.737900000E+04 -1.960300000E+04 2.672200012E+02 2.409799957E+02 1.201200008E+01 -2.104499969E+02 8.861500025E-01 6.491199732E-01 8.009300218E-04
 5.534999946E-05 8.706800145E-05 1.082399964E+00 7.168000000E+04 -2.871500000E+04 2.608800049E+02 2.630100098E+02 5.128399849E+00 -2.727999878E+02 9.779000282E-01 5.883100033E-01 8.631499950E-04
 5.740000051E-05 8.685200009E-05 9.953899980E-01 6.739300000E+04 -3.359100000E+04 2.539900055E+02 2.847799988E+02 -4.248499870E+00 -3.208900146E+02 1.072999954E+00 5.267900229E-01 9.389899787E-04
 5.945000157E-05 8.663599874E-05 9.102200270E-01 6.022500000E+04 -3.870900000E+04 2.467799988E+02 3.053599854E+02 -1.506400013E+01 -3.163699951E+02 1.168499947E+00 4.680800140E-01 1.026900019E-03
 6.150000263E-05 8.641999739E-05 8.312000036E-01 5.264600000E+04 -4.235600000E+04 2.395399933E+02 3.238099976E+02 -2.622299957E+01 -2.885400085E+02 1.260200024E+00 4.149099886E-01 1.124599949E-03
 6.354999641E-05 8.620400331E-05 7.576100230E-01 2.548900000E+04 -3.996900000E+04 2.326300049E+02 3.403699951E+02 -3.662400055E+01 -2.502599945E+02 1.347499967E+00 3.672600091E-01 1.234099967E-03
 6.559999747E-05 8.598800196E-05 6.909800172E-01 2.664199951E+03 -3.299800000E+04 2.260899963E+02 3.550299988E+02 -4.595299911E+01 -1.901699982E+02 1.429299951E+00 3.255299926E-01 1.352800056E-03
 6.764999853E-05 8.577200060E-05 6.327700019E-01 -8.574500000E+03 -2.413100000E+04 2.199100037E+02 3.679200134E+02 -5.401599884E+01 -1.044899979E+02 1.505300045E+00 2.899500132E-01 1.476999954E-03
 6.969999959E-05 8.555599925E-05 5.823299885E-01 -1.996800000E+04 -1.420300000E+04 2.143200073E+02 3.794800110E+02 -6.026499939E+01 -5.069900131E+01 1.575399995E+00 2.600199878E-01 1.604499994E-03
 7.175000064E-05 8.533999790E-05 5.389999747E-01 -3.346800000E+04 -2.436100098E+03 2.093399963E+02 3.896499939E+02 -6.522299957E+01 -7.204999924E+00 1.639000058E+00 2.350700051E-01 1.733100042E-03
 7.380000170E-05 8.512399654E-05 5.011699796E-01 -4.949600000E+04 3.626199951E+03 2.045700073E+02 3.988399963E+02 -6.870400238E+01 3.787699890E+01 1.698400021E+00 2.135799974E-01 1.863699988E-03
 7.585000276E-05 8.490800246E-05 4.682300091E-01 -6.384800000E+04 9.008599609E+03 2.002299957E+02 4.069599915E+02 -7.046399689E+01 6.365299988E+01 1.751899958E+00 1.952999979E-01 1.994299935E-03
 7.789999654E-05 8.469200111E-05 4.402799904E-01 -7.077400000E+04 1.526700000E+04 1.965599976E+02 4.138800049E+02 -7.130599976E+01 9.226100159E+01 1.797899961E+00 1.802600026E-01 2.120499965E-03
 7.994999760E-05 8.447599976E-05 4.162999988E-01 -7.669000000E+04 1.812400000E+04 1.933399963E+02 4.203299866E+02 -7.129599762E+01 1.078700027E+02 1.840199947E+00 1.676400006E-01 2.242299961E-03
 8.199999866E-05 8.425999840E-05 3.953399956E-01 -8.651000000E+04 1.869000000E+04 1.904100037E+02 4.264299927E+02 -7.048100281E+01 1.126100006E+02 1.879899979E+00 1.567800045E-01 2.360899933E-03
 8.404999971E-05 8.404399705E-05 3.770299852E-01 -9.641700000E+04 2.510700000E+04 1.876900024E+02 4.320700073E+02 -6.879000092E+01 1.211100006E+02 1.916700006E+00 1.473799944E-01 2.475300105E-03
 8.610000077E-05 8.382800297E-05 3.613699973E-01 -1.051900000E+05 2.947300000E+04 1.852500000E+02 4.367600098E+02 -6.631700134E+01 1.221299973E+02 1.947999954E+00 1.394200027E-01 2.582299989E-03
 8.815000183E-05 8.361200162E-05 3.477100134E-01 -1.123400000E+05 2.879700000E+04 1.831300049E+02 4.408800049E+02 -6.362799835E+01 1.298899994E+02 1.975600004E+00 1.326099932E-01 2.683700062E-03
 9.020000289E-05 8.339600026E-05 3.355000019E-01 -1.170600000E+05 3.082200000E+04 1.812799988E+02 4.449599915E+02 -6.081900024E+01 1.376499939E+02 2.001899958E+00 1.266600043E-01 2.781100105E-03
 9.224999667E-05 8.317999891E-05 3.249700069E-01 -1.232300000E+05 3.049000000E+04 1.797100067E+02 4.484100037E+02 -5.778400040E+01 1.340800018E+02 2.024100065E+00 1.216199994E-01 2.871199977E-03
 9.429999773E-05 8.296399756E-05 3.155699968E-01 -1.265600000E+05 2.962400000E+04 1.781300049E+02 4.513900146E+02 -5.472200012E+01 1.332700043E+02 2.044600010E+00 1.170699969E-01 2.956599928E-03
 9.634999878E-05 8.274800348E-05 3.064199984E-01 -1.323800000E+05 2.952400000E+04 1.765099945E+02 4.546799927E+02 -5.169100189E+01 1.225299988E+02 2.067199945E+00 1.126400009E-01 3.044999903E-03
 9.839999984E-05 8.253200212E-05 2.977199852E-01 -1.417100000E+05 3.021000000E+04 1.750800018E+02 4.579400024E+02 -4.878200150E+01 1.124100037E+02 2.088799953E+00 1.085499972E-01 3.133800114E-03
 1.004500009E-04 8.231600077E-05 2.899799943E-01 -1.427900000E+05 3.010200000E+04 1.738200073E+02 4.606000061E+02 -4.634500122E+01 1.016800003E+02 2.107300043E+00 1.049600020E-01 3.217400052E-03
 1.025000020E-04 8.209999942E-05 2.829099894E-01 -1.455900000E+05 2.614800000E+04 1.726000061E+02 4.631000061E+02 -4.413999939E+01 8.877200317E+01 2.125099897E+00 1.016900018E-01 3.297799965E-03
 1.045500030E-04 8.188399806E-05 2.764900029E-01 -1.588200000E+05 2.256200000E+04 1.715299988E+02 4.652799988E+02 -4.202199936E+01 9.237200165E+01 2.140799999E+00 9.876199812E-02 3.374299966E-03
 1.065999968E-04 8.166799671E-05 2.706899941E-01 -1.786700000E+05 2.402100000E+04 1.705500031E+02 4.669200134E+02 -4.019800186E+01 9.543800354E+01 2.153700113E+00 9.613899887E-02 3.446500050E-03
 1.086499979E-04 8.145200263E-05 2.650800049E-01 -2.004500000E+05 2.441300000E+04 1.696600037E+02 4.683599854E+02 -3.877700043E+01 8.584600067E+01 2.165400028E+00 9.365499765E-02 3.519400023E-03
 1.106999989E-04 8.123600128E-05 2.594900131E-01 -2.184100000E+05 2.214200000E+04 1.688500061E+02 4.698800049E+02 -3.774000168E+01 8.093199921E+01 2.177099943E+00 9.124399722E-02 3.595199902E-03
 1.127500000E-04 8.101999993E-05 2.539699972E-01 -2.276400000E+05 2.328900000E+04 1.680200043E+02 4.714500122E+02 -3.684199905E+01 8.068299866E+01 2.189500093E+00 8.886399865E-02 3.673400031E-03
 1.148000010E-04 8.080399857E-05 2.487200052E-01 -2.469500000E+05 2.186400000E+04 1.674199982E+02 4.726700134E+02 -3.589199829E+01 7.823699951E+01 2.198699951E+00 8.671499789E-02 3.750799922E-03
 1.168500021E-04 8.058799722E-05 2.456700057E-01 -3.328800000E+05 2.241000000E+04 1.688800049E+02 4.702300110E+02 -3.488600159E+01 8.087000275E+01 2.177700043E+00 8.639100194E-02 3.797099926E-03
 1.189000031E-04 8.037200314E-05 2.578099966E-01 -7.876800000E+05 4.333600000E+04 1.838999939E+02 4.417300110E+02 -3.304199982E+01 1.432100067E+02 1.968400002E+00 9.908899665E-02 3.626999911E-03
 1.209499969E-04 8.015600179E-05 3.312500119E-01 -1.242300000E+06 6.685100000E+04 2.241199951E+02 3.494200134E+02 -2.797900009E+01 3.027200012E+02 1.429000020E+00 1.579899937E-01 2.913899953E-03
 1.230000053E-04 7.994000043E-05 4.954400063E-01 -8.046300000E+05 4.877900000E+04 2.649299927E+02 2.326000061E+02 -2.087500000E+01 3.345799866E+02 8.669099808E-01 2.763499916E-01 1.968800090E-03
 1.250500063E-04 7.972399908E-05 6.591899991E-01 -1.679300000E+05 1.415200000E+04 2.831000061E+02 1.663600006E+02 -1.603400040E+01 1.815599976E+02 5.965999961E-01 3.891299963E-01 1.427000039E-03
 1.270999928E-04 7.950799773E-05 7.332199812E-01 -2.929400000E+04 5.562399902E+03 2.883999939E+02 1.467700043E+02 -1.389000034E+01 7.440399933E+01 5.210400224E-01 4.403699934E-01 1.272700028E-03
 1.291499939E-04 7.929199637E-05 7.497699857E-01 -1.921100000E+04 -2.523800049E+03 2.898599854E+02 1.420099945E+02 -1.267000008E+01 3.578599930E+01 5.025799870E-01 4.525600076E-01 1.244100044E-03
 1.311999949E-04 7.907600229E-05 7.543399930E-01 -2.220200000E+04 -4.892299805E+03 2.904700012E+02 1.396499939E+02 -1.185400009E+01 1.426799965E+01 4.935399890E-01 4.562700093E-01 1.236599986E-03
 1.332499960E-04 7.886000094E-05 7.579200268E-01 -2.126500000E+04 8.496099854E+02 2.908800049E+02 1.375399933E+02 -1.147099972E+01 5.037300110E+00 4.856599867E-01 4.590899944E-01 1.230700058E-03
 1.352999971E-04 7.864399959E-05 7.608900070E-01 -1.642400000E+04 -5.469199829E+02 2.912099915E+02 1.356100006E+02 -1.117599964E+01 -1.570499992E+01 4.785299897E-01 4.614199996E-01 1.225900021E-03
 1.373499981E-04 7.842799823E-05 7.638400197E-01 -1.223300000E+04 2.825000000E+02 2.916199951E+02 1.338800049E+02 -1.100500011E+01 -4.603000164E+00 4.720700085E-01 4.638600051E-01 1.221199986E-03
 1.393999992E-04 7.821199688E-05 7.668200135E-01 -8.319000000E+03 -1.605599976E+03 2.918599854E+02 1.320500031E+02 -1.092899990E+01 -2.157299995E+00 4.654699862E-01 4.660399854E-01 1.216499950E-03
 1.414500002E-04 7.799600280E-05 7.688099742E-01 -1.172800000E+04 -1.716900024E+03 2.920899963E+02 1.301999969E+02 -1.056999969E+01 -3.305500031E+01 4.587100148E-01 4.676299989E-01 1.213300042E-03
 1.435000013E-04 7.778000145E-05 7.711600065E-01 -1.116800000E+04 3.285500000E+03 2.923999939E+02 1.283000031E+02 -1.030200005E+01 -2.422699928E+01 4.517500103E-01 4.695500135E-01 1.209600014E-03
 1.455500023E-04 7.756400009E-05 7.739199996E-01 -8.614400391E+03 5.982500000E+03 2.926000061E+02 1.263499985E+02 -9.835599899E+00 -1.612899971E+01 4.446499944E-01 4.715600014E-01 1.205299981E-03
 1.476000034E-04 7.734799874E-05 7.762399912E-01 -9.312299805E+03 7.015899902E+03 2.928399963E+02 1.246200027E+02 -9.286299706E+00 -1.006999969E+01 4.382500052E-01 4.733699858E-01 1.201699954E-03
 1.496500045E-04 7.713199739E-05 7.778300047E-01 -1.160100000E+04 6.661799805E+03 2.931600037E+02 1.230800018E+02 -9.204299927E+00 3.665499926E+00 4.325999916E-01 4.748499990E-01 1.199200051E-03
 1.517000055E-04 7.691600331E-05 7.791600227E-01 -9.521099609E+03 4.931899902E+03 2.933900146E+02 1.215699997E+02 -9.204999924E+00 1.700099945E+00 4.271700084E-01 4.760400057E-01 1.197200036E-03
 1.537500066E-04 7.670000196E-05 7.813100219E-01 -3.456100098E+03 -2.093199951E+03 2.934700012E+02 1.200599976E+02 -8.860099792E+00 9.433500171E-01 4.217399955E-01 4.774700105E-01 1.193900011E-03
 1.557999931E-04 7.648400060E-05 7.837200165E-01 -1.294400024E+03 -1.366099976E+03 2.937399902E+02 1.185000000E+02 -8.349599838E+00 9.816300392E+00 4.159899950E-01 4.793899953E-01 1.190199982E-03
 1.578499941E-04 7.626799925E-05 7.850900292E-01 -2.887199951E+03 1.454000000E+03 2.941000061E+02 1.170999985E+02 -7.969900131E+00 -1.094400024E+01 4.107300043E-01 4.808200002E-01 1.188099966E-03
 1.598999952E-04 7.605199789E-05 7.862700224E-01 -1.296400024E+03 5.634100098E+03 2.943999939E+02 1.157200012E+02 -7.473100185E+00 -1.468799973E+01 4.055899978E-01 4.820199907E-01 1.186399953E-03
 1.619499963E-04 7.583599654E-05 7.876600027E-01 -1.106199951E+03 1.007200000E+04 2.945599976E+02 1.143199997E+02 -6.934599876E+00 2.796099901E+00 4.004999995E-01 4.831399918E-01 1.184300054E-03
 1.639999973E-04 7.562000246E-05 7.885800004E-01 -1.119500000E+03 7.898200195E+03 2.946199951E+02 1.131500015E+02 -6.564000130E+00 -9.429200172E+00 3.962799907E-01 4.837999940E-01 1.182900043E-03
 1.660499984E-04 7.540400111E-05 7.900999784E-01 -4.685899902E+03 6.416500244E+02 2.947399902E+02 1.119700012E+02 -6.040800095E+00 -5.364200115E+00 3.919900060E-01 4.849399924E-01 1.180600026E-03
 1.680999994E-04 7.518799976E-05 7.914800048E-01 -9.434599609E+03 -6.960100098E+03 2.948699951E+02 1.109300003E+02 -5.606500149E+00 5.274899960E+00 3.881799877E-01 4.859899879E-01 1.178600010E-03
 1.701500005E-04 7.497199840E-05 7.926200032E-01 -6.482899902E+03 -7.508800049E+02 2.949899902E+02 1.100299988E+02 -5.257500172E+00 1.412600040E+01 3.849099874E-01 4.869000018E-01 1.176899998E-03
 1.722000015E-04 7.475599705E-05 7.938200235E-01 -2.322699951E+03 2.943500000E+03 2.950400085E+02 1.092600021E+02 -4.669000149E+00 1.111499977E+01 3.821099997E-01 4.877200127E-01 1.175099984E-03
 1.742500026E-04 7.454000297E-05 7.944800258E-01 3.919399902E+03 -6.367200089E+01 2.951199951E+02 1.086299973E+02 -4.125999928E+00 -4.900800228E+00 3.797599971E-01 4.882499874E-01 1.174099976E-03
 1.763000037E-04 7.432400162E-05 7.949399948E-01 3.977799988E+02 -6.164699707E+02 2.953200073E+02 1.078499985E+02 -3.533499956E+00 1.123700023E+00 3.768399954E-01 4.888600111E-01 1.173399971E-03
 1.783500047E-04 7.410800026E-05 7.953500152E-01 -7.861600098E+03 -4.054600098E+03 2.954599915E+02 1.070800018E+02 -2.966000080E+00 1.383600044E+01 3.740000129E-01 4.893600047E-01 1.172799966E-03
 1.804000058E-04 7.389199891E-05 7.955099940E-01 -8.751599609E+03 -3.392399902E+02 2.955700073E+02 1.065199966E+02 -2.402499914E+00 1.549699974E+01 3.719399869E-01 4.896300137E-01 1.172599965E-03
 1.824500068E-04 7.367599756E-05 7.958599925E-01 -1.128500000E+04 3.032300049E+03 2.957399902E+02 1.060500031E+02 -1.535400033E+00 1.266699982E+01 3.701300025E-01 4.901300073E-01 1.172099961E-03
 1.844999933E-04 7.346000348E-05 7.962599993E-01 -1.320600000E+04 3.985600098E+03 2.958800049E+02 1.055999985E+02 -6.061699986E-01 1.543900013E+01 3.684599996E-01 4.905999899E-01 1.171499956E-03
 1.865499944E-04 7.324400212E-05 7.964400053E-01 -7.094899902E+03 1.090700000E+04 2.961000061E+02 1.053199997E+02 1.002100036E-01 1.515900040E+01 3.673000038E-01 4.910799861E-01 1.171199954E-03
 1.885999955E-04 7.302800077E-05 7.963600159E-01 -3.416300049E+03 1.100300000E+04 2.961600037E+02 1.052500000E+02 1.070099950E+00 2.318000031E+01 3.670499921E-01 4.911299944E-01 1.171299955E-03
 1.906499965E-04 7.281199942E-05 7.961500287E-01 -8.824799805E+02 6.539200195E+03 2.960199890E+02 1.053300018E+02 2.023999929E+00 2.068899918E+01 3.674899936E-01 4.907599986E-01 1.171599957E-03
 1.926999976E-04 7.259599806E-05 7.967799902E-01 1.289800049E+03 -9.863400269E+02 2.959599915E+02 1.053099976E+02 2.736500025E+00 1.582800007E+01 3.674800098E-01 4.910700023E-01 1.170699950E-03
 1.947499986E-04 7.237999671E-05 7.968299985E-01 -4.833200195E+03 1.791599976E+03 2.959700012E+02 1.053899994E+02 3.758699894E+00 2.381200027E+01 3.678900003E-01 4.911000133E-01 1.170599950E-03
 1.967999997E-04 7.216400263E-05 7.963600159E-01 -4.405600098E+03 7.471799805E+03 2.959599915E+02 1.056600037E+02 4.832900047E+00 2.701799965E+01 3.689900041E-01 4.907999933E-01 1.171299955E-03
 1.988500007E-04 7.194800128E-05 7.956900001E-01 2.614899902E+03 5.401500000E+03 2.959200134E+02 1.058700027E+02 5.952799797E+00 3.999000168E+01 3.699400127E-01 4.903199971E-01 1.172299962E-03
 2.009000018E-04 7.173199992E-05 7.947400212E-01 3.273000000E+03 2.416500000E+03 2.958900146E+02 1.060299988E+02 7.258600235E+00 4.484299850E+01 3.708100021E-01 4.896900058E-01 1.173699973E-03
 2.029500029E-04 7.151599857E-05 7.941499949E-01 5.290799805E+03 -7.681099854E+02 2.958099976E+02 1.063300018E+02 8.474699974E+00 3.768199921E+01 3.722200096E-01 4.891900122E-01 1.174599980E-03
 2.050000039E-04 7.129999722E-05 7.938200235E-01 8.787299805E+03 -1.544599976E+03 2.957600098E+02 1.065800018E+02 9.017299652E+00 3.274700165E+01 3.732500076E-01 4.889000058E-01 1.175099984E-03
 0.000000000E+00 8.266700024E-05 1.600700021E+00 -1.524500000E+05 -1.958300000E+04 3.000000000E+02 4.999399948E+01 9.281299591E+00 -2.860700073E+02 1.819500029E-01 1.006899953E+00 5.740799825E-04
 2.049999921E-06 8.287999663E-05 1.607300043E+00 -7.545300000E+04 -2.239199951E+03 2.987000122E+02 5.225299835E+01 9.354299545E+00 -1.524400024E+02 1.872500032E-01 1.003200054E+00 5.760299973E-04
 4.099999842E-06 8.309300028E-05 1.612699986E+00 4.861600037E+02 3.699699951E+03 2.974800110E+02 5.598699951E+01 9.213800430E+00 -1.678599930E+01 1.974599957E-01 9.990000129E-01 5.784099922E-04
 6.149999990E-06 8.330700075E-05 1.610800028E+00 -3.787500000E+03 -7.117399902E+02 2.973699951E+02 5.906900024E+01 8.829600334E+00 -8.832099915E+00 2.078800052E-01 9.974899888E-01 5.790800205E-04
 8.199999684E-06 8.351999713E-05 1.608899951E+00 -3.818800049E+02 1.073400000E+04 2.970700073E+02 6.220899963E+01 8.557900429E+00 2.675300026E+01 2.186699957E-01 9.952899814E-01 5.797700142E-04
 1.024999983E-05 8.373300079E-05 1.605900049E+00 1.606000000E+03 8.168500000E+03 2.969599915E+02 6.538300323E+01 8.502300262E+00 6.388800049E+01 2.296400070E-01 9.930499792E-01 5.808600108E-04
 1.229999998E-05 8.394700126E-05 1.602200031E+00 -6.452799805E+03 1.491000000E+03 2.967500000E+02 6.890000153E+01 8.749799728E+00 4.660100174E+01 2.419900000E-01 9.900599718E-01 5.822100211E-04
 1.435000013E-05 8.415999764E-05 1.599300027E+00 -6.138899902E+03 4.038800049E+03 2.964500122E+02 7.262300110E+01 9.142600060E+00 3.176000023E+01 2.551499903E-01 9.872599840E-01 5.832699826E-04
 1.639999937E-05 8.437300130E-05 1.595199943E+00 9.371299805E+03 4.208399902E+03 2.961600037E+02 7.635099792E+01 9.685099602E+00 3.827600098E+01 2.684099972E-01 9.837899804E-01 5.847599823E-04
 1.845000043E-05 8.458700177E-05 1.589100003E+00 1.659700000E+04 5.123000000E+03 2.958699951E+02 8.015599823E+01 1.027200031E+01 4.607799911E+01 2.819699943E-01 9.790499806E-01 5.870200112E-04
 2.049999966E-05 8.479999815E-05 1.582800031E+00 1.708400000E+04 2.077600098E+03 2.955799866E+02 8.405500031E+01 1.076900005E+01 6.566000366E+01 2.958300114E-01 9.742599726E-01 5.893200287E-04
 2.255000072E-05 8.501300181E-05 1.575299978E+00 1.687400024E+03 -1.339500000E+03 2.954299927E+02 8.836000061E+01 1.146599960E+01 6.627500153E+01 3.111200035E-01 9.691100121E-01 5.921500269E-04
 2.459999996E-05 8.522700227E-05 1.567199945E+00 -5.525500000E+03 2.626699951E+03 2.951700134E+02 9.306800079E+01 1.217300034E+01 5.328799820E+01 3.278900087E-01 9.632599950E-01 5.952200154E-04
 2.664999920E-05 8.543999866E-05 1.559800029E+00 8.810000000E+03 6.227799805E+03 2.946199951E+02 9.808599854E+01 1.282900047E+01 2.928499985E+01 3.458899856E-01 9.569600224E-01 5.980299902E-04
 2.870000026E-05 8.565300232E-05 1.551800013E+00 1.168300000E+04 8.552700195E+03 2.940199890E+02 1.034300003E+02 1.348799992E+01 6.131100178E+00 3.650799990E-01 9.501299858E-01 6.010999787E-04
 3.075000132E-05 8.586700278E-05 1.542000055E+00 2.665200000E+04 9.067299805E+03 2.933099976E+02 1.090100021E+02 1.420800018E+01 2.310799980E+01 3.852300048E-01 9.418200254E-01 6.049399963E-04
 3.279999873E-05 8.607999916E-05 1.530099988E+00 2.770900000E+04 1.196900000E+04 2.923900146E+02 1.150800018E+02 1.497099972E+01 1.001299953E+01 4.073100090E-01 9.316700101E-01 6.096300203E-04
 3.484999979E-05 8.629300282E-05 1.516100049E+00 8.058200195E+03 8.477799805E+03 2.914800110E+02 1.219300003E+02 1.579199982E+01 2.605400085E+01 4.322099984E-01 9.202399850E-01 6.152800051E-04
 3.690000085E-05 8.650700329E-05 1.499799967E+00 8.633400391E+03 9.218700195E+03 2.906000061E+02 1.296000061E+02 1.658799934E+01 6.266600037E+01 4.600299895E-01 9.076099992E-01 6.219500210E-04
 3.894999827E-05 8.671999967E-05 1.480499983E+00 1.666400000E+04 1.869800000E+04 2.892200012E+02 1.380299988E+02 1.715399933E+01 4.854700089E+01 4.908699989E-01 8.916500211E-01 6.301099784E-04
 4.099999933E-05 8.693300333E-05 1.457399964E+00 1.502400000E+04 1.246600000E+04 2.875400085E+02 1.474600067E+02 1.779999924E+01 7.131700134E+01 5.257200003E-01 8.726699948E-01 6.400999846E-04
 4.305000039E-05 8.714699652E-05 1.430299997E+00 1.605800000E+04 6.360000000E+03 2.858500061E+02 1.580500031E+02 1.837700081E+01 3.750000000E+01 5.648400187E-01 8.514099717E-01 6.522500189E-04
 4.510000144E-05 8.736000018E-05 1.396399975E+00 2.604500000E+04 5.341000000E+03 2.837799988E+02 1.701799927E+02 1.841099930E+01 -7.174200058E+00 6.098999977E-01 8.252099752E-01 6.681400118E-04
 4.714999886E-05 8.757299656E-05 1.354699969E+00 2.921300000E+04 -3.592199951E+03 2.810199890E+02 1.840899963E+02 1.803599930E+01 -1.942399979E+01 6.623100042E-01 7.928100228E-01 6.887699710E-04
 4.919999992E-05 8.778699703E-05 1.305099964E+00 4.356700000E+04 1.781099976E+03 2.775299988E+02 1.999799957E+02 1.686100006E+01 -5.311899948E+01 7.231199741E-01 7.543600202E-01 7.150499732E-04
 5.125000098E-05 8.800000069E-05 1.243499994E+00 6.823900000E+04 4.526100098E+03 2.730499878E+02 2.184100037E+02 1.443299961E+01 -1.264499969E+02 7.951999903E-01 7.072100043E-01 7.507400005E-04
 5.329999840E-05 8.780800272E-05 1.170199990E+00 7.422500000E+04 -7.552700195E+03 2.676199951E+02 2.388699951E+02 1.077799988E+01 -1.959900055E+02 8.775200248E-01 6.523500085E-01 7.980299997E-04
 5.534999946E-05 8.761599747E-05 1.089599967E+00 6.617100000E+04 -2.503000000E+04 2.614400024E+02 2.602500000E+02 4.925399780E+00 -2.595899963E+02 9.665300250E-01 5.935099721E-01 8.573299856E-04
 5.740000051E-05 8.742399950E-05 1.004299998E+00 6.453100000E+04 -3.052200000E+04 2.547599945E+02 2.817399902E+02 -3.266700029E+00 -2.947200012E+02 1.059900045E+00 5.331199765E-01 9.305300191E-04
 5.945000157E-05 8.723200153E-05 9.213899970E-01 6.607000000E+04 -2.982700000E+04 2.477599945E+02 3.021000061E+02 -1.273999977E+01 -2.736000061E+02 1.153399944E+00 4.756799936E-01 1.014300040E-03
 6.150000263E-05 8.704000356E-05 8.434299827E-01 5.028700000E+04 -3.991800000E+04 2.406600037E+02 3.204700012E+02 -2.238500023E+01 -2.591199951E+02 1.243199944E+00 4.229699969E-01 1.108300057E-03
 6.354999641E-05 8.684799832E-05 7.699000239E-01 3.270000000E+04 -4.053300000E+04 2.336900024E+02 3.372600098E+02 -3.143499947E+01 -2.266999969E+02 1.330199957E+00 3.749200106E-01 1.214200049E-03
 6.559999747E-05 8.665600035E-05 7.034800053E-01 1.632500000E+04 -3.546000000E+04 2.270599976E+02 3.526300049E+02 -3.979700089E+01 -1.799700012E+02 1.413800001E+00 3.328399956E-01 1.328699989E-03
 6.764999853E-05 8.646400238E-05 6.440600157E-01 -4.923200195E+03 -2.614000000E+04 2.207899933E+02 3.662999878E+02 -4.714599991E+01 -1.015199966E+02 1.492100000E+00 2.962999940E-01 1.451199991E-03
 6.969999959E-05 8.627199713E-05 5.923200250E-01 -2.610500000E+04 -1.461300000E+04 2.150500031E+02 3.781000061E+02 -5.302099991E+01 -4.477000046E+01 1.562800050E+00 2.653900087E-01 1.577500021E-03
 7.175000064E-05 8.607999916E-05 5.479699969E-01 -3.599900000E+04 -5.757299805E+03 2.099400024E+02 3.884700012E+02 -5.765000153E+01 -7.387499809E+00 1.626899958E+00 2.396699935E-01 1.704799943E-03
 7.380000170E-05 8.588800119E-05 5.083400011E-01 -4.220400000E+04 9.815399933E+01 2.051399994E+02 3.982799988E+02 -6.086700058E+01 3.429399872E+01 1.688500047E+00 2.172500044E-01 1.837600023E-03
 7.585000276E-05 8.569600323E-05 4.734899998E-01 -5.606300000E+04 4.383200195E+03 2.006900024E+02 4.070100098E+02 -6.282300186E+01 5.429299927E+01 1.744899988E+00 1.979500055E-01 1.972300000E-03
 7.789999654E-05 8.550399798E-05 4.440200031E-01 -6.780900000E+04 8.576599609E+03 1.968600006E+02 4.143200073E+02 -6.402400208E+01 7.395800018E+01 1.793400049E+00 1.820700020E-01 2.102799946E-03
 7.994999760E-05 8.531200001E-05 4.181999862E-01 -7.985000000E+04 1.409400000E+04 1.934299927E+02 4.212799988E+02 -6.437999725E+01 8.966899872E+01 1.839100003E+00 1.684899926E-01 2.232499886E-03
 8.199999866E-05 8.512000204E-05 3.958700001E-01 -9.064000000E+04 1.903700000E+04 1.902200012E+02 4.275799866E+02 -6.399800110E+01 9.767199707E+01 1.881399989E+00 1.568399966E-01 2.357899910E-03
 8.404999971E-05 8.492799680E-05 3.767299950E-01 -9.615200000E+04 2.274300000E+04 1.872899933E+02 4.332200012E+02 -6.256999969E+01 1.037300034E+02 1.919700027E+00 1.469500065E-01 2.477499889E-03
 8.610000077E-05 8.473599883E-05 3.601399958E-01 -1.036900000E+05 2.495700000E+04 1.847100067E+02 4.381400146E+02 -6.040000153E+01 1.099400024E+02 1.953099966E+00 1.385399997E-01 2.591199940E-03
 8.815000183E-05 8.454400086E-05 3.458000124E-01 -1.117000000E+05 2.784200000E+04 1.825000000E+02 4.424700012E+02 -5.811500168E+01 1.255699997E+02 1.982599974E+00 1.314300001E-01 2.698600059E-03
 9.020000289E-05 8.435200289E-05 3.330099881E-01 -1.181800000E+05 2.797900000E+04 1.805599976E+02 4.465499878E+02 -5.558399963E+01 1.208499985E+02 2.009900093E+00 1.252200007E-01 2.802100033E-03
 9.224999667E-05 8.415999764E-05 3.217099905E-01 -1.262100000E+05 2.638000000E+04 1.788899994E+02 4.501199951E+02 -5.282899857E+01 1.083799973E+02 2.033600092E+00 1.198500022E-01 2.900399966E-03
 9.429999773E-05 8.396799967E-05 3.116900027E-01 -1.299700000E+05 2.891200000E+04 1.772200012E+02 4.533500061E+02 -4.985699844E+01 1.154100037E+02 2.056200027E+00 1.150299981E-01 2.993599977E-03
 9.634999878E-05 8.377600170E-05 3.026899993E-01 -1.351500000E+05 2.771500000E+04 1.755800018E+02 4.563399963E+02 -4.685499954E+01 1.169899979E+02 2.077800035E+00 1.106799990E-01 3.082500072E-03
 9.839999984E-05 8.358399646E-05 2.945300043E-01 -1.407300000E+05 2.458100000E+04 1.741900024E+02 4.592399902E+02 -4.404600143E+01 1.096999969E+02 2.097899914E+00 1.068399996E-01 3.167599905E-03
 1.004500009E-04 8.339199849E-05 2.870799899E-01 -1.407500000E+05 2.398200000E+04 1.728999939E+02 4.618399963E+02 -4.157300186E+01 1.000899963E+02 2.116499901E+00 1.033700034E-01 3.249800066E-03
 1.025000020E-04 8.320000052E-05 2.800599933E-01 -1.471400000E+05 2.447000000E+04 1.717500000E+02 4.641799927E+02 -3.953200150E+01 8.716300201E+01 2.133399963E+00 1.001700014E-01 3.331300104E-03
 1.045500030E-04 8.300800255E-05 2.735500038E-01 -1.591400000E+05 2.530200000E+04 1.707500000E+02 4.662900085E+02 -3.749599838E+01 8.401999664E+01 2.148499966E+00 9.726899862E-02 3.410500009E-03
 1.065999968E-04 8.281599730E-05 2.676900029E-01 -1.729800000E+05 2.507100000E+04 1.697500000E+02 4.680799866E+02 -3.559700012E+01 8.442700195E+01 2.162400007E+00 9.462600201E-02 3.485100111E-03
 1.086499979E-04 8.262399933E-05 2.623600066E-01 -1.908900000E+05 2.166400000E+04 1.689900055E+02 4.694100037E+02 -3.411399841E+01 7.214299774E+01 2.172800064E+00 9.232900292E-02 3.555800067E-03
 1.106999989E-04 8.243200136E-05 2.570199966E-01 -2.111500000E+05 1.867100000E+04 1.683099976E+02 4.708999939E+02 -3.281200027E+01 6.523000336E+01 2.183599949E+00 9.008900076E-02 3.629799932E-03
 1.127500000E-04 8.224000339E-05 2.517200112E-01 -2.283900000E+05 1.719400000E+04 1.675599976E+02 4.723999939E+02 -3.163999939E+01 6.921700287E+01 2.195100069E+00 8.783499897E-02 3.706299933E-03
 1.148000010E-04 8.204799815E-05 2.469599992E-01 -2.510500000E+05 1.580900000E+04 1.670899963E+02 4.731900024E+02 -3.075900078E+01 6.926100159E+01 2.201499939E+00 8.593100309E-02 3.777500009E-03
 1.168500021E-04 8.185600018E-05 2.442200035E-01 -3.311000000E+05 1.725200000E+04 1.684600067E+02 4.706499939E+02 -2.996299934E+01 6.817400360E+01 2.180700064E+00 8.567400277E-02 3.819500096E-03
 1.189000031E-04 8.166400221E-05 2.560999990E-01 -7.756000000E+05 2.981600000E+04 1.830399933E+02 4.429500122E+02 -2.841699982E+01 1.158099976E+02 1.976699948E+00 9.795100242E-02 3.650899976E-03
 1.209499969E-04 8.147199696E-05 3.272800148E-01 -1.249200000E+06 5.289700000E+04 2.228699951E+02 3.519800110E+02 -2.450099945E+01 2.443999939E+02 1.442299962E+00 1.551699936E-01 2.945299959E-03
 1.230000053E-04 8.127999899E-05 4.888800085E-01 -8.298300000E+05 4.120100000E+04 2.640400085E+02 2.349100037E+02 -1.891300011E+01 2.697900085E+02 8.765699863E-01 2.718800008E-01 1.996400068E-03
 1.250500063E-04 8.108800102E-05 6.540600061E-01 -1.765700000E+05 6.912500000E+03 2.827399902E+02 1.670200043E+02 -1.489500046E+01 1.574499969E+02 5.989800096E-01 3.856599927E-01 1.439300017E-03
 1.270999928E-04 8.089600306E-05 7.309899926E-01 -3.126200000E+04 -4.350600098E+03 2.883800049E+02 1.464499969E+02 -1.274499989E+01 7.531199646E+01 5.195500255E-01 4.390000105E-01 1.276600058E-03
 1.291499939E-04 8.070399781E-05 7.488200068E-01 -2.599300000E+04 -6.353200195E+03 2.899100037E+02 1.412799988E+02 -1.148099995E+01 2.909600067E+01 4.996300042E-01 4.520699978E-01 1.245700056E-03
 1.311999949E-04 8.051199984E-05 7.539200187E-01 -2.311500000E+04 2.704100037E+01 2.903099976E+02 1.388200073E+02 -1.076799965E+01 -6.902400017E+00 4.904200137E-01 4.557699859E-01 1.237299992E-03
 1.332499960E-04 8.032000187E-05 7.577000260E-01 -2.085700000E+04 5.103500000E+03 2.906700134E+02 1.367100067E+02 -1.035599995E+01 -1.501099968E+01 4.826200008E-01 4.586299956E-01 1.231099945E-03
 1.352999971E-04 8.012799663E-05 7.610099912E-01 -2.482200000E+04 3.000000000E+03 2.910400085E+02 1.347599945E+02 -1.017500019E+01 -8.407600403E+00 4.754399955E-01 4.612100124E-01 1.225700020E-03
 1.373499981E-04 7.993599866E-05 7.641000152E-01 -2.192100000E+04 2.657000000E+03 2.913800049E+02 1.328000031E+02 -9.858599663E+00 -1.014900017E+01 4.681699872E-01 4.636299908E-01 1.220799983E-03
 1.393999992E-04 7.974400069E-05 7.668700218E-01 -1.332300000E+04 -1.081400024E+03 2.916099854E+02 1.306699982E+02 -9.597200394E+00 -2.778100014E+01 4.604800045E-01 4.656800032E-01 1.216399949E-03
 1.414500002E-04 7.955200272E-05 7.688099742E-01 -8.902000000E+03 -4.597999878E+02 2.919800110E+02 1.287700043E+02 -9.329600334E+00 -4.852099991E+01 4.534600079E-01 4.674400091E-01 1.213300042E-03
 1.435000013E-04 7.935999747E-05 7.713699937E-01 -1.167300000E+04 2.893899902E+03 2.923299866E+02 1.269599991E+02 -9.050000191E+00 -2.632399940E+01 4.467599988E-01 4.695799947E-01 1.209300011E-03
 1.455500023E-04 7.916799950E-05 7.742999792E-01 -9.731200195E+03 5.972500000E+03 2.923699951E+02 1.252799988E+02 -8.701899529E+00 -1.858499908E+01 4.407599866E-01 4.714199901E-01 1.204699976E-03
 1.476000034E-04 7.897600153E-05 7.768099904E-01 -2.199100098E+03 6.446799805E+03 2.926300049E+02 1.236999969E+02 -8.201399803E+00 -1.613899994E+01 4.349499941E-01 4.733600020E-01 1.200799947E-03
 1.496500045E-04 7.878400356E-05 7.781699896E-01 -4.214700195E+03 2.837600098E+03 2.931099854E+02 1.221299973E+02 -8.044899940E+00 5.227300167E+00 4.290600121E-01 4.749799967E-01 1.198700047E-03
 1.517000055E-04 7.859199832E-05 7.790799737E-01 -6.560899902E+03 4.304799805E+03 2.934299927E+02 1.205699997E+02 -8.052599907E+00 -4.349299908E+00 4.233500063E-01 4.760400057E-01 1.197300036E-03
 1.537500066E-04 7.840000035E-05 7.811999917E-01 -1.736099976E+03 -1.639800049E+03 2.934899902E+02 1.189599991E+02 -7.694399834E+00 -1.015799999E+01 4.176200032E-01 4.774399996E-01 1.194100012E-03
 1.557999931E-04 7.820800238E-05 7.839499712E-01 1.905099945E+02 -1.715399933E+02 2.936000061E+02 1.174000015E+02 -7.256199837E+00 -4.955299854E+00 4.119600058E-01 4.792999923E-01 1.189899980E-03
 1.578499941E-04 7.801599713E-05 7.851799726E-01 -2.886300049E+03 4.638500000E+03 2.938599854E+02 1.161800003E+02 -6.922399998E+00 -9.379099846E+00 4.074600041E-01 4.804799855E-01 1.187999966E-03
 1.598999952E-04 7.782399916E-05 7.863600254E-01 -1.412700043E+02 3.728199951E+03 2.941900024E+02 1.149400024E+02 -6.411300182E+00 2.343199968E+00 4.028100073E-01 4.817399979E-01 1.186199952E-03
 1.619499963E-04 7.763200119E-05 7.876899838E-01 -3.929899902E+02 7.159399902E+03 2.944100037E+02 1.136699982E+02 -5.998499870E+00 -5.043900013E+00 3.981199861E-01 4.829199910E-01 1.184200053E-03
 1.639999973E-04 7.744000322E-05 7.883399725E-01 -3.648999939E+02 5.632500000E+03 2.944599915E+02 1.127200012E+02 -5.663300037E+00 -1.970100021E+01 3.947199881E-01 4.833999872E-01 1.183300046E-03
 1.660499984E-04 7.724799798E-05 7.901300192E-01 2.156699951E+03 3.725300049E+03 2.945299988E+02 1.116600037E+02 -5.175799847E+00 -1.691600037E+01 3.908999860E-01 4.846099913E-01 1.180600026E-03
 1.680999994E-04 7.705600001E-05 7.915300131E-01 1.928000031E+02 1.756400024E+03 2.946600037E+02 1.106399994E+02 -4.931000233E+00 -1.395100021E+01 3.871999979E-01 4.856700003E-01 1.178500010E-03
 1.701500005E-04 7.686400204E-05 7.924200296E-01 1.507000000E+03 -1.038000000E+03 2.947900085E+02 1.098000031E+02 -4.621399879E+00 1.125599957E+01 3.841400146E-01 4.864499867E-01 1.177200000E-03
 1.722000015E-04 7.667199679E-05 7.929900289E-01 5.978499756E+02 -3.920899902E+03 2.949100037E+02 1.090400009E+02 -4.104199886E+00 1.235799980E+01 3.813399971E-01 4.869900048E-01 1.176299993E-03
 1.742500026E-04 7.647999882E-05 7.938500047E-01 1.641099976E+03 -3.768399902E+03 2.950599976E+02 1.083499985E+02 -3.530800104E+00 -1.258399963E+01 3.787699938E-01 4.877600074E-01 1.174999983E-03
 1.763000037E-04 7.628800086E-05 7.949600220E-01 1.857099976E+03 -2.731699951E+03 2.952200012E+02 1.077500000E+02 -2.914200068E+00 -1.564299965E+01 3.765000105E-01 4.887000024E-01 1.173399971E-03
 1.783500047E-04 7.609600289E-05 7.950699925E-01 -5.308400269E+02 -8.168100098E+03 2.952900085E+02 1.071600037E+02 -2.424599886E+00 -1.067399979E+01 3.743500113E-01 4.888899922E-01 1.173199969E-03
 1.804000058E-04 7.590399764E-05 7.947900295E-01 -8.569899902E+02 -6.689200195E+03 2.953399963E+02 1.065999985E+02 -1.864099979E+00 1.129100037E+01 3.723300099E-01 4.887999892E-01 1.173599972E-03
 1.824500068E-04 7.571199967E-05 7.951899767E-01 -5.587799805E+03 -1.791199951E+02 2.954599915E+02 1.061299973E+02 -1.140300035E+00 2.391099930E+01 3.705700040E-01 4.892500043E-01 1.173099969E-03
 1.844999933E-04 7.552000170E-05 7.959899902E-01 -6.705200195E+03 1.375099976E+03 2.955299988E+02 1.057799988E+02 -3.706200123E-01 2.257099915E+01 3.692899942E-01 4.898500144E-01 1.171899959E-03
 1.865499944E-04 7.532799646E-05 7.958199978E-01 -4.423200195E+03 4.368200195E+03 2.956900024E+02 1.056500015E+02 2.185399979E-01 1.998100090E+01 3.687399924E-01 4.900200069E-01 1.172099961E-03
 1.885999955E-04 7.513599849E-05 7.955399752E-01 -3.206300049E+03 6.729200195E+03 2.957300110E+02 1.055999985E+02 1.054800034E+00 1.135900021E+01 3.685599864E-01 4.899100065E-01 1.172499964E-03
 1.906499965E-04 7.494400052E-05 7.958300114E-01 -4.920700073E+02 5.020100098E+03 2.957300110E+02 1.056100006E+02 1.927099943E+00 1.326399994E+01 3.686299920E-01 4.900799990E-01 1.172099961E-03
 1.926999976E-04 7.475200255E-05 7.962999940E-01 -5.265700195E+03 3.266899902E+03 2.957500000E+02 1.056200027E+02 2.619199991E+00 2.142600060E+01 3.686800003E-01 4.904200137E-01 1.171399956E-03
 1.947499986E-04 7.455999730E-05 7.961300015E-01 -5.731299805E+03 3.696300049E+03 2.956099854E+02 1.056999969E+02 3.600199938E+00 2.214699936E+01 3.691799939E-01 4.900699854E-01 1.171699958E-03
 1.967999997E-04 7.436799933E-05 7.957299948E-01 2.715699951E+03 4.889200195E+03 2.955700073E+02 1.058700027E+02 4.651199818E+00 5.429100037E+00 3.699299991E-01 4.897600114E-01 1.172299962E-03
 1.988500007E-04 7.417600136E-05 7.951599956E-01 5.328100098E+03 6.158399902E+03 2.955100098E+02 1.061800003E+02 5.727399826E+00 1.113899994E+01 3.712199926E-01 4.893099964E-01 1.173099969E-03
 2.009000018E-04 7.398400339E-05 7.944200039E-01 3.489000000E+03 2.461000000E+03 2.954200134E+02 1.067300034E+02 6.867099762E+00 2.836700058E+01 3.734300137E-01 4.887199998E-01 1.174199977E-03
 2.029500029E-04 7.379199815E-05 7.940000296E-01 3.634000000E+03 7.266400146E+02 2.953599854E+02 1.074199982E+02 7.813600063E+00 2.998800087E+01 3.761000037E-01 4.883599877E-01 1.174799982E-03
 2.050000039E-04 7.360000018E-05 7.936900258E-01 6.059299805E+03 2.562800049E+03 2.953200073E+02 1.078099976E+02 8.207099915E+00 2.766500092E+01 3.776099980E-01 4.880999923E-01 1.175299985E-03
 0.000000000E+00 8.383300155E-05 1.600700021E+00 -1.506400000E+05 -1.542800000E+04 3.000000000E+02 5.045700073E+01 7.907400131E+00 -2.056699982E+02 1.831099987E-01 1.007400036E+00 5.738700274E-04
 2.049999921E-06 8.402000094E-05 1.607399940E+00 -7.834500000E+04 -2.765500000E+03 2.986700134E+02 5.293000031E+01 7.956999779E+00 -1.033600006E+02 1.889799982E-01 1.003299952E+00 5.759099731E-04
 4.099999842E-06 8.420700033E-05 1.613299966E+00 -8.020000000E+03 -4.606499939E+02 2.973399963E+02 5.695800018E+01 7.715799809E+00 -6.432600021E+00 2.000699937E-01 9.989500046E-01 5.781800137E-04
 6.149999990E-06 8.439300291E-05 1.611799955E+00 1.051200027E+02 4.757399902E+03 2.972699890E+02 6.005899811E+01 7.259099960E+00 3.828699887E-01 2.106000036E-01 9.977300167E-01 5.787399714E-04
 8.199999684E-06 8.458000229E-05 1.610200047E+00 1.077400000E+04 1.110300000E+04 2.970599976E+02 6.329700089E+01 6.998000145E+00 2.891600037E+01 2.217700034E-01 9.960700274E-01 5.793099990E-04
 1.024999983E-05 8.476700168E-05 1.606999993E+00 -1.158400024E+03 4.094199951E+03 2.969400024E+02 6.675700378E+01 6.980299950E+00 6.368299866E+01 2.337799966E-01 9.936400056E-01 5.804799730E-04
 1.229999998E-05 8.495299699E-05 1.601699948E+00 -3.981500000E+03 1.075700000E+04 2.967699890E+02 7.026100159E+01 7.183199883E+00 7.517600250E+01 2.460599989E-01 9.898200035E-01 5.824000109E-04
 1.435000013E-05 8.513999637E-05 1.597900033E+00 2.066800049E+03 9.489000000E+03 2.965000000E+02 7.380799866E+01 7.577199936E+00 7.940200043E+01 2.586100101E-01 9.866200089E-01 5.837599747E-04
 1.639999937E-05 8.532700303E-05 1.594799995E+00 -9.145300293E+02 1.736599976E+03 2.960899963E+02 7.739399719E+01 8.185000420E+00 7.044000244E+01 2.714500129E-01 9.832999706E-01 5.849199952E-04
 1.845000043E-05 8.551299834E-05 1.590000033E+00 1.100199951E+03 7.160299805E+03 2.957500000E+02 8.102200317E+01 8.794699669E+00 6.230799866E+01 2.844200134E-01 9.792400002E-01 5.866599968E-04
 2.049999966E-05 8.569999773E-05 1.584699988E+00 6.797899902E+03 4.293600098E+03 2.954200134E+02 8.477200317E+01 9.287300110E+00 5.491400146E+01 2.977800071E-01 9.748799801E-01 5.886200233E-04
 2.255000072E-05 8.588699711E-05 1.577299953E+00 -1.149199951E+03 -4.011199951E+03 2.951199951E+02 8.886599731E+01 9.809700012E+00 4.781900024E+01 3.123500049E-01 9.693199992E-01 5.914000212E-04
 2.459999996E-05 8.607299969E-05 1.568699956E+00 6.347500000E+02 -2.643399902E+03 2.948099976E+02 9.345400238E+01 1.039500046E+01 5.604600143E+01 3.286800086E-01 9.630399942E-01 5.946300225E-04
 2.664999920E-05 8.625999908E-05 1.560999990E+00 1.133600000E+04 -4.050899902E+03 2.941799927E+02 9.836100006E+01 1.097599983E+01 6.351200104E+01 3.463200033E-01 9.562299848E-01 5.975899985E-04
 2.870000026E-05 8.644699847E-05 1.553200006E+00 8.486500000E+03 -1.830500000E+03 2.935700073E+02 1.035400009E+02 1.161400032E+01 6.004199982E+01 3.649699986E-01 9.495000243E-01 6.005900213E-04
 3.075000132E-05 8.663300105E-05 1.543499947E+00 1.792700000E+04 7.300700073E+02 2.930299988E+02 1.090599976E+02 1.236699963E+01 3.472499847E+01 3.848299980E-01 9.418200254E-01 6.043700268E-04
 3.279999873E-05 8.682000043E-05 1.531800032E+00 2.593900000E+04 8.826500000E+03 2.921499939E+02 1.151299973E+02 1.302000046E+01 4.432400227E+00 4.068599939E-01 9.318600297E-01 6.089900271E-04
 3.484999979E-05 8.700699982E-05 1.516600013E+00 7.309799805E+03 4.174299805E+03 2.912900085E+02 1.220999985E+02 1.371500015E+01 2.896400070E+01 4.320699871E-01 9.199600220E-01 6.150699919E-04
 3.690000085E-05 8.719300240E-05 1.499799967E+00 5.711100098E+03 -3.620700073E+02 2.903699951E+02 1.297299957E+02 1.440699959E+01 5.866999817E+01 4.597299993E-01 9.068800211E-01 6.219799980E-04
 3.894999827E-05 8.738000179E-05 1.481799960E+00 1.526500000E+04 1.788500000E+04 2.889700012E+02 1.380299988E+02 1.489700031E+01 5.027000046E+01 4.901599884E-01 8.916699886E-01 6.295400090E-04
 4.099999933E-05 8.756700117E-05 1.458799958E+00 2.853100000E+04 1.261900000E+04 2.873599854E+02 1.473600006E+02 1.547099972E+01 5.270700073E+01 5.246099830E-01 8.729599714E-01 6.394800148E-04
 4.305000039E-05 8.775299648E-05 1.430899978E+00 3.415400000E+04 -3.980899902E+03 2.856600037E+02 1.579499969E+02 1.596599960E+01 1.307499981E+01 5.637400150E-01 8.511800170E-01 6.519900053E-04
 4.510000144E-05 8.794000314E-05 1.396900058E+00 3.575800000E+04 -3.814600098E+03 2.836499939E+02 1.701000061E+02 1.604199982E+01 5.687099934E+00 6.088899970E-01 8.251199722E-01 6.679000217E-04
 4.714999886E-05 8.812700253E-05 1.355700016E+00 4.372300000E+04 8.419500122E+02 2.808699951E+02 1.837799988E+02 1.568400002E+01 6.495999813E+00 6.606000066E-01 7.929800153E-01 6.882700254E-04
 4.919999992E-05 8.831299783E-05 1.307000041E+00 5.516300000E+04 2.168399902E+03 2.774200134E+02 1.993399963E+02 1.458500004E+01 -5.049800110E+01 7.203000188E-01 7.551800013E-01 7.139599766E-04
 5.125000098E-05 8.849999722E-05 1.246099949E+00 8.040500000E+04 -1.916300049E+03 2.732300110E+02 2.174100037E+02 1.258600044E+01 -1.370599976E+02 7.908800244E-01 7.091900110E-01 7.491299766E-04
 5.329999840E-05 8.833200263E-05 1.173799992E+00 8.144200000E+04 -7.877600098E+03 2.680100098E+02 2.374700012E+02 9.483699799E+00 -1.993500061E+02 8.715199828E-01 6.553099751E-01 7.955100155E-04
 5.534999946E-05 8.816400077E-05 1.095900059E+00 7.270300000E+04 -2.606100000E+04 2.620000000E+02 2.580899963E+02 4.463399887E+00 -2.297700043E+02 9.574000239E-01 5.981600285E-01 8.523400174E-04
 5.740000051E-05 8.799599891E-05 1.013399959E+00 6.838100000E+04 -3.317000000E+04 2.554799957E+02 2.790400085E+02 -2.505199909E+00 -2.252299957E+02 1.048200011E+00 5.394600034E-01 9.220700013E-04
 5.945000157E-05 8.782799705E-05 9.316899776E-01 6.329900000E+04 -2.063900000E+04 2.486199951E+02 2.992799988E+02 -1.069200039E+01 -2.098699951E+02 1.140300035E+00 4.826500118E-01 1.002999954E-03
 6.150000263E-05 8.766000246E-05 8.540999889E-01 5.406100000E+04 -2.913800000E+04 2.416300049E+02 3.176900024E+02 -1.890099907E+01 -2.190899963E+02 1.229200006E+00 4.300299883E-01 1.094399951E-03
 6.354999641E-05 8.749200060E-05 7.810099721E-01 3.614000000E+04 -3.405800000E+04 2.346399994E+02 3.347699890E+02 -2.681399918E+01 -1.894600067E+02 1.316300035E+00 3.818599880E-01 1.196800033E-03
 6.559999747E-05 8.732399874E-05 7.148100138E-01 1.535600000E+04 -2.830300000E+04 2.278800049E+02 3.503900146E+02 -3.416099930E+01 -1.507100067E+02 1.399999976E+00 3.394300044E-01 1.307499944E-03
 6.764999853E-05 8.715599688E-05 6.550099850E-01 -4.701100098E+03 -2.490000000E+04 2.215599976E+02 3.644500122E+02 -4.041999817E+01 -9.926300049E+01 1.478800058E+00 3.023799956E-01 1.426900038E-03
 6.969999959E-05 8.698800229E-05 6.018900275E-01 -2.196600000E+04 -1.444700000E+04 2.157500000E+02 3.767300110E+02 -4.584400177E+01 -4.297700119E+01 1.550899982E+00 2.705599964E-01 1.552399946E-03
 7.175000064E-05 8.682000043E-05 5.558199883E-01 -2.803500000E+04 -1.102900000E+04 2.104400024E+02 3.875100098E+02 -5.019599915E+01 -8.820899963E+00 1.616899967E+00 2.436800003E-01 1.680899994E-03
 7.380000170E-05 8.665199857E-05 5.148100257E-01 -3.444700000E+04 -4.364799805E+03 2.055399933E+02 3.977200012E+02 -5.309400177E+01 1.566899967E+01 1.679900050E+00 2.204400003E-01 1.814599964E-03
 7.585000276E-05 8.648399671E-05 4.790199995E-01 -5.079500000E+04 7.816699982E+00 2.009600067E+02 4.068299866E+02 -5.497000122E+01 3.997299957E+01 1.738199949E+00 2.005299926E-01 1.949599944E-03
 7.789999654E-05 8.631600213E-05 4.484800100E-01 -6.422300000E+04 7.984299927E+02 1.969499969E+02 4.144899902E+02 -5.636700058E+01 6.000699997E+01 1.789000034E+00 1.839900017E-01 2.082099905E-03
 7.994999760E-05 8.614800026E-05 4.214800000E-01 -7.377900000E+04 1.027900000E+04 1.933500061E+02 4.216900024E+02 -5.693099976E+01 7.636299896E+01 1.836699963E+00 1.697500050E-01 2.215200104E-03
 8.199999866E-05 8.597999840E-05 3.978100121E-01 -8.687300000E+04 1.851400000E+04 1.900200043E+02 4.281400146E+02 -5.676399994E+01 8.864299774E+01 1.880399942E+00 1.574500054E-01 2.346599940E-03
 8.404999971E-05 8.581199654E-05 3.771100044E-01 -9.444900000E+04 1.932800000E+04 1.870000000E+02 4.339400024E+02 -5.581399918E+01 1.001100006E+02 1.920300007E+00 1.468800008E-01 2.475199988E-03
 8.610000077E-05 8.564400196E-05 3.593200147E-01 -1.000200000E+05 2.133900000E+04 1.843500061E+02 4.392200012E+02 -5.418600082E+01 1.178300018E+02 1.956200004E+00 1.379600018E-01 2.597300103E-03
 8.815000183E-05 8.547600009E-05 3.442600071E-01 -1.091400000E+05 2.430200000E+04 1.821000061E+02 4.437399902E+02 -5.213299942E+01 1.262600021E+02 1.987100005E+00 1.305599958E-01 2.710700035E-03
 9.020000289E-05 8.530799823E-05 3.308100104E-01 -1.143100000E+05 2.068800000E+04 1.800000000E+02 4.478900146E+02 -4.981800079E+01 1.120500031E+02 2.015899897E+00 1.240099967E-01 2.820800059E-03
 9.224999667E-05 8.513999637E-05 3.187600076E-01 -1.208400000E+05 2.011800000E+04 1.780399933E+02 4.517600098E+02 -4.743500137E+01 9.607399750E+01 2.043100119E+00 1.181899980E-01 2.927399939E-03
 9.429999773E-05 8.497200179E-05 3.082799911E-01 -1.298200000E+05 2.578400000E+04 1.763399963E+02 4.551099854E+02 -4.475899887E+01 9.448100281E+01 2.066800117E+00 1.132100001E-01 3.026599996E-03
 9.634999878E-05 8.480399993E-05 2.992799878E-01 -1.325800000E+05 2.709800000E+04 1.747500000E+02 4.579700012E+02 -4.200000000E+01 9.750499725E+01 2.087899923E+00 1.089200005E-01 3.117599990E-03
 9.839999984E-05 8.463599806E-05 2.913799882E-01 -1.321400000E+05 2.117900000E+04 1.733200073E+02 4.608099976E+02 -3.941099930E+01 9.330599976E+01 2.108400106E+00 1.051699966E-01 3.201999934E-03
 1.004500009E-04 8.446800348E-05 2.840699852E-01 -1.339200000E+05 1.933000000E+04 1.720500031E+02 4.634200134E+02 -3.692399979E+01 8.929000092E+01 2.127099991E+00 1.017799973E-01 3.284400096E-03
 1.025000020E-04 8.430000162E-05 2.770999968E-01 -1.430400000E+05 2.048500000E+04 1.708800049E+02 4.655599976E+02 -3.474000168E+01 8.112400055E+01 2.143399954E+00 9.860599786E-02 3.366899909E-03
 1.045500030E-04 8.413199976E-05 2.708300054E-01 -1.527000000E+05 2.234300000E+04 1.698800049E+02 4.673999939E+02 -3.276599884E+01 7.506999969E+01 2.157500029E+00 9.581000358E-02 3.444799921E-03
 1.065999968E-04 8.396399789E-05 2.648800015E-01 -1.632300000E+05 2.162700000E+04 1.690200043E+02 4.692900085E+02 -3.096699905E+01 7.096099854E+01 2.171099901E+00 9.323100001E-02 3.522099927E-03
 1.086499979E-04 8.379600331E-05 2.593800128E-01 -1.797800000E+05 1.740100000E+04 1.683699951E+02 4.706900024E+02 -2.954100037E+01 6.040399933E+01 2.181299925E+00 9.093999863E-02 3.596799914E-03
 1.106999989E-04 8.362800145E-05 2.542900145E-01 -2.003800000E+05 1.553700000E+04 1.678099976E+02 4.719299927E+02 -2.804400063E+01 6.090900040E+01 2.190200090E+00 8.886399865E-02 3.668700112E-03
 1.127500000E-04 8.345999959E-05 2.494599968E-01 -2.236200000E+05 1.480600000E+04 1.671999969E+02 4.733200073E+02 -2.680400085E+01 5.996599960E+01 2.200299978E+00 8.686000109E-02 3.739600070E-03
 1.148000010E-04 8.329199773E-05 2.452400029E-01 -2.490100000E+05 1.447700000E+04 1.667599945E+02 4.739500122E+02 -2.603899956E+01 5.305599976E+01 2.205899954E+00 8.516400307E-02 3.803899977E-03
 1.168500021E-04 8.312400314E-05 2.427800000E-01 -3.263900000E+05 1.224300000E+04 1.680899963E+02 4.713200073E+02 -2.542600060E+01 5.228599930E+01 2.184999943E+00 8.497700095E-02 3.842300037E-03
 1.189000031E-04 8.295600128E-05 2.543900013E-01 -7.660700000E+05 1.809800000E+04 1.822599945E+02 4.442699890E+02 -2.408499908E+01 8.733799744E+01 1.985299945E+00 9.687100351E-02 3.675200045E-03
 1.209499969E-04 8.278799942E-05 3.240700066E-01 -1.253100000E+06 3.675800000E+04 2.217899933E+02 3.543699951E+02 -2.095899963E+01 1.832700043E+02 1.454599977E+00 1.528899968E-01 2.972200047E-03
 1.230000053E-04 8.261999756E-05 4.840500057E-01 -8.507000000E+05 2.975500000E+04 2.632799988E+02 2.371100006E+02 -1.685099983E+01 2.220299988E+02 8.855999708E-01 2.685100138E-01 2.017399995E-03
 1.250500063E-04 8.245200297E-05 6.498799920E-01 -1.932200000E+05 6.556700195E+03 2.824700012E+02 1.679199982E+02 -1.360400009E+01 1.491999969E+02 6.021199822E-01 3.828600049E-01 1.449199975E-03
 1.270999928E-04 8.228400111E-05 7.289500237E-01 -4.522600000E+04 -2.793600098E+03 2.883099976E+02 1.463999939E+02 -1.154300022E+01 7.267099762E+01 5.190899968E-01 4.376899898E-01 1.280199969E-03
 1.291499939E-04 8.211599925E-05 7.479799986E-01 -3.197200000E+04 -3.015699951E+03 2.896900024E+02 1.407500000E+02 -1.030900002E+01 2.335199928E+01 4.976199865E-01 4.512099922E-01 1.247099950E-03
 1.311999949E-04 8.194799739E-05 7.535899878E-01 -2.018500000E+04 6.141700195E+03 2.899700012E+02 1.380299988E+02 -9.671099663E+00 -1.912899971E+00 4.876599908E-01 4.550499916E-01 1.237799996E-03
 1.332499960E-04 8.178000280E-05 7.574700117E-01 -1.865700000E+04 5.886200195E+03 2.905400085E+02 1.357599945E+02 -9.166899681E+00 -8.548999786E+00 4.790700078E-01 4.582799971E-01 1.231499948E-03
 1.352999971E-04 8.161200094E-05 7.606300116E-01 -2.186100000E+04 1.010200012E+03 2.910700073E+02 1.336100006E+02 -8.963100433E+00 -1.831200027E+01 4.710400105E-01 4.610399902E-01 1.226400025E-03
 1.373499981E-04 8.144399908E-05 7.634500265E-01 -2.164900000E+04 1.553199951E+03 2.914200134E+02 1.314700012E+02 -8.621600151E+00 -2.231299973E+01 4.631800056E-01 4.632999897E-01 1.221799990E-03
 1.393999992E-04 8.127599722E-05 7.663000226E-01 -1.517900000E+04 2.578300049E+03 2.916600037E+02 1.293399963E+02 -8.266200066E+00 -2.472599983E+01 4.554300010E-01 4.654200077E-01 1.217299956E-03
 1.414500002E-04 8.110800263E-05 7.685400248E-01 -1.071300000E+04 8.835900391E+03 2.920700073E+02 1.275599976E+02 -8.168299675E+00 -2.207600021E+01 4.488500059E-01 4.674200118E-01 1.213700045E-03
 1.435000013E-04 8.094000077E-05 7.711300254E-01 -1.103200000E+04 6.392399902E+03 2.924200134E+02 1.259599991E+02 -8.047200203E+00 -1.411800003E+01 4.429599941E-01 4.695599973E-01 1.209700014E-03
 1.455500023E-04 8.077199891E-05 7.742099762E-01 -2.640000000E+03 2.773699951E+03 2.924500122E+02 1.243499985E+02 -7.723499775E+00 -3.092000008E+01 4.372200072E-01 4.714899957E-01 1.204799977E-03
 1.476000034E-04 8.060399705E-05 7.766100168E-01 9.515000000E+02 4.438500000E+03 2.926000061E+02 1.226800003E+02 -7.149199963E+00 -2.415299988E+01 4.311600029E-01 4.731999934E-01 1.201099949E-03
 1.496500045E-04 8.043600246E-05 7.783300281E-01 -5.297200195E+03 3.671500000E+03 2.929800110E+02 1.210599976E+02 -6.867800236E+00 9.373399734E+00 4.251500070E-01 4.748600125E-01 1.198500046E-03
 1.517000055E-04 8.026800060E-05 7.794399858E-01 -1.033800000E+04 5.643700195E+03 2.933699951E+02 1.195899963E+02 -6.769400120E+00 6.667600155E+00 4.196900129E-01 4.761700034E-01 1.196800033E-03
 1.537500066E-04 8.009999874E-05 7.811200023E-01 -1.293600000E+04 5.408299805E+03 2.935499878E+02 1.180100021E+02 -6.568900108E+00 -5.292799950E+00 4.140200019E-01 4.774900079E-01 1.194200013E-03
 1.557999931E-04 7.993199688E-05 7.837799788E-01 -1.144200000E+04 5.268700195E+03 2.935199890E+02 1.165000000E+02 -6.376599789E+00 -1.038399982E+01 4.087199867E-01 4.790599942E-01 1.190099982E-03
 1.578499941E-04 7.976400229E-05 7.853299975E-01 -7.391799805E+03 2.591199951E+03 2.936499939E+02 1.152900009E+02 -6.052199841E+00 -1.855599976E+01 4.043099880E-01 4.802300036E-01 1.187799964E-03
 1.598999952E-04 7.959600043E-05 7.865399718E-01 -1.601699951E+03 2.891699951E+03 2.939599915E+02 1.141500015E+02 -5.443200111E+00 -3.953900099E+00 4.000299871E-01 4.814699888E-01 1.185999950E-03
 1.619499963E-04 7.942799857E-05 7.876799703E-01 -4.855100098E+03 8.894299805E+03 2.942699890E+02 1.131600037E+02 -5.155799866E+00 -9.757599831E+00 3.962999880E-01 4.826799929E-01 1.184200053E-03
 1.639999973E-04 7.925999671E-05 7.884100080E-01 -3.712199951E+03 1.109000000E+04 2.943999939E+02 1.123099976E+02 -4.916800022E+00 -2.270800018E+01 3.932000101E-01 4.833300114E-01 1.183100045E-03
 1.660499984E-04 7.909200212E-05 7.899000049E-01 3.550600098E+03 1.192600000E+04 2.945000000E+02 1.112900009E+02 -4.382800102E+00 -1.888599968E+01 3.894900084E-01 4.844200015E-01 1.180900028E-03
 1.680999994E-04 7.892400026E-05 7.909600139E-01 5.613700195E+03 6.145799805E+03 2.946700134E+02 1.103000031E+02 -4.225500107E+00 -2.077000046E+01 3.858999908E-01 4.853500128E-01 1.179300016E-03
 1.701500005E-04 7.875599840E-05 7.921299934E-01 1.151000000E+04 -6.502500000E+03 2.946799927E+02 1.094199982E+02 -3.861299992E+00 -3.012500048E+00 3.827799857E-01 4.860799909E-01 1.177600003E-03
 1.722000015E-04 7.858799654E-05 7.930200100E-01 1.204800000E+04 -7.814600098E+03 2.947699890E+02 1.085599976E+02 -3.349600077E+00 1.372999954E+01 3.796600103E-01 4.867799878E-01 1.176299993E-03
 1.742500026E-04 7.842000196E-05 7.934299707E-01 4.285399902E+03 7.570200195E+02 2.949800110E+02 1.078499985E+02 -3.053800106E+00 1.256400013E+01 3.769899905E-01 4.873799980E-01 1.175599988E-03
 1.763000037E-04 7.825200009E-05 7.942799926E-01 -9.722000122E+02 -1.859900055E+02 2.950700073E+02 1.073300018E+02 -2.478899956E+00 4.052199841E+00 3.750900030E-01 4.880400002E-01 1.174399978E-03
 1.783500047E-04 7.808399823E-05 7.950599790E-01 2.916899902E+03 -8.229099609E+03 2.950700073E+02 1.069000015E+02 -1.915300012E+00 -1.466399956E+01 3.735499978E-01 4.885199964E-01 1.173199969E-03
 1.804000058E-04 7.791599637E-05 7.949699759E-01 -9.871500244E+02 -7.239600098E+03 2.951799927E+02 1.065100021E+02 -1.394099951E+00 5.456600189E+00 3.720900118E-01 4.886499941E-01 1.173399971E-03
 1.824500068E-04 7.774800179E-05 7.949900031E-01 -6.096600098E+03 1.041800049E+03 2.953200073E+02 1.061699982E+02 -8.322299719E-01 2.738100052E+01 3.707999885E-01 4.888899922E-01 1.173399971E-03
 1.844999933E-04 7.757999992E-05 7.956399918E-01 8.143099976E+02 1.410900024E+03 2.953699951E+02 1.059100037E+02 -2.100999951E-01 2.014900017E+01 3.698300123E-01 4.893699884E-01 1.172399963E-03
 1.865499944E-04 7.741199806E-05 7.957400084E-01 -5.328699951E+02 2.666600098E+03 2.953599854E+02 1.056699982E+02 4.068900049E-01 1.485000038E+01 3.689999878E-01 4.894300103E-01 1.172199962E-03
 1.885999955E-04 7.724400348E-05 7.954300046E-01 -1.975400024E+03 5.918700195E+03 2.952999878E+02 1.055899963E+02 1.031800032E+00 -4.442999840E+00 3.687599897E-01 4.891299903E-01 1.172699966E-03
 1.906499965E-04 7.707600162E-05 7.954199910E-01 -5.536799805E+03 5.163299805E+03 2.954100037E+02 1.056800003E+02 1.772300005E+00 -1.922399998E+00 3.690499961E-01 4.893000126E-01 1.172699966E-03
 1.926999976E-04 7.690799976E-05 7.953400016E-01 -1.077100000E+04 6.006700195E+03 2.955499878E+02 1.058300018E+02 2.599999905E+00 9.723500252E+00 3.695400059E-01 4.894999862E-01 1.172799966E-03
 1.947499986E-04 7.673999789E-05 7.947300076E-01 -3.740300049E+03 9.382199707E+02 2.954299927E+02 1.060400009E+02 3.457400084E+00 6.600299835E+00 3.704499900E-01 4.889099896E-01 1.173699973E-03
 1.967999997E-04 7.657200331E-05 7.946100235E-01 2.058899902E+03 -5.661099854E+02 2.952799988E+02 1.062300034E+02 4.420000076E+00 1.102600002E+01 3.713400066E-01 4.885999858E-01 1.173899975E-03
 1.988500007E-04 7.640400145E-05 7.947800159E-01 3.637500000E+03 3.488699951E+03 2.952300110E+02 1.065899963E+02 5.268799782E+00 1.474600029E+01 3.727500141E-01 4.886200130E-01 1.173699973E-03
 2.009000018E-04 7.623599959E-05 7.939800024E-01 1.855599976E+03 2.184800049E+03 2.951700134E+02 1.074000015E+02 6.013999939E+00 3.084399986E+01 3.757500052E-01 4.880200028E-01 1.174799982E-03
 2.029500029E-04 7.606799772E-05 7.927799821E-01 -2.244699951E+03 1.524699951E+03 2.951700134E+02 1.084499969E+02 6.860700130E+00 2.916500092E+01 3.795999885E-01 4.872899950E-01 1.176599995E-03
 2.050000039E-04 7.590000314E-05 7.921800017E-01 -2.291899902E+03 2.958500000E+03 2.952200012E+02 1.089899979E+02 7.249000072E+00 9.466799736E+00 3.815099895E-01 4.870100021E-01 1.177500002E-03
 0.000000000E+00 8.499999967E-05 1.600700021E+00 -1.633000000E+05 1.580599976E+03 3.000000000E+02 5.216899872E+01 6.450900078E+00 -2.033699951E+02 1.888799965E-01 1.008100033E+00 5.733500002E-04
 2.049999921E-06 8.515999798E-05 1.607699990E+00 -8.765000000E+04 -1.518800049E+03 2.987300110E+02 5.472200012E+01 6.511300087E+00 -9.240399933E+01 1.947499961E-01 1.004099965E+00 5.755299935E-04
 4.099999842E-06 8.532000356E-05 1.613700032E+00 -1.683500000E+04 -6.419500000E+03 2.974200134E+02 5.880400085E+01 6.249599934E+00 1.653800011E+00 2.058199942E-01 9.994400144E-01 5.780400243E-04
 6.149999990E-06 8.548000187E-05 1.611199975E+00 -8.111899902E+03 6.764899902E+03 2.972600098E+02 6.192900085E+01 5.780200005E+00 3.192900085E+01 2.165299952E-01 9.973800182E-01 5.789300194E-04
 8.199999684E-06 8.564000018E-05 1.609300017E+00 7.722799805E+03 9.246700195E+03 2.970700073E+02 6.513700104E+01 5.502799988E+00 8.885299683E+01 2.276300043E-01 9.955499768E-01 5.796300247E-04
 1.024999983E-05 8.579999849E-05 1.606500030E+00 3.149000000E+03 2.444000000E+03 2.968800049E+02 6.842900085E+01 5.480999947E+00 1.196100006E+02 2.391200066E-01 9.931600094E-01 5.806600093E-04
 1.229999998E-05 8.595999680E-05 1.601300001E+00 -1.397300049E+03 1.048400000E+04 2.967799988E+02 7.172299957E+01 5.668099880E+00 1.116200027E+02 2.506499887E-01 9.896199703E-01 5.825299886E-04
 1.435000013E-05 8.612000238E-05 1.597399950E+00 5.658799805E+03 1.158200000E+04 2.965199890E+02 7.502899933E+01 6.086299896E+00 8.696499634E+01 2.623699903E-01 9.863700271E-01 5.839299993E-04
 1.639999937E-05 8.628000069E-05 1.594499946E+00 7.402600098E+03 4.074800049E+03 2.960299988E+02 7.850299835E+01 6.763400078E+00 8.671600342E+01 2.748500109E-01 9.829199910E-01 5.850300076E-04
 1.845000043E-05 8.643999900E-05 1.590199947E+00 9.091400391E+03 6.914700195E+03 2.957600098E+02 8.194699860E+01 7.381700039E+00 9.701000214E+01 2.871400118E-01 9.793499708E-01 5.866099964E-04
 2.049999966E-05 8.659999730E-05 1.585399985E+00 1.532400000E+04 4.439399902E+03 2.953699951E+02 8.558300018E+01 7.824800014E+00 6.160300064E+01 3.001100123E-01 9.751899838E-01 5.883499980E-04
 2.255000072E-05 8.676000289E-05 1.578600049E+00 7.736899902E+03 -3.825699951E+03 2.948399963E+02 8.972000122E+01 8.194100380E+00 2.438400078E+01 3.149000108E-01 9.692400098E-01 5.908900057E-04
 2.459999996E-05 8.692000119E-05 1.570299983E+00 8.482700195E+03 1.851900024E+03 2.944599915E+02 9.418499756E+01 8.693400383E+00 3.174799919E+01 3.308100104E-01 9.628700018E-01 5.940399715E-04
 2.664999920E-05 8.707999950E-05 1.562399983E+00 1.496700000E+04 1.925900024E+03 2.939500122E+02 9.888700104E+01 9.225199699E+00 5.545999908E+01 3.476600051E-01 9.563699961E-01 5.970399943E-04
 2.870000026E-05 8.723999781E-05 1.554600000E+00 1.430900000E+04 -2.365300049E+03 2.933500061E+02 1.038799973E+02 9.831600189E+00 7.895400238E+01 3.656300008E-01 9.496499896E-01 6.000300054E-04
 3.075000132E-05 8.740000339E-05 1.544000030E+00 1.305300000E+04 3.383100098E+03 2.927999878E+02 1.093399963E+02 1.052600002E+01 6.330799866E+01 3.852599859E-01 9.413999915E-01 6.041700253E-04
 3.279999873E-05 8.756000170E-05 1.531499982E+00 2.252500000E+04 1.507900000E+04 2.919899902E+02 1.153300018E+02 1.107999992E+01 3.344300079E+01 4.069299996E-01 9.311900139E-01 6.090999814E-04
 3.484999979E-05 8.772000001E-05 1.516800046E+00 2.252500000E+04 9.644299805E+03 2.911700134E+02 1.221699982E+02 1.164200020E+01 4.354999924E+01 4.316500127E-01 9.196500182E-01 6.150099798E-04
 3.690000085E-05 8.787999832E-05 1.500000000E+00 1.723400000E+04 2.585899902E+03 2.902600098E+02 1.297799988E+02 1.222299957E+01 6.062300110E+01 4.592300057E-01 9.066600204E-01 6.218699855E-04
 3.894999827E-05 8.803999663E-05 1.481799960E+00 1.771000000E+04 1.422100000E+04 2.889299927E+02 1.381799927E+02 1.266199970E+01 5.258700180E+01 4.899300039E-01 8.915600181E-01 6.295500207E-04
 4.099999933E-05 8.820000221E-05 1.458799958E+00 2.317400000E+04 9.263599609E+03 2.873699951E+02 1.475700073E+02 1.317800045E+01 3.991699982E+01 5.245500207E-01 8.730000257E-01 6.394700031E-04
 4.305000039E-05 8.836000052E-05 1.431499958E+00 3.219500000E+04 -1.721099976E+03 2.855400085E+02 1.581900024E+02 1.363500023E+01 1.188300037E+01 5.639399886E-01 8.512399793E-01 6.516799913E-04
 4.510000144E-05 8.851999883E-05 1.397600055E+00 3.285500000E+04 -9.939799805E+03 2.834500122E+02 1.703099976E+02 1.375300026E+01 1.683900070E+01 6.091499925E-01 8.249899745E-01 6.675400073E-04
 4.714999886E-05 8.867999713E-05 1.357100010E+00 4.719400000E+04 -3.580800049E+03 2.806900024E+02 1.837200012E+02 1.346399975E+01 1.696599960E+01 6.599799991E-01 7.932900190E-01 6.875200197E-04
 4.919999992E-05 8.884000272E-05 1.308500051E+00 5.906200000E+04 1.062000000E+04 2.773299866E+02 1.988999939E+02 1.240900040E+01 -2.494599915E+01 7.183200121E-01 7.557799816E-01 7.131600287E-04
 5.125000098E-05 8.900000103E-05 1.248000026E+00 6.973600000E+04 -4.383399963E+02 2.733500061E+02 2.166600037E+02 1.072700024E+01 -1.056399994E+02 7.876099944E-01 7.105699778E-01 7.479499909E-04
 5.329999840E-05 8.885600255E-05 1.177399993E+00 7.436500000E+04 -1.424200000E+04 2.683200073E+02 2.363899994E+02 8.155400276E+00 -1.646199951E+02 8.668400049E-01 6.580600142E-01 7.930700085E-04
 5.534999946E-05 8.871199680E-05 1.101500034E+00 6.999500000E+04 -2.535000000E+04 2.624800110E+02 2.565899963E+02 3.933599949E+00 -1.718099976E+02 9.509199858E-01 6.023100019E-01 8.478999953E-04
 5.740000051E-05 8.856799832E-05 1.022099972E+00 6.750800000E+04 -2.858500000E+04 2.559700012E+02 2.767699890E+02 -1.868299961E+00 -1.673300018E+02 1.038599968E+00 5.450900197E-01 9.141199989E-04
 5.945000157E-05 8.842399984E-05 9.408299923E-01 6.550100000E+04 -1.924100000E+04 2.492100067E+02 2.965899963E+02 -8.781399727E+00 -1.762100067E+02 1.128399968E+00 4.885300100E-01 9.933300316E-04
 6.150000263E-05 8.828000136E-05 8.628000021E-01 5.504600000E+04 -2.200400000E+04 2.423800049E+02 3.152799988E+02 -1.577299976E+01 -1.809299927E+02 1.217300057E+00 4.357500076E-01 1.083199983E-03
 6.354999641E-05 8.813600289E-05 7.903100252E-01 3.297900000E+04 -2.503500000E+04 2.355200043E+02 3.324700012E+02 -2.247900009E+01 -1.478800049E+02 1.303500056E+00 3.878499866E-01 1.182600041E-03
 6.559999747E-05 8.799199713E-05 7.233600020E-01 2.105100000E+04 -2.049200000E+04 2.288300018E+02 3.482699890E+02 -2.874200058E+01 -1.184300003E+02 1.386800051E+00 3.449200094E-01 1.292099943E-03
 6.764999853E-05 8.784799866E-05 6.634500027E-01 1.200300000E+04 -2.025300000E+04 2.224600067E+02 3.625899963E+02 -3.411800003E+01 -8.904699707E+01 1.465800047E+00 3.075200021E-01 1.408500015E-03
 6.969999959E-05 8.770400018E-05 6.103299856E-01 -2.301900024E+02 -1.786300000E+04 2.165599976E+02 3.752600098E+02 -3.884999847E+01 -4.339500046E+01 1.538900018E+00 2.753899992E-01 1.531000016E-03
 7.175000064E-05 8.756000170E-05 5.623099804E-01 -1.178400000E+04 -1.388900000E+04 2.110399933E+02 3.867099915E+02 -4.275400162E+01 1.886000037E+00 1.607599974E+00 2.472500056E-01 1.661699964E-03
 7.380000170E-05 8.741600323E-05 5.199000239E-01 -2.943200000E+04 -1.621900024E+03 2.059400024E+02 3.971300049E+02 -4.544800186E+01 1.702300072E+01 1.671900034E+00 2.230599970E-01 1.796799945E-03
 7.585000276E-05 8.727199747E-05 4.837599993E-01 -5.166600000E+04 6.354299927E+01 2.013200073E+02 4.064599915E+02 -4.722200012E+01 2.023999977E+01 1.730999947E+00 2.028799951E-01 1.930500031E-03
 7.789999654E-05 8.712799900E-05 4.524900019E-01 -6.587800000E+04 -8.232800293E+02 1.971199951E+02 4.146700134E+02 -4.860599899E+01 4.644599915E+01 1.784899950E+00 1.858000010E-01 2.063699998E-03
 7.994999760E-05 8.698400052E-05 4.244900048E-01 -7.356900000E+04 7.212299805E+03 1.933300018E+02 4.221799927E+02 -4.922200012E+01 6.971700287E+01 1.834699988E+00 1.709499955E-01 2.199599985E-03
 8.199999866E-05 8.684000204E-05 3.998799920E-01 -8.540300000E+04 1.178500000E+04 1.900000000E+02 4.287300110E+02 -4.900799942E+01 7.446600342E+01 1.878999949E+00 1.582500041E-01 2.334600082E-03
 8.404999971E-05 8.669600356E-05 3.780199885E-01 -9.222300000E+04 1.336400000E+04 1.868899994E+02 4.346900024E+02 -4.845399857E+01 8.727600098E+01 1.920199990E+00 1.471499950E-01 2.469500061E-03
 8.610000077E-05 8.655199781E-05 3.589499891E-01 -9.973600000E+04 1.710800000E+04 1.840700073E+02 4.402399902E+02 -4.740200043E+01 1.064400024E+02 1.958699942E+00 1.376100034E-01 2.600099891E-03
 8.815000183E-05 8.640799933E-05 3.429900110E-01 -1.109400000E+05 1.976600000E+04 1.816699982E+02 4.449200134E+02 -4.569900131E+01 1.071299973E+02 1.991500020E+00 1.297799945E-01 2.720900113E-03
 9.020000289E-05 8.626400086E-05 3.289000094E-01 -1.160500000E+05 1.841900000E+04 1.795000000E+02 4.492000122E+02 -4.359199905E+01 1.045899963E+02 2.021699905E+00 1.229600012E-01 2.837300068E-03
 9.224999667E-05 8.612000238E-05 3.164899945E-01 -1.200800000E+05 1.811500000E+04 1.774600067E+02 4.530000000E+02 -4.151699829E+01 1.023300018E+02 2.049400091E+00 1.169700027E-01 2.948400099E-03
 9.429999773E-05 8.597599663E-05 3.057399988E-01 -1.269800000E+05 2.237700000E+04 1.756399994E+02 4.565199890E+02 -3.935699844E+01 9.884200287E+01 2.075099945E+00 1.118300036E-01 3.051900072E-03
 9.634999878E-05 8.583199815E-05 2.961899936E-01 -1.309800000E+05 2.565200000E+04 1.740500031E+02 4.598599854E+02 -3.703699875E+01 9.044200134E+01 2.098700047E+00 1.073599979E-01 3.150200006E-03
 9.839999984E-05 8.568799967E-05 2.879100144E-01 -1.352000000E+05 2.042200000E+04 1.726699982E+02 4.626900024E+02 -3.471699905E+01 7.711399841E+01 2.119199991E+00 1.035299972E-01 3.240500111E-03
 1.004500009E-04 8.554400119E-05 2.805100083E-01 -1.371300000E+05 1.701000000E+04 1.713899994E+02 4.652799988E+02 -3.220899963E+01 7.776000214E+01 2.138099909E+00 1.001200005E-01 3.326100064E-03
 1.025000020E-04 8.540000272E-05 2.738800049E-01 -1.407400000E+05 1.658400000E+04 1.701300049E+02 4.673999939E+02 -2.991900063E+01 7.441200256E+01 2.154999971E+00 9.703499824E-02 3.406400094E-03
 1.045500030E-04 8.525599696E-05 2.680200040E-01 -1.494200000E+05 1.687700000E+04 1.691499939E+02 4.690599976E+02 -2.810700035E+01 6.556099701E+01 2.168400049E+00 9.440799803E-02 3.480900079E-03
 1.065999968E-04 8.511199849E-05 2.624500096E-01 -1.626400000E+05 1.603600000E+04 1.684400024E+02 4.705799866E+02 -2.632900047E+01 6.023699951E+01 2.179399967E+00 9.205699712E-02 3.554699942E-03
 1.086499979E-04 8.496800001E-05 2.571699917E-01 -1.833700000E+05 1.357700000E+04 1.678600006E+02 4.717500000E+02 -2.479000092E+01 5.114099884E+01 2.188199997E+00 8.989500254E-02 3.627599915E-03
 1.106999989E-04 8.482400153E-05 2.523199916E-01 -2.044400000E+05 1.183100000E+04 1.673300018E+02 4.727300110E+02 -2.345000076E+01 4.774499893E+01 2.195899963E+00 8.791799843E-02 3.697300097E-03
 1.127500000E-04 8.468000306E-05 2.478100061E-01 -2.240400000E+05 1.168900000E+04 1.668000031E+02 4.738500061E+02 -2.232999992E+01 4.685100174E+01 2.204400063E+00 8.607400209E-02 3.764600027E-03
 1.148000010E-04 8.453599730E-05 2.435699999E-01 -2.492100000E+05 1.261700000E+04 1.664299927E+02 4.746300049E+02 -2.164500046E+01 4.401599884E+01 2.210200071E+00 8.441500366E-02 3.830000060E-03
 1.168500021E-04 8.439199883E-05 2.413199991E-01 -3.270600000E+05 1.070000000E+04 1.677599945E+02 4.721199951E+02 -2.109399986E+01 4.818399811E+01 2.189899921E+00 8.430299908E-02 3.865499981E-03
 1.189000031E-04 8.424800035E-05 2.529799938E-01 -7.586100000E+05 1.320300000E+04 1.816600037E+02 4.455599976E+02 -2.029800034E+01 6.526399994E+01 1.993199944E+00 9.600800276E-02 3.695500083E-03
 1.209499969E-04 8.410400187E-05 3.216600120E-01 -1.255900000E+06 2.660200000E+04 2.209499969E+02 3.565799866E+02 -1.814699936E+01 1.247399979E+02 1.465700030E+00 1.511700004E-01 2.993100090E-03
 1.230000053E-04 8.396000339E-05 4.804399908E-01 -8.667100000E+05 2.697700000E+04 2.625799866E+02 2.391799927E+02 -1.479100037E+01 1.757299957E+02 8.941000104E-01 2.658500075E-01 2.033299999E-03
 1.250500063E-04 8.381599764E-05 6.465100050E-01 -2.019500000E+05 1.787200000E+04 2.820599976E+02 1.687200012E+02 -1.199400043E+01 1.506300049E+02 6.050400138E-01 3.803600073E-01 1.457100036E-03
 1.270999928E-04 8.367199916E-05 7.267900109E-01 -4.801000000E+04 8.615500000E+03 2.879899902E+02 1.462899933E+02 -1.017700005E+01 8.119599915E+01 5.186399817E-01 4.359000027E-01 1.284099999E-03
 1.291499939E-04 8.352800069E-05 7.469699979E-01 -3.060300000E+04 1.787000000E+03 2.893900146E+02 1.402599945E+02 -9.026399612E+00 2.381500053E+01 4.958400130E-01 4.501399994E-01 1.248799963E-03
 1.311999949E-04 8.338400221E-05 7.535499930E-01 -1.928800000E+04 2.700699951E+03 2.898599854E+02 1.372700043E+02 -8.388400078E+00 5.400099754E-01 4.847899973E-01 4.548400044E-01 1.237899996E-03
 1.332499960E-04 8.323999646E-05 7.575700283E-01 -1.731800000E+04 -2.983199951E+03 2.903999939E+02 1.348600006E+02 -7.894499779E+00 -1.427799988E+01 4.757699966E-01 4.581300020E-01 1.231299946E-03
 1.352999971E-04 8.309599798E-05 7.602599859E-01 -1.171700000E+04 -4.867399902E+03 2.908900146E+02 1.326600037E+02 -7.632599831E+00 -3.371900177E+01 4.675700068E-01 4.605300128E-01 1.227000030E-03
 1.373499981E-04 8.295199950E-05 7.631099820E-01 -9.151099609E+03 -1.910199951E+03 2.913699951E+02 1.304400024E+02 -7.393000126E+00 -2.791200066E+01 4.593299925E-01 4.630199969E-01 1.222399995E-03
 1.393999992E-04 8.280800103E-05 7.662900090E-01 -8.565799805E+03 3.733699951E+03 2.916799927E+02 1.283699951E+02 -7.111400127E+00 -8.120499611E+00 4.517700076E-01 4.654400051E-01 1.217299956E-03
 1.414500002E-04 8.266400255E-05 7.684100270E-01 -8.498900391E+03 1.042900000E+04 2.919400024E+02 1.266500015E+02 -7.079500198E+00 -1.896699905E+01 4.455299973E-01 4.671399891E-01 1.213900046E-03
 1.435000013E-04 8.251999679E-05 7.708200216E-01 -8.865299805E+03 6.018299805E+03 2.921799927E+02 1.249499969E+02 -7.060900211E+00 -2.551899910E+01 4.393999875E-01 4.689800143E-01 1.210100017E-03
 1.455500023E-04 8.237599832E-05 7.738199830E-01 -2.866100098E+03 1.285400024E+03 2.923900146E+02 1.231200027E+02 -6.628399849E+00 -3.329100037E+01 4.327400029E-01 4.711599946E-01 1.205499982E-03
 1.476000034E-04 8.223199984E-05 7.760000229E-01 -3.881800049E+03 3.478899902E+03 2.927000122E+02 1.213700027E+02 -6.002500057E+00 -2.721500015E+01 4.262700081E-01 4.729799926E-01 1.202099957E-03
 1.496500045E-04 8.208800136E-05 7.778699994E-01 -3.044399902E+03 7.824299805E+03 2.930100098E+02 1.198099976E+02 -5.724699974E+00 -1.123999977E+01 4.205299914E-01 4.746200144E-01 1.199200051E-03
 1.517000055E-04 8.194400289E-05 7.793800235E-01 -2.780500000E+03 6.203500000E+03 2.932699890E+02 1.184100037E+02 -5.641099930E+00 -1.504500008E+01 4.154399931E-01 4.759599864E-01 1.196900033E-03
 1.537500066E-04 8.179999713E-05 7.810999751E-01 -1.070800000E+04 7.728899902E+03 2.934400024E+02 1.171399994E+02 -5.603799820E+00 -8.435099602E+00 4.108600020E-01 4.772900045E-01 1.194200013E-03
 1.557999931E-04 8.165599866E-05 7.831799984E-01 -1.062900000E+04 6.008000000E+03 2.935199890E+02 1.158499985E+02 -5.431300163E+00 -1.448799992E+01 4.062899947E-01 4.786899984E-01 1.191099989E-03
 1.578499941E-04 8.151200018E-05 7.845799923E-01 -9.714700195E+03 -2.950300049E+03 2.936300049E+02 1.144800034E+02 -5.104599953E+00 -1.728400040E+01 4.013499916E-01 4.797399938E-01 1.188899972E-03
 1.598999952E-04 8.136800170E-05 7.862600088E-01 -8.923799805E+03 3.026199951E+03 2.938599854E+02 1.132799988E+02 -4.599199772E+00 -4.992400169E+00 3.969199955E-01 4.811399877E-01 1.186399953E-03
 1.619499963E-04 8.122400322E-05 7.874799967E-01 -8.618400391E+03 9.098700195E+03 2.941300049E+02 1.123199997E+02 -4.369800091E+00 -1.734799957E+01 3.933500051E-01 4.823200107E-01 1.184500055E-03
 1.639999973E-04 8.107999747E-05 7.885199785E-01 -5.414299805E+03 1.009700000E+04 2.942099915E+02 1.113399963E+02 -4.233399868E+00 -2.696500015E+01 3.898699880E-01 4.830900133E-01 1.183000044E-03
 1.660499984E-04 8.093599899E-05 7.902899981E-01 -4.888500000E+03 8.119700195E+03 2.942799988E+02 1.103899994E+02 -3.718199968E+00 -1.534200001E+01 3.864299953E-01 4.842999876E-01 1.180300023E-03
 1.680999994E-04 8.079200052E-05 7.914299965E-01 -4.662700195E+03 3.265899902E+03 2.944400024E+02 1.095999985E+02 -3.460200071E+00 -2.409399986E+01 3.835099936E-01 4.852600098E-01 1.178600010E-03
 1.701500005E-04 8.064800204E-05 7.921699882E-01 2.330199951E+03 -1.190000000E+03 2.945400085E+02 1.087900009E+02 -3.089999914E+00 -1.839599991E+01 3.805699944E-01 4.858700037E-01 1.177500002E-03
 1.722000015E-04 8.050400356E-05 7.926999927E-01 4.386200195E+03 -2.383699951E+03 2.946199951E+02 1.080299988E+02 -2.712100029E+00 5.713099957E+00 3.778299987E-01 4.863300025E-01 1.176699996E-03
 1.742500026E-04 8.035999781E-05 7.932100296E-01 3.969100098E+03 3.212199951E+03 2.947399902E+02 1.073700027E+02 -2.492000103E+00 1.426599979E+01 3.754400015E-01 4.868499935E-01 1.175999991E-03
 1.763000037E-04 8.021599933E-05 7.936699986E-01 -1.453699951E+02 3.213199951E+03 2.948200073E+02 1.067600021E+02 -2.008699894E+00 3.929899931E+00 3.732199967E-01 4.872600138E-01 1.175299985E-03
 1.783500047E-04 8.007200086E-05 7.946900129E-01 -1.982800049E+03 -3.120199890E+02 2.948500061E+02 1.062600021E+02 -1.616700053E+00 -1.856900024E+01 3.714399934E-01 4.879299998E-01 1.173799974E-03
 1.804000058E-04 7.992800238E-05 7.952899933E-01 -4.117700195E+03 -8.581799927E+02 2.949800110E+02 1.059700012E+02 -1.073600054E+00 -3.982800007E+00 3.703199923E-01 4.885199964E-01 1.172899967E-03
 1.824500068E-04 7.978399663E-05 7.947099805E-01 -7.717600098E+03 -4.204800110E+02 2.951400146E+02 1.057600021E+02 -5.001800060E-01 1.088000011E+01 3.694399893E-01 4.884299934E-01 1.173799974E-03
 1.844999933E-04 7.963999815E-05 7.944499850E-01 -6.926600098E+03 2.703800049E+03 2.953099976E+02 1.055800018E+02 -1.396100037E-02 5.745699883E+00 3.687300086E-01 4.885399938E-01 1.174199977E-03
 1.865499944E-04 7.949599967E-05 7.946500182E-01 -6.651299805E+03 7.908399902E+03 2.953500061E+02 1.054700012E+02 5.967900157E-01 5.025000095E+00 3.682999909E-01 4.887399971E-01 1.173899975E-03
 1.885999955E-04 7.935200119E-05 7.948300242E-01 -3.680800049E+03 7.427700195E+03 2.952300110E+02 1.054400024E+02 1.047099948E+00 -9.006000124E-03 3.683100045E-01 4.886499941E-01 1.173599972E-03
 1.906499965E-04 7.920800272E-05 7.948700190E-01 -6.546399902E+03 6.498799805E+03 2.952099915E+02 1.055899963E+02 1.581200004E+00 -4.846700132E-01 3.688699901E-01 4.886400104E-01 1.173499972E-03
 1.926999976E-04 7.906399696E-05 7.944700122E-01 -7.526500000E+03 8.516000000E+03 2.953599854E+02 1.058700027E+02 2.443200111E+00 7.510700226E+00 3.697800040E-01 4.886400104E-01 1.174099976E-03
 1.947499986E-04 7.891999849E-05 7.940499783E-01 -2.920199951E+03 7.694000244E+02 2.953099976E+02 1.062200012E+02 3.192600012E+00 1.566100001E+00 3.711299896E-01 4.882999957E-01 1.174699981E-03
 1.967999997E-04 7.877600001E-05 7.944300175E-01 -1.538199951E+03 -1.391099976E+03 2.951300049E+02 1.066299973E+02 3.966300011E+00 8.779999733E+00 3.727700114E-01 4.882299900E-01 1.174199977E-03
 1.988500007E-04 7.863200153E-05 7.946599722E-01 3.991500000E+03 1.282900024E+03 2.949800110E+02 1.071500015E+02 4.601500034E+00 8.825099945E+00 3.747499883E-01 4.881300032E-01 1.173799974E-03
 2.009000018E-04 7.848800306E-05 7.932800055E-01 6.825599976E+02 2.053600098E+03 2.949700012E+02 1.080100021E+02 5.120800018E+00 1.392799973E+00 3.778400123E-01 4.872699976E-01 1.175899990E-03
 2.029500029E-04 7.834399730E-05 7.914800048E-01 -7.918500000E+03 5.131500000E+03 2.950100098E+02 1.090500031E+02 5.883299828E+00 1.166899967E+01 3.815999925E-01 4.862399995E-01 1.178500010E-03
 2.050000039E-04 7.819999882E-05 7.907500267E-01 -9.139200195E+03 5.675000000E+03 2.949800110E+02 1.095500031E+02 6.228199959E+00 1.086600018E+01 3.834100068E-01 4.857299924E-01 1.179600018E-03
 0.000000000E+00 8.616699779E-05 1.600700021E+00 -1.755100000E+05 1.881699951E+03 3.000000000E+02 5.514899826E+01 5.189300060E+00 -9.141600037E+01 1.989800036E-01 1.008499980E+00 5.734700244E-04
 2.049999921E-06 8.630000229E-05 1.607900023E+00 -9.120600000E+04 -3.133899902E+03 2.988299866E+02 5.757199860E+01 5.194699764E+00 -3.650799942E+01 2.042299956E-01 1.004799962E+00 5.755199818E-04
 4.099999842E-06 8.643299952E-05 1.613499999E+00 -8.214200195E+03 -9.359700195E+03 2.976499939E+02 6.153400040E+01 4.818200111E+00 3.639599991E+01 2.147299945E-01 1.000100017E+00 5.781400250E-04
 6.149999990E-06 8.656700084E-05 1.610299945E+00 -5.350200195E+03 2.126100098E+03 2.974599915E+02 6.466899872E+01 4.342199802E+00 9.539499664E+01 2.255599946E-01 9.974600077E-01 5.792800221E-04
 8.199999684E-06 8.669999806E-05 1.608399987E+00 2.983800049E+03 1.179500000E+04 2.971199951E+02 6.765599823E+01 4.151899815E+00 1.260800018E+02 2.360199988E-01 9.951199889E-01 5.799700157E-04
 1.024999983E-05 8.683300257E-05 1.606799960E+00 1.200100000E+04 1.331300000E+04 2.967799988E+02 7.053500366E+01 4.148099899E+00 1.307400055E+02 2.461600006E-01 9.929900169E-01 5.805499968E-04
 1.229999998E-05 8.696699661E-05 1.602499962E+00 1.748400024E+03 1.737500000E+04 2.966400146E+02 7.358899689E+01 4.318099976E+00 1.286799927E+02 2.568700016E-01 9.898800254E-01 5.821100203E-04
 1.435000013E-05 8.710000111E-05 1.598199964E+00 5.216500000E+03 1.564900000E+04 2.963500061E+02 7.669799805E+01 4.738999844E+00 9.200299835E+01 2.679100037E-01 9.862700105E-01 5.836599739E-04
 1.639999937E-05 8.723299834E-05 1.594599962E+00 1.966900000E+04 1.341300049E+03 2.958999939E+02 7.984999847E+01 5.455800056E+00 8.599299622E+01 2.792499959E-01 9.825900197E-01 5.849599838E-04
 1.845000043E-05 8.736699965E-05 1.589599967E+00 1.501900000E+04 2.801199951E+03 2.956799927E+02 8.317800140E+01 5.984499931E+00 1.054599991E+02 2.910700142E-01 9.787600040E-01 5.868099979E-04
 2.049999966E-05 8.749999688E-05 1.585100055E+00 1.393200000E+04 1.250500000E+04 2.953200073E+02 8.678099823E+01 6.301300049E+00 5.763499832E+01 3.038699925E-01 9.748100042E-01 5.884799757E-04
 2.255000072E-05 8.763300139E-05 1.579200029E+00 1.796800000E+04 3.631199951E+03 2.947699890E+02 9.073200226E+01 6.622499943E+00 1.098099995E+01 3.180199862E-01 9.693499804E-01 5.906799925E-04
 2.459999996E-05 8.776700270E-05 1.571200013E+00 1.056400000E+04 6.279799805E+02 2.943099976E+02 9.502600098E+01 7.068699837E+00 1.836899948E+01 3.333500028E-01 9.629399776E-01 5.936999805E-04
 2.664999920E-05 8.789999993E-05 1.563400030E+00 6.814000000E+03 1.467699951E+03 2.939100037E+02 9.957900238E+01 7.586400032E+00 3.060099983E+01 3.496100008E-01 9.568600059E-01 5.966500030E-04
 2.870000026E-05 8.803299716E-05 1.554600000E+00 1.860800000E+04 4.680600098E+03 2.934100037E+02 1.045000000E+02 8.152299881E+00 7.372499847E+01 3.672499955E-01 9.498500228E-01 6.000300054E-04
 3.075000132E-05 8.816699847E-05 1.543200016E+00 1.970600000E+04 1.172800000E+04 2.927900085E+02 1.099100037E+02 8.769700050E+00 7.518900299E+01 3.867299855E-01 9.409099817E-01 6.044600159E-04
 3.279999873E-05 8.830000297E-05 1.531000018E+00 2.421100000E+04 2.575399902E+03 2.919200134E+02 1.157500000E+02 9.203599930E+00 3.798899841E+01 4.079000056E-01 9.306799769E-01 6.092800177E-04
 3.484999979E-05 8.843300020E-05 1.516700029E+00 2.521200000E+04 -2.080399902E+03 2.911099854E+02 1.224100037E+02 9.617400169E+00 3.557099915E+01 4.319199920E-01 9.194399714E-01 6.150400150E-04
 3.690000085E-05 8.856700151E-05 1.499600053E+00 2.153200000E+04 7.869700195E+03 2.902600098E+02 1.298999939E+02 1.006999969E+01 6.717299652E+01 4.589999914E-01 9.064400196E-01 6.220400101E-04
 3.894999827E-05 8.869999874E-05 1.480399966E+00 2.045600000E+04 1.398000000E+04 2.889899902E+02 1.381799927E+02 1.047200012E+01 7.335800171E+01 4.892500043E-01 8.908900023E-01 6.301500252E-04
 4.099999933E-05 8.883300325E-05 1.457700014E+00 2.410900000E+04 1.509200000E+04 2.873599854E+02 1.476000061E+02 1.092800045E+01 4.533900070E+01 5.239999890E-01 8.723300099E-01 6.399499835E-04
 4.305000039E-05 8.896699728E-05 1.431100011E+00 3.709300000E+04 1.045700000E+04 2.855000000E+02 1.581699982E+02 1.128100014E+01 2.942499924E+01 5.632799864E-01 8.508700132E-01 6.518600276E-04
 4.510000144E-05 8.910000179E-05 1.397899985E+00 3.547600000E+04 -5.582700195E+03 2.834500122E+02 1.700899963E+02 1.140900040E+01 6.025499821E+00 6.077399850E-01 8.251699805E-01 6.674000178E-04
 4.714999886E-05 8.923299902E-05 1.358000040E+00 4.049600000E+04 -8.235099609E+03 2.807099915E+02 1.835099945E+02 1.120400047E+01 -1.043799973E+01 6.586400270E-01 7.939100266E-01 6.870499928E-04
 4.919999992E-05 8.936700033E-05 1.310199976E+00 5.539200000E+04 -1.261699982E+02 2.772799988E+02 1.986100006E+02 1.029100037E+01 -1.983699989E+01 7.168899775E-01 7.566199899E-01 7.122500101E-04
 5.125000098E-05 8.949999756E-05 1.250699997E+00 5.164300000E+04 -3.798800049E+03 2.731799927E+02 2.160000000E+02 8.865099907E+00 -5.745399857E+01 7.851499915E-01 7.116299868E-01 7.463400252E-04
 5.329999840E-05 8.938000246E-05 1.181399941E+00 6.038500000E+04 -6.772100098E+03 2.682799988E+02 2.352599945E+02 6.819699764E+00 -8.707499695E+01 8.625900149E-01 6.601700187E-01 7.903400110E-04
 5.534999946E-05 8.926000010E-05 1.106799960E+00 6.741100000E+04 -1.098900000E+04 2.627399902E+02 2.553200073E+02 3.381400108E+00 -1.302100067E+02 9.456700087E-01 6.058099866E-01 8.437900105E-04
 5.740000051E-05 8.913999773E-05 1.028900027E+00 6.788700000E+04 -1.343200000E+04 2.563399963E+02 2.753800049E+02 -1.394099951E+00 -1.665599976E+02 1.032600045E+00 5.494999886E-01 9.079899755E-04
 5.945000157E-05 8.902000263E-05 9.490200281E-01 7.015900000E+04 -1.364300000E+04 2.496399994E+02 2.948800049E+02 -7.013599873E+00 -1.706399994E+02 1.120700002E+00 4.936099946E-01 9.846900357E-04
 6.150000263E-05 8.890000026E-05 8.707100153E-01 4.850100000E+04 -1.798700000E+04 2.428999939E+02 3.135499878E+02 -1.284300041E+01 -1.571600037E+02 1.208799958E+00 4.406999946E-01 1.073400024E-03
 6.354999641E-05 8.877999790E-05 7.980800271E-01 2.492300000E+04 -2.565200000E+04 2.361699982E+02 3.308099976E+02 -1.840999985E+01 -1.246800003E+02 1.294299960E+00 3.927200139E-01 1.170999953E-03
 6.559999747E-05 8.866000280E-05 7.309100032E-01 2.139800000E+04 -2.239500000E+04 2.295399933E+02 3.468999939E+02 -2.361000061E+01 -9.951899719E+01 1.377699971E+00 3.495999873E-01 1.278799959E-03
 6.764999853E-05 8.854000043E-05 6.701700091E-01 1.766800000E+04 -1.207000000E+04 2.231000061E+02 3.615599976E+02 -2.823900032E+01 -7.701899719E+01 1.457499981E+00 3.115299940E-01 1.394400024E-03
 6.969999959E-05 8.841999806E-05 6.169300079E-01 1.244199951E+03 -1.494100000E+04 2.172100067E+02 3.744100037E+02 -3.216899872E+01 -5.009400177E+01 1.530500054E+00 2.791999876E-01 1.514600008E-03
 7.175000064E-05 8.830000297E-05 5.682399869E-01 -1.242200000E+04 -1.328800000E+04 2.116399994E+02 3.862200012E+02 -3.523699951E+01 -1.973600030E+00 1.600200057E+00 2.505699992E-01 1.644399948E-03
 7.380000170E-05 8.818000060E-05 5.244899988E-01 -2.753800000E+04 -2.280300049E+03 2.063699951E+02 3.970100098E+02 -3.771500015E+01 1.795400047E+01 1.666300058E+00 2.255000025E-01 1.781199942E-03
 7.585000276E-05 8.805999823E-05 4.871200025E-01 -4.831400000E+04 5.180700073E+02 2.017100067E+02 4.065299988E+02 -3.969599915E+01 2.345199966E+01 1.726199985E+00 2.046899945E-01 1.917300047E-03
 7.789999654E-05 8.794000314E-05 4.549199939E-01 -6.433300000E+04 6.719299927E+02 1.974900055E+02 4.150899963E+02 -4.089799881E+01 4.237799835E+01 1.781499982E+00 1.871500015E-01 2.052800031E-03
 7.994999760E-05 8.782000077E-05 4.261200130E-01 -7.750300000E+04 2.765899902E+03 1.935299988E+02 4.230400085E+02 -4.133900070E+01 5.058599854E+01 1.833899975E+00 1.717800051E-01 2.191300038E-03
 8.199999866E-05 8.769999840E-05 4.011299908E-01 -8.878400000E+04 6.390299805E+03 1.899900055E+02 4.297200012E+02 -4.110599899E+01 5.571400070E+01 1.879699945E+00 1.587399989E-01 2.327299910E-03
 8.404999971E-05 8.758000331E-05 3.790700138E-01 -9.547900000E+04 8.266299805E+03 1.867700043E+02 4.357600098E+02 -4.071799850E+01 5.970299911E+01 1.922099948E+00 1.474599987E-01 2.462700009E-03
 8.610000077E-05 8.746000094E-05 3.592300117E-01 -1.031000000E+05 1.118400000E+04 1.838500061E+02 4.416000061E+02 -4.004000092E+01 7.707099915E+01 1.962700009E+00 1.375499964E-01 2.598399995E-03
 8.815000183E-05 8.733999857E-05 3.420999944E-01 -1.136100000E+05 1.472000000E+04 1.813099976E+02 4.464599915E+02 -3.878900146E+01 8.221299744E+01 1.997499943E+00 1.291799992E-01 2.728200052E-03
 9.020000289E-05 8.722000348E-05 3.273999989E-01 -1.214000000E+05 1.753000000E+04 1.790700073E+02 4.506000061E+02 -3.706399918E+01 8.599800110E+01 2.027800083E+00 1.221000031E-01 2.850299934E-03
 9.224999667E-05 8.710000111E-05 3.147499859E-01 -1.248500000E+05 1.757000000E+04 1.770299988E+02 4.542399902E+02 -3.522299957E+01 1.018199997E+02 2.055099964E+00 1.160399988E-01 2.964700107E-03
 9.429999773E-05 8.697999874E-05 3.033399880E-01 -1.272100000E+05 1.940000000E+04 1.751100006E+02 4.579500122E+02 -3.354100037E+01 1.042600021E+02 2.082600117E+00 1.106199995E-01 3.076100023E-03
 9.634999878E-05 8.685999637E-05 2.934600115E-01 -1.271700000E+05 2.040200000E+04 1.733600006E+02 4.613699951E+02 -3.170599937E+01 9.073799896E+01 2.108000040E+00 1.059399992E-01 3.179399995E-03
 9.839999984E-05 8.674000128E-05 2.848500013E-01 -1.320400000E+05 1.760600000E+04 1.719400024E+02 4.642200012E+02 -2.963199997E+01 7.367099762E+01 2.128999949E+00 1.019999981E-01 3.275400028E-03
 1.004500009E-04 8.661999891E-05 2.771700025E-01 -1.383800000E+05 1.796800000E+04 1.706499939E+02 4.667000122E+02 -2.737899971E+01 7.219699860E+01 2.147799969E+00 9.849800169E-02 3.366099903E-03
 1.025000020E-04 8.649999654E-05 2.707700133E-01 -1.438800000E+05 1.874800000E+04 1.694799957E+02 4.685499878E+02 -2.528000069E+01 6.514600372E+01 2.163199902E+00 9.556200355E-02 3.445500042E-03
 1.045500030E-04 8.638000145E-05 2.650600076E-01 -1.552500000E+05 1.606000000E+04 1.686499939E+02 4.700400085E+02 -2.342200089E+01 5.328099823E+01 2.174900055E+00 9.309300035E-02 3.519699909E-03
 1.065999968E-04 8.625999908E-05 2.596299946E-01 -1.703400000E+05 1.241400000E+04 1.679700012E+02 4.714100037E+02 -2.169499969E+01 4.800600052E+01 2.185300112E+00 9.081300348E-02 3.593399888E-03
 1.086499979E-04 8.613999671E-05 2.546199858E-01 -1.901600000E+05 1.027100000E+04 1.673500061E+02 4.726799927E+02 -2.016200066E+01 4.317399979E+01 2.194799900E+00 8.873599768E-02 3.663999960E-03
 1.106999989E-04 8.602000162E-05 2.502000034E-01 -2.106600000E+05 8.774900391E+03 1.668200073E+02 4.736700134E+02 -1.905999947E+01 3.702099991E+01 2.202699900E+00 8.691900223E-02 3.728500102E-03
 1.127500000E-04 8.589999925E-05 2.461699992E-01 -2.299900000E+05 9.533099609E+03 1.663600006E+02 4.745899963E+02 -1.814999962E+01 3.750699997E+01 2.209899902E+00 8.527799696E-02 3.789599985E-03
 1.148000010E-04 8.577999688E-05 2.423399985E-01 -2.550900000E+05 1.132500000E+04 1.660899963E+02 4.752999878E+02 -1.747699928E+01 4.543899918E+01 2.214900017E+00 8.381599933E-02 3.849300090E-03
 1.168500021E-04 8.566000179E-05 2.402999997E-01 -3.298400000E+05 1.006700000E+04 1.674199982E+02 4.727300110E+02 -1.704899979E+01 4.599599838E+01 2.194099903E+00 8.377800137E-02 3.881799988E-03
 1.189000031E-04 8.553999942E-05 2.519899905E-01 -7.557800000E+05 8.221900391E+03 1.812899933E+02 4.461400146E+02 -1.673100090E+01 3.909500122E+01 1.997200012E+00 9.543900192E-02 3.710099962E-03
 1.209499969E-04 8.541999705E-05 3.197999895E-01 -1.254600000E+06 1.599300000E+04 2.204199982E+02 3.577399902E+02 -1.549800014E+01 7.265699768E+01 1.471500039E+00 1.498900056E-01 3.008699976E-03
 1.230000053E-04 8.530000196E-05 4.769900143E-01 -8.750600000E+05 2.235700000E+04 2.620299988E+02 2.405800018E+02 -1.273799992E+01 1.198799973E+02 8.998500109E-01 2.634199858E-01 2.047999995E-03
 1.250500063E-04 8.517999959E-05 6.429899931E-01 -2.075300000E+05 1.550200000E+04 2.817000122E+02 1.695000000E+02 -1.022299957E+01 1.208600006E+02 6.078100204E-01 3.778199852E-01 1.465599984E-03
 1.270999928E-04 8.505999722E-05 7.244799733E-01 -4.154200000E+04 5.728000000E+03 2.876199951E+02 1.464700012E+02 -8.583900452E+00 5.138899994E+01 5.192400217E-01 4.339599907E-01 1.288200030E-03
 1.291499939E-04 8.494000213E-05 7.461000085E-01 -2.271500000E+04 -3.233500061E+02 2.890700073E+02 1.398699951E+02 -7.607999802E+00 1.040699959E+00 4.944399893E-01 4.491199851E-01 1.250299974E-03
 1.311999949E-04 8.481999976E-05 7.529699802E-01 -1.733600000E+04 -3.153399902E+03 2.897600098E+02 1.364900055E+02 -7.073699951E+00 -1.625300026E+01 4.818600118E-01 4.543299973E-01 1.238800003E-03
 1.332499960E-04 8.469999739E-05 7.570800185E-01 -1.321000000E+04 -5.116100098E+03 2.902200012E+02 1.339299927E+02 -6.631999969E+00 -3.702399826E+01 4.723800123E-01 4.575400054E-01 1.232099952E-03
 1.352999971E-04 8.458000229E-05 7.605500221E-01 -8.859200195E+03 -3.016100098E+03 2.905499878E+02 1.315899963E+02 -6.307899952E+00 -3.540999985E+01 4.638499916E-01 4.601599872E-01 1.226500026E-03
 1.373499981E-04 8.445999993E-05 7.637299895E-01 -1.388700000E+04 -6.576300049E+02 2.911099854E+02 1.293999939E+02 -6.134500027E+00 -2.779000092E+01 4.556699991E-01 4.629899859E-01 1.221399987E-03
 1.393999992E-04 8.433999756E-05 7.670000196E-01 -1.545600000E+04 1.494599976E+03 2.914100037E+02 1.273799973E+02 -5.971899986E+00 -2.327300072E+01 4.483099878E-01 4.654299915E-01 1.216199948E-03
 1.414500002E-04 8.422000246E-05 7.691000104E-01 -1.203000000E+04 7.603200195E+03 2.916000061E+02 1.255199966E+02 -5.914500237E+00 -3.522000122E+01 4.416399896E-01 4.670099914E-01 1.212800038E-03
 1.435000013E-04 8.410000009E-05 7.712000012E-01 -1.005900000E+04 6.882500000E+03 2.918500061E+02 1.236900024E+02 -5.874199867E+00 -2.751099968E+01 4.350099862E-01 4.686900079E-01 1.209600014E-03
 1.455500023E-04 8.397999773E-05 7.734500170E-01 -5.870100098E+03 2.036800049E+03 2.922500000E+02 1.218700027E+02 -5.419300079E+00 -2.352400017E+01 4.282599986E-01 4.707100093E-01 1.205999986E-03
 1.476000034E-04 8.386000263E-05 7.753199935E-01 -8.533900391E+03 4.311799927E+02 2.927300110E+02 1.202399979E+02 -4.858300209E+00 -2.463699913E+01 4.221099913E-01 4.726299942E-01 1.203099964E-03
 1.496500045E-04 8.374000026E-05 7.776299715E-01 -9.830700195E+03 2.462600098E+03 2.929500122E+02 1.187200012E+02 -4.725999832E+00 -1.346000004E+01 4.165900052E-01 4.743900001E-01 1.199500053E-03
 1.517000055E-04 8.361999789E-05 7.796099782E-01 -7.105700195E+03 6.883999634E+01 2.931700134E+02 1.172799988E+02 -4.737100124E+00 -8.450400352E+00 4.113999903E-01 4.759500027E-01 1.196500030E-03
 1.537500066E-04 8.350000280E-05 7.813299894E-01 -6.045399902E+03 4.281799805E+03 2.933699951E+02 1.159700012E+02 -4.662600040E+00 -1.388799953E+01 4.066500068E-01 4.773199856E-01 1.193900011E-03
 1.557999931E-04 8.338000043E-05 7.826899886E-01 -4.301500000E+03 1.914599976E+03 2.936099854E+02 1.147200012E+02 -4.447400093E+00 -1.516600037E+01 4.020999968E-01 4.785499871E-01 1.191799995E-03
 1.578499941E-04 8.325999806E-05 7.837700248E-01 -1.226500000E+04 -7.176299805E+03 2.937500000E+02 1.135299988E+02 -4.114200115E+00 -1.722499967E+00 3.977800012E-01 4.794400036E-01 1.190099982E-03
 1.598999952E-04 8.314000297E-05 7.855799794E-01 -1.603500000E+04 2.799500000E+03 2.938099976E+02 1.123399963E+02 -3.767299891E+00 -3.177099943E+00 3.935599923E-01 4.806399941E-01 1.187399961E-03
 1.619499963E-04 8.302000060E-05 7.870100141E-01 -7.458799805E+03 7.752299805E+03 2.940299988E+02 1.112799988E+02 -3.595099926E+00 -2.444000053E+01 3.896700144E-01 4.818699956E-01 1.185199944E-03
 1.639999973E-04 8.289999823E-05 7.879999876E-01 2.207500000E+02 5.997100098E+03 2.941799927E+02 1.103399963E+02 -3.500600100E+00 -2.916300011E+01 3.862699866E-01 4.827300012E-01 1.183800050E-03
 1.660499984E-04 8.278000314E-05 7.895299792E-01 -4.404799805E+03 4.640700195E+03 2.942600098E+02 1.095199966E+02 -3.190700054E+00 -1.422999954E+01 3.833200037E-01 4.837900102E-01 1.181500033E-03
 1.680999994E-04 8.266000077E-05 7.913399935E-01 -5.554500000E+03 3.805000000E+03 2.942999878E+02 1.087500000E+02 -2.829699993E+00 -2.446699905E+01 3.805800080E-01 4.849799871E-01 1.178800012E-03
 1.701500005E-04 8.253999840E-05 7.923700213E-01 1.149699951E+03 1.971000000E+03 2.944599915E+02 1.079800034E+02 -2.406699896E+00 -2.682399940E+01 3.777300119E-01 4.858700037E-01 1.177200000E-03
 1.722000015E-04 8.242000331E-05 7.925900221E-01 4.320700195E+03 1.093600006E+02 2.945599976E+02 1.072799988E+02 -2.127099991E+00 -3.470000029E+00 3.752099872E-01 4.861699939E-01 1.176899998E-03
 1.742500026E-04 8.230000094E-05 7.929099798E-01 1.758900024E+03 2.071300049E+03 2.946099854E+02 1.066500015E+02 -1.832499981E+00 5.735799789E+00 3.729499876E-01 4.864499867E-01 1.176399994E-03
 1.763000037E-04 8.217999857E-05 7.932800055E-01 -2.042500000E+03 6.286199951E+02 2.947099915E+02 1.060999985E+02 -1.461799979E+00 -1.188400030E+00 3.709500134E-01 4.868299961E-01 1.175899990E-03
 1.783500047E-04 8.206000348E-05 7.940400243E-01 -3.546899902E+03 1.896099976E+03 2.948599854E+02 1.056299973E+02 -1.383800030E+00 -1.800600052E+01 3.692100048E-01 4.875499904E-01 1.174799982E-03
 1.804000058E-04 8.194000111E-05 7.942900062E-01 -5.596299805E+03 9.439600220E+02 2.950400085E+02 1.053899994E+02 -8.881099820E-01 -2.286800003E+01 3.682500124E-01 4.880099893E-01 1.174399978E-03
 1.824500068E-04 8.181999874E-05 7.940499783E-01 -6.191899902E+03 -4.431799805E+03 2.950799866E+02 1.052399979E+02 -2.132100016E-01 -1.406400013E+01 3.676899970E-01 4.879100025E-01 1.174699981E-03
 1.844999933E-04 8.169999637E-05 7.938699722E-01 -9.617200195E+03 5.846199951E+02 2.951300049E+02 1.051399994E+02 1.125900000E-01 -1.126099968E+01 3.672800064E-01 4.878900051E-01 1.174999983E-03
 1.865499944E-04 8.158000128E-05 7.940099835E-01 -8.060000000E+03 4.587399902E+03 2.952300110E+02 1.051999969E+02 6.046100259E-01 -1.131799984E+01 3.674300015E-01 4.881500006E-01 1.174799982E-03
 1.885999955E-04 8.145999891E-05 7.947300076E-01 2.359899902E+03 4.439299805E+03 2.951099854E+02 1.052200012E+02 1.016999960E+00 -6.684800148E+00 3.675999939E-01 4.884000123E-01 1.173699973E-03
 1.906499965E-04 8.133999654E-05 7.947000265E-01 -7.569299927E+02 6.672100098E+03 2.951199951E+02 1.053199997E+02 1.395300031E+00 -1.079100013E+00 3.679699898E-01 4.883800149E-01 1.173799974E-03
 1.926999976E-04 8.122000145E-05 7.941300273E-01 -5.272799805E+03 6.483700195E+03 2.952600098E+02 1.056200027E+02 2.104500055E+00 8.669400215E+00 3.689799905E-01 4.882700145E-01 1.174599980E-03
 1.947499986E-04 8.109999908E-05 7.941499949E-01 1.421800049E+03 4.126600098E+03 2.951300049E+02 1.060400009E+02 2.746599913E+00 1.269999981E+01 3.705700040E-01 4.880700111E-01 1.174599980E-03
 1.967999997E-04 8.097999671E-05 7.942600250E-01 1.665000000E+03 2.117399902E+03 2.949500122E+02 1.066399994E+02 3.348099947E+00 1.041300011E+01 3.728399873E-01 4.878399968E-01 1.174399978E-03
 1.988500007E-04 8.086000162E-05 7.939100266E-01 6.437899780E+02 1.676800049E+03 2.948099976E+02 1.073899994E+02 3.936500072E+00 -7.556399822E+00 3.756200075E-01 4.873900115E-01 1.174899982E-03
 2.009000018E-04 8.073999925E-05 7.927500010E-01 -1.567500000E+03 2.922500000E+03 2.948599854E+02 1.082099991E+02 4.401999950E+00 -2.463699913E+01 3.785200119E-01 4.867500067E-01 1.176699996E-03
 2.029500029E-04 8.061999688E-05 7.912899852E-01 -3.363399963E+02 4.778100098E+03 2.948500061E+02 1.090599976E+02 5.019899845E+00 -3.009400070E-01 3.815700114E-01 4.858500063E-01 1.178800012E-03
 2.050000039E-04 8.050000179E-05 7.907500267E-01 4.657899902E+03 6.044100098E+03 2.947200012E+02 1.094800034E+02 5.359499931E+00 2.217900085E+01 3.831900060E-01 4.853000045E-01 1.179600018E-03
 0.000000000E+00 8.733299910E-05 1.600700021E+00 -1.967700000E+05 -2.401000000E+04 3.000000000E+02 5.925099945E+01 4.383600235E+00 -3.412900162E+01 2.128300071E-01 1.008499980E+00 5.739399930E-04
 2.049999921E-06 8.743999933E-05 1.607599974E+00 -1.022900000E+05 -7.133299805E+03 2.988599854E+02 6.139199829E+01 4.125199795E+00 2.784900093E+01 2.171200067E-01 1.004699945E+00 5.758400075E-04
 4.099999842E-06 8.754699957E-05 1.613800049E+00 -3.334699951E+03 4.557200195E+03 2.976300049E+02 6.501000214E+01 3.447999954E+00 9.381400299E+01 2.264900059E-01 1.000200033E+00 5.780300125E-04
 6.149999990E-06 8.765300299E-05 1.611299992E+00 3.043899902E+03 2.349600098E+03 2.974599915E+02 6.791500092E+01 2.974600077E+00 1.277300034E+02 2.365700006E-01 9.980800152E-01 5.789099960E-04
 8.199999684E-06 8.776000323E-05 1.608500004E+00 4.404700195E+03 5.725000000E+03 2.971199951E+02 7.069499969E+01 2.928400040E+00 1.400099945E+02 2.463600039E-01 9.952300191E-01 5.799100036E-04
 1.024999983E-05 8.786700346E-05 1.606999993E+00 1.191600000E+04 1.268600000E+04 2.967099915E+02 7.326799774E+01 3.011600018E+00 1.052600021E+02 2.554999888E-01 9.929299951E-01 5.804499961E-04
 1.229999998E-05 8.797299961E-05 1.603199959E+00 6.654600098E+03 2.376000000E+04 2.964700012E+02 7.591999817E+01 3.154400110E+00 1.118000031E+02 2.648600042E-01 9.897699952E-01 5.818299833E-04
 1.435000013E-05 8.807999984E-05 1.598199964E+00 6.441600098E+03 1.646100000E+04 2.960700073E+02 7.869999695E+01 3.543299913E+00 1.098899994E+02 2.747899890E-01 9.853600264E-01 5.836400087E-04
 1.639999937E-05 8.818700007E-05 1.595399976E+00 1.787500000E+04 -1.077400000E+04 2.956199951E+02 8.153099823E+01 4.224199772E+00 7.377400208E+01 2.849799991E-01 9.821000099E-01 5.846900167E-04
 1.845000043E-05 8.829300350E-05 1.591400027E+00 1.711200000E+04 -8.726000000E+03 2.953699951E+02 8.472499847E+01 4.579400063E+00 6.862400055E+01 2.962999940E-01 9.788299799E-01 5.861599930E-04
 2.049999966E-05 8.839999646E-05 1.586199999E+00 1.128100000E+04 8.605700195E+03 2.951600037E+02 8.824099731E+01 4.857399940E+00 5.629999924E+01 3.087199926E-01 9.749500155E-01 5.880700191E-04
 2.255000072E-05 8.850699669E-05 1.579300046E+00 1.690100000E+04 -3.827799988E+02 2.947600098E+02 9.195400238E+01 5.208099842E+00 3.897900009E+01 3.219600022E-01 9.694100022E-01 5.906400038E-04
 2.459999996E-05 8.861300012E-05 1.571400046E+00 3.923699951E+03 -7.700700195E+03 2.942500000E+02 9.594799805E+01 5.556499958E+00 2.663100052E+01 3.362599909E-01 9.628499746E-01 5.936200032E-04
 2.664999920E-05 8.872000035E-05 1.563400030E+00 -1.764800000E+04 -6.958899902E+03 2.938399963E+02 1.003000031E+02 5.994299889E+00 4.196400070E+01 3.518100083E-01 9.566199780E-01 5.966600147E-04
 2.870000026E-05 8.882700058E-05 1.553799987E+00 2.234899902E+03 2.547500000E+03 2.934100037E+02 1.051100006E+02 6.473999977E+00 7.975499725E+01 3.689900041E-01 9.493499994E-01 6.003400194E-04
 3.075000132E-05 8.893299673E-05 1.542700052E+00 2.393400000E+04 1.496500000E+04 2.927699890E+02 1.105100021E+02 7.057899952E+00 6.496700287E+01 3.884100020E-01 9.405199885E-01 6.046699709E-04
 3.279999873E-05 8.903999696E-05 1.531200051E+00 3.016200000E+04 -3.472100098E+03 2.918900146E+02 1.164000015E+02 7.350500107E+00 1.651000023E+01 4.097400010E-01 9.307100177E-01 6.091999821E-04
 3.484999979E-05 8.914699720E-05 1.517199993E+00 2.575000000E+04 -9.957900391E+03 2.909800110E+02 1.229800034E+02 7.603499889E+00 1.842200089E+01 4.335300028E-01 9.193699956E-01 6.148199900E-04
 3.690000085E-05 8.925300062E-05 1.499899983E+00 2.151800000E+04 5.788200195E+03 2.900700073E+02 1.304100037E+02 7.985099792E+00 6.249399948E+01 4.604099989E-01 9.060199857E-01 6.219199859E-04
 3.894999827E-05 8.936000086E-05 1.480399966E+00 3.257700000E+04 1.286100000E+04 2.888800049E+02 1.384700012E+02 8.342300415E+00 7.090200043E+01 4.898599982E-01 8.905799985E-01 6.301199901E-04
 4.099999933E-05 8.946700109E-05 1.457700014E+00 3.903300000E+04 2.178600000E+04 2.872300110E+02 1.476100006E+02 8.704400063E+00 4.849900055E+01 5.236700177E-01 8.719199896E-01 6.399399717E-04
 4.305000039E-05 8.957299724E-05 1.430799961E+00 3.751900000E+04 1.266600000E+04 2.854800110E+02 1.580899963E+02 8.985500336E+00 2.627400017E+01 5.624700189E-01 8.506000042E-01 6.520100287E-04
 4.510000144E-05 8.967999747E-05 1.397799969E+00 3.847400000E+04 -5.763299805E+03 2.834899902E+02 1.697799988E+02 9.063899994E+00 1.523600006E+01 6.060600281E-01 8.252400160E-01 6.674299948E-04
 4.714999886E-05 8.978699771E-05 1.358700037E+00 4.492600000E+04 -2.090100098E+03 2.807200012E+02 1.831999969E+02 8.872699738E+00 -1.964699984E+00 6.570600271E-01 7.943300009E-01 6.866899785E-04
 4.919999992E-05 8.989300113E-05 1.311400056E+00 5.698900000E+04 2.700100098E+03 2.773200073E+02 1.984400024E+02 8.249099731E+00 -3.158600044E+01 7.158799767E-01 7.573999763E-01 7.115899934E-04
 5.125000098E-05 9.000000136E-05 1.252400041E+00 5.413300000E+04 -6.489100098E+03 2.731199951E+02 2.155599976E+02 7.141499996E+00 -6.796800232E+01 7.833799720E-01 7.124800086E-01 7.452900172E-04
 5.329999840E-05 8.990400238E-05 1.184299946E+00 6.055400000E+04 -3.118600098E+03 2.682300110E+02 2.345500031E+02 5.407999992E+00 -7.949400330E+01 8.599299788E-01 6.616600156E-01 7.883699727E-04
 5.534999946E-05 8.980800339E-05 1.110399961E+00 7.197800000E+04 -1.398400024E+03 2.628599854E+02 2.543600006E+02 2.681099892E+00 -1.124899979E+02 9.418600202E-01 6.080499887E-01 8.410299779E-04
 5.740000051E-05 8.971199713E-05 1.032899976E+00 7.567900000E+04 -6.543700195E+03 2.567099915E+02 2.742500000E+02 -1.004600048E+00 -1.646399994E+02 1.027600050E+00 5.524299741E-01 9.043900063E-04
 5.945000157E-05 8.961599815E-05 9.548400044E-01 7.461600000E+04 -5.456200195E+03 2.501100006E+02 2.936600037E+02 -5.426400185E+00 -1.647700043E+02 1.114899993E+00 4.975700080E-01 9.785300354E-04
 6.150000263E-05 8.951999916E-05 8.780599833E-01 5.182400000E+04 -1.335600000E+04 2.433000031E+02 3.122999878E+02 -1.007499981E+01 -1.350899963E+02 1.202600002E+00 4.451499879E-01 1.064299955E-03
 6.354999641E-05 8.942400018E-05 8.053600192E-01 2.136200000E+04 -2.464800000E+04 2.366199951E+02 3.297699890E+02 -1.459799957E+01 -1.026200027E+02 1.288200021E+00 3.970600069E-01 1.160399988E-03
 6.559999747E-05 8.932800120E-05 7.379000187E-01 1.512000000E+04 -2.188500000E+04 2.299799957E+02 3.459299927E+02 -1.870299911E+01 -7.891100311E+01 1.371399999E+00 3.536199927E-01 1.266599982E-03
 6.764999853E-05 8.923200221E-05 6.759799719E-01 1.160700000E+04 -1.001800000E+04 2.235899963E+02 3.607099915E+02 -2.238299942E+01 -5.818799973E+01 1.450899959E+00 3.149099946E-01 1.382500050E-03
 6.969999959E-05 8.913600323E-05 6.213200092E-01 -7.150399902E+03 -9.037400391E+03 2.177799988E+02 3.738299866E+02 -2.556599998E+01 -4.432400131E+01 1.524099946E+00 2.819299996E-01 1.503900043E-03
 7.175000064E-05 8.903999696E-05 5.725100040E-01 -1.849700000E+04 -1.077100000E+04 2.121499939E+02 3.858500061E+02 -2.789599991E+01 -2.287199974E+01 1.594300032E+00 2.530499995E-01 1.631999970E-03
 7.380000170E-05 8.894399798E-05 5.288100243E-01 -2.832000000E+04 -4.821899902E+03 2.067700043E+02 3.969500122E+02 -3.001399994E+01 2.061700106E+00 1.661800027E+00 2.277999967E-01 1.766599948E-03
 7.585000276E-05 8.884799900E-05 4.904400110E-01 -4.507900000E+04 -7.968400269E+02 2.020099945E+02 4.067300110E+02 -3.192000008E+01 2.339399910E+01 1.722900033E+00 2.063899934E-01 1.904599951E-03
 7.789999654E-05 8.875200001E-05 4.569700062E-01 -5.979300000E+04 -5.219000244E+02 1.977700043E+02 4.154200134E+02 -3.300400162E+01 3.276900101E+01 1.778599977E+00 1.882600039E-01 2.043599961E-03
 7.994999760E-05 8.865600103E-05 4.276799858E-01 -7.588000000E+04 3.713199951E+03 1.937400055E+02 4.234500122E+02 -3.334700012E+01 3.568000031E+01 1.831599951E+00 1.726000011E-01 2.183299977E-03
 8.199999866E-05 8.856000204E-05 4.020999968E-01 -9.246300000E+04 6.620000000E+03 1.900700073E+02 4.304200134E+02 -3.322000122E+01 4.819100189E+01 1.879400015E+00 1.591999978E-01 2.321799984E-03
 8.404999971E-05 8.846400306E-05 3.795300126E-01 -9.534200000E+04 4.954600098E+03 1.867599945E+02 4.369100037E+02 -3.290599823E+01 5.239099884E+01 1.924299955E+00 1.476400048E-01 2.459800104E-03
 8.610000077E-05 8.836799680E-05 3.592799902E-01 -1.004300000E+05 4.929399902E+03 1.837700043E+02 4.427500000E+02 -3.221400070E+01 5.804999924E+01 1.965399981E+00 1.375200003E-01 2.598100109E-03
 8.815000183E-05 8.827199781E-05 3.414700031E-01 -1.105600000E+05 7.885899902E+03 1.810700073E+02 4.477699890E+02 -3.129299927E+01 5.943999863E+01 2.002000093E+00 1.287800074E-01 2.733400092E-03
 9.020000289E-05 8.817599883E-05 3.261600137E-01 -1.177900000E+05 1.352800000E+04 1.786799927E+02 4.522000122E+02 -3.026199913E+01 6.620899963E+01 2.034899950E+00 1.213700026E-01 2.861300018E-03
 9.224999667E-05 8.807999984E-05 3.134000003E-01 -1.277300000E+05 1.514800000E+04 1.765800018E+02 4.558999939E+02 -2.885700035E+01 7.903800201E+01 2.063199997E+00 1.152499989E-01 2.977499971E-03
 9.429999773E-05 8.798400086E-05 3.021399975E-01 -1.323900000E+05 1.546900000E+04 1.746300049E+02 4.592600098E+02 -2.732399940E+01 7.881500244E+01 2.089499950E+00 1.098800004E-01 3.088400001E-03
 9.634999878E-05 8.788800187E-05 2.917400002E-01 -1.303900000E+05 1.730100000E+04 1.728000031E+02 4.624100037E+02 -2.582500076E+01 7.586199951E+01 2.114500046E+00 1.049899980E-01 3.198300023E-03
 9.839999984E-05 8.779200289E-05 2.825300097E-01 -1.311400000E+05 1.795200000E+04 1.711799927E+02 4.652699890E+02 -2.408799934E+01 6.542600250E+01 2.137099981E+00 1.007200032E-01 3.302400000E-03
 1.004500009E-04 8.769599663E-05 2.747699916E-01 -1.360000000E+05 1.822100000E+04 1.698800049E+02 4.675799866E+02 -2.223900032E+01 5.484999847E+01 2.155499935E+00 9.720499814E-02 3.395400010E-03
 1.025000020E-04 8.759999764E-05 2.681100070E-01 -1.482400000E+05 1.726500000E+04 1.688899994E+02 4.693999939E+02 -2.055299950E+01 5.192399979E+01 2.169800043E+00 9.429600090E-02 3.479799954E-03
 1.045500030E-04 8.750399866E-05 2.622700036E-01 -1.635900000E+05 1.333400000E+04 1.680899963E+02 4.709100037E+02 -1.874600029E+01 4.587699890E+01 2.181600094E+00 9.180600196E-02 3.557000076E-03
 1.065999968E-04 8.740799967E-05 2.570300102E-01 -1.780500000E+05 1.025200000E+04 1.673500061E+02 4.721900024E+02 -1.715299988E+01 3.805400085E+01 2.191999912E+00 8.957500011E-02 3.629599931E-03
 1.086499979E-04 8.731200069E-05 2.522299886E-01 -1.949800000E+05 7.634799805E+03 1.667100067E+02 4.734400024E+02 -1.601300049E+01 3.614599991E+01 2.201800108E+00 8.756499738E-02 3.698599990E-03
 1.106999989E-04 8.721600170E-05 2.483099997E-01 -2.142600000E+05 5.983100098E+03 1.662599945E+02 4.743900146E+02 -1.516699982E+01 3.019700050E+01 2.209100008E+00 8.597400039E-02 3.756799968E-03
 1.127500000E-04 8.712000272E-05 2.446600050E-01 -2.352600000E+05 8.252500000E+03 1.659299927E+02 4.752500000E+02 -1.422900009E+01 3.522499847E+01 2.215199947E+00 8.453799784E-02 3.812900046E-03
 1.148000010E-04 8.702399646E-05 2.410999984E-01 -2.632300000E+05 1.075300000E+04 1.657700043E+02 4.757600098E+02 -1.335400009E+01 4.764400101E+01 2.218499899E+00 8.322399855E-02 3.869199893E-03
 1.168500021E-04 8.692799747E-05 2.393299937E-01 -3.369800000E+05 7.360799805E+03 1.672599945E+02 4.728999939E+02 -1.316499996E+01 3.116799927E+01 2.195400000E+00 8.336099982E-02 3.897600109E-03
 1.189000031E-04 8.683199849E-05 2.512899935E-01 -7.573300000E+05 1.091300049E+03 1.811399994E+02 4.462000122E+02 -1.329300022E+01 5.200099945E+00 1.997699976E+00 9.509799629E-02 3.720700042E-03
 1.209499969E-04 8.673599950E-05 3.186900020E-01 -1.250600000E+06 3.916600098E+03 2.200899963E+02 3.582200012E+02 -1.278100014E+01 1.980500031E+01 1.473899961E+00 1.491200030E-01 3.017900046E-03
 1.230000053E-04 8.664000052E-05 4.746200144E-01 -8.773100000E+05 8.715200195E+03 2.617399902E+02 2.414100037E+02 -1.080599976E+01 6.824099731E+01 9.031699896E-01 2.618499994E-01 2.057899954E-03
 1.250500063E-04 8.654400153E-05 6.402400136E-01 -2.176500000E+05 2.986300049E+03 2.815499878E+02 1.699700012E+02 -8.441699982E+00 7.159600067E+01 6.092900038E-01 3.759999871E-01 1.472100033E-03
 1.270999928E-04 8.644800255E-05 7.228500247E-01 -4.450900000E+04 -9.066799927E+02 2.874899902E+02 1.463800049E+02 -6.840700150E+00 1.059099960E+01 5.187399983E-01 4.327900112E-01 1.291200053E-03
 1.291499939E-04 8.635200356E-05 7.455999851E-01 -1.879900000E+04 8.634099731E+02 2.890700073E+02 1.393600006E+02 -6.014800072E+00 -1.776399994E+01 4.923900068E-01 4.488300085E-01 1.251099980E-03
 1.311999949E-04 8.625599730E-05 7.520999908E-01 -1.197900000E+04 1.108400024E+03 2.897600098E+02 1.359400024E+02 -5.640600204E+00 -2.093199921E+01 4.796800017E-01 4.538100064E-01 1.240300015E-03
 1.332499960E-04 8.615999832E-05 7.556399703E-01 -7.369399902E+03 -3.920300049E+03 2.903200073E+02 1.333699951E+02 -5.317900181E+00 -3.305300140E+01 4.701400101E-01 4.568200111E-01 1.234499970E-03
 1.352999971E-04 8.606399933E-05 7.598000169E-01 -8.411299805E+03 -7.716799805E+03 2.907399902E+02 1.308099976E+02 -5.011799812E+00 -2.577400017E+01 4.607599974E-01 4.600000083E-01 1.227700035E-03
 1.373499981E-04 8.596800035E-05 7.635700107E-01 -1.782200000E+04 -1.854800049E+03 2.910499878E+02 1.284799957E+02 -4.914700031E+00 -1.906900024E+01 4.523000121E-01 4.627900124E-01 1.221599989E-03
 1.393999992E-04 8.587200136E-05 7.668399811E-01 -9.337299805E+03 3.893199951E+03 2.912300110E+02 1.264599991E+02 -4.836100101E+00 -2.356599998E+01 4.450699985E-01 4.650500119E-01 1.216399949E-03
 1.414500002E-04 8.577600238E-05 7.689899802E-01 -2.108199951E+03 4.778200195E+03 2.915199890E+02 1.244800034E+02 -4.644199848E+00 -1.600000000E+01 4.378499985E-01 4.668299854E-01 1.213000040E-03
 1.435000013E-04 8.568000339E-05 7.706699967E-01 -8.190200195E+03 2.624399902E+03 2.919299927E+02 1.224899979E+02 -4.575099945E+00 -1.004399967E+01 4.305599928E-01 4.684999883E-01 1.210400020E-03
 1.455500023E-04 8.558399713E-05 7.729600072E-01 -6.417200195E+03 1.006400024E+03 2.922799988E+02 1.206500015E+02 -4.278699875E+00 -1.252600002E+01 4.237999916E-01 4.704599977E-01 1.206799992E-03
 1.476000034E-04 8.548799815E-05 7.752599716E-01 -5.851100098E+03 1.194300049E+03 2.926000061E+02 1.191500015E+02 -3.902800083E+00 -9.009499550E+00 4.182699919E-01 4.723699987E-01 1.203199965E-03
 1.496500045E-04 8.539199916E-05 7.772300243E-01 -1.113100000E+04 3.988300049E+03 2.928099976E+02 1.178499985E+02 -3.832299948E+00 4.385299981E-01 4.135499895E-01 4.739100039E-01 1.200199942E-03
 1.517000055E-04 8.529600018E-05 7.791799903E-01 -1.651200000E+04 4.531899902E+03 2.930499878E+02 1.164100037E+02 -3.712699890E+00 5.130799770E+00 4.083099961E-01 4.754900038E-01 1.197200036E-03
 1.537500066E-04 8.520000119E-05 7.810699940E-01 -1.254300000E+04 4.067300049E+03 2.932999878E+02 1.148600006E+02 -3.636100054E+00 -1.936400032E+01 4.027099907E-01 4.770599902E-01 1.194300014E-03
 1.557999931E-04 8.510400221E-05 7.825800180E-01 -5.801399902E+03 -2.500700073E+02 2.936000061E+02 1.135500031E+02 -3.606100082E+00 -1.494600010E+01 3.979099989E-01 4.784500003E-01 1.191999996E-03
 1.578499941E-04 8.500800323E-05 7.839199901E-01 -7.774500000E+03 -3.668600098E+03 2.937300110E+02 1.125899963E+02 -3.263000011E+00 -1.401100039E+00 3.944199979E-01 4.794999957E-01 1.189899980E-03
 1.598999952E-04 8.491199696E-05 7.854200006E-01 -8.722500000E+03 5.986700195E+03 2.937799988E+02 1.115500031E+02 -3.033299923E+00 -8.601900101E+00 3.907099962E-01 4.804899991E-01 1.187599963E-03
 1.619499963E-04 8.481599798E-05 7.873200178E-01 7.478699951E+02 8.731299805E+03 2.939299927E+02 1.104800034E+02 -2.879800081E+00 -5.733300209E+00 3.868499994E-01 4.819000065E-01 1.184800058E-03
 1.639999973E-04 8.471999899E-05 7.878999710E-01 5.016299805E+03 6.414600098E+03 2.941400146E+02 1.096200027E+02 -2.688999891E+00 -2.617500067E+00 3.837200105E-01 4.825899899E-01 1.183900051E-03
 1.660499984E-04 8.462400001E-05 7.884100080E-01 -2.128800049E+03 7.998100098E+03 2.943500061E+02 1.087900009E+02 -2.632400036E+00 -3.028700113E+00 3.806700110E-01 4.832600057E-01 1.183100045E-03
 1.680999994E-04 8.452800103E-05 7.902699709E-01 -1.118500000E+03 6.485799805E+03 2.943900146E+02 1.078799973E+02 -2.308500051E+00 -1.153999996E+01 3.774200082E-01 4.844599962E-01 1.180400024E-03
 1.701500005E-04 8.443200204E-05 7.917299867E-01 4.149600098E+03 1.676300049E+03 2.944599915E+02 1.070800018E+02 -1.778599977E+00 -1.222900009E+01 3.745299876E-01 4.854800105E-01 1.178200007E-03
 1.722000015E-04 8.433600306E-05 7.926499844E-01 6.784299805E+03 1.904199951E+03 2.944899902E+02 1.064599991E+02 -1.508900046E+00 -1.144499969E+01 3.723599911E-01 4.860799909E-01 1.176799997E-03
 1.742500026E-04 8.423999680E-05 7.932299972E-01 8.077600098E+02 2.583100098E+03 2.945199890E+02 1.059599991E+02 -1.331799984E+00 -1.050300026E+01 3.705700040E-01 4.864799976E-01 1.175999991E-03
 1.763000037E-04 8.414399781E-05 7.937200069E-01 -4.033300049E+03 -2.839699951E+03 2.946799927E+02 1.055299988E+02 -1.050300002E+00 -4.079299927E+00 3.689500093E-01 4.870600104E-01 1.175199985E-03
 1.783500047E-04 8.404799883E-05 7.935299873E-01 -7.361299805E+03 -2.063899902E+03 2.949100037E+02 1.051399994E+02 -9.465500116E-01 -1.777400017E+01 3.674399853E-01 4.873200059E-01 1.175499987E-03
 1.804000058E-04 8.395199984E-05 7.931900024E-01 -1.310500000E+04 1.217400024E+03 2.951199951E+02 1.049199982E+02 -7.161300182E-01 -2.728899956E+01 3.665300012E-01 4.874599874E-01 1.175999991E-03
 1.824500068E-04 8.385600086E-05 7.936900258E-01 -1.007500000E+04 -3.055899963E+02 2.950899963E+02 1.048799973E+02 -1.832599938E-01 -1.161900043E+01 3.664099872E-01 4.877099991E-01 1.175299985E-03
 1.844999933E-04 8.376000187E-05 7.939599752E-01 -6.299299805E+03 -1.939300049E+03 2.949200134E+02 1.048300018E+02 2.006700039E-01 -6.017700195E+00 3.663299978E-01 4.875999987E-01 1.174899982E-03
 1.865499944E-04 8.366400289E-05 7.940199971E-01 -2.988300049E+03 1.393099976E+03 2.949400024E+02 1.048000031E+02 5.159299970E-01 -1.740399933E+01 3.662300110E-01 4.876700044E-01 1.174799982E-03
 1.885999955E-04 8.356799663E-05 7.947099805E-01 8.150100098E+03 4.501799805E+03 2.949400024E+02 1.048000031E+02 8.938500285E-01 -1.490400028E+01 3.662300110E-01 4.880900085E-01 1.173799974E-03
 1.906499965E-04 8.347199764E-05 7.946199775E-01 4.427000000E+03 6.298799805E+03 2.950299988E+02 1.049599991E+02 1.332000017E+00 -3.784899950E+00 3.667699993E-01 4.881800115E-01 1.173899975E-03
 1.926999976E-04 8.337599866E-05 7.941200137E-01 -2.079199951E+03 2.562399902E+03 2.950899963E+02 1.052300034E+02 1.800899982E+00 6.717500091E-01 3.676899970E-01 4.879800081E-01 1.174599980E-03
 1.947499986E-04 8.327999967E-05 7.939699888E-01 4.823200073E+02 2.281800049E+03 2.950299988E+02 1.056900024E+02 2.153500080E+00 6.620600224E+00 3.693599999E-01 4.877899885E-01 1.174899982E-03
 1.967999997E-04 8.318400069E-05 7.932000160E-01 -1.751300049E+03 2.028500061E+02 2.949500122E+02 1.064599991E+02 2.594199896E+00 5.224599838E+00 3.721300066E-01 4.871799946E-01 1.175999991E-03
 1.988500007E-04 8.308800170E-05 7.924600244E-01 -1.152199951E+03 -1.436400024E+03 2.948900146E+02 1.073000031E+02 3.183099985E+00 2.148900032E-01 3.751699924E-01 4.866299927E-01 1.177099999E-03
 2.009000018E-04 8.299200272E-05 7.919099927E-01 3.464599991E+01 3.100800049E+03 2.949400024E+02 1.081600037E+02 3.664400101E+00 -8.476900101E+00 3.781799972E-01 4.863699973E-01 1.177900005E-03
 2.029500029E-04 8.289599646E-05 7.909299731E-01 6.768899902E+03 9.006400146E+02 2.947699890E+02 1.090299988E+02 4.159800053E+00 4.459599972E+00 3.813999891E-01 4.855000079E-01 1.179400017E-03
 2.050000039E-04 8.279999747E-05 7.904199958E-01 1.337600000E+04 1.625599976E+02 2.946400146E+02 1.094899979E+02 4.451300144E+00 2.416399956E+01 3.831200004E-01 4.849599898E-01 1.180100022E-03
 0.000000000E+00 8.849999722E-05 1.600700021E+00 -1.969300000E+05 -2.634600000E+04 3.000000000E+02 6.343099976E+01 3.954999924E+00 9.702999878E+01 2.274599969E-01 1.008700013E+00 5.735899904E-04
 2.049999921E-06 8.857999637E-05 1.608299971E+00 -1.070500000E+05 -1.314000000E+04 2.987799988E+02 6.560099792E+01 3.267299891E+00 1.325599976E+02 2.317100018E-01 1.004999995E+00 5.754400045E-04
 4.099999842E-06 8.866000280E-05 1.615300059E+00 -4.341600098E+03 -3.665100098E+03 2.974500122E+02 6.903299713E+01 2.236599922E+00 1.668500061E+02 2.403600067E-01 1.000499964E+00 5.774900201E-04
 6.149999990E-06 8.874000196E-05 1.614199996E+00 1.169600000E+04 -7.096700195E+03 2.971300049E+02 7.142800140E+01 1.807399988E+00 1.509700012E+02 2.487799972E-01 9.987300038E-01 5.778900231E-04
 8.199999684E-06 8.882000111E-05 1.611400008E+00 1.065000000E+03 4.580199890E+02 2.967399902E+02 7.380000305E+01 1.816100001E+00 1.246100006E+02 2.572099864E-01 9.957100153E-01 5.788800190E-04
 1.024999983E-05 8.890000026E-05 1.608899951E+00 -1.001900000E+04 1.267500000E+04 2.964299927E+02 7.610299683E+01 1.960500002E+00 1.058700027E+02 2.653700113E-01 9.931499958E-01 5.797800259E-04
 1.229999998E-05 8.897999942E-05 1.605200052E+00 -8.995900269E+02 1.563900000E+04 2.961600037E+02 7.840599823E+01 2.126600027E+00 8.304699707E+01 2.735300064E-01 9.899700284E-01 5.811200244E-04
 1.435000013E-05 8.905999857E-05 1.600200057E+00 6.407799805E+03 8.790900391E+03 2.957600098E+02 8.083999634E+01 2.474600077E+00 6.581600189E+01 2.822400033E-01 9.855499864E-01 5.829299917E-04
 1.639999937E-05 8.913999773E-05 1.597399950E+00 1.329300000E+04 -6.928500000E+03 2.953800049E+02 8.335099792E+01 3.045000076E+00 4.609500122E+01 2.912600040E-01 9.825299978E-01 5.839599762E-04
 1.845000043E-05 8.921999688E-05 1.593500018E+00 2.230500000E+04 -4.647600098E+03 2.951400146E+02 8.632499695E+01 3.292299986E+00 2.949799919E+01 3.017899990E-01 9.793400168E-01 5.853800103E-04
 2.049999966E-05 8.930000331E-05 1.587599993E+00 1.652000000E+04 5.781100098E+03 2.950000000E+02 8.967199707E+01 3.539999962E+00 5.820999908E+01 3.135800064E-01 9.752399921E-01 5.875700153E-04
 2.255000072E-05 8.938000246E-05 1.579599977E+00 4.504600098E+03 -2.461899902E+03 2.946900024E+02 9.321099854E+01 3.934099913E+00 5.217100143E+01 3.261699975E-01 9.693300128E-01 5.905400030E-04
 2.459999996E-05 8.946000162E-05 1.571499944E+00 -9.509900391E+03 -7.284100098E+03 2.942200012E+02 9.690200043E+01 4.165200233E+00 1.273799992E+01 3.393700123E-01 9.628000259E-01 5.935900263E-04
 2.664999920E-05 8.954000077E-05 1.563099980E+00 -2.438900000E+04 -9.770799805E+03 2.938500061E+02 1.010299988E+02 4.440499783E+00 4.759199905E+01 3.540700078E-01 9.564999938E-01 5.967500038E-04
 2.870000026E-05 8.961999993E-05 1.554100037E+00 -5.736299805E+03 -8.438900391E+03 2.932999878E+02 1.057900009E+02 4.790699959E+00 7.008599854E+01 3.711099923E-01 9.491800070E-01 6.002400187E-04
 3.075000132E-05 8.969999908E-05 1.543099999E+00 1.580100000E+04 4.010199951E+03 2.926000061E+02 1.111500015E+02 5.293700218E+00 5.420199966E+01 3.904100060E-01 9.402700067E-01 6.044899928E-04
 3.279999873E-05 8.977999823E-05 1.531399965E+00 1.735000000E+04 -5.404400024E+02 2.917999878E+02 1.171100006E+02 5.489299774E+00 1.356799984E+01 4.119099975E-01 9.305599928E-01 6.091200048E-04
 3.484999979E-05 8.985999739E-05 1.518599987E+00 1.681800000E+04 -2.279000000E+03 2.908299866E+02 1.235899963E+02 5.633600235E+00 3.474100113E+00 4.353800118E-01 9.197000265E-01 6.142799975E-04
 3.690000085E-05 8.993999654E-05 1.501999974E+00 2.266000000E+04 5.500299805E+03 2.898599854E+02 1.308099976E+02 5.967599869E+00 3.967100143E+01 4.616200030E-01 9.065899849E-01 6.210699794E-04
 3.894999827E-05 9.002000297E-05 1.482200027E+00 3.344700000E+04 7.076600098E+03 2.887600098E+02 1.388600006E+02 6.266900063E+00 4.720600128E+01 4.909299910E-01 8.912799954E-01 6.293699844E-04
 4.099999933E-05 9.010000213E-05 1.457700014E+00 2.959900000E+04 1.303000000E+04 2.872600098E+02 1.479600067E+02 6.494900227E+00 4.294499969E+01 5.244500041E-01 8.720300198E-01 6.399499835E-04
 4.305000039E-05 9.018000128E-05 1.429800034E+00 2.418800000E+04 5.898200195E+03 2.855400085E+02 1.583000031E+02 6.721000195E+00 3.925899887E+01 5.627599955E-01 8.502200246E-01 6.524400087E-04
 4.510000144E-05 9.026000043E-05 1.398100019E+00 3.367800000E+04 -5.035100098E+03 2.834200134E+02 1.698000031E+02 6.762899876E+00 3.631499863E+01 6.058599949E-01 8.252199888E-01 6.672799936E-04
 4.714999886E-05 9.033999959E-05 1.359200001E+00 4.783400000E+04 4.041500000E+03 2.806700134E+02 1.829299927E+02 6.583799839E+00 6.078999996E+00 6.558200121E-01 7.944399714E-01 6.864800234E-04
 4.919999992E-05 9.041999874E-05 1.310999990E+00 5.108300000E+04 9.878200195E+03 2.774100037E+02 1.981199951E+02 6.246399879E+00 -1.295400047E+01 7.143399715E-01 7.574499846E-01 7.117899950E-04
 5.125000098E-05 9.049999790E-05 1.252200007E+00 5.350900000E+04 -2.982199951E+03 2.732999878E+02 2.153300018E+02 5.394299984E+00 -3.280599976E+01 7.821000218E-01 7.128099799E-01 7.454400184E-04
 5.329999840E-05 9.042800230E-05 1.184900045E+00 6.856800000E+04 -4.640700195E+03 2.684500122E+02 2.341799927E+02 4.006499767E+00 -6.017800140E+01 8.580899835E-01 6.625699997E-01 7.879200275E-04
 5.534999946E-05 9.035599942E-05 1.112699986E+00 7.361600000E+04 -5.560899902E+03 2.630599976E+02 2.536399994E+02 2.022099972E+00 -6.320899963E+01 9.387900233E-01 6.097400188E-01 8.392899763E-04
 5.740000051E-05 9.028399654E-05 1.036499977E+00 7.366000000E+04 -8.365299805E+03 2.569899902E+02 2.730899963E+02 -6.832799911E-01 -8.950499725E+01 1.022699952E+00 5.549200177E-01 9.012700175E-04
 5.945000157E-05 9.021200094E-05 9.592400193E-01 7.377300000E+04 -5.322299805E+03 2.504499969E+02 2.922799988E+02 -4.019499779E+00 -1.091999969E+02 1.108800054E+00 5.005499721E-01 9.739900124E-04
 6.150000263E-05 9.013999806E-05 8.830599785E-01 5.646400000E+04 -1.134900000E+04 2.437500000E+02 3.109800110E+02 -7.473999977E+00 -8.989199829E+01 1.196099997E+00 4.484800100E-01 1.058300026E-03
 6.354999641E-05 9.006800246E-05 8.100000024E-01 2.810400000E+04 -1.527900000E+04 2.371100006E+02 3.286499939E+02 -1.083600044E+01 -7.807499695E+01 1.281900048E+00 4.001800120E-01 1.153800054E-03
 6.559999747E-05 8.999599959E-05 7.422199845E-01 1.508100000E+04 -1.301200000E+04 2.304299927E+02 3.450799866E+02 -1.388099957E+01 -6.017100143E+01 1.365800023E+00 3.563799858E-01 1.259200042E-03
 6.764999853E-05 8.992399671E-05 6.806300282E-01 1.168100000E+04 -1.319200000E+04 2.239900055E+02 3.600299988E+02 -1.659199905E+01 -3.969499969E+01 1.445600033E+00 3.176499903E-01 1.372999977E-03
 6.969999959E-05 8.985200111E-05 6.251299977E-01 -3.678300049E+03 -1.230300000E+04 2.180599976E+02 3.733699951E+02 -1.897500038E+01 -3.586700058E+01 1.519700050E+00 2.840200067E-01 1.494899974E-03
 7.175000064E-05 8.977999823E-05 5.756300092E-01 -1.855600000E+04 -1.020100000E+04 2.125200043E+02 3.856300049E+02 -2.084300041E+01 -3.245399857E+01 1.590100050E+00 2.548699975E-01 1.623100019E-03
 7.380000170E-05 8.970800263E-05 5.323600173E-01 -3.044100000E+04 -5.000000000E+03 2.073200073E+02 3.967300110E+02 -2.245800018E+01 -7.550499916E+00 1.656599998E+00 2.299399972E-01 1.754799974E-03
 7.585000276E-05 8.963599976E-05 4.935199916E-01 -4.718200000E+04 -1.500900024E+03 2.024700012E+02 4.066700134E+02 -2.382900047E+01 2.229999924E+01 1.718400002E+00 2.081599981E-01 1.892799977E-03
 7.789999654E-05 8.956399688E-05 4.589299858E-01 -6.037400000E+04 -2.066699951E+03 1.980099945E+02 4.156199951E+02 -2.481299973E+01 2.312800026E+01 1.776000023E+00 1.893099993E-01 2.034999896E-03
 7.994999760E-05 8.949200128E-05 4.288899899E-01 -7.468500000E+04 4.889399902E+03 1.938600006E+02 4.237600098E+02 -2.530500031E+01 2.783399963E+01 1.830000043E+00 1.731899977E-01 2.177299932E-03
 8.199999866E-05 8.941999840E-05 4.027000070E-01 -9.169200000E+04 5.936500000E+03 1.901900024E+02 4.309899902E+02 -2.529199982E+01 4.356299973E+01 1.878999949E+00 1.595299989E-01 2.318500075E-03
 8.404999971E-05 8.934800280E-05 3.794400096E-01 -9.166900000E+04 1.693300049E+03 1.868500061E+02 4.376000061E+02 -2.485799980E+01 4.484000015E+01 1.924499989E+00 1.476799995E-01 2.460400108E-03
 8.610000077E-05 8.927599993E-05 3.589299917E-01 -9.595200000E+04 2.176000000E+03 1.837500000E+02 4.434299927E+02 -2.418899918E+01 4.644900131E+01 1.966300011E+00 1.373700052E-01 2.600600012E-03
 8.815000183E-05 8.920399705E-05 3.411599994E-01 -1.054700000E+05 4.901299805E+03 1.808200073E+02 4.487000122E+02 -2.360199928E+01 5.164199829E+01 2.005500078E+00 1.284900010E-01 2.735800110E-03
 9.020000289E-05 8.913200145E-05 3.255800009E-01 -1.127100000E+05 1.281500000E+04 1.782299957E+02 4.534700012E+02 -2.309700012E+01 5.335900116E+01 2.041199923E+00 1.208499968E-01 2.866500057E-03
 9.224999667E-05 8.905999857E-05 3.122600019E-01 -1.257300000E+05 1.428900000E+04 1.761499939E+02 4.572300110E+02 -2.219400024E+01 4.983499908E+01 2.069999933E+00 1.145500019E-01 2.988399938E-03
 9.429999773E-05 8.898800297E-05 3.006300032E-01 -1.315300000E+05 9.244200195E+03 1.741900024E+02 4.605299988E+02 -2.076000023E+01 4.766699982E+01 2.096299887E+00 1.090599969E-01 3.103900002E-03
 9.634999878E-05 8.891600010E-05 2.899700105E-01 -1.343500000E+05 1.264900000E+04 1.723800049E+02 4.636300049E+02 -1.937400055E+01 4.988399887E+01 2.121099949E+00 1.040999964E-01 3.217899939E-03
 9.839999984E-05 8.884399722E-05 2.805800140E-01 -1.357200000E+05 1.550200000E+04 1.707400055E+02 4.664299927E+02 -1.818700027E+01 4.564199829E+01 2.143899918E+00 9.976600111E-02 3.325399943E-03
 1.004500009E-04 8.877200162E-05 2.727900147E-01 -1.380700000E+05 1.296400000E+04 1.693600006E+02 4.685599976E+02 -1.688100052E+01 3.955400085E+01 2.162199974E+00 9.621299803E-02 3.420100082E-03
 1.025000020E-04 8.869999874E-05 2.661400139E-01 -1.496800000E+05 1.135600000E+04 1.683200073E+02 4.702300110E+02 -1.559000015E+01 4.440200043E+01 2.176399946E+00 9.328500181E-02 3.505500033E-03
 1.045500030E-04 8.862800314E-05 2.601999938E-01 -1.626600000E+05 8.495900391E+03 1.674100037E+02 4.719200134E+02 -1.419499969E+01 4.138399887E+01 2.189899921E+00 9.071499854E-02 3.585400060E-03
 1.065999968E-04 8.855600026E-05 2.552300096E-01 -1.789300000E+05 7.374000000E+03 1.668200073E+02 4.731400146E+02 -1.279100037E+01 3.036499977E+01 2.199300051E+00 8.866000175E-02 3.655100008E-03
 1.086499979E-04 8.848399739E-05 2.509100139E-01 -1.986300000E+05 6.420100098E+03 1.663099976E+02 4.739299927E+02 -1.198200035E+01 2.638800049E+01 2.206199884E+00 8.690100163E-02 3.717900021E-03
 1.106999989E-04 8.841200179E-05 2.468300015E-01 -2.217900000E+05 5.440299805E+03 1.658999939E+02 4.747200012E+02 -1.135099983E+01 2.117300034E+01 2.212599993E+00 8.527199924E-02 3.779399907E-03
 1.127500000E-04 8.833999891E-05 2.429900020E-01 -2.420500000E+05 7.658100098E+03 1.655700073E+02 4.756400146E+02 -1.039000034E+01 3.164200020E+01 2.218899965E+00 8.378200233E-02 3.839100013E-03
 1.148000010E-04 8.826800331E-05 2.398200035E-01 -2.618500000E+05 8.360099609E+03 1.653899994E+02 4.758299866E+02 -9.644499779E+00 3.768399811E+01 2.220999956E+00 8.259300143E-02 3.889800049E-03
 1.168500021E-04 8.819600043E-05 2.387399971E-01 -3.405000000E+05 1.053599976E+03 1.671199951E+02 4.725899963E+02 -9.688400269E+00 1.450199986E+01 2.194600105E+00 8.308299631E-02 3.907199949E-03
 1.189000031E-04 8.812399756E-05 2.509999871E-01 -7.677100000E+05 -8.622599609E+03 1.812400055E+02 4.459500122E+02 -1.017099953E+01 -1.902599907E+01 1.995700002E+00 9.504300356E-02 3.724799957E-03
 1.209499969E-04 8.805200196E-05 3.179999888E-01 -1.263200000E+06 -9.083000000E+03 2.201399994E+02 3.582999878E+02 -1.018599987E+01 -2.901600075E+01 1.473500013E+00 1.488099992E-01 3.023599973E-03
 1.230000053E-04 8.797999908E-05 4.730800092E-01 -8.893900000E+05 -1.503699951E+02 2.616799927E+02 2.415700073E+02 -8.618800163E+00 5.877500057E+00 9.035599828E-01 2.609300017E-01 2.064199885E-03
 1.250500063E-04 8.790800348E-05 6.383500099E-01 -2.256900000E+05 1.183500000E+03 2.814800110E+02 1.696699982E+02 -6.342100143E+00 1.488300037E+01 6.079900265E-01 3.748199940E-01 1.476599951E-03
 1.270999928E-04 8.783600060E-05 7.218300104E-01 -4.324100000E+04 -3.901699951E+03 2.874599915E+02 1.454600067E+02 -4.957900047E+00 -3.159800053E+00 5.152500272E-01 4.321300089E-01 1.293099951E-03
 1.291499939E-04 8.776399773E-05 7.449399829E-01 -1.836400000E+04 1.385699951E+03 2.892099915E+02 1.384700012E+02 -4.408400059E+00 -1.109500027E+01 4.889200032E-01 4.486399889E-01 1.252199989E-03
 1.311999949E-04 8.769200213E-05 7.513399720E-01 -1.740600000E+04 6.293700195E+03 2.899599915E+02 1.353099976E+02 -4.194300175E+00 -1.902899933E+01 4.771200120E-01 4.536699951E-01 1.241500024E-03
 1.332499960E-04 8.761999925E-05 7.548699975E-01 -1.139000000E+04 -2.586500000E+03 2.905100098E+02 1.327200012E+02 -3.948400021E+00 -9.898900032E+00 4.675399959E-01 4.566699862E-01 1.235699980E-03
 1.352999971E-04 8.754799637E-05 7.590900064E-01 -6.644000000E+03 -5.781399902E+03 2.908900146E+02 1.301999969E+02 -3.721899986E+00 -3.664200068E+00 4.583199918E-01 4.598200023E-01 1.228900044E-03
 1.373499981E-04 8.747600077E-05 7.634999752E-01 -6.807100098E+03 2.533899994E+02 2.910100098E+02 1.277500000E+02 -3.713099957E+00 -1.022999954E+01 4.496400058E-01 4.626699984E-01 1.221799990E-03
 1.393999992E-04 8.740399790E-05 7.666699886E-01 -1.535800049E+03 -7.376799927E+02 2.912699890E+02 1.255899963E+02 -3.648699999E+00 -1.694000053E+01 4.418199956E-01 4.650099874E-01 1.216699951E-03
 1.414500002E-04 8.733200229E-05 7.685499787E-01 1.496999969E+02 -4.729899902E+03 2.916700134E+02 1.237300034E+02 -3.357700109E+00 -5.352399826E+00 4.349400103E-01 4.667899907E-01 1.213700045E-03
 1.435000013E-04 8.725999942E-05 7.699900270E-01 -1.047200000E+04 -3.471399902E+03 2.922099915E+02 1.218399963E+02 -3.203999996E+00 2.727799892E+00 4.279100001E-01 4.685299993E-01 1.211500028E-03
 1.455500023E-04 8.718799654E-05 7.730399966E-01 -8.340599609E+03 2.169800049E+03 2.924100037E+02 1.198199997E+02 -3.164900064E+00 -2.284300089E+00 4.206500053E-01 4.707199931E-01 1.206699992E-03
 1.476000034E-04 8.711600094E-05 7.759600282E-01 -6.034299805E+03 6.081099854E+02 2.925299988E+02 1.181299973E+02 -3.067500114E+00 6.467100143E+00 4.146400094E-01 4.726800025E-01 1.202099957E-03
 1.496500045E-04 8.704399806E-05 7.772899866E-01 -9.487000000E+03 7.465100098E+03 2.928299866E+02 1.168700027E+02 -2.926199913E+00 1.313099957E+01 4.099900126E-01 4.739800096E-01 1.200100058E-03
 1.517000055E-04 8.697200246E-05 7.791699767E-01 -1.134400000E+04 1.072100000E+04 2.929700012E+02 1.155400009E+02 -2.704499960E+00 1.311999989E+01 4.052399993E-01 4.753600061E-01 1.197200036E-03
 1.537500066E-04 8.689999959E-05 7.808099985E-01 -1.520900000E+04 -2.100199951E+03 2.932200012E+02 1.141800003E+02 -2.648900032E+00 -8.661299706E+00 4.002699852E-01 4.767600000E-01 1.194700017E-03
 1.557999931E-04 8.682799671E-05 7.825099826E-01 -1.006900000E+04 -7.051100098E+03 2.934700012E+02 1.128099976E+02 -2.719300032E+00 -1.861800003E+01 3.953199983E-01 4.782100022E-01 1.192099997E-03
 1.578499941E-04 8.675600111E-05 7.841600180E-01 -3.760899902E+03 1.977500000E+03 2.936099854E+02 1.116999969E+02 -2.564800024E+00 -1.204100037E+01 3.913199902E-01 4.794499874E-01 1.189599978E-03
 1.598999952E-04 8.668399823E-05 7.855899930E-01 -7.931600098E+03 1.152900000E+04 2.938599854E+02 1.107600021E+02 -2.457799911E+00 -4.189300060E+00 3.878400028E-01 4.807299972E-01 1.187399961E-03
 1.619499963E-04 8.661200263E-05 7.876099944E-01 -2.327699951E+03 7.042600098E+03 2.939700012E+02 1.097300034E+02 -2.159399986E+00 2.914999962E+00 3.841600120E-01 4.821499884E-01 1.184300054E-03
 1.639999973E-04 8.653999976E-05 7.882999778E-01 9.849299927E+02 -2.232700043E+02 2.940400085E+02 1.087799988E+02 -1.815099955E+00 4.167399883E+00 3.807800114E-01 4.826799929E-01 1.183300046E-03
 1.660499984E-04 8.646799688E-05 7.886899710E-01 -6.140600098E+03 5.456100082E+01 2.942399902E+02 1.078499985E+02 -1.862499952E+00 6.104199886E+00 3.773899972E-01 4.832400084E-01 1.182700042E-03
 1.680999994E-04 8.639600128E-05 7.898300290E-01 9.222600098E+02 3.930699951E+03 2.943599854E+02 1.070199966E+02 -1.740800023E+00 6.673399925E+00 3.744199872E-01 4.841400087E-01 1.181000029E-03
 1.701500005E-04 8.632399840E-05 7.909799814E-01 -1.859799957E+02 8.065000000E+03 2.944700012E+02 1.063600006E+02 -1.357300043E+00 9.325200081E+00 3.720000088E-01 4.850299954E-01 1.179300016E-03
 1.722000015E-04 8.625200280E-05 7.921699882E-01 -7.136600098E+03 6.573899902E+03 2.945299988E+02 1.058199997E+02 -1.088600039E+00 -2.888499975E+00 3.700700104E-01 4.858599901E-01 1.177500002E-03
 1.742500026E-04 8.617999993E-05 7.929499745E-01 -5.252600098E+03 4.035699951E+03 2.946700134E+02 1.054300003E+02 -9.925000072E-01 -1.018299961E+01 3.686200082E-01 4.865700006E-01 1.176399994E-03
 1.763000037E-04 8.610799705E-05 7.934600115E-01 -2.903600098E+03 4.884800110E+02 2.948399963E+02 1.050500031E+02 -7.552800179E-01 -1.118999958E+01 3.671599925E-01 4.871599972E-01 1.175599988E-03
 1.783500047E-04 8.603600145E-05 7.932199836E-01 -5.478000000E+03 -1.628099976E+03 2.949299927E+02 1.046999969E+02 -5.116900206E-01 -1.578199959E+01 3.658899963E-01 4.871599972E-01 1.175999991E-03
 1.804000058E-04 8.596399857E-05 7.930099964E-01 -8.429900391E+03 -9.522199707E+02 2.950700073E+02 1.044300003E+02 -5.060200095E-01 -7.368800163E+00 3.648700118E-01 4.872600138E-01 1.176299993E-03
 1.824500068E-04 8.589200297E-05 7.934600115E-01 -5.869700195E+03 1.051199951E+03 2.950799866E+02 1.043499985E+02 -2.309499979E-01 -1.090100050E+00 3.645499945E-01 4.875600040E-01 1.175599988E-03
 1.844999933E-04 8.582000009E-05 7.937999964E-01 -5.686399902E+03 4.257200195E+03 2.949400024E+02 1.043799973E+02 2.156099975E-01 -6.069099903E+00 3.647600114E-01 4.875400066E-01 1.175099984E-03
 1.865499944E-04 8.574799722E-05 7.935900092E-01 -3.729500000E+03 4.126799805E+03 2.949899902E+02 1.043799973E+02 5.005300045E-01 -5.421100140E+00 3.647400141E-01 4.874899983E-01 1.175399986E-03
 1.885999955E-04 8.567600162E-05 7.937600017E-01 7.940000000E+03 2.230699951E+03 2.950100098E+02 1.043899994E+02 8.195300102E-01 6.750800133E+00 3.647600114E-01 4.876199961E-01 1.175199985E-03
 1.906499965E-04 8.560399874E-05 7.938399911E-01 8.613700195E+03 3.166300049E+03 2.950000000E+02 1.045699997E+02 1.111600041E+00 1.357499981E+01 3.654100001E-01 4.876500070E-01 1.175099984E-03
 1.926999976E-04 8.553200314E-05 7.938200235E-01 5.681600098E+03 1.360700073E+02 2.949800110E+02 1.050299988E+02 1.376700044E+00 5.510900021E+00 3.670200109E-01 4.876100123E-01 1.175099984E-03
 1.947499986E-04 8.546000026E-05 7.935799956E-01 3.654199951E+03 -1.216599976E+03 2.949599915E+02 1.055999985E+02 1.627599955E+00 1.697199941E-01 3.690400124E-01 4.874300063E-01 1.175399986E-03
 1.967999997E-04 8.538799739E-05 7.923499942E-01 -1.659400024E+03 -1.734800049E+03 2.950599976E+02 1.062399979E+02 1.936400056E+00 8.220999718E+00 3.712500036E-01 4.868400097E-01 1.177300001E-03
 1.988500007E-04 8.531600179E-05 7.916600108E-01 1.345400024E+03 -4.653600098E+03 2.950000000E+02 1.070000000E+02 2.361200094E+00 8.282600403E+00 3.739599884E-01 4.863199890E-01 1.178300008E-03
 2.009000018E-04 8.524399891E-05 7.916200161E-01 2.035699951E+03 -9.900300293E+02 2.948699951E+02 1.078000031E+02 2.843699932E+00 6.080900192E+00 3.768900037E-01 4.860799909E-01 1.178300008E-03
 2.029500029E-04 8.517200331E-05 7.905899882E-01 4.286299805E+03 -3.119300049E+03 2.946700134E+02 1.088199997E+02 3.209300041E+00 1.015699959E+01 3.806299865E-01 4.851100147E-01 1.179900020E-03
 2.050000039E-04 8.510000043E-05 7.895799875E-01 7.663799805E+03 -5.820799805E+03 2.945700073E+02 1.094400024E+02 3.277400017E+00 6.247200012E+00 3.828400075E-01 4.843299985E-01 1.181400032E-03
 0.000000000E+00 8.966700261E-05 1.600700021E+00 -1.895700000E+05 -2.342400000E+04 3.000000000E+02 6.873000336E+01 3.481699944E+00 -2.551700020E+01 2.459399998E-01 1.008800030E+00 5.731600104E-04
 2.049999921E-06 8.972000069E-05 1.610800028E+00 -1.008100000E+05 -1.910100000E+04 2.985199890E+02 7.067900085E+01 2.475100040E+00 1.010299988E+02 2.494499981E-01 1.005699992E+00 5.743299844E-04
 4.099999842E-06 8.977299876E-05 1.620000005E+00 -2.237399902E+03 -2.075700000E+04 2.969100037E+02 7.359100342E+01 1.241999984E+00 2.158800049E+02 2.563599944E-01 1.001600027E+00 5.758099724E-04
 6.149999990E-06 8.982700092E-05 1.618499994E+00 3.201399902E+03 -1.723500000E+04 2.965299988E+02 7.538200378E+01 9.053599834E-01 1.777899933E+02 2.627399862E-01 9.994199872E-01 5.763400113E-04
 8.199999684E-06 8.987999900E-05 1.616199970E+00 -9.503299805E+03 2.754500000E+03 2.961099854E+02 7.694499969E+01 9.373599887E-01 1.189000015E+02 2.683799863E-01 9.965699911E-01 5.771699944E-04
 1.024999983E-05 8.993299707E-05 1.612499952E+00 -1.482200000E+04 1.085900000E+04 2.959200134E+02 7.861000061E+01 1.077000022E+00 1.038000031E+02 2.742800117E-01 9.936599731E-01 5.784800160E-04
 1.229999998E-05 8.998699923E-05 1.607900023E+00 -6.427299805E+03 4.737299805E+03 2.957399902E+02 8.059300232E+01 1.259799957E+00 8.006600189E+01 2.812899947E-01 9.902099967E-01 5.801499938E-04
 1.435000013E-05 9.003999730E-05 1.602900028E+00 2.105699951E+03 1.666300049E+03 2.954800110E+02 8.271099854E+01 1.554499984E+00 3.973500061E+01 2.888300121E-01 9.862300158E-01 5.819600192E-04
 1.639999937E-05 9.009300265E-05 1.598299980E+00 5.478000000E+03 -6.178399902E+03 2.953399963E+02 8.495600128E+01 1.974099994E+00 3.254199982E+01 2.967700064E-01 9.829900265E-01 5.836099735E-04
 1.845000043E-05 9.014699754E-05 1.593500018E+00 1.041800000E+04 2.119600098E+03 2.951300049E+02 8.759799957E+01 2.121200085E+00 3.972900009E+01 3.061099946E-01 9.793300033E-01 5.853800103E-04
 2.049999966E-05 9.020000289E-05 1.587700009E+00 9.833500000E+03 6.511600098E+03 2.948099976E+02 9.062999725E+01 2.265599966E+00 6.505799866E+01 3.168900013E-01 9.746800065E-01 5.875300267E-04
 2.255000072E-05 9.025300096E-05 1.580299973E+00 -1.430399933E+02 4.150299988E+02 2.944400024E+02 9.394499969E+01 2.666899920E+00 4.660300064E+01 3.287200034E-01 9.689599872E-01 5.902600242E-04
 2.459999996E-05 9.030700312E-05 1.573199987E+00 5.245799805E+03 8.073700195E+03 2.939800110E+02 9.759799957E+01 2.805200100E+00 6.582399845E+00 3.417699933E-01 9.630900025E-01 5.929400213E-04
 2.664999920E-05 9.036000120E-05 1.564700007E+00 2.466600098E+03 2.291300049E+03 2.936199951E+02 1.018099976E+02 2.926199913E+00 2.113599968E+01 3.567200005E-01 9.567000270E-01 5.961700226E-04
 2.870000026E-05 9.041299927E-05 1.554800034E+00 -2.421800049E+03 -6.598100098E+03 2.931099854E+02 1.065100021E+02 3.152299881E+00 4.877899933E+01 3.735400140E-01 9.490200281E-01 5.999300047E-04
 3.075000132E-05 9.046700143E-05 1.543900013E+00 5.189899902E+03 1.552199951E+03 2.924500122E+02 1.116999969E+02 3.499300003E+00 3.681999969E+01 3.922199905E-01 9.402300119E-01 6.041899906E-04
 3.279999873E-05 9.051999950E-05 1.531000018E+00 1.113800000E+04 -1.602199951E+03 2.917399902E+02 1.176100006E+02 3.637599945E+00 3.559199905E+01 4.134700000E-01 9.301199913E-01 6.092800177E-04
 3.484999979E-05 9.057299758E-05 1.518000007E+00 2.037500000E+04 -4.330399902E+03 2.908200073E+02 1.240299988E+02 3.740499973E+00 3.780599976E+01 4.366900027E-01 9.193099737E-01 6.145099760E-04
 3.690000085E-05 9.062699974E-05 1.502200007E+00 3.828200000E+04 1.113500000E+03 2.897999878E+02 1.310200043E+02 3.991800070E+00 3.979100037E+01 4.621300101E-01 9.065300226E-01 6.209900021E-04
 3.894999827E-05 9.067999781E-05 1.482200027E+00 4.141000000E+04 9.774099609E+03 2.886400146E+02 1.390299988E+02 4.202799797E+00 3.809600067E+01 4.913800061E-01 8.908900023E-01 6.293900078E-04
 4.099999933E-05 9.073300316E-05 1.457399964E+00 2.635000000E+04 9.933200195E+03 2.872699890E+02 1.482100067E+02 4.334799767E+00 1.038000011E+01 5.250300169E-01 8.718699813E-01 6.400800194E-04
 4.305000039E-05 9.078699804E-05 1.429600000E+00 2.958900000E+04 -2.491899902E+03 2.855299988E+02 1.583800049E+02 4.458300114E+00 1.788299942E+01 5.627800226E-01 8.500699997E-01 6.525299978E-04
 4.510000144E-05 9.084000339E-05 1.398800015E+00 4.233500000E+04 6.156399918E+01 2.833599854E+02 1.697799988E+02 4.459300041E+00 3.401599884E+01 6.055499911E-01 8.254600167E-01 6.669400027E-04
 4.714999886E-05 9.089300147E-05 1.359799981E+00 5.352100000E+04 4.706100098E+03 2.806799927E+02 1.828899994E+02 4.362899780E+00 4.729899883E+00 6.554099917E-01 7.948399782E-01 6.861800211E-04
 4.919999992E-05 9.094700363E-05 1.310999990E+00 5.105300000E+04 8.815400391E+03 2.774299927E+02 1.979299927E+02 4.122499943E+00 -2.941099882E+00 7.134400010E-01 7.574800253E-01 7.118000067E-04
 5.125000098E-05 9.100000170E-05 1.252400041E+00 5.499700000E+04 7.564899902E+03 2.734700012E+02 2.151799927E+02 3.558700085E+00 3.483599901E+00 7.811599970E-01 7.133700252E-01 7.453000289E-04
 5.329999840E-05 9.095200221E-05 1.185600042E+00 6.757900000E+04 -2.276600098E+03 2.686799927E+02 2.339400024E+02 2.683500051E+00 -9.152400017E+00 8.567900062E-01 6.635299921E-01 7.874600124E-04
 5.534999946E-05 9.090400272E-05 1.114500046E+00 6.776700000E+04 -1.150300000E+04 2.632000122E+02 2.530800018E+02 1.406100035E+00 -2.889800072E+01 9.364500046E-01 6.110399961E-01 8.378900238E-04
 5.740000051E-05 9.085600323E-05 1.039700031E+00 7.167800000E+04 -1.247600000E+04 2.571600037E+02 2.723299866E+02 -3.850800097E-01 -4.070600128E+01 1.019400001E+00 5.570099950E-01 8.984199958E-04
 5.945000157E-05 9.080799646E-05 9.622700214E-01 7.005300000E+04 -6.559700195E+03 2.506999969E+02 2.915199890E+02 -2.646399975E+00 -5.368799973E+01 1.105299950E+00 5.026299953E-01 9.709700244E-04
 6.150000263E-05 9.075999697E-05 8.856099844E-01 5.793900000E+04 -7.537100098E+03 2.440899963E+02 3.101499939E+02 -4.961999893E+00 -4.506299973E+01 1.191900015E+00 4.504100084E-01 1.055200002E-03
 6.354999641E-05 9.071199747E-05 8.127099872E-01 4.045900000E+04 -1.303800000E+04 2.374600067E+02 3.277500000E+02 -7.144199848E+00 -3.589699936E+01 1.277099967E+00 4.021199942E-01 1.149900025E-03
 6.559999747E-05 9.066399798E-05 7.448899746E-01 2.641400000E+04 -9.728200195E+03 2.308099976E+02 3.444599915E+02 -9.190199852E+00 -3.315499878E+01 1.361600041E+00 3.582400084E-01 1.254700008E-03
 6.764999853E-05 9.061599849E-05 6.833500266E-01 1.828600000E+04 -1.274100000E+04 2.243099976E+02 3.596600037E+02 -1.096899986E+01 -2.139100075E+01 1.442199945E+00 3.193899989E-01 1.367500052E-03
 6.969999959E-05 9.056799900E-05 6.280099750E-01 -5.047900085E+02 -1.700600000E+04 2.182599945E+02 3.730299988E+02 -1.250800037E+01 -2.565299988E+01 1.516499996E+00 2.855899930E-01 1.487900037E-03
 7.175000064E-05 9.051999950E-05 5.786200166E-01 -1.931000000E+04 -1.181100000E+04 2.127100067E+02 3.853200073E+02 -1.389799976E+01 -2.129000092E+01 1.586899996E+00 2.564199865E-01 1.614699955E-03
 7.380000170E-05 9.047200001E-05 5.350300074E-01 -3.429300000E+04 -6.491200195E+03 2.075500031E+02 3.965499878E+02 -1.500800037E+01 -9.936200142E+00 1.653399944E+00 2.313400060E-01 1.746000024E-03
 7.585000276E-05 9.042400052E-05 4.959900081E-01 -4.720800000E+04 -4.691399902E+03 2.026999969E+02 4.065199890E+02 -1.575800037E+01 2.276700020E+01 1.715199947E+00 2.094500065E-01 1.883300021E-03
 7.789999654E-05 9.037600103E-05 4.606299996E-01 -5.857400000E+04 -5.139600098E+03 1.981000061E+02 4.156400146E+02 -1.648900032E+01 3.221099854E+01 1.773900032E+00 1.900900006E-01 2.027800074E-03
 7.994999760E-05 9.032800153E-05 4.295499921E-01 -7.304400000E+04 5.242700195E+02 1.938899994E+02 4.240100098E+02 -1.706900024E+01 3.007500076E+01 1.829200029E+00 1.734900028E-01 2.174000023E-03
 8.199999866E-05 9.028000204E-05 4.029799998E-01 -8.751700000E+04 2.439199951E+03 1.901699982E+02 4.312600098E+02 -1.706900024E+01 3.920199966E+01 1.878499985E+00 1.596300006E-01 2.316999948E-03
 8.404999971E-05 9.023200255E-05 3.797200024E-01 -9.489700000E+04 -1.452400024E+03 1.867200012E+02 4.378200073E+02 -1.671400070E+01 2.954000092E+01 1.924499989E+00 1.476899981E-01 2.458600095E-03
 8.610000077E-05 9.018400306E-05 3.592399955E-01 -1.006200000E+05 2.337300049E+03 1.835299988E+02 4.437500000E+02 -1.625300026E+01 3.202000046E+01 1.967300057E+00 1.373299956E-01 2.598399995E-03
 8.815000183E-05 9.013600356E-05 3.412699997E-01 -1.087300000E+05 5.653600098E+03 1.805800018E+02 4.489599915E+02 -1.589400005E+01 3.964599991E+01 2.006500006E+00 1.283500046E-01 2.735000104E-03
 9.020000289E-05 9.008799680E-05 3.253999949E-01 -1.143200000E+05 1.024200000E+04 1.779199982E+02 4.537099915E+02 -1.557800007E+01 3.619100189E+01 2.042700052E+00 1.205800027E-01 2.868100069E-03
 9.224999667E-05 9.003999730E-05 3.112899959E-01 -1.230400000E+05 9.045400391E+03 1.757899933E+02 4.577799988E+02 -1.501000023E+01 3.053300095E+01 2.073299885E+00 1.139599979E-01 2.997899894E-03
 9.429999773E-05 8.999199781E-05 2.989799976E-01 -1.306200000E+05 2.093899902E+03 1.738399963E+02 4.613599854E+02 -1.398600006E+01 2.627400017E+01 2.101000071E+00 1.082400009E-01 3.121099900E-03
 9.634999878E-05 8.994399832E-05 2.884899974E-01 -1.331400000E+05 5.561100098E+03 1.720200043E+02 4.645599976E+02 -1.282600021E+01 2.925600052E+01 2.126600027E+00 1.033499986E-01 3.234300064E-03
 9.839999984E-05 8.989599883E-05 2.792499959E-01 -1.355600000E+05 9.656500000E+03 1.703999939E+02 4.673900146E+02 -1.209200001E+01 3.028899956E+01 2.149600029E+00 9.909600019E-02 3.341200063E-03
 1.004500009E-04 8.984799933E-05 2.712799907E-01 -1.438900000E+05 9.537299805E+03 1.690599976E+02 4.696199951E+02 -1.142199993E+01 3.136300087E+01 2.168299913E+00 9.550599754E-02 3.439099994E-03
 1.025000020E-04 8.979999984E-05 2.646600008E-01 -1.517900000E+05 7.946000000E+03 1.679600067E+02 4.711600037E+02 -1.053800011E+01 3.044300079E+01 2.182399988E+00 9.256999940E-02 3.525000066E-03
 1.045500030E-04 8.975200035E-05 2.587400079E-01 -1.605000000E+05 3.366199951E+03 1.670000000E+02 4.727999878E+02 -9.561499596E+00 2.604800034E+01 2.196099997E+00 8.998300135E-02 3.605599981E-03
 1.065999968E-04 8.970400086E-05 2.536900043E-01 -1.770000000E+05 2.132100098E+03 1.663600006E+02 4.740599976E+02 -8.552200317E+00 2.563800049E+01 2.206199884E+00 8.788400143E-02 3.677200060E-03
 1.086499979E-04 8.965600136E-05 2.494899929E-01 -2.012100000E+05 3.939399902E+03 1.660299988E+02 4.746400146E+02 -7.850699902E+00 1.900000000E+01 2.210999966E+00 8.626099676E-02 3.739099950E-03
 1.106999989E-04 8.960800187E-05 2.454600036E-01 -2.294200000E+05 4.723700195E+03 1.657799988E+02 4.751600037E+02 -7.309100151E+00 1.235700035E+01 2.214999914E+00 8.473700285E-02 3.800600069E-03
 1.127500000E-04 8.956000238E-05 2.417200059E-01 -2.489900000E+05 6.556899902E+03 1.654100037E+02 4.758999939E+02 -6.798699856E+00 2.140200043E+01 2.220900059E+00 8.325900137E-02 3.859200049E-03
 1.148000010E-04 8.951200289E-05 2.389499992E-01 -2.647800000E+05 6.658600098E+03 1.652100067E+02 4.761600037E+02 -6.477799892E+00 2.214399910E+01 2.223500013E+00 8.220499754E-02 3.903799923E-03
 1.168500021E-04 8.946400339E-05 2.383999974E-01 -3.485000000E+05 -2.171100098E+03 1.671199951E+02 4.724400024E+02 -6.498799801E+00 8.394200325E+00 2.193599939E+00 8.297099918E-02 3.912699874E-03
 1.189000031E-04 8.941599663E-05 2.510100007E-01 -7.927400000E+05 -1.865300000E+04 1.816799927E+02 4.450599976E+02 -7.081200123E+00 -3.650699997E+01 1.989199996E+00 9.527999908E-02 3.724799957E-03
 1.209499969E-04 8.936799713E-05 3.178299963E-01 -1.291300000E+06 -2.053000000E+04 2.206000061E+02 3.574299927E+02 -7.332699776E+00 -6.908499908E+01 1.467800021E+00 1.490000039E-01 3.024599981E-03
 1.230000053E-04 8.931999764E-05 4.720700085E-01 -9.013000000E+05 -2.226399902E+03 2.617600098E+02 2.407500000E+02 -5.977600098E+00 -5.384999847E+01 9.000099897E-01 2.604100108E-01 2.067799913E-03
 1.250500063E-04 8.927199815E-05 6.370099783E-01 -2.231100000E+05 3.204000000E+03 2.814599915E+02 1.686799927E+02 -3.996900082E+00 -3.353599930E+01 6.042199731E-01 3.740099967E-01 1.479999977E-03
 1.270999928E-04 8.922399866E-05 7.210199833E-01 -3.892300000E+04 -5.196000000E+03 2.875000000E+02 1.444199982E+02 -3.036000013E+00 -1.214900017E+01 5.113199949E-01 4.317100048E-01 1.294599962E-03
 1.291499939E-04 8.917599916E-05 7.436400056E-01 -2.198600000E+04 1.192099991E+02 2.892799988E+02 1.376199951E+02 -2.940999985E+00 1.449699998E+00 4.857099950E-01 4.479799867E-01 1.254400006E-03
 1.311999949E-04 8.912799967E-05 7.505199909E-01 -2.321300000E+04 3.060899902E+03 2.901099854E+02 1.344100037E+02 -2.829999924E+00 -1.280200005E+00 4.737100005E-01 4.533999860E-01 1.242900034E-03
 1.332499960E-04 8.908000018E-05 7.549600005E-01 -1.807400000E+04 1.752599907E+01 2.906300049E+02 1.316300049E+02 -2.607899904E+00 2.017100096E+00 4.634599984E-01 4.569000006E-01 1.235599979E-03
 1.352999971E-04 8.903200069E-05 7.591400146E-01 -1.698400000E+04 6.045299805E+03 2.909500122E+02 1.292599945E+02 -2.519799948E+00 2.588100135E-01 4.548900127E-01 4.599300027E-01 1.228800043E-03
 1.373499981E-04 8.898400120E-05 7.634500265E-01 -9.693299805E+03 2.940399902E+03 2.911600037E+02 1.270800018E+02 -2.517499924E+00 -9.058199883E+00 4.470300078E-01 4.628899992E-01 1.221799990E-03
 1.393999992E-04 8.893600170E-05 7.663400173E-01 -7.888799805E+03 -5.571899902E+03 2.913699951E+02 1.249499969E+02 -2.435499907E+00 -1.532400036E+01 4.393799901E-01 4.649800062E-01 1.217199955E-03
 1.414500002E-04 8.888800221E-05 7.684699893E-01 -1.350300000E+04 -3.909800049E+03 2.916499939E+02 1.231200027E+02 -2.163100004E+00 -1.674600005E+00 4.327200055E-01 4.667100012E-01 1.213800046E-03
 1.435000013E-04 8.884000272E-05 7.705199718E-01 -1.437300000E+04 -3.128800049E+03 2.920700073E+02 1.213600006E+02 -1.933200002E+00 1.132400036E+01 4.262199998E-01 4.686299860E-01 1.210600021E-03
 1.455500023E-04 8.879200323E-05 7.738100290E-01 -4.185100098E+03 3.627600098E+03 2.922699890E+02 1.194499969E+02 -2.075900078E+00 2.383399963E+00 4.193800092E-01 4.709500074E-01 1.205499982E-03
 1.476000034E-04 8.874399646E-05 7.763400078E-01 -5.019399902E+03 2.899800049E+03 2.924899902E+02 1.177500000E+02 -2.119199991E+00 1.605599976E+01 4.132899940E-01 4.728400111E-01 1.201499952E-03
 1.496500045E-04 8.869599696E-05 7.774900198E-01 -1.162300000E+04 4.917500000E+03 2.928399963E+02 1.162500000E+02 -1.963000059E+00 2.520499992E+01 4.077700078E-01 4.741199911E-01 1.199800055E-03
 1.517000055E-04 8.864799747E-05 7.793400288E-01 -6.697600098E+03 8.340299805E+03 2.930299988E+02 1.148700027E+02 -1.894099951E+00 2.269700050E+01 4.027700126E-01 4.755600095E-01 1.196900033E-03
 1.537500066E-04 8.859999798E-05 7.810099721E-01 -8.917200195E+03 -5.754700195E+03 2.932000122E+02 1.137099991E+02 -1.791700006E+00 1.035400009E+01 3.986000121E-01 4.768500030E-01 1.194300014E-03
 1.557999931E-04 8.855199849E-05 7.827600241E-01 -8.216400391E+03 -1.324000000E+04 2.933599854E+02 1.123899994E+02 -1.764899969E+00 -9.200499535E+00 3.938800097E-01 4.781799912E-01 1.191699994E-03
 1.578499941E-04 8.850399900E-05 7.841500044E-01 -4.013800049E+03 2.134499969E+02 2.935700073E+02 1.110299988E+02 -1.710500002E+00 -2.567099953E+01 3.889400065E-01 4.793600142E-01 1.189599978E-03
 1.598999952E-04 8.845599950E-05 7.855600119E-01 -5.340000000E+03 8.870299805E+03 2.939200134E+02 1.098600006E+02 -1.693199992E+00 -1.112899971E+01 3.846400082E-01 4.808000028E-01 1.187399961E-03
 1.619499963E-04 8.840800001E-05 7.870600224E-01 -4.412000000E+03 2.662600098E+03 2.940799866E+02 1.089199982E+02 -1.544000030E+00 -1.159899980E-01 3.812099993E-01 4.819900095E-01 1.185199944E-03
 1.639999973E-04 8.836000052E-05 7.878299952E-01 -4.872299805E+03 3.803399902E+03 2.941099854E+02 1.081699982E+02 -1.125200033E+00 -5.830800056E+00 3.785499930E-01 4.825100005E-01 1.184000052E-03
 1.660499984E-04 8.831200103E-05 7.889800072E-01 -4.891500000E+03 4.456600037E+02 2.941300049E+02 1.072900009E+02 -1.046200037E+00 3.372999907E+00 3.754599988E-01 4.832499921E-01 1.182300039E-03
 1.680999994E-04 8.826400153E-05 7.902600169E-01 9.996400146E+02 -3.130100098E+03 2.942900085E+02 1.064599991E+02 -1.130399942E+00 1.271199989E+01 3.724699914E-01 4.842799902E-01 1.180400024E-03
 1.701500005E-04 8.821600204E-05 7.908300161E-01 -2.751500000E+03 4.049500000E+03 2.945899963E+02 1.058700027E+02 -9.626200199E-01 1.608699989E+01 3.702000082E-01 4.851300120E-01 1.179500017E-03
 1.722000015E-04 8.816800255E-05 7.915700078E-01 -5.211899902E+03 4.803700195E+03 2.946400146E+02 1.053399963E+02 -8.132399917E-01 1.530700016E+01 3.683199883E-01 4.856700003E-01 1.178400009E-03
 1.742500026E-04 8.812000306E-05 7.922599912E-01 -2.025699951E+03 2.255699951E+03 2.947699890E+02 1.049400024E+02 -7.306799889E-01 4.722899914E+00 3.668400049E-01 4.863100052E-01 1.177400001E-03
 1.763000037E-04 8.807200356E-05 7.923899889E-01 -5.935299805E+03 -4.716600037E+02 2.949500122E+02 1.046200027E+02 -4.280399978E-01 -1.187500000E+01 3.655999899E-01 4.866800010E-01 1.177200000E-03
 1.783500047E-04 8.802399680E-05 7.929300070E-01 -2.432899902E+03 -4.313700195E+03 2.949700012E+02 1.042799988E+02 -1.691299975E-01 -7.444200039E+00 3.643800020E-01 4.870499969E-01 1.176399994E-03
 1.804000058E-04 8.797599730E-05 7.933400273E-01 2.721899902E+03 -8.004000000E+03 2.950299988E+02 1.039800034E+02 -3.036400080E-01 9.402300119E-01 3.632999957E-01 4.874100089E-01 1.175799989E-03
 1.824500068E-04 8.792799781E-05 7.932900190E-01 3.344399902E+03 -3.860699951E+03 2.950100098E+02 1.038700027E+02 -2.262700051E-01 -6.437399864E+00 3.629199862E-01 4.873400033E-01 1.175899990E-03
 1.844999933E-04 8.787999832E-05 7.935299873E-01 -2.497600098E+03 2.305300049E+03 2.949500122E+02 1.038700027E+02 1.954099983E-01 -1.133699989E+01 3.629600108E-01 4.873900115E-01 1.175499987E-03
 1.865499944E-04 8.783199883E-05 7.935299873E-01 -4.387899902E+03 -2.039300049E+03 2.950599976E+02 1.039000015E+02 4.991500080E-01 3.481700122E-01 3.630099893E-01 4.875600040E-01 1.175499987E-03
 1.885999955E-04 8.778399933E-05 7.936599851E-01 4.381000000E+03 -1.935699951E+03 2.949800110E+02 1.040599976E+02 6.981700063E-01 2.702600002E+00 3.636200130E-01 4.875099957E-01 1.175299985E-03
 1.906499965E-04 8.773599984E-05 7.937700152E-01 4.785200195E+03 4.907500000E+03 2.948500061E+02 1.043799973E+02 6.791200042E-01 8.439999580E+00 3.648099899E-01 4.873700142E-01 1.175099984E-03
 1.926999976E-04 8.768800035E-05 7.938500047E-01 5.474299805E+03 6.881500000E+03 2.948099976E+02 1.049000015E+02 7.756900191E-01 9.624300003E+00 3.666499853E-01 4.873499870E-01 1.174999983E-03
 1.947499986E-04 8.764000086E-05 7.934600115E-01 6.954899902E+03 1.920000000E+03 2.947699890E+02 1.054499969E+02 1.158900023E+00 5.102799892E+00 3.686299920E-01 4.870499969E-01 1.175599988E-03
 1.967999997E-04 8.759200136E-05 7.922199965E-01 -1.017700012E+03 -1.125500000E+03 2.949100037E+02 1.059899979E+02 1.455600023E+00 2.486599922E+01 3.704499900E-01 4.865100086E-01 1.177500002E-03
 1.988500007E-04 8.754400187E-05 7.913799882E-01 -3.823300049E+03 -3.757600098E+03 2.948599854E+02 1.066999969E+02 1.596600056E+00 2.018899918E+01 3.729499876E-01 4.859099984E-01 1.178700011E-03
 2.009000018E-04 8.749600238E-05 7.910599709E-01 1.633900024E+03 -1.101900024E+02 2.946900024E+02 1.075299988E+02 1.865800023E+00 1.031700039E+01 3.759700060E-01 4.854399860E-01 1.179200015E-03
 2.029500029E-04 8.744800289E-05 7.904899716E-01 6.258000000E+03 -5.214600098E+03 2.945299988E+02 1.085800018E+02 2.157399893E+00 -3.162100077E+00 3.797900081E-01 4.848299921E-01 1.180000021E-03
 2.050000039E-04 8.740000339E-05 7.899100184E-01 7.734500000E+03 -1.408000000E+04 2.944100037E+02 1.092200012E+02 2.184299946E+00 -2.864699936E+01 3.820799887E-01 4.842700064E-01 1.180900028E-03
 0.000000000E+00 9.083299665E-05 1.600700021E+00 -3.932100000E+05 2.044400000E+04 3.000000000E+02 7.227100372E+01 2.654599905E+00 6.808099976E+02 2.587899864E-01 1.009699941E+00 5.724399816E-04
 2.049999921E-06 9.085999773E-05 1.614099979E+00 -2.247300000E+05 1.081500000E+04 2.981900024E+02 7.446600342E+01 1.683099985E+00 5.047999878E+02 2.630200088E-01 1.007099986E+00 5.727899843E-04
 4.099999842E-06 9.088699881E-05 1.626700044E+00 -3.958900000E+04 -9.129299805E+03 2.962500000E+02 7.722200012E+01 5.427899957E-01 2.266600037E+02 2.692700028E-01 1.003499985E+00 5.734500010E-04
 6.149999990E-06 9.091300308E-05 1.623399973E+00 -1.802100000E+04 -1.063900000E+04 2.960000000E+02 7.835800171E+01 3.186700046E-01 1.331699982E+02 2.733399868E-01 1.000599980E+00 5.746100214E-04
 8.199999684E-06 9.093999688E-05 1.619699955E+00 -6.263000000E+03 1.436000000E+03 2.957099915E+02 7.939299774E+01 3.955599964E-01 1.000599976E+02 2.770799994E-01 9.974099994E-01 5.759000196E-04
 1.024999983E-05 9.096699796E-05 1.614300013E+00 -5.231600098E+03 3.745899902E+03 2.955899963E+02 8.062599945E+01 4.661000073E-01 7.648300171E+01 2.814500034E-01 9.936400056E-01 5.778400227E-04
 1.229999998E-05 9.099300223E-05 1.608700037E+00 -8.833799805E+03 7.808500000E+03 2.954899902E+02 8.212400055E+01 5.331199765E-01 8.327200317E+01 2.867200077E-01 9.898999929E-01 5.798300263E-04
 1.435000013E-05 9.102000331E-05 1.603999972E+00 -8.411000000E+03 4.316000000E+03 2.953599854E+02 8.379000092E+01 7.170299888E-01 4.669800186E+01 2.926099896E-01 9.865700006E-01 5.815399927E-04
 1.639999937E-05 9.104699711E-05 1.598700047E+00 -9.119900391E+03 -8.987200195E+03 2.953200073E+02 8.594300079E+01 9.924600124E-01 4.047399902E+01 3.001599908E-01 9.831600189E-01 5.834699841E-04
 1.845000043E-05 9.107300139E-05 1.594099998E+00 9.463400391E+03 2.191699951E+03 2.950000000E+02 8.841999817E+01 1.029199958E+00 5.553499985E+01 3.089799881E-01 9.792600274E-01 5.851699971E-04
 2.049999966E-05 9.110000246E-05 1.588199973E+00 1.724000000E+04 1.139300049E+03 2.946000061E+02 9.116200256E+01 1.064399958E+00 4.543000031E+01 3.187800050E-01 9.743300080E-01 5.873200134E-04
 2.255000072E-05 9.112700354E-05 1.580899954E+00 8.339599609E+03 -5.371899902E+03 2.942699890E+02 9.446299744E+01 1.359099984E+00 4.554700089E+01 3.305200040E-01 9.687600136E-01 5.900500109E-04
 2.459999996E-05 9.115300054E-05 1.573400021E+00 1.116600000E+04 1.119500000E+04 2.939100037E+02 9.826100159E+01 1.405400038E+00 2.437999916E+01 3.440200090E-01 9.629600048E-01 5.928699975E-04
 2.664999920E-05 9.118000162E-05 1.565199971E+00 8.853700195E+03 7.427899902E+03 2.934400024E+02 1.023600006E+02 1.421800017E+00 1.370400047E+01 3.586699963E-01 9.563999772E-01 5.959799746E-04
 2.870000026E-05 9.120700270E-05 1.555099964E+00 -3.324899902E+02 1.011900024E+03 2.929200134E+02 1.068700027E+02 1.564599991E+00 2.205800056E+01 3.747900128E-01 9.485800266E-01 5.998300039E-04
 3.075000132E-05 9.123299969E-05 1.544499993E+00 3.493500000E+03 5.394899902E+03 2.922799988E+02 1.120000000E+02 1.713299990E+00 1.498200035E+01 3.932299912E-01 9.400399923E-01 6.039700238E-04
 3.279999873E-05 9.126000077E-05 1.531200051E+00 9.440099609E+03 3.804000000E+03 2.917000122E+02 1.178199997E+02 1.779800057E+00 3.509500122E+01 4.140500128E-01 9.301000237E-01 6.092200056E-04
 3.484999979E-05 9.128700185E-05 1.516399980E+00 1.927800000E+04 3.432799988E+02 2.910199890E+02 1.241900024E+02 1.872900009E+00 3.658800125E+01 4.369699955E-01 9.190000296E-01 6.151400157E-04
 3.690000085E-05 9.131299885E-05 1.500499964E+00 3.622900000E+04 7.119099731E+02 2.899200134E+02 1.312100067E+02 1.996299982E+00 1.410200024E+01 4.625599980E-01 9.059200287E-01 6.216599722E-04
 3.894999827E-05 9.133999993E-05 1.480900049E+00 3.951900000E+04 1.503100000E+04 2.886099854E+02 1.392299957E+02 2.081399918E+00 7.749300003E+00 4.919500053E-01 8.899899721E-01 6.299400120E-04
 4.099999933E-05 9.136700100E-05 1.457200050E+00 3.093900000E+04 1.302900000E+04 2.872600098E+02 1.483899994E+02 2.166300058E+00 -5.625899792E+00 5.255200267E-01 8.716700077E-01 6.401899736E-04
 4.305000039E-05 9.139299800E-05 1.429800034E+00 2.604100000E+04 -1.433900024E+03 2.855299988E+02 1.585399933E+02 2.245399952E+00 -9.962599754E+00 5.631899834E-01 8.501999974E-01 6.524500204E-04
 4.510000144E-05 9.141999908E-05 1.398699999E+00 4.302000000E+04 -2.244600098E+03 2.832699890E+02 1.699499969E+02 2.213399887E+00 2.095999908E+01 6.061000228E-01 8.251399994E-01 6.669799914E-04
 4.714999886E-05 9.144700016E-05 1.359899998E+00 5.692700000E+04 -2.553199951E+03 2.805899963E+02 1.830800018E+02 2.174000025E+00 2.513999939E+01 6.560500264E-01 7.946699858E-01 6.860999856E-04
 4.919999992E-05 9.147299716E-05 1.310899973E+00 5.429100000E+04 7.605600098E+03 2.774700012E+02 1.981000061E+02 2.003999949E+00 -4.560999870E+00 7.138599753E-01 7.575600147E-01 7.118500071E-04
 5.125000098E-05 9.149999823E-05 1.252200007E+00 5.170500000E+04 1.297000000E+04 2.736300049E+02 2.152799988E+02 1.762799978E+00 -7.448299885E+00 7.812299728E-01 7.136800289E-01 7.453800063E-04
 5.329999840E-05 9.147600213E-05 1.186499953E+00 6.293900000E+04 1.346400024E+03 2.687300110E+02 2.337899933E+02 1.350700021E+00 1.591199970E+01 8.561000228E-01 6.641600132E-01 7.868100074E-04
 5.534999946E-05 9.145199874E-05 1.116500020E+00 7.952300000E+04 -2.963399902E+03 2.631600037E+02 2.526900024E+02 7.164400220E-01 -7.275700092E+00 9.350799918E-01 6.120799780E-01 8.363199886E-04
 5.740000051E-05 9.142800263E-05 1.042299986E+00 7.998000000E+04 -3.624100098E+03 2.571099854E+02 2.719400024E+02 -1.403300017E-01 -2.779599953E+01 1.018100023E+00 5.582799911E-01 8.961699787E-04
 5.945000157E-05 9.140399925E-05 9.643599987E-01 6.987100000E+04 -8.740300293E+02 2.507299957E+02 2.912600098E+02 -1.325299978E+00 -2.050499916E+01 1.104200006E+00 5.037699938E-01 9.689200087E-04
 6.150000263E-05 9.138000314E-05 8.873699903E-01 6.438600000E+04 -2.864100098E+03 2.442100067E+02 3.099400024E+02 -2.502799988E+00 -2.131399918E+01 1.190700054E+00 4.515199959E-01 1.052999985E-03
 6.354999641E-05 9.135599976E-05 8.146600127E-01 4.970100000E+04 -9.404799805E+03 2.376399994E+02 3.275199890E+02 -3.589699984E+00 -1.233199978E+01 1.275500059E+00 4.033800066E-01 1.147200004E-03
 6.559999747E-05 9.133199637E-05 7.465599775E-01 3.306500000E+04 -5.018700195E+03 2.309700012E+02 3.440899963E+02 -4.616000175E+00 -6.137199998E-01 1.359300017E+00 3.592999876E-01 1.251899987E-03
 6.764999853E-05 9.130800026E-05 6.844800115E-01 2.443100000E+04 -7.256500000E+03 2.245299988E+02 3.593800049E+02 -5.448900223E+00 -8.361300468E+00 1.439900041E+00 3.202199936E-01 1.365300035E-03
 6.969999959E-05 9.128399688E-05 6.293699741E-01 5.921899902E+03 -1.212400000E+04 2.185099945E+02 3.730400085E+02 -6.206500053E+00 -2.045899963E+01 1.514999986E+00 2.865299881E-01 1.484600012E-03
 7.175000064E-05 9.126000077E-05 5.803400278E-01 -1.343800000E+04 -8.686700195E+03 2.127799988E+02 3.852999878E+02 -6.975800037E+00 -5.622700214E+00 1.585700035E+00 2.572799921E-01 1.610000036E-03
 7.380000170E-05 9.123599739E-05 5.360999703E-01 -3.192700000E+04 -6.155200195E+03 2.074900055E+02 3.965799866E+02 -7.571499825E+00 -1.852699995E+00 1.652899981E+00 2.317399979E-01 1.742599998E-03
 7.585000276E-05 9.121200128E-05 4.971199930E-01 -4.446600000E+04 -5.921399902E+03 2.026000061E+02 4.067200012E+02 -7.792099953E+00 7.538199902E+00 1.715499997E+00 2.098200023E-01 1.878899988E-03
 7.789999654E-05 9.118799790E-05 4.622499943E-01 -5.274200000E+04 -5.008700195E+03 1.979799957E+02 4.159800110E+02 -8.095600128E+00 1.346300030E+01 1.774899960E+00 1.906500012E-01 2.020600019E-03
 7.994999760E-05 9.116400179E-05 4.310199916E-01 -6.689500000E+04 -2.713000000E+03 1.937200012E+02 4.242399902E+02 -8.588700294E+00 1.991399956E+01 1.829900026E+00 1.739300042E-01 2.166599967E-03
 8.199999866E-05 9.113999840E-05 4.037800133E-01 -8.369600000E+04 -4.441400146E+02 1.899299927E+02 4.313999939E+02 -8.699399948E+00 2.893899918E+01 1.879199982E+00 1.597499996E-01 2.312500030E-03
 8.404999971E-05 9.111600230E-05 3.799299896E-01 -9.527800000E+04 -3.041600098E+03 1.864299927E+02 4.380899963E+02 -8.544199944E+00 2.196599960E+01 1.926100016E+00 1.475400031E-01 2.457299968E-03
 8.610000077E-05 9.109199891E-05 3.592300117E-01 -1.028600000E+05 -4.654800034E+01 1.832700043E+02 4.439500122E+02 -8.182000160E+00 1.831500053E+01 1.968600035E+00 1.371199936E-01 2.598500112E-03
 8.815000183E-05 9.106800280E-05 3.411700130E-01 -1.145700000E+05 4.207500000E+03 1.804400024E+02 4.489299927E+02 -8.003199577E+00 1.464599991E+01 2.006200075E+00 1.282200068E-01 2.735800110E-03
 9.020000289E-05 9.104399942E-05 3.249900043E-01 -1.204500000E+05 4.863700195E+03 1.778800049E+02 4.536499939E+02 -7.824200153E+00 1.243000031E+01 2.041800022E+00 1.203999966E-01 2.871900098E-03
 9.224999667E-05 9.102000331E-05 3.106999993E-01 -1.251300000E+05 2.670500000E+03 1.756100006E+02 4.578800049E+02 -7.482600212E+00 9.742300034E+00 2.073999882E+00 1.136400029E-01 3.003600053E-03
 9.429999773E-05 9.099599993E-05 2.983399928E-01 -1.335900000E+05 -5.232800293E+02 1.735500031E+02 4.615899963E+02 -7.025599957E+00 1.018400002E+01 2.103100061E+00 1.078300029E-01 3.127800068E-03
 9.634999878E-05 9.097199654E-05 2.876800001E-01 -1.367700000E+05 9.618499756E+02 1.716900024E+02 4.649299927E+02 -6.499300003E+00 1.252799988E+01 2.129699945E+00 1.028700024E-01 3.243400017E-03
 9.839999984E-05 9.094800043E-05 2.785100043E-01 -1.396600000E+05 4.170899902E+03 1.701600037E+02 4.677600098E+02 -6.033199787E+00 1.165699959E+01 2.152299881E+00 9.869199991E-02 3.349999897E-03
 1.004500009E-04 9.092399705E-05 2.704100013E-01 -1.455500000E+05 6.730100098E+03 1.689199982E+02 4.701400146E+02 -5.738200188E+00 1.592700005E+01 2.171099901E+00 9.512499720E-02 3.450199962E-03
 1.025000020E-04 9.090000094E-05 2.635399997E-01 -1.510200000E+05 4.073800049E+03 1.678099976E+02 4.718900146E+02 -5.491499901E+00 1.931500053E+01 2.186300039E+00 9.209699929E-02 3.539999947E-03
 1.045500030E-04 9.087599756E-05 2.577100098E-01 -1.602100000E+05 -3.403599854E+02 1.668600006E+02 4.733399963E+02 -4.824699879E+00 1.857200050E+01 2.199300051E+00 8.954700083E-02 3.620000090E-03
 1.065999968E-04 9.085200145E-05 2.526200116E-01 -1.768700000E+05 -1.452000000E+03 1.661799927E+02 4.746700134E+02 -4.207399845E+00 1.684700012E+01 2.209899902E+00 8.742199838E-02 3.692900063E-03
 1.086499979E-04 9.082799806E-05 2.483900040E-01 -2.014500000E+05 -8.099799805E+02 1.658099976E+02 4.752999878E+02 -3.768100023E+00 8.107899666E+00 2.215300083E+00 8.576299995E-02 3.755599959E-03
 1.106999989E-04 9.080400196E-05 2.448199987E-01 -2.267700000E+05 5.417399902E+02 1.655800018E+02 4.756499939E+02 -3.490499973E+00 -1.077999949E+00 2.218499899E+00 8.441200107E-02 3.810399910E-03
 1.127500000E-04 9.077999857E-05 2.415200025E-01 -2.473700000E+05 3.065699951E+03 1.653300018E+02 4.761900024E+02 -3.403599977E+00 2.211699963E+00 2.222700119E+00 8.314699680E-02 3.862499958E-03
 1.148000010E-04 9.075600246E-05 2.386700064E-01 -2.690500000E+05 3.883899902E+03 1.652500000E+02 4.764299927E+02 -3.305599928E+00 6.279900074E+00 2.224299908E+00 8.213000000E-02 3.908500075E-03
 1.168500021E-04 9.073199908E-05 2.380599976E-01 -3.623700000E+05 -2.402699951E+03 1.673699951E+02 4.725000000E+02 -3.384599924E+00 2.117199898E+00 2.192199945E+00 8.297400177E-02 3.918299917E-03
 1.189000031E-04 9.070800297E-05 2.510899901E-01 -8.283500000E+05 -1.952800000E+04 1.823500061E+02 4.440400085E+02 -3.871099949E+00 -4.598300171E+01 1.981099963E+00 9.567599744E-02 3.724100068E-03
 1.209499969E-04 9.068399959E-05 3.177700043E-01 -1.333500000E+06 -2.093000000E+04 2.213699951E+02 3.559400024E+02 -4.052199841E+00 -9.954499817E+01 1.458600044E+00 1.494400054E-01 3.023700090E-03
 1.230000053E-04 9.066000348E-05 4.705100060E-01 -9.267800000E+05 -5.803799805E+03 2.621900024E+02 2.398000031E+02 -3.083600044E+00 -1.012500000E+02 8.953999877E-01 2.599099874E-01 2.073300071E-03
 1.250500063E-04 9.063600010E-05 6.358100176E-01 -2.345000000E+05 -3.377699951E+03 2.816099854E+02 1.680500031E+02 -1.741000056E+00 -6.086500168E+01 6.016700268E-01 3.734999895E-01 1.483500004E-03
 1.270999928E-04 9.061199671E-05 7.215399742E-01 -4.887300000E+04 -3.600300049E+03 2.875700073E+02 1.440899963E+02 -1.320999980E+00 -1.740499973E+00 5.099999905E-01 4.321300089E-01 1.293699956E-03
 1.291499939E-04 9.058800060E-05 7.441899776E-01 -2.984500000E+04 2.189800049E+03 2.893099976E+02 1.374199982E+02 -1.505499959E+00 2.087000084E+01 4.849100113E-01 4.483399987E-01 1.253499999E-03
 1.311999949E-04 9.056399722E-05 7.508800030E-01 -2.943100000E+04 -2.293199951E+03 2.901000061E+02 1.340800018E+02 -1.386100054E+00 2.589099884E+00 4.724699855E-01 4.536100030E-01 1.242300030E-03
 1.332499960E-04 9.054000111E-05 7.556599975E-01 -2.654400000E+04 -1.181800003E+02 2.905400085E+02 1.313399963E+02 -1.319900036E+00 7.016200066E+00 4.624499977E-01 4.571900070E-01 1.234399970E-03
 1.352999971E-04 9.051599773E-05 7.597299814E-01 -2.424100000E+04 9.097299805E+03 2.908900146E+02 1.288500061E+02 -1.391700029E+00 1.505300045E+01 4.534099996E-01 4.602000117E-01 1.227800036E-03
 1.373499981E-04 9.049200162E-05 7.633600235E-01 -1.702100000E+04 2.948899902E+03 2.913099976E+02 1.265599976E+02 -1.290300012E+00 -1.802299976E+00 4.450300038E-01 4.630700052E-01 1.221999992E-03
 1.393999992E-04 9.046799823E-05 7.658299804E-01 -1.399600000E+04 -3.078800049E+02 2.915499878E+02 1.245699997E+02 -1.219499946E+00 -7.598800182E+00 4.378699958E-01 4.649499953E-01 1.217999961E-03
 1.414500002E-04 9.044400213E-05 7.681300044E-01 -1.722100000E+04 2.028000000E+03 2.917000122E+02 1.226900024E+02 -1.077499986E+00 6.158599854E+00 4.311400056E-01 4.665800035E-01 1.214400050E-03
 1.435000013E-04 9.041999874E-05 7.710199952E-01 -1.172700000E+04 -1.995899963E+02 2.918299866E+02 1.208799973E+02 -9.218199849E-01 1.846400070E+01 4.246700108E-01 4.685600102E-01 1.209800015E-03
 1.455500023E-04 9.039600263E-05 7.742400169E-01 -1.765599976E+03 6.221900024E+02 2.920400085E+02 1.191200027E+02 -1.039499998E+00 5.052400231E-01 4.183500111E-01 4.708499908E-01 1.204799977E-03
 1.476000034E-04 9.037199925E-05 7.760400176E-01 -3.175799866E+02 3.946300049E+03 2.924599915E+02 1.175400009E+02 -1.016499996E+00 6.034999847E+00 4.124999940E-01 4.726099968E-01 1.201999956E-03
 1.496500045E-04 9.034800314E-05 7.768700123E-01 -9.838200195E+03 5.682399902E+03 2.928500061E+02 1.161399994E+02 -9.344800115E-01 1.787700081E+01 4.073100090E-01 4.737499952E-01 1.200699946E-03
 1.517000055E-04 9.032399976E-05 7.784500122E-01 -1.041600000E+04 3.843199951E+03 2.931600037E+02 1.147099991E+02 -1.042099953E+00 5.490300179E+00 4.020999968E-01 4.752300084E-01 1.198300044E-03
 1.537500066E-04 9.029999637E-05 7.801200151E-01 -1.169200000E+04 -5.079799805E+03 2.933800049E+02 1.133600006E+02 -1.009799957E+00 1.308300018E+00 3.972299993E-01 4.765900075E-01 1.195700024E-03
 1.557999931E-04 9.027600026E-05 7.819399834E-01 -1.239100000E+04 -1.337700000E+04 2.935400085E+02 1.120599976E+02 -8.321700096E-01 -1.539200020E+01 3.925400078E-01 4.779700041E-01 1.192900003E-03
 1.578499941E-04 9.025199688E-05 7.833300233E-01 -8.209599609E+03 -3.152899902E+03 2.937799988E+02 1.107699966E+02 -7.163699865E-01 -3.873300171E+01 3.878700137E-01 4.792099893E-01 1.190799987E-03
 1.598999952E-04 9.022800077E-05 7.850000262E-01 -5.652500000E+03 4.926500000E+03 2.940499878E+02 1.095100021E+02 -8.206899762E-01 -1.648900032E+01 3.832899928E-01 4.806799889E-01 1.188299968E-03
 1.619499963E-04 9.020399739E-05 7.863199711E-01 -1.461500000E+03 -3.425599976E+02 2.942200012E+02 1.084499969E+02 -9.080500007E-01 1.188000011E+01 3.794499934E-01 4.817599952E-01 1.186299953E-03
 1.639999973E-04 9.018000128E-05 7.867799997E-01 -8.761500244E+02 4.470000000E+03 2.943299866E+02 1.077099991E+02 -6.592500210E-01 3.470599890E+00 3.768000007E-01 4.822199941E-01 1.185599947E-03
 1.660499984E-04 9.015599790E-05 7.885299921E-01 3.080600098E+03 6.944399902E+03 2.942799988E+02 1.068799973E+02 -4.760600030E-01 5.004199982E+00 3.739100099E-01 4.832099974E-01 1.183000044E-03
 1.680999994E-04 9.013200179E-05 7.903299928E-01 2.906399902E+03 -5.773900146E+02 2.943200073E+02 1.059899979E+02 -5.108600259E-01 1.406700039E+01 3.707999885E-01 4.843800068E-01 1.180300023E-03
 1.701500005E-04 9.010799840E-05 7.907999754E-01 -4.458399902E+03 -7.808599854E+02 2.946099854E+02 1.053899994E+02 -4.606600106E-01 1.653199959E+01 3.684900105E-01 4.851399958E-01 1.179600018E-03
 1.722000015E-04 9.008400230E-05 7.914199829E-01 5.887299805E+02 5.616399902E+03 2.946000061E+02 1.048300018E+02 -4.677599967E-01 1.277600002E+01 3.665400147E-01 4.855200052E-01 1.178600010E-03
 1.742500026E-04 9.005999891E-05 7.920299768E-01 9.578200195E+03 9.478099976E+02 2.945899963E+02 1.043199997E+02 -3.914900124E-01 -1.672000042E-03 3.647499979E-01 4.858700037E-01 1.177700004E-03
 1.763000037E-04 9.003600280E-05 7.919399738E-01 2.751399902E+03 -3.602699951E+03 2.947699890E+02 1.040299988E+02 -1.594900042E-01 -2.464699931E-02 3.636499941E-01 4.861100018E-01 1.177900005E-03
 1.783500047E-04 9.001199942E-05 7.929599881E-01 1.393900024E+03 -4.531200195E+03 2.948699951E+02 1.037600021E+02 -2.316500060E-03 1.274300003E+01 3.626500070E-01 4.869099855E-01 1.176399994E-03
 1.804000058E-04 8.998800331E-05 7.939500213E-01 7.938099976E+02 -7.373600098E+03 2.949700012E+02 1.035500031E+02 -9.849499911E-02 -3.750200033E+00 3.618600070E-01 4.876700044E-01 1.174899982E-03
 1.824500068E-04 8.996399993E-05 7.939000130E-01 -1.303500000E+03 -3.491100098E+03 2.948800049E+02 1.034199982E+02 -1.272999942E-01 -8.421199799E+00 3.614499867E-01 4.875000119E-01 1.174999983E-03
 1.844999933E-04 8.993999654E-05 7.937399745E-01 -7.772500000E+02 -6.801599731E+02 2.948099976E+02 1.034000015E+02 1.322399974E-01 7.117400169E+00 3.614000082E-01 4.872800112E-01 1.175199985E-03
 1.865499944E-04 8.991600043E-05 7.936000228E-01 -5.711900024E+02 -8.786400146E+02 2.949100037E+02 1.036200027E+02 3.502900004E-01 1.761199951E+00 3.621299863E-01 4.873600006E-01 1.175399986E-03
 1.885999955E-04 8.989199705E-05 7.936800122E-01 2.473600098E+03 2.726600098E+03 2.949100037E+02 1.039700012E+02 4.189600050E-01 -5.205599785E+00 3.633399904E-01 4.874100089E-01 1.175299985E-03
 1.906499965E-04 8.986800094E-05 7.937200069E-01 -9.518800049E+02 1.025200000E+04 2.948599854E+02 1.043199997E+02 2.313300073E-01 -1.126700044E+00 3.646000028E-01 4.873499870E-01 1.175199985E-03
 1.926999976E-04 8.984399756E-05 7.936499715E-01 -1.054699951E+03 1.071300000E+04 2.948800049E+02 1.046299973E+02 2.800100148E-01 2.263999939E+00 3.656699955E-01 4.873499870E-01 1.175299985E-03
 1.947499986E-04 8.982000145E-05 7.933300138E-01 1.969900024E+03 -2.864200134E+02 2.948800049E+02 1.050800018E+02 6.710399985E-01 4.927100182E+00 3.672600091E-01 4.871500134E-01 1.175799989E-03
 1.967999997E-04 8.979599806E-05 7.924000025E-01 8.391100311E+01 -3.343000000E+03 2.948200073E+02 1.058399963E+02 8.881300092E-01 2.009499931E+01 3.699600101E-01 4.864799976E-01 1.177200000E-03
 1.988500007E-04 8.977200196E-05 7.913900018E-01 -8.203499756E+02 -2.532500000E+03 2.947399902E+02 1.066999969E+02 8.581799865E-01 1.589099979E+01 3.730199933E-01 4.857200086E-01 1.178700011E-03
 2.009000018E-04 8.974799857E-05 7.906900048E-01 2.988800049E+03 1.496800049E+03 2.945799866E+02 1.076200027E+02 8.513799906E-01 1.080399990E+01 3.763299882E-01 4.850400090E-01 1.179700019E-03
 2.029500029E-04 8.972400246E-05 7.904999852E-01 5.810200195E+03 1.796800049E+03 2.943699951E+02 1.085800018E+02 1.036700010E+00 -1.840899944E+00 3.798199892E-01 4.845800102E-01 1.180000021E-03
 2.050000039E-04 8.969999908E-05 7.905700207E-01 4.914799805E+03 -4.001500000E+03 2.942399902E+02 1.090400009E+02 1.149700046E+00 -2.287000084E+01 3.815200031E-01 4.844000041E-01 1.179900020E-03
 0.000000000E+00 9.200000204E-05 1.600700021E+00 -5.557100000E+05 8.180200000E+04 3.000000000E+02 7.249099731E+01 2.117300034E+00 1.796099976E+03 2.599700093E-01 1.010200024E+00 5.718600005E-04
 2.049999921E-06 9.200000204E-05 1.616000056E+00 -3.314400000E+05 4.807100000E+04 2.980299988E+02 7.527600098E+01 1.290500045E+00 1.110599976E+03 2.661300004E-01 1.008000016E+00 5.718399771E-04
 4.099999842E-06 9.200000204E-05 1.629899979E+00 -7.553100000E+04 2.486699951E+03 2.959500122E+02 7.844499969E+01 3.058100045E-01 2.439400024E+02 2.736600041E-01 1.004500031E+00 5.722999922E-04
 6.149999990E-06 9.200000204E-05 1.625599980E+00 -2.375500000E+04 -2.090699951E+03 2.957900085E+02 7.928800201E+01 1.187999994E-01 8.714399719E+01 2.766700089E-01 1.001299977E+00 5.738200271E-04
 8.199999684E-06 9.200000204E-05 1.621099949E+00 4.190600098E+03 5.701000000E+03 2.956000061E+02 8.028099823E+01 1.938000023E-01 7.310800171E+01 2.802299857E-01 9.978500009E-01 5.754299928E-04
 1.024999983E-05 9.200000204E-05 1.614699960E+00 -3.962500000E+03 1.172700000E+04 2.955100098E+02 8.149400330E+01 2.166700065E-01 5.734600067E+01 2.845099866E-01 9.936500192E-01 5.776800099E-04
 1.229999998E-05 9.200000204E-05 1.609099984E+00 -1.032900000E+04 1.762900000E+04 2.953999939E+02 8.268800354E+01 1.926800013E-01 7.425199890E+01 2.887299955E-01 9.897999763E-01 5.797100021E-04
 1.435000013E-05 9.200000204E-05 1.604400039E+00 -1.496600000E+04 8.267799805E+03 2.953500061E+02 8.412000275E+01 3.091900051E-01 3.769400024E+01 2.937600017E-01 9.867799878E-01 5.813899916E-04
 1.639999937E-05 9.200000204E-05 1.598899961E+00 -1.631000000E+04 -1.745099976E+03 2.952999878E+02 8.621900177E+01 5.133900046E-01 5.666999817E+01 3.011099994E-01 9.832400084E-01 5.833900068E-04
 1.845000043E-05 9.200000204E-05 1.594900012E+00 2.041600000E+04 1.013000000E+04 2.948800049E+02 8.868199921E+01 5.100399852E-01 5.890299988E+01 3.099400103E-01 9.793699980E-01 5.848499713E-04
 2.049999966E-05 9.200000204E-05 1.589499950E+00 2.903000000E+04 3.896000000E+03 2.945000000E+02 9.138899994E+01 5.075899959E-01 1.685400009E+01 3.195999861E-01 9.747999907E-01 5.868499866E-04
 2.255000072E-05 9.200000204E-05 1.581699967E+00 1.436200000E+04 -1.455700000E+04 2.942500000E+02 9.476100159E+01 6.918399930E-01 3.279899979E+01 3.315399885E-01 9.691799879E-01 5.897500087E-04
 2.459999996E-05 9.200000204E-05 1.572700024E+00 6.251900024E+02 -1.741900024E+03 2.939899902E+02 9.860500336E+01 6.800799966E-01 1.565200043E+01 3.451400101E-01 9.628300071E-01 5.931199994E-04
 2.664999920E-05 9.200000204E-05 1.564299941E+00 -1.421500000E+03 -2.062800049E+03 2.934599915E+02 1.025800018E+02 6.821100116E-01 1.512500000E+01 3.593800068E-01 9.559299946E-01 5.963100120E-04
 2.870000026E-05 9.200000204E-05 1.554999948E+00 2.518899902E+03 1.182500000E+02 2.928500061E+02 1.070299988E+02 7.956500053E-01 1.581799984E+01 3.753400147E-01 9.482799768E-01 5.998900160E-04
 3.075000132E-05 9.200000204E-05 1.544800043E+00 4.948200195E+03 1.605400024E+03 2.921900024E+02 1.121500015E+02 8.261500001E-01 1.129500008E+01 3.937700093E-01 9.399799705E-01 6.038200227E-04
 3.279999873E-05 9.200000204E-05 1.531800032E+00 2.281199951E+03 3.154500000E+03 2.916600037E+02 1.178700027E+02 8.443099856E-01 2.292600060E+01 4.142200053E-01 9.303200245E-01 6.089800154E-04
 3.484999979E-05 9.200000204E-05 1.516100049E+00 1.115800000E+04 8.125200195E+03 2.911600037E+02 1.242099991E+02 9.173499942E-01 4.447599888E+00 4.368900061E-01 9.192500114E-01 6.152699934E-04
 3.690000085E-05 9.200000204E-05 1.500100017E+00 2.900500000E+04 4.704000000E+03 2.900199890E+02 1.313399963E+02 9.832199812E-01 -1.042700005E+01 4.628799856E-01 9.059900045E-01 6.218400085E-04
 3.894999827E-05 9.200000204E-05 1.480700016E+00 2.939900000E+04 1.733900000E+04 2.886199951E+02 1.394199982E+02 1.009999990E+00 -6.599199772E+00 4.925400019E-01 8.899700046E-01 6.299900124E-04
 4.099999933E-05 9.200000204E-05 1.457200050E+00 2.608700000E+04 1.434800000E+04 2.872999878E+02 1.485500031E+02 1.053799987E+00 9.941699982E+00 5.259799957E-01 8.718000054E-01 6.401899736E-04
 4.305000039E-05 9.200000204E-05 1.429399967E+00 1.641200000E+04 -1.653099976E+03 2.855799866E+02 1.587200012E+02 1.144500017E+00 6.093699932E+00 5.637099743E-01 8.500499725E-01 6.526699872E-04
 4.510000144E-05 9.200000204E-05 1.398300052E+00 4.147800000E+04 -1.155500000E+04 2.831900024E+02 1.701399994E+02 1.082200050E+00 2.839800072E+01 6.068400145E-01 8.246499896E-01 6.671600277E-04
 4.714999886E-05 9.200000204E-05 1.359899998E+00 5.423400000E+04 -9.806299805E+03 2.804800110E+02 1.832100067E+02 1.042999983E+00 4.539099884E+01 6.566100121E-01 7.943199873E-01 6.861399743E-04
 4.919999992E-05 9.200000204E-05 1.310400009E+00 4.463800000E+04 4.772299805E+03 2.775199890E+02 1.982700043E+02 9.661099911E-01 6.345799923E+00 7.143599987E-01 7.573500276E-01 7.121600211E-04
 5.125000098E-05 9.200000204E-05 1.251700044E+00 3.606700000E+04 1.287600000E+04 2.736700134E+02 2.154499969E+02 8.555399776E-01 1.741500020E+00 7.817800045E-01 7.134900093E-01 7.456900203E-04
 5.329999840E-05 9.200000204E-05 1.186900020E+00 6.196600000E+04 4.245899902E+03 2.686799927E+02 2.336999969E+02 6.746600270E-01 3.313000107E+01 8.558200002E-01 6.642400026E-01 7.865499938E-04
 5.534999946E-05 9.200000204E-05 1.117799997E+00 9.627800000E+04 4.833600098E+03 2.631400146E+02 2.524199982E+02 3.764300048E-01 1.802400017E+01 9.340900183E-01 6.126899719E-01 8.353900048E-04
 5.740000051E-05 9.200000204E-05 1.043799996E+00 8.521600000E+04 6.046500000E+03 2.570299988E+02 2.716900024E+02 -6.632599980E-02 -1.830899954E+00 1.017300010E+00 5.589299798E-01 8.948799805E-04
 5.945000157E-05 9.200000204E-05 9.656900167E-01 6.947200000E+04 3.844199951E+03 2.506499939E+02 2.910700073E+02 -7.030400038E-01 1.244799995E+01 1.103600025E+00 5.043100119E-01 9.675999754E-04
 6.150000263E-05 9.200000204E-05 8.881599903E-01 6.883500000E+04 -1.328300049E+03 2.442100067E+02 3.098699951E+02 -1.285099983E+00 -8.183400154E+00 1.190299988E+00 4.519200027E-01 1.052099979E-03
 6.354999641E-05 9.200000204E-05 8.150500059E-01 5.594100000E+04 -2.095000000E+03 2.377200012E+02 3.275299988E+02 -1.881100059E+00 -1.206099987E+01 1.275200009E+00 4.036999941E-01 1.146700000E-03
 6.559999747E-05 9.200000204E-05 7.467600107E-01 3.231800000E+04 3.511500000E+03 2.310200043E+02 3.439400024E+02 -2.352799892E+00 2.402000046E+01 1.358399987E+00 3.594799936E-01 1.251499983E-03
 6.764999853E-05 9.200000204E-05 6.848700047E-01 2.593200000E+04 -3.520300049E+03 2.245899963E+02 3.592600098E+02 -2.680799961E+00 -8.039799929E-01 1.439000010E+00 3.204900026E-01 1.364500029E-03
 6.969999959E-05 9.200000204E-05 6.299499869E-01 1.397300000E+04 -8.647599609E+03 2.185599976E+02 3.732399902E+02 -3.085500002E+00 -2.705299950E+01 1.515499949E+00 2.868700027E-01 1.483200002E-03
 7.175000064E-05 9.200000204E-05 5.807999969E-01 -5.761700195E+03 -6.233399902E+03 2.128000031E+02 3.854899902E+02 -3.507999897E+00 -3.497900009E+00 1.586199999E+00 2.574999928E-01 1.608700026E-03
 7.380000170E-05 9.200000204E-05 5.362200141E-01 -2.842700000E+04 -5.388899902E+03 2.075000000E+02 3.966799927E+02 -3.839400053E+00 5.378399849E+00 1.652999997E+00 2.318100035E-01 1.742299995E-03
 7.585000276E-05 9.200000204E-05 4.969800115E-01 -4.421300000E+04 -5.024200195E+03 2.025500031E+02 4.069700012E+02 -3.827600002E+00 -1.046999991E-01 1.716400027E+00 2.097100019E-01 1.879399992E-03
 7.789999654E-05 9.200000204E-05 4.628500044E-01 -5.006700000E+04 -2.365699951E+03 1.979400024E+02 4.163200073E+02 -3.879199982E+00 -9.490400314E+00 1.776100039E+00 1.908600032E-01 2.017799998E-03
 7.994999760E-05 9.200000204E-05 4.321700037E-01 -6.281300000E+04 -2.951300049E+03 1.935899963E+02 4.244800110E+02 -4.299099922E+00 5.428100109E+00 1.831200004E+00 1.742800027E-01 2.160900040E-03
 8.199999866E-05 9.200000204E-05 4.045599997E-01 -8.278700000E+04 -1.621500000E+03 1.897599945E+02 4.315199890E+02 -4.477399826E+00 2.109799957E+01 1.880200028E+00 1.599099934E-01 2.308099996E-03
 8.404999971E-05 9.200000204E-05 3.799700141E-01 -9.283800000E+04 -3.352199951E+03 1.862899933E+02 4.382500000E+02 -4.398200035E+00 1.685300064E+01 1.927199960E+00 1.474400014E-01 2.457200084E-03
 8.610000077E-05 9.200000204E-05 3.589499891E-01 -1.018700000E+05 -2.631300049E+03 1.831300049E+02 4.440499878E+02 -4.082699776E+00 1.043400002E+01 1.969499946E+00 1.369100064E-01 2.600499894E-03
 8.815000183E-05 9.200000204E-05 3.410699964E-01 -1.180400000E+05 2.057899902E+03 1.803300018E+02 4.490100098E+02 -4.020999908E+00 2.038500071E+00 2.006799936E+00 1.280999929E-01 2.736600116E-03
 9.020000289E-05 9.200000204E-05 3.248899877E-01 -1.267700000E+05 2.062000000E+03 1.778399963E+02 4.537500000E+02 -3.921000004E+00 -3.996000066E-02 2.042099953E+00 1.203399971E-01 2.872799989E-03
 9.224999667E-05 9.200000204E-05 3.106099963E-01 -1.296200000E+05 1.000400024E+03 1.755899963E+02 4.578699951E+02 -3.657799959E+00 -6.234300137E-01 2.073800087E+00 1.135900021E-01 3.004400060E-03
 9.429999773E-05 9.200000204E-05 2.982299924E-01 -1.347300000E+05 -4.202900085E+02 1.734600067E+02 4.616400146E+02 -3.504600048E+00 8.379199982E+00 2.103600025E+00 1.077399999E-01 3.129000077E-03
 9.634999878E-05 9.200000204E-05 2.873600125E-01 -1.384300000E+05 -1.132800049E+03 1.715599976E+02 4.650000000E+02 -3.368700027E+00 5.292900085E+00 2.130599976E+00 1.026699990E-01 3.247099929E-03
 9.839999984E-05 9.200000204E-05 2.780799866E-01 -1.411300000E+05 6.506199951E+02 1.700800018E+02 4.677699890E+02 -3.017899990E+00 -2.948499918E+00 2.152600050E+00 9.849599749E-02 3.355199937E-03
 1.004500009E-04 9.200000204E-05 2.700099945E-01 -1.419300000E+05 4.352500000E+03 1.688999939E+02 4.702399902E+02 -2.840600014E+00 6.023300171E+00 2.171499968E+00 9.497100115E-02 3.455299884E-03
 1.025000020E-04 9.200000204E-05 2.630900145E-01 -1.474500000E+05 2.165899902E+03 1.677799988E+02 4.720799866E+02 -2.972599983E+00 1.994799995E+01 2.187299967E+00 9.192299843E-02 3.545999993E-03
 1.045500030E-04 9.200000204E-05 2.571099997E-01 -1.586100000E+05 -8.878599854E+02 1.668099976E+02 4.734100037E+02 -2.463200092E+00 2.015200043E+01 2.199800014E+00 8.931300044E-02 3.628399922E-03
 1.065999968E-04 9.200000204E-05 2.520599961E-01 -1.759500000E+05 -2.460300049E+03 1.662100067E+02 4.748299866E+02 -1.977599978E+00 7.583499908E+00 2.210400105E+00 8.724299818E-02 3.701000009E-03
 1.086499979E-04 9.200000204E-05 2.481199950E-01 -2.003700000E+05 -3.788600098E+03 1.657799988E+02 4.755100098E+02 -1.778900027E+00 3.905300051E-02 2.216399908E+00 8.565899730E-02 3.759599989E-03
 1.106999989E-04 9.200000204E-05 2.447499931E-01 -2.235800000E+05 -2.645600098E+03 1.654600067E+02 4.758800049E+02 -1.661499977E+00 -5.615300179E+00 2.220299959E+00 8.432800323E-02 3.811399918E-03
 1.127500000E-04 9.200000204E-05 2.416699976E-01 -2.446900000E+05 8.835900269E+02 1.653200073E+02 4.764500122E+02 -1.686100006E+00 -7.795000076E+00 2.223900080E+00 8.319500089E-02 3.860000055E-03
 1.148000010E-04 9.200000204E-05 2.387900054E-01 -2.668100000E+05 2.271899902E+03 1.653000031E+02 4.764500122E+02 -1.704399943E+00 -1.074200034E+00 2.223999977E+00 8.219700307E-02 3.906500060E-03
 1.168500021E-04 9.200000204E-05 2.378399968E-01 -3.668200000E+05 -3.432600098E+03 1.674799957E+02 4.725899963E+02 -1.838899970E+00 -8.690400124E-01 2.191800117E+00 8.295000345E-02 3.922000062E-03
 1.189000031E-04 9.200000204E-05 2.508899868E-01 -8.487700000E+05 -1.611600000E+04 1.827700043E+02 4.436099854E+02 -2.188400030E+00 -4.634299850E+01 1.977100015E+00 9.583300352E-02 3.727300093E-03
 1.209499969E-04 9.200000204E-05 3.174700141E-01 -1.362900000E+06 -1.754900000E+04 2.219100037E+02 3.549599915E+02 -2.299599886E+00 -1.131699982E+02 1.452600002E+00 1.496199965E-01 3.025799990E-03
 1.230000053E-04 9.200000204E-05 4.691999853E-01 -9.517300000E+05 -7.468799805E+03 2.625199890E+02 2.393600006E+02 -1.600600004E+00 -1.245699997E+02 8.930400014E-01 2.594699860E-01 2.078300109E-03
 1.250500063E-04 9.200000204E-05 6.349999905E-01 -2.487600000E+05 -5.228200195E+03 2.817600098E+02 1.680299988E+02 -6.604400277E-01 -7.213099670E+01 6.013799906E-01 3.732300103E-01 1.486000023E-03
 1.270999928E-04 9.200000204E-05 7.223799825E-01 -5.664600000E+04 -1.280400024E+03 2.876000061E+02 1.441499939E+02 -5.269100070E-01 7.185900211E+00 5.101600289E-01 4.326800108E-01 1.292199944E-03
 1.291499939E-04 9.200000204E-05 7.453500032E-01 -3.539300000E+04 3.768699951E+03 2.892500000E+02 1.375299988E+02 -7.797399759E-01 3.645100021E+01 4.853299856E-01 4.489499927E-01 1.251499983E-03
 1.311999949E-04 9.200000204E-05 7.515299916E-01 -3.935400000E+04 -2.563300049E+03 2.900199890E+02 1.342899933E+02 -6.625099778E-01 -3.229000092E+00 4.732599854E-01 4.538699985E-01 1.241200021E-03
 1.332499960E-04 9.200000204E-05 7.563099861E-01 -3.466300000E+04 -1.824599976E+03 2.903699951E+02 1.316799927E+02 -7.008399963E-01 5.659800053E+00 4.637799859E-01 4.573200047E-01 1.233399962E-03
 1.352999971E-04 9.200000204E-05 7.604900002E-01 -2.049100000E+04 7.721700195E+03 2.906799927E+02 1.289700012E+02 -8.305600286E-01 2.923600006E+01 4.539999962E-01 4.603300095E-01 1.226600027E-03
 1.373499981E-04 9.200000204E-05 7.638099790E-01 -1.613200000E+04 5.812799805E+03 2.912799988E+02 1.264300003E+02 -6.573899984E-01 4.117300034E+00 4.445700049E-01 4.632900059E-01 1.221299986E-03
 1.393999992E-04 9.200000204E-05 7.658299804E-01 -2.010100000E+04 2.636100098E+03 2.917200012E+02 1.244000015E+02 -5.983499885E-01 -1.364799976E+00 4.371100068E-01 4.652299881E-01 1.217999961E-03
 1.414500002E-04 9.200000204E-05 7.677000165E-01 -2.099800000E+04 1.205699951E+03 2.918999939E+02 1.225800018E+02 -5.583800077E-01 1.014400005E+01 4.305999875E-01 4.666500092E-01 1.215100056E-03
 1.435000013E-04 9.200000204E-05 7.708699703E-01 -1.068300000E+04 9.742100220E+02 2.918999939E+02 1.208399963E+02 -4.799599946E-01 2.040800095E+01 4.244500101E-01 4.685699940E-01 1.210100017E-03
 1.455500023E-04 9.200000204E-05 7.742000222E-01 -1.736800049E+03 -1.226900024E+03 2.920599976E+02 1.189599991E+02 -5.202500224E-01 1.530799985E+00 4.177399874E-01 4.708499908E-01 1.204899978E-03
 1.476000034E-04 9.200000204E-05 7.757899761E-01 2.129899902E+03 -3.442399902E+02 2.925000000E+02 1.173099976E+02 -4.376100004E-01 -5.297999859E+00 4.116500020E-01 4.725199938E-01 1.202399959E-03
 1.496500045E-04 9.200000204E-05 7.765499949E-01 -8.791799805E+03 6.062700195E+03 2.928500061E+02 1.161100006E+02 -4.079999924E-01 6.406499863E+00 4.071899951E-01 4.735699892E-01 1.201199950E-03
 1.517000055E-04 9.200000204E-05 7.779300213E-01 -1.469200000E+04 1.348400024E+03 2.931900024E+02 1.146999969E+02 -5.530099869E-01 -5.793300152E+00 4.020200074E-01 4.749499857E-01 1.199100050E-03
 1.537500066E-04 9.200000204E-05 7.791799903E-01 -1.964300000E+04 -7.490899902E+03 2.935000000E+02 1.130999985E+02 -6.004199982E-01 -9.903200150E+00 3.962000012E-01 4.762299955E-01 1.197200036E-03
 1.557999931E-04 9.200000204E-05 7.811300159E-01 -2.108000000E+04 -1.097200000E+04 2.936900024E+02 1.117699966E+02 -3.943800032E-01 -2.829599953E+01 3.914200068E-01 4.777199924E-01 1.194200013E-03
 1.578499941E-04 9.200000204E-05 7.826899886E-01 -1.410700000E+04 -1.979099976E+03 2.939500122E+02 1.107500000E+02 -2.759500146E-01 -3.821099854E+01 3.876599967E-01 4.790999889E-01 1.191799995E-03
 1.598999952E-04 9.200000204E-05 7.844499946E-01 -1.351800000E+04 6.126000000E+03 2.942399902E+02 1.096500015E+02 -4.163799882E-01 -1.185200024E+01 3.836300075E-01 4.806500077E-01 1.189099974E-03
 1.619499963E-04 9.200000204E-05 7.859799862E-01 -2.416600098E+03 -7.045000000E+02 2.943800049E+02 1.083300018E+02 -5.134800076E-01 1.301500034E+01 3.789100051E-01 4.818100035E-01 1.186799956E-03
 1.639999973E-04 9.200000204E-05 7.864300013E-01 7.051200195E+03 -2.654600098E+03 2.944400024E+02 1.072500000E+02 -4.356299937E-01 1.112899971E+01 3.750999868E-01 4.821999967E-01 1.186099951E-03
 1.660499984E-04 9.200000204E-05 7.883200049E-01 1.084400000E+04 6.501799805E+03 2.943999939E+02 1.064300003E+02 -2.511399984E-01 1.270100021E+01 3.722600043E-01 4.832800031E-01 1.183300046E-03
 1.680999994E-04 9.200000204E-05 7.899900079E-01 9.318799805E+03 3.804699951E+03 2.943800049E+02 1.056900024E+02 -1.925799996E-01 1.589500046E+01 3.696900010E-01 4.842700064E-01 1.180800027E-03
 1.701500005E-04 9.200000204E-05 7.904499769E-01 -4.607500000E+03 6.792299805E+02 2.945400085E+02 1.050699997E+02 -2.060700059E-01 2.020000076E+01 3.674199879E-01 4.848099947E-01 1.180100022E-03
 1.722000015E-04 9.200000204E-05 7.914299965E-01 -3.037699951E+03 7.097500000E+03 2.945599976E+02 1.044599991E+02 -2.375500053E-01 1.186900043E+01 3.652699888E-01 4.854499996E-01 1.178600010E-03
 1.742500026E-04 9.200000204E-05 7.919899821E-01 1.448600000E+04 -1.286500000E+03 2.945400085E+02 1.039400024E+02 -1.844599992E-01 -4.013400078E+00 3.634699881E-01 4.857699871E-01 1.177800004E-03
 1.763000037E-04 9.200000204E-05 7.918999791E-01 1.234500000E+04 -3.391300049E+03 2.946900024E+02 1.036800003E+02 -6.722699851E-02 1.428100014E+01 3.624700010E-01 4.859600067E-01 1.177900005E-03
 1.783500047E-04 9.200000204E-05 7.932299972E-01 5.897700195E+03 -1.625000000E+03 2.948099976E+02 1.035000000E+02 3.191599995E-02 2.828800011E+01 3.617700040E-01 4.869799912E-01 1.175999991E-03
 1.804000058E-04 9.200000204E-05 7.943300009E-01 -2.834899902E+03 -3.064199951E+03 2.948999939E+02 1.033799973E+02 -1.110600028E-02 -6.143099815E-02 3.612799942E-01 4.877899885E-01 1.174299978E-03
 1.824500068E-04 9.200000204E-05 7.944099903E-01 -9.562900391E+03 -9.175199890E+01 2.948099976E+02 1.031999969E+02 -3.697299957E-02 -2.322099924E+00 3.607299924E-01 4.876999855E-01 1.174199977E-03
 1.844999933E-04 9.200000204E-05 7.941399813E-01 -3.322199951E+03 3.479100098E+03 2.947600098E+02 1.031999969E+02 7.028000057E-02 1.246100044E+01 3.607400060E-01 4.874500036E-01 1.174599980E-03
 1.865499944E-04 9.200000204E-05 7.936099768E-01 -3.712099915E+02 6.729299805E+03 2.948599854E+02 1.035800018E+02 2.003699988E-01 6.153699756E-01 3.619999886E-01 4.872800112E-01 1.175399986E-03
 1.885999955E-04 9.200000204E-05 7.933300138E-01 1.659500000E+03 7.475500000E+03 2.949700012E+02 1.039899979E+02 2.381300032E-01 -1.221199989E+00 3.633599877E-01 4.873000085E-01 1.175799989E-03
 1.906499965E-04 9.200000204E-05 7.933200002E-01 -1.568599976E+03 1.085600000E+04 2.950000000E+02 1.042900009E+02 3.331499919E-02 1.494500041E+00 3.643899858E-01 4.873499870E-01 1.175799989E-03
 1.926999976E-04 9.200000204E-05 7.931200266E-01 -3.690399902E+03 6.868700195E+03 2.951000061E+02 1.045599976E+02 8.060199767E-02 -9.946299791E-01 3.652899861E-01 4.873700142E-01 1.176099991E-03
 1.947499986E-04 9.200000204E-05 7.931500077E-01 2.052199951E+03 -5.754000000E+03 2.951000061E+02 1.050400009E+02 3.994899988E-01 -2.037199974E+00 3.669799864E-01 4.873999953E-01 1.176099991E-03
 1.967999997E-04 9.200000204E-05 7.926999927E-01 4.560200195E+03 -5.795200195E+03 2.948800049E+02 1.059000015E+02 5.373299718E-01 8.252799988E+00 3.700999916E-01 4.867599905E-01 1.176699996E-03
 1.988500007E-04 9.200000204E-05 7.916799784E-01 5.324299805E+03 -3.734100098E+03 2.947399902E+02 1.068000031E+02 4.659999907E-01 6.057199955E+00 3.733600080E-01 4.859000146E-01 1.178300008E-03
 2.009000018E-04 9.200000204E-05 7.910699844E-01 4.564700195E+03 -2.114100098E+03 2.944899902E+02 1.076800003E+02 3.830299973E-01 1.434700012E+01 3.765900135E-01 4.851199985E-01 1.179200015E-03
 2.029500029E-04 9.200000204E-05 7.908200026E-01 1.847699951E+03 5.531299805E+03 2.942500000E+02 1.085199966E+02 4.937900007E-01 1.444400024E+01 3.796899915E-01 4.845600128E-01 1.179500017E-03
 2.050000039E-04 9.200000204E-05 7.909500003E-01 -1.069900024E+03 6.593899902E+03 2.941600037E+02 1.088799973E+02 6.207500100E-01 1.177299976E+00 3.810099959E-01 4.844999909E-01 1.179300016E-03
ZONE T="BUFFER ZONE"
 STRANDID=0, SOLUTIONTIME=0
 I=31, J=41, K=1, ZONETYPE=Ordered
 DATAPACKING=POINT
 DT=(SINGLE SINGLE SINGLE SINGLE SINGLE SINGLE SINGLE SINGLE SINGLE SINGLE SINGLE SINGLE )
 2.050000039E-04 0.000000000E+00 3.891200125E-01 1.427200000E+04 -3.099600000E+05 2.961900024E+02 5.179399967E+00 3.196199951E+02 4.980300140E+01 9.024800062E-01 3.118200004E-01 1.983100083E-03
 2.070500050E-04 0.000000000E+00 3.891400099E-01 8.105899902E+03 -3.110600000E+05 2.961700134E+02 1.087600040E+01 3.194800110E+02 2.123600006E+01 8.998799920E-01 3.130800128E-01 1.977399923E-03
 2.091000060E-04 0.000000000E+00 3.893100023E-01 -3.660199951E+03 -3.047300000E+05 2.960400085E+02 2.189299965E+01 3.196300049E+02 -9.438699722E+00 8.987600207E-01 3.148199916E-01 1.969000092E-03
 2.111500071E-04 0.000000000E+00 3.895100057E-01 -3.039100098E+03 -2.877000000E+05 2.958900146E+02 3.195800018E+01 3.199800110E+02 -1.624300003E+01 9.028900266E-01 3.151099980E-01 1.966699958E-03
 2.131999936E-04 0.000000000E+00 3.895500004E-01 -5.390600098E+03 -2.840700000E+05 2.958599854E+02 4.163999939E+01 3.201499939E+02 -1.794099998E+01 9.091600180E-01 3.145799935E-01 1.968800090E-03
 2.152499947E-04 0.000000000E+00 3.894799948E-01 -1.205100000E+04 -2.760800000E+05 2.959200134E+02 5.114300156E+01 3.206400146E+02 -1.231099987E+01 9.175900221E-01 3.139599860E-01 1.971899997E-03
 2.172999957E-04 0.000000000E+00 3.894299865E-01 -1.970599976E+03 -2.663600000E+05 2.959500122E+02 6.030300140E+01 3.207399902E+02 -7.139699936E+00 9.271100163E-01 3.126699924E-01 1.977700042E-03
 2.193499968E-04 0.000000000E+00 3.890199959E-01 -1.569900024E+03 -2.730900000E+05 2.962699890E+02 6.996600342E+01 3.208399963E+02 -7.569099903E+00 9.389299750E-01 3.107700050E-01 1.988299889E-03
 2.213999978E-04 0.000000000E+00 3.884400129E-01 -1.334800000E+04 -2.779900000E+05 2.967000122E+02 7.936599731E+01 3.219800110E+02 -1.226500034E+01 9.527999759E-01 3.096399903E-01 1.996299950E-03
 2.234499989E-04 0.000000000E+00 3.885200024E-01 -8.420200195E+03 -2.746400000E+05 2.966499939E+02 8.756300354E+01 3.227300110E+02 -2.271299934E+01 9.656000137E-01 3.086900115E-01 2.000200097E-03
 2.254999999E-04 0.000000000E+00 3.885200024E-01 -4.197700195E+03 -2.665900000E+05 2.966400146E+02 9.543900299E+01 3.229200134E+02 -4.818299866E+01 9.779199958E-01 3.072899878E-01 2.006599912E-03
 2.275500010E-04 0.000000000E+00 3.881199956E-01 -7.305600098E+03 -2.618100000E+05 2.969500122E+02 1.034599991E+02 3.234700012E+02 -4.390299988E+01 9.921399951E-01 3.056499958E-01 2.016300103E-03
 2.296000021E-04 0.000000000E+00 3.879199922E-01 -1.991300049E+03 -2.626300000E+05 2.971000061E+02 1.109700012E+02 3.242600098E+02 -1.460599995E+01 1.007099986E+00 3.041000068E-01 2.024400048E-03
 2.316500031E-04 0.000000000E+00 3.878700137E-01 5.665700195E+03 -2.605400000E+05 2.971400146E+02 1.176999969E+02 3.249599915E+02 -2.146699905E+01 1.020499945E+00 3.029699922E-01 2.030099975E-03
 2.337000042E-04 0.000000000E+00 3.878200054E-01 9.330400391E+03 -2.510100000E+05 2.971799927E+02 1.241900024E+02 3.255499878E+02 -3.470299911E+01 1.035599947E+00 3.010100126E-01 2.039599931E-03
 2.357500052E-04 0.000000000E+00 3.876599967E-01 4.201900024E+02 -2.457200000E+05 2.972999878E+02 1.307500000E+02 3.263200073E+02 -2.974799919E+01 1.053599954E+00 2.982200086E-01 2.054000041E-03
 2.378000063E-04 0.000000000E+00 3.872599900E-01 -4.630299805E+03 -2.332200000E+05 2.976099854E+02 1.370899963E+02 3.272600098E+02 8.013299942E+00 1.072199941E+00 2.952400148E-01 2.070700051E-03
 2.398499928E-04 0.000000000E+00 3.868800104E-01 6.691000000E+03 -2.151500000E+05 2.978999939E+02 1.433500061E+02 3.279599915E+02 4.290900040E+01 1.091099977E+00 2.920199931E-01 2.089000074E-03
 2.418999939E-04 0.000000000E+00 3.864499927E-01 1.295600000E+04 -1.979500000E+05 2.982300110E+02 1.501699982E+02 3.284700012E+02 4.156200027E+01 1.111999989E+00 2.881700099E-01 2.111299895E-03
 2.439499949E-04 0.000000000E+00 3.860799968E-01 5.794100098E+03 -1.964100000E+05 2.985199890E+02 1.578200073E+02 3.294400024E+02 4.023500061E+01 1.138499975E+00 2.834700048E-01 2.138300100E-03
 2.460000105E-04 0.000000000E+00 3.860299885E-01 9.923599609E+03 -1.885300000E+05 2.985599976E+02 1.657599945E+02 3.303500061E+02 3.801699829E+01 1.166499972E+00 2.787100077E-01 2.164799953E-03
 2.480499970E-04 0.000000000E+00 3.859600127E-01 1.656200000E+04 -1.577600000E+05 2.986199951E+02 1.744700012E+02 3.308399963E+02 4.828599930E+01 1.195999980E+00 2.736899853E-01 2.193900058E-03
 2.501000126E-04 0.000000000E+00 3.857899904E-01 1.663000000E+04 -1.358100000E+05 2.987399902E+02 1.850099945E+02 3.312900085E+02 4.866199875E+01 1.231199980E+00 2.679300010E-01 2.229100093E-03
 2.521499991E-04 0.000000000E+00 3.858200014E-01 2.096300000E+04 -1.285300000E+05 2.987200012E+02 1.962700043E+02 3.318099976E+02 2.171599960E+01 1.268100023E+00 2.626099885E-01 2.261700109E-03
 2.541999856E-04 0.000000000E+00 3.856100142E-01 1.904400000E+04 -1.176500000E+05 2.988800049E+02 2.087299957E+02 3.327300110E+02 -8.981999755E-01 1.308500051E+00 2.575100064E-01 2.295800019E-03
 2.562500013E-04 0.000000000E+00 3.852199912E-01 1.055900000E+04 -1.042500000E+05 2.991799927E+02 2.219799957E+02 3.337699890E+02 -3.828200150E+01 1.350299954E+00 2.527700067E-01 2.329800045E-03
 2.582999878E-04 0.000000000E+00 3.850800097E-01 9.034299805E+03 -8.923600000E+04 2.992900085E+02 2.340599976E+02 3.350400085E+02 -6.718399811E+01 1.387799978E+00 2.494300008E-01 2.353700111E-03
 2.603500034E-04 0.000000000E+00 3.850600123E-01 1.026300000E+04 -6.949300000E+04 2.993099976E+02 2.456199951E+02 3.360799866E+02 -7.109700012E+01 1.423799992E+00 2.463199943E-01 2.375999931E-03
 2.623999899E-04 0.000000000E+00 3.852300048E-01 1.041000000E+04 -5.794100000E+04 2.991799927E+02 2.573800049E+02 3.363200073E+02 -6.923799896E+01 1.459400058E+00 2.431399971E-01 2.398000099E-03
 2.644500055E-04 0.000000000E+00 3.853699863E-01 6.062299805E+03 -3.885000000E+04 2.990700073E+02 2.694700012E+02 3.372900085E+02 -6.855599976E+01 1.496199965E+00 2.406200022E-01 2.415899886E-03
 2.664999920E-04 0.000000000E+00 5.387799740E-01 1.841500000E+03 -1.379200000E+05 3.318399963E+02 9.030899811E+01 2.286000061E+02 2.368199921E+01 8.097500205E-01 3.723100126E-01 1.731300028E-03
 2.050000039E-04 2.300000006E-06 4.695299864E-01 1.153600000E+04 -2.393500000E+05 3.148399963E+02 5.143599987E+00 2.690000000E+02 3.691999817E+01 8.101699948E-01 3.468700051E-01 1.839600038E-03
 2.070500050E-04 2.300000006E-06 4.697200060E-01 5.778299805E+03 -2.345400000E+05 3.149599915E+02 1.051299953E+01 2.687799988E+02 1.866399956E+01 8.086199760E-01 3.477700055E-01 1.836300013E-03
 2.091000060E-04 2.300000006E-06 4.701499939E-01 -3.387300049E+03 -2.249300000E+05 3.149700012E+02 2.108099937E+01 2.689200134E+02 2.676000118E+00 8.093600273E-01 3.489600122E-01 1.830899972E-03
 2.111500071E-04 2.300000006E-06 4.703899920E-01 -1.015799988E+03 -2.123000000E+05 3.146900024E+02 3.123800087E+01 2.694899902E+02 -3.120399952E+00 8.148599863E-01 3.489699960E-01 1.829399960E-03
 2.131999936E-04 2.300000006E-06 4.698700011E-01 -3.085199951E+03 -2.064000000E+05 3.145499878E+02 4.111299896E+01 2.700599976E+02 -4.861499786E+00 8.223599792E-01 3.481900096E-01 1.832099981E-03
 2.152499947E-04 2.300000006E-06 4.688900113E-01 -1.188400000E+04 -2.073600000E+05 3.145199890E+02 5.066400146E+01 2.710499878E+02 2.186599970E+00 8.321700096E-01 3.471600115E-01 1.836500014E-03
 2.172999957E-04 2.300000006E-06 4.681000113E-01 -4.818100098E+03 -2.035000000E+05 3.143999939E+02 5.994400024E+01 2.716499939E+02 -6.748799801E+00 8.425599933E-01 3.458299935E-01 1.841900055E-03
 2.193499968E-04 2.300000006E-06 4.668099880E-01 -1.830000000E+03 -2.019100000E+05 3.144599915E+02 6.928299713E+01 2.721499939E+02 -8.541899681E+00 8.540800214E-01 3.440099955E-01 1.850600005E-03
 2.213999978E-04 2.300000006E-06 4.651800096E-01 -5.902299805E+03 -2.082400000E+05 3.145799866E+02 7.834999847E+01 2.736700134E+02 1.636700034E+00 8.685799837E-01 3.424000144E-01 1.858799951E-03
 2.234499989E-04 2.300000006E-06 4.641300142E-01 -1.884000000E+03 -2.083500000E+05 3.143599854E+02 8.679599762E+01 2.751799927E+02 3.546499833E-02 8.835499883E-01 3.409599960E-01 1.864199992E-03
 2.254999999E-04 2.300000006E-06 4.628199935E-01 -2.302300049E+03 -2.025000000E+05 3.141400146E+02 9.489199829E+01 2.761400146E+02 -1.230099964E+01 8.976500034E-01 3.391200006E-01 1.871600049E-03
 2.275500010E-04 2.300000006E-06 4.612399936E-01 -2.680600098E+03 -1.989400000E+05 3.141000061E+02 1.027699966E+02 2.773200073E+02 -6.671299934E+00 9.127200246E-01 3.371199965E-01 1.881000004E-03
 2.296000021E-04 2.300000006E-06 4.600400031E-01 2.158000000E+03 -1.979000000E+05 3.139100037E+02 1.101699982E+02 2.786700134E+02 4.419199944E+00 9.283800125E-01 3.352999985E-01 1.888699946E-03
 2.316500031E-04 2.300000006E-06 4.584000111E-01 3.917600098E+03 -1.968300000E+05 3.136099854E+02 1.171900024E+02 2.802200012E+02 -8.823599815E+00 9.443200231E-01 3.332700133E-01 1.896800008E-03
 2.337000042E-04 2.300000006E-06 4.563899934E-01 3.641100098E+03 -1.878500000E+05 3.132600098E+02 1.239700012E+02 2.818800049E+02 -1.895599937E+01 9.617000222E-01 3.305200040E-01 1.908299979E-03
 2.357500052E-04 2.300000006E-06 4.541400075E-01 2.585699951E+03 -1.806900000E+05 3.128999939E+02 1.306499939E+02 2.836300049E+02 -4.812099934E+00 9.805200100E-01 3.271799982E-01 1.922899974E-03
 2.378000063E-04 2.300000006E-06 4.516499937E-01 3.166500000E+03 -1.746000000E+05 3.126799927E+02 1.372100067E+02 2.856300049E+02 2.550499916E+01 1.000200033E+00 3.237200081E-01 1.939199981E-03
 2.398499928E-04 2.300000006E-06 4.484499991E-01 4.891100098E+03 -1.664100000E+05 3.124500122E+02 1.437200012E+02 2.877399902E+02 5.290200043E+01 1.020799994E+00 3.196600080E-01 1.959000016E-03
 2.418999939E-04 2.300000006E-06 4.443700016E-01 9.787900391E+03 -1.563500000E+05 3.120100098E+02 1.507100067E+02 2.898599854E+02 5.499200058E+01 1.043599963E+00 3.144600093E-01 1.984199975E-03
 2.439499949E-04 2.300000006E-06 4.399499893E-01 1.436900000E+04 -1.548700000E+05 3.113500061E+02 1.583500061E+02 2.924800110E+02 5.201200104E+01 1.070700049E+00 3.084200025E-01 2.013700083E-03
 2.460000105E-04 2.300000006E-06 4.352799952E-01 1.692500000E+04 -1.529300000E+05 3.105799866E+02 1.663399963E+02 2.955199890E+02 6.363700104E+01 1.100399971E+00 3.021099865E-01 2.045100089E-03
 2.480499970E-04 2.300000006E-06 4.301100075E-01 1.946000000E+04 -1.450600000E+05 3.097099915E+02 1.751600037E+02 2.985100098E+02 8.216500092E+01 1.132500052E+00 2.952699959E-01 2.080499893E-03
 2.501000126E-04 2.300000006E-06 4.242799878E-01 2.245200000E+04 -1.373000000E+05 3.087900085E+02 1.853300018E+02 3.016300049E+02 8.297799683E+01 1.169000030E+00 2.876000106E-01 2.122499980E-03
 2.521499991E-04 2.300000006E-06 4.189999998E-01 2.653300000E+04 -1.343400000E+05 3.076900024E+02 1.960500031E+02 3.048200073E+02 5.794599915E+01 1.207299948E+00 2.803899944E-01 2.162399935E-03
 2.541999856E-04 2.300000006E-06 4.138199985E-01 2.621900000E+04 -1.293700000E+05 3.066600037E+02 2.076399994E+02 3.082799988E+02 3.168499947E+01 1.248299956E+00 2.734900117E-01 2.203200012E-03
 2.562500013E-04 2.300000006E-06 4.084900022E-01 1.936900000E+04 -1.213800000E+05 3.058299866E+02 2.200500031E+02 3.120899963E+02 6.187399864E+00 1.291700006E+00 2.668600082E-01 2.245200099E-03
 2.582999878E-04 2.300000006E-06 4.041999876E-01 1.583000000E+04 -1.144900000E+05 3.050100098E+02 2.318699951E+02 3.161499939E+02 -8.975999832E+00 1.333400011E+00 2.616699934E-01 2.278700005E-03
 2.603500034E-04 2.300000006E-06 4.004499912E-01 1.499600000E+04 -1.020300000E+05 3.042999878E+02 2.432400055E+02 3.198299866E+02 -2.011000061E+01 1.373200059E+00 2.570799887E-01 2.309599891E-03
 2.623999899E-04 2.300000006E-06 3.964900076E-01 1.491100000E+04 -9.562700000E+04 3.032399902E+02 2.548399963E+02 3.229500122E+02 -2.624099922E+01 1.413400054E+00 2.520399988E-01 2.342999913E-03
 2.644500055E-04 2.300000006E-06 3.893899918E-01 2.138600000E+04 -7.608800000E+04 3.012099915E+02 2.689500122E+02 3.266700134E+02 -1.112600040E+01 1.455600023E+00 2.471899986E-01 2.375300042E-03
 2.664999920E-04 2.300000006E-06 3.843399882E-01 2.525600000E+04 -5.882400000E+04 2.998800049E+02 2.771700134E+02 3.288299866E+02 1.977900028E+00 1.477200031E+00 2.449800074E-01 2.390899928E-03
 2.050000039E-04 4.600000011E-06 5.719400048E-01 1.924500000E+04 -1.367000000E+05 3.371900024E+02 4.863999844E+00 2.048399963E+02 2.952099991E+01 6.699299812E-01 4.017600119E-01 1.633399981E-03
 2.070500050E-04 4.600000011E-06 5.723199844E-01 1.309100000E+04 -1.225800000E+05 3.373500061E+02 9.896800041E+00 2.045800018E+02 3.058799934E+01 6.697000265E-01 4.022200108E-01 1.632299973E-03
 2.091000060E-04 4.600000011E-06 5.725799799E-01 4.049600098E+03 -1.091200000E+05 3.373299866E+02 2.006500053E+01 2.047899933E+02 2.500799942E+01 6.728299856E-01 4.023700058E-01 1.631499967E-03
 2.111500071E-04 4.600000011E-06 5.720099807E-01 -3.048099976E+02 -1.102000000E+05 3.370700073E+02 3.029500008E+01 2.058399963E+02 5.453400135E+00 6.805700064E-01 4.016500115E-01 1.632899977E-03
 2.131999936E-04 4.600000011E-06 5.706200004E-01 -5.339299805E+03 -1.064400000E+05 3.368099976E+02 4.018099976E+01 2.072100067E+02 2.692399979E+00 6.906599998E-01 4.003700018E-01 1.636800007E-03
 2.152499947E-04 4.600000011E-06 5.689799786E-01 -8.213599609E+03 -1.049800000E+05 3.364599915E+02 4.961600113E+01 2.086699982E+02 1.009000015E+01 7.021899819E-01 3.987900019E-01 1.641600044E-03
 2.172999957E-04 4.600000011E-06 5.673599839E-01 -5.347200195E+03 -1.028400000E+05 3.361499939E+02 5.893799973E+01 2.098000031E+02 -4.143300056E+00 7.137299776E-01 3.972899914E-01 1.646299963E-03
 2.193499968E-04 4.600000011E-06 5.650299788E-01 3.129699951E+03 -9.781700000E+04 3.358999939E+02 6.799400330E+01 2.110000000E+02 -4.048500061E+00 7.263200283E-01 3.953599930E-01 1.653100015E-03
 2.213999978E-04 4.600000011E-06 5.625699759E-01 1.031500000E+04 -1.000700000E+05 3.357099915E+02 7.670300293E+01 2.129299927E+02 2.062199974E+01 7.417299747E-01 3.934200108E-01 1.660399954E-03
 2.234499989E-04 4.600000011E-06 5.602300167E-01 7.811000000E+03 -1.005400000E+05 3.353099976E+02 8.527700043E+01 2.152299957E+02 2.888400078E+01 7.591500282E-01 3.913199902E-01 1.667300006E-03
 2.254999999E-04 4.600000011E-06 5.571900010E-01 3.036899902E+03 -1.018600000E+05 3.348099976E+02 9.348999786E+01 2.173500061E+02 1.953599930E+01 7.764000297E-01 3.886100054E-01 1.676299958E-03
 2.275500010E-04 4.600000011E-06 5.542500019E-01 2.884199951E+03 -9.937300000E+04 3.343800049E+02 1.011900024E+02 2.193399963E+02 2.489399910E+01 7.931299806E-01 3.860599995E-01 1.685200026E-03
 2.296000021E-04 4.600000011E-06 5.515999794E-01 5.759100098E+03 -9.585000000E+04 3.338399963E+02 1.086500015E+02 2.214299927E+02 3.492699814E+01 8.105199933E-01 3.835799992E-01 1.693199971E-03
 2.316500031E-04 4.600000011E-06 5.478600264E-01 7.608399902E+03 -1.005900000E+05 3.332000122E+02 1.160999985E+02 2.241399994E+02 3.266699982E+01 8.302900195E-01 3.802599907E-01 1.704699942E-03
 2.337000042E-04 4.600000011E-06 5.436499715E-01 9.378200195E+03 -9.460600000E+04 3.324100037E+02 1.233099976E+02 2.269700012E+02 2.193400002E+01 8.506399989E-01 3.764399886E-01 1.717900042E-03
 2.357500052E-04 4.600000011E-06 5.392900109E-01 1.169300000E+04 -8.494900000E+04 3.315599976E+02 1.302700043E+02 2.296699982E+02 3.215499878E+01 8.706499934E-01 3.724699914E-01 1.731800032E-03
 2.378000063E-04 4.600000011E-06 5.344200134E-01 1.165000000E+04 -8.384700000E+04 3.306700134E+02 1.372599945E+02 2.328600006E+02 5.220199966E+01 8.924700022E-01 3.681100011E-01 1.747500035E-03
 2.398499928E-04 4.600000011E-06 5.280399919E-01 7.518000000E+03 -8.553500000E+04 3.298099976E+02 1.444199982E+02 2.364299927E+02 6.332600021E+01 9.159500003E-01 3.627600074E-01 1.768699964E-03
 2.418999939E-04 4.600000011E-06 5.204200149E-01 1.171500000E+04 -8.364100000E+04 3.286499939E+02 1.517200012E+02 2.399799957E+02 7.095400238E+01 9.403300285E-01 3.562699854E-01 1.794700045E-03
 2.439499949E-04 4.600000011E-06 5.122699738E-01 2.104200000E+04 -8.463600000E+04 3.271499939E+02 1.593200073E+02 2.439299927E+02 6.701999664E+01 9.671599865E-01 3.490999937E-01 1.823400031E-03
 2.460000105E-04 4.600000011E-06 5.028899908E-01 2.062700000E+04 -9.039200000E+04 3.256600037E+02 1.674900055E+02 2.487400055E+02 8.430500031E+01 9.977499843E-01 3.411700130E-01 1.857500058E-03
 2.480499970E-04 4.600000011E-06 4.927299917E-01 2.511600000E+04 -9.852000000E+04 3.238699951E+02 1.762799988E+02 2.536499939E+02 1.050699997E+02 1.030599952E+00 3.324399889E-01 1.896000002E-03
 2.501000126E-04 4.600000011E-06 4.815500081E-01 2.753700000E+04 -1.062800000E+05 3.221300049E+02 1.858300018E+02 2.588099976E+02 1.051699982E+02 1.065999985E+00 3.231599927E-01 1.940299990E-03
 2.521499991E-04 4.600000011E-06 4.709100127E-01 2.853500000E+04 -1.120300000E+05 3.202699890E+02 1.957599945E+02 2.641199951E+02 8.229000092E+01 1.103199959E+00 3.142099977E-01 1.984199975E-03
 2.541999856E-04 4.600000011E-06 4.607200027E-01 3.275100000E+04 -1.090000000E+05 3.181600037E+02 2.061399994E+02 2.696099854E+02 5.674200058E+01 1.142600060E+00 3.054000139E-01 2.028299961E-03
 2.562500013E-04 4.600000011E-06 4.501799941E-01 2.466500000E+04 -1.107800000E+05 3.163399963E+02 2.171699982E+02 2.757000122E+02 6.483399963E+01 1.184900045E+00 2.967100143E-01 2.075799974E-03
 2.582999878E-04 4.600000011E-06 4.412199855E-01 2.090500000E+04 -1.164100000E+05 3.147099915E+02 2.281499939E+02 2.820899963E+02 6.311199951E+01 1.228099942E+00 2.893100083E-01 2.117800061E-03
 2.603500034E-04 4.600000011E-06 4.329699874E-01 2.080700000E+04 -1.130000000E+05 3.130799866E+02 2.390899963E+02 2.886700134E+02 3.949499893E+01 1.271999955E+00 2.824200094E-01 2.157999901E-03
 2.623999899E-04 4.600000011E-06 4.235300124E-01 2.516200000E+04 -1.122800000E+05 3.109800110E+02 2.507200012E+02 2.952300110E+02 3.957600021E+01 1.318799973E+00 2.743999958E-01 2.205800032E-03
 2.644500055E-04 4.600000011E-06 4.012100101E-01 5.195400000E+04 -9.114900000E+04 3.049299927E+02 2.717799988E+02 3.025199890E+02 8.733300018E+01 1.372300029E+00 2.650400102E-01 2.261500107E-03
 2.664999920E-04 4.600000011E-06 3.840000033E-01 7.103000000E+04 -7.132600000E+04 3.001400146E+02 2.867500000E+02 3.065599976E+02 1.253199997E+02 1.401299953E+00 2.600899935E-01 2.290900098E-03
 2.050000039E-04 6.899999789E-06 6.061699986E-01 1.276000000E+04 -8.848100000E+04 3.431600037E+02 4.672800064E+00 1.820599976E+02 2.099300003E+01 5.901100039E-01 4.332199991E-01 1.539499965E-03
 2.070500050E-04 6.899999789E-06 6.066300273E-01 5.614600098E+03 -7.719500000E+04 3.431300049E+02 9.640800476E+00 1.818500061E+02 3.543399811E+01 5.903099775E-01 4.335100055E-01 1.538299955E-03
 2.091000060E-04 6.899999789E-06 6.061400175E-01 2.087899902E+03 -7.033000000E+04 3.428900146E+02 1.970599937E+01 1.821799927E+02 4.195600128E+01 5.942000151E-01 4.328599870E-01 1.539499965E-03
 2.111500071E-04 6.899999789E-06 6.047700047E-01 2.951600098E+03 -7.383500000E+04 3.426799927E+02 2.973699951E+01 1.835200043E+02 2.191399956E+01 6.030099988E-01 4.316099882E-01 1.542999991E-03
 2.131999936E-04 6.899999789E-06 6.034700274E-01 3.142300049E+03 -6.743000000E+04 3.424500122E+02 3.937300110E+01 1.854100037E+02 1.419999981E+01 6.149899960E-01 4.304000139E-01 1.546400017E-03
 2.152499947E-04 6.899999789E-06 6.016499996E-01 5.707899902E+03 -6.236300000E+04 3.419400024E+02 4.876300049E+01 1.870700073E+02 1.009000015E+01 6.277099848E-01 4.284600019E-01 1.551000052E-03
 2.172999957E-04 6.899999789E-06 5.993300080E-01 3.424800049E+03 -6.275000000E+04 3.414599915E+02 5.802799988E+01 1.884600067E+02 3.825999975E+00 6.406900287E-01 4.262000024E-01 1.556999981E-03
 2.193499968E-04 6.899999789E-06 5.967800021E-01 1.392700000E+04 -5.760000000E+04 3.409800110E+02 6.688500214E+01 1.902700043E+02 4.881499767E+00 6.557199955E-01 4.237799942E-01 1.563600032E-03
 2.213999978E-04 6.899999789E-06 5.939700007E-01 1.775900000E+04 -5.354500000E+04 3.406300049E+02 7.538300323E+01 1.924499969E+02 2.012000084E+01 6.722900271E-01 4.213500023E-01 1.570999972E-03
 2.234499989E-04 6.899999789E-06 5.905600190E-01 3.530300049E+03 -5.698600000E+04 3.403699951E+02 8.387200165E+01 1.950599976E+02 3.555199814E+01 6.909000278E-01 4.186199903E-01 1.580000040E-03
 2.254999999E-04 6.899999789E-06 5.872700214E-01 4.683500000E+03 -5.851600000E+04 3.398399963E+02 9.215699768E+01 1.978500061E+02 3.168400002E+01 7.107300162E-01 4.156399965E-01 1.588799991E-03
 2.275500010E-04 6.899999789E-06 5.840499997E-01 1.151600000E+04 -5.421500000E+04 3.392699890E+02 9.989399719E+01 2.001300049E+02 3.874000168E+01 7.289599776E-01 4.126699865E-01 1.597600058E-03
 2.296000021E-04 6.899999789E-06 5.805199742E-01 1.336300000E+04 -5.249300000E+04 3.386099854E+02 1.074100037E+02 2.025399933E+02 6.154999924E+01 7.478899956E-01 4.093700051E-01 1.607300015E-03
 2.316500031E-04 6.899999789E-06 5.762699842E-01 1.867500000E+04 -5.579600000E+04 3.377799988E+02 1.150100021E+02 2.056999969E+02 7.345899963E+01 7.697100043E-01 4.053699970E-01 1.619099989E-03
 2.337000042E-04 6.899999789E-06 5.716900229E-01 2.310200000E+04 -5.082400000E+04 3.370000000E+02 1.225199966E+02 2.087799988E+02 6.921900177E+01 7.915400267E-01 4.012199938E-01 1.632099971E-03
 2.357500052E-04 6.899999789E-06 5.670899749E-01 1.848200000E+04 -4.563600000E+04 3.362000122E+02 1.297400055E+02 2.115899963E+02 5.698400116E+01 8.125399947E-01 3.970499933E-01 1.645299955E-03
 2.378000063E-04 6.899999789E-06 5.617399812E-01 9.107200195E+03 -4.584900000E+04 3.352000122E+02 1.370000000E+02 2.148800049E+02 4.747700119E+01 8.355100155E-01 3.921400011E-01 1.660999958E-03
 2.398499928E-04 6.899999789E-06 5.550000072E-01 7.909500000E+03 -4.876600000E+04 3.341799927E+02 1.446799927E+02 2.186000061E+02 5.470999908E+01 8.607599735E-01 3.862499893E-01 1.681199996E-03
 2.418999939E-04 6.899999789E-06 5.473399758E-01 1.142200000E+04 -4.997300000E+04 3.330599976E+02 1.523500061E+02 2.220700073E+02 7.372100067E+01 8.858000040E-01 3.796400130E-01 1.704799943E-03
 2.439499949E-04 6.899999789E-06 5.395600200E-01 1.460400000E+04 -4.863200000E+04 3.317000122E+02 1.600200043E+02 2.256000061E+02 7.560500336E+01 9.115800261E-01 3.727200031E-01 1.729400014E-03
 2.460000105E-04 6.899999789E-06 5.309399962E-01 1.462900000E+04 -5.219000000E+04 3.303599854E+02 1.681699982E+02 2.294100037E+02 7.281900024E+01 9.394299984E-01 3.652899861E-01 1.757599995E-03
 2.480499970E-04 6.899999789E-06 5.218999982E-01 2.283200000E+04 -4.981200000E+04 3.288299866E+02 1.766999969E+02 2.332400055E+02 7.062999725E+01 9.686700106E-01 3.574300110E-01 1.788199996E-03
 2.501000126E-04 6.899999789E-06 5.119900107E-01 2.509000000E+04 -5.296500000E+04 3.272799988E+02 1.857100067E+02 2.372100067E+02 7.545300293E+01 9.996500015E-01 3.489800096E-01 1.823100029E-03
 2.521499991E-04 6.899999789E-06 5.015900135E-01 2.379400000E+04 -6.422400000E+04 3.257500000E+02 1.951799927E+02 2.414400024E+02 5.846699905E+01 1.032600045E+00 3.402999938E-01 1.860899967E-03
 2.541999856E-04 6.899999789E-06 4.916099906E-01 2.718000000E+04 -6.612800000E+04 3.240899963E+02 2.049799957E+02 2.460200043E+02 4.008100128E+01 1.067800045E+00 3.318400085E-01 1.898800023E-03
 2.562500013E-04 6.899999789E-06 4.814099967E-01 2.105300000E+04 -7.311000000E+04 3.225400085E+02 2.150399933E+02 2.511000061E+02 6.210599899E+01 1.105100036E+00 3.234199882E-01 1.939199981E-03
 2.582999878E-04 6.899999789E-06 4.719499946E-01 2.311700000E+04 -7.743900000E+04 3.210299988E+02 2.251900024E+02 2.566799927E+02 6.229600143E+01 1.144000053E+00 3.155800104E-01 1.978100045E-03
 2.603500034E-04 6.899999789E-06 4.625999928E-01 2.584300000E+04 -7.158300000E+04 3.192099915E+02 2.359499969E+02 2.631099854E+02 5.761100006E+01 1.187500000E+00 3.075700104E-01 2.018100116E-03
 2.623999899E-04 6.899999789E-06 4.513399899E-01 3.539500000E+04 -6.483600000E+04 3.167799988E+02 2.481300049E+02 2.702099915E+02 7.637400055E+01 1.237400055E+00 2.978099883E-01 2.068599919E-03
 2.644500055E-04 6.899999789E-06 4.152100086E-01 7.119000000E+04 -4.610600000E+04 3.072399902E+02 2.778800049E+02 2.787300110E+02 1.432299957E+02 1.302099943E+00 2.841899991E-01 2.141000004E-03
 2.664999920E-04 6.899999789E-06 3.853600025E-01 9.549600000E+04 -3.270200000E+04 2.990799866E+02 3.011000061E+02 2.836400146E+02 1.962799988E+02 1.340299964E+00 2.760199904E-01 2.184499986E-03
 2.050000039E-04 9.200000022E-06 6.281300187E-01 1.435199951E+03 -6.835700000E+04 3.470299988E+02 4.744400024E+00 1.648000031E+02 1.330799961E+01 5.311899781E-01 4.539499879E-01 1.485400018E-03
 2.070500050E-04 9.200000022E-06 6.283000112E-01 -3.553699951E+03 -6.079400000E+04 3.469800110E+02 9.739899635E+00 1.646100006E+02 2.563899994E+01 5.315600038E-01 4.540100098E-01 1.485000015E-03
 2.091000060E-04 9.200000022E-06 6.273800135E-01 -5.725200195E+03 -5.720700000E+04 3.467399902E+02 1.966399956E+01 1.650200043E+02 4.240700150E+01 5.359200239E-01 4.530200064E-01 1.487200032E-03
 2.111500071E-04 9.200000022E-06 6.255900264E-01 3.175600098E+03 -5.691400000E+04 3.463200073E+02 2.939100075E+01 1.666300049E+02 4.204000092E+01 5.459200144E-01 4.511899948E-01 1.491399948E-03
 2.131999936E-04 9.200000022E-06 6.241400242E-01 7.857299805E+03 -5.014000000E+04 3.460000000E+02 3.897200012E+01 1.688300018E+02 3.741400146E+01 5.592799783E-01 4.497199953E-01 1.494799973E-03
 2.152499947E-04 9.200000022E-06 6.219999790E-01 9.845900391E+03 -5.317400000E+04 3.455400085E+02 4.845500183E+01 1.707899933E+02 3.159799957E+01 5.734199882E-01 4.475800097E-01 1.500000013E-03
 2.172999957E-04 9.200000022E-06 6.189600229E-01 1.290000000E+04 -5.495100000E+04 3.449299927E+02 5.757300186E+01 1.728000031E+02 1.662100029E+01 5.887899995E-01 4.445999861E-01 1.507299952E-03
 2.193499968E-04 9.200000022E-06 6.157199740E-01 1.797900000E+04 -4.843000000E+04 3.443200073E+02 6.618399811E+01 1.753000031E+02 1.746699905E+01 6.062300205E-01 4.415000081E-01 1.515200012E-03
 2.213999978E-04 9.200000022E-06 6.120499969E-01 1.351500000E+04 -4.550100000E+04 3.437999878E+02 7.459799957E+01 1.778399963E+02 3.552600098E+01 6.244099736E-01 4.381999969E-01 1.524299965E-03
 2.234499989E-04 9.200000022E-06 6.079300046E-01 -2.922999954E+01 -4.658200000E+04 3.434500122E+02 8.295899963E+01 1.806999969E+02 5.230400085E+01 6.440399885E-01 4.348100126E-01 1.534600044E-03
 2.254999999E-04 9.200000022E-06 6.045200229E-01 2.752300049E+03 -4.658000000E+04 3.428800049E+02 9.113600159E+01 1.839299927E+02 6.158399963E+01 6.654400229E-01 4.316500127E-01 1.543299994E-03
 2.275500010E-04 9.200000022E-06 6.006199718E-01 1.020000000E+04 -4.591100000E+04 3.422099915E+02 9.902999878E+01 1.868600006E+02 7.461100006E+01 6.862000227E-01 4.280399978E-01 1.553299953E-03
 2.296000021E-04 9.200000022E-06 5.962799788E-01 1.746900000E+04 -3.964600000E+04 3.414100037E+02 1.065800018E+02 1.895700073E+02 8.103099823E+01 7.064800262E-01 4.239400029E-01 1.564600039E-03
 2.316500031E-04 9.200000022E-06 5.919299722E-01 2.227400000E+04 -3.589800000E+04 3.403500061E+02 1.140899963E+02 1.927299957E+02 7.595300293E+01 7.286900282E-01 4.195500016E-01 1.576100010E-03
 2.337000042E-04 9.200000022E-06 5.871800184E-01 2.275500000E+04 -3.284600000E+04 3.395299988E+02 1.215999985E+02 1.960500031E+02 8.265200043E+01 7.514899969E-01 4.151700139E-01 1.588799991E-03
 2.357500052E-04 9.200000022E-06 5.818300247E-01 1.994500000E+04 -3.435100000E+04 3.388099976E+02 1.291600037E+02 1.993800049E+02 6.930000305E+01 7.746400237E-01 4.105100036E-01 1.603399985E-03
 2.378000063E-04 9.200000022E-06 5.760499835E-01 1.236000000E+04 -4.183700000E+04 3.377900085E+02 1.366699982E+02 2.027599945E+02 3.733000183E+01 7.985500097E-01 4.052099884E-01 1.619499992E-03
 2.398499928E-04 9.200000022E-06 5.697500110E-01 7.223799805E+03 -4.000100000E+04 3.367000122E+02 1.443800049E+02 2.062899933E+02 4.609400177E+01 8.236399889E-01 3.994899988E-01 1.637400012E-03
 2.418999939E-04 9.200000022E-06 5.622699857E-01 5.591500000E+03 -3.659900000E+04 3.356300049E+02 1.523600006E+02 2.098600006E+02 6.700199890E+01 8.496599793E-01 3.930000067E-01 1.659299945E-03
 2.439499949E-04 9.200000022E-06 5.549700260E-01 1.505300000E+04 -3.250200000E+04 3.342699890E+02 1.600299988E+02 2.132200012E+02 7.799700165E+01 8.752099872E-01 3.863300085E-01 1.681099995E-03
 2.460000105E-04 9.200000022E-06 5.472599864E-01 1.611800000E+04 -3.301900000E+04 3.329400024E+02 1.679600067E+02 2.162700043E+02 7.040699768E+01 9.007800221E-01 3.794299960E-01 1.704899943E-03
 2.480499970E-04 9.200000022E-06 5.390899777E-01 1.758500000E+04 -2.942300000E+04 3.316000061E+02 1.762899933E+02 2.194799957E+02 4.676599884E+01 9.279000163E-01 3.722699881E-01 1.730700023E-03
 2.501000126E-04 9.200000022E-06 5.301899910E-01 2.730500000E+04 -2.687600000E+04 3.301499939E+02 1.849400024E+02 2.228300018E+02 4.503599930E+01 9.566000104E-01 3.645200133E-01 1.759800012E-03
 2.521499991E-04 9.200000022E-06 5.202599764E-01 2.447400000E+04 -3.831800000E+04 3.287300110E+02 1.941199951E+02 2.263399963E+02 3.345500183E+01 9.871299863E-01 3.561600149E-01 1.793400035E-03
 2.541999856E-04 9.200000022E-06 5.108199716E-01 1.608900000E+04 -4.398400000E+04 3.273699951E+02 2.034199982E+02 2.302799988E+02 3.177899933E+01 1.019299984E+00 3.482500017E-01 1.826600055E-03
 2.562500013E-04 9.200000022E-06 5.016999841E-01 1.504900000E+04 -4.711300000E+04 3.260100098E+02 2.127899933E+02 2.345299988E+02 4.438600159E+01 1.052700043E+00 3.406200111E-01 1.859799959E-03
 2.582999878E-04 9.200000022E-06 4.925299883E-01 2.138300000E+04 -4.519700000E+04 3.244599915E+02 2.225200043E+02 2.393300018E+02 4.525500107E+01 1.088899970E+00 3.328100145E-01 1.894499990E-03
 2.603500034E-04 9.200000022E-06 4.825400114E-01 2.953100000E+04 -3.439200000E+04 3.225899963E+02 2.333600006E+02 2.451699982E+02 6.417900085E+01 1.131199956E+00 3.241800070E-01 1.933800057E-03
 2.623999899E-04 9.200000022E-06 4.699600041E-01 5.031200000E+04 -2.692300000E+04 3.198500061E+02 2.463300018E+02 2.522299957E+02 9.259600067E+01 1.183300018E+00 3.130500019E-01 1.985700103E-03
 2.644500055E-04 9.200000022E-06 4.247899950E-01 9.030700000E+04 -1.843300000E+04 3.080799866E+02 2.819899902E+02 2.610100098E+02 1.508600006E+02 1.257200003E+00 2.957499921E-01 2.071500057E-03
 2.664999920E-04 9.200000022E-06 3.867599964E-01 1.153200000E+05 -1.350000000E+04 2.979899902E+02 3.105499878E+02 2.660199890E+02 1.986999969E+02 1.302299976E+00 2.848399878E-01 2.127199899E-03
 2.050000039E-04 1.150000026E-05 6.453999877E-01 5.828799805E+03 -6.273600000E+04 3.499100037E+02 5.047800064E+00 1.492899933E+02 2.158499908E+01 4.792900085E-01 4.702799916E-01 1.445499947E-03
 2.070500050E-04 1.150000026E-05 6.450099945E-01 6.570200195E+03 -5.400000000E+04 3.499400024E+02 1.015600014E+01 1.492200012E+02 2.739100075E+01 4.801500142E-01 4.700500071E-01 1.446399954E-03
 2.091000060E-04 1.150000026E-05 6.436100006E-01 5.479500000E+03 -4.664100000E+04 3.497500000E+02 2.017200089E+01 1.499900055E+02 3.792100143E+01 4.859600067E-01 4.687699974E-01 1.449499978E-03
 2.111500071E-04 1.150000026E-05 6.414200068E-01 3.548000000E+03 -4.659500000E+04 3.492000122E+02 2.976799965E+01 1.520599976E+02 5.345999908E+01 4.978800118E-01 4.664500058E-01 1.454400015E-03
 2.131999936E-04 1.150000026E-05 6.393200159E-01 -1.707400055E+02 -4.403500000E+04 3.487099915E+02 3.919499969E+01 1.543800049E+02 5.361399841E+01 5.121399760E-01 4.642699957E-01 1.459200052E-03
 2.152499947E-04 1.150000026E-05 6.365699768E-01 4.731600098E+03 -4.305100000E+04 3.481499939E+02 4.851699829E+01 1.567899933E+02 4.359999847E+01 5.281299949E-01 4.615300000E-01 1.465499983E-03
 2.172999957E-04 1.150000026E-05 6.331400275E-01 8.189000000E+03 -4.419800000E+04 3.474400024E+02 5.743700027E+01 1.595000000E+02 3.472800064E+01 5.460100174E-01 4.580900073E-01 1.473400043E-03
 2.193499968E-04 1.150000026E-05 6.296600103E-01 5.938899902E+03 -4.022500000E+04 3.467699890E+02 6.602799988E+01 1.624100037E+02 3.741400146E+01 5.651999712E-01 4.546999931E-01 1.481599989E-03
 2.213999978E-04 1.150000026E-05 6.256099939E-01 8.679799805E+03 -3.413600000E+04 3.462200012E+02 7.437799835E+01 1.653899994E+02 5.062900162E+01 5.850600004E-01 4.510500133E-01 1.491199946E-03
 2.234499989E-04 1.150000026E-05 6.212300062E-01 6.578299805E+03 -3.091000000E+04 3.455799866E+02 8.247399902E+01 1.683899994E+02 5.990399933E+01 6.054499745E-01 4.470799863E-01 1.501700026E-03
 2.254999999E-04 1.150000026E-05 6.170899868E-01 1.559099976E+03 -3.392000000E+04 3.449299927E+02 9.036799622E+01 1.718600006E+02 7.729799652E+01 6.275600195E-01 4.432500005E-01 1.511699986E-03
 2.275500010E-04 1.150000026E-05 6.127600074E-01 3.736600098E+03 -3.664000000E+04 3.442300110E+02 9.822899628E+01 1.754199982E+02 8.597499847E+01 6.504399776E-01 4.392499924E-01 1.522399951E-03
 2.296000021E-04 1.150000026E-05 6.080300212E-01 1.589400000E+04 -2.600300000E+04 3.433099976E+02 1.059199982E+02 1.785000000E+02 6.437400055E+01 6.724100113E-01 4.347000122E-01 1.534300041E-03
 2.316500031E-04 1.150000026E-05 6.031699777E-01 1.662000000E+04 -2.469700000E+04 3.423500061E+02 1.133399963E+02 1.817500000E+02 4.789400101E+01 6.948599815E-01 4.300200045E-01 1.546600019E-03
 2.337000042E-04 1.150000026E-05 5.981900096E-01 1.644600000E+04 -2.930200000E+04 3.414700012E+02 1.208000031E+02 1.851300049E+02 5.979299927E+01 7.180299759E-01 4.253700078E-01 1.559500000E-03
 2.357500052E-04 1.150000026E-05 5.921199918E-01 1.848100000E+04 -3.185300000E+04 3.406799927E+02 1.286000061E+02 1.887899933E+02 6.399499893E+01 7.428399920E-01 4.200800061E-01 1.575500006E-03
 2.378000063E-04 1.150000026E-05 5.860300064E-01 1.639700000E+04 -3.947900000E+04 3.397099915E+02 1.363000031E+02 1.924199982E+02 4.927399826E+01 7.678999901E-01 4.145799875E-01 1.591800014E-03
 2.398499928E-04 1.150000026E-05 5.802099705E-01 1.591000000E+04 -3.410500000E+04 3.386099854E+02 1.439600067E+02 1.956799927E+02 5.058800125E+01 7.924000025E-01 4.091300070E-01 1.607800019E-03
 2.418999939E-04 1.150000026E-05 5.731999874E-01 1.331600000E+04 -2.170700000E+04 3.374400024E+02 1.519799957E+02 1.991999969E+02 6.362300110E+01 8.186699748E-01 4.027900100E-01 1.627500053E-03
 2.439499949E-04 1.150000026E-05 5.662099719E-01 2.144400000E+04 -2.299700000E+04 3.360799866E+02 1.597299957E+02 2.026699982E+02 8.058499908E+01 8.448699713E-01 3.962799907E-01 1.647599973E-03
 2.460000105E-04 1.150000026E-05 5.586400032E-01 2.388500000E+04 -2.729400000E+04 3.347799988E+02 1.675000000E+02 2.056499939E+02 7.042700195E+01 8.700799942E-01 3.894599974E-01 1.670000027E-03
 2.480499970E-04 1.150000026E-05 5.502300262E-01 2.003800000E+04 -2.476600000E+04 3.333900146E+02 1.757200012E+02 2.086300049E+02 4.704100037E+01 8.966699839E-01 3.820100129E-01 1.695499988E-03
 2.501000126E-04 1.150000026E-05 5.413500071E-01 2.599800000E+04 -2.079700000E+04 3.319400024E+02 1.844100037E+02 2.119600067E+02 4.114500046E+01 9.255700111E-01 3.742100000E-01 1.723399968E-03
 2.521499991E-04 1.150000026E-05 5.321900249E-01 2.509700000E+04 -2.036400000E+04 3.305799866E+02 1.931799927E+02 2.151100006E+02 3.050499916E+01 9.544299841E-01 3.663699925E-01 1.753099961E-03
 2.541999856E-04 1.150000026E-05 5.233399868E-01 1.568600000E+04 -1.968200000E+04 3.292500000E+02 2.018800049E+02 2.185099945E+02 3.015299988E+01 9.840599895E-01 3.588300049E-01 1.782699954E-03
 2.562500013E-04 1.150000026E-05 5.146700144E-01 1.743700000E+04 -2.363500000E+04 3.278200073E+02 2.108200073E+02 2.223999939E+02 4.342900085E+01 1.015900016E+00 3.513500094E-01 1.812799950E-03
 2.582999878E-04 1.150000026E-05 5.054200292E-01 2.289500000E+04 -2.326500000E+04 3.262300110E+02 2.203500061E+02 2.267599945E+02 6.514800262E+01 1.050699949E+00 3.433699906E-01 1.845999970E-03
 2.603500034E-04 1.150000026E-05 4.942899942E-01 3.190200000E+04 -1.081300000E+04 3.242600098E+02 2.313000031E+02 2.322700043E+02 8.849299622E+01 1.092599988E+00 3.337799907E-01 1.887600054E-03
 2.623999899E-04 1.150000026E-05 4.799099863E-01 6.015600000E+04 -7.871799805E+03 3.211400146E+02 2.451399994E+02 2.390800018E+02 1.119400024E+02 1.146999955E+00 3.209699988E-01 1.944400021E-03
 2.644500055E-04 1.150000026E-05 4.297800064E-01 1.060900000E+05 -9.976500000E+03 3.081799927E+02 2.840700073E+02 2.474100037E+02 1.415899963E+02 1.226300001E+00 3.010300100E-01 2.039599931E-03
 2.664999920E-04 1.150000026E-05 3.878799975E-01 1.336000000E+05 -9.856799805E+03 2.971400146E+02 3.151000061E+02 2.520700073E+02 1.620000000E+02 1.274700046E+00 2.885299921E-01 2.101500053E-03
 2.050000039E-04 1.379999958E-05 6.596500278E-01 7.308700195E+03 -5.548800000E+04 3.524899902E+02 5.311299801E+00 1.342599945E+02 2.944700050E+01 4.295499921E-01 4.842100143E-01 1.414200058E-03
 2.070500050E-04 1.379999958E-05 6.588000059E-01 9.670400391E+03 -5.247300000E+04 3.524500122E+02 1.067899990E+01 1.345800018E+02 3.157500076E+01 4.319500029E-01 4.835300148E-01 1.416099956E-03
 2.091000060E-04 1.379999958E-05 6.570400000E-01 1.564700000E+04 -4.322000000E+04 3.521099854E+02 2.103199959E+01 1.360399933E+02 5.675500107E+01 4.405899942E-01 4.817700088E-01 1.419799984E-03
 2.111500071E-04 1.379999958E-05 6.547399759E-01 1.363400000E+04 -4.001300000E+04 3.515799866E+02 3.078700066E+01 1.385200043E+02 8.262400055E+01 4.544799924E-01 4.793600142E-01 1.424800023E-03
 2.131999936E-04 1.379999958E-05 6.518800259E-01 1.039700000E+04 -3.928200000E+04 3.509899902E+02 4.020899963E+01 1.411699982E+02 7.267400360E+01 4.704700112E-01 4.764800072E-01 1.431099954E-03
 2.152499947E-04 1.379999958E-05 6.479799747E-01 1.097700000E+04 -2.956000000E+04 3.503399963E+02 4.935499954E+01 1.443099976E+02 6.133000183E+01 4.892599881E-01 4.727399945E-01 1.439700020E-03
 2.172999957E-04 1.379999958E-05 6.440799832E-01 1.125500000E+04 -3.339000000E+04 3.495799866E+02 5.807099915E+01 1.475200043E+02 6.898200226E+01 5.091099739E-01 4.688799977E-01 1.448399969E-03
 2.193499968E-04 1.379999958E-05 6.408299804E-01 8.705400391E+03 -3.467300000E+04 3.487000122E+02 6.647299957E+01 1.506799927E+02 6.847399902E+01 5.294799805E-01 4.653300047E-01 1.455700025E-03
 2.213999978E-04 1.379999958E-05 6.366900206E-01 6.769500000E+03 -2.427400000E+04 3.478500061E+02 7.458399963E+01 1.541000061E+02 5.926900101E+01 5.510399938E-01 4.611999989E-01 1.465199981E-03
 2.234499989E-04 1.379999958E-05 6.318200231E-01 1.157700000E+04 -2.354500000E+04 3.472099915E+02 8.246399689E+01 1.574199982E+02 6.288399887E+01 5.724999905E-01 4.568299949E-01 1.476499951E-03
 2.254999999E-04 1.379999958E-05 6.269800067E-01 1.011800000E+04 -2.661900000E+04 3.466000061E+02 9.024400330E+01 1.611199951E+02 7.388700104E+01 5.954399705E-01 4.525400102E-01 1.487900037E-03
 2.275500010E-04 1.379999958E-05 6.224700212E-01 1.110900000E+04 -2.820600000E+04 3.458299866E+02 9.789800262E+01 1.648999939E+02 7.482700348E+01 6.190000176E-01 4.482800066E-01 1.498600002E-03
 2.296000021E-04 1.379999958E-05 6.174700260E-01 1.405700000E+04 -2.180000000E+04 3.448800049E+02 1.054800034E+02 1.683699951E+02 5.576200104E+01 6.421800256E-01 4.434599876E-01 1.510799979E-03
 2.316500031E-04 1.379999958E-05 6.121399999E-01 1.134600000E+04 -2.359700000E+04 3.439299927E+02 1.129100037E+02 1.719199982E+02 5.238199997E+01 6.657099724E-01 4.384199977E-01 1.523899962E-03
 2.337000042E-04 1.379999958E-05 6.068599820E-01 1.141700000E+04 -3.178200000E+04 3.430799866E+02 1.204300003E+02 1.752599945E+02 7.168000031E+01 6.891000271E-01 4.335699975E-01 1.537199947E-03
 2.357500052E-04 1.379999958E-05 6.008399725E-01 1.294900000E+04 -2.396300000E+04 3.421300049E+02 1.281699982E+02 1.788200073E+02 7.496299744E+01 7.139400244E-01 4.280799925E-01 1.552599948E-03
 2.378000063E-04 1.379999958E-05 5.947999954E-01 1.801800000E+04 -2.098900000E+04 3.411799927E+02 1.358600006E+02 1.825899963E+02 7.038899994E+01 7.395399809E-01 4.225899875E-01 1.568399952E-03
 2.398499928E-04 1.379999958E-05 5.886399746E-01 2.298000000E+04 -2.734200000E+04 3.400899963E+02 1.434299927E+02 1.860099945E+02 6.120600128E+01 7.644699812E-01 4.168899953E-01 1.584799960E-03
 2.418999939E-04 1.379999958E-05 5.814599991E-01 1.358900000E+04 -1.956000000E+04 3.389500122E+02 1.512700043E+02 1.895899963E+02 5.231000137E+01 7.907000184E-01 4.104200006E-01 1.604399993E-03
 2.439499949E-04 1.379999958E-05 5.745999813E-01 1.648100000E+04 -2.023900000E+04 3.376499939E+02 1.591699982E+02 1.931499939E+02 6.781600189E+01 8.175399899E-01 4.040299952E-01 1.623500022E-03
 2.460000105E-04 1.379999958E-05 5.670899749E-01 2.581700000E+04 -2.910100000E+04 3.362600098E+02 1.671399994E+02 1.963399963E+02 6.286500168E+01 8.439599872E-01 3.971000016E-01 1.645099954E-03
 2.480499970E-04 1.379999958E-05 5.583699942E-01 2.266400000E+04 -2.899000000E+04 3.349100037E+02 1.754100037E+02 1.993200073E+02 4.109000015E+01 8.708000183E-01 3.894299865E-01 1.670700032E-03
 2.501000126E-04 1.379999958E-05 5.495600104E-01 2.258800000E+04 -1.851000000E+04 3.333800049E+02 1.838800049E+02 2.025700073E+02 3.932199860E+01 8.993099928E-01 3.815299869E-01 1.697600004E-03
 2.521499991E-04 1.379999958E-05 5.409899950E-01 2.133900000E+04 -1.066400000E+04 3.319800110E+02 1.921699982E+02 2.057400055E+02 4.116299820E+01 9.273899794E-01 3.740000129E-01 1.724399976E-03
 2.541999856E-04 1.379999958E-05 5.326200128E-01 1.727500000E+04 -1.277000000E+04 3.307099915E+02 2.004299927E+02 2.087799988E+02 3.866899872E+01 9.551699758E-01 3.668099940E-01 1.751499949E-03
 2.562500013E-04 1.379999958E-05 5.237600207E-01 2.268200000E+04 -1.622700000E+04 3.291099854E+02 2.092500000E+02 2.124400024E+02 5.393399811E+01 9.865300059E-01 3.589699864E-01 1.781199942E-03
 2.582999878E-04 1.379999958E-05 5.137000084E-01 3.292400000E+04 -1.745400000E+04 3.272699890E+02 2.189799957E+02 2.168200073E+02 8.056300354E+01 1.022400022E+00 3.501099944E-01 1.816099975E-03
 2.603500034E-04 1.379999958E-05 5.012500286E-01 3.943600000E+04 -3.184500000E+03 3.249800110E+02 2.303300018E+02 2.220899963E+02 1.046299973E+02 1.065299988E+00 3.392300010E-01 1.861399971E-03
 2.623999899E-04 1.379999958E-05 4.849700034E-01 6.537800000E+04 4.143200195E+03 3.214599915E+02 2.448099976E+02 2.284700012E+02 1.242099991E+02 1.121099949E+00 3.246900141E-01 1.924099983E-03
 2.644500055E-04 1.379999958E-05 4.319800138E-01 1.083100000E+05 -1.891699951E+03 3.080299988E+02 2.849599915E+02 2.361499939E+02 1.429700012E+02 1.202600002E+00 3.026700020E-01 2.028600080E-03
 2.664999920E-04 1.379999958E-05 3.883799911E-01 1.299100000E+05 -4.432899902E+03 2.967500000E+02 3.168099976E+02 2.403800049E+02 1.596399994E+02 1.252300024E+00 2.891100049E-01 2.095799893E-03
 2.050000039E-04 1.610000072E-05 6.720700264E-01 1.208400000E+04 -3.995900000E+04 3.548699951E+02 5.708899975E+00 1.191100006E+02 4.936600113E+01 3.799400032E-01 4.966599941E-01 1.388099976E-03
 2.070500050E-04 1.610000072E-05 6.710900068E-01 1.121800000E+04 -4.084900000E+04 3.546799927E+02 1.151099968E+01 1.199100037E+02 5.667100143E+01 3.843500018E-01 4.956699908E-01 1.390099991E-03
 2.091000060E-04 1.610000072E-05 6.689699888E-01 1.902500000E+04 -3.508200000E+04 3.540799866E+02 2.251600075E+01 1.223300018E+02 9.783699799E+01 3.970899880E-01 4.932599962E-01 1.394500025E-03
 2.111500071E-04 1.610000072E-05 6.659100056E-01 2.601700000E+04 -3.724500000E+04 3.535000000E+02 3.261199951E+01 1.255999985E+02 1.310200043E+02 4.145300090E-01 4.902099967E-01 1.400899957E-03
 2.131999936E-04 1.610000072E-05 6.620699763E-01 2.346000000E+04 -3.347400000E+04 3.528900146E+02 4.208200073E+01 1.289600067E+02 1.128300018E+02 4.336799979E-01 4.865300059E-01 1.409000019E-03
 2.152499947E-04 1.610000072E-05 6.576099992E-01 1.774700000E+04 -1.677700000E+04 3.521700134E+02 5.099100113E+01 1.328099976E+02 1.037300034E+02 4.551799893E-01 4.822799861E-01 1.418599975E-03
 2.172999957E-04 1.610000072E-05 6.533399820E-01 1.828400000E+04 -2.356800000E+04 3.514100037E+02 5.943700027E+01 1.365099945E+02 9.574199677E+01 4.768599868E-01 4.781099856E-01 1.427800045E-03
 2.193499968E-04 1.610000072E-05 6.494500041E-01 1.551600000E+04 -3.104700000E+04 3.504400024E+02 6.758399963E+01 1.400299988E+02 7.701300049E+01 4.986700118E-01 4.739400148E-01 1.436399994E-03
 2.213999978E-04 1.610000072E-05 6.451200247E-01 1.080200000E+04 -2.403700000E+04 3.493200073E+02 7.541999817E+01 1.438399963E+02 8.051899719E+01 5.216799974E-01 4.692800045E-01 1.445999951E-03
 2.234499989E-04 1.610000072E-05 6.401299834E-01 1.611200000E+04 -2.313900000E+04 3.485499878E+02 8.305899811E+01 1.475599976E+02 8.617299652E+01 5.444599986E-01 4.646100104E-01 1.457300037E-03
 2.254999999E-04 1.610000072E-05 6.348800063E-01 1.621500000E+04 -2.870900000E+04 3.479299927E+02 9.067299652E+01 1.513800049E+02 8.292500305E+01 5.678600073E-01 4.600000083E-01 1.469300012E-03
 2.275500010E-04 1.610000072E-05 6.302899718E-01 1.614400000E+04 -2.449800000E+04 3.470899963E+02 9.808899689E+01 1.553300018E+02 7.880799866E+01 5.918999910E-01 4.555599988E-01 1.479999977E-03
 2.296000021E-04 1.610000072E-05 6.251000166E-01 1.284100000E+04 -1.777800000E+04 3.461799927E+02 1.054800034E+02 1.591000061E+02 6.709600067E+01 6.158300042E-01 4.506300092E-01 1.492299954E-03
 2.316500031E-04 1.610000072E-05 6.195700169E-01 1.097700000E+04 -2.242900000E+04 3.451799927E+02 1.129100037E+02 1.626399994E+02 6.888500214E+01 6.396499872E-01 4.453499913E-01 1.505600056E-03
 2.337000042E-04 1.610000072E-05 6.142899990E-01 1.275800000E+04 -2.477200000E+04 3.442399902E+02 1.202099991E+02 1.660200043E+02 8.755100250E+01 6.631000042E-01 4.403499961E-01 1.518600038E-03
 2.357500052E-04 1.610000072E-05 6.082900167E-01 1.173000000E+04 -1.309300000E+04 3.432999878E+02 1.276600037E+02 1.696000061E+02 8.389499664E+01 6.876699924E-01 4.348599911E-01 1.533600036E-03
 2.378000063E-04 1.610000072E-05 6.018700004E-01 2.016400000E+04 -9.728000000E+03 3.423299866E+02 1.353000031E+02 1.734400024E+02 7.353399658E+01 7.135999799E-01 4.290600121E-01 1.549900044E-03
 2.398499928E-04 1.610000072E-05 5.953699946E-01 2.333300000E+04 -2.117500000E+04 3.412200012E+02 1.428999939E+02 1.771399994E+02 6.352000046E+01 7.395200133E-01 4.230499864E-01 1.566800056E-03
 2.418999939E-04 1.610000072E-05 5.882099867E-01 1.029200000E+04 -2.039300000E+04 3.401199951E+02 1.506699982E+02 1.806499939E+02 5.212900162E+01 7.655900121E-01 4.166100025E-01 1.585899969E-03
 2.439499949E-04 1.610000072E-05 5.812699795E-01 1.605900000E+04 -1.676100000E+04 3.388299866E+02 1.585500031E+02 1.842500000E+02 6.364799881E+01 7.926200032E-01 4.101299942E-01 1.604799996E-03
 2.460000105E-04 1.610000072E-05 5.736299753E-01 2.762300000E+04 -1.988700000E+04 3.373299866E+02 1.666199951E+02 1.877200012E+02 5.851100159E+01 8.202499747E-01 4.029499888E-01 1.626300043E-03
 2.480499970E-04 1.610000072E-05 5.647500157E-01 2.381600000E+04 -2.252500000E+04 3.360299988E+02 1.749700012E+02 1.908500061E+02 3.486000061E+01 8.477399945E-01 3.951900005E-01 1.651900006E-03
 2.501000126E-04 1.610000072E-05 5.561199784E-01 2.025800000E+04 -1.760800000E+04 3.346499939E+02 1.831900024E+02 1.940599976E+02 3.319400024E+01 8.755599856E-01 3.875600100E-01 1.677499968E-03
 2.521499991E-04 1.610000072E-05 5.479900241E-01 1.858100000E+04 -1.464200000E+04 3.332300110E+02 1.911999969E+02 1.973099976E+02 4.449200058E+01 9.033499956E-01 3.802700043E-01 1.702400041E-03
 2.541999856E-04 1.610000072E-05 5.396199822E-01 1.789900000E+04 -1.448400000E+04 3.317900085E+02 1.993999939E+02 2.003699951E+02 4.979399872E+01 9.314399958E-01 3.728399873E-01 1.728800009E-03
 2.562500013E-04 1.610000072E-05 5.300599933E-01 3.307100000E+04 -1.412700000E+04 3.299700012E+02 2.082700043E+02 2.038999939E+02 5.612799835E+01 9.630500078E-01 3.642300069E-01 1.760000014E-03
 2.582999878E-04 1.610000072E-05 5.187000036E-01 4.910100000E+04 -1.334600000E+04 3.277699890E+02 2.183699951E+02 2.084100037E+02 7.958799744E+01 1.000699997E+00 3.540500104E-01 1.798599958E-03
 2.603500034E-04 1.610000072E-05 5.049399734E-01 5.193700000E+04 -3.015600098E+03 3.251300049E+02 2.302500000E+02 2.136499939E+02 1.019599991E+02 1.045500040E+00 3.418900073E-01 1.847799984E-03
 2.623999899E-04 1.610000072E-05 4.873499870E-01 7.265900000E+04 2.168899902E+03 3.213500061E+02 2.451499939E+02 2.196100006E+02 1.118799973E+02 1.102100015E+00 3.261699975E-01 1.914900029E-03
 2.644500055E-04 1.610000072E-05 4.329600036E-01 1.108500000E+05 -8.072100220E+02 3.077399902E+02 2.855799866E+02 2.265200043E+02 1.330599976E+02 1.184299946E+00 3.026799858E-01 2.026299946E-03
 2.664999920E-04 1.610000072E-05 3.887400031E-01 1.313600000E+05 -2.905100098E+03 2.964800110E+02 3.175400085E+02 2.303000031E+02 1.521000061E+02 1.234500051E+00 2.883700132E-01 2.097700024E-03
 2.050000039E-04 1.840000004E-05 6.852399707E-01 1.182100000E+04 -1.470800000E+04 3.564599915E+02 6.839700222E+00 1.027500000E+02 9.686399841E+01 3.273699880E-01 5.086500049E-01 1.361400005E-03
 2.070500050E-04 1.840000004E-05 6.837199926E-01 1.682000000E+04 -1.964000000E+04 3.562099915E+02 1.325899982E+01 1.044000015E+02 1.275999985E+02 3.353100121E-01 5.071700215E-01 1.364400028E-03
 2.091000060E-04 1.840000004E-05 6.798599958E-01 2.610300000E+04 -2.171600000E+04 3.556300049E+02 2.519599915E+01 1.085000000E+02 1.645299988E+02 3.549799919E-01 5.034899712E-01 1.372099970E-03
 2.111500071E-04 1.840000004E-05 6.752099991E-01 2.751600000E+04 -2.018600000E+04 3.549700012E+02 3.552999878E+01 1.132500000E+02 1.772799988E+02 3.784599900E-01 4.991100132E-01 1.381600043E-03
 2.131999936E-04 1.840000004E-05 6.704199910E-01 2.325500000E+04 -1.771200000E+04 3.542399902E+02 4.466500092E+01 1.177500000E+02 1.548399963E+02 4.018599987E-01 4.945499897E-01 1.391400001E-03
 2.152499947E-04 1.840000004E-05 6.653800011E-01 2.014000000E+04 -1.234500000E+04 3.535400085E+02 5.311999893E+01 1.221299973E+02 1.390800018E+02 4.253099859E-01 4.898599982E-01 1.401999965E-03
 2.172999957E-04 1.840000004E-05 6.604700089E-01 1.368600000E+04 -1.717200000E+04 3.527500000E+02 6.131000137E+01 1.263899994E+02 1.228799973E+02 4.490799904E-01 4.851599932E-01 1.412400045E-03
 2.193499968E-04 1.840000004E-05 6.556500196E-01 1.066400000E+04 -2.217100000E+04 3.518599854E+02 6.916000366E+01 1.304799957E+02 8.124299622E+01 4.726400077E-01 4.803999960E-01 1.422800007E-03
 2.213999978E-04 1.840000004E-05 6.511800289E-01 1.498300000E+04 -2.226500000E+04 3.508699951E+02 7.664800262E+01 1.346199951E+02 9.434799957E+01 4.964700043E-01 4.757800102E-01 1.432499965E-03
 2.234499989E-04 1.840000004E-05 6.466199756E-01 1.672600000E+04 -2.110500000E+04 3.498900146E+02 8.401499939E+01 1.385800018E+02 1.170500031E+02 5.200799704E-01 4.711399972E-01 1.442600042E-03
 2.254999999E-04 1.840000004E-05 6.414200068E-01 1.582200000E+04 -2.454700000E+04 3.490100098E+02 9.135199738E+01 1.423000031E+02 1.068199997E+02 5.433499813E-01 4.661799967E-01 1.454300014E-03
 2.275500010E-04 1.840000004E-05 6.366800070E-01 1.584300000E+04 -1.578000000E+04 3.481099854E+02 9.861100006E+01 1.463699951E+02 9.610500336E+01 5.678099990E-01 4.615300000E-01 1.465099980E-03
 2.296000021E-04 1.840000004E-05 6.315900087E-01 1.569000000E+04 -5.402700195E+03 3.472300110E+02 1.058300018E+02 1.504100037E+02 8.490100098E+01 5.924400091E-01 4.566900134E-01 1.476999954E-03
 2.316500031E-04 1.840000004E-05 6.259999871E-01 1.959200000E+04 -1.558900000E+04 3.462300110E+02 1.130100021E+02 1.539499969E+02 6.961499786E+01 6.160399914E-01 4.513500035E-01 1.490100054E-03
 2.337000042E-04 1.840000004E-05 6.205599904E-01 2.265300000E+04 -1.316400000E+04 3.451600037E+02 1.201299973E+02 1.574400024E+02 6.520999908E+01 6.398000121E-01 4.460299909E-01 1.503200037E-03
 2.357500052E-04 1.840000004E-05 6.142299771E-01 1.610400000E+04 -1.096200000E+04 3.442900085E+02 1.274199982E+02 1.611499939E+02 7.663099670E+01 6.645399928E-01 4.403699934E-01 1.518700039E-03
 2.378000063E-04 1.840000004E-05 6.075500250E-01 1.504900000E+04 -1.645400000E+04 3.433399963E+02 1.349799957E+02 1.649299927E+02 6.725299835E+01 6.903600097E-01 4.343900084E-01 1.535400050E-03
 2.398499928E-04 1.840000004E-05 6.011099815E-01 1.835700000E+04 -1.840100000E+04 3.422099915E+02 1.426399994E+02 1.686699982E+02 5.818999863E+01 7.167199850E-01 4.283699989E-01 1.551899943E-03
 2.418999939E-04 1.840000004E-05 5.939599872E-01 1.432000000E+04 -1.843100000E+04 3.411400146E+02 1.504100037E+02 1.721799927E+02 7.321399689E+01 7.429599762E-01 4.219399989E-01 1.570599969E-03
 2.439499949E-04 1.840000004E-05 5.864999890E-01 1.598600000E+04 -1.650100000E+04 3.397799988E+02 1.583099976E+02 1.760000000E+02 7.736199951E+01 7.707999945E-01 4.149799943E-01 1.590500004E-03
 2.460000105E-04 1.840000004E-05 5.788199902E-01 2.312200000E+04 -1.876400000E+04 3.382699890E+02 1.663000031E+02 1.796100006E+02 5.140399933E+01 7.987999916E-01 4.077399969E-01 1.611700049E-03
 2.480499970E-04 1.840000004E-05 5.703600049E-01 2.364700000E+04 -1.569200000E+04 3.369500122E+02 1.744499969E+02 1.827299957E+02 2.955599976E+01 8.260499835E-01 4.002099931E-01 1.635599998E-03
 2.501000126E-04 1.840000004E-05 5.622400045E-01 2.199700000E+04 -1.454400000E+04 3.356600037E+02 1.824600067E+02 1.859799957E+02 4.222600174E+01 8.535199761E-01 3.929899931E-01 1.659199945E-03
 2.521499991E-04 1.840000004E-05 5.540900230E-01 2.425700000E+04 -1.662400000E+04 3.342200012E+02 1.905200043E+02 1.892799988E+02 6.474199677E+01 8.817099929E-01 3.856399953E-01 1.683600014E-03
 2.541999856E-04 1.840000004E-05 5.449500084E-01 2.604100000E+04 -9.075799805E+03 3.324700012E+02 1.989900055E+02 1.926399994E+02 7.049900055E+01 9.116700292E-01 3.772900105E-01 1.711899997E-03
 2.562500013E-04 1.840000004E-05 5.345600247E-01 4.204600000E+04 -8.992099609E+03 3.303999939E+02 2.080399933E+02 1.963099976E+02 6.518699646E+01 9.444800019E-01 3.678100109E-01 1.745200017E-03
 2.582999878E-04 1.840000004E-05 5.223299861E-01 5.533400000E+04 -6.184899902E+03 3.280400085E+02 2.183000031E+02 2.006900024E+02 8.881900024E+01 9.826499820E-01 3.568300009E-01 1.786199980E-03
 2.603500034E-04 1.840000004E-05 5.074999928E-01 5.848900000E+04 1.735500000E+03 3.252099915E+02 2.305399933E+02 2.057799988E+02 1.105500031E+02 1.028499961E+00 3.437100053E-01 1.838500029E-03
 2.623999899E-04 1.840000004E-05 4.884800017E-01 7.434900000E+04 -4.532000000E+03 3.212300110E+02 2.460800018E+02 2.115700073E+02 1.164899979E+02 1.086899996E+00 3.268100023E-01 1.910499996E-03
 2.644500055E-04 1.840000004E-05 4.333800077E-01 1.081100000E+05 -7.843700195E+03 3.074800110E+02 2.866499939E+02 2.178800049E+02 1.220699997E+02 1.169800043E+00 3.023599982E-01 2.026099944E-03
 2.664999920E-04 1.840000004E-05 3.891099989E-01 1.319700000E+05 -5.553299805E+03 2.961900024E+02 3.183699951E+02 2.211399994E+02 1.208099976E+02 1.219400048E+00 2.876800001E-01 2.099300036E-03
 2.050000039E-04 2.069999937E-05 7.027099729E-01 7.211299805E+03 4.990600000E+04 3.564200134E+02 9.329099655E+00 8.305699921E+01 2.033300018E+02 2.658399940E-01 5.215399861E-01 1.327699982E-03
 2.070500050E-04 2.069999937E-05 6.983399987E-01 1.114100000E+04 2.916000000E+04 3.563399963E+02 1.659099960E+01 8.710600281E+01 2.223500061E+02 2.828800082E-01 5.181900263E-01 1.336000045E-03
 2.091000060E-04 2.069999937E-05 6.902700067E-01 1.733400000E+04 7.042600098E+03 3.561300049E+02 2.921899986E+01 9.486100006E+01 2.192700043E+02 3.161999881E-01 5.119100213E-01 1.351500046E-03
 2.111500071E-04 2.069999937E-05 6.835799813E-01 1.487800000E+04 9.853099609E+03 3.557300110E+02 3.914899826E+01 1.016100006E+02 1.951399994E+02 3.468399942E-01 5.063700080E-01 1.364700031E-03
 2.131999936E-04 2.069999937E-05 6.776999831E-01 1.364400000E+04 3.577899902E+03 3.550700073E+02 4.784099960E+01 1.074100037E+02 1.727599945E+02 3.747699857E-01 5.010899901E-01 1.376500004E-03
 2.152499947E-04 2.069999937E-05 6.714900136E-01 1.362100000E+04 -8.780200195E+03 3.545000000E+02 5.593700027E+01 1.125199966E+02 1.562299957E+02 4.007799923E-01 4.957099855E-01 1.389199984E-03
 2.172999957E-04 2.069999937E-05 6.656500101E-01 1.077000000E+04 -1.351100000E+04 3.537600098E+02 6.358900070E+01 1.172500000E+02 1.453200073E+02 4.257999957E-01 4.903599918E-01 1.401399961E-03
 2.193499968E-04 2.069999937E-05 6.610500216E-01 1.017600000E+04 -1.448100000E+04 3.528200073E+02 7.080500031E+01 1.216900024E+02 1.160299988E+02 4.499799907E-01 4.856800139E-01 1.411100035E-03
 2.213999978E-04 2.069999937E-05 6.569899917E-01 1.513100000E+04 -1.704100000E+04 3.519400024E+02 7.797000122E+01 1.259100037E+02 1.150500031E+02 4.739100039E-01 4.814899862E-01 1.419899985E-03
 2.234499989E-04 2.069999937E-05 6.524500251E-01 2.108300000E+04 -1.639600000E+04 3.510599976E+02 8.511699677E+01 1.300000000E+02 1.141900024E+02 4.978199899E-01 4.769699872E-01 1.429699943E-03
 2.254999999E-04 2.069999937E-05 6.471999884E-01 1.509500000E+04 -9.107900391E+03 3.501000061E+02 9.215200043E+01 1.338399963E+02 1.014499969E+02 5.213199854E-01 4.718500078E-01 1.441300032E-03
 2.275500010E-04 2.069999937E-05 6.420999765E-01 9.495200195E+03 -2.113199951E+03 3.490499878E+02 9.917400360E+01 1.379299927E+02 1.007900009E+02 5.457999706E-01 4.667200148E-01 1.452800003E-03
 2.296000021E-04 2.069999937E-05 6.366299987E-01 1.493800000E+04 -1.031199951E+03 3.480299988E+02 1.063000031E+02 1.421999969E+02 9.909799957E+01 5.712400079E-01 4.614000022E-01 1.465299982E-03
 2.316500031E-04 2.069999937E-05 6.310499907E-01 2.305600000E+04 -1.308700000E+04 3.470400085E+02 1.133499985E+02 1.459799957E+02 8.363600159E+01 5.954999924E-01 4.560500085E-01 1.478199963E-03
 2.337000042E-04 2.069999937E-05 6.253499985E-01 2.472400000E+04 -9.307599609E+03 3.460599976E+02 1.203799973E+02 1.494700012E+02 5.823300171E+01 6.192299724E-01 4.506500065E-01 1.491699950E-03
 2.357500052E-04 2.069999937E-05 6.187700033E-01 2.220400000E+04 -1.121400000E+04 3.451300049E+02 1.276200027E+02 1.532899933E+02 6.665100098E+01 6.444500089E-01 4.447000027E-01 1.507599954E-03
 2.378000063E-04 2.069999937E-05 6.122599840E-01 1.931100000E+04 -2.198900000E+04 3.441099854E+02 1.348899994E+02 1.570000000E+02 6.729199982E+01 6.697300076E-01 4.387399852E-01 1.523599960E-03
 2.398499928E-04 2.069999937E-05 6.056299806E-01 1.974400000E+04 -2.135400000E+04 3.430299988E+02 1.423999939E+02 1.606199951E+02 5.607199860E+01 6.956099868E-01 4.326199889E-01 1.540299971E-03
 2.418999939E-04 2.069999937E-05 5.985699892E-01 1.860400000E+04 -1.949600000E+04 3.420400085E+02 1.500899963E+02 1.642400055E+02 6.150199890E+01 7.220500112E-01 4.263400137E-01 1.558499993E-03
 2.439499949E-04 2.069999937E-05 5.912600160E-01 1.815400000E+04 -1.198900000E+04 3.407500000E+02 1.578399963E+02 1.679499969E+02 6.609100342E+01 7.494099736E-01 4.195500016E-01 1.577700023E-03
 2.460000105E-04 2.069999937E-05 5.835999846E-01 2.481900000E+04 -1.929500000E+04 3.392000122E+02 1.658300018E+02 1.716399994E+02 5.580599976E+01 7.777699828E-01 4.122300148E-01 1.598499948E-03
 2.480499970E-04 2.069999937E-05 5.754799843E-01 2.891000000E+04 -2.087500000E+04 3.377399902E+02 1.738800049E+02 1.749199982E+02 3.571099854E+01 8.054900169E-01 4.047499895E-01 1.621000003E-03
 2.501000126E-04 2.069999937E-05 5.674700141E-01 2.908600000E+04 -1.430200000E+04 3.363200073E+02 1.818000031E+02 1.782700043E+02 6.017800140E+01 8.332999945E-01 3.974300027E-01 1.643899945E-03
 2.521499991E-04 2.069999937E-05 5.587000251E-01 2.629000000E+04 -1.294800000E+04 3.347699890E+02 1.900899963E+02 1.818399963E+02 8.584400177E+01 8.629400134E-01 3.894799948E-01 1.669700025E-03
 2.541999856E-04 2.069999937E-05 5.490099788E-01 2.781800000E+04 -4.831799805E+03 3.329100037E+02 1.988200073E+02 1.853699951E+02 7.165499878E+01 8.941799998E-01 3.806099892E-01 1.699200016E-03
 2.562500013E-04 2.069999937E-05 5.382599831E-01 3.752600000E+04 1.830800049E+03 3.307500000E+02 2.081399994E+02 1.891100006E+02 7.166400146E+01 9.280999899E-01 3.707399964E-01 1.733200043E-03
 2.582999878E-04 2.069999937E-05 5.254300237E-01 4.742700000E+04 1.551300049E+03 3.281900024E+02 2.186699982E+02 1.933899994E+02 9.255500031E+01 9.671700001E-01 3.591000140E-01 1.775600016E-03
 2.603500034E-04 2.069999937E-05 5.098900199E-01 6.408500000E+04 2.449399902E+03 3.250599976E+02 2.311100006E+02 1.981799927E+02 1.151100006E+02 1.013599992E+00 3.451699913E-01 1.829999965E-03
 2.623999899E-04 2.069999937E-05 4.893499911E-01 8.449400000E+04 -7.699500275E+01 3.209200134E+02 2.471999969E+02 2.037200012E+02 1.259700012E+02 1.073400021E+00 3.270800114E-01 1.907299971E-03
 2.644500055E-04 2.069999937E-05 4.334900081E-01 1.094100000E+05 -5.083399902E+03 3.072200012E+02 2.879700012E+02 2.095299988E+02 1.098499985E+02 1.156299949E+00 3.021799922E-01 2.025499940E-03
 2.664999920E-04 2.069999937E-05 3.894299865E-01 1.259400000E+05 -4.322100098E+03 2.959500122E+02 3.195199890E+02 2.123699951E+02 9.510600281E+01 1.204900026E+00 2.876499891E-01 2.097700024E-03
 2.050000039E-04 2.300000051E-05 7.216699719E-01 -5.445300000E+04 1.321500000E+05 3.511000061E+02 1.414200020E+01 6.043700027E+01 4.973500061E+02 1.994200051E-01 5.275499821E-01 1.292799949E-03
 2.070500050E-04 2.300000051E-05 7.140100002E-01 -4.016700000E+04 9.666600000E+04 3.523599854E+02 2.138400078E+01 6.868199921E+01 3.930700073E+02 2.308499962E-01 5.238199830E-01 1.306700055E-03
 2.091000060E-04 2.300000051E-05 7.010499835E-01 -1.727700000E+04 4.894800000E+04 3.541700134E+02 3.365000153E+01 8.213400269E+01 2.640700073E+02 2.834500074E-01 5.170000196E-01 1.330700004E-03
 2.111500071E-04 2.300000051E-05 6.913099885E-01 -7.372600098E+03 3.005600000E+04 3.550100098E+02 4.300699997E+01 9.108899689E+01 2.103300018E+02 3.211500049E-01 5.110599995E-01 1.349400030E-03
 2.131999936E-04 2.300000051E-05 6.835600138E-01 1.404599976E+03 1.634700000E+04 3.551400146E+02 5.127000046E+01 9.796399689E+01 1.665800018E+02 3.523699939E-01 5.055199862E-01 1.364700031E-03
 2.152499947E-04 2.300000051E-05 6.765300035E-01 4.662600098E+03 6.743299866E+01 3.549299927E+02 5.891199875E+01 1.038399963E+02 1.426600037E+02 3.805100024E-01 5.000299811E-01 1.378900022E-03
 2.172999957E-04 2.300000051E-05 6.707699895E-01 7.172100098E+03 -7.900799805E+03 3.543599854E+02 6.597599792E+01 1.089400024E+02 1.367899933E+02 4.062199891E-01 4.949800074E-01 1.390699996E-03
 2.193499968E-04 2.300000051E-05 6.665300131E-01 5.922100098E+03 -3.846300049E+03 3.533699951E+02 7.275199890E+01 1.133700027E+02 1.478099976E+02 4.302099943E-01 4.904699922E-01 1.399499946E-03
 2.213999978E-04 2.300000051E-05 6.618899703E-01 8.776299805E+03 -6.844399902E+03 3.524800110E+02 7.966000366E+01 1.176900024E+02 1.406699982E+02 4.544200003E-01 4.858199954E-01 1.409300021E-03
 2.234499989E-04 2.300000051E-05 6.570799947E-01 1.664600000E+04 -9.063500000E+03 3.516600037E+02 8.656400299E+01 1.220000000E+02 1.026699982E+02 4.788700044E-01 4.811800122E-01 1.419699984E-03
 2.254999999E-04 2.300000051E-05 6.516399980E-01 1.048700000E+04 3.665000000E+03 3.508699951E+02 9.338700104E+01 1.261299973E+02 9.319100189E+01 5.029299855E-01 4.761199951E-01 1.431499957E-03
 2.275500010E-04 2.300000051E-05 6.461899877E-01 1.060600000E+04 1.097600000E+04 3.498500061E+02 1.000899963E+02 1.302700043E+02 1.001999969E+02 5.272099972E-01 4.707700014E-01 1.443600049E-03
 2.296000021E-04 2.300000051E-05 6.408699751E-01 1.656600000E+04 7.778099976E+02 3.486400146E+02 1.069499969E+02 1.343899994E+02 9.286799622E+01 5.521399975E-01 4.652799964E-01 1.455600024E-03
 2.316500031E-04 2.300000051E-05 6.351100206E-01 2.028900000E+04 -1.334200000E+04 3.476300049E+02 1.140000000E+02 1.383500061E+02 8.873999786E+01 5.770999789E-01 4.597699940E-01 1.468800008E-03
 2.337000042E-04 2.300000051E-05 6.291499734E-01 2.120900000E+04 -9.290900391E+03 3.468200073E+02 1.209400024E+02 1.420399933E+02 6.565399933E+01 6.012700200E-01 4.543800056E-01 1.482699998E-03
 2.357500052E-04 2.300000051E-05 6.228299737E-01 2.234900000E+04 -1.260600000E+04 3.458800049E+02 1.279000015E+02 1.457599945E+02 5.312699890E+01 6.258599758E-01 4.485999942E-01 1.497699996E-03
 2.378000063E-04 2.300000051E-05 6.163200140E-01 2.118700000E+04 -2.311600000E+04 3.448200073E+02 1.349799957E+02 1.494299927E+02 6.263800049E+01 6.508700252E-01 4.425599873E-01 1.513600000E-03
 2.398499928E-04 2.300000051E-05 6.095200181E-01 2.020500000E+04 -1.987300000E+04 3.436900024E+02 1.423399963E+02 1.529900055E+02 7.309799957E+01 6.765599847E-01 4.362300038E-01 1.530500012E-03
 2.418999939E-04 2.300000051E-05 6.027899981E-01 1.958700000E+04 -1.383300000E+04 3.425400085E+02 1.498099976E+02 1.565099945E+02 6.288800049E+01 7.026200294E-01 4.299800098E-01 1.547500025E-03
 2.439499949E-04 2.300000051E-05 5.956500173E-01 2.205100000E+04 -3.204800049E+03 3.412999878E+02 1.574199982E+02 1.601900024E+02 5.279999924E+01 7.296800017E-01 4.233399928E-01 1.566100051E-03
 2.460000105E-04 2.300000051E-05 5.878900290E-01 3.105900000E+04 -9.559400391E+03 3.399200134E+02 1.653200073E+02 1.638800049E+02 5.719300079E+01 7.578200102E-01 4.161300063E-01 1.586799975E-03
 2.480499970E-04 2.300000051E-05 5.798299909E-01 3.493700000E+04 -2.116200000E+04 3.384400024E+02 1.733399963E+02 1.673500061E+02 5.178099823E+01 7.860900164E-01 4.086500108E-01 1.608800027E-03
 2.501000126E-04 2.300000051E-05 5.712199807E-01 3.218700000E+04 -1.997400000E+04 3.368500061E+02 1.814600067E+02 1.710700073E+02 6.327899933E+01 8.155300021E-01 4.006899893E-01 1.633099979E-03
 2.521499991E-04 2.300000051E-05 5.618399978E-01 2.828300000E+04 -1.248700000E+04 3.352300110E+02 1.898899994E+02 1.748500061E+02 7.158899689E+01 8.461599946E-01 3.922100067E-01 1.660399954E-03
 2.541999856E-04 2.300000051E-05 5.520399809E-01 3.300600000E+04 -6.983399902E+03 3.333900146E+02 1.986600037E+02 1.784299927E+02 5.571900177E+01 8.777400255E-01 3.832699955E-01 1.689899946E-03
 2.562500013E-04 2.300000051E-05 5.409299731E-01 4.075100000E+04 1.719800049E+03 3.311300049E+02 2.082100067E+02 1.822100067E+02 6.784400177E+01 9.125900269E-01 3.730100095E-01 1.724699978E-03
 2.582999878E-04 2.300000051E-05 5.274599791E-01 4.473000000E+04 2.333899902E+03 3.283599854E+02 2.191699982E+02 1.864400024E+02 9.019300079E+01 9.531000257E-01 3.606899977E-01 1.768799964E-03
 2.603500034E-04 2.300000051E-05 5.114300251E-01 6.548400000E+04 -1.974300049E+03 3.247799988E+02 2.319600067E+02 1.910299988E+02 9.612999725E+01 1.000800014E+00 3.459300101E-01 1.824400038E-03
 2.623999899E-04 2.300000051E-05 4.901899993E-01 8.910900000E+04 2.631899902E+03 3.203099976E+02 2.483600006E+02 1.961199951E+02 1.038700027E+02 1.061400056E+00 3.270300031E-01 1.904099947E-03
 2.644500055E-04 2.300000051E-05 4.337800145E-01 1.117300000E+05 -3.263699951E+02 3.067900085E+02 2.891499939E+02 2.014100037E+02 9.370200348E+01 1.143800020E+00 3.019100130E-01 2.024400048E-03
 2.664999920E-04 2.300000051E-05 3.897899985E-01 1.288100000E+05 -3.350000000E+03 2.956799927E+02 3.205100098E+02 2.040000000E+02 8.255100250E+01 1.191699982E+00 2.875300050E-01 2.096399898E-03
 2.050000039E-04 2.529999983E-05 7.372300029E-01 -1.268600000E+05 1.528800000E+05 3.413900146E+02 2.002499962E+01 4.240100098E+01 6.438699951E+02 1.531900018E-01 5.240300298E-01 1.265399973E-03
 2.070500050E-04 2.529999983E-05 7.282900214E-01 -9.751200000E+04 1.278400000E+05 3.445000000E+02 2.584799957E+01 5.312200165E+01 4.861099854E+02 1.914100051E-01 5.223399997E-01 1.281099976E-03
 2.091000060E-04 2.529999983E-05 7.122099996E-01 -5.036900000E+04 8.545900000E+04 3.492699890E+02 3.657699966E+01 7.030000305E+01 2.897699890E+02 2.546400130E-01 5.179399848E-01 1.309899963E-03
 2.111500071E-04 2.529999983E-05 6.993100047E-01 -2.318200000E+04 5.348700000E+04 3.520599976E+02 4.582600021E+01 8.117800140E+01 2.177799988E+02 2.983199954E-01 5.126500130E-01 1.334000030E-03
 2.131999936E-04 2.529999983E-05 6.899099946E-01 -1.182100000E+04 3.441700000E+04 3.535100098E+02 5.394200134E+01 8.911799622E+01 1.565099945E+02 3.326599896E-01 5.078700185E-01 1.352100051E-03
 2.152499947E-04 2.529999983E-05 6.822199821E-01 -1.096800000E+04 1.836900000E+04 3.542300110E+02 6.130099869E+01 9.556900024E+01 1.234700012E+02 3.621799946E-01 5.032200217E-01 1.367400051E-03
 2.172999957E-04 2.529999983E-05 6.758800149E-01 -6.268099976E+02 1.165800000E+04 3.542900085E+02 6.826000214E+01 1.010400009E+02 1.355099945E+02 3.889299929E-01 4.986500144E-01 1.380200032E-03
 2.193499968E-04 2.529999983E-05 6.706200242E-01 5.407100098E+03 8.146200195E+03 3.535499878E+02 7.498600006E+01 1.058099976E+02 1.510000000E+02 4.140799940E-01 4.937399924E-01 1.390999998E-03
 2.213999978E-04 2.529999983E-05 6.648799777E-01 3.819000000E+03 -3.012600098E+03 3.527600098E+02 8.162000275E+01 1.103000031E+02 1.298200073E+02 4.385600090E-01 4.884200096E-01 1.402999973E-03
 2.234499989E-04 2.529999983E-05 6.600999832E-01 1.099200000E+04 -4.029899902E+03 3.519299927E+02 8.811599731E+01 1.146399994E+02 9.972299957E+01 4.626699984E-01 4.837599993E-01 1.413100050E-03
 2.254999999E-04 2.529999983E-05 6.550800204E-01 1.424500000E+04 6.490600098E+03 3.511700134E+02 9.465200043E+01 1.189300003E+02 9.263300323E+01 4.868699908E-01 4.790399969E-01 1.424000016E-03
 2.275500010E-04 2.529999983E-05 6.492199898E-01 1.330000000E+04 1.246700000E+04 3.504200134E+02 1.013000031E+02 1.232300034E+02 8.955599976E+01 5.115100145E-01 4.737400115E-01 1.436799997E-03
 2.296000021E-04 2.529999983E-05 6.440899968E-01 1.521100000E+04 4.809500000E+03 3.492900085E+02 1.078600006E+02 1.270699997E+02 9.521199799E+01 5.353299975E-01 4.684900045E-01 1.448299969E-03
 2.316500031E-04 2.529999983E-05 6.384199858E-01 1.748600000E+04 -9.069799805E+03 3.482200012E+02 1.146399994E+02 1.309499969E+02 1.006999969E+02 5.598199964E-01 4.629400074E-01 1.461199950E-03
 2.337000042E-04 2.529999983E-05 6.323300004E-01 1.646000000E+04 -6.059899902E+03 3.473800049E+02 1.216299973E+02 1.349299927E+02 8.281500244E+01 5.850099921E-01 4.574199915E-01 1.475200057E-03
 2.357500052E-04 2.529999983E-05 6.265199780E-01 1.234200000E+04 -3.115800049E+03 3.464599915E+02 1.285399933E+02 1.385200043E+02 6.851799774E+01 6.093800068E-01 4.520100057E-01 1.488900045E-03
 2.378000063E-04 2.529999983E-05 6.202999949E-01 1.279000000E+04 -1.400100000E+04 3.453500061E+02 1.355599976E+02 1.420599976E+02 7.604499817E+01 6.342200041E-01 4.460900128E-01 1.503800042E-03
 2.398499928E-04 2.529999983E-05 6.137499809E-01 1.747200000E+04 -9.544200195E+03 3.442099915E+02 1.425899963E+02 1.456100006E+02 8.816699982E+01 6.593300104E-01 4.399200082E-01 1.519900048E-03
 2.418999939E-04 2.529999983E-05 6.067100167E-01 2.151100000E+04 -4.346100098E+03 3.429700012E+02 1.497200012E+02 1.491499939E+02 6.897699738E+01 6.849200130E-01 4.333100021E-01 1.537499949E-03
 2.439499949E-04 2.529999983E-05 5.990499854E-01 2.358500000E+04 -4.313000000E+03 3.416300049E+02 1.573300018E+02 1.528500061E+02 5.822100067E+01 7.123000026E-01 4.261699915E-01 1.557199983E-03
 2.460000105E-04 2.529999983E-05 5.911999941E-01 2.829800000E+04 -5.337600098E+03 3.404100037E+02 1.651900024E+02 1.566000061E+02 5.417399979E+01 7.404900193E-01 4.190900028E-01 1.577900024E-03
 2.480499970E-04 2.529999983E-05 5.831800103E-01 3.361700000E+04 -1.169900000E+04 3.388800049E+02 1.730599976E+02 1.602799988E+02 5.018299866E+01 7.690799832E-01 4.115499854E-01 1.599599957E-03
 2.501000126E-04 2.529999983E-05 5.740000010E-01 2.946200000E+04 -1.672600000E+04 3.372500000E+02 1.813399963E+02 1.641300049E+02 5.130300140E+01 7.993699908E-01 4.031200111E-01 1.625200035E-03
 2.521499991E-04 2.529999983E-05 5.644400120E-01 3.278400000E+04 -1.449100000E+04 3.356900024E+02 1.899299927E+02 1.679199982E+02 5.469599915E+01 8.304899931E-01 3.945800066E-01 1.652700012E-03
 2.541999856E-04 2.529999983E-05 5.547199845E-01 3.887300000E+04 -6.528200195E+03 3.338500061E+02 1.986999969E+02 1.715200043E+02 6.842600250E+01 8.622499704E-01 3.856500089E-01 1.681700000E-03
 2.562500013E-04 2.529999983E-05 5.428299904E-01 4.273600000E+04 -4.061800049E+03 3.314700012E+02 2.086199951E+02 1.754600067E+02 7.483799744E+01 8.986700177E-01 3.747099936E-01 1.718700049E-03
 2.582999878E-04 2.529999983E-05 5.284799933E-01 4.654800000E+04 -8.405900269E+02 3.286400146E+02 2.200000000E+02 1.797200012E+02 7.843800354E+01 9.405500293E-01 3.616900146E-01 1.765400055E-03
 2.603500034E-04 2.529999983E-05 5.119500160E-01 6.010100000E+04 -1.328900024E+03 3.249400024E+02 2.331100006E+02 1.841100006E+02 8.341600037E+01 9.891499877E-01 3.464500010E-01 1.822600025E-03
 2.623999899E-04 2.529999983E-05 4.907599986E-01 8.136400000E+04 -4.855200195E+03 3.200499878E+02 2.496799927E+02 1.887700043E+02 8.437599945E+01 1.050300002E+00 3.271400034E-01 1.901900047E-03
 2.644500055E-04 2.529999983E-05 4.344600141E-01 1.113800000E+05 -1.801400024E+03 3.063399963E+02 2.903099976E+02 1.935800018E+02 8.378199768E+01 1.132799983E+00 3.016600013E-01 2.022699919E-03
 2.664999920E-04 2.529999983E-05 3.903400004E-01 1.344100000E+05 -1.420500000E+03 2.952600098E+02 3.215400085E+02 1.960099945E+02 8.846499634E+01 1.181100011E+00 2.870000005E-01 2.096199896E-03
 2.050000039E-04 2.759999916E-05 7.497799993E-01 -1.299700000E+05 1.314500000E+05 3.327099915E+02 2.572599983E+01 3.289699936E+01 4.948099976E+02 1.380899996E-01 5.194299817E-01 1.244200044E-03
 2.070500050E-04 2.759999916E-05 7.407600284E-01 -1.108900000E+05 1.255100000E+05 3.365100098E+02 2.976600075E+01 4.265399933E+01 4.111700134E+02 1.706600040E-01 5.189599991E-01 1.259500044E-03
 2.091000060E-04 2.759999916E-05 7.237700224E-01 -7.614500000E+04 1.063700000E+05 3.427999878E+02 3.840299988E+01 5.940100098E+01 2.889599915E+02 2.294400036E-01 5.165799856E-01 1.289100037E-03
 2.111500071E-04 2.759999916E-05 7.094399929E-01 -4.822600000E+04 8.479500000E+04 3.471499939E+02 4.732799911E+01 7.131300354E+01 2.241399994E+02 2.758100033E-01 5.127900243E-01 1.315000001E-03
 2.131999936E-04 2.759999916E-05 6.986200213E-01 -3.210900000E+04 6.822700000E+04 3.499899902E+02 5.550000000E+01 8.022299957E+01 1.690500031E+02 3.130500019E-01 5.091400146E-01 1.335300039E-03
 2.152499947E-04 2.759999916E-05 6.892899871E-01 -3.032100000E+04 4.857800000E+04 3.518800049E+02 6.301699829E+01 8.737999725E+01 1.360500031E+02 3.447900116E-01 5.050600171E-01 1.353399944E-03
 2.172999957E-04 2.759999916E-05 6.812000275E-01 -1.553100000E+04 3.237300000E+04 3.528399963E+02 7.009400177E+01 9.332800293E+01 1.323500061E+02 3.730300069E-01 5.005000234E-01 1.369399950E-03
 2.193499968E-04 2.759999916E-05 6.745100021E-01 2.683100098E+03 1.642400000E+04 3.527999878E+02 7.676899719E+01 9.861799622E+01 1.290000000E+02 3.994199932E-01 4.955300093E-01 1.383000053E-03
 2.213999978E-04 2.759999916E-05 6.681900024E-01 3.312500000E+03 6.092399902E+03 3.524400024E+02 8.318499756E+01 1.033399963E+02 1.139599991E+02 4.241800010E-01 4.903999865E-01 1.396000036E-03
 2.234499989E-04 2.759999916E-05 6.629099846E-01 8.943599609E+03 6.786299805E+03 3.518399963E+02 8.949600220E+01 1.076900024E+02 1.025000000E+02 4.480899870E-01 4.857000113E-01 1.407200005E-03
 2.254999999E-04 2.759999916E-05 6.579700112E-01 1.670400000E+04 8.593400391E+03 3.512500000E+02 9.586900330E+01 1.120000000E+02 8.976599884E+01 4.721800089E-01 4.812600017E-01 1.417699968E-03
 2.275500010E-04 2.759999916E-05 6.522700191E-01 1.128200000E+04 7.547100098E+03 3.507200012E+02 1.024499969E+02 1.163399963E+02 8.189399719E+01 4.968700111E-01 4.763700068E-01 1.430099946E-03
 2.296000021E-04 2.759999916E-05 6.466100216E-01 1.329500000E+04 2.057000000E+03 3.497999878E+02 1.090000000E+02 1.202300034E+02 1.024000015E+02 5.208500028E-01 4.710099995E-01 1.442600042E-03
 2.316500031E-04 2.759999916E-05 6.409199834E-01 1.987400000E+04 -7.014500000E+03 3.487099915E+02 1.155800018E+02 1.239599991E+02 1.180199966E+02 5.447700024E-01 4.654099941E-01 1.455500023E-03
 2.337000042E-04 2.759999916E-05 6.348999739E-01 1.280800000E+04 -3.459300049E+03 3.478200073E+02 1.223600006E+02 1.279000015E+02 1.108499985E+02 5.696700215E-01 4.598599970E-01 1.469200011E-03
 2.357500052E-04 2.759999916E-05 6.291300058E-01 9.050099609E+03 3.089600098E+03 3.468699951E+02 1.291999969E+02 1.315899963E+02 1.010100021E+02 5.943099856E-01 4.544399977E-01 1.482699998E-03
 2.378000063E-04 2.759999916E-05 6.233100295E-01 1.715300000E+04 -3.211199951E+03 3.456900024E+02 1.360399933E+02 1.351699982E+02 9.852400208E+01 6.190800071E-01 4.487099946E-01 1.496599987E-03
 2.398499928E-04 2.759999916E-05 6.167700291E-01 2.216100000E+04 6.340900269E+02 3.445599976E+02 1.429400024E+02 1.387899933E+02 9.127500153E+01 6.442099810E-01 4.425399899E-01 1.512499992E-03
 2.418999939E-04 2.759999916E-05 6.097099781E-01 2.648600000E+04 1.809599976E+03 3.433599854E+02 1.500200043E+02 1.422799988E+02 6.786699677E+01 6.697199941E-01 4.359599948E-01 1.530000009E-03
 2.439499949E-04 2.759999916E-05 6.022700071E-01 2.836100000E+04 -5.737399902E+03 3.421499939E+02 1.574799957E+02 1.457700043E+02 6.045600128E+01 6.963099837E-01 4.291099906E-01 1.548900036E-03
 2.460000105E-04 2.759999916E-05 5.942900181E-01 2.687300000E+04 -1.102700000E+04 3.408900146E+02 1.651600037E+02 1.495800018E+02 6.894400024E+01 7.243700027E-01 4.218699932E-01 1.569699962E-03
 2.480499970E-04 2.759999916E-05 5.858700275E-01 3.324200000E+04 -8.100299805E+03 3.392300110E+02 1.730099945E+02 1.534299927E+02 6.901499939E+01 7.535799742E-01 4.138700068E-01 1.592300017E-03
 2.501000126E-04 2.759999916E-05 5.767099857E-01 3.253800000E+04 -6.987200195E+03 3.375899963E+02 1.814400024E+02 1.571499939E+02 6.302199936E+01 7.840999961E-01 4.054299891E-01 1.617599977E-03
 2.521499991E-04 2.759999916E-05 5.674899817E-01 3.458500000E+04 -5.911200195E+03 3.358599854E+02 1.900800018E+02 1.609199982E+02 6.676100159E+01 8.156399727E-01 3.969100118E-01 1.643799944E-03
 2.541999856E-04 2.759999916E-05 5.572400093E-01 3.868800000E+04 4.843600098E+03 3.338500061E+02 1.990000000E+02 1.646399994E+02 7.440799713E+01 8.484100103E-01 3.874100149E-01 1.674199942E-03
 2.562500013E-04 2.759999916E-05 5.445100069E-01 4.219500000E+04 1.080500000E+03 3.315400085E+02 2.092200012E+02 1.686399994E+02 6.869100189E+01 8.858100176E-01 3.759399951E-01 1.713400008E-03
 2.582999878E-04 2.759999916E-05 5.296199918E-01 4.984400000E+04 -3.567099915E+02 3.287300110E+02 2.208600006E+02 1.729199982E+02 7.015000153E+01 9.285899997E-01 3.625800014E-01 1.761600026E-03
 2.603500034E-04 2.759999916E-05 5.124099851E-01 6.454000000E+04 1.971599976E+03 3.250499878E+02 2.342500000E+02 1.772299957E+02 9.382499695E+01 9.779599905E-01 3.468799889E-01 1.821000013E-03
 2.623999899E-04 2.759999916E-05 4.911000133E-01 8.690100000E+04 -9.540000000E+02 3.200700073E+02 2.507799988E+02 1.814900055E+02 8.474700165E+01 1.038699985E+00 3.273800015E-01 1.900500036E-03
 2.644500055E-04 2.759999916E-05 4.349499941E-01 1.172800000E+05 2.645199966E+01 3.061199951E+02 2.913599854E+02 1.858099976E+02 7.026000214E+01 1.120900035E+00 3.019100130E-01 2.019800013E-03
 2.664999920E-04 2.759999916E-05 3.907000124E-01 1.378600000E+05 -8.356599731E+02 2.949899902E+02 3.227300110E+02 1.880800018E+02 8.335299683E+01 1.169399977E+00 2.872399986E-01 2.093000105E-03
 2.050000039E-04 2.990000030E-05 7.617300153E-01 -1.156900000E+05 1.046000000E+05 3.258999939E+02 3.095499992E+01 2.771699905E+01 3.639200134E+02 1.385300010E-01 5.169199705E-01 1.224700012E-03
 2.070500050E-04 2.990000030E-05 7.531300187E-01 -1.097100000E+05 1.039600000E+05 3.295000000E+02 3.373699951E+01 3.557899857E+01 3.388699951E+02 1.627500057E-01 5.166500211E-01 1.238800003E-03
 2.091000060E-04 2.990000030E-05 7.367699742E-01 -1.007000000E+05 1.057900000E+05 3.359500122E+02 4.040800095E+01 4.999300003E+01 2.881799927E+02 2.106900066E-01 5.153399706E-01 1.266299980E-03
 2.111500071E-04 2.990000030E-05 7.218800187E-01 -8.288800000E+04 1.018900000E+05 3.410100098E+02 4.835699844E+01 6.183000183E+01 2.251600037E+02 2.551900148E-01 5.125399828E-01 1.292399946E-03
 2.131999936E-04 2.990000030E-05 7.086799741E-01 -5.623400000E+04 8.933200000E+04 3.449899902E+02 5.629199982E+01 7.137699890E+01 1.763999939E+02 2.937799990E-01 5.090600252E-01 1.316400012E-03
 2.152499947E-04 2.990000030E-05 6.978700161E-01 -4.203500000E+04 7.819600000E+04 3.479500122E+02 6.389699936E+01 7.902899933E+01 1.481600037E+02 3.270500004E-01 5.056200027E-01 1.336800051E-03
 2.172999957E-04 2.990000030E-05 6.888399720E-01 -3.051700000E+04 5.751600000E+04 3.497900085E+02 7.112599945E+01 8.553500366E+01 1.247200012E+02 3.570399880E-01 5.017300248E-01 1.354299951E-03
 2.193499968E-04 2.990000030E-05 6.806300282E-01 -1.431200000E+04 3.542300000E+04 3.508099976E+02 7.799800110E+01 9.120700073E+01 1.165599976E+02 3.846299946E-01 4.972099960E-01 1.370599959E-03
 2.213999978E-04 2.990000030E-05 6.732900143E-01 -8.626099609E+03 2.690700000E+04 3.512099915E+02 8.457199860E+01 9.629299927E+01 1.137300034E+02 4.105199873E-01 4.924100041E-01 1.385499956E-03
 2.234499989E-04 2.990000030E-05 6.669200063E-01 -2.470600098E+03 1.923100000E+04 3.511799927E+02 9.087400055E+01 1.009100037E+02 1.154400024E+02 4.349899888E-01 4.877099991E-01 1.398700057E-03
 2.254999999E-04 2.990000030E-05 6.612600088E-01 9.060700195E+03 1.410500000E+04 3.509200134E+02 9.715100098E+01 1.051699982E+02 1.128700027E+02 4.587799907E-01 4.832200110E-01 1.410700032E-03
 2.275500010E-04 2.990000030E-05 6.554200053E-01 1.154500000E+04 1.106900000E+04 3.506400146E+02 1.035999985E+02 1.094300003E+02 1.075000000E+02 4.830600023E-01 4.785600007E-01 1.423300011E-03
 2.296000021E-04 2.990000030E-05 6.495100260E-01 1.568000000E+04 6.570100098E+03 3.498900146E+02 1.101299973E+02 1.135199966E+02 9.464199829E+01 5.075399876E-01 4.732399881E-01 1.436199993E-03
 2.316500031E-04 2.990000030E-05 6.435700059E-01 1.997400000E+04 -1.231699951E+03 3.488599854E+02 1.165899963E+02 1.174599991E+02 1.041399994E+02 5.318400264E-01 4.675399959E-01 1.449399977E-03
 2.337000042E-04 2.990000030E-05 6.374099851E-01 1.644600000E+04 -2.985399902E+03 3.480400085E+02 1.230299988E+02 1.212200012E+02 1.255599976E+02 5.556799769E-01 4.619700015E-01 1.463499968E-03
 2.357500052E-04 2.990000030E-05 6.314899921E-01 1.918200000E+04 -3.072500000E+03 3.470599976E+02 1.295700073E+02 1.248700027E+02 1.114100037E+02 5.797500014E-01 4.563899934E-01 1.477199956E-03
 2.378000063E-04 2.990000030E-05 6.256300211E-01 2.495900000E+04 -1.296000000E+03 3.458900146E+02 1.362599945E+02 1.285399933E+02 9.056700134E+01 6.045500040E-01 4.506300092E-01 1.490999945E-03
 2.398499928E-04 2.990000030E-05 6.189500093E-01 2.300800000E+04 5.794600098E+03 3.447300110E+02 1.432400055E+02 1.321999969E+02 7.961399841E+01 6.301100254E-01 4.443300068E-01 1.507099951E-03
 2.418999939E-04 2.990000030E-05 6.118699908E-01 2.349000000E+04 3.883300049E+03 3.436300049E+02 1.503600006E+02 1.356799927E+02 6.241299820E+01 6.557400227E-01 4.378499985E-01 1.524599968E-03
 2.439499949E-04 2.990000030E-05 6.046599746E-01 2.505800000E+04 -4.281899902E+03 3.425299988E+02 1.575899963E+02 1.391499939E+02 5.266500092E+01 6.817799807E-01 4.312900007E-01 1.542699989E-03
 2.460000105E-04 2.990000030E-05 5.964999795E-01 2.306600000E+04 -1.507900000E+04 3.412399902E+02 1.651199951E+02 1.429299927E+02 7.595200348E+01 7.095599771E-01 4.238699973E-01 1.563900034E-03
 2.480499970E-04 2.990000030E-05 5.878000259E-01 2.784200000E+04 -1.378100000E+04 3.396700134E+02 1.730599976E+02 1.466399994E+02 8.837400055E+01 7.386999726E-01 4.157699943E-01 1.586999977E-03
 2.501000126E-04 2.990000030E-05 5.788900256E-01 3.419900000E+04 -7.910700195E+03 3.379400024E+02 1.814199982E+02 1.501900024E+02 8.250800323E+01 7.689499855E-01 4.073800147E-01 1.611500047E-03
 2.521499991E-04 2.990000030E-05 5.696499944E-01 3.771300000E+04 1.391500000E+03 3.359899902E+02 1.901300049E+02 1.540899963E+02 8.387300110E+01 8.013499975E-01 3.985700011E-01 1.637600013E-03
 2.541999856E-04 2.990000030E-05 5.588200092E-01 4.333800000E+04 7.374700195E+03 3.338200073E+02 1.995099945E+02 1.581499939E+02 7.731199646E+01 8.363400102E-01 3.884800076E-01 1.669400022E-03
 2.562500013E-04 2.990000030E-05 5.455700159E-01 4.299400000E+04 3.716100098E+03 3.314400024E+02 2.098999939E+02 1.620599976E+02 7.363300323E+01 8.742799759E-01 3.765600026E-01 1.710099983E-03
 2.582999878E-04 2.990000030E-05 5.305600166E-01 4.702800000E+04 -2.789000000E+03 3.285799866E+02 2.215700073E+02 1.661699982E+02 7.499099731E+01 9.170699716E-01 3.630500138E-01 1.758500002E-03
 2.603500034E-04 2.990000030E-05 5.130800009E-01 6.577600000E+04 -2.683899902E+03 3.248900146E+02 2.351499939E+02 1.704299927E+02 8.192199707E+01 9.671099782E-01 3.471699953E-01 1.818699995E-03
 2.623999899E-04 2.990000030E-05 4.913800061E-01 9.046800000E+04 3.205199951E+03 3.200299988E+02 2.517500000E+02 1.743800049E+02 7.983999634E+01 1.027600050E+00 3.275400102E-01 1.899500028E-03
 2.644500055E-04 2.990000030E-05 4.350099862E-01 1.207300000E+05 -3.974699951E+03 3.061199951E+02 2.923500061E+02 1.782599945E+02 6.600499725E+01 1.109200001E+00 3.020600080E-01 2.018899890E-03
 2.664999920E-04 2.990000030E-05 3.907099962E-01 1.371800000E+05 -1.055100000E+04 2.949800110E+02 3.237399902E+02 1.802700043E+02 6.334799957E+01 1.157299995E+00 2.874700129E-01 2.091699978E-03
 2.050000039E-04 3.220000144E-05 7.739700079E-01 -9.341200000E+04 7.746000000E+04 3.199800110E+02 3.545199966E+01 2.428499985E+01 2.728699951E+02 1.444000006E-01 5.156800151E-01 1.205299981E-03
 2.070500050E-04 3.220000144E-05 7.658600211E-01 -9.965300000E+04 8.312100000E+04 3.231700134E+02 3.752299881E+01 3.054500008E+01 2.791499939E+02 1.621499956E-01 5.152999759E-01 1.218199963E-03
 2.091000060E-04 3.220000144E-05 7.501299977E-01 -9.959800000E+04 1.037500000E+05 3.292399902E+02 4.272399902E+01 4.243099976E+01 2.648399963E+02 1.994400024E-01 5.141999722E-01 1.243700041E-03
 2.111500071E-04 3.220000144E-05 7.349200249E-01 -8.263100000E+04 1.103000000E+05 3.344899902E+02 4.949000168E+01 5.331200027E+01 2.109499969E+02 2.388599962E-01 5.118299723E-01 1.269500004E-03
 2.131999936E-04 3.220000144E-05 7.203400135E-01 -6.572500000E+04 9.988200000E+04 3.390599976E+02 5.686299896E+01 6.285499954E+01 1.617500000E+02 2.763499916E-01 5.085300207E-01 1.295199967E-03
 2.152499947E-04 3.220000144E-05 7.083100080E-01 -5.017000000E+04 9.657000000E+04 3.428399963E+02 6.431099701E+01 7.056400299E+01 1.323000031E+02 3.095499873E-01 5.056300163E-01 1.317100017E-03
 2.172999957E-04 3.220000144E-05 6.977999806E-01 -4.005600000E+04 7.887000000E+04 3.456799927E+02 7.167900085E+01 7.756500244E+01 1.243000031E+02 3.409900069E-01 5.022699833E-01 1.336900052E-03
 2.193499968E-04 3.220000144E-05 6.880499721E-01 -3.325400000E+04 5.548100000E+04 3.477399902E+02 7.874900055E+01 8.379199982E+01 1.217799988E+02 3.701399863E-01 4.982100129E-01 1.355799963E-03
 2.213999978E-04 3.220000144E-05 6.797299981E-01 -1.960400000E+04 4.081900000E+04 3.488999939E+02 8.550599670E+01 8.912899780E+01 1.100100021E+02 3.969100118E-01 4.938499928E-01 1.372399973E-03
 2.234499989E-04 3.220000144E-05 6.723799706E-01 -6.749399902E+03 3.210800000E+04 3.495700073E+02 9.199400330E+01 9.398200226E+01 1.103099976E+02 4.222300053E-01 4.894399941E-01 1.387399971E-03
 2.254999999E-04 3.220000144E-05 6.657500267E-01 3.078599854E+02 2.992000000E+04 3.497699890E+02 9.833499908E+01 9.844000244E+01 1.249199982E+02 4.465799928E-01 4.848999977E-01 1.401199959E-03
 2.275500010E-04 3.220000144E-05 6.586700082E-01 4.863600098E+03 2.578300000E+04 3.496600037E+02 1.047200012E+02 1.027300034E+02 1.179499969E+02 4.708999991E-01 4.795899987E-01 1.416199957E-03
 2.296000021E-04 3.220000144E-05 6.522099972E-01 5.832899902E+03 2.115800000E+04 3.492699890E+02 1.110199966E+02 1.069800034E+02 9.038899994E+01 4.951800108E-01 4.743700027E-01 1.430199947E-03
 2.316500031E-04 3.220000144E-05 6.464300156E-01 9.112400391E+03 1.206300000E+04 3.486199951E+02 1.172600021E+02 1.112200012E+02 9.637899780E+01 5.195400119E-01 4.692899883E-01 1.443000045E-03
 2.337000042E-04 3.220000144E-05 6.400700212E-01 1.398800000E+04 5.173899902E+03 3.478900146E+02 1.235800018E+02 1.148899994E+02 1.109000015E+02 5.429999828E-01 4.636900127E-01 1.457400038E-03
 2.357500052E-04 3.220000144E-05 6.334699988E-01 1.469800000E+04 6.405299805E+03 3.469500122E+02 1.300399933E+02 1.184899979E+02 1.050999985E+02 5.669000149E-01 4.576700032E-01 1.472600037E-03
 2.378000063E-04 3.220000144E-05 6.272299886E-01 1.913900000E+04 2.260699951E+03 3.458900146E+02 1.365399933E+02 1.221900024E+02 9.164299774E+01 5.913100243E-01 4.517799914E-01 1.487200032E-03
 2.398499928E-04 3.220000144E-05 6.207900047E-01 1.851700000E+04 1.702599976E+03 3.448299866E+02 1.433699951E+02 1.256800003E+02 7.296199799E+01 6.162400246E-01 4.457699955E-01 1.502700034E-03
 2.418999939E-04 3.220000144E-05 6.138200164E-01 1.655100000E+04 1.884500000E+03 3.437699890E+02 1.505099945E+02 1.292200012E+02 5.915900040E+01 6.421599984E-01 4.394100010E-01 1.519700047E-03
 2.439499949E-04 3.220000144E-05 6.065400243E-01 1.968600000E+04 -4.474700195E+03 3.426199951E+02 1.576300049E+02 1.327599945E+02 5.271300125E+01 6.682599783E-01 4.327499866E-01 1.537999953E-03
 2.460000105E-04 3.220000144E-05 5.983499885E-01 1.867400000E+04 -7.932399902E+03 3.412500000E+02 1.651999969E+02 1.363699951E+02 5.003799820E+01 6.960099936E-01 4.252099991E-01 1.558999997E-03
 2.480499970E-04 3.220000144E-05 5.897399783E-01 2.246200000E+04 -1.034600000E+04 3.397699890E+02 1.731699982E+02 1.400500031E+02 5.846099854E+01 7.251899838E-01 4.172700047E-01 1.581800054E-03
 2.501000126E-04 3.220000144E-05 5.803700089E-01 3.015700000E+04 -7.098700195E+03 3.381199951E+02 1.813899994E+02 1.435700073E+02 7.371900177E+01 7.550899982E-01 4.086500108E-01 1.607400016E-03
 2.521499991E-04 3.220000144E-05 5.702800155E-01 3.433700000E+04 2.215699951E+03 3.361400146E+02 1.901699982E+02 1.474700012E+02 7.789199829E+01 7.878100276E-01 3.991900086E-01 1.635799999E-03
 2.541999856E-04 3.220000144E-05 5.592899919E-01 4.095400000E+04 3.069399902E+03 3.339400024E+02 1.998399963E+02 1.516499939E+02 7.929799652E+01 8.239499927E-01 3.889400065E-01 1.668000012E-03
 2.562500013E-04 3.220000144E-05 5.463299751E-01 4.380100000E+04 -2.273099976E+02 3.313900146E+02 2.105000000E+02 1.555299988E+02 7.513400269E+01 8.629400134E-01 3.770399988E-01 1.707699965E-03
 2.582999878E-04 3.220000144E-05 5.313299894E-01 4.872000000E+04 -3.181000000E+03 3.284400024E+02 2.222799988E+02 1.594600067E+02 6.331800079E+01 9.060299993E-01 3.634200096E-01 1.755999983E-03
 2.603500034E-04 3.220000144E-05 5.140100121E-01 6.343100000E+04 -2.432000000E+03 3.247999878E+02 2.358999939E+02 1.633699951E+02 6.078099823E+01 9.557099938E-01 3.476899862E-01 1.815399970E-03
 2.623999899E-04 3.220000144E-05 4.926199913E-01 8.477900000E+04 2.865000000E+03 3.199899902E+02 2.526000061E+02 1.670599976E+02 7.452799988E+01 1.016299963E+00 3.283199966E-01 1.894699992E-03
 2.644500055E-04 3.220000144E-05 4.357900023E-01 1.160500000E+05 -1.070899963E+02 3.059700012E+02 2.933900146E+02 1.707700043E+02 7.057199860E+01 1.098799944E+00 3.024800122E-01 2.015399979E-03
 2.664999920E-04 3.220000144E-05 3.910900056E-01 1.341700000E+05 -4.016000000E+03 2.947000122E+02 3.248500061E+02 1.726300049E+02 5.440599823E+01 1.147400022E+00 2.875300050E-01 2.089400077E-03
 2.050000039E-04 3.450000077E-05 7.837200165E-01 -6.140300000E+04 6.706900000E+04 3.151700134E+02 3.943700027E+01 2.187800026E+01 2.298300018E+02 1.525900066E-01 5.143499970E-01 1.190199982E-03
 2.070500050E-04 3.450000077E-05 7.769399881E-01 -7.343200000E+04 7.332500000E+04 3.177600098E+02 4.116899872E+01 2.673999977E+01 2.355500031E+02 1.657699943E-01 5.140299797E-01 1.200799947E-03
 2.091000060E-04 3.450000077E-05 7.629100084E-01 -8.126900000E+04 9.093500000E+04 3.229800110E+02 4.554299927E+01 3.641400146E+01 2.335500031E+02 1.950599998E-01 5.130299926E-01 1.222899999E-03
 2.111500071E-04 3.450000077E-05 7.479699850E-01 -7.615900000E+04 1.064700000E+05 3.279700012E+02 5.128599930E+01 4.602099991E+01 2.046699982E+02 2.285699993E-01 5.107499957E-01 1.247299952E-03
 2.131999936E-04 3.450000077E-05 7.332000136E-01 -6.927200000E+04 1.057300000E+05 3.327000122E+02 5.784700012E+01 5.493299866E+01 1.687100067E+02 2.626000047E-01 5.078899860E-01 1.272500027E-03
 2.152499947E-04 3.450000077E-05 7.200700045E-01 -5.562000000E+04 1.001300000E+05 3.369899902E+02 6.482099915E+01 6.249700165E+01 1.416000061E+02 2.944599986E-01 5.052400231E-01 1.295599970E-03
 2.172999957E-04 3.450000077E-05 7.078199983E-01 -5.048000000E+04 9.183100000E+04 3.406000061E+02 7.187599945E+01 6.973100281E+01 1.352899933E+02 3.257000148E-01 5.019800067E-01 1.318000024E-03
 2.193499968E-04 3.450000077E-05 6.966400146E-01 -4.286300000E+04 7.410800000E+04 3.435000000E+02 7.881900024E+01 7.639099884E+01 1.383300018E+02 3.554799855E-01 4.982700050E-01 1.339099952E-03
 2.213999978E-04 3.450000077E-05 6.870499849E-01 -2.345300000E+04 5.690400000E+04 3.455100098E+02 8.562699890E+01 8.191999817E+01 1.200699997E+02 3.826600015E-01 4.943000078E-01 1.357799978E-03
 2.234499989E-04 3.450000077E-05 6.782699823E-01 -1.253600000E+04 4.671700000E+04 3.467999878E+02 9.238800049E+01 8.700900269E+01 9.959400177E+01 4.090400040E-01 4.898099899E-01 1.375299995E-03
 2.254999999E-04 3.450000077E-05 6.704199910E-01 -5.491000000E+03 3.910700000E+04 3.475499878E+02 9.893499756E+01 9.185199738E+01 9.920700073E+01 4.346300066E-01 4.851999879E-01 1.391400001E-03
 2.275500010E-04 3.450000077E-05 6.629199982E-01 2.622600098E+03 3.708500000E+04 3.479100037E+02 1.052799988E+02 9.629499817E+01 9.672499847E+01 4.591099918E-01 4.802600145E-01 1.407200005E-03
 2.296000021E-04 3.450000077E-05 6.557999849E-01 1.630699951E+03 3.528400000E+04 3.480499878E+02 1.115100021E+02 1.005899963E+02 9.887599945E+01 4.831399918E-01 4.753099978E-01 1.422400004E-03
 2.316500031E-04 3.450000077E-05 6.493499875E-01 5.272200195E+03 2.524400000E+04 3.479500122E+02 1.177600021E+02 1.049000015E+02 1.014000015E+02 5.074499846E-01 4.704999924E-01 1.436599996E-03
 2.337000042E-04 3.450000077E-05 6.427199841E-01 9.792299805E+03 1.698500000E+04 3.473900146E+02 1.242200012E+02 1.086999969E+02 8.747000122E+01 5.315499902E-01 4.649400115E-01 1.451399992E-03
 2.357500052E-04 3.450000077E-05 6.358100176E-01 4.991700195E+03 1.910200000E+04 3.466199951E+02 1.307599945E+02 1.123499985E+02 1.022300034E+02 5.558000207E-01 4.589299858E-01 1.467199996E-03
 2.378000063E-04 3.450000077E-05 6.292600036E-01 1.102400000E+04 1.202000000E+04 3.456400146E+02 1.371999969E+02 1.159599991E+02 1.149700012E+02 5.799700022E-01 4.529100060E-01 1.482399995E-03
 2.398499928E-04 3.450000077E-05 6.226400137E-01 1.003100000E+04 7.442200195E+03 3.446700134E+02 1.438899994E+02 1.192600021E+02 9.010800171E+01 6.042199731E-01 4.468899965E-01 1.498199999E-03
 2.418999939E-04 3.450000077E-05 6.157900095E-01 9.825299805E+03 8.136600098E+03 3.437000122E+02 1.508500061E+02 1.228199997E+02 7.266699982E+01 6.297699809E-01 4.407399893E-01 1.514800009E-03
 2.439499949E-04 3.450000077E-05 6.081399918E-01 1.871600000E+04 -5.000899902E+03 3.424599915E+02 1.580800018E+02 1.265100021E+02 5.910900116E+01 6.566900015E-01 4.336900115E-01 1.533900038E-03
 2.460000105E-04 3.450000077E-05 5.994700193E-01 1.729200000E+04 -8.144000000E+03 3.411000061E+02 1.657599945E+02 1.299900055E+02 3.838100052E+01 6.845600009E-01 4.258199930E-01 1.556099975E-03
 2.480499970E-04 3.450000077E-05 5.910500288E-01 1.941300000E+04 -6.104100098E+03 3.396600037E+02 1.735399933E+02 1.336300049E+02 4.546900177E+01 7.133100033E-01 4.180600047E-01 1.578300027E-03
 2.501000126E-04 3.450000077E-05 5.817999840E-01 2.841700000E+04 -2.563600098E+03 3.379299927E+02 1.817899933E+02 1.372100067E+02 5.880599976E+01 7.436299920E-01 4.094299972E-01 1.603399985E-03
 2.521499991E-04 3.450000077E-05 5.713000298E-01 3.667800000E+04 5.012299805E+03 3.359400024E+02 1.905800018E+02 1.409299927E+02 5.885400009E+01 7.761899829E-01 3.996700048E-01 1.632899977E-03
 2.541999856E-04 3.450000077E-05 5.597400069E-01 3.998000000E+04 6.041100098E+03 3.338099976E+02 2.000700073E+02 1.449499969E+02 6.594499969E+01 8.116099834E-01 3.891099989E-01 1.666700002E-03
 2.562500013E-04 3.450000077E-05 5.468199849E-01 4.520600000E+04 4.133699951E+02 3.313999939E+02 2.107100067E+02 1.488000031E+02 6.814099884E+01 8.504899740E-01 3.773800135E-01 1.706099953E-03
 2.582999878E-04 3.450000077E-05 5.321800113E-01 5.680400000E+04 -4.599500000E+03 3.284400024E+02 2.227299957E+02 1.525000000E+02 6.995999908E+01 8.940200210E-01 3.640100062E-01 1.753199962E-03
 2.603500034E-04 3.450000077E-05 5.150700212E-01 7.113400000E+04 4.429500122E+02 3.247399902E+02 2.364600067E+02 1.560299988E+02 6.967199707E+01 9.436600208E-01 3.483400047E-01 1.811600057E-03
 2.623999899E-04 3.450000077E-05 4.935800135E-01 8.422600000E+04 5.596299805E+03 3.199700012E+02 2.531600037E+02 1.597299957E+02 6.673400116E+01 1.004600048E+00 3.289400041E-01 1.890999964E-03
 2.644500055E-04 3.450000077E-05 4.362500012E-01 1.136400000E+05 4.196799805E+03 3.058999939E+02 2.941300049E+02 1.635299988E+02 5.683499908E+01 1.088199973E+00 3.027800024E-01 2.013100078E-03
 2.664999920E-04 3.450000077E-05 3.912500143E-01 1.375400000E+05 3.569199951E+03 2.945700073E+02 3.257200012E+02 1.653500061E+02 4.547600174E+01 1.137300014E+00 2.876600027E-01 2.087899949E-03
 2.050000039E-04 3.680000009E-05 7.902200222E-01 -4.604800000E+04 6.086100000E+04 3.114599915E+02 4.394200134E+01 2.007900047E+01 2.144100037E+02 1.644300073E-01 5.125100017E-01 1.180400024E-03
 2.070500050E-04 3.680000009E-05 7.851799726E-01 -5.029900000E+04 6.286200000E+04 3.133399963E+02 4.528699875E+01 2.373699951E+01 2.124700012E+02 1.737300009E-01 5.122900009E-01 1.188099966E-03
 2.091000060E-04 3.680000009E-05 7.738100290E-01 -6.313200000E+04 7.387400000E+04 3.173399963E+02 4.877500153E+01 3.157200050E+01 2.052400055E+02 1.960700005E-01 5.113099813E-01 1.205599983E-03
 2.111500071E-04 3.680000009E-05 7.605400085E-01 -7.309800000E+04 9.109400000E+04 3.216900024E+02 5.351499939E+01 4.001900101E+01 1.975200043E+02 2.238299996E-01 5.094000101E-01 1.226700027E-03
 2.131999936E-04 3.680000009E-05 7.467100024E-01 -6.579200000E+04 9.926300000E+04 3.262000122E+02 5.909999847E+01 4.797499847E+01 1.931600037E+02 2.530800104E-01 5.071399808E-01 1.249399967E-03
 2.152499947E-04 3.680000009E-05 7.328900099E-01 -5.917200000E+04 1.008100000E+05 3.306799927E+02 6.530400085E+01 5.531200027E+01 1.733999939E+02 2.825199962E-01 5.045899749E-01 1.273000031E-03
 2.172999957E-04 3.680000009E-05 7.195500135E-01 -6.084100000E+04 1.012400000E+05 3.347000122E+02 7.176899719E+01 6.242599869E+01 1.515200043E+02 3.120900095E-01 5.014399886E-01 1.296599978E-03
 2.193499968E-04 3.680000009E-05 7.073699832E-01 -4.727200000E+04 8.883900000E+04 3.380499878E+02 7.843599701E+01 6.891000366E+01 1.343999939E+02 3.408499956E-01 4.979000092E-01 1.318900031E-03
 2.213999978E-04 3.680000009E-05 6.959900260E-01 -3.098900000E+04 7.589500000E+04 3.408399963E+02 8.532800293E+01 7.468199921E+01 1.167099991E+02 3.686600029E-01 4.939399958E-01 1.340399962E-03
 2.234499989E-04 3.680000009E-05 6.856099963E-01 -2.544200000E+04 6.487100000E+04 3.428399963E+02 9.209799957E+01 8.004399872E+01 9.341200256E+01 3.955500126E-01 4.894500077E-01 1.360700000E-03
 2.254999999E-04 3.680000009E-05 6.768100262E-01 -1.841100000E+04 5.152600000E+04 3.442399902E+02 9.860500336E+01 8.508699799E+01 8.670500183E+01 4.213300049E-01 4.851399958E-01 1.378300018E-03
 2.275500010E-04 3.680000009E-05 6.688200235E-01 -9.573500000E+03 5.077200000E+04 3.452699890E+02 1.050400009E+02 8.971499634E+01 9.159200287E+01 4.462000132E-01 4.808599949E-01 1.394800027E-03
 2.296000021E-04 3.680000009E-05 6.606799960E-01 -4.069800049E+03 4.827200000E+04 3.460000000E+02 1.115400009E+02 9.422399902E+01 8.837400055E+01 4.711300135E-01 4.760000110E-01 1.412000041E-03
 2.316500031E-04 3.680000009E-05 6.527100205E-01 -3.433899902E+03 3.533500000E+04 3.463699951E+02 1.181600037E+02 9.846800232E+01 8.490599823E+01 4.960500002E-01 4.707799852E-01 1.429200056E-03
 2.337000042E-04 3.680000009E-05 6.455399990E-01 -1.178900024E+03 2.559300000E+04 3.463099976E+02 1.247900009E+02 1.022799988E+02 7.825099945E+01 5.204100013E-01 4.655300081E-01 1.444999943E-03
 2.357500052E-04 3.680000009E-05 6.388700008E-01 6.405300293E+02 2.387200000E+04 3.458699951E+02 1.314199982E+02 1.060699997E+02 8.535500336E+01 5.450599790E-01 4.601300061E-01 1.460099942E-03
 2.378000063E-04 3.680000009E-05 6.321099997E-01 5.945799805E+03 2.273400000E+04 3.450599976E+02 1.380000000E+02 1.097600021E+02 1.013499985E+02 5.697299838E-01 4.542100132E-01 1.475699944E-03
 2.398499928E-04 3.680000009E-05 6.248999834E-01 4.019699951E+03 2.060900000E+04 3.442600098E+02 1.446000061E+02 1.130999985E+02 8.836799622E+01 5.938400030E-01 4.479799867E-01 1.492799958E-03
 2.418999939E-04 3.680000009E-05 6.177200079E-01 8.524900391E+03 1.806600000E+04 3.433699951E+02 1.513600006E+02 1.166100006E+02 6.038800049E+01 6.188799739E-01 4.416899979E-01 1.510099974E-03
 2.439499949E-04 3.680000009E-05 6.096299887E-01 1.935000000E+04 2.793300049E+03 3.421799927E+02 1.586000061E+02 1.203000031E+02 6.483599854E+01 6.458899975E-01 4.343999922E-01 1.530200010E-03
 2.460000105E-04 3.680000009E-05 6.008999944E-01 2.018700000E+04 -1.192300049E+03 3.408200073E+02 1.661799927E+02 1.237200012E+02 7.378700256E+01 6.735399961E-01 4.264799953E-01 1.552399946E-03
 2.480499970E-04 3.680000009E-05 5.923100114E-01 2.201200000E+04 4.092500000E+03 3.394599915E+02 1.739600067E+02 1.272500000E+02 7.253099823E+01 7.021300197E-01 4.187000096E-01 1.575000002E-03
 2.501000126E-04 3.680000009E-05 5.831099749E-01 2.743600000E+04 1.271900024E+03 3.377200012E+02 1.822799988E+02 1.307400055E+02 6.297299957E+01 7.326499820E-01 4.100899994E-01 1.599799958E-03
 2.521499991E-04 3.680000009E-05 5.730000138E-01 3.842000000E+04 7.911799805E+03 3.356900024E+02 1.911499939E+02 1.343999939E+02 5.927600098E+01 7.654700279E-01 4.005599916E-01 1.628100057E-03
 2.541999856E-04 3.680000009E-05 5.612800121E-01 4.367300000E+04 9.390900391E+03 3.336300049E+02 2.007799988E+02 1.382899933E+02 6.077799988E+01 8.011100292E-01 3.899599910E-01 1.662099967E-03
 2.562500013E-04 3.680000009E-05 5.480099916E-01 4.572100000E+04 4.743399902E+03 3.313299866E+02 2.113800049E+02 1.418800049E+02 7.236199951E+01 8.394700289E-01 3.781200051E-01 1.702400041E-03
 2.582999878E-04 3.680000009E-05 5.331699848E-01 5.243600000E+04 -7.096099854E+02 3.283800049E+02 2.232799988E+02 1.453999939E+02 8.588899994E+01 8.825600147E-01 3.646200001E-01 1.749900053E-03
 2.603500034E-04 3.680000009E-05 5.158299804E-01 6.629500000E+04 -8.687999878E+02 3.246499939E+02 2.369199982E+02 1.489799957E+02 7.463400269E+01 9.323400259E-01 3.487699926E-01 1.809000038E-03
 2.623999899E-04 3.680000009E-05 4.937100112E-01 8.394600000E+04 1.811900024E+03 3.198599854E+02 2.538000031E+02 1.527500000E+02 6.110100174E+01 9.942899942E-01 3.289099932E-01 1.890599960E-03
 2.644500055E-04 3.680000009E-05 4.361799955E-01 1.153600000E+05 -5.303399902E+03 3.057999878E+02 2.950299988E+02 1.563600006E+02 4.984099960E+01 1.077999949E+00 3.029600084E-01 2.011700068E-03
 2.664999920E-04 3.680000009E-05 3.913199902E-01 1.376400000E+05 -1.007200000E+04 2.945199890E+02 3.266700134E+02 1.579700012E+02 4.293099976E+01 1.126399994E+00 2.882899940E-01 2.084299922E-03
 2.050000039E-04 3.909999941E-05 7.947300076E-01 -4.185500000E+04 4.433100000E+04 3.084500122E+02 4.884600067E+01 1.864399910E+01 1.966799927E+02 1.787399948E-01 5.104600191E-01 1.173699973E-03
 2.070500050E-04 3.909999941E-05 7.908200026E-01 -4.369200000E+04 5.042400000E+04 3.097999878E+02 4.984000015E+01 2.155100060E+01 1.986199951E+02 1.853999943E-01 5.101600289E-01 1.179600018E-03
 2.091000060E-04 3.909999941E-05 7.817900181E-01 -5.213400000E+04 6.560800000E+04 3.127900085E+02 5.243000031E+01 2.799200058E+01 1.981300049E+02 2.019699961E-01 5.091900229E-01 1.193200005E-03
 2.111500071E-04 3.909999941E-05 7.711099982E-01 -5.977100000E+04 7.988200000E+04 3.162900085E+02 5.619599915E+01 3.518899918E+01 1.908399963E+02 2.239899933E-01 5.078399777E-01 1.209800015E-03
 2.131999936E-04 3.909999941E-05 7.593899965E-01 -5.863100000E+04 8.690600000E+04 3.200000000E+02 6.088700104E+01 4.219100189E+01 1.754499969E+02 2.486899942E-01 5.059700012E-01 1.228500041E-03
 2.152499947E-04 3.909999941E-05 7.463300228E-01 -5.899500000E+04 9.521600000E+04 3.240599976E+02 6.621800232E+01 4.903699875E+01 1.630200043E+02 2.748199999E-01 5.035600066E-01 1.250099973E-03
 2.172999957E-04 3.909999941E-05 7.326999903E-01 -6.161100000E+04 1.028000000E+05 3.281099854E+02 7.208000183E+01 5.574300003E+01 1.512599945E+02 3.019900024E-01 5.005400181E-01 1.273300033E-03
 2.193499968E-04 3.909999941E-05 7.197600007E-01 -5.715200000E+04 9.963200000E+04 3.315899963E+02 7.840000153E+01 6.179600143E+01 1.225599976E+02 3.290799856E-01 4.969199896E-01 1.296199975E-03
 2.213999978E-04 3.909999941E-05 7.072299719E-01 -5.144400000E+04 9.248100000E+04 3.348399963E+02 8.506400299E+01 6.743699646E+01 1.020599976E+02 3.560799956E-01 4.930700064E-01 1.319200033E-03
 2.234499989E-04 3.909999941E-05 6.960999966E-01 -4.345600000E+04 8.252800000E+04 3.376099854E+02 9.167400360E+01 7.298999786E+01 9.061799622E+01 3.827899992E-01 4.893400073E-01 1.340199960E-03
 2.254999999E-04 3.909999941E-05 6.862499714E-01 -2.964400000E+04 7.227600000E+04 3.397699890E+02 9.809100342E+01 7.822000122E+01 8.332599640E+01 4.085299969E-01 4.855000079E-01 1.359399990E-03
 2.275500010E-04 3.909999941E-05 6.759200096E-01 -2.329100000E+04 6.631700000E+04 3.415599976E+02 1.046600037E+02 8.303299713E+01 8.073899841E+01 4.338800013E-01 4.807299972E-01 1.380200032E-03
 2.296000021E-04 3.909999941E-05 6.666899920E-01 -1.900500000E+04 5.567900000E+04 3.428800049E+02 1.113000031E+02 8.763500214E+01 6.781900024E+01 4.591600001E-01 4.760099947E-01 1.399199944E-03
 2.316500031E-04 3.909999941E-05 6.579999924E-01 -1.836700000E+04 4.543400000E+04 3.437000122E+02 1.180000000E+02 9.179000092E+01 7.199800110E+01 4.839999974E-01 4.709199965E-01 1.417799969E-03
 2.337000042E-04 3.909999941E-05 6.497700214E-01 -1.619200000E+04 3.879700000E+04 3.441000061E+02 1.246999969E+02 9.571499634E+01 7.920200348E+01 5.086399913E-01 4.655799866E-01 1.435699989E-03
 2.357500052E-04 3.909999941E-05 6.425300241E-01 -7.954899902E+03 3.002100000E+04 3.441199951E+02 1.312799988E+02 9.970600128E+01 6.432499695E+01 5.333600044E-01 4.604299963E-01 1.451799995E-03
 2.378000063E-04 3.909999941E-05 6.348299980E-01 2.514600098E+03 2.801700000E+04 3.438200073E+02 1.380099945E+02 1.036600037E+02 6.285499954E+01 5.587000251E-01 4.545199871E-01 1.469400013E-03
 2.398499928E-04 3.909999941E-05 6.269500256E-01 8.072200195E+03 2.640100000E+04 3.432799988E+02 1.448600006E+02 1.071500015E+02 7.377400208E+01 5.836899877E-01 4.481700063E-01 1.487900037E-03
 2.418999939E-04 3.909999941E-05 6.194199920E-01 1.173400000E+04 2.077700000E+04 3.426499939E+02 1.517700043E+02 1.104800034E+02 6.003599930E+01 6.086599827E-01 4.419899881E-01 1.505999942E-03
 2.439499949E-04 3.909999941E-05 6.116300225E-01 1.986500000E+04 1.312100000E+04 3.417699890E+02 1.589499969E+02 1.139700012E+02 6.390700150E+01 6.349999905E-01 4.352999926E-01 1.525199972E-03
 2.460000105E-04 3.909999941E-05 6.032199860E-01 2.223800000E+04 1.242600000E+04 3.404200134E+02 1.663800049E+02 1.175000000E+02 9.167700195E+01 6.625900269E-01 4.276199937E-01 1.546400017E-03
 2.480499970E-04 3.909999941E-05 5.941200256E-01 2.624100000E+04 1.264600000E+04 3.390299988E+02 1.741600037E+02 1.209499969E+02 7.885399628E+01 6.911699772E-01 4.194500148E-01 1.570199965E-03
 2.501000126E-04 3.909999941E-05 5.843499899E-01 2.884600000E+04 1.045900000E+04 3.375100098E+02 1.824499969E+02 1.241900024E+02 5.835200119E+01 7.210500240E-01 4.107100070E-01 1.596400049E-03
 2.521499991E-04 3.909999941E-05 5.740200281E-01 3.140500000E+04 1.706900000E+04 3.355899963E+02 1.913600006E+02 1.278600006E+02 6.869200134E+01 7.540400028E-01 4.011499882E-01 1.625200035E-03
 2.541999856E-04 3.909999941E-05 5.626299977E-01 3.397500000E+04 1.295600000E+04 3.335400085E+02 2.010899963E+02 1.316199951E+02 7.036499786E+01 7.898399830E-01 3.907899857E-01 1.658100053E-03
 2.562500013E-04 3.909999941E-05 5.492299795E-01 3.760800000E+04 5.127700195E+03 3.312000122E+02 2.120099945E+02 1.350599976E+02 7.335199738E+01 8.290399909E-01 3.788200021E-01 1.698700013E-03
 2.582999878E-04 3.909999941E-05 5.340800285E-01 4.922700000E+04 7.515799805E+03 3.281400146E+02 2.239299927E+02 1.385500031E+02 7.357800293E+01 8.725200295E-01 3.649800122E-01 1.746900030E-03
 2.603500034E-04 3.909999941E-05 5.165699720E-01 6.210000000E+04 4.233700195E+03 3.244800110E+02 2.375000000E+02 1.421199951E+02 6.509999847E+01 9.222599864E-01 3.490900099E-01 1.806400018E-03
 2.623999899E-04 3.909999941E-05 4.940499961E-01 7.975200000E+04 -2.646000000E+03 3.196799927E+02 2.546399994E+02 1.456799927E+02 6.729299927E+01 9.850000143E-01 3.289600015E-01 1.889299951E-03
 2.644500055E-04 3.909999941E-05 4.365800023E-01 1.140800000E+05 -8.408299805E+03 3.054899902E+02 2.958299866E+02 1.490099945E+02 5.612200165E+01 1.068699956E+00 3.030399978E-01 2.009199932E-03
 2.664999920E-04 3.909999941E-05 3.917599916E-01 1.359900000E+05 -1.315000000E+04 2.941900024E+02 3.273699951E+02 1.505800018E+02 4.553599930E+01 1.116799951E+00 2.885099947E-01 2.080800012E-03
 2.050000039E-04 4.139999874E-05 7.978000045E-01 -2.998200000E+04 2.988000000E+04 3.061300049E+02 5.347000122E+01 1.741399956E+01 1.713899994E+02 1.929499954E-01 5.085800290E-01 1.169200055E-03
 2.070500050E-04 4.139999874E-05 7.949500084E-01 -3.782500000E+04 3.070400000E+04 3.070499878E+02 5.430699921E+01 1.985700035E+01 1.766699982E+02 1.982299984E-01 5.082799792E-01 1.173399971E-03
 2.091000060E-04 4.139999874E-05 7.881699800E-01 -4.444400000E+04 4.925800000E+04 3.092399902E+02 5.637900162E+01 2.528199959E+01 1.713200073E+02 2.111099958E-01 5.075200200E-01 1.183500048E-03
 2.111500071E-04 4.139999874E-05 7.795299888E-01 -4.589800000E+04 7.115600000E+04 3.118500061E+02 5.940100098E+01 3.135000038E+01 1.691699982E+02 2.284799963E-01 5.061900020E-01 1.196700032E-03
 2.131999936E-04 4.139999874E-05 7.697200179E-01 -5.177600000E+04 7.802800000E+04 3.146600037E+02 6.332199860E+01 3.748099899E+01 1.596100006E+02 2.491299957E-01 5.043100119E-01 1.212000032E-03
 2.152499947E-04 4.139999874E-05 7.586500049E-01 -5.579400000E+04 8.870100000E+04 3.179400024E+02 6.793299866E+01 4.367699814E+01 1.436799927E+02 2.719700038E-01 5.022299886E-01 1.229700050E-03
 2.172999957E-04 4.139999874E-05 7.457799911E-01 -5.716600000E+04 1.037700000E+05 3.216700134E+02 7.318199921E+01 4.973600006E+01 1.443600006E+02 2.962000072E-01 4.994800091E-01 1.250999980E-03
 2.193499968E-04 4.139999874E-05 7.329300046E-01 -5.686100000E+04 1.092700000E+05 3.251099854E+02 7.892099762E+01 5.532099915E+01 1.319199982E+02 3.208799958E-01 4.961299896E-01 1.272900030E-03
 2.213999978E-04 4.139999874E-05 7.203900218E-01 -5.727600000E+04 9.890200000E+04 3.283900146E+02 8.494200134E+01 6.067200089E+01 1.083600006E+02 3.457500041E-01 4.925499856E-01 1.295099966E-03
 2.234499989E-04 4.139999874E-05 7.085199952E-01 -5.019900000E+04 8.710400000E+04 3.315100098E+02 9.113899994E+01 6.615000153E+01 9.379900360E+01 3.712500036E-01 4.890500009E-01 1.316700014E-03
 2.254999999E-04 4.139999874E-05 6.973999739E-01 -3.604300000E+04 8.800300000E+04 3.342200012E+02 9.756199646E+01 7.136299896E+01 7.329599762E+01 3.968499899E-01 4.853200018E-01 1.337700058E-03
 2.275500010E-04 4.139999874E-05 6.854900122E-01 -3.230400000E+04 8.477900000E+04 3.366799927E+02 1.042699966E+02 7.621499634E+01 6.694100189E+01 4.224799871E-01 4.805499911E-01 1.361000002E-03
 2.296000021E-04 4.139999874E-05 6.752899885E-01 -2.822600000E+04 6.898300000E+04 3.385799866E+02 1.108399963E+02 8.091300201E+01 7.239800262E+01 4.476400018E-01 4.760800004E-01 1.381500042E-03
 2.316500031E-04 4.139999874E-05 6.657800078E-01 -2.536200000E+04 6.174600000E+04 3.399700012E+02 1.174199982E+02 8.506199646E+01 7.517700195E+01 4.719800055E-01 4.713099897E-01 1.401199959E-03
 2.337000042E-04 4.139999874E-05 6.564400196E-01 -1.944800000E+04 5.905900000E+04 3.407600098E+02 1.241299973E+02 8.908300018E+01 7.492500305E+01 4.967600107E-01 4.657900035E-01 1.421099994E-03
 2.357500052E-04 4.139999874E-05 6.481900215E-01 -1.075900000E+04 4.464100000E+04 3.412500000E+02 1.307500000E+02 9.317900085E+01 5.834700012E+01 5.216500163E-01 4.605999887E-01 1.439200016E-03
 2.378000063E-04 4.139999874E-05 6.395400167E-01 -1.611599976E+03 4.117400000E+04 3.415700073E+02 1.376900024E+02 9.708000183E+01 6.074200058E+01 5.471299887E-01 4.548799992E-01 1.458700048E-03
 2.398499928E-04 4.139999874E-05 6.310899854E-01 6.015500000E+03 4.358200000E+04 3.414200134E+02 1.447400055E+02 1.007399979E+02 7.421299744E+01 5.728200078E-01 4.486800134E-01 1.478199963E-03
 2.418999939E-04 4.139999874E-05 6.226599813E-01 7.559700195E+03 3.403900000E+04 3.412000122E+02 1.518399963E+02 1.042099991E+02 7.073600006E+01 5.983899832E-01 4.424000084E-01 1.498199999E-03
 2.439499949E-04 4.139999874E-05 6.140300035E-01 1.274500000E+04 2.377000000E+04 3.407200012E+02 1.591900024E+02 1.077099991E+02 6.411299896E+01 6.249700189E-01 4.356600046E-01 1.519200043E-03
 2.460000105E-04 4.139999874E-05 6.050300002E-01 1.777900000E+04 2.120800000E+04 3.396199951E+02 1.667100067E+02 1.114499969E+02 7.616999817E+01 6.531000137E-01 4.278999865E-01 1.541799982E-03
 2.480499970E-04 4.139999874E-05 5.957800150E-01 2.113400000E+04 1.413100000E+04 3.382999878E+02 1.744499969E+02 1.148700027E+02 7.133999634E+01 6.816099882E-01 4.197100103E-01 1.565800048E-03
 2.501000126E-04 4.139999874E-05 5.856999755E-01 2.040000000E+04 1.310300000E+04 3.369700012E+02 1.827200012E+02 1.178799973E+02 6.259700012E+01 7.109599710E-01 4.109899998E-01 1.592800021E-03
 2.521499991E-04 4.139999874E-05 5.748999715E-01 2.595800000E+04 2.121900000E+04 3.353099976E+02 1.915299988E+02 1.213899994E+02 7.285199738E+01 7.432600260E-01 4.014399946E-01 1.622700016E-03
 2.541999856E-04 4.139999874E-05 5.635200143E-01 3.217900000E+04 1.638800000E+04 3.332399902E+02 2.011199951E+02 1.248300018E+02 7.240899658E+01 7.783100009E-01 3.910599947E-01 1.655500033E-03
 2.562500013E-04 4.139999874E-05 5.498600006E-01 3.610500000E+04 8.498599609E+03 3.307999878E+02 2.121600037E+02 1.281999969E+02 6.529799652E+01 8.180500269E-01 3.788000047E-01 1.696799998E-03
 2.582999878E-04 4.139999874E-05 5.346500278E-01 4.926900000E+04 7.282100098E+03 3.278200073E+02 2.242400055E+02 1.318600006E+02 5.944400024E+01 8.623700142E-01 3.650099933E-01 1.745000016E-03
 2.603500034E-04 4.139999874E-05 5.172399879E-01 6.536700000E+04 7.888100098E+03 3.242600098E+02 2.379299927E+02 1.352599945E+02 5.691500092E+01 9.123100042E-01 3.492999971E-01 1.804100000E-03
 2.623999899E-04 4.139999874E-05 4.948900044E-01 7.938000000E+04 3.555500000E+03 3.194700012E+02 2.549900055E+02 1.385299988E+02 5.506900024E+01 9.746400118E-01 3.293099999E-01 1.886100043E-03
 2.644500055E-04 4.139999874E-05 4.372600019E-01 1.133500000E+05 -1.756900024E+03 3.052099915E+02 2.960899963E+02 1.416699982E+02 5.073199844E+01 1.058599949E+00 3.031600118E-01 2.006599912E-03
 2.664999920E-04 4.139999874E-05 3.922199905E-01 1.401700000E+05 -4.527000000E+03 2.938500061E+02 3.276499939E+02 1.431600037E+02 4.808000183E+01 1.107399940E+00 2.883599997E-01 2.079100115E-03
 2.050000039E-04 4.370000170E-05 8.002799749E-01 -1.934700000E+04 2.697400000E+04 3.042699890E+02 5.859999847E+01 1.663100052E+01 1.521100006E+02 2.096100003E-01 5.070599914E-01 1.165600028E-03
 2.070500050E-04 4.370000170E-05 7.981100082E-01 -2.208400000E+04 2.441500000E+04 3.048900146E+02 5.914599991E+01 1.865200043E+01 1.584499969E+02 2.132800072E-01 5.067200065E-01 1.168800052E-03
 2.091000060E-04 4.370000170E-05 7.929300070E-01 -2.636800000E+04 3.948800000E+04 3.064200134E+02 6.060699844E+01 2.314900017E+01 1.537400055E+02 2.226099968E-01 5.059400201E-01 1.176399994E-03
 2.111500071E-04 4.370000170E-05 7.856799960E-01 -3.544700000E+04 5.615700000E+04 3.084400024E+02 6.303099823E+01 2.827700043E+01 1.505800018E+02 2.362499982E-01 5.046300292E-01 1.187299960E-03
 2.131999936E-04 4.370000170E-05 7.770400047E-01 -4.455100000E+04 6.623300000E+04 3.106000061E+02 6.630999756E+01 3.365299988E+01 1.490299988E+02 2.533900142E-01 5.025699735E-01 1.200499944E-03
 2.152499947E-04 4.370000170E-05 7.680299878E-01 -4.787200000E+04 7.760300000E+04 3.129899902E+02 7.017800140E+01 3.917900085E+01 1.415000000E+02 2.727900147E-01 5.005400181E-01 1.214600052E-03
 2.172999957E-04 4.370000170E-05 7.569599748E-01 -4.726700000E+04 8.970400000E+04 3.160400085E+02 7.470500183E+01 4.457899857E+01 1.451499939E+02 2.937900126E-01 4.981200099E-01 1.232399954E-03
 2.193499968E-04 4.370000170E-05 7.447199821E-01 -4.640000000E+04 9.924300000E+04 3.192200012E+02 7.976300049E+01 4.971200180E+01 1.323600006E+02 3.157899976E-01 4.949899912E-01 1.252699993E-03
 2.213999978E-04 4.370000170E-05 7.329599857E-01 -4.811300000E+04 8.601700000E+04 3.222500000E+02 8.515599823E+01 5.474499893E+01 1.105599976E+02 3.385199904E-01 4.917899966E-01 1.272800029E-03
 2.234499989E-04 4.370000170E-05 7.208999991E-01 -4.629900000E+04 8.659000000E+04 3.253099976E+02 9.097599792E+01 5.979100037E+01 9.087100220E+01 3.623000085E-01 4.882999957E-01 1.294099959E-03
 2.254999999E-04 4.370000170E-05 7.089400291E-01 -4.473600000E+04 1.008900000E+05 3.282799988E+02 9.719999695E+01 6.471800232E+01 6.987400055E+01 3.868399858E-01 4.845899940E-01 1.315900008E-03
 2.275500010E-04 4.370000170E-05 6.973299980E-01 -4.113600000E+04 9.832800000E+04 3.309299927E+02 1.036600037E+02 6.950700378E+01 6.924299622E+01 4.117799997E-01 4.804899991E-01 1.337899943E-03
 2.296000021E-04 4.370000170E-05 6.862900257E-01 -3.268500000E+04 8.202000000E+04 3.331799927E+02 1.102099991E+02 7.419599915E+01 7.621800232E+01 4.368500113E-01 4.761100113E-01 1.359399990E-03
 2.316500031E-04 4.370000170E-05 6.753799915E-01 -2.742100000E+04 7.693900000E+04 3.351499939E+02 1.168600006E+02 7.838300323E+01 6.643399811E+01 4.613400102E-01 4.713099897E-01 1.381300041E-03
 2.337000042E-04 4.370000170E-05 6.652799845E-01 -1.802100000E+04 7.508500000E+04 3.364800110E+02 1.234899979E+02 8.241200256E+01 4.876599884E+01 4.857900143E-01 4.661200047E-01 1.402299968E-03
 2.357500052E-04 4.370000170E-05 6.561300159E-01 -8.370500000E+03 6.506900000E+04 3.373800049E+02 1.301199951E+02 8.649500275E+01 4.633100128E+01 5.105500221E-01 4.609400034E-01 1.421800000E-03
 2.378000063E-04 4.370000170E-05 6.466400027E-01 -4.053699951E+03 6.359900000E+04 3.382000122E+02 1.370000000E+02 9.036000061E+01 6.135800171E+01 5.356100202E-01 4.553900063E-01 1.442700042E-03
 2.398499928E-04 4.370000170E-05 6.370499730E-01 -1.800099976E+03 5.884000000E+04 3.386400146E+02 1.440599976E+02 9.407499695E+01 7.134100342E+01 5.611699820E-01 4.492200017E-01 1.464399975E-03
 2.418999939E-04 4.370000170E-05 6.274399757E-01 -4.394299805E+03 5.147900000E+04 3.387500000E+02 1.514100037E+02 9.770500183E+01 6.345899963E+01 5.876200199E-01 4.425899982E-01 1.486800029E-03
 2.439499949E-04 4.370000170E-05 6.177999973E-01 -5.353700195E+03 3.978900000E+04 3.385899963E+02 1.589400024E+02 1.013799973E+02 4.927399826E+01 6.148999929E-01 4.355899990E-01 1.509999973E-03
 2.460000105E-04 4.370000170E-05 6.079800129E-01 6.229500000E+03 3.101600000E+04 3.379599915E+02 1.666799927E+02 1.051299973E+02 6.020299911E+01 6.433899999E-01 4.278700054E-01 1.534400042E-03
 2.480499970E-04 4.370000170E-05 5.982999802E-01 1.438000000E+04 2.425000000E+04 3.370700073E+02 1.747100067E+02 1.085899963E+02 7.950499725E+01 6.724799871E-01 4.199500084E-01 1.559199998E-03
 2.501000126E-04 4.370000170E-05 5.879700184E-01 2.069500000E+04 1.864100000E+04 3.359100037E+02 1.831000061E+02 1.115999985E+02 7.941400146E+01 7.022100091E-01 4.112899899E-01 1.586599974E-03
 2.521499991E-04 4.370000170E-05 5.767099857E-01 3.074600000E+04 1.838400000E+04 3.343699951E+02 1.919799957E+02 1.149400024E+02 7.423999786E+01 7.344499826E-01 4.015600085E-01 1.617599977E-03
 2.541999856E-04 4.370000170E-05 5.647299886E-01 3.649900000E+04 1.391500000E+04 3.324299927E+02 2.016399994E+02 1.182200012E+02 6.911499786E+01 7.694799900E-01 3.909400105E-01 1.652000006E-03
 2.562500013E-04 4.370000170E-05 5.510900021E-01 3.914400000E+04 1.232800000E+04 3.300499878E+02 2.123899994E+02 1.213499985E+02 5.677199936E+01 8.081600070E-01 3.787800074E-01 1.692899968E-03
 2.582999878E-04 4.370000170E-05 5.359100103E-01 4.515700000E+04 1.128200000E+04 3.272600098E+02 2.243099976E+02 1.247900009E+02 5.208700180E+01 8.516799808E-01 3.652400076E-01 1.740999985E-03
 2.603500034E-04 4.370000170E-05 5.181300044E-01 6.230100000E+04 1.149700000E+04 3.237200012E+02 2.382100067E+02 1.281600037E+02 5.181800079E+01 9.024400115E-01 3.493199944E-01 1.800999977E-03
 2.623999899E-04 4.370000170E-05 4.956699908E-01 7.825200000E+04 8.157799805E+03 3.189700012E+02 2.553399963E+02 1.314900055E+02 5.477600098E+01 9.653699994E-01 3.293099999E-01 1.883100020E-03
 2.644500055E-04 4.370000170E-05 4.379400015E-01 1.111900000E+05 7.604899902E+02 3.048099976E+02 2.965199890E+02 1.344799957E+02 5.025699997E+01 1.049100041E+00 3.034999967E-01 2.002099995E-03
 2.664999920E-04 4.370000170E-05 3.928200006E-01 1.372300000E+05 -1.631000000E+03 2.933999939E+02 3.281900024E+02 1.357899933E+02 3.834500122E+01 1.097700000E+00 2.888999879E-01 2.073199954E-03
 2.050000039E-04 4.600000102E-05 8.019199967E-01 -1.610600000E+04 1.856500000E+04 3.026499939E+02 6.416100311E+01 1.619400024E+01 1.456499939E+02 2.283100039E-01 5.054000020E-01 1.163200010E-03
 2.070500050E-04 4.600000102E-05 8.001199961E-01 -1.002000000E+04 1.928600000E+04 3.031099854E+02 6.457099915E+01 1.796800041E+01 1.563600006E+02 2.311500013E-01 5.050200224E-01 1.165800029E-03
 2.091000060E-04 4.600000102E-05 7.958800197E-01 -1.517100000E+04 2.496000000E+04 3.040799866E+02 6.562400055E+01 2.173500061E+01 1.598800049E+02 2.380499989E-01 5.039600134E-01 1.171999960E-03
 2.111500071E-04 4.600000102E-05 7.898300290E-01 -3.026200000E+04 3.359300000E+04 3.055700073E+02 6.738899994E+01 2.597400093E+01 1.486999969E+02 2.480999976E-01 5.025699735E-01 1.181000029E-03
 2.131999936E-04 4.600000102E-05 7.825099826E-01 -3.542300000E+04 4.481700000E+04 3.072699890E+02 6.994599915E+01 3.059700012E+01 1.415299988E+02 2.615300119E-01 5.006800294E-01 1.192099997E-03
 2.152499947E-04 4.600000102E-05 7.750999928E-01 -3.497800000E+04 5.560100000E+04 3.090199890E+02 7.308899689E+01 3.546400070E+01 1.307599945E+02 2.775000036E-01 4.987500012E-01 1.203499967E-03
 2.172999957E-04 4.600000102E-05 7.661200166E-01 -3.360400000E+04 6.484600000E+04 3.113299866E+02 7.690699768E+01 4.024499893E+01 1.280000000E+02 2.953599989E-01 4.966399968E-01 1.217699959E-03
 2.193499968E-04 4.600000102E-05 7.552599907E-01 -3.983000000E+04 7.675900000E+04 3.139700012E+02 8.137500000E+01 4.483499908E+01 1.124300003E+02 3.147999942E-01 4.937599897E-01 1.235199976E-03
 2.213999978E-04 4.600000102E-05 7.441999912E-01 -3.986600000E+04 8.105200000E+04 3.165199890E+02 8.626899719E+01 4.950400162E+01 1.031100006E+02 3.356199861E-01 4.904699922E-01 1.253599999E-03
 2.234499989E-04 4.600000102E-05 7.329099774E-01 -3.640000000E+04 8.822000000E+04 3.191499939E+02 9.155500031E+01 5.404299927E+01 9.290799713E+01 3.572300076E-01 4.870299995E-01 1.272900030E-03
 2.254999999E-04 4.600000102E-05 7.212299705E-01 -3.924900000E+04 9.791700000E+04 3.220899963E+02 9.723200226E+01 5.860900116E+01 8.893599701E+01 3.797099888E-01 4.836699963E-01 1.293499954E-03
 2.275500010E-04 4.600000102E-05 7.097100019E-01 -3.706400000E+04 9.891900000E+04 3.247500000E+02 1.032300034E+02 6.319400024E+01 8.600299835E+01 4.031400084E-01 4.798899889E-01 1.314499998E-03
 2.296000021E-04 4.600000102E-05 6.981199980E-01 -3.633100000E+04 9.208700000E+04 3.270799866E+02 1.095800018E+02 6.754299927E+01 6.565000153E+01 4.272100031E-01 4.754300117E-01 1.336400048E-03
 2.316500031E-04 4.600000102E-05 6.863399744E-01 -3.753800000E+04 8.816600000E+04 3.292999878E+02 1.162099991E+02 7.177300262E+01 5.568399811E+01 4.517700076E-01 4.706000090E-01 1.359299989E-03
 2.337000042E-04 4.600000102E-05 6.756399870E-01 -2.997100000E+04 8.529200000E+04 3.312300110E+02 1.227200012E+02 7.594699860E+01 4.226399994E+01 4.759199917E-01 4.659900069E-01 1.380800037E-03
 2.357500052E-04 4.600000102E-05 6.653800011E-01 -1.746600000E+04 8.132700000E+04 3.327300110E+02 1.292400055E+02 8.002799988E+01 5.640200043E+01 5.001599789E-01 4.609900117E-01 1.402099966E-03
 2.378000063E-04 4.600000102E-05 6.546499729E-01 -1.291100000E+04 8.290900000E+04 3.339200134E+02 1.360700073E+02 8.390200043E+01 6.236000061E+01 5.250399709E-01 4.551799893E-01 1.425000024E-03
 2.398499928E-04 4.600000102E-05 6.439099908E-01 -1.314100000E+04 7.071400000E+04 3.348699951E+02 1.431999969E+02 8.750900269E+01 5.834600067E+01 5.504299998E-01 4.489899874E-01 1.448799972E-03
 2.418999939E-04 4.600000102E-05 6.334499717E-01 -1.255000000E+04 6.252000000E+04 3.354200134E+02 1.506399994E+02 9.109600067E+01 5.527199936E+01 5.769299865E-01 4.424299896E-01 1.472700038E-03
 2.439499949E-04 4.600000102E-05 6.234099865E-01 -6.238100098E+03 5.405200000E+04 3.355400085E+02 1.582100067E+02 9.472399902E+01 3.605699921E+01 6.041899920E-01 4.355799854E-01 1.496399986E-03
 2.460000105E-04 4.600000102E-05 6.132000089E-01 2.703000000E+03 3.903900000E+04 3.354299927E+02 1.660800018E+02 9.831900024E+01 4.641400146E+01 6.324700117E-01 4.283199906E-01 1.521299942E-03
 2.480499970E-04 4.600000102E-05 6.025500298E-01 2.251199951E+03 4.170500000E+04 3.350299988E+02 1.744100037E+02 1.018499985E+02 7.161900330E+01 6.622899771E-01 4.203700125E-01 1.548200031E-03
 2.501000126E-04 4.600000102E-05 5.912700295E-01 1.208500000E+04 3.982100000E+04 3.339700012E+02 1.831300049E+02 1.051299973E+02 6.648300171E+01 6.935099959E-01 4.112100005E-01 1.577800023E-03
 2.521499991E-04 4.600000102E-05 5.795599818E-01 2.290800000E+04 2.822200000E+04 3.325799866E+02 1.922400055E+02 1.084199982E+02 6.331499863E+01 7.263600230E-01 4.013800025E-01 1.609700033E-03
 2.541999856E-04 4.600000102E-05 5.671200156E-01 2.481300000E+04 2.153800000E+04 3.310700073E+02 2.019199982E+02 1.116100006E+02 5.615800095E+01 7.610499859E-01 3.909899890E-01 1.644999953E-03
 2.562500013E-04 4.600000102E-05 5.531200171E-01 2.893100000E+04 1.870000000E+04 3.290400085E+02 2.125700073E+02 1.146600037E+02 4.306900024E+01 7.991700172E-01 3.790099919E-01 1.686700038E-03
 2.582999878E-04 4.600000102E-05 5.376700163E-01 4.387800000E+04 1.947400000E+04 3.263500061E+02 2.243999939E+02 1.177600021E+02 5.437699890E+01 8.420199752E-01 3.654200137E-01 1.735299942E-03
 2.603500034E-04 4.600000102E-05 5.195500255E-01 6.578100000E+04 1.580000000E+04 3.228800049E+02 2.382500000E+02 1.210400009E+02 5.143399811E+01 8.926900029E-01 3.493599892E-01 1.796100056E-03
 2.623999899E-04 4.600000102E-05 4.967699945E-01 7.738900000E+04 1.087900000E+04 3.182999878E+02 2.554299927E+02 1.243600006E+02 5.608000183E+01 9.559100270E-01 3.293400109E-01 1.878999989E-03
 2.644500055E-04 4.600000102E-05 4.387800097E-01 1.067600000E+05 9.159599609E+03 3.042999878E+02 2.966700134E+02 1.271500015E+02 5.384600067E+01 1.039800048E+00 3.036000133E-01 1.998200081E-03
 2.664999920E-04 4.600000102E-05 3.934699893E-01 1.319100000E+05 7.581799805E+03 2.929200134E+02 3.283500061E+02 1.283500061E+02 3.516699982E+01 1.088600039E+00 2.889600098E-01 2.069500042E-03
 2.050000039E-04 4.830000034E-05 8.043100238E-01 -6.848200195E+03 7.022799805E+03 3.010899963E+02 6.950299835E+01 1.575199986E+01 1.495599976E+02 2.465099990E-01 5.042799711E-01 1.159799984E-03
 2.070500050E-04 4.830000034E-05 8.024700284E-01 -2.499100098E+03 9.834299805E+03 3.013800049E+02 6.989199829E+01 1.743700027E+01 1.526799927E+02 2.491099983E-01 5.036200285E-01 1.162400004E-03
 2.091000060E-04 4.830000034E-05 7.982699871E-01 -8.864200195E+03 1.418800000E+04 3.020199890E+02 7.088700104E+01 2.077000046E+01 1.501999969E+02 2.551699877E-01 5.020499825E-01 1.168500050E-03
 2.111500071E-04 4.830000034E-05 7.933800220E-01 -1.701900000E+04 2.324300000E+04 3.030199890E+02 7.225800323E+01 2.435199928E+01 1.448800049E+02 2.630000114E-01 5.006099939E-01 1.175799989E-03
 2.131999936E-04 4.830000034E-05 7.875000238E-01 -2.036400000E+04 2.841700000E+04 3.042799988E+02 7.421800232E+01 2.819799995E+01 1.492200012E+02 2.732700109E-01 4.989799857E-01 1.184500055E-03
 2.152499947E-04 4.830000034E-05 7.809299827E-01 -2.591700000E+04 3.651800000E+04 3.057000122E+02 7.689700317E+01 3.232799911E+01 1.328300018E+02 2.864699960E-01 4.971199930E-01 1.194500015E-03
 2.172999957E-04 4.830000034E-05 7.735800147E-01 -2.653700000E+04 4.956600000E+04 3.074299927E+02 8.018599701E+01 3.655500031E+01 1.163099976E+02 3.017700016E-01 4.952099919E-01 1.205899986E-03
 2.193499968E-04 4.830000034E-05 7.645400167E-01 -3.162100000E+04 6.040100000E+04 3.093900146E+02 8.399900055E+01 4.069599915E+01 1.023099976E+02 3.185699880E-01 4.925499856E-01 1.220199978E-03
 2.213999978E-04 4.830000034E-05 7.544299960E-01 -3.187500000E+04 7.326800000E+04 3.114200134E+02 8.828299713E+01 4.494499969E+01 1.106200027E+02 3.370000124E-01 4.892199934E-01 1.236499986E-03
 2.234499989E-04 4.830000034E-05 7.441599965E-01 -3.137700000E+04 8.096200000E+04 3.136099854E+02 9.291799927E+01 4.897499847E+01 1.268199997E+02 3.560500145E-01 4.859299958E-01 1.253599999E-03
 2.254999999E-04 4.830000034E-05 7.332500219E-01 -3.439200000E+04 8.331200000E+04 3.161300049E+02 9.793599701E+01 5.321200180E+01 1.200000000E+02 3.762899935E-01 4.826599956E-01 1.272300025E-03
 2.275500010E-04 4.830000034E-05 7.216600180E-01 -3.965800000E+04 8.760900000E+04 3.186000061E+02 1.033899994E+02 5.742599869E+01 9.968800354E+01 3.977000117E-01 4.787299931E-01 1.292699948E-03
 2.296000021E-04 4.830000034E-05 7.099000216E-01 -4.395500000E+04 9.636300000E+04 3.208800049E+02 1.092799988E+02 6.141099930E+01 7.026599884E+01 4.200400114E-01 4.742999971E-01 1.314199995E-03
 2.316500031E-04 4.830000034E-05 6.980999708E-01 -4.280000000E+04 9.443200000E+04 3.231499939E+02 1.155500031E+02 6.553299713E+01 6.780500031E+01 4.435400069E-01 4.697200060E-01 1.336400048E-03
 2.337000042E-04 4.830000034E-05 6.868299842E-01 -3.856100000E+04 8.957000000E+04 3.253699951E+02 1.219199982E+02 6.964099884E+01 7.035600281E+01 4.671800137E-01 4.653100073E-01 1.358299982E-03
 2.357500052E-04 4.830000034E-05 6.754299998E-01 -3.240200000E+04 9.208600000E+04 3.272600098E+02 1.285700073E+02 7.372499847E+01 8.236399841E+01 4.917100072E-01 4.602499902E-01 1.381200040E-03
 2.378000063E-04 4.830000034E-05 6.640599966E-01 -2.891600000E+04 9.662200000E+04 3.288099976E+02 1.354900055E+02 7.747100067E+01 7.663099670E+01 5.166000128E-01 4.546500146E-01 1.404899987E-03
 2.398499928E-04 4.830000034E-05 6.527100205E-01 -2.718000000E+04 8.800200000E+04 3.302300110E+02 1.425099945E+02 8.102400208E+01 5.813800049E+01 5.414199829E-01 4.488199949E-01 1.429300057E-03
 2.418999939E-04 4.830000034E-05 6.412000060E-01 -2.145100000E+04 7.728500000E+04 3.312399902E+02 1.498200073E+02 8.453900146E+01 5.362599945E+01 5.672900081E-01 4.422599971E-01 1.454900019E-03
 2.439499949E-04 4.830000034E-05 6.305099726E-01 -6.609500000E+03 6.792000000E+04 3.317200012E+02 1.573500061E+02 8.795600128E+01 4.827600098E+01 5.940499902E-01 4.355199933E-01 1.479599974E-03
 2.460000105E-04 4.830000034E-05 6.199100018E-01 8.560000000E+02 5.171700000E+04 3.319700012E+02 1.651199951E+02 9.138999939E+01 4.726900101E+01 6.216899753E-01 4.285199940E-01 1.504900050E-03
 2.480499970E-04 4.830000034E-05 6.081900001E-01 -2.596300049E+03 5.457500000E+04 3.319200134E+02 1.735200043E+02 9.493099976E+01 4.973199844E+01 6.515899897E-01 4.203700125E-01 1.533900038E-03
 2.501000126E-04 4.830000034E-05 5.958499908E-01 6.455900269E+02 5.368000000E+04 3.312900085E+02 1.824499969E+02 9.844000244E+01 4.654600143E+01 6.836299896E-01 4.110499918E-01 1.565700048E-03
 2.521499991E-04 4.830000034E-05 5.838199854E-01 1.358700000E+04 3.899900000E+04 3.302399902E+02 1.915800018E+02 1.017099991E+02 5.466299820E+01 7.163800001E-01 4.014799893E-01 1.597999944E-03
 2.541999856E-04 4.830000034E-05 5.706899762E-01 1.957300000E+04 3.459000000E+04 3.289500122E+02 2.013899994E+02 1.047699966E+02 4.857300186E+01 7.512599826E-01 3.909299970E-01 1.634799992E-03
 2.562500013E-04 4.830000034E-05 5.561000109E-01 2.360100000E+04 2.964400000E+04 3.272799988E+02 2.123200073E+02 1.077799988E+02 3.277399826E+01 7.900000215E-01 3.790000081E-01 1.677699969E-03
 2.582999878E-04 4.830000034E-05 5.403400064E-01 4.343800000E+04 2.942100000E+04 3.248399963E+02 2.243200073E+02 1.108799973E+02 4.700899887E+01 8.333399892E-01 3.655300140E-01 1.726799994E-03
 2.603500034E-04 4.830000034E-05 5.217800140E-01 6.540600000E+04 2.931400000E+04 3.214899902E+02 2.381100006E+02 1.139599991E+02 5.166600037E+01 8.837199807E-01 3.493500054E-01 1.788399997E-03
 2.623999899E-04 4.830000034E-05 4.990999997E-01 7.759700000E+04 2.380700000E+04 3.172200012E+02 2.551300049E+02 1.169800034E+02 4.590100098E+01 9.459800124E-01 3.297599852E-01 1.870100037E-03
 2.644500055E-04 4.830000034E-05 4.405699968E-01 1.058900000E+05 2.012900000E+04 3.034599915E+02 2.964500122E+02 1.196200027E+02 3.906299973E+01 1.029800057E+00 3.041400015E-01 1.989499899E-03
 2.664999920E-04 4.830000034E-05 3.945400119E-01 1.300600000E+05 1.670000000E+04 2.921199951E+02 3.282300110E+02 1.207500000E+02 3.278499985E+01 1.078699946E+00 2.893100083E-01 2.062099986E-03
 2.050000039E-04 5.059999967E-05 8.045799732E-01 9.884400024E+02 9.418400391E+03 3.001199951E+02 7.457399750E+01 1.535299969E+01 1.403300018E+02 2.637700140E-01 5.028300285E-01 1.159399981E-03
 2.070500050E-04 5.059999967E-05 8.029400110E-01 -8.702299805E+02 9.254200195E+03 3.002999878E+02 7.489800262E+01 1.686499977E+01 1.457700043E+02 2.659499943E-01 5.021100044E-01 1.161699998E-03
 2.091000060E-04 5.059999967E-05 7.993999720E-01 -5.513600098E+03 1.009800000E+04 3.006700134E+02 7.580400085E+01 1.989599991E+01 1.413899994E+02 2.713199854E-01 5.005199909E-01 1.166900038E-03
 2.111500071E-04 5.059999967E-05 7.959100008E-01 -5.843200195E+03 1.983500000E+04 3.011600037E+02 7.708599854E+01 2.301799965E+01 1.387200012E+02 2.782999873E-01 4.991300106E-01 1.171999960E-03
 2.131999936E-04 5.059999967E-05 7.915199995E-01 -1.045300000E+04 2.512200000E+04 3.018399963E+02 7.884100342E+01 2.627700043E+01 1.440200043E+02 2.871600091E-01 4.975099862E-01 1.178500010E-03
 2.152499947E-04 5.059999967E-05 7.860999703E-01 -1.958600000E+04 2.975500000E+04 3.028699951E+02 8.107599640E+01 2.980699921E+01 1.381499939E+02 2.979899943E-01 4.957700074E-01 1.186599955E-03
 2.172999957E-04 5.059999967E-05 7.797099948E-01 -2.259000000E+04 4.312100000E+04 3.040899963E+02 8.380300140E+01 3.348300171E+01 1.285599976E+02 3.106899858E-01 4.937300086E-01 1.196400030E-03
 2.193499968E-04 5.059999967E-05 7.719699740E-01 -2.546200000E+04 5.590600000E+04 3.054400024E+02 8.708300018E+01 3.722200012E+01 1.179000015E+02 3.253200054E-01 4.909999967E-01 1.208400005E-03
 2.213999978E-04 5.059999967E-05 7.633500099E-01 -2.904400000E+04 6.356200000E+04 3.070599976E+02 9.082299805E+01 4.095399857E+01 1.159100037E+02 3.413099945E-01 4.880799949E-01 1.222099992E-03
 2.234499989E-04 5.059999967E-05 7.535099983E-01 -3.294000000E+04 6.795400000E+04 3.089400024E+02 9.501200104E+01 4.468700027E+01 1.310099945E+02 3.585900068E-01 4.847300053E-01 1.237999997E-03
 2.254999999E-04 5.059999967E-05 7.433300018E-01 -3.612000000E+04 6.934000000E+04 3.109700012E+02 9.949800110E+01 4.861500168E+01 1.253099976E+02 3.769699931E-01 4.813100100E-01 1.255000010E-03
 2.275500010E-04 5.059999967E-05 7.328199744E-01 -3.974200000E+04 7.528700000E+04 3.129899902E+02 1.043799973E+02 5.233399963E+01 9.515699768E+01 3.961899877E-01 4.775800109E-01 1.273000031E-03
 2.296000021E-04 5.059999967E-05 7.214499712E-01 -4.303400000E+04 8.907300000E+04 3.151700134E+02 1.097399979E+02 5.591600037E+01 8.373400116E+01 4.164299965E-01 4.734500051E-01 1.293099951E-03
 2.316500031E-04 5.059999967E-05 7.100499868E-01 -3.825100000E+04 9.023900000E+04 3.173800049E+02 1.153899994E+02 5.972100067E+01 8.088500214E+01 4.377599955E-01 4.692299962E-01 1.313899993E-03
 2.337000042E-04 5.059999967E-05 6.986100078E-01 -3.321200000E+04 8.501900000E+04 3.194200134E+02 1.214400024E+02 6.363100052E+01 7.287799835E+01 4.604099989E-01 4.646399915E-01 1.335400040E-03
 2.357500052E-04 5.059999967E-05 6.866599917E-01 -3.087300000E+04 9.004000000E+04 3.212900085E+02 1.279800034E+02 6.747100067E+01 7.287200165E+01 4.844500124E-01 4.593699872E-01 1.358699985E-03
 2.378000063E-04 5.059999967E-05 6.747099757E-01 -2.437700000E+04 9.451600000E+04 3.229800110E+02 1.347599945E+02 7.116699982E+01 6.757700348E+01 5.089499950E-01 4.537400007E-01 1.382700051E-03
 2.398499928E-04 5.059999967E-05 6.626799703E-01 -2.374400000E+04 9.043500000E+04 3.246499939E+02 1.416900024E+02 7.477500153E+01 5.724100113E+01 5.336499810E-01 4.479599893E-01 1.407800009E-03
 2.418999939E-04 5.059999967E-05 6.503999829E-01 -2.268400000E+04 8.346300000E+04 3.260899963E+02 1.488800049E+02 7.809100342E+01 4.425699997E+01 5.587599874E-01 4.416199923E-01 1.434399979E-03
 2.439499949E-04 5.059999967E-05 6.389399767E-01 -1.056800000E+04 7.496000000E+04 3.268900146E+02 1.562700043E+02 8.137200165E+01 4.007300186E+01 5.848699808E-01 4.349099994E-01 1.460099942E-03
 2.460000105E-04 5.059999967E-05 6.274700165E-01 -2.245600098E+03 6.480500000E+04 3.274100037E+02 1.640299988E+02 8.475099945E+01 3.515900040E+01 6.123999953E-01 4.277699888E-01 1.486800029E-03
 2.480499970E-04 5.059999967E-05 6.151099801E-01 -1.428300049E+03 6.052000000E+04 3.277000122E+02 1.723099976E+02 8.816699982E+01 2.916799927E+01 6.417400241E-01 4.197300076E-01 1.516700024E-03
 2.501000126E-04 5.059999967E-05 6.021900177E-01 3.762600098E+03 5.929900000E+04 3.275599976E+02 1.811300049E+02 9.154199982E+01 3.162000084E+01 6.730200052E-01 4.107500017E-01 1.549300039E-03
 2.521499991E-04 5.059999967E-05 5.894500017E-01 1.721000000E+04 5.136100000E+04 3.271000061E+02 1.902700043E+02 9.472599792E+01 4.993299866E+01 7.053499818E-01 4.014999866E-01 1.582699944E-03
 2.541999856E-04 5.059999967E-05 5.759299994E-01 2.237900000E+04 4.748400000E+04 3.260799866E+02 2.002400055E+02 9.773799896E+01 4.725999832E+01 7.406299710E-01 3.910700083E-01 1.619999995E-03
 2.562500013E-04 5.059999967E-05 5.607299805E-01 2.958300000E+04 4.556700000E+04 3.245100098E+02 2.113500061E+02 1.006600037E+02 1.850499916E+01 7.799900174E-01 3.789199889E-01 1.663899980E-03
 2.582999878E-04 5.059999967E-05 5.443000197E-01 4.644900000E+04 4.641800000E+04 3.223800049E+02 2.235299988E+02 1.037600021E+02 2.208600044E+01 8.238099813E-01 3.654200137E-01 1.714200014E-03
 2.603500034E-04 5.059999967E-05 5.246899724E-01 5.463000000E+04 3.599600000E+04 3.194400024E+02 2.377599945E+02 1.068199997E+02 3.589899826E+01 8.753899932E-01 3.490599990E-01 1.778600039E-03
 2.623999899E-04 5.059999967E-05 5.013300180E-01 6.712700000E+04 2.525800000E+04 3.155499878E+02 2.549199982E+02 1.096299973E+02 3.501599884E+01 9.377200007E-01 3.294700086E-01 1.861799974E-03
 2.644500055E-04 5.059999967E-05 4.426600039E-01 1.018600000E+05 2.424300000E+04 3.020100098E+02 2.961000061E+02 1.121999969E+02 1.918400002E+01 1.020699978E+00 3.044399917E-01 1.978500048E-03
 2.664999920E-04 5.059999967E-05 3.964799941E-01 1.260800000E+05 2.013100000E+04 2.906900024E+02 3.279100037E+02 1.134199982E+02 1.105700016E+01 1.069599986E+00 2.899200022E-01 2.048899885E-03
 2.050000039E-04 5.289999899E-05 8.019300103E-01 -9.758900146E+02 1.311400000E+04 2.996799927E+02 7.963200378E+01 1.505500031E+01 1.306900024E+02 2.809700072E-01 5.004299879E-01 1.163200010E-03
 2.070500050E-04 5.289999899E-05 8.011199832E-01 -3.150500000E+03 9.534500000E+03 2.996799927E+02 7.991300201E+01 1.637800026E+01 1.314900055E+02 2.828400135E-01 4.999400079E-01 1.164400019E-03
 2.091000060E-04 5.289999899E-05 7.987999916E-01 -7.501600098E+03 6.840399902E+03 2.998099976E+02 8.073799896E+01 1.905400085E+01 1.220199966E+02 2.875800133E-01 4.986999929E-01 1.167800045E-03
 2.111500071E-04 5.289999899E-05 7.961999774E-01 -6.681100098E+03 1.614400000E+04 2.999899902E+02 8.195200348E+01 2.172800064E+01 1.341799927E+02 2.938300073E-01 4.973799884E-01 1.171599957E-03
 2.131999936E-04 5.289999899E-05 7.932500243E-01 -5.548799805E+03 2.163400000E+04 3.002200012E+02 8.350700378E+01 2.459099960E+01 1.376300049E+02 3.016000092E-01 4.959099889E-01 1.175899990E-03
 2.152499947E-04 5.289999899E-05 7.887899876E-01 -1.211500000E+04 2.378800000E+04 3.007900085E+02 8.541500092E+01 2.791799927E+01 1.192099991E+02 3.110400140E-01 4.940699935E-01 1.182600041E-03
 2.172999957E-04 5.289999899E-05 7.832300067E-01 -1.761600000E+04 3.141900000E+04 3.015899963E+02 8.771900177E+01 3.109399986E+01 1.202099991E+02 3.217000067E-01 4.918799996E-01 1.190999988E-03
 2.193499968E-04 5.289999899E-05 7.773200274E-01 -1.964700000E+04 4.363400000E+04 3.024100037E+02 9.042199707E+01 3.419800186E+01 1.255699997E+02 3.337199986E-01 4.894999862E-01 1.200000057E-03
 2.213999978E-04 5.289999899E-05 7.700200081E-01 -2.072100000E+04 5.267600000E+04 3.035400085E+02 9.367299652E+01 3.756700134E+01 1.146200027E+02 3.477300107E-01 4.866999984E-01 1.211500028E-03
 2.234499989E-04 5.289999899E-05 7.610200047E-01 -2.478100000E+04 5.455700000E+04 3.050000000E+02 9.745200348E+01 4.107199860E+01 1.161600037E+02 3.634899855E-01 4.833199978E-01 1.225800021E-03
 2.254999999E-04 5.289999899E-05 7.521700263E-01 -2.524100000E+04 5.969400000E+04 3.065199890E+02 1.015100021E+02 4.447399902E+01 1.204100037E+02 3.799600005E-01 4.800899923E-01 1.240200014E-03
 2.275500010E-04 5.289999899E-05 7.427800298E-01 -2.348600000E+04 6.969500000E+04 3.080599976E+02 1.059899979E+02 4.781000137E+01 1.018300018E+02 3.976399899E-01 4.764600098E-01 1.255900017E-03
 2.296000021E-04 5.289999899E-05 7.322499752E-01 -3.036200000E+04 7.683200000E+04 3.098800049E+02 1.107600021E+02 5.120100021E+01 9.144400024E+01 4.160799980E-01 4.724699855E-01 1.274000038E-03
 2.316500031E-04 5.289999899E-05 7.211700082E-01 -3.127200000E+04 7.484700000E+04 3.118200073E+02 1.158799973E+02 5.456900024E+01 8.148899841E+01 4.353899956E-01 4.682399929E-01 1.293599955E-03
 2.337000042E-04 5.289999899E-05 7.103000283E-01 -2.892000000E+04 7.310000000E+04 3.136499939E+02 1.215199966E+02 5.802299881E+01 6.661699677E+01 4.563800097E-01 4.638800025E-01 1.313399989E-03
 2.357500052E-04 5.289999899E-05 6.988499761E-01 -2.349400000E+04 7.657000000E+04 3.154100037E+02 1.276299973E+02 6.150500107E+01 6.709500122E+01 4.788300097E-01 4.589500129E-01 1.335000037E-03
 2.378000063E-04 5.289999899E-05 6.865100265E-01 -2.122800000E+04 8.168200000E+04 3.170400085E+02 1.341100006E+02 6.513899994E+01 6.881900024E+01 5.025799870E-01 4.531799853E-01 1.358999987E-03
 2.398499928E-04 5.289999899E-05 6.741700172E-01 -2.460700000E+04 8.574700000E+04 3.186900024E+02 1.409499969E+02 6.859300232E+01 5.441299820E+01 5.270299911E-01 4.473499954E-01 1.383899944E-03
 2.418999939E-04 5.289999899E-05 6.618499756E-01 -1.821400000E+04 8.441400000E+04 3.202099915E+02 1.480399933E+02 7.170400238E+01 4.000799942E+01 5.517299771E-01 4.412800074E-01 1.409600023E-03
 2.439499949E-04 5.289999899E-05 6.497300267E-01 -7.575600098E+03 7.882500000E+04 3.212000122E+02 1.553000031E+02 7.489700317E+01 3.224100113E+01 5.774099827E-01 4.345400035E-01 1.435899991E-03
 2.460000105E-04 5.289999899E-05 6.371399760E-01 -2.272399902E+03 7.544000000E+04 3.219500122E+02 1.630299988E+02 7.818900299E+01 2.300900078E+01 6.048099995E-01 4.271200001E-01 1.464299974E-03
 2.480499970E-04 5.289999899E-05 6.243199706E-01 -1.241000000E+03 7.218200000E+04 3.225100098E+02 1.711600037E+02 8.140299988E+01 2.141099930E+01 6.334300041E-01 4.192599952E-01 1.494399970E-03
 2.501000126E-04 5.289999899E-05 6.108099818E-01 2.275300049E+03 6.975500000E+04 3.227399902E+02 1.799100037E+02 8.455999756E+01 3.103300095E+01 6.641499996E-01 4.104799926E-01 1.527499990E-03
 2.521499991E-04 5.289999899E-05 5.974000096E-01 9.922400391E+03 6.941900000E+04 3.226700134E+02 1.890899963E+02 8.766000366E+01 3.852700043E+01 6.963999867E-01 4.013800025E-01 1.561700017E-03
 2.541999856E-04 5.289999899E-05 5.833399892E-01 1.870500000E+04 6.784500000E+04 3.220599976E+02 1.989400024E+02 9.055100250E+01 2.349900055E+01 7.310299873E-01 3.912099898E-01 1.599399955E-03
 2.562500013E-04 5.289999899E-05 5.669500232E-01 3.154600000E+04 6.535000000E+04 3.207699890E+02 2.100399933E+02 9.342800140E+01 7.533999920E+00 7.703899741E-01 3.786999881E-01 1.645699958E-03
 2.582999878E-04 5.289999899E-05 5.493199825E-01 4.468400000E+04 5.987500000E+04 3.189400024E+02 2.222899933E+02 9.647200012E+01 1.848399925E+01 8.144199848E-01 3.648500144E-01 1.698600012E-03
 2.603500034E-04 5.289999899E-05 5.295100212E-01 4.881800000E+04 4.243300000E+04 3.165599976E+02 2.364900055E+02 9.938600159E+01 1.811100006E+01 8.654099703E-01 3.490700126E-01 1.762400032E-03
 2.623999899E-04 5.289999899E-05 5.059099793E-01 6.084000000E+04 3.270100000E+04 3.129400024E+02 2.536300049E+02 1.020000000E+02 1.284000015E+01 9.276400208E-01 3.297300041E-01 1.845099963E-03
 2.644500055E-04 5.289999899E-05 4.462099969E-01 9.270100000E+04 3.689700000E+04 2.996900024E+02 2.948399963E+02 1.044100037E+02 1.218999958E+01 1.011600018E+00 3.043299913E-01 1.963899937E-03
 2.664999920E-04 5.289999899E-05 3.993099928E-01 1.130900000E+05 3.832100000E+04 2.886400146E+02 3.266499939E+02 1.056200027E+02 1.092500019E+01 1.061100006E+00 2.895900011E-01 2.036100021E-03
 2.050000039E-04 5.519999831E-05 7.999200225E-01 -2.103500000E+03 1.115100000E+04 2.991799927E+02 8.463899994E+01 1.469200039E+01 1.293399963E+02 2.980799973E-01 4.983499944E-01 1.166100032E-03
 2.070500050E-04 5.519999831E-05 7.995300293E-01 -3.363800049E+03 8.118500000E+03 2.991000061E+02 8.494200134E+01 1.593400002E+01 1.270100021E+02 2.999399900E-01 4.979799986E-01 1.166700036E-03
 2.091000060E-04 5.519999831E-05 7.974100113E-01 -3.979800049E+03 7.781700195E+03 2.990599976E+02 8.580400085E+01 1.831299973E+01 1.292100067E+02 3.045099974E-01 4.966000021E-01 1.169799943E-03
 2.111500071E-04 5.519999831E-05 7.950900197E-01 -3.233600098E+03 1.476300000E+04 2.991300049E+02 8.682800293E+01 2.061100006E+01 1.364600067E+02 3.097000122E-01 4.952700138E-01 1.173199969E-03
 2.131999936E-04 5.519999831E-05 7.928699851E-01 -1.072200012E+02 1.657700000E+04 2.991900024E+02 8.800700378E+01 2.322599983E+01 1.191600037E+02 3.158600032E-01 4.939799905E-01 1.176499994E-03
 2.152499947E-04 5.519999831E-05 7.892500162E-01 -5.708200195E+03 1.688400000E+04 2.993900146E+02 8.965200043E+01 2.624699974E+01 9.878399658E+01 3.240700066E-01 4.920499921E-01 1.181900036E-03
 2.172999957E-04 5.519999831E-05 7.854499817E-01 -1.230000000E+04 2.015100000E+04 2.997200012E+02 9.167099762E+01 2.901000023E+01 1.096399994E+02 3.333700001E-01 4.902200103E-01 1.187599963E-03
 2.193499968E-04 5.519999831E-05 7.807999849E-01 -1.019000000E+04 2.450300000E+04 3.001600037E+02 9.407599640E+01 3.169599915E+01 1.160800018E+02 3.439500034E-01 4.880400002E-01 1.194700017E-03
 2.213999978E-04 5.519999831E-05 7.744699717E-01 -1.090100000E+04 2.948100000E+04 3.009200134E+02 9.694899750E+01 3.468799973E+01 1.091100006E+02 3.562999964E-01 4.853000045E-01 1.204499975E-03
 2.234499989E-04 5.519999831E-05 7.672600150E-01 -1.338300000E+04 3.944700000E+04 3.018900146E+02 1.002300034E+02 3.780599976E+01 1.193199997E+02 3.700799942E-01 4.823299944E-01 1.215799944E-03
 2.254999999E-04 5.519999831E-05 7.594900131E-01 -1.532600000E+04 4.832600000E+04 3.028500061E+02 1.039199982E+02 4.078900146E+01 1.161399994E+02 3.850600123E-01 4.789600074E-01 1.228300040E-03
 2.275500010E-04 5.519999831E-05 7.506499887E-01 -1.829100000E+04 5.439100000E+04 3.039700012E+02 1.079899979E+02 4.384199905E+01 9.958300018E+01 4.012599885E-01 4.751200080E-01 1.242700033E-03
 2.296000021E-04 5.519999831E-05 7.411599755E-01 -2.460000000E+04 5.875800000E+04 3.053200073E+02 1.124199982E+02 4.710499954E+01 8.578700256E+01 4.187200069E-01 4.711999893E-01 1.258700038E-03
 2.316500031E-04 5.519999831E-05 7.313799858E-01 -2.410700000E+04 6.217900000E+04 3.067799988E+02 1.171999969E+02 5.001900101E+01 7.848200226E+01 4.367100000E-01 4.672000110E-01 1.275500050E-03
 2.337000042E-04 5.519999831E-05 7.212899923E-01 -2.198700000E+04 6.495500000E+04 3.082799988E+02 1.223000031E+02 5.290000153E+01 7.355500031E+01 4.555299878E-01 4.630100131E-01 1.293399953E-03
 2.357500052E-04 5.519999831E-05 7.106699944E-01 -2.160000000E+04 6.875400000E+04 3.097600098E+02 1.278499985E+02 5.600199890E+01 7.494100189E+01 4.760000110E-01 4.583800137E-01 1.312699984E-03
 2.378000063E-04 5.519999831E-05 6.987900138E-01 -2.205800000E+04 7.758700000E+04 3.112200012E+02 1.339499969E+02 5.942200089E+01 8.244300079E+01 4.985699952E-01 4.528200030E-01 1.335100038E-03
 2.398499928E-04 5.519999831E-05 6.862400174E-01 -2.244100000E+04 8.064800000E+04 3.127000122E+02 1.405099945E+02 6.262900162E+01 6.051599884E+01 5.221400261E-01 4.468100071E-01 1.359499991E-03
 2.418999939E-04 5.519999831E-05 6.741700172E-01 -1.470000000E+04 8.206000000E+04 3.140499878E+02 1.473000031E+02 6.554100037E+01 4.088100052E+01 5.460399985E-01 4.408400059E-01 1.383799943E-03
 2.439499949E-04 5.519999831E-05 6.615899801E-01 -8.802599609E+03 8.250600000E+04 3.151600037E+02 1.544600067E+02 6.866799927E+01 3.984600067E+01 5.714899898E-01 4.341500103E-01 1.410200028E-03
 2.460000105E-04 5.519999831E-05 6.481400132E-01 -7.498799805E+03 8.311400000E+04 3.161700134E+02 1.620899963E+02 7.176200104E+01 3.518999863E+01 5.983300209E-01 4.266900122E-01 1.439400017E-03
 2.480499970E-04 5.519999831E-05 6.347799897E-01 -3.733699951E+03 8.133700000E+04 3.169100037E+02 1.701300049E+02 7.479399872E+01 3.652299881E+01 6.265699863E-01 4.188799858E-01 1.469800016E-03
 2.501000126E-04 5.519999831E-05 6.212199926E-01 2.338699951E+03 7.650800000E+04 3.173399963E+02 1.787100067E+02 7.769200134E+01 4.137200165E+01 6.565499902E-01 4.104799926E-01 1.501900028E-03
 2.521499991E-04 5.519999831E-05 6.071799994E-01 8.539599609E+03 8.202600000E+04 3.173599854E+02 1.878099976E+02 8.059700012E+01 2.451399994E+01 6.885499954E-01 4.012399912E-01 1.536599942E-03
 2.541999856E-04 5.519999831E-05 5.918400288E-01 1.711900000E+04 8.192400000E+04 3.169899902E+02 1.977299957E+02 8.350900269E+01 4.812900066E+00 7.235699892E-01 3.906599879E-01 1.576500013E-03
 2.562500013E-04 5.519999831E-05 5.748800039E-01 2.830900000E+04 7.441600000E+04 3.160499878E+02 2.087599945E+02 8.628099823E+01 1.246800041E+01 7.626399994E-01 3.783400059E-01 1.623100019E-03
 2.582999878E-04 5.519999831E-05 5.567700267E-01 3.680200000E+04 6.797900000E+04 3.145899963E+02 2.208999939E+02 8.908000183E+01 3.137000084E+01 8.060200214E-01 3.647400141E-01 1.675999956E-03
 2.603500034E-04 5.519999831E-05 5.368000269E-01 4.707800000E+04 6.412100000E+04 3.125700073E+02 2.347799988E+02 9.166000366E+01 2.866399956E+01 8.556699753E-01 3.494099975E-01 1.738499966E-03
 2.623999899E-04 5.519999831E-05 5.129399896E-01 6.352600000E+04 5.736800000E+04 3.091900024E+02 2.517299957E+02 9.406900024E+01 1.131999969E+01 9.174000025E-01 3.303000033E-01 1.819800003E-03
 2.644500055E-04 5.519999831E-05 4.516899884E-01 9.137500000E+04 4.946400000E+04 2.963099976E+02 2.930899963E+02 9.648600006E+01 4.335800171E+00 1.002300024E+00 3.046700060E-01 1.939999987E-03
 2.664999920E-04 5.519999831E-05 4.036400020E-01 1.103400000E+05 5.082700000E+04 2.855400085E+02 3.250000000E+02 9.763899994E+01 5.727700233E+00 1.052399993E+00 2.897900045E-01 2.013300080E-03
 2.050000039E-04 5.750000128E-05 7.990400195E-01 1.994900024E+03 3.458199951E+03 2.984700012E+02 8.928600311E+01 1.413599968E+01 1.063899994E+02 3.140400052E-01 4.966300130E-01 1.167400042E-03
 2.070500050E-04 5.750000128E-05 7.985000014E-01 7.332800293E+02 3.920500000E+03 2.984899902E+02 8.969499969E+01 1.527099991E+01 1.168099976E+02 3.160899878E-01 4.963200092E-01 1.168200048E-03
 2.091000060E-04 5.750000128E-05 7.965499759E-01 -6.107199707E+02 9.271500000E+03 2.984599915E+02 9.065799713E+01 1.754999924E+01 1.259599991E+02 3.208099902E-01 4.950700104E-01 1.171099953E-03
 2.111500071E-04 5.750000128E-05 7.944700122E-01 7.557199707E+02 1.332700000E+04 2.984500122E+02 9.164099884E+01 1.976000023E+01 1.242900009E+02 3.257000148E-01 4.937599897E-01 1.174099976E-03
 2.131999936E-04 5.750000128E-05 7.921400070E-01 1.526300049E+03 1.223600000E+04 2.984299927E+02 9.272299957E+01 2.215299988E+01 1.076399994E+02 3.312399983E-01 4.922800064E-01 1.177600003E-03
 2.152499947E-04 5.750000128E-05 7.891799808E-01 -4.165500000E+03 1.227600000E+04 2.983699951E+02 9.422299957E+01 2.471400070E+01 1.025400009E+02 3.384900093E-01 4.903300107E-01 1.182000036E-03
 2.172999957E-04 5.750000128E-05 7.863299847E-01 -4.088000000E+03 1.283600000E+04 2.984100037E+02 9.597399902E+01 2.713599968E+01 1.121999969E+02 3.465499878E-01 4.886299968E-01 1.186299953E-03
 2.193499968E-04 5.750000128E-05 7.820299864E-01 -4.196500000E+03 1.474800000E+04 2.986700134E+02 9.813800049E+01 2.959000015E+01 1.035400009E+02 3.560099900E-01 4.863699973E-01 1.192800002E-03
 2.213999978E-04 5.750000128E-05 7.765899897E-01 -8.061299805E+03 1.621000000E+04 2.990599976E+02 1.006800003E+02 3.220500183E+01 9.895700073E+01 3.668900132E-01 4.836199880E-01 1.201199950E-03
 2.234499989E-04 5.750000128E-05 7.707300186E-01 -7.230500000E+03 2.575100000E+04 2.995599976E+02 1.035400009E+02 3.495800018E+01 1.076999969E+02 3.790099919E-01 4.807800055E-01 1.210300019E-03
 2.254999999E-04 5.750000128E-05 7.641599774E-01 -1.251400000E+04 3.370400000E+04 3.000700073E+02 1.068799973E+02 3.765399933E+01 1.000299988E+02 3.926500082E-01 4.774799943E-01 1.220699982E-03
 2.275500010E-04 5.750000128E-05 7.567099929E-01 -1.704000000E+04 3.936400000E+04 3.006600037E+02 1.105999985E+02 4.027000046E+01 9.133000183E+01 4.074400067E-01 4.737600088E-01 1.232799958E-03
 2.296000021E-04 5.750000128E-05 7.486299872E-01 -1.737000000E+04 4.778300000E+04 3.015100098E+02 1.147500000E+02 4.310100174E+01 9.377200317E+01 4.237399995E-01 4.700199962E-01 1.246099942E-03
 2.316500031E-04 5.750000128E-05 7.403399944E-01 -1.643900000E+04 5.463800000E+04 3.025199890E+02 1.191500015E+02 4.587099838E+01 8.799700165E+01 4.405899942E-01 4.663600028E-01 1.260000048E-03
 2.337000042E-04 5.750000128E-05 7.309499979E-01 -1.558500000E+04 5.728900000E+04 3.035700073E+02 1.237099991E+02 4.858000183E+01 8.453900146E+01 4.578500092E-01 4.620499909E-01 1.276300056E-03
 2.357500052E-04 5.750000128E-05 7.205700278E-01 -1.575200000E+04 6.168300000E+04 3.046700134E+02 1.286999969E+02 5.122800064E+01 6.718499756E+01 4.763399959E-01 4.571300149E-01 1.294599962E-03
 2.378000063E-04 5.750000128E-05 7.092800140E-01 -1.315500000E+04 7.019300000E+04 3.058099976E+02 1.343500061E+02 5.423600006E+01 6.594499969E+01 4.972800016E-01 4.516499937E-01 1.315300004E-03
 2.398499928E-04 5.750000128E-05 6.970800161E-01 -1.228200000E+04 7.197400000E+04 3.069700012E+02 1.404799957E+02 5.723099899E+01 7.150000000E+01 5.196400285E-01 4.455600083E-01 1.338299946E-03
 2.418999939E-04 5.750000128E-05 6.852099895E-01 -1.049800000E+04 7.564400000E+04 3.080899963E+02 1.468699951E+02 5.983000183E+01 5.443500137E+01 5.422800183E-01 4.395700097E-01 1.361500006E-03
 2.439499949E-04 5.750000128E-05 6.729599833E-01 -7.752000000E+03 7.395400000E+04 3.092200012E+02 1.537500000E+02 6.274599838E+01 4.850500107E+01 5.668100119E-01 4.332799911E-01 1.386299962E-03
 2.460000105E-04 5.750000128E-05 6.596500278E-01 -8.072899902E+03 7.381500000E+04 3.102999878E+02 1.611699982E+02 6.561000061E+01 4.150000000E+01 5.929200053E-01 4.261899889E-01 1.414399943E-03
 2.480499970E-04 5.750000128E-05 6.460099816E-01 -5.016600098E+03 8.180900000E+04 3.110400085E+02 1.690700073E+02 6.836900330E+01 4.196200180E+01 6.206499934E-01 4.183799922E-01 1.444200054E-03
 2.501000126E-04 5.750000128E-05 6.322799921E-01 1.868599976E+03 8.551800000E+04 3.114599915E+02 1.774299927E+02 7.109999847E+01 3.821300125E+01 6.500599980E-01 4.100500047E-01 1.475599944E-03
 2.521499991E-04 5.750000128E-05 6.173599958E-01 7.654399902E+03 8.790800000E+04 3.115899963E+02 1.865299988E+02 7.376300049E+01 2.122699928E+01 6.820099950E-01 4.005399942E-01 1.511299983E-03
 2.541999856E-04 5.750000128E-05 6.012600064E-01 1.250600000E+04 8.360300000E+04 3.113900146E+02 1.964900055E+02 7.657700348E+01 1.733499908E+01 7.172799706E-01 3.898499906E-01 1.551799942E-03
 2.562500013E-04 5.750000128E-05 5.845000148E-01 1.968900000E+04 7.851000000E+04 3.107500000E+02 2.072200012E+02 7.923500061E+01 1.188700008E+01 7.553700209E-01 3.782100081E-01 1.596400049E-03
 2.582999878E-04 5.750000128E-05 5.662099719E-01 2.546500000E+04 7.731000000E+04 3.096600037E+02 2.191399994E+02 8.170400238E+01 2.070100021E+01 7.976999879E-01 3.650900126E-01 1.647999976E-03
 2.603500034E-04 5.750000128E-05 5.451700091E-01 3.890900000E+04 7.642800000E+04 3.077399902E+02 2.330299988E+02 8.416500092E+01 2.821699905E+01 8.477299809E-01 3.493700027E-01 1.711899997E-03
 2.623999899E-04 5.750000128E-05 5.202000141E-01 6.290300000E+04 7.292800000E+04 3.045000000E+02 2.497799988E+02 8.644899750E+01 4.538700104E+00 9.092199802E-01 3.298900127E-01 1.794500044E-03
 2.644500055E-04 5.750000128E-05 4.579299986E-01 9.131600000E+04 6.095200000E+04 2.921199951E+02 2.907200012E+02 8.867700195E+01 -8.764599800E+00 9.933199883E-01 3.045299947E-01 1.913400018E-03
 2.664999920E-04 5.750000128E-05 4.091899991E-01 1.077400000E+05 5.434500000E+04 2.816700134E+02 3.224700012E+02 8.978900146E+01 -6.091899872E+00 1.043400049E+00 2.898499966E-01 1.985700103E-03
 2.050000039E-04 5.980000060E-05 7.979099751E-01 -2.712800049E+03 6.075500000E+03 2.980100098E+02 9.360199738E+01 1.360299969E+01 1.137300034E+02 3.288300037E-01 4.951600134E-01 1.169100055E-03
 2.070500050E-04 5.980000060E-05 7.971900105E-01 -3.691199951E+03 6.476600098E+03 2.979700012E+02 9.398600006E+01 1.461900043E+01 1.165999985E+02 3.307200074E-01 4.946500063E-01 1.170099946E-03
 2.091000060E-04 5.980000060E-05 7.957400084E-01 -3.473199951E+03 8.343099609E+03 2.978500061E+02 9.486699677E+01 1.676199913E+01 1.060599976E+02 3.350299895E-01 4.935599864E-01 1.172199962E-03
 2.111500071E-04 5.980000060E-05 7.935500145E-01 -1.909000000E+03 7.353700195E+03 2.978399963E+02 9.596600342E+01 1.890800095E+01 1.003899994E+02 3.401600122E-01 4.921799898E-01 1.175499987E-03
 2.131999936E-04 5.980000060E-05 7.906600237E-01 -1.182699951E+03 4.980600098E+03 2.978699951E+02 9.729100037E+01 2.103400040E+01 1.019499969E+02 3.461599946E-01 4.904299974E-01 1.179800020E-03
 2.152499947E-04 5.980000060E-05 7.882999778E-01 3.794299927E+02 7.638799805E+03 2.976799927E+02 9.879000092E+01 2.326099968E+01 1.053099976E+02 3.530699909E-01 4.886499941E-01 1.183300046E-03
 2.172999957E-04 5.980000060E-05 7.858300209E-01 1.549300049E+03 9.123900391E+03 2.974800110E+02 1.005000000E+02 2.548800087E+01 1.060199966E+02 3.607999980E-01 4.867900014E-01 1.186999958E-03
 2.193499968E-04 5.980000060E-05 7.821099758E-01 -6.836299805E+03 1.064500000E+04 2.975199890E+02 1.024400024E+02 2.771899986E+01 1.013099976E+02 3.692800105E-01 4.845600128E-01 1.192700001E-03
 2.213999978E-04 5.980000060E-05 7.773699760E-01 -8.961299805E+03 1.407300000E+04 2.976499939E+02 1.047200012E+02 3.005100060E+01 9.667500305E+01 3.790499866E-01 4.818400145E-01 1.200000057E-03
 2.234499989E-04 5.980000060E-05 7.723199725E-01 -7.850100098E+03 1.917400000E+04 2.978200073E+02 1.073899994E+02 3.249499893E+01 9.488899994E+01 3.902300000E-01 4.789800048E-01 1.207800000E-03
 2.254999999E-04 5.980000060E-05 7.671099901E-01 -9.014500000E+03 2.730300000E+04 2.979500122E+02 1.102500000E+02 3.489500046E+01 9.715200043E+01 4.021100104E-01 4.759500027E-01 1.215999946E-03
 2.275500010E-04 5.980000060E-05 7.611700296E-01 -6.677600098E+03 3.341600000E+04 2.981400146E+02 1.134899979E+02 3.710100174E+01 8.654900360E+01 4.150500000E-01 4.725599885E-01 1.225500018E-03
 2.296000021E-04 5.980000060E-05 7.546200156E-01 -7.118100098E+03 3.476900000E+04 2.985700073E+02 1.171299973E+02 3.946400070E+01 9.124099731E+01 4.293299913E-01 4.691599905E-01 1.236199983E-03
 2.316500031E-04 5.980000060E-05 7.471699715E-01 -7.077299805E+03 3.863600000E+04 2.991700134E+02 1.211500015E+02 4.207199860E+01 1.012799988E+02 4.450199902E-01 4.654799998E-01 1.248499961E-03
 2.337000042E-04 5.980000060E-05 7.387300134E-01 -8.906500000E+03 4.519800000E+04 2.997799988E+02 1.255599976E+02 4.465800095E+01 1.002600021E+02 4.619700015E-01 4.611499906E-01 1.262799953E-03
 2.357500052E-04 5.980000060E-05 7.290099859E-01 -8.487700195E+03 4.708800000E+04 3.003999939E+02 1.302899933E+02 4.707899857E+01 6.203300095E+01 4.797599912E-01 4.560199976E-01 1.279599965E-03
 2.378000063E-04 5.980000060E-05 7.182800174E-01 -1.132700000E+04 5.317200000E+04 3.011900024E+02 1.355000000E+02 4.959500122E+01 5.054600143E+01 4.990200102E-01 4.504700005E-01 1.298799994E-03
 2.398499928E-04 5.980000060E-05 7.072799802E-01 -1.603600000E+04 6.152800000E+04 3.020400085E+02 1.412100067E+02 5.220199966E+01 8.037300110E+01 5.199499726E-01 4.448199868E-01 1.319000032E-03
 2.418999939E-04 5.980000060E-05 6.960700154E-01 -1.304800000E+04 6.648400000E+04 3.029200134E+02 1.472599945E+02 5.457199860E+01 7.662999725E+01 5.415899754E-01 4.390400052E-01 1.340299961E-03
 2.439499949E-04 5.980000060E-05 6.840699911E-01 -7.396700195E+03 6.670800000E+04 3.037099915E+02 1.537400055E+02 5.712900162E+01 7.021199799E+01 5.648699999E-01 4.325999916E-01 1.363800024E-03
 2.460000105E-04 5.980000060E-05 6.711300015E-01 -6.868500000E+03 6.684800000E+04 3.045000000E+02 1.608000031E+02 5.972800064E+01 5.445600128E+01 5.900099874E-01 4.255099893E-01 1.390099991E-03
 2.480499970E-04 5.980000060E-05 6.579099894E-01 -4.633600098E+03 7.488700000E+04 3.051600037E+02 1.683200073E+02 6.217699814E+01 3.881100082E+01 6.165300012E-01 4.180400074E-01 1.418099971E-03
 2.501000126E-04 5.980000060E-05 6.436200142E-01 -2.739199951E+03 8.465700000E+04 3.055599976E+02 1.765399933E+02 6.474600220E+01 3.178000069E+01 6.456599832E-01 4.094899893E-01 1.449599979E-03
 2.521499991E-04 5.980000060E-05 6.282200217E-01 2.652600098E+03 8.737000000E+04 3.056700134E+02 1.855399933E+02 6.730100250E+01 2.144099998E+01 6.775699854E-01 3.998399973E-01 1.485200017E-03
 2.541999856E-04 5.980000060E-05 6.122599840E-01 8.754900391E+03 8.463400000E+04 3.054800110E+02 1.951799927E+02 6.981199646E+01 2.173399925E+01 7.118600011E-01 3.894400001E-01 1.523999963E-03
 2.562500013E-04 5.980000060E-05 5.951499939E-01 1.099000000E+04 8.444800000E+04 3.050100098E+02 2.056999969E+02 7.222699738E+01 1.636400032E+01 7.492499948E-01 3.779799938E-01 1.567799947E-03
 2.582999878E-04 5.980000060E-05 5.763099790E-01 1.805700000E+04 8.139600000E+04 3.040199890E+02 2.175200043E+02 7.457399750E+01 1.114599991E+01 7.915800214E-01 3.648299873E-01 1.619199989E-03
 2.603500034E-04 5.980000060E-05 5.546100140E-01 3.358600000E+04 7.571700000E+04 3.021600037E+02 2.312700043E+02 7.695400238E+01 1.207800007E+01 8.416399956E-01 3.489699960E-01 1.682800008E-03
 2.623999899E-04 5.980000060E-05 5.291100144E-01 5.892800000E+04 7.473300000E+04 2.992000122E+02 2.477700043E+02 7.905799866E+01 -5.804200172E+00 9.025499821E-01 3.296799958E-01 1.764300046E-03
 2.644500055E-04 5.980000060E-05 4.657100141E-01 8.439500000E+04 6.745400000E+04 2.872500000E+02 2.881600037E+02 8.091699982E+01 -1.349499989E+01 9.857900143E-01 3.044300079E-01 1.882100012E-03
 2.664999920E-04 5.980000060E-05 4.160000086E-01 9.622900000E+04 5.957600000E+04 2.770700073E+02 3.195000000E+02 8.184799957E+01 -5.109799862E+00 1.035500050E+00 2.896699905E-01 1.954100095E-03
 2.050000039E-04 6.209999992E-05 7.966799736E-01 6.853900146E+02 1.183600000E+04 2.975400085E+02 9.748799896E+01 1.300399971E+01 9.999900055E+01 3.421899974E-01 4.936299920E-01 1.170899952E-03
 2.070500050E-04 6.209999992E-05 7.956699729E-01 -2.939600098E+03 9.900799805E+03 2.975400085E+02 9.792299652E+01 1.394900036E+01 1.083199997E+02 3.441599905E-01 4.929800034E-01 1.172399963E-03
 2.091000060E-04 6.209999992E-05 7.940700054E-01 -2.858399963E+02 4.609100098E+03 2.973900146E+02 9.881900024E+01 1.588399982E+01 9.873400116E+01 3.483400047E-01 4.917599857E-01 1.174699981E-03
 2.111500071E-04 6.209999992E-05 7.923499942E-01 5.962399902E+02 5.394100098E+03 2.972300110E+02 9.995300293E+01 1.792300034E+01 9.070899963E+01 3.535200059E-01 4.904200137E-01 1.177300001E-03
 2.131999936E-04 6.209999992E-05 7.900500298E-01 -2.014699951E+03 7.216500000E+03 2.971300049E+02 1.012600021E+02 1.990299988E+01 9.128299713E+01 3.593200147E-01 4.888300002E-01 1.180700026E-03
 2.152499947E-04 6.209999992E-05 7.874000072E-01 3.548000000E+03 6.791000000E+03 2.969800110E+02 1.026200027E+02 2.190999985E+01 9.002500153E+01 3.654600084E-01 4.869599938E-01 1.184700057E-03
 2.172999957E-04 6.209999992E-05 7.847700119E-01 -3.711300049E+02 6.459200195E+03 2.967799988E+02 1.042099991E+02 2.394400024E+01 9.670899963E+01 3.725300133E-01 4.849900007E-01 1.188599970E-03
 2.193499968E-04 6.209999992E-05 7.818099856E-01 -7.640700195E+03 6.510100098E+03 2.966300049E+02 1.061200027E+02 2.596199989E+01 8.906600189E+01 3.807300031E-01 4.829199910E-01 1.193100004E-03
 2.213999978E-04 6.209999992E-05 7.780900002E-01 -1.338199951E+03 1.247400000E+04 2.965299988E+02 1.083300018E+02 2.804599953E+01 8.287899780E+01 3.900200129E-01 4.804599881E-01 1.198800048E-03
 2.234499989E-04 6.209999992E-05 7.740899920E-01 -3.335899902E+03 1.948000000E+04 2.963500061E+02 1.107699966E+02 3.016099930E+01 9.188400269E+01 4.002699852E-01 4.776999950E-01 1.204999979E-03
 2.254999999E-04 6.209999992E-05 7.695199847E-01 -1.214300049E+03 2.540500000E+04 2.962000122E+02 1.135100021E+02 3.229899979E+01 1.012099991E+02 4.115900099E-01 4.746400118E-01 1.212200033E-03
 2.275500010E-04 6.209999992E-05 7.637000084E-01 1.262300049E+03 2.401700000E+04 2.963500061E+02 1.165999985E+02 3.433200073E+01 8.634500122E+01 4.237900078E-01 4.712899923E-01 1.221399987E-03
 2.296000021E-04 6.209999992E-05 7.577000260E-01 -7.056000000E+03 1.730600000E+04 2.966199951E+02 1.198799973E+02 3.641999817E+01 8.011699677E+01 4.366500080E-01 4.680100083E-01 1.231099945E-03
 2.316500031E-04 6.209999992E-05 7.515199780E-01 -1.469199951E+03 2.434300000E+04 2.967000122E+02 1.235800018E+02 3.860400009E+01 8.754299927E+01 4.511399865E-01 4.643099904E-01 1.241200021E-03
 2.337000042E-04 6.209999992E-05 7.438200116E-01 1.771500000E+03 3.588800000E+04 2.968699951E+02 1.278300018E+02 4.093099976E+01 9.147100067E+01 4.675999880E-01 4.598200023E-01 1.254100003E-03
 2.357500052E-04 6.209999992E-05 7.351800203E-01 9.793499756E+02 3.402500000E+04 2.971000061E+02 1.323800049E+02 4.320399857E+01 7.254699707E+01 4.848999977E-01 4.548299909E-01 1.268900000E-03
 2.378000063E-04 6.209999992E-05 7.257999778E-01 -2.359199951E+03 3.815600000E+04 2.974899902E+02 1.372899933E+02 4.530599976E+01 6.276200104E+01 5.031099916E-01 4.496000111E-01 1.285300008E-03
 2.398499928E-04 6.209999992E-05 7.159799933E-01 -8.892700195E+03 5.004300000E+04 2.980599976E+02 1.426600037E+02 4.748300171E+01 7.630599976E+01 5.227100253E-01 4.443799853E-01 1.302900026E-03
 2.418999939E-04 6.209999992E-05 7.056999803E-01 -7.810000000E+03 5.767300000E+04 2.985299988E+02 1.483000031E+02 4.977399826E+01 7.448600006E+01 5.434100032E-01 4.386900067E-01 1.321900054E-03
 2.439499949E-04 6.209999992E-05 6.939499974E-01 -5.401200195E+03 6.367500000E+04 2.989100037E+02 1.544600067E+02 5.209000015E+01 6.820800018E+01 5.659000278E-01 4.319199920E-01 1.344399992E-03
 2.460000105E-04 6.209999992E-05 6.813799739E-01 -7.587700195E+03 6.283500000E+04 2.992900085E+02 1.611600037E+02 5.433200073E+01 6.340700150E+01 5.900400281E-01 4.246399999E-01 1.369199948E-03
 2.480499970E-04 6.209999992E-05 6.686800122E-01 -5.651799805E+03 6.097900000E+04 2.996600037E+02 1.682200012E+02 5.653699875E+01 5.418999863E+01 6.153399944E-01 4.172300100E-01 1.395200030E-03
 2.501000126E-04 6.209999992E-05 6.546199918E-01 -1.053199951E+03 6.966600000E+04 2.999200134E+02 1.759900055E+02 5.875699997E+01 3.460200119E+01 6.430299878E-01 4.088099897E-01 1.425200026E-03
 2.521499991E-04 6.209999992E-05 6.393499970E-01 5.886200195E+03 7.930900000E+04 2.999700012E+02 1.845599976E+02 6.106399918E+01 1.591499996E+01 6.736800075E-01 3.993400037E-01 1.459300052E-03
 2.541999856E-04 6.209999992E-05 6.233900189E-01 9.240700195E+03 8.179600000E+04 2.997600098E+02 1.939299927E+02 6.338899994E+01 8.665800095E+00 7.073000073E-01 3.890900016E-01 1.496699988E-03
 2.562500013E-04 6.209999992E-05 6.060699821E-01 1.299500000E+04 8.445600000E+04 2.991600037E+02 2.042500000E+02 6.554699707E+01 2.046299934E+01 7.443500161E-01 3.775399923E-01 1.539599965E-03
 2.582999878E-04 6.209999992E-05 5.870100260E-01 2.133800000E+04 8.195200000E+04 2.980199890E+02 2.158300018E+02 6.764399719E+01 1.011900043E+01 7.864000201E-01 3.642799854E-01 1.589699998E-03
 2.603500034E-04 6.209999992E-05 5.653300285E-01 3.331100000E+04 7.738200000E+04 2.962699890E+02 2.293000031E+02 6.979199982E+01 -6.326799989E-01 8.358200192E-01 3.487699926E-01 1.650899998E-03
 2.623999899E-04 6.209999992E-05 5.396299958E-01 5.520800000E+04 7.563300000E+04 2.935599976E+02 2.456499939E+02 7.173000336E+01 -1.792700052E+00 8.965399861E-01 3.298900127E-01 1.729900017E-03
 2.644500055E-04 6.209999992E-05 4.747700095E-01 7.843900000E+04 6.970600000E+04 2.818900146E+02 2.858099976E+02 7.333399963E+01 -6.081099987E+00 9.797300100E-01 3.047899902E-01 1.845099963E-03
 2.664999920E-04 6.209999992E-05 4.239600003E-01 8.975200000E+04 6.605000000E+04 2.718699951E+02 3.168999939E+02 7.406099701E+01 3.085300028E-01 1.029000044E+00 2.901400030E-01 1.915300032E-03
 2.050000039E-04 6.440000288E-05 7.951599956E-01 1.641400000E+04 4.667099915E+02 2.969100037E+02 1.007799988E+02 1.225100040E+01 7.075199890E+01 3.535799980E-01 4.916299880E-01 1.173099969E-03
 2.070500050E-04 6.440000288E-05 7.940300107E-01 6.275899902E+03 2.142500000E+03 2.970700073E+02 1.013499985E+02 1.319900036E+01 8.141000366E+01 3.558900058E-01 4.912000000E-01 1.174799982E-03
 2.091000060E-04 6.440000288E-05 7.922499776E-01 1.073300049E+03 2.537000000E+03 2.971099854E+02 1.023799973E+02 1.497900009E+01 7.918399811E+01 3.602800071E-01 4.901599884E-01 1.177400001E-03
 2.111500071E-04 6.440000288E-05 7.906699777E-01 2.784399902E+03 4.983500000E+03 2.968800049E+02 1.035199966E+02 1.679000092E+01 8.388300323E+01 3.652899861E-01 4.888100028E-01 1.179800020E-03
 2.131999936E-04 6.440000288E-05 7.891200185E-01 2.076399902E+03 9.324299805E+03 2.965899963E+02 1.048099976E+02 1.874900055E+01 8.585299683E+01 3.710500002E-01 4.873799980E-01 1.182100037E-03
 2.152499947E-04 6.440000288E-05 7.864300013E-01 1.602699951E+03 6.876899902E+03 2.963599854E+02 1.062699966E+02 2.073200035E+01 7.376699829E+01 3.774800003E-01 4.853299856E-01 1.186099951E-03
 2.172999957E-04 6.440000288E-05 7.835100293E-01 -1.447199951E+03 6.360200195E+03 2.961799927E+02 1.078499985E+02 2.253300095E+01 8.553199768E+01 3.842299879E-01 4.832400084E-01 1.190499985E-03
 2.193499968E-04 6.440000288E-05 7.809699774E-01 -1.370400024E+03 9.791000000E+03 2.959100037E+02 1.095899963E+02 2.426899910E+01 8.621099854E+01 3.916200101E-01 4.812299907E-01 1.194400014E-03
 2.213999978E-04 6.440000288E-05 7.779499888E-01 2.679300049E+03 8.854000000E+03 2.956700134E+02 1.116699982E+02 2.606299973E+01 7.698200226E+01 4.002499878E-01 4.789800048E-01 1.199100050E-03
 2.234499989E-04 6.440000288E-05 7.745699883E-01 1.835199951E+03 1.317100000E+04 2.954500122E+02 1.140199966E+02 2.791200066E+01 8.704900360E+01 4.099000096E-01 4.765599966E-01 1.204299973E-03
 2.254999999E-04 6.440000288E-05 7.702400088E-01 4.609100098E+03 1.892800000E+04 2.952099915E+02 1.167099991E+02 2.989399910E+01 9.348000336E+01 4.208700061E-01 4.735000134E-01 1.211100025E-03
 2.275500010E-04 6.440000288E-05 7.647500038E-01 3.496500000E+03 1.763900000E+04 2.950899963E+02 1.197300034E+02 3.175200081E+01 9.233300018E+01 4.327900112E-01 4.699400067E-01 1.219799975E-03
 2.296000021E-04 6.440000288E-05 7.589700222E-01 -1.339800049E+03 1.569300000E+04 2.950299988E+02 1.229800034E+02 3.353499985E+01 8.690699768E+01 4.454199970E-01 4.662899971E-01 1.229100046E-03
 2.316500031E-04 6.440000288E-05 7.535099983E-01 2.378000000E+03 2.144600000E+04 2.948399963E+02 1.264800034E+02 3.546300125E+01 6.883399963E+01 4.591799974E-01 4.626300037E-01 1.237999997E-03
 2.337000042E-04 6.440000288E-05 7.471500039E-01 4.568500000E+03 2.818400000E+04 2.947300110E+02 1.303200073E+02 3.753799820E+01 6.924900055E+01 4.741599858E-01 4.585500062E-01 1.248499961E-03
 2.357500052E-04 6.440000288E-05 7.397199869E-01 6.410000000E+03 2.803800000E+04 2.946799927E+02 1.346000061E+02 3.947900009E+01 7.361499786E+01 4.904499948E-01 4.539099932E-01 1.261100057E-03
 2.378000063E-04 6.440000288E-05 7.311699986E-01 7.963499756E+02 2.767800000E+04 2.947699890E+02 1.393399963E+02 4.133300018E+01 6.821600342E+01 5.080999732E-01 4.488100111E-01 1.275800052E-03
 2.398499928E-04 6.440000288E-05 7.221999764E-01 -1.889400024E+03 3.299400000E+04 2.949599915E+02 1.442400055E+02 4.329499817E+01 6.869499969E+01 5.263000131E-01 4.435899854E-01 1.291700057E-03
 2.418999939E-04 6.440000288E-05 7.126600146E-01 -5.822100220E+02 4.608500000E+04 2.949899902E+02 1.494900055E+02 4.535900116E+01 6.405500031E+01 5.459100008E-01 4.377599955E-01 1.308999956E-03
 2.439499949E-04 6.440000288E-05 7.017599940E-01 -1.339599976E+03 5.042300000E+04 2.949700012E+02 1.553899994E+02 4.745600128E+01 5.396900177E+01 5.677899718E-01 4.310399890E-01 1.329399995E-03
 2.460000105E-04 6.440000288E-05 6.898300052E-01 -9.541199951E+02 4.626200000E+04 2.949899902E+02 1.618099976E+02 4.943700027E+01 5.208800125E+01 5.912799835E-01 4.237299860E-01 1.352400053E-03
 2.480499970E-04 6.440000288E-05 6.774500012E-01 -3.026199951E+03 4.864700000E+04 2.950499878E+02 1.685800018E+02 5.137400055E+01 5.685699844E+01 6.157900095E-01 4.162200093E-01 1.377100009E-03
 2.501000126E-04 6.440000288E-05 6.645799875E-01 1.806699951E+03 5.806500000E+04 2.949299927E+02 1.758699951E+02 5.324499893E+01 3.347600174E+01 6.422100067E-01 4.081499875E-01 1.403799979E-03
 2.521499991E-04 6.440000288E-05 6.500300169E-01 8.393700195E+03 6.216900000E+04 2.947600098E+02 1.840599976E+02 5.518600082E+01 1.167899990E+01 6.717699766E-01 3.989599943E-01 1.435299986E-03
 2.541999856E-04 6.440000288E-05 6.338400245E-01 9.111599609E+03 6.620200000E+04 2.945100098E+02 1.931100006E+02 5.732699966E+01 1.377299976E+01 7.045300007E-01 3.887000084E-01 1.472000033E-03
 2.562500013E-04 6.440000288E-05 6.165500283E-01 1.578600000E+04 7.547600000E+04 2.937799988E+02 2.031199951E+02 5.926499939E+01 2.098699951E+01 7.409300208E-01 3.771699965E-01 1.513399999E-03
 2.582999878E-04 6.440000288E-05 5.973799825E-01 2.506500000E+04 7.473700000E+04 2.925899963E+02 2.144400024E+02 6.100500107E+01 1.192000008E+01 7.823200226E-01 3.639700115E-01 1.562000019E-03
 2.603500034E-04 6.440000288E-05 5.757499933E-01 3.459800000E+04 7.244600000E+04 2.907900085E+02 2.275299988E+02 6.287200165E+01 2.199100018E+00 8.308899999E-01 3.486300111E-01 1.620900002E-03
 2.623999899E-04 6.440000288E-05 5.499500036E-01 4.893100000E+04 7.232000000E+04 2.880400085E+02 2.435000000E+02 6.464600372E+01 5.248799801E+00 8.910599947E-01 3.298799992E-01 1.697500004E-03
 2.644500055E-04 6.440000288E-05 4.837499857E-01 6.810100000E+04 6.851300000E+04 2.766400146E+02 2.832300110E+02 6.608899689E+01 -2.222599983E+00 9.733999968E-01 3.050400019E-01 1.809600042E-03
 2.664999920E-04 6.440000288E-05 4.318999946E-01 7.887100000E+04 6.658500000E+04 2.668699951E+02 3.140499878E+02 6.673400116E+01 -4.150300026E+00 1.021999955E+00 2.906799912E-01 1.877599978E-03
 2.050000039E-04 6.669999857E-05 7.938600183E-01 1.645100000E+04 -2.746500000E+03 2.965499878E+02 1.037699966E+02 1.169699955E+01 8.198200226E+01 3.639200032E-01 4.902299941E-01 1.174999983E-03
 2.070500050E-04 6.669999857E-05 7.928400040E-01 7.388700195E+03 -8.778800049E+02 2.966499939E+02 1.042200012E+02 1.253299999E+01 6.671499634E+01 3.657700121E-01 4.897600114E-01 1.176499994E-03
 2.091000060E-04 6.669999857E-05 7.914100289E-01 -1.690400024E+03 1.901900024E+03 2.966000061E+02 1.051699982E+02 1.407600021E+01 5.027899933E+01 3.697699904E-01 4.887999892E-01 1.178700011E-03
 2.111500071E-04 6.669999857E-05 7.894499898E-01 -2.002800049E+03 2.700500000E+03 2.964599915E+02 1.063600006E+02 1.565100002E+01 6.865299988E+01 3.747299910E-01 4.873700142E-01 1.181600033E-03
 2.131999936E-04 6.669999857E-05 7.874400020E-01 3.536000000E+03 7.465100098E+03 2.962500000E+02 1.077099991E+02 1.748399925E+01 8.295700073E+01 3.805100024E-01 4.857800007E-01 1.184600056E-03
 2.152499947E-04 6.669999857E-05 7.855100036E-01 4.275200195E+03 8.853400391E+03 2.958299866E+02 1.093000031E+02 1.933399963E+01 6.287099838E+01 3.873299956E-01 4.839000106E-01 1.187499962E-03
 2.172999957E-04 6.669999857E-05 7.831000090E-01 4.724100098E+03 9.292599609E+03 2.955100098E+02 1.110999985E+02 2.096500015E+01 6.514499664E+01 3.947399855E-01 4.819000065E-01 1.191199990E-03
 2.193499968E-04 6.669999857E-05 7.806400061E-01 7.511399902E+03 1.581000000E+04 2.952300110E+02 1.130000000E+02 2.253800011E+01 8.891899872E+01 4.024800062E-01 4.799199998E-01 1.194900018E-03
 2.213999978E-04 6.669999857E-05 7.772799730E-01 2.309600098E+03 9.320700195E+03 2.950199890E+02 1.151699982E+02 2.411899948E+01 8.810800171E+01 4.111700058E-01 4.775199890E-01 1.200100058E-03
 2.234499989E-04 6.669999857E-05 7.734500170E-01 -5.194899902E+02 8.529200195E+03 2.948599854E+02 1.175299988E+02 2.579299927E+01 8.943599701E+01 4.205699861E-01 4.749099910E-01 1.205999986E-03
 2.254999999E-04 6.669999857E-05 7.695800066E-01 2.263800049E+03 1.688000000E+04 2.944899902E+02 1.200000000E+02 2.764100075E+01 9.341899872E+01 4.306899905E-01 4.719400108E-01 1.212100033E-03
 2.275500010E-04 6.669999857E-05 7.652000189E-01 -8.330200195E+02 1.864500000E+04 2.940899963E+02 1.228199997E+02 2.920100021E+01 8.666400146E+01 4.418399930E-01 4.686200023E-01 1.218999969E-03
 2.296000021E-04 6.669999857E-05 7.601299882E-01 6.973699951E+02 1.893900000E+04 2.938500061E+02 1.259599991E+02 3.077700043E+01 7.947899628E+01 4.540100098E-01 4.651400149E-01 1.227200031E-03
 2.316500031E-04 6.669999857E-05 7.548599839E-01 6.433500000E+03 1.986500000E+04 2.936000061E+02 1.291799927E+02 3.261500168E+01 7.368399811E+01 4.666999876E-01 4.615199864E-01 1.235699980E-03
 2.337000042E-04 6.669999857E-05 7.492499948E-01 9.280400391E+03 2.186800000E+04 2.932999878E+02 1.327400055E+02 3.430799866E+01 7.106900024E+01 4.804799855E-01 4.576199949E-01 1.245000050E-03
 2.357500052E-04 6.669999857E-05 7.424899936E-01 1.274600000E+04 2.319200000E+04 2.930700073E+02 1.368600006E+02 3.596099854E+01 6.376100159E+01 4.961200058E-01 4.531300068E-01 1.256300020E-03
 2.378000063E-04 6.669999857E-05 7.341700196E-01 -2.935899963E+02 2.311800000E+04 2.929100037E+02 1.413899994E+02 3.776200104E+01 6.281600189E+01 5.132099986E-01 4.478099942E-01 1.270600013E-03
 2.398499928E-04 6.669999857E-05 7.259500027E-01 -3.117199951E+03 2.323300000E+04 2.926600037E+02 1.459900055E+02 3.957699966E+01 6.263700104E+01 5.306699872E-01 4.424099922E-01 1.285000006E-03
 2.418999939E-04 6.669999857E-05 7.173200250E-01 3.155100098E+03 3.044900000E+04 2.924200134E+02 1.509799957E+02 4.129399872E+01 4.782199860E+01 5.493800044E-01 4.367899895E-01 1.300500007E-03
 2.439499949E-04 6.669999857E-05 7.070999742E-01 3.254500000E+03 3.390600000E+04 2.921600037E+02 1.566699982E+02 4.305500031E+01 4.731100082E+01 5.705500245E-01 4.301899970E-01 1.319300034E-03
 2.460000105E-04 6.669999857E-05 6.964700222E-01 7.264100098E+03 3.749800000E+04 2.918099976E+02 1.627899933E+02 4.475500107E+01 4.560599899E+01 5.932199955E-01 4.232099950E-01 1.339399954E-03
 2.480499970E-04 6.669999857E-05 6.851000190E-01 3.328500000E+03 4.388900000E+04 2.915400085E+02 1.694299927E+02 4.638100052E+01 4.151300049E+01 6.174899936E-01 4.159100056E-01 1.361700008E-03
 2.501000126E-04 6.669999857E-05 6.728299856E-01 3.116000000E+03 4.839500000E+04 2.911099854E+02 1.765399933E+02 4.806100082E+01 3.230799866E+01 6.436399817E-01 4.078699946E-01 1.386499964E-03
 2.521499991E-04 6.669999857E-05 6.590800285E-01 8.585000000E+03 5.037300000E+04 2.906499939E+02 1.843500061E+02 4.977000046E+01 2.727700043E+01 6.722499728E-01 3.988899887E-01 1.415499952E-03
 2.541999856E-04 6.669999857E-05 6.432700157E-01 1.111000000E+04 5.007000000E+04 2.900799866E+02 1.931399994E+02 5.162799835E+01 3.438899994E+01 7.045500278E-01 3.885700107E-01 1.450399985E-03
 2.562500013E-04 6.669999857E-05 6.261399984E-01 1.774600000E+04 5.689700000E+04 2.891000061E+02 2.028500061E+02 5.335100174E+01 3.267399979E+01 7.404400110E-01 3.769400120E-01 1.490100054E-03
 2.582999878E-04 6.669999857E-05 6.072000265E-01 2.268300000E+04 6.078900000E+04 2.877300110E+02 2.137899933E+02 5.483300018E+01 2.114399910E+01 7.809799910E-01 3.638100028E-01 1.536799944E-03
 2.603500034E-04 6.669999857E-05 5.856900215E-01 2.766600000E+04 6.236000000E+04 2.857699890E+02 2.264499969E+02 5.635100174E+01 6.286099911E+00 8.285599947E-01 3.485400081E-01 1.593400026E-03
 2.623999899E-04 6.669999857E-05 5.600799918E-01 4.354200000E+04 6.284300000E+04 2.829299927E+02 2.418500061E+02 5.782500076E+01 -1.245499969E+00 8.873900175E-01 3.300000131E-01 1.666700002E-03
 2.644500055E-04 6.669999857E-05 4.929200113E-01 6.517600000E+04 5.879900000E+04 2.716300049E+02 2.809299927E+02 5.919200134E+01 -9.761400223E+00 9.685299993E-01 3.054200113E-01 1.775000012E-03
 2.664999920E-04 6.669999857E-05 4.399200082E-01 7.542900000E+04 5.743200000E+04 2.620100098E+02 3.114299927E+02 5.985400009E+01 -1.129199982E+01 1.016700029E+00 2.911399901E-01 1.841200050E-03
 2.050000039E-04 6.900000153E-05 7.925199866E-01 -3.282500000E+02 7.313500000E+03 2.962999878E+02 1.061999969E+02 1.129399967E+01 7.869599915E+01 3.723500073E-01 4.889900088E-01 1.176999998E-03
 2.070500050E-04 6.900000153E-05 7.919200063E-01 9.813099976E+02 1.479099976E+03 2.961700134E+02 1.065800018E+02 1.184099960E+01 5.856600189E+01 3.739700019E-01 4.884099960E-01 1.177900005E-03
 2.091000060E-04 6.900000153E-05 7.907500267E-01 2.833800049E+03 -1.636000000E+03 2.959800110E+02 1.075199966E+02 1.305500031E+01 3.378499985E+01 3.778499961E-01 4.873700142E-01 1.179600018E-03
 2.111500071E-04 6.900000153E-05 7.889599800E-01 2.136899902E+03 4.585899902E+03 2.959100037E+02 1.087099991E+02 1.458199978E+01 5.227899933E+01 3.826799989E-01 4.861600101E-01 1.182300039E-03
 2.131999936E-04 6.900000153E-05 7.868800163E-01 3.672500000E+03 1.274200000E+04 2.957399902E+02 1.100199966E+02 1.618000031E+01 7.337400055E+01 3.880900145E-01 4.846000075E-01 1.185399946E-03
 2.152499947E-04 6.900000153E-05 7.851099968E-01 7.694299805E+03 1.432200000E+04 2.953500061E+02 1.115400009E+02 1.776000023E+01 6.178599930E+01 3.944399953E-01 4.828700125E-01 1.188099966E-03
 2.172999957E-04 6.900000153E-05 7.829499841E-01 9.997500000E+03 7.850700195E+03 2.950400085E+02 1.133499985E+02 1.923200035E+01 6.301599884E+01 4.017199874E-01 4.810299873E-01 1.191399992E-03
 2.193499968E-04 6.900000153E-05 7.800800204E-01 9.250799805E+03 1.257300000E+04 2.947699890E+02 1.154599991E+02 2.066699982E+01 8.056300354E+01 4.100100100E-01 4.788300097E-01 1.195800025E-03
 2.213999978E-04 6.900000153E-05 7.765200138E-01 3.318600098E+03 1.258200000E+04 2.945199890E+02 1.177799988E+02 2.219400024E+01 8.290200043E+01 4.191600084E-01 4.762400091E-01 1.201299950E-03
 2.234499989E-04 6.900000153E-05 7.728999853E-01 -4.599600098E+03 8.099100098E+03 2.942999878E+02 1.202500000E+02 2.370199966E+01 8.211299896E+01 4.287900031E-01 4.736599922E-01 1.206899993E-03
 2.254999999E-04 6.900000153E-05 7.692099810E-01 -4.067800049E+03 9.231500000E+03 2.938599854E+02 1.228399963E+02 2.534499931E+01 8.161699677E+01 4.391300082E-01 4.706999958E-01 1.212700037E-03
 2.275500010E-04 6.900000153E-05 7.648699880E-01 -7.586199951E+01 1.008800000E+04 2.934100037E+02 1.255999985E+02 2.677899933E+01 6.625499725E+01 4.499900043E-01 4.673300087E-01 1.219599973E-03
 2.296000021E-04 6.900000153E-05 7.605299950E-01 4.758399902E+03 1.485500000E+04 2.931099854E+02 1.285299988E+02 2.821999931E+01 5.075000000E+01 4.613200128E-01 4.642100036E-01 1.226500026E-03
 2.316500031E-04 6.900000153E-05 7.560099959E-01 1.096700000E+04 1.758300000E+04 2.927200012E+02 1.315700073E+02 2.987899971E+01 6.058000183E+01 4.732800126E-01 4.608399868E-01 1.233899966E-03
 2.337000042E-04 6.900000153E-05 7.501400113E-01 1.282000000E+04 1.416000000E+04 2.922399902E+02 1.350800018E+02 3.125000000E+01 7.260700226E+01 4.867999852E-01 4.564999938E-01 1.243500039E-03
 2.357500052E-04 6.900000153E-05 7.434800267E-01 1.602100000E+04 1.533000000E+04 2.918500061E+02 1.390899963E+02 3.267300034E+01 5.667499924E+01 5.019699931E-01 4.518400133E-01 1.254700008E-03
 2.378000063E-04 6.900000153E-05 7.361900210E-01 9.352500000E+03 2.129600000E+04 2.915000000E+02 1.434400024E+02 3.436800003E+01 5.920700073E+01 5.185199976E-01 4.468800128E-01 1.267099986E-03
 2.398499928E-04 6.900000153E-05 7.284500003E-01 3.405000000E+03 2.052800000E+04 2.910599976E+02 1.480800018E+02 3.589099884E+01 6.815799713E+01 5.360599756E-01 4.415099919E-01 1.280599972E-03
 2.418999939E-04 6.900000153E-05 7.203299999E-01 6.085100098E+03 2.001600000E+04 2.906199951E+02 1.530599976E+02 3.733900070E+01 4.898099899E+01 5.546799898E-01 4.359300137E-01 1.294999965E-03
 2.439499949E-04 6.900000153E-05 7.111600041E-01 6.634299805E+03 2.096500000E+04 2.902099915E+02 1.585200043E+02 3.886600113E+01 4.052399826E+01 5.750300288E-01 4.297699928E-01 1.311699976E-03
 2.460000105E-04 6.900000153E-05 7.013900280E-01 6.156100098E+03 3.146500000E+04 2.896099854E+02 1.643399963E+02 4.031700134E+01 5.226300049E+01 5.968099833E-01 4.229899943E-01 1.329999999E-03
 2.480499970E-04 6.900000153E-05 6.904900074E-01 4.697600098E+03 3.879900000E+04 2.889400024E+02 1.707200012E+02 4.164799881E+01 4.763700104E+01 6.204699874E-01 4.154599905E-01 1.351000043E-03
 2.501000126E-04 6.900000153E-05 6.788300276E-01 1.099100000E+04 3.975800000E+04 2.882300110E+02 1.775599976E+02 4.312900162E+01 3.386100006E+01 6.460000277E-01 4.074299932E-01 1.374199986E-03
 2.521499991E-04 6.900000153E-05 6.654800177E-01 1.339100000E+04 4.374100000E+04 2.874899902E+02 1.851699982E+02 4.472299957E+01 3.855599976E+01 6.743400097E-01 3.983899951E-01 1.401899965E-03
 2.541999856E-04 6.900000153E-05 6.504200101E-01 1.360300000E+04 3.562900000E+04 2.865700073E+02 1.937100067E+02 4.628300095E+01 4.359799957E+01 7.061499953E-01 3.881399930E-01 1.434399979E-03
 2.562500013E-04 6.900000153E-05 6.342999935E-01 2.040100000E+04 3.944500000E+04 2.852500000E+02 2.029799957E+02 4.782099915E+01 4.818000031E+01 7.411100268E-01 3.767699897E-01 1.470900024E-03
 2.582999878E-04 6.900000153E-05 6.158199906E-01 2.617900000E+04 5.237900000E+04 2.836300049E+02 2.134600067E+02 4.910200119E+01 3.625600052E+01 7.806299925E-01 3.637199998E-01 1.515200012E-03
 2.603500034E-04 6.900000153E-05 5.942900181E-01 2.977600000E+04 5.384000000E+04 2.815199890E+02 2.258200073E+02 5.026100159E+01 7.153500080E+00 8.276200294E-01 3.484199941E-01 1.570299966E-03
 2.623999899E-04 6.900000153E-05 5.687100291E-01 4.565700000E+04 5.147000000E+04 2.784899902E+02 2.408899994E+02 5.146900177E+01 -6.261099815E+00 8.860499859E-01 3.298400044E-01 1.641200040E-03
 2.644500055E-04 6.900000153E-05 5.012099743E-01 7.218800000E+04 5.055800000E+04 2.671099854E+02 2.794200134E+02 5.267800140E+01 -1.073600006E+01 9.666100144E-01 3.055399954E-01 1.744900015E-03
 2.664999920E-04 6.900000153E-05 4.475499988E-01 8.335400000E+04 5.296300000E+04 2.575299988E+02 3.096300049E+02 5.328099823E+01 -1.402999973E+01 1.014600039E+00 2.913999856E-01 1.808600035E-03
 2.050000039E-04 7.129999722E-05 7.915899754E-01 -1.025700000E+04 1.354300000E+04 2.958699951E+02 1.076800003E+02 1.041600037E+01 5.689300156E+01 3.774499893E-01 4.876999855E-01 1.178400009E-03
 2.070500050E-04 7.129999722E-05 7.912700176E-01 -3.030399902E+03 5.663299805E+03 2.956400146E+02 1.082200012E+02 1.084500027E+01 5.043700027E+01 3.796400130E-01 4.871399999E-01 1.178900013E-03
 2.091000060E-04 7.129999722E-05 7.900800109E-01 4.391200195E+03 1.917699951E+03 2.955199890E+02 1.093300018E+02 1.203299999E+01 3.975799942E+01 3.840099871E-01 4.862000048E-01 1.180600026E-03
 2.111500071E-04 7.129999722E-05 7.883899808E-01 4.283000000E+03 4.098799805E+03 2.954599915E+02 1.105599976E+02 1.350399971E+01 4.833000183E+01 3.888800144E-01 4.850600064E-01 1.183200045E-03
 2.131999936E-04 7.129999722E-05 7.865099907E-01 1.658000000E+03 8.610500000E+03 2.951600037E+02 1.120199966E+02 1.488300037E+01 5.197700119E+01 3.947800100E-01 4.834100008E-01 1.185999950E-03
 2.152499947E-04 7.129999722E-05 7.848200202E-01 2.257100098E+03 1.367900000E+04 2.948399963E+02 1.135899963E+02 1.623999977E+01 4.419499969E+01 4.010599852E-01 4.818499982E-01 1.188599970E-03
 2.172999957E-04 7.129999722E-05 7.823399901E-01 3.134399902E+03 1.012400000E+04 2.946099854E+02 1.154499969E+02 1.744199944E+01 5.357699966E+01 4.082799852E-01 4.799599946E-01 1.192299998E-03
 2.193499968E-04 7.129999722E-05 7.791900039E-01 3.916000000E+03 1.192500000E+04 2.943599854E+02 1.175199966E+02 1.878400040E+01 7.226100159E+01 4.163199961E-01 4.776299894E-01 1.197100035E-03
 2.213999978E-04 7.129999722E-05 7.761800289E-01 2.390300049E+03 1.603400000E+04 2.940199890E+02 1.196699982E+02 2.021699905E+01 6.981300354E+01 4.247800112E-01 4.752399921E-01 1.201799954E-03
 2.234499989E-04 7.129999722E-05 7.728700042E-01 -2.618399902E+03 1.101900000E+04 2.937099915E+02 1.221100006E+02 2.149900055E+01 6.168700027E+01 4.342199862E-01 4.726999998E-01 1.206899993E-03
 2.254999999E-04 7.129999722E-05 7.689300179E-01 -1.720699951E+03 1.324300049E+03 2.933399963E+02 1.248199997E+02 2.296199989E+01 5.878400040E+01 4.447300136E-01 4.697000086E-01 1.213100040E-03
 2.275500010E-04 7.129999722E-05 7.644900084E-01 6.100799805E+03 4.164700195E+03 2.928699951E+02 1.276900024E+02 2.440500069E+01 5.847499847E+01 4.559200108E-01 4.662399888E-01 1.220199978E-03
 2.296000021E-04 7.129999722E-05 7.603700161E-01 1.196600000E+04 1.095500000E+04 2.924400024E+02 1.306900024E+02 2.566399956E+01 4.234000015E+01 4.674200118E-01 4.630500078E-01 1.226800028E-03
 2.316500031E-04 7.129999722E-05 7.559599876E-01 1.165100000E+04 1.480900000E+04 2.920299988E+02 1.339499969E+02 2.704700089E+01 3.952899933E+01 4.799599946E-01 4.597199857E-01 1.233899966E-03
 2.337000042E-04 7.129999722E-05 7.505099773E-01 1.333700000E+04 1.405100000E+04 2.914200134E+02 1.375399933E+02 2.833600044E+01 5.217399979E+01 4.937199950E-01 4.554400146E-01 1.242900034E-03
 2.357500052E-04 7.129999722E-05 7.443299890E-01 1.129400000E+04 1.374000000E+04 2.908699951E+02 1.413999939E+02 2.950799942E+01 5.409000015E+01 5.083500147E-01 4.508399963E-01 1.253199996E-03
 2.378000063E-04 7.129999722E-05 7.376499772E-01 8.714099609E+03 1.840400000E+04 2.904100037E+02 1.456300049E+02 3.084600067E+01 6.704199982E+01 5.242999792E-01 4.460900128E-01 1.264599967E-03
 2.398499928E-04 7.129999722E-05 7.305999994E-01 8.044000000E+03 1.711900000E+04 2.897999878E+02 1.502599945E+02 3.209400177E+01 6.345899963E+01 5.417299867E-01 4.408999979E-01 1.276799943E-03
 2.418999939E-04 7.129999722E-05 7.227200270E-01 4.644399902E+03 1.689900000E+04 2.892000122E+02 1.552400055E+02 3.343700027E+01 6.294900131E+01 5.604500175E-01 4.352400005E-01 1.290700049E-03
 2.439499949E-04 7.129999722E-05 7.140300274E-01 5.593700195E+03 1.251600000E+04 2.886600037E+02 1.604199982E+02 3.483300018E+01 5.562599945E+01 5.799199939E-01 4.292100072E-01 1.306400052E-03
 2.460000105E-04 7.129999722E-05 7.043300271E-01 5.671299805E+03 1.735900000E+04 2.879700012E+02 1.660599976E+02 3.619400024E+01 5.087300110E+01 6.011400223E-01 4.223600030E-01 1.324499957E-03
 2.480499970E-04 7.129999722E-05 6.934499741E-01 6.179000000E+03 2.812000000E+04 2.871199951E+02 1.722299957E+02 3.733800125E+01 5.150999832E+01 6.242200136E-01 4.146099985E-01 1.345299999E-03
 2.501000126E-04 7.129999722E-05 6.826199889E-01 2.139100000E+04 3.075900000E+04 2.860700073E+02 1.786999969E+02 3.849700165E+01 3.227799988E+01 6.486899853E-01 4.066399932E-01 1.366600045E-03
 2.521499991E-04 7.129999722E-05 6.700199842E-01 2.498500000E+04 3.387300000E+04 2.849599915E+02 1.861100006E+02 3.986199951E+01 3.169099998E+01 6.767100096E-01 3.975900114E-01 1.392400009E-03
 2.541999856E-04 7.129999722E-05 6.559500098E-01 1.994400000E+04 2.492000000E+04 2.837900085E+02 1.942700043E+02 4.118399811E+01 4.886399841E+01 7.075499892E-01 3.876399994E-01 1.422200003E-03
 2.562500013E-04 7.129999722E-05 6.406599879E-01 2.424000000E+04 2.708300000E+04 2.822900085E+02 2.032599945E+02 4.255099869E+01 5.334799957E+01 7.418699861E-01 3.766100109E-01 1.456300030E-03
 2.582999878E-04 7.129999722E-05 6.223999858E-01 2.884000000E+04 3.970500000E+04 2.804599915E+02 2.136900024E+02 4.362799835E+01 3.531299973E+01 7.816600204E-01 3.635100126E-01 1.499100006E-03
 2.603500034E-04 7.129999722E-05 6.012799740E-01 3.797600000E+04 4.111900000E+04 2.781600037E+02 2.258000031E+02 4.455500031E+01 1.349400043E+01 8.283200264E-01 3.483000100E-01 1.551999943E-03
 2.623999899E-04 7.129999722E-05 5.759800076E-01 5.034500000E+04 4.081900000E+04 2.750199890E+02 2.405000000E+02 4.550400162E+01 8.435600281E+00 8.859500289E-01 3.299100101E-01 1.620499999E-03
 2.644500055E-04 7.129999722E-05 5.077999830E-01 6.526800000E+04 3.962800000E+04 2.636600037E+02 2.785299988E+02 4.648300171E+01 2.834599972E+00 9.658100009E-01 3.056200147E-01 1.721999957E-03
 2.664999920E-04 7.129999722E-05 4.535399973E-01 7.312500000E+04 3.980900000E+04 2.541199951E+02 3.084200134E+02 4.702700043E+01 -3.319000006E+00 1.013499975E+00 2.915000021E-01 1.784199965E-03
 2.050000039E-04 7.360000018E-05 7.911199927E-01 -4.859200195E+03 9.358200195E+03 2.953099976E+02 1.089700012E+02 9.348899841E+00 2.166099930E+01 3.819600046E-01 4.864999950E-01 1.179100014E-03
 2.070500050E-04 7.360000018E-05 7.905200124E-01 -2.333300049E+03 6.509299805E+03 2.952399902E+02 1.095000000E+02 9.765899658E+00 2.601300049E+01 3.839800060E-01 4.860099852E-01 1.180000021E-03
 2.091000060E-04 7.360000018E-05 7.893599868E-01 -5.954199829E+02 6.166700195E+03 2.951400146E+02 1.106299973E+02 1.090900040E+01 4.364099884E+01 3.883399963E-01 4.851399958E-01 1.181700034E-03
 2.111500071E-04 7.360000018E-05 7.878000140E-01 9.787999878E+02 5.227399902E+03 2.949599915E+02 1.120299988E+02 1.218700027E+01 5.607799911E+01 3.937999904E-01 4.838800132E-01 1.184100052E-03
 2.131999936E-04 7.360000018E-05 7.859200239E-01 -1.546699951E+03 5.511899902E+03 2.946300049E+02 1.136500015E+02 1.342899990E+01 4.020299911E+01 4.001500010E-01 4.821799994E-01 1.186899957E-03
 2.152499947E-04 7.360000018E-05 7.844700217E-01 1.048800049E+03 9.585599609E+03 2.943200073E+02 1.152500000E+02 1.461200047E+01 2.487999916E+01 4.064199924E-01 4.807899892E-01 1.189099974E-03
 2.172999957E-04 7.360000018E-05 7.817999721E-01 4.370100098E+03 1.221600000E+04 2.941099854E+02 1.171800003E+02 1.564400005E+01 4.161899948E+01 4.137099981E-01 4.788199961E-01 1.193200005E-03
 2.193499968E-04 7.360000018E-05 7.785999775E-01 2.906399902E+03 1.108300000E+04 2.938800049E+02 1.193099976E+02 1.699200058E+01 6.213399887E+01 4.219200015E-01 4.764800072E-01 1.198100043E-03
 2.213999978E-04 7.360000018E-05 7.754799724E-01 4.703399902E+03 1.159000000E+04 2.936000061E+02 1.214599991E+02 1.824900055E+01 5.067499924E+01 4.302200079E-01 4.741199911E-01 1.202899963E-03
 2.234499989E-04 7.360000018E-05 7.720199823E-01 5.965899902E+03 1.075700000E+04 2.932500000E+02 1.238300018E+02 1.926600075E+01 3.720100021E+01 4.392000139E-01 4.714500010E-01 1.208300004E-03
 2.254999999E-04 7.360000018E-05 7.684400082E-01 5.749399902E+03 2.810100098E+03 2.928399963E+02 1.264899979E+02 2.058799934E+01 3.550799942E+01 4.494799972E-01 4.686000049E-01 1.213900046E-03
 2.275500010E-04 7.360000018E-05 7.644500136E-01 6.736200195E+03 4.041100098E+03 2.923699951E+02 1.294600067E+02 2.189599991E+01 4.172299957E+01 4.608800113E-01 4.654200077E-01 1.220199978E-03
 2.296000021E-04 7.360000018E-05 7.603700161E-01 9.965500000E+03 7.924299805E+03 2.919100037E+02 1.325700073E+02 2.285799980E+01 3.920899963E+01 4.725799859E-01 4.621999860E-01 1.226800028E-03
 2.316500031E-04 7.360000018E-05 7.558699846E-01 9.699200195E+03 1.116500000E+04 2.914700012E+02 1.359900055E+02 2.401499939E+01 4.282400131E+01 4.854800105E-01 4.587799907E-01 1.234099967E-03
 2.337000042E-04 7.360000018E-05 7.506300211E-01 1.329300000E+04 1.350900000E+04 2.909400024E+02 1.397400055E+02 2.532299995E+01 4.788199997E+01 4.997000098E-01 4.547800124E-01 1.242700033E-03
 2.357500052E-04 7.360000018E-05 7.443699837E-01 9.556500000E+03 1.152900000E+04 2.904299927E+02 1.436900024E+02 2.640099907E+01 5.070000076E+01 5.145199895E-01 4.501799941E-01 1.253199996E-03
 2.378000063E-04 7.360000018E-05 7.380599976E-01 4.654299805E+03 1.393900000E+04 2.897600098E+02 1.477899933E+02 2.744300079E+01 5.997299957E+01 5.299900174E-01 4.453499913E-01 1.263899961E-03
 2.398499928E-04 7.360000018E-05 7.317500114E-01 1.241900000E+04 1.488400000E+04 2.889899902E+02 1.521100006E+02 2.849600029E+01 4.378200150E+01 5.463799834E-01 4.403600097E-01 1.274800044E-03
 2.418999939E-04 7.360000018E-05 7.237200141E-01 9.474599609E+03 1.235100000E+04 2.882999878E+02 1.570399933E+02 2.976499939E+01 4.804899979E+01 5.649899840E-01 4.344800115E-01 1.289000036E-03
 2.439499949E-04 7.360000018E-05 7.151200175E-01 3.903600098E+03 6.735100098E+03 2.875599976E+02 1.622100067E+02 3.101399994E+01 5.437500000E+01 5.845100284E-01 4.282200038E-01 1.304400037E-03
 2.460000105E-04 7.360000018E-05 7.063500285E-01 6.878399902E+03 9.585400391E+03 2.867600098E+02 1.676399994E+02 3.216899872E+01 4.390599823E+01 6.050000191E-01 4.217900038E-01 1.320700045E-03
 2.480499970E-04 7.360000018E-05 6.963099837E-01 1.142600000E+04 1.891600000E+04 2.857900085E+02 1.736199951E+02 3.322900009E+01 3.775999832E+01 6.276000142E-01 4.144000113E-01 1.339699957E-03
 2.501000126E-04 7.360000018E-05 6.854100227E-01 2.223300000E+04 1.898400000E+04 2.845899963E+02 1.800000000E+02 3.417800140E+01 2.356399918E+01 6.518399715E-01 4.061999917E-01 1.361000002E-03
 2.521499991E-04 7.360000018E-05 6.731600165E-01 2.694700000E+04 1.947300000E+04 2.833200073E+02 1.871499939E+02 3.513399887E+01 2.560400009E+01 6.790099740E-01 3.971700072E-01 1.385799958E-03
 2.541999856E-04 7.360000018E-05 6.596099734E-01 2.436800000E+04 1.675000000E+04 2.819299927E+02 1.950800018E+02 3.633499908E+01 4.182400131E+01 7.093200088E-01 3.872599900E-01 1.414299943E-03
 2.562500013E-04 7.360000018E-05 6.444699764E-01 2.591400000E+04 1.776700000E+04 2.803200073E+02 2.038600006E+02 3.747600174E+01 4.544699860E+01 7.430700064E-01 3.762100041E-01 1.447599963E-03
 2.582999878E-04 7.360000018E-05 6.270099878E-01 2.953300000E+04 2.471400000E+04 2.783299866E+02 2.140399933E+02 3.822900009E+01 3.126300049E+01 7.822399735E-01 3.634200096E-01 1.488000038E-03
 2.603500034E-04 7.360000018E-05 6.064900160E-01 3.751500000E+04 2.785300000E+04 2.757799988E+02 2.259199982E+02 3.913600159E+01 2.954800034E+01 8.287199736E-01 3.483299911E-01 1.538599958E-03
 2.623999899E-04 7.360000018E-05 5.812600255E-01 4.956200000E+04 2.835100000E+04 2.725299988E+02 2.403800049E+02 3.996099854E+01 2.812700081E+01 8.860399723E-01 3.299300075E-01 1.605800004E-03
 2.644500055E-04 7.360000018E-05 5.126100183E-01 5.767700000E+04 2.639100000E+04 2.611499939E+02 2.781199951E+02 4.071400070E+01 1.531200027E+01 9.656500220E-01 3.056400120E-01 1.705399947E-03
 2.664999920E-04 7.360000018E-05 4.580799937E-01 6.029400000E+04 2.567300000E+04 2.516100006E+02 3.077699890E+02 4.116199875E+01 1.421700001E+01 1.013100028E+00 2.915900052E-01 1.766199945E-03
 2.050000039E-04 7.590000314E-05 7.900199890E-01 -1.770000000E+03 5.024399902E+03 2.950499878E+02 1.100999985E+02 8.423000336E+00 9.597800255E+00 3.857899904E-01 4.853900075E-01 1.180700026E-03
 2.070500050E-04 7.590000314E-05 7.896100283E-01 -2.182600098E+03 3.032399902E+03 2.950100098E+02 1.106100006E+02 8.846599579E+00 1.752099991E+01 3.877300024E-01 4.850800037E-01 1.181300031E-03
 2.091000060E-04 7.590000314E-05 7.884200215E-01 -9.729899902E+02 8.192099609E+03 2.948599854E+02 1.118300018E+02 9.719599724E+00 3.890599823E+01 3.923099935E-01 4.841000140E-01 1.183100045E-03
 2.111500071E-04 7.590000314E-05 7.869799733E-01 2.938300049E+03 1.140100000E+04 2.945400085E+02 1.132200012E+02 1.072900009E+01 4.830599976E+01 3.976899981E-01 4.826900065E-01 1.185299945E-03
 2.131999936E-04 7.590000314E-05 7.855399847E-01 3.052800049E+03 9.946000000E+03 2.942000122E+02 1.147099991E+02 1.187500000E+01 3.460599899E+01 4.035300016E-01 4.812499881E-01 1.187499962E-03
 2.152499947E-04 7.590000314E-05 7.839199901E-01 7.728399902E+03 1.042100000E+04 2.939100037E+02 1.164100037E+02 1.291800022E+01 2.977700043E+01 4.100300074E-01 4.797900021E-01 1.189899980E-03
 2.172999957E-04 7.590000314E-05 7.816799879E-01 1.414600000E+04 1.212400000E+04 2.936300049E+02 1.182900009E+02 1.390299988E+01 4.545199966E+01 4.171499908E-01 4.779500067E-01 1.193300006E-03
 2.193499968E-04 7.590000314E-05 7.782999873E-01 8.114700195E+03 9.424099609E+03 2.935000000E+02 1.204800034E+02 1.506900024E+01 4.300000000E+01 4.253399968E-01 4.756900072E-01 1.198500046E-03
 2.213999978E-04 7.590000314E-05 7.744699717E-01 5.477399902E+03 4.191600098E+03 2.934299927E+02 1.229300003E+02 1.618600082E+01 3.212799835E+01 4.344100058E-01 4.732300043E-01 1.204399974E-03
 2.234499989E-04 7.590000314E-05 7.709400058E-01 4.512299805E+03 6.774899902E+03 2.931099854E+02 1.254400024E+02 1.711599922E+01 2.243300056E+01 4.438000023E-01 4.705600142E-01 1.210000017E-03
 2.254999999E-04 7.590000314E-05 7.674599886E-01 -1.000299988E+03 4.776299805E+03 2.926199951E+02 1.280899963E+02 1.820599937E+01 1.308899975E+01 4.539299905E-01 4.676499963E-01 1.215400058E-03
 2.275500010E-04 7.590000314E-05 7.637000084E-01 3.164000000E+03 1.615000000E+03 2.920899963E+02 1.310200043E+02 1.926399994E+01 2.135300064E+01 4.650500119E-01 4.645200074E-01 1.221399987E-03
 2.296000021E-04 7.590000314E-05 7.595300078E-01 6.697000000E+03 3.028300049E+03 2.915700073E+02 1.341900024E+02 1.999500084E+01 3.361800003E+01 4.768500030E-01 4.611699879E-01 1.228100038E-03
 2.316500031E-04 7.590000314E-05 7.552700043E-01 4.379000000E+03 7.731299805E+03 2.910799866E+02 1.375899963E+02 2.092900085E+01 4.203200150E+01 4.895899892E-01 4.578100145E-01 1.235099975E-03
 2.337000042E-04 7.590000314E-05 7.500900030E-01 6.399399902E+03 5.097799805E+03 2.906499939E+02 1.413999939E+02 2.209199905E+01 3.868700027E+01 5.038200021E-01 4.539900124E-01 1.243600040E-03
 2.357500052E-04 7.590000314E-05 7.439699769E-01 5.374100098E+03 6.112100098E+03 2.901300049E+02 1.454299927E+02 2.320400047E+01 3.655699921E+01 5.189399719E-01 4.494799972E-01 1.253800001E-03
 2.378000063E-04 7.590000314E-05 7.379900217E-01 3.169500000E+03 1.100200000E+04 2.893900146E+02 1.494799957E+02 2.422999954E+01 3.916699982E+01 5.342800021E-01 4.447300136E-01 1.263999962E-03
 2.398499928E-04 7.590000314E-05 7.313899994E-01 1.060700000E+04 9.542299805E+03 2.886000061E+02 1.537599945E+02 2.514299965E+01 4.035400009E+01 5.504199862E-01 4.395500124E-01 1.275400049E-03
 2.418999939E-04 7.590000314E-05 7.235800028E-01 1.233700000E+04 4.496899902E+03 2.878299866E+02 1.585000000E+02 2.618199921E+01 4.154100037E+01 5.683199763E-01 4.336999953E-01 1.289200038E-03
 2.439499949E-04 7.590000314E-05 7.157599926E-01 9.421799805E+03 4.390400085E+02 2.869899902E+02 1.636000061E+02 2.723399925E+01 4.053699875E+01 5.875999928E-01 4.277499914E-01 1.303300029E-03
 2.460000105E-04 7.590000314E-05 7.075099945E-01 9.679200195E+03 5.577000000E+03 2.860000000E+02 1.689799957E+02 2.823999977E+01 5.405300140E+01 6.080200076E-01 4.213800132E-01 1.318500028E-03
 2.480499970E-04 7.590000314E-05 6.980299950E-01 1.083500000E+04 1.206500000E+04 2.848699951E+02 1.748300018E+02 2.915399933E+01 3.472600174E+01 6.302899718E-01 4.140799940E-01 1.336400048E-03
 2.501000126E-04 7.590000314E-05 6.874899864E-01 1.905200000E+04 1.180600000E+04 2.835899963E+02 1.812299957E+02 2.988800049E+01 4.864500046E+00 6.546599865E-01 4.059999883E-01 1.356899971E-03
 2.521499991E-04 7.590000314E-05 6.753900051E-01 2.368300000E+04 7.816899902E+03 2.823099976E+02 1.883000031E+02 3.062700081E+01 9.474800110E+00 6.814900041E-01 3.970499933E-01 1.381200040E-03
 2.541999856E-04 7.590000314E-05 6.620100141E-01 2.370200000E+04 1.024700000E+04 2.808099976E+02 1.961000061E+02 3.164800072E+01 1.981500053E+01 7.114800215E-01 3.871200085E-01 1.409200020E-03
 2.562500013E-04 7.590000314E-05 6.473600268E-01 2.530500000E+04 1.367600000E+04 2.790400085E+02 2.047200012E+02 3.256000137E+01 3.363399887E+01 7.448199987E-01 3.761700094E-01 1.441200031E-03
 2.582999878E-04 7.590000314E-05 6.304100156E-01 2.918900000E+04 1.614200000E+04 2.769500122E+02 2.144600067E+02 3.319400024E+01 3.236299896E+01 7.826700211E-01 3.635999858E-01 1.479999977E-03
 2.603500034E-04 7.590000314E-05 6.101800203E-01 3.651500000E+04 1.816900000E+04 2.742200012E+02 2.259799957E+02 3.393999863E+01 3.107999992E+01 8.282700181E-01 3.484700024E-01 1.529200003E-03
 2.623999899E-04 7.590000314E-05 5.850600004E-01 5.256800000E+04 1.980900000E+04 2.706400146E+02 2.403300018E+02 3.464400101E+01 2.475799942E+01 8.859900236E-01 3.297800124E-01 1.595300040E-03
 2.644500055E-04 7.590000314E-05 5.163199902E-01 6.561900000E+04 1.988800000E+04 2.591099854E+02 2.777799988E+02 3.526900101E+01 1.084300041E+01 9.657899737E-01 3.053900003E-01 1.693399972E-03
 2.664999920E-04 7.590000314E-05 4.617199898E-01 6.680500000E+04 1.831900000E+04 2.496199951E+02 3.072000122E+02 3.557500076E+01 7.558400154E+00 1.013100028E+00 2.914499938E-01 1.752799959E-03
 2.050000039E-04 7.819999882E-05 7.894200087E-01 -3.867899902E+03 -6.446299805E+03 2.948399963E+02 1.105999985E+02 7.434800148E+00 2.451600075E+01 3.874500096E-01 4.846700132E-01 1.181600033E-03
 2.070500050E-04 7.819999882E-05 7.891100049E-01 -8.872199707E+02 -2.467899902E+03 2.947799988E+02 1.112500000E+02 7.728099823E+00 2.877599907E+01 3.898200095E-01 4.844000041E-01 1.182100037E-03
 2.091000060E-04 7.819999882E-05 7.877500057E-01 4.536500000E+03 7.237700195E+03 2.946400146E+02 1.125699997E+02 8.473500252E+00 2.822299957E+01 3.947100043E-01 4.833300114E-01 1.184100052E-03
 2.111500071E-04 7.819999882E-05 7.860299945E-01 5.192299805E+03 1.224500000E+04 2.943900146E+02 1.139400024E+02 9.385499954E+00 2.405699921E+01 3.998799920E-01 4.818699956E-01 1.186699956E-03
 2.131999936E-04 7.819999882E-05 7.845799923E-01 3.963100098E+03 7.863000000E+03 2.940700073E+02 1.154499969E+02 1.032299995E+01 2.871899986E+01 4.056600034E-01 4.804500043E-01 1.188899972E-03
 2.152499947E-04 7.819999882E-05 7.828199863E-01 1.159100000E+04 6.450000000E+03 2.937399902E+02 1.172200012E+02 1.121300030E+01 3.472900009E+01 4.123399854E-01 4.788399935E-01 1.191599993E-03
 2.172999957E-04 7.819999882E-05 7.806400061E-01 1.709500000E+04 1.004700000E+04 2.933900146E+02 1.191500015E+02 1.211499977E+01 3.822299957E+01 4.196299911E-01 4.769400060E-01 1.194900018E-03
 2.193499968E-04 7.819999882E-05 7.770000100E-01 1.129200000E+04 5.226600098E+03 2.932699890E+02 1.213899994E+02 1.312300014E+01 2.877499962E+01 4.278900027E-01 4.745199978E-01 1.200499944E-03
 2.213999978E-04 7.819999882E-05 7.736499906E-01 6.996899902E+03 -1.163399963E+02 2.932099915E+02 1.238600006E+02 1.404599953E+01 3.056100082E+01 4.369199872E-01 4.723800123E-01 1.205699984E-03
 2.234499989E-04 7.819999882E-05 7.704200149E-01 -3.313800049E+02 4.962899902E+03 2.929299927E+02 1.264800034E+02 1.481499958E+01 3.348799896E+01 4.465700090E-01 4.699600041E-01 1.210800023E-03
 2.254999999E-04 7.819999882E-05 7.664300203E-01 -5.941700195E+03 5.657899902E+03 2.925000000E+02 1.292899933E+02 1.573799992E+01 2.189500046E+01 4.570499957E-01 4.668299854E-01 1.217099954E-03
 2.275500010E-04 7.819999882E-05 7.631899714E-01 6.962899902E+03 1.026099976E+03 2.919200134E+02 1.321699982E+02 1.658300018E+01 2.568700027E+01 4.679200053E-01 4.639399946E-01 1.222199993E-03
 2.296000021E-04 7.819999882E-05 7.592200041E-01 1.006700000E+04 1.706099976E+03 2.913699951E+02 1.353699951E+02 1.719799995E+01 3.743099976E+01 4.797799885E-01 4.606499970E-01 1.228600042E-03
 2.316500031E-04 7.819999882E-05 7.543699741E-01 6.361899902E+03 4.978100098E+03 2.908099976E+02 1.388300018E+02 1.792799950E+01 3.433700180E+01 4.926699996E-01 4.568299949E-01 1.236499986E-03
 2.337000042E-04 7.819999882E-05 7.493199706E-01 6.829700195E+03 1.142500000E+03 2.902500000E+02 1.425099945E+02 1.895499992E+01 2.703000069E+01 5.064799786E-01 4.528999925E-01 1.244900050E-03
 2.357500052E-04 7.819999882E-05 7.437700033E-01 1.034300049E+03 2.110300049E+03 2.896600037E+02 1.463999939E+02 1.999500084E+01 3.150900078E+01 5.210499763E-01 4.486399889E-01 1.254200004E-03
 2.378000063E-04 7.819999882E-05 7.377200127E-01 3.319600098E+03 5.018500000E+03 2.889800110E+02 1.505599976E+02 2.085300064E+01 2.535000038E+01 5.366299748E-01 4.439400136E-01 1.264499966E-03
 2.398499928E-04 7.819999882E-05 7.312999964E-01 9.538799805E+03 2.913300049E+03 2.881700134E+02 1.550299988E+02 2.176000023E+01 3.024900055E+01 5.534999967E-01 4.388400018E-01 1.275600051E-03
 2.418999939E-04 7.819999882E-05 7.239800096E-01 1.009800000E+04 1.846799927E+02 2.873800049E+02 1.597299957E+02 2.253400040E+01 3.729299927E+01 5.711200237E-01 4.332500100E-01 1.288500032E-03
 2.439499949E-04 7.819999882E-05 7.163299918E-01 1.221900000E+04 -1.601000000E+03 2.865599976E+02 1.647400055E+02 2.338899994E+01 3.551800156E+01 5.899500251E-01 4.274500012E-01 1.302200020E-03
 2.460000105E-04 7.819999882E-05 7.081000209E-01 1.638000000E+04 3.014600098E+03 2.853900146E+02 1.701300049E+02 2.434499931E+01 4.956299973E+01 6.105999947E-01 4.208300114E-01 1.317400020E-03
 2.480499970E-04 7.819999882E-05 6.986500025E-01 1.901600000E+04 4.519600098E+03 2.841099854E+02 1.760599976E+02 2.501000023E+01 3.751100159E+01 6.332200170E-01 4.133400023E-01 1.335200039E-03
 2.501000126E-04 7.819999882E-05 6.886900067E-01 2.520400000E+04 4.553100098E+03 2.828599854E+02 1.824199982E+02 2.561899948E+01 6.703700066E+00 6.573699713E-01 4.056600034E-01 1.354499953E-03
 2.521499991E-04 7.819999882E-05 6.772999763E-01 2.552800000E+04 7.200600098E+03 2.815400085E+02 1.893000031E+02 2.630500031E+01 -5.976200104E-01 6.836199760E-01 3.970899880E-01 1.377400011E-03
 2.541999856E-04 7.819999882E-05 6.640899777E-01 2.329100000E+04 9.096200195E+03 2.799800110E+02 1.969600067E+02 2.702199936E+01 1.022599983E+01 7.131299973E-01 3.871900141E-01 1.404799987E-03
 2.562500013E-04 7.819999882E-05 6.494600177E-01 2.593300000E+04 6.319100098E+03 2.780499878E+02 2.055599976E+02 2.776399994E+01 2.367099953E+01 7.466300130E-01 3.760600090E-01 1.436499995E-03
 2.582999878E-04 7.819999882E-05 6.326000094E-01 2.779900000E+04 8.275700195E+03 2.758699951E+02 2.152899933E+02 2.842900085E+01 2.922500038E+01 7.847499847E-01 3.634299934E-01 1.474900055E-03
 2.603500034E-04 7.819999882E-05 6.127799749E-01 3.559300000E+04 1.316700000E+04 2.731300049E+02 2.265399933E+02 2.893099976E+01 1.755200005E+01 8.294699788E-01 3.485600054E-01 1.522699953E-03
 2.623999899E-04 7.819999882E-05 5.882899761E-01 5.644400000E+04 1.565500000E+04 2.693800049E+02 2.405200043E+02 2.944199944E+01 3.656699896E+00 8.862199783E-01 3.300699890E-01 1.586499973E-03
 2.644500055E-04 7.819999882E-05 5.193099976E-01 7.168700000E+04 1.451200000E+04 2.577600098E+02 2.777099915E+02 2.995199966E+01 7.992799878E-01 9.657099843E-01 3.055799901E-01 1.683600014E-03
 2.664999920E-04 7.819999882E-05 4.641700089E-01 7.316500000E+04 1.089900000E+04 2.483000031E+02 3.070100098E+02 3.014299965E+01 -5.949699879E-01 1.012899995E+00 2.914899886E-01 1.743400004E-03
 2.050000039E-04 8.050000179E-05 7.893099785E-01 -2.006699951E+03 -1.424600000E+04 2.947200012E+02 1.107200012E+02 6.218200207E+00 2.631299973E+01 3.876799941E-01 4.844099879E-01 1.181800035E-03
 2.070500050E-04 8.050000179E-05 7.887399793E-01 -2.209000000E+03 -6.954899902E+03 2.946099854E+02 1.113600006E+02 6.401899815E+00 2.085499954E+01 3.900099993E-01 4.838800132E-01 1.182700042E-03
 2.091000060E-04 8.050000179E-05 7.871500254E-01 -2.176799927E+02 2.480399902E+03 2.944400024E+02 1.126800003E+02 7.141099930E+00 2.164200020E+01 3.948900104E-01 4.826300144E-01 1.184999943E-03
 2.111500071E-04 8.050000179E-05 7.850599885E-01 3.154800049E+03 8.379099609E+03 2.943200073E+02 1.141699982E+02 8.020000458E+00 2.353400040E+01 4.004000127E-01 4.811500013E-01 1.188199967E-03
 2.131999936E-04 8.050000179E-05 7.832999825E-01 4.964600098E+03 6.719700195E+03 2.941199951E+02 1.157900009E+02 8.747300148E+00 2.402099991E+01 4.063499868E-01 4.797399938E-01 1.190899988E-03
 2.152499947E-04 8.050000179E-05 7.817900181E-01 1.160400000E+04 3.799899902E+03 2.938099976E+02 1.175299988E+02 9.502400398E+00 2.140299988E+01 4.128499925E-01 4.783200026E-01 1.193200005E-03
 2.172999957E-04 8.050000179E-05 7.792900205E-01 1.127500000E+04 4.629000000E+03 2.934400024E+02 1.195899963E+02 1.029300022E+01 2.131399918E+01 4.205400050E-01 4.761799872E-01 1.197000034E-03
 2.193499968E-04 8.050000179E-05 7.758799791E-01 6.327899902E+03 9.965800171E+02 2.931199951E+02 1.219400024E+02 1.103100014E+01 3.582699966E+01 4.291999936E-01 4.735800028E-01 1.202299958E-03
 2.213999978E-04 8.050000179E-05 7.729799747E-01 6.773200195E+03 -1.113199951E+03 2.928500061E+02 1.244100037E+02 1.172599983E+01 4.100799942E+01 4.382399917E-01 4.713900089E-01 1.206799992E-03
 2.234499989E-04 8.050000179E-05 7.702000141E-01 2.227899902E+03 6.759000244E+02 2.925899963E+02 1.270500031E+02 1.236699963E+01 3.422000122E+01 4.478699863E-01 4.692800045E-01 1.211100025E-03
 2.254999999E-04 8.050000179E-05 7.664499879E-01 -5.350799942E+01 -4.251099854E+02 2.922200012E+02 1.299700012E+02 1.319099998E+01 2.597900009E+01 4.586499929E-01 4.663999975E-01 1.217099954E-03
 2.275500010E-04 8.050000179E-05 7.633200288E-01 8.600000000E+03 -2.808300049E+03 2.916600037E+02 1.328899994E+02 1.385599995E+01 2.143799973E+01 4.695500135E-01 4.636000097E-01 1.221999992E-03
 2.296000021E-04 8.050000179E-05 7.597000003E-01 1.507500000E+04 2.289800049E+03 2.910799866E+02 1.359900055E+02 1.435900021E+01 1.871999931E+01 4.810500145E-01 4.604800045E-01 1.227900037E-03
 2.316500031E-04 8.050000179E-05 7.543699741E-01 1.556200000E+04 5.262799805E+03 2.905199890E+02 1.394799957E+02 1.509000015E+01 1.791200066E+01 4.940100014E-01 4.563699961E-01 1.236599986E-03
 2.337000042E-04 8.050000179E-05 7.489899993E-01 1.489800000E+04 2.098899902E+03 2.899500122E+02 1.430800018E+02 1.592199993E+01 2.375799942E+01 5.074399710E-01 4.522300065E-01 1.245400053E-03
 2.357500052E-04 8.050000179E-05 7.433500290E-01 9.560400391E+03 -1.838300049E+03 2.893800049E+02 1.469600067E+02 1.676099968E+01 2.281500053E+01 5.218600035E-01 4.479500055E-01 1.254900009E-03
 2.378000063E-04 8.050000179E-05 7.374699712E-01 1.291100000E+04 2.642800049E+03 2.886400146E+02 1.511600037E+02 1.737700081E+01 1.842900085E+01 5.375300050E-01 4.432600141E-01 1.264899969E-03
 2.398499928E-04 8.050000179E-05 7.315899730E-01 1.459400000E+04 5.841500000E+03 2.877600098E+02 1.556199951E+02 1.811300087E+01 1.750099945E+01 5.543199778E-01 4.384000003E-01 1.275100047E-03
 2.418999939E-04 8.050000179E-05 7.246800065E-01 1.010800000E+04 2.465700073E+02 2.868699951E+02 1.604799957E+02 1.879500008E+01 1.977099991E+01 5.725799799E-01 4.329000115E-01 1.287200022E-03
 2.439499949E-04 8.050000179E-05 7.171199918E-01 1.485100000E+04 1.129699951E+03 2.858900146E+02 1.656199951E+02 1.954500008E+01 2.765399933E+01 5.919700265E-01 4.269300103E-01 1.300800010E-03
 2.460000105E-04 8.050000179E-05 7.088299990E-01 2.191500000E+04 7.020200195E+03 2.847600098E+02 1.710899963E+02 2.031699944E+01 2.614999962E+01 6.128100157E-01 4.203299880E-01 1.316000009E-03
 2.480499970E-04 8.050000179E-05 6.992400289E-01 2.165200000E+04 4.974799805E+03 2.835199890E+02 1.770500031E+02 2.083799934E+01 2.450300026E+01 6.354699731E-01 4.128299952E-01 1.334100030E-03
 2.501000126E-04 8.050000179E-05 6.891400218E-01 1.779800000E+04 1.852900024E+03 2.822999878E+02 1.834400024E+02 2.137899971E+01 1.377499962E+01 6.597200036E-01 4.051299989E-01 1.353599946E-03
 2.521499991E-04 8.050000179E-05 6.784600019E-01 2.496000000E+04 3.052500000E+03 2.808500061E+02 1.902500000E+02 2.200200081E+01 7.206500053E+00 6.859099865E-01 3.967899978E-01 1.374999993E-03
 2.541999856E-04 8.050000179E-05 6.655899882E-01 2.667800000E+04 3.691600037E+02 2.791900024E+02 1.978500061E+02 2.257200050E+01 9.358200073E+00 7.153099775E-01 3.869700134E-01 1.401599962E-03
 2.562500013E-04 8.050000179E-05 6.504700184E-01 2.482600000E+04 1.107699951E+03 2.773099976E+02 2.064600067E+02 2.307099915E+01 1.214299965E+01 7.487699986E-01 3.756499887E-01 1.434199978E-03
 2.582999878E-04 8.050000179E-05 6.340199709E-01 3.002300000E+04 7.518600098E+03 2.750599976E+02 2.160500031E+02 2.365500069E+01 1.741500092E+01 7.865399718E-01 3.631800115E-01 1.471500029E-03
 2.603500034E-04 8.050000179E-05 6.145399809E-01 3.859200000E+04 8.555700195E+03 2.723200073E+02 2.271999969E+02 2.406699944E+01 5.488699913E+00 8.310099840E-01 3.485200107E-01 1.518400037E-03
 2.623999899E-04 8.050000179E-05 5.900899768E-01 5.460600000E+04 8.233400391E+03 2.686600037E+02 2.410800018E+02 2.444400024E+01 1.958500028E+00 8.873900175E-01 3.301900029E-01 1.581600052E-03
 2.644500055E-04 8.050000179E-05 5.210899711E-01 6.682700000E+04 9.949200195E+03 2.570100098E+02 2.781000061E+02 2.483799934E+01 1.173400021E+01 9.661099911E-01 3.059499860E-01 1.676899963E-03
 2.664999920E-04 8.050000179E-05 4.657399952E-01 7.075700000E+04 9.368400391E+03 2.474600067E+02 3.073200073E+02 2.495299911E+01 1.555799961E+01 1.012799978E+00 2.919400036E-01 1.735599944E-03
 2.050000039E-04 8.279999747E-05 7.888299823E-01 2.942000000E+03 -4.404000000E+03 2.947099915E+02 1.107200012E+02 4.953899860E+00 4.509099960E+00 3.874500096E-01 4.841000140E-01 1.182500040E-03
 2.070500050E-04 8.279999747E-05 7.881299853E-01 7.227299805E+02 -1.624300049E+03 2.945199890E+02 1.113600006E+02 5.181700230E+00 2.400000095E+00 3.898400068E-01 4.833700061E-01 1.183600049E-03
 2.091000060E-04 8.279999747E-05 7.867500186E-01 -2.715800049E+03 4.032800049E+03 2.942500000E+02 1.126399994E+02 5.903699875E+00 1.867000008E+01 3.946300149E-01 4.820800126E-01 1.185599947E-03
 2.111500071E-04 8.279999747E-05 7.849299908E-01 -9.568800049E+02 4.223200195E+03 2.940799866E+02 1.141299973E+02 6.597199917E+00 2.184600067E+01 4.000799954E-01 4.806900024E-01 1.188399969E-03
 2.131999936E-04 8.279999747E-05 7.825999856E-01 1.280099976E+03 4.156399902E+03 2.939500122E+02 1.158700027E+02 7.109700203E+00 1.239099979E+01 4.063600004E-01 4.790500104E-01 1.191899995E-03
 2.152499947E-04 8.279999747E-05 7.805100083E-01 3.105699951E+03 5.838600098E+03 2.937300110E+02 1.177699966E+02 7.645199776E+00 9.772000313E+00 4.132699966E-01 4.774099886E-01 1.195100020E-03
 2.172999957E-04 8.279999747E-05 7.782899737E-01 3.906800049E+03 4.500600098E+03 2.934299927E+02 1.199300003E+02 8.292599678E+00 8.737099648E+00 4.212000072E-01 4.755499959E-01 1.198500046E-03
 2.193499968E-04 8.279999747E-05 7.757700086E-01 3.248500000E+03 4.266200195E+03 2.930599976E+02 1.222500000E+02 8.836400032E+00 2.552700043E+01 4.296900034E-01 4.734199941E-01 1.202399959E-03
 2.213999978E-04 8.279999747E-05 7.728499770E-01 5.758399902E+03 2.744399902E+03 2.926000061E+02 1.246999969E+02 9.350199699E+00 3.023999977E+01 4.387300014E-01 4.709100127E-01 1.206999994E-03
 2.234499989E-04 8.279999747E-05 7.698600292E-01 6.861600098E+03 2.691900024E+02 2.922099915E+02 1.272799988E+02 9.902700424E+00 1.831999969E+01 4.482100010E-01 4.684599936E-01 1.211700030E-03
 2.254999999E-04 8.279999747E-05 7.666199803E-01 4.212100098E+03 -4.844599915E+02 2.918699951E+02 1.300800018E+02 1.053999996E+01 9.276499748E+00 4.584699869E-01 4.659399986E-01 1.216799952E-03
 2.275500010E-04 8.279999747E-05 7.632700205E-01 6.918500000E+03 1.502500000E+03 2.913900146E+02 1.330800018E+02 1.110099983E+01 1.079500008E+01 4.695200026E-01 4.631499946E-01 1.222099992E-03
 2.296000021E-04 8.279999747E-05 7.594299912E-01 1.726200000E+04 1.347000000E+03 2.908599854E+02 1.363099976E+02 1.152099991E+01 5.274499893E+00 4.814200103E-01 4.599699974E-01 1.228300040E-03
 2.316500031E-04 8.279999747E-05 7.546799779E-01 1.678700000E+04 2.759100098E+03 2.903699951E+02 1.398800049E+02 1.221599960E+01 1.151100039E+00 4.945400059E-01 4.563300014E-01 1.235999982E-03
 2.337000042E-04 8.279999747E-05 7.494199872E-01 1.329700000E+04 5.790299805E+03 2.897900085E+02 1.435899963E+02 1.277799988E+01 1.826400042E+00 5.082600117E-01 4.522500038E-01 1.244700048E-03
 2.357500052E-04 8.279999747E-05 7.436699867E-01 1.664000000E+04 2.422199951E+03 2.891199951E+02 1.475899963E+02 1.336200047E+01 6.521699905E+00 5.230900049E-01 4.477300048E-01 1.254300005E-03
 2.378000063E-04 8.279999747E-05 7.376000285E-01 1.656800000E+04 6.868200195E+03 2.883599854E+02 1.518500061E+02 1.401200008E+01 1.961000061E+01 5.389699936E-01 4.429199994E-01 1.264699968E-03
 2.398499928E-04 8.279999747E-05 7.313500047E-01 1.145800000E+04 1.139700000E+04 2.875400085E+02 1.563000031E+02 1.444900036E+01 1.465699959E+01 5.555800200E-01 4.379099905E-01 1.275500050E-03
 2.418999939E-04 8.279999747E-05 7.249400020E-01 1.077800000E+04 4.364700195E+03 2.865700073E+02 1.610899963E+02 1.494400024E+01 1.341100025E+01 5.735800266E-01 4.326199889E-01 1.286700019E-03
 2.439499949E-04 8.279999747E-05 7.173500061E-01 1.516300000E+04 1.176699951E+03 2.855799866E+02 1.663000031E+02 1.565100002E+01 2.425900078E+01 5.932400227E-01 4.266099930E-01 1.300400007E-03
 2.460000105E-04 8.279999747E-05 7.088999748E-01 1.744900000E+04 3.071000000E+03 2.845299988E+02 1.718300018E+02 1.629700089E+01 2.433600044E+01 6.141499877E-01 4.200400114E-01 1.315900008E-03
 2.480499970E-04 8.279999747E-05 6.996099949E-01 1.600100000E+04 4.841000000E+03 2.833200073E+02 1.777400055E+02 1.669099998E+01 1.669499969E+01 6.365699768E-01 4.127700031E-01 1.333400025E-03
 2.501000126E-04 8.279999747E-05 6.894800067E-01 1.575200000E+04 7.345500000E+03 2.819899902E+02 1.841300049E+02 1.709199905E+01 8.251099586E+00 6.609500051E-01 4.048799872E-01 1.353000058E-03
 2.521499991E-04 8.279999747E-05 6.790599823E-01 2.867100000E+04 2.392500000E+03 2.803399963E+02 1.909100037E+02 1.757699966E+01 1.066499996E+01 6.872400045E-01 3.964299858E-01 1.373699983E-03
 2.541999856E-04 8.279999747E-05 6.667900085E-01 3.038200000E+04 -4.164399902E+03 2.785700073E+02 1.984499969E+02 1.805500031E+01 1.119900036E+01 7.165799737E-01 3.868100047E-01 1.399099943E-03
 2.562500013E-04 8.279999747E-05 6.517999768E-01 2.550700000E+04 -4.144800186E+01 2.767300110E+02 2.070000000E+02 1.857200050E+01 1.000000000E+01 7.498499751E-01 3.756299913E-01 1.431299956E-03
 2.582999878E-04 8.279999747E-05 6.353600025E-01 3.228700000E+04 7.197299805E+03 2.745100098E+02 2.164100037E+02 1.897400093E+01 3.596299887E+00 7.869899869E-01 3.632099926E-01 1.468400005E-03
 2.603500034E-04 8.279999747E-05 6.160799861E-01 4.062700000E+04 8.172700195E+03 2.716900024E+02 2.275500031E+02 1.918899918E+01 -5.218699932E+00 8.315799832E-01 3.486000001E-01 1.514500007E-03
 2.623999899E-04 8.279999747E-05 5.914800167E-01 5.140500000E+04 5.667600098E+03 2.680199890E+02 2.415500031E+02 1.950900078E+01 -4.233700037E-01 8.885099888E-01 3.301799893E-01 1.577900024E-03
 2.644500055E-04 8.279999747E-05 5.223500133E-01 6.222200000E+04 6.444100098E+03 2.563699951E+02 2.784599915E+02 1.988299942E+01 1.164400005E+01 9.670299888E-01 3.059799969E-01 1.672600047E-03
 2.664999920E-04 8.279999747E-05 4.670200050E-01 6.776200000E+04 7.608700195E+03 2.467799988E+02 3.075799866E+02 1.999799919E+01 2.076899910E+01 1.013599992E+00 2.920399904E-01 1.730400021E-03
 2.050000039E-04 8.510000043E-05 7.877600193E-01 4.256899902E+03 3.008199951E+03 2.945000000E+02 1.107200012E+02 3.819999933E+00 -7.937399864E+00 3.874500096E-01 4.830999970E-01 1.184100052E-03
 2.070500050E-04 8.510000043E-05 7.872800231E-01 2.655500000E+03 2.772699951E+03 2.943999939E+02 1.113499985E+02 4.005700111E+00 -4.307600021E+00 3.897300065E-01 4.826399982E-01 1.184800058E-03
 2.091000060E-04 8.510000043E-05 7.864300013E-01 3.997000000E+03 4.358399902E+03 2.941700134E+02 1.126800003E+02 4.556700230E+00 7.977200031E+00 3.946000040E-01 4.817500114E-01 1.186099951E-03
 2.111500071E-04 8.510000043E-05 7.848200202E-01 1.268599976E+03 3.221600098E+03 2.939500122E+02 1.143099976E+02 5.015500069E+00 3.653500080E+00 4.005300105E-01 4.803999960E-01 1.188599970E-03
 2.131999936E-04 8.510000043E-05 7.821800113E-01 -2.747600098E+03 4.976000061E+02 2.937699890E+02 1.161999969E+02 5.453499794E+00 6.772200108E+00 4.073300064E-01 4.784899950E-01 1.192600001E-03
 2.152499947E-04 8.510000043E-05 7.800199986E-01 9.122500000E+02 1.544099976E+03 2.935599976E+02 1.180899963E+02 5.759600163E+00 1.698999977E+01 4.141300023E-01 4.768399894E-01 1.195900026E-03
 2.172999957E-04 8.510000043E-05 7.778800130E-01 1.519900024E+03 3.265899902E+03 2.933800049E+02 1.201699982E+02 6.110000134E+00 8.484700203E+00 4.216099977E-01 4.752399921E-01 1.199200051E-03
 2.193499968E-04 8.510000043E-05 7.751399875E-01 -2.633300049E+03 3.549100098E+03 2.930799866E+02 1.225199966E+02 6.754199982E+00 6.634799957E+00 4.301599860E-01 4.730800092E-01 1.203399966E-03
 2.213999978E-04 8.510000043E-05 7.722600102E-01 -4.345199890E+02 -5.210300293E+02 2.926199951E+02 1.249499969E+02 7.150800228E+00 7.893300056E+00 4.390999973E-01 4.705800116E-01 1.207900001E-03
 2.234499989E-04 8.510000043E-05 7.694799900E-01 6.115399902E+03 5.468099976E+02 2.921499939E+02 1.274199982E+02 7.482200146E+00 3.485100031E+00 4.481799901E-01 4.681299925E-01 1.212300034E-03
 2.254999999E-04 8.510000043E-05 7.664499879E-01 4.257299805E+03 4.672500000E+03 2.917399902E+02 1.301100006E+02 7.901899815E+00 6.974299908E+00 4.580299854E-01 4.656299949E-01 1.216999954E-03
 2.275500010E-04 8.510000043E-05 7.630599737E-01 8.787500000E+03 4.256500000E+03 2.912799988E+02 1.330899963E+02 8.274000168E+00 1.239200020E+01 4.689399898E-01 4.628500044E-01 1.222399995E-03
 2.296000021E-04 8.510000043E-05 7.589100003E-01 1.808600000E+04 3.204899902E+03 2.907500000E+02 1.364400024E+02 8.542499542E+00 1.531900048E+00 4.812000096E-01 4.595000148E-01 1.229100046E-03
 2.316500031E-04 8.510000043E-05 7.542499900E-01 9.784299805E+03 4.352200195E+03 2.902000122E+02 1.400899963E+02 9.054699898E+00 -7.760499716E-01 4.946100116E-01 4.558100104E-01 1.236699987E-03
 2.337000042E-04 8.510000043E-05 7.492899895E-01 2.591899902E+03 7.833700195E+03 2.896000061E+02 1.439400024E+02 9.583600044E+00 9.604799747E-01 5.087800026E-01 4.518699944E-01 1.244900050E-03
 2.357500052E-04 8.510000043E-05 7.438600063E-01 9.478299805E+03 2.978000000E+03 2.889800110E+02 1.480200043E+02 1.001399994E+01 1.441199970E+01 5.237799883E-01 4.476400018E-01 1.254000003E-03
 2.378000063E-04 8.510000043E-05 7.379699945E-01 1.448000000E+04 5.289799805E+03 2.882300110E+02 1.522899933E+02 1.051200008E+01 3.828200150E+01 5.396599770E-01 4.429399967E-01 1.263999962E-03
 2.398499928E-04 8.510000043E-05 7.314100266E-01 1.454800000E+04 9.450200195E+03 2.874700012E+02 1.568500061E+02 1.081799984E+01 2.220000076E+01 5.565599799E-01 4.378499985E-01 1.275400049E-03
 2.418999939E-04 8.510000043E-05 7.247599959E-01 1.289200000E+04 4.972600098E+03 2.866099854E+02 1.615500031E+02 1.118099976E+01 9.150600433E+00 5.740900040E-01 4.325599968E-01 1.287100022E-03
 2.439499949E-04 8.510000043E-05 7.172899842E-01 9.259599609E+03 4.494899902E+03 2.856000061E+02 1.666100006E+02 1.172299957E+01 2.298699951E+01 5.931699872E-01 4.266000092E-01 1.300500007E-03
 2.460000105E-04 8.510000043E-05 7.090499997E-01 1.167200000E+04 2.830500000E+03 2.844599915E+02 1.721999969E+02 1.222799969E+01 2.570899963E+01 6.143400073E-01 4.200200140E-01 1.315600006E-03
 2.480499970E-04 8.510000043E-05 6.995900273E-01 1.671800000E+04 1.778699951E+03 2.832500000E+02 1.782899933E+02 1.255500031E+01 1.477200031E+01 6.373999715E-01 4.126499891E-01 1.333400025E-03
 2.501000126E-04 8.510000043E-05 6.895999908E-01 2.508200000E+04 7.994700195E+03 2.819299927E+02 1.846000061E+02 1.287500000E+01 3.885400057E+00 6.614699960E-01 4.048599899E-01 1.352700056E-03
 2.521499991E-04 8.510000043E-05 6.788499951E-01 3.168600000E+04 7.718299805E+03 2.802999878E+02 1.913000031E+02 1.320400047E+01 7.234600067E+00 6.874300241E-01 3.962500095E-01 1.374199986E-03
 2.541999856E-04 8.510000043E-05 6.664900184E-01 2.917000000E+04 -4.985000000E+02 2.785799866E+02 1.987899933E+02 1.355200005E+01 9.714200020E+00 7.165200114E-01 3.866400123E-01 1.399699948E-03
 2.562500013E-04 8.510000043E-05 6.523699760E-01 2.850400000E+04 -1.813500000E+03 2.766300049E+02 2.072400055E+02 1.401299953E+01 1.130500031E+01 7.495800257E-01 3.758099973E-01 1.430099946E-03
 2.582999878E-04 8.510000043E-05 6.360599995E-01 3.368000000E+04 3.995899902E+03 2.743200073E+02 2.168899994E+02 1.427700043E+01 8.329400063E+00 7.876700163E-01 3.633700013E-01 1.466799993E-03
 2.603500034E-04 8.510000043E-05 6.166999936E-01 4.282200000E+04 1.129600000E+04 2.714700012E+02 2.280500031E+02 1.435000038E+01 2.502599955E+00 8.324300051E-01 3.486599922E-01 1.512999996E-03
 2.623999899E-04 8.510000043E-05 5.921800137E-01 5.252200000E+04 6.311100098E+03 2.677099915E+02 2.418899994E+02 1.466199970E+01 -1.063999999E-02 8.890200257E-01 3.301900029E-01 1.576000010E-03
 2.644500055E-04 8.510000043E-05 5.231199861E-01 6.350200000E+04 1.273099976E+03 2.560100098E+02 2.788500061E+02 1.499499989E+01 7.902699947E+00 9.674599767E-01 3.061999977E-01 1.669300022E-03
 2.664999920E-04 8.510000043E-05 4.677000046E-01 6.902200000E+04 3.412899902E+03 2.464199982E+02 3.080299988E+02 1.504300022E+01 1.940399933E+01 1.013900042E+00 2.924199998E-01 1.726299990E-03
 2.050000039E-04 8.740000339E-05 7.877100110E-01 2.209000000E+03 5.704600098E+03 2.942799988E+02 1.104599991E+02 2.521800041E+00 -1.304100037E+01 3.865300119E-01 4.827199876E-01 1.184200053E-03
 2.070500050E-04 8.740000339E-05 7.873299718E-01 3.948800049E+03 1.871199951E+03 2.941700134E+02 1.111200027E+02 2.681200027E+00 -7.850100040E+00 3.889499903E-01 4.823000133E-01 1.184800058E-03
 2.091000060E-04 8.740000339E-05 7.862600088E-01 5.451899902E+03 1.596199951E+03 2.940799866E+02 1.126299973E+02 3.022399902E+00 3.752599955E+00 3.943000138E-01 4.814999998E-01 1.186399953E-03
 2.111500071E-04 8.740000339E-05 7.842500210E-01 -5.240700073E+02 2.620399902E+03 2.939599915E+02 1.144300003E+02 3.292299986E+00 9.140599966E-01 4.007099867E-01 4.800699949E-01 1.189399976E-03
 2.131999936E-04 8.740000339E-05 7.821000218E-01 -1.561900024E+03 -9.748799896E+01 2.936400146E+02 1.163899994E+02 3.690099955E+00 7.257299900E+00 4.078600109E-01 4.782299995E-01 1.192700001E-03
 2.152499947E-04 8.740000339E-05 7.801600099E-01 -2.657399902E+02 -2.976899902E+03 2.933999939E+02 1.184000015E+02 3.940700054E+00 1.650699997E+01 4.150699973E-01 4.766600132E-01 1.195600023E-03
 2.172999957E-04 8.740000339E-05 7.776200175E-01 -1.741400024E+03 -2.548500000E+03 2.932300110E+02 1.204000015E+02 4.153299809E+00 -8.319299817E-01 4.222300053E-01 4.748199880E-01 1.199600054E-03
 2.193499968E-04 8.740000339E-05 7.748200297E-01 -3.615500000E+03 4.073600098E+03 2.929100037E+02 1.226200027E+02 4.622099876E+00 -1.417099953E+01 4.303199947E-01 4.726099968E-01 1.203899970E-03
 2.213999978E-04 8.740000339E-05 7.716500163E-01 -3.494000000E+03 1.414599976E+03 2.925899963E+02 1.251699982E+02 4.856299877E+00 -2.072200060E+00 4.395099878E-01 4.701600075E-01 1.208900008E-03
 2.234499989E-04 8.740000339E-05 7.687799931E-01 4.303700195E+03 -1.907200012E+02 2.921700134E+02 1.277600021E+02 5.083099842E+00 2.875600100E+00 4.489600062E-01 4.677299857E-01 1.213400043E-03
 2.254999999E-04 8.740000339E-05 7.660800219E-01 7.191700195E+03 -6.136500244E+02 2.916700134E+02 1.305099945E+02 5.360899925E+00 1.278199959E+01 4.590199888E-01 4.652900100E-01 1.217599958E-03
 2.275500010E-04 8.740000339E-05 7.627099752E-01 1.036000000E+04 -5.116500000E+03 2.912200012E+02 1.334799957E+02 5.472400188E+00 1.795899963E+01 4.698300064E-01 4.625400007E-01 1.222999999E-03
 2.296000021E-04 8.740000339E-05 7.583199739E-01 1.300900000E+04 1.460400024E+03 2.907000122E+02 1.367700043E+02 5.509799957E+00 -4.631599903E+00 4.818400145E-01 4.590600133E-01 1.230100053E-03
 2.316500031E-04 8.740000339E-05 7.534700036E-01 6.223299805E+03 6.185000000E+03 2.901099854E+02 1.403000031E+02 5.873499870E+00 -9.247099757E-01 4.948199987E-01 4.551900029E-01 1.237999997E-03
 2.337000042E-04 8.740000339E-05 7.486900091E-01 2.774600098E+03 4.923299805E+03 2.895000000E+02 1.440599976E+02 6.335000038E+00 1.483500004E+01 5.086500049E-01 4.513500035E-01 1.245900057E-03
 2.357500052E-04 8.740000339E-05 7.434499860E-01 8.605799805E+03 -3.920300049E+03 2.889500122E+02 1.481199951E+02 6.698599815E+00 1.970700073E+01 5.235300064E-01 4.473400116E-01 1.254700008E-03
 2.378000063E-04 8.740000339E-05 7.376800179E-01 1.730300000E+04 -6.109600220E+02 2.881099854E+02 1.523399963E+02 7.015699863E+00 3.050600052E+01 5.392299891E-01 4.425899982E-01 1.264499966E-03
 2.398499928E-04 8.740000339E-05 7.313299775E-01 2.135000000E+04 9.109700195E+03 2.872500000E+02 1.567700043E+02 7.203700066E+00 2.364299965E+01 5.557299852E-01 4.374600053E-01 1.275500050E-03
 2.418999939E-04 8.740000339E-05 7.246699929E-01 1.579300000E+04 7.735399902E+03 2.865199890E+02 1.613800049E+02 7.475299835E+00 1.213500023E+01 5.728399754E-01 4.323700070E-01 1.287200022E-03
 2.439499949E-04 8.740000339E-05 7.173399925E-01 1.103200000E+04 8.319299805E+03 2.855400085E+02 1.664499969E+02 7.789599895E+00 1.631100082E+01 5.918499827E-01 4.265300035E-01 1.300400007E-03
 2.460000105E-04 8.740000339E-05 7.089099884E-01 2.005200000E+04 1.273800049E+03 2.843500061E+02 1.721199951E+02 8.066300392E+00 2.101499939E+01 6.133000255E-01 4.197799861E-01 1.315900008E-03
 2.480499970E-04 8.740000339E-05 6.994400024E-01 2.367200000E+04 -2.214399902E+03 2.831900024E+02 1.782799988E+02 8.332300186E+00 1.508199978E+01 6.365299821E-01 4.124700129E-01 1.333700027E-03
 2.501000126E-04 8.740000339E-05 6.897400022E-01 2.654500000E+04 6.719799805E+03 2.818800049E+02 1.846000061E+02 8.637399673E+00 1.767799973E+00 6.606299877E-01 4.048799872E-01 1.352500054E-03
 2.521499991E-04 8.740000339E-05 6.786699891E-01 3.358000000E+04 7.196200195E+03 2.803099976E+02 1.914499969E+02 8.929400444E+00 1.183300018E+01 6.870599985E-01 3.961600065E-01 1.374599990E-03
 2.541999856E-04 8.740000339E-05 6.662099957E-01 2.950700000E+04 -2.092199951E+03 2.786799927E+02 1.990000000E+02 9.113699913E+00 1.468200016E+01 7.162399888E-01 3.866199851E-01 1.400299952E-03
 2.562500013E-04 8.740000339E-05 6.524099708E-01 2.929700000E+04 -1.198500000E+03 2.767200012E+02 2.074799957E+02 9.227600098E+00 1.151099968E+01 7.493500113E-01 3.759599924E-01 1.429999946E-03
 2.582999878E-04 8.740000339E-05 6.359000206E-01 3.472300000E+04 5.864600098E+03 2.743200073E+02 2.172599945E+02 9.424699783E+00 1.804800034E+01 7.880700231E-01 3.632799983E-01 1.467199996E-03
 2.603500034E-04 8.740000339E-05 6.166200042E-01 4.571100000E+04 7.239700195E+03 2.714100037E+02 2.283800049E+02 9.600399971E+00 8.539899826E+00 8.327900171E-01 3.485400081E-01 1.513199997E-03
 2.623999899E-04 8.740000339E-05 5.926100016E-01 6.062700000E+04 4.008500000E+03 2.676099854E+02 2.420500031E+02 9.830599785E+00 6.131299734E-01 8.888999820E-01 3.303000033E-01 1.574900001E-03
 2.644500055E-04 8.740000339E-05 5.233899951E-01 6.624400000E+04 2.645199951E+03 2.559199982E+02 2.790400085E+02 1.005599976E+01 7.499199867E+00 9.673200250E-01 3.063000143E-01 1.668300014E-03
 2.664999920E-04 8.740000339E-05 4.677700102E-01 6.527400000E+04 3.513300049E+03 2.463899994E+02 3.082999878E+02 1.010200024E+01 1.220100021E+01 1.013800025E+00 2.925400138E-01 1.725499984E-03
 2.050000039E-04 8.969999908E-05 7.875499725E-01 -1.318099976E+03 1.126300000E+04 2.943599854E+02 1.104700012E+02 1.217399955E+00 -1.240299988E+01 3.864400089E-01 4.827499986E-01 1.184400055E-03
 2.070500050E-04 8.969999908E-05 7.871599793E-01 3.723800049E+03 1.838199951E+03 2.941700134E+02 1.111299973E+02 1.331599951E+00 -7.071899891E+00 3.888700008E-01 4.821900129E-01 1.184999943E-03
 2.091000060E-04 8.969999908E-05 7.859200239E-01 2.021300049E+03 -1.563300049E+03 2.940199890E+02 1.125999985E+02 1.493700027E+00 -2.461600065E+00 3.941299915E-01 4.811899960E-01 1.186899957E-03
 2.111500071E-04 8.969999908E-05 7.840499878E-01 -2.764300049E+03 1.554400024E+03 2.939599915E+02 1.142900009E+02 1.590700030E+00 -1.144699955E+01 4.000999928E-01 4.799399972E-01 1.189699979E-03
 2.131999936E-04 8.969999908E-05 7.817800045E-01 5.456799927E+02 -1.547199951E+03 2.937099915E+02 1.161900024E+02 1.732300043E+00 -9.145200253E-01 4.069299996E-01 4.781500101E-01 1.193200005E-03
 2.152499947E-04 8.969999908E-05 7.791000009E-01 -1.506000000E+03 -3.423800049E+03 2.933599854E+02 1.183399963E+02 1.970299959E+00 1.476700020E+01 4.147099853E-01 4.759500027E-01 1.197300036E-03
 2.172999957E-04 8.969999908E-05 7.769500017E-01 -2.286600098E+03 -3.376100098E+03 2.930199890E+02 1.204800034E+02 2.224299908E+00 -6.020100117E+00 4.224700034E-01 4.740700126E-01 1.200599945E-03
 2.193499968E-04 8.969999908E-05 7.752000093E-01 7.471099854E+02 4.310100098E+03 2.926799927E+02 1.226699982E+02 2.370699883E+00 -1.917900085E+01 4.304400086E-01 4.724600017E-01 1.203299966E-03
 2.213999978E-04 8.969999908E-05 7.721499801E-01 3.292500000E+03 8.943799805E+03 2.923299866E+02 1.252600021E+02 2.430099964E+00 -4.962699890E+00 4.397799969E-01 4.700399935E-01 1.208100002E-03
 2.234499989E-04 8.969999908E-05 7.686899900E-01 5.684799805E+03 4.909100098E+03 2.918999939E+02 1.280899963E+02 2.564199924E+00 5.671799779E-01 4.500400126E-01 4.672499895E-01 1.213500043E-03
 2.254999999E-04 8.969999908E-05 7.657399774E-01 6.456500000E+03 -2.263300049E+03 2.914599915E+02 1.309600067E+02 2.750499964E+00 2.873199940E+00 4.605000019E-01 4.647499919E-01 1.218199963E-03
 2.275500010E-04 8.969999908E-05 7.623800039E-01 7.159500000E+03 -3.686600098E+03 2.911199951E+02 1.339499969E+02 2.766200066E+00 6.640800238E-01 4.712699950E-01 4.621700048E-01 1.223500003E-03
 2.296000021E-04 8.969999908E-05 7.581400275E-01 7.242200195E+03 3.677500000E+03 2.906799927E+02 1.371600037E+02 2.657099962E+00 -6.718400002E+00 4.829300046E-01 4.589200020E-01 1.230400056E-03
 2.316500031E-04 8.969999908E-05 7.535700202E-01 8.697799805E+03 5.351500000E+03 2.901300049E+02 1.405399933E+02 2.900899887E+00 -1.010900021E+00 4.953100085E-01 4.552899897E-01 1.237899996E-03
 2.337000042E-04 8.969999908E-05 7.485799789E-01 6.114899902E+03 1.196200027E+02 2.895299988E+02 1.441799927E+02 3.161799908E+00 2.652199984E+00 5.086699724E-01 4.513300061E-01 1.246099942E-03
 2.357500052E-04 8.969999908E-05 7.429800034E-01 7.500799805E+03 -4.047899902E+03 2.889100037E+02 1.481399994E+02 3.292099953E+00 5.449600220E+00 5.232200027E-01 4.469999969E-01 1.255500014E-03
 2.378000063E-04 8.969999908E-05 7.370200157E-01 1.033200000E+04 -1.172000000E+03 2.880799866E+02 1.523999939E+02 3.520699978E+00 3.471100092E+00 5.390700102E-01 4.421299994E-01 1.265699975E-03
 2.398499928E-04 8.969999908E-05 7.309799790E-01 1.234100000E+04 2.547399902E+03 2.871400146E+02 1.568399963E+02 3.706500053E+00 5.601200104E+00 5.556700230E-01 4.370900095E-01 1.276100054E-03
 2.418999939E-04 8.969999908E-05 7.247700095E-01 1.585900000E+04 6.468700195E+03 2.863699951E+02 1.614700012E+02 3.788899899E+00 9.433300018E+00 5.728300214E-01 4.322099984E-01 1.287100022E-03
 2.439499949E-04 8.969999908E-05 7.173900008E-01 1.438700000E+04 6.549799805E+03 2.855000000E+02 1.665700073E+02 3.830300093E+00 -1.041800022E+00 5.918300152E-01 4.264999926E-01 1.300300006E-03
 2.460000105E-04 8.969999908E-05 7.086700201E-01 1.902500000E+04 -1.591900024E+03 2.843800049E+02 1.721499939E+02 3.954299927E+00 8.811699867E+00 6.128699780E-01 4.196699858E-01 1.316300011E-03
 2.480499970E-04 8.969999908E-05 6.995999813E-01 2.218400000E+04 -1.656800049E+03 2.831400146E+02 1.780700073E+02 4.062300205E+00 1.408300018E+01 6.353099942E-01 4.124999940E-01 1.333400025E-03
 2.501000126E-04 8.969999908E-05 6.899200082E-01 2.498100000E+04 4.813399902E+03 2.817399902E+02 1.843899994E+02 4.355800152E+00 -5.308199883E+00 6.595199704E-01 4.047699869E-01 1.352100051E-03
 2.521499991E-04 8.969999908E-05 6.790099740E-01 3.332000000E+04 3.970000000E+03 2.802000122E+02 1.913300018E+02 4.574999809E+00 2.423100024E-01 6.862400174E-01 3.962000012E-01 1.373899984E-03
 2.541999856E-04 8.969999908E-05 6.666499972E-01 3.230300000E+04 -1.240099976E+03 2.785700073E+02 1.989900055E+02 4.493100166E+00 4.062900066E+00 7.157599926E-01 3.867299855E-01 1.399399946E-03
 2.562500013E-04 8.969999908E-05 6.524299979E-01 3.128100000E+04 -1.729400024E+03 2.766600037E+02 2.074499969E+02 4.530499935E+00 3.795000076E+00 7.487800121E-01 3.758899868E-01 1.429899945E-03
 2.582999878E-04 8.969999908E-05 6.359400153E-01 3.691400000E+04 2.866000061E+02 2.743599854E+02 2.170000000E+02 4.671999931E+00 1.546700001E+01 7.865099907E-01 3.633500040E-01 1.467099995E-03
 2.603500034E-04 8.969999908E-05 6.165099740E-01 4.686500000E+04 8.226899719E+01 2.714299927E+02 2.281900024E+02 4.785799980E+00 7.252999783E+00 8.315600157E-01 3.485000134E-01 1.513499999E-03
 2.623999899E-04 8.969999908E-05 5.926899910E-01 6.260100000E+04 1.406900024E+03 2.675899963E+02 2.418999939E+02 4.955399990E+00 5.114600182E+00 8.878399730E-01 3.303200006E-01 1.574700000E-03
 2.644500055E-04 8.969999908E-05 5.235300064E-01 6.803400000E+04 2.653899902E+03 2.559100037E+02 2.788699951E+02 5.096799850E+00 1.070899963E+01 9.663500190E-01 3.063000143E-01 1.668200013E-03
 2.664999920E-04 8.969999908E-05 4.677399993E-01 6.582700000E+04 1.256500000E+03 2.463999939E+02 3.082300110E+02 5.150899887E+00 8.163200378E+00 1.013299942E+00 2.924099863E-01 1.726199989E-03
 2.050000039E-04 9.200000204E-05 7.871000171E-01 -2.352399902E+03 1.549800000E+04 2.944800110E+02 1.106900024E+02 6.198400259E-01 -2.656500101E+00 3.871200085E-01 4.826700091E-01 1.185099944E-03
 2.070500050E-04 9.200000204E-05 7.868800163E-01 7.473499756E+02 4.631899902E+03 2.942799988E+02 1.112500000E+02 6.839399934E-01 -4.057099819E+00 3.892000020E-01 4.821999967E-01 1.185399946E-03
 2.091000060E-04 9.200000204E-05 7.857300043E-01 -2.498399963E+02 -3.151600037E+02 2.940400085E+02 1.126600037E+02 7.383499742E-01 -1.228899956E+01 3.943200111E-01 4.810999930E-01 1.187199960E-03
 2.111500071E-04 9.200000204E-05 7.841899991E-01 -3.574599915E+02 3.099399902E+03 2.939299927E+02 1.143399963E+02 7.503399849E-01 -2.442700005E+01 4.002400041E-01 4.799900055E-01 1.189499977E-03
 2.131999936E-04 9.200000204E-05 7.816100121E-01 1.790400024E+03 -2.157300049E+03 2.938299866E+02 1.160800018E+02 7.563999891E-01 -6.864500046E+00 4.064199924E-01 4.782400131E-01 1.193400007E-03
 2.152499947E-04 9.200000204E-05 7.784000039E-01 4.839700012E+02 -2.344100098E+03 2.934299927E+02 1.180999985E+02 9.494699836E-01 1.941900063E+01 4.137699902E-01 4.756299853E-01 1.198400045E-03
 2.172999957E-04 9.200000204E-05 7.766799927E-01 -2.145600098E+03 -3.557500000E+02 2.929800110E+02 1.203499985E+02 1.159800053E+00 -8.967499733E-01 4.219799936E-01 4.738399982E-01 1.200999948E-03
 2.193499968E-04 9.200000204E-05 7.753300071E-01 -2.041599976E+03 2.488600098E+03 2.926900024E+02 1.226999969E+02 1.179600000E+00 -1.088899994E+01 4.304499924E-01 4.725599885E-01 1.203099964E-03
 2.213999978E-04 9.200000204E-05 7.726399899E-01 4.295500000E+03 9.565599609E+03 2.922300110E+02 1.252799988E+02 1.210199952E+00 -4.357200146E+00 4.398300052E-01 4.701800048E-01 1.207299996E-03
 2.234499989E-04 9.200000204E-05 7.689800262E-01 3.582500000E+03 7.748299805E+03 2.917200012E+02 1.281600037E+02 1.308899999E+00 -1.030099964E+01 4.503400028E-01 4.671300054E-01 1.213000040E-03
 2.254999999E-04 9.200000204E-05 7.655599713E-01 1.617900024E+03 -5.175600052E+01 2.913399963E+02 1.311000061E+02 1.409100056E+00 -1.190999985E+01 4.609700143E-01 4.644500017E-01 1.218499965E-03
 2.275500010E-04 9.200000204E-05 7.622600198E-01 2.854399902E+03 1.698800049E+03 2.910499878E+02 1.341000061E+02 1.382500052E+00 -1.506700039E+01 4.717600048E-01 4.619799852E-01 1.223700005E-03
 2.296000021E-04 9.200000204E-05 7.584599853E-01 6.056899902E+03 9.256099609E+03 2.906099854E+02 1.372400055E+02 1.284600019E+00 -6.440999985E+00 4.831799865E-01 4.589900076E-01 1.229900052E-03
 2.316500031E-04 9.200000204E-05 7.538700104E-01 1.028500000E+04 7.852799805E+03 2.900799866E+02 1.405700073E+02 1.479900002E+00 -6.248900294E-01 4.953500032E-01 4.553799927E-01 1.237399993E-03
 2.337000042E-04 9.200000204E-05 7.482900023E-01 5.458100098E+03 -1.334699951E+03 2.895599976E+02 1.442400055E+02 1.632200003E+00 -1.029399967E+01 5.087299943E-01 4.512000084E-01 1.246599946E-03
 2.357500052E-04 9.200000204E-05 7.423899770E-01 4.475799805E+03 -2.033300049E+03 2.889899902E+02 1.481699982E+02 1.579499960E+00 -5.588600039E-01 5.231299996E-01 4.467599988E-01 1.256500022E-03
 2.378000063E-04 9.200000204E-05 7.366200089E-01 2.276500000E+03 2.968800049E+02 2.882399902E+02 1.524499969E+02 1.687700033E+00 7.607700229E-01 5.389299989E-01 4.421499968E-01 1.266299980E-03
 2.398499928E-04 9.200000204E-05 7.306600213E-01 2.730899902E+03 -4.656500000E+03 2.872900085E+02 1.570700073E+02 1.948400021E+00 -5.880899906E+00 5.562000275E-01 4.371199906E-01 1.276699943E-03
 2.418999939E-04 9.200000204E-05 7.246099710E-01 1.508900000E+04 1.065500000E+03 2.863599854E+02 1.617799988E+02 1.996500015E+00 9.584500194E-01 5.738000274E-01 4.320999980E-01 1.287300023E-03
 2.439499949E-04 9.200000204E-05 7.176499963E-01 1.534200000E+04 4.328700195E+03 2.854500122E+02 1.667799988E+02 1.868399978E+00 -9.909600258E+00 5.924699903E-01 4.265899956E-01 1.299800002E-03
 2.460000105E-04 9.200000204E-05 7.088999748E-01 1.177000000E+04 2.718000000E+03 2.843699951E+02 1.723099976E+02 1.926599979E+00 -1.065899968E+00 6.132799983E-01 4.197899997E-01 1.315900008E-03
 2.480499970E-04 9.200000204E-05 6.995499730E-01 1.523900000E+04 3.846000000E+03 2.830799866E+02 1.781300049E+02 1.947399974E+00 7.552899837E+00 6.354399920E-01 4.123699963E-01 1.333500026E-03
 2.501000126E-04 9.200000204E-05 6.897299886E-01 2.243700000E+04 2.503500000E+03 2.816199951E+02 1.843899994E+02 2.214200020E+00 -1.004399967E+01 6.594899893E-01 4.045000076E-01 1.352500054E-03
 2.521499991E-04 9.200000204E-05 6.790500283E-01 3.079900000E+04 2.184399902E+03 2.801400146E+02 1.912799988E+02 2.373899937E+00 -1.350500011E+01 6.859200001E-01 3.961400092E-01 1.373799983E-03
 2.541999856E-04 9.200000204E-05 6.665599942E-01 3.378000000E+04 1.823900024E+03 2.785400085E+02 1.989600067E+02 2.116899967E+00 -1.262399960E+01 7.155200243E-01 3.866299987E-01 1.399599947E-03
 2.562500013E-04 9.200000204E-05 6.522899866E-01 3.386200000E+04 -2.393199951E+03 2.766400146E+02 2.073600006E+02 2.242399931E+00 -5.854000092E+00 7.482799888E-01 3.757900000E-01 1.430199947E-03
 2.582999878E-04 9.200000204E-05 6.362900138E-01 3.710700000E+04 -6.720899902E+03 2.743900146E+02 2.167400055E+02 2.411600113E+00 7.142399788E+00 7.853299975E-01 3.635799885E-01 1.466299989E-03
 2.603500034E-04 9.200000204E-05 6.166099906E-01 4.729900000E+04 -2.084600098E+03 2.714400024E+02 2.280000000E+02 2.327899933E+00 1.002799988E+01 8.306400180E-01 3.485699892E-01 1.513299998E-03
 2.623999899E-04 9.200000204E-05 5.926300287E-01 6.058200000E+04 1.297000000E+03 2.675799866E+02 2.416900024E+02 2.477999926E+00 1.661400032E+01 8.869000077E-01 3.302699924E-01 1.574800001E-03
 2.644500055E-04 9.200000204E-05 5.236200094E-01 6.942700000E+04 -1.171199951E+03 2.559100037E+02 2.787000122E+02 2.625400066E+00 2.008900070E+01 9.652699828E-01 3.064500093E-01 1.667500008E-03
 2.664999920E-04 9.200000204E-05 4.677700102E-01 7.207800000E+04 -4.288200195E+03 2.463899994E+02 3.081499939E+02 2.631700039E+00 1.730699921E+01 1.012400031E+00 2.925899923E-01 1.725299982E-03
