TITLE     = "Subsonic"
VARIABLES = "X"
"Y"
"Density"
"QX"
"QY"
"T"
"U"
"V"
"Txy"
"Mach"
"Pressure"
"Kundsen"
ZONE T="MAIN ZONE"
 STRANDID=0, SOLUTIONTIME=0
 I=101, J=31, K=1, ZONETYPE=Ordered
 DATAPACKING=POINT
 DT=(SINGLE SINGLE SINGLE SINGLE SINGLE SINGLE SINGLE SINGLE SINGLE SINGLE SINGLE SINGLE )
 0.000000000E+00 5.700000111E-05 1.600700021E+00 3.052500000E+04 2.252900000E+04 3.000000000E+02 4.676800156E+01 1.897800064E+01 -2.601600075E+01 1.807599962E-01 1.008299947E+00 5.769199925E-04
 2.049999921E-06 5.779999992E-05 1.603399992E+00 -2.565500000E+03 7.643799805E+03 2.995899963E+02 4.850500107E+01 1.903300095E+01 1.049599991E+02 1.836300045E-01 1.004400015E+00 5.788599956E-04
 4.099999842E-06 5.859999874E-05 1.604599953E+00 -2.714800000E+04 -1.147100000E+04 2.989299927E+02 5.128699875E+01 1.945499992E+01 1.801900024E+02 1.904100031E-01 9.988399744E-01 5.813299795E-04
 6.149999990E-06 5.940000119E-05 1.602200031E+00 -9.377500000E+03 -8.348700195E+03 2.986600037E+02 5.366699982E+01 2.012700081E+01 8.837400055E+01 1.990700066E-01 9.964299798E-01 5.822199746E-04
 8.199999684E-06 6.020000001E-05 1.600900054E+00 -1.402900000E+04 4.375600098E+03 2.984500122E+02 5.644800186E+01 2.112800026E+01 4.364699936E+01 2.094099969E-01 9.949200153E-01 5.826799897E-04
 1.024999983E-05 6.099999882E-05 1.598299980E+00 -1.008800000E+04 -3.484899902E+03 2.981499939E+02 5.941500092E+01 2.237500000E+01 8.970099640E+01 2.206699997E-01 9.923599958E-01 5.836000200E-04
 1.229999998E-05 6.179999764E-05 1.594900012E+00 -9.285400391E+03 -9.357799805E+03 2.978099976E+02 6.263000107E+01 2.354999924E+01 1.048700027E+02 2.327000052E-01 9.890599847E-01 5.848800065E-04
 1.435000013E-05 6.259999645E-05 1.591899991E+00 -6.638700195E+03 -1.015000000E+04 2.975400085E+02 6.611599731E+01 2.490900040E+01 9.237699890E+01 2.458200008E-01 9.863600135E-01 5.859499797E-04
 1.639999937E-05 6.340000255E-05 1.586599946E+00 5.934600098E+03 -4.806100098E+03 2.974700012E+02 6.973600006E+01 2.636400032E+01 1.513800049E+02 2.594200075E-01 9.828400016E-01 5.879100063E-04
 1.845000043E-05 6.420000136E-05 1.580700040E+00 -2.335500000E+04 2.992100098E+03 2.972200012E+02 7.342800140E+01 2.775799942E+01 1.498999939E+02 2.732599974E-01 9.783400297E-01 5.901199766E-04
 2.049999966E-05 6.500000018E-05 1.575799942E+00 -2.979500000E+04 1.243400000E+04 2.968299866E+02 7.739399719E+01 2.925799942E+01 1.373699951E+02 2.882199883E-01 9.740399718E-01 5.919400137E-04
 2.255000072E-05 6.579999899E-05 1.569499969E+00 -8.622200195E+03 1.621900000E+04 2.964500122E+02 8.161599731E+01 3.097999954E+01 1.572899933E+02 3.042899966E-01 9.689000249E-01 5.943300202E-04
 2.459999996E-05 6.659999781E-05 1.559399962E+00 -4.365399902E+03 6.506000000E+03 2.963099976E+02 8.602700043E+01 3.271900177E+01 1.453600006E+02 3.208900094E-01 9.621999860E-01 5.982000148E-04
 2.664999920E-05 6.739999662E-05 1.550899982E+00 -1.550800049E+03 -6.501000000E+03 2.959700012E+02 9.042099762E+01 3.435599899E+01 1.502299957E+02 3.374300003E-01 9.558200240E-01 6.014800165E-04
 2.870000026E-05 6.820000272E-05 1.542199969E+00 -1.779700000E+04 -3.807500000E+03 2.955299988E+02 9.515899658E+01 3.623600006E+01 1.419900055E+02 3.554700017E-01 9.490799904E-01 6.048699724E-04
 3.075000132E-05 6.900000153E-05 1.532899976E+00 -2.228800000E+04 1.567500000E+04 2.950599976E+02 1.003399963E+02 3.822700119E+01 1.502400055E+02 3.751600087E-01 9.418500066E-01 6.085300120E-04
 3.279999873E-05 6.980000035E-05 1.523599982E+00 -4.254200195E+03 -2.459300049E+03 2.941199951E+02 1.058399963E+02 4.034600067E+01 1.550399933E+02 3.963800073E-01 9.331899881E-01 6.122399936E-04
 3.484999979E-05 7.059999916E-05 1.509600043E+00 9.226400391E+03 -5.608699951E+02 2.932099915E+02 1.119800034E+02 4.274800110E+01 1.403800049E+02 4.201200008E-01 9.217299819E-01 6.179300253E-04
 3.690000085E-05 7.139999798E-05 1.494899988E+00 2.272600000E+04 2.383700000E+04 2.923200073E+02 1.185599976E+02 4.522999954E+01 1.636600037E+02 4.454300106E-01 9.099799991E-01 6.240099901E-04
 3.894999827E-05 7.219999679E-05 1.476500034E+00 2.483500000E+04 1.983700000E+04 2.910299988E+02 1.261699982E+02 4.808200073E+01 1.775800018E+02 4.749999940E-01 8.948100209E-01 6.318200030E-04
 4.099999933E-05 7.300000289E-05 1.454599977E+00 2.693800000E+04 6.260899902E+03 2.895499878E+02 1.349600067E+02 5.145299911E+01 2.425599976E+02 5.094100237E-01 8.770899773E-01 6.412999937E-04
 4.305000039E-05 7.380000170E-05 1.431499958E+00 5.329800000E+04 2.130300000E+04 2.877300110E+02 1.445599976E+02 5.513700104E+01 2.960299988E+02 5.474500060E-01 8.577100039E-01 6.516900030E-04
 4.510000144E-05 7.460000052E-05 1.399299979E+00 5.328300000E+04 2.368400000E+04 2.854800110E+02 1.563399963E+02 5.957199860E+01 3.148999939E+02 5.943199992E-01 8.319200277E-01 6.667400012E-04
 4.714999886E-05 7.539999933E-05 1.355299950E+00 4.508000000E+04 1.724700000E+04 2.823299866E+02 1.720700073E+02 6.548100281E+01 4.364700012E+02 6.577200294E-01 7.969200015E-01 6.884899922E-04
 4.919999992E-05 7.619999815E-05 1.289399981E+00 8.515900000E+04 3.009500000E+04 2.771900024E+02 1.968300018E+02 7.404799652E+01 6.294600220E+02 7.584199905E-01 7.445300221E-01 7.241899730E-04
 5.125000098E-05 7.699999696E-05 9.097999930E-01 1.239500000E+05 5.286300000E+04 2.571000061E+02 2.539299927E+02 5.224299908E+00 1.715500031E+02 9.983299971E-01 4.990699887E-01 1.189599978E-03
 5.329999840E-05 7.627999730E-05 4.986299872E-01 6.744600000E+04 5.419700000E+04 2.356000061E+02 2.973500061E+02 -8.764299774E+01 -1.353699951E+02 1.214400053E+00 2.453200072E-01 1.911800005E-03
 5.534999946E-05 7.555999764E-05 4.300799966E-01 -1.231500000E+04 3.736800000E+04 2.302500000E+02 3.019500122E+02 -1.076999969E+02 9.329299927E+01 1.267899990E+00 2.062100023E-01 2.169100102E-03
 5.740000051E-05 7.483999798E-05 4.410699904E-01 -1.655800000E+04 3.646500000E+04 2.290299988E+02 3.065499878E+02 -1.095800018E+02 5.100799942E+01 1.291000009E+00 2.103600055E-01 2.115299925E-03
 5.945000157E-05 7.411999832E-05 4.536899924E-01 -1.069000000E+04 2.013200000E+04 2.285000000E+02 3.099899902E+02 -1.104899979E+02 4.691999817E+01 1.306599975E+00 2.158699930E-01 2.056400059E-03
 6.150000263E-05 7.339999866E-05 4.628500044E-01 -8.417900391E+03 1.867300000E+04 2.279199982E+02 3.132200012E+02 -1.113499985E+02 5.684600067E+01 1.321499944E+00 2.196699977E-01 2.015399979E-03
 6.354999641E-05 7.267999899E-05 4.681400061E-01 -1.696000000E+04 2.171500000E+04 2.270599976E+02 3.172799988E+02 -1.125500031E+02 3.548899841E+01 1.340800047E+00 2.213400006E-01 1.992600039E-03
 6.559999747E-05 7.195999933E-05 4.687600136E-01 -2.391000000E+04 1.923400000E+04 2.256699982E+02 3.222600098E+02 -1.138300018E+02 3.841600037E+01 1.365399957E+00 2.202900052E-01 1.989899902E-03
 6.764999853E-05 7.123999967E-05 4.648500085E-01 -2.547800000E+04 2.247500000E+04 2.238800049E+02 3.275400085E+02 -1.154000015E+02 5.737099838E+01 1.392899990E+00 2.167199999E-01 2.006700030E-03
 6.969999959E-05 7.052000001E-05 4.591600001E-01 -4.403300000E+04 2.687500000E+04 2.222200012E+02 3.324299927E+02 -1.168399963E+02 7.086299896E+01 1.418599963E+00 2.124900073E-01 2.031600103E-03
 7.175000064E-05 6.980000035E-05 4.515900016E-01 -5.452500000E+04 3.256800000E+04 2.202200012E+02 3.371000061E+02 -1.183000031E+02 1.041999969E+02 1.444900036E+00 2.071000040E-01 2.065799898E-03
 7.380000170E-05 6.908000069E-05 4.415499866E-01 -5.037300000E+04 2.680000000E+04 2.176699982E+02 3.427500000E+02 -1.199899979E+02 1.130100021E+02 1.477200031E+00 2.001599967E-01 2.112899907E-03
 7.585000276E-05 6.836000102E-05 4.290800095E-01 -5.526400000E+04 2.335800000E+04 2.151600037E+02 3.492200012E+02 -1.217300034E+02 1.095800018E+02 1.513200045E+00 1.922599971E-01 2.174499910E-03
 7.789999654E-05 6.764000136E-05 4.166199863E-01 -6.432000000E+04 3.104300000E+04 2.128999939E+02 3.547799988E+02 -1.237099991E+02 1.238300018E+02 1.545400023E+00 1.847199947E-01 2.239400055E-03
 7.994999760E-05 6.692000170E-05 4.040400088E-01 -7.796100000E+04 3.919600000E+04 2.106600037E+02 3.604500122E+02 -1.254800034E+02 1.022600021E+02 1.578199983E+00 1.772599965E-01 2.309300005E-03
 8.199999866E-05 6.620000204E-05 3.918099999E-01 -8.908600000E+04 4.092600000E+04 2.083500061E+02 3.653599854E+02 -1.267600021E+02 9.281999969E+01 1.607900023E+00 1.700100005E-01 2.381199971E-03
 8.404999971E-05 6.548000238E-05 3.802599907E-01 -1.001300000E+05 4.216700000E+04 2.060899963E+02 3.695000000E+02 -1.284100037E+02 1.355899963E+02 1.635300040E+00 1.632100046E-01 2.453699941E-03
 8.610000077E-05 6.476000272E-05 3.681800067E-01 -1.240500000E+05 5.089400000E+04 2.038300018E+02 3.745000000E+02 -1.301000061E+02 1.773200073E+02 1.666599989E+00 1.562899947E-01 2.534199972E-03
 8.815000183E-05 6.404000305E-05 3.564499915E-01 -1.432900000E+05 5.717300000E+04 2.015700073E+02 3.791000061E+02 -1.314299927E+02 2.228899994E+02 1.696099997E+00 1.496299952E-01 2.617599908E-03
 9.020000289E-05 6.332000339E-05 3.449499905E-01 -1.552600000E+05 5.973600000E+04 1.994700012E+02 3.833999939E+02 -1.330099945E+02 2.304199982E+02 1.724400043E+00 1.432999969E-01 2.705000108E-03
 9.224999667E-05 6.259999645E-05 3.341099918E-01 -1.783200000E+05 6.819700000E+04 1.978200073E+02 3.874700012E+02 -1.341600037E+02 2.357899933E+02 1.749600053E+00 1.376399994E-01 2.792499959E-03
 9.429999773E-05 6.187999679E-05 3.250899911E-01 -2.291400000E+05 8.578200000E+04 1.968600006E+02 3.893299866E+02 -1.344600067E+02 2.874500122E+02 1.761800051E+00 1.332699955E-01 2.869799966E-03
 9.634999878E-05 6.115999713E-05 3.240300119E-01 -4.020600000E+05 1.480300000E+05 2.005500031E+02 3.812900085E+02 -1.317899933E+02 4.843599854E+02 1.710199952E+00 1.353500038E-01 2.879000036E-03
 9.839999984E-05 6.044000111E-05 3.603299856E-01 -7.743700000E+05 2.825300000E+05 2.196900024E+02 3.375700073E+02 -1.166800003E+02 1.118099976E+03 1.453999996E+00 1.659000069E-01 2.611099975E-03
 1.004500009E-04 5.972000145E-05 4.774900079E-01 -7.833900000E+05 2.828900000E+05 2.511000061E+02 2.535500031E+02 -8.717099762E+01 1.617599976E+03 1.023300052E+00 2.525100112E-01 2.015599981E-03
 1.025000020E-04 5.900000178E-05 6.416000128E-01 -3.484400000E+05 1.187600000E+05 2.747099915E+02 1.791499939E+02 -6.088899994E+01 1.198300049E+03 6.866400242E-01 3.682599962E-01 1.476999954E-03
 1.045500030E-04 5.827999848E-05 7.542099953E-01 -8.880100000E+04 3.005300000E+04 2.845599976E+02 1.431399994E+02 -4.817499924E+01 5.576699829E+02 5.374900103E-01 4.470899999E-01 1.239100005E-03
 1.065999968E-04 5.755999882E-05 7.960900068E-01 -3.946800000E+04 1.817500000E+04 2.880599976E+02 1.281300049E+02 -4.311100006E+01 3.033399963E+02 4.780600071E-01 4.775500000E-01 1.171899959E-03
 1.086499979E-04 5.683999916E-05 8.116000295E-01 -3.530300000E+04 5.433799805E+03 2.898500061E+02 1.194199982E+02 -4.040000153E+01 2.158500061E+02 4.444200099E-01 4.898799956E-01 1.149400021E-03
 1.106999989E-04 5.611999950E-05 8.209099770E-01 -3.270200000E+04 3.255699921E+01 2.912399902E+02 1.130999985E+02 -3.853900146E+01 1.744199982E+02 4.202100039E-01 4.978600144E-01 1.136300038E-03
 1.127500000E-04 5.539999984E-05 8.284100294E-01 -3.099300000E+04 1.630200000E+04 2.921799927E+02 1.080599976E+02 -3.702799988E+01 1.439400024E+02 4.010500014E-01 5.040400028E-01 1.125999959E-03
 1.148000010E-04 5.468000018E-05 8.360300064E-01 -1.518000000E+04 1.605000000E+04 2.927099915E+02 1.037099991E+02 -3.560400009E+01 1.207699966E+02 3.846499920E-01 5.095900297E-01 1.115799998E-03
 1.168500021E-04 5.396000051E-05 8.430699706E-01 -1.098400000E+04 5.408700195E+03 2.930700073E+02 9.990299988E+01 -3.426300049E+01 1.283999939E+02 3.702600002E-01 5.145099759E-01 1.106400043E-03
 1.189000031E-04 5.324000085E-05 8.483700156E-01 -2.546100000E+04 6.872600098E+03 2.934800110E+02 9.660299683E+01 -3.319400024E+01 1.181699982E+02 3.578400016E-01 5.184800029E-01 1.099499990E-03
 1.209499969E-04 5.252000119E-05 8.529000282E-01 -1.756300000E+04 1.190100000E+04 2.938900146E+02 9.379599762E+01 -3.223099899E+01 8.235700226E+01 3.472000062E-01 5.219699740E-01 1.093699946E-03
 1.230000053E-04 5.180000153E-05 8.575299978E-01 -4.955600098E+03 1.314700000E+04 2.942999878E+02 9.093599701E+01 -3.122900009E+01 9.304699707E+01 3.363600075E-01 5.255299807E-01 1.087800018E-03
 1.250500063E-04 5.107999823E-05 8.612499833E-01 -2.757300049E+03 2.671799927E+02 2.949700012E+02 8.828800201E+01 -3.043300056E+01 9.206999969E+01 3.263199925E-01 5.290200114E-01 1.083099982E-03
 1.270999928E-04 5.035999857E-05 8.645399809E-01 2.146899902E+03 2.085299988E+02 2.954200134E+02 8.598100281E+01 -2.965600014E+01 7.197499847E+01 3.175700009E-01 5.318499804E-01 1.078999951E-03
 1.291499939E-04 4.963999891E-05 8.679500222E-01 -2.398899902E+03 9.262400391E+03 2.954700012E+02 8.366600037E+01 -2.875300026E+01 6.955699921E+01 3.088800013E-01 5.340399742E-01 1.074700034E-03
 1.311999949E-04 4.891999924E-05 8.712700009E-01 -1.894199951E+03 3.663300049E+03 2.956300049E+02 8.119499969E+01 -2.778599930E+01 7.143499756E+01 2.995400131E-01 5.363799930E-01 1.070600003E-03
 1.332499960E-04 4.819999958E-05 8.730499744E-01 -6.143200195E+03 6.517600098E+03 2.961099854E+02 7.879900360E+01 -2.707600021E+01 6.202500153E+01 2.906000018E-01 5.383300185E-01 1.068399986E-03
 1.352999971E-04 4.747999992E-05 8.762300014E-01 -1.804400000E+04 1.646000000E+04 2.963800049E+02 7.672499847E+01 -2.649300003E+01 5.262900162E+01 2.829700112E-01 5.407900214E-01 1.064599957E-03
 1.373499981E-04 4.676000026E-05 8.793299794E-01 8.657700195E+02 1.029700000E+04 2.964800110E+02 7.506300354E+01 -2.587899971E+01 5.408200073E+01 2.767400146E-01 5.428900123E-01 1.060800045E-03
 1.393999992E-04 4.604000060E-05 8.819000125E-01 8.525700195E+03 -1.586199951E+03 2.967300110E+02 7.348400116E+01 -2.550699997E+01 6.315000153E+01 2.709999979E-01 5.449299812E-01 1.057700021E-03
 1.414500002E-04 4.532000094E-05 8.849300146E-01 -5.127000000E+03 -2.269600098E+03 2.968900146E+02 7.201200104E+01 -2.489200020E+01 6.106700134E+01 2.653799951E-01 5.470899940E-01 1.054099994E-03
 1.435000013E-04 4.460000127E-05 8.877500296E-01 -2.006800049E+03 4.608200195E+03 2.967799988E+02 7.045700073E+01 -2.409700012E+01 5.750699997E+01 2.594099939E-01 5.486400127E-01 1.050799969E-03
 1.455500023E-04 4.388000161E-05 8.895499706E-01 8.569500122E+02 -2.109000000E+03 2.969200134E+02 6.884100342E+01 -2.373299980E+01 6.663999939E+01 2.536199987E-01 5.500100255E-01 1.048599952E-03
 1.476000034E-04 4.315999831E-05 8.895499706E-01 -5.512600098E+03 -8.578900391E+03 2.975400085E+02 6.735700226E+01 -2.317900085E+01 5.609999847E+01 2.478400022E-01 5.511699915E-01 1.048599952E-03
 1.496500045E-04 4.243999865E-05 8.914300203E-01 -1.198200000E+04 -2.874699951E+03 2.980700073E+02 6.569799805E+01 -2.251600075E+01 6.744200134E+01 2.414100021E-01 5.533000231E-01 1.046400052E-03
 1.517000055E-04 4.171999899E-05 8.935400248E-01 -1.124400000E+04 1.437800049E+03 2.983999939E+02 6.413800049E+01 -2.214500046E+01 6.937000275E+01 2.357400060E-01 5.552300215E-01 1.043900033E-03
 1.537500066E-04 4.099999933E-05 8.945500255E-01 -2.814699951E+03 -1.383100000E+04 2.985400085E+02 6.280500031E+01 -2.155999947E+01 5.301200104E+01 2.306399941E-01 5.561199784E-01 1.042800024E-03
 1.557999931E-04 4.027999967E-05 8.968399763E-01 8.611099609E+03 -1.130200000E+04 2.985199890E+02 6.135200119E+01 -2.101600075E+01 5.479899979E+01 2.252600044E-01 5.575100183E-01 1.040100004E-03
 1.578499941E-04 3.956000000E-05 8.999400139E-01 1.932400000E+04 2.399800049E+03 2.984599915E+02 5.969499969E+01 -2.049600029E+01 5.298199844E+01 2.192499936E-01 5.593100190E-01 1.036499976E-03
 1.598999952E-04 3.884000034E-05 9.009199739E-01 1.212000000E+04 1.525500000E+03 2.987399902E+02 5.824900055E+01 -1.993000031E+01 5.232500076E+01 2.137700021E-01 5.604699850E-01 1.035399968E-03
 1.619499963E-04 3.812000068E-05 9.013000131E-01 -7.015299988E+01 1.267000000E+04 2.989200134E+02 5.664500046E+01 -1.916900063E+01 3.526200104E+01 2.075800002E-01 5.610299706E-01 1.034899964E-03
 1.639999973E-04 3.740000102E-05 9.034699798E-01 -1.012500000E+04 1.144800000E+04 2.987900085E+02 5.478400040E+01 -1.861800003E+01 3.901200104E+01 2.009000033E-01 5.621399879E-01 1.032499946E-03
 1.660499984E-04 3.668000136E-05 9.047899842E-01 -2.044500000E+04 6.011200195E+03 2.990299988E+02 5.343000031E+01 -1.848500061E+01 4.340800095E+01 1.962299943E-01 5.634099841E-01 1.031000051E-03
 1.680999994E-04 3.596000170E-05 9.061700106E-01 -1.818000000E+04 6.446000000E+03 2.993599854E+02 5.233800125E+01 -1.794499969E+01 4.561500168E+01 1.919199973E-01 5.648999810E-01 1.029400039E-03
 1.701500005E-04 3.523999840E-05 9.086400270E-01 -8.685599609E+03 2.610500000E+03 2.993900146E+02 5.080500031E+01 -1.720000076E+01 7.737300110E+01 1.860399991E-01 5.664899945E-01 1.026600017E-03
 1.722000015E-04 3.451999874E-05 9.105700254E-01 9.673099609E+03 4.393899902E+03 2.991799927E+02 4.898300171E+01 -1.645999908E+01 6.852700043E+01 1.792999953E-01 5.672900081E-01 1.024400000E-03
 1.742500026E-04 3.379999907E-05 9.118700027E-01 1.119800000E+04 1.062800000E+04 2.992000122E+02 4.732699966E+01 -1.587699986E+01 4.206200027E+01 1.731999964E-01 5.681499839E-01 1.022999990E-03
 1.763000037E-04 3.307999941E-05 9.120699763E-01 -8.400099609E+03 6.869000000E+03 2.996000061E+02 4.585200119E+01 -1.546700001E+01 4.446500015E+01 1.677799970E-01 5.690199733E-01 1.022699988E-03
 1.783500047E-04 3.235999975E-05 9.129599929E-01 -9.072099609E+03 7.753300171E+02 2.998800049E+02 4.420000076E+01 -1.482699966E+01 6.308900070E+01 1.615699977E-01 5.701199770E-01 1.021699980E-03
 1.804000058E-04 3.164000009E-05 9.145699739E-01 3.131800049E+03 9.099799805E+03 2.998900146E+02 4.246099854E+01 -1.430700016E+01 8.576499939E+01 1.552899927E-01 5.711299777E-01 1.019899966E-03
 1.824500068E-04 3.092000043E-05 9.154300094E-01 2.237299957E+02 8.879200195E+03 2.999500122E+02 4.097399902E+01 -1.383800030E+01 7.703199768E+01 1.498699933E-01 5.717800260E-01 1.018999959E-03
 1.844999933E-04 3.020000077E-05 9.171500206E-01 6.631299805E+03 -3.035199951E+03 3.000599976E+02 3.945500183E+01 -1.302200031E+01 5.491400146E+01 1.439500004E-01 5.730699897E-01 1.017099945E-03
 1.865499944E-04 2.947999928E-05 9.184100032E-01 2.827000000E+03 -2.523100098E+03 3.001300049E+02 3.762200165E+01 -1.226500034E+01 4.656299973E+01 1.370999962E-01 5.740000010E-01 1.015700051E-03
 1.885999955E-04 2.875999962E-05 9.181799889E-01 -1.071900000E+04 -3.518299866E+02 3.004899902E+02 3.551699829E+01 -1.147700024E+01 3.949399948E+01 1.292400062E-01 5.745300055E-01 1.015900052E-03
 1.906499965E-04 2.803999996E-05 9.189500213E-01 -8.353700195E+03 -1.649699951E+03 3.008099976E+02 3.320199966E+01 -1.050199986E+01 3.386700058E+01 1.204999983E-01 5.756199956E-01 1.015100046E-03
 1.926999976E-04 2.732000030E-05 9.178500175E-01 -1.460400000E+04 4.854600098E+03 3.014200134E+02 3.099600029E+01 -9.872699738E+00 4.334899902E+01 1.124799997E-01 5.761200190E-01 1.016300055E-03
 1.947499986E-04 2.660000064E-05 9.132500291E-01 -2.826300000E+04 9.774599609E+03 3.030599976E+02 2.902899933E+01 -9.095499992E+00 6.608300018E+01 1.049100012E-01 5.763300061E-01 1.021399978E-03
 1.967999997E-04 2.587999916E-05 9.068099856E-01 -5.377300000E+04 1.345700000E+04 3.055899963E+02 2.689100075E+01 -8.231200218E+00 8.670600128E+01 9.656400234E-02 5.770400167E-01 1.028700033E-03
 1.988500007E-04 2.515999950E-05 8.966599703E-01 -8.691300000E+04 3.149300000E+04 3.094899902E+02 2.467799950E+01 -7.430399895E+00 8.866500092E+01 8.794599771E-02 5.778399706E-01 1.040400006E-03
 2.009000018E-04 2.443999983E-05 8.769500256E-01 -1.308100000E+05 4.484400000E+04 3.160499878E+02 2.211199951E+01 -5.621099949E+00 1.051500015E+02 7.712099701E-02 5.770400167E-01 1.063899952E-03
 2.029500029E-04 2.372000017E-05 8.421000242E-01 -1.884500000E+05 8.545300000E+04 3.266499939E+02 1.638699913E+01 5.543000102E-01 3.795199890E+02 5.725099891E-02 5.725200176E-01 1.108400058E-03
 2.050000039E-04 2.300000051E-05 4.598099887E-01 -9.226799805E+03 1.003700000E+04 2.283200073E+02 3.113200073E+02 -1.107399979E+02 6.447899628E+01 1.312399983E+00 2.186200023E-01 2.028600080E-03
 0.000000000E+00 5.816699922E-05 1.600700021E+00 2.275600000E+04 1.349100000E+04 3.000000000E+02 4.666899872E+01 1.864699936E+01 -8.055899811E+01 1.808999926E-01 1.009600043E+00 5.763099762E-04
 2.049999921E-06 5.894000060E-05 1.603199959E+00 -4.481299805E+03 1.755900024E+03 2.995599976E+02 4.873500061E+01 1.872200012E+01 5.036600113E+01 1.844400018E-01 1.004899979E+00 5.786300171E-04
 4.099999842E-06 5.971299834E-05 1.603899956E+00 -2.678000000E+04 -6.636299805E+03 2.989700012E+02 5.188399887E+01 1.911000061E+01 1.374199982E+02 1.919299960E-01 9.985299706E-01 5.815899931E-04
 6.149999990E-06 6.048700016E-05 1.601699948E+00 -1.398200000E+04 -7.176799805E+03 2.987399902E+02 5.430099869E+01 1.973800087E+01 9.166100311E+01 2.006399930E-01 9.963600039E-01 5.824000109E-04
 8.199999684E-06 6.125999789E-05 1.600600004E+00 -1.582200000E+04 -1.621699982E+02 2.984700012E+02 5.711100006E+01 2.072599983E+01 9.237699890E+01 2.110799998E-01 9.948400259E-01 5.827799905E-04
 1.024999983E-05 6.203300291E-05 1.597599983E+00 -8.867599609E+03 1.994699951E+03 2.982399902E+02 6.011500168E+01 2.194499969E+01 1.065400009E+02 2.223999947E-01 9.921699762E-01 5.838900106E-04
 1.229999998E-05 6.280699745E-05 1.593000054E+00 -3.882100098E+03 -2.860500000E+03 2.980100098E+02 6.328599930E+01 2.305599976E+01 1.064400024E+02 2.341700047E-01 9.885900021E-01 5.855499767E-04
 1.435000013E-05 6.358000246E-05 1.590100050E+00 -4.399799805E+03 -7.775500000E+03 2.976600037E+02 6.673100281E+01 2.435300064E+01 8.755999756E+01 2.471199930E-01 9.856500030E-01 5.866099964E-04
 1.639999937E-05 6.435300020E-05 1.585800052E+00 -1.761000000E+03 -2.586300049E+03 2.975100098E+02 7.043099976E+01 2.585000038E+01 9.988600159E+01 2.610499859E-01 9.824399948E-01 5.882299738E-04
 1.845000043E-05 6.512700202E-05 1.579900026E+00 -1.348900000E+04 2.006099976E+03 2.972200012E+02 7.417800140E+01 2.727300072E+01 1.125400009E+02 2.751300037E-01 9.778800011E-01 5.904000136E-04
 2.049999966E-05 6.589999975E-05 1.575399995E+00 -5.511500000E+03 7.446299805E+03 2.967200012E+02 7.796600342E+01 2.870599937E+01 1.275599976E+02 2.894800007E-01 9.733999968E-01 5.921099801E-04
 2.255000072E-05 6.667299749E-05 1.569100022E+00 5.707500000E+02 1.156400000E+04 2.963900146E+02 8.204000092E+01 3.036499977E+01 1.461699982E+02 3.049600124E-01 9.684600234E-01 5.944800214E-04
 2.459999996E-05 6.744699931E-05 1.559100032E+00 -2.677600098E+03 4.306500000E+03 2.963200073E+02 8.651899719E+01 3.211299896E+01 1.520599976E+02 3.217499852E-01 9.620299935E-01 5.983199808E-04
 2.664999920E-05 6.821999705E-05 1.550199986E+00 8.140700195E+03 -3.879699951E+03 2.959700012E+02 9.109600067E+01 3.382600021E+01 1.680200043E+02 3.389999866E-01 9.554100037E-01 6.017399719E-04
 2.870000026E-05 6.899300206E-05 1.542000055E+00 1.502800049E+03 -8.502800293E+02 2.954400024E+02 9.590299988E+01 3.565800095E+01 1.492799988E+02 3.572599888E-01 9.486799836E-01 6.049299845E-04
 3.075000132E-05 6.976699660E-05 1.532899976E+00 -2.560600098E+03 1.618100000E+04 2.948500061E+02 1.010400009E+02 3.760699844E+01 1.358899994E+02 3.768100142E-01 9.412000179E-01 6.085200002E-04
 3.279999873E-05 7.054000162E-05 1.521900058E+00 3.325800049E+03 3.055399902E+03 2.940199890E+02 1.066600037E+02 3.979800034E+01 1.496999969E+02 3.984700143E-01 9.318199754E-01 6.129199755E-04
 3.484999979E-05 7.131299935E-05 1.508200049E+00 9.560099609E+03 5.518699951E+02 2.931700134E+02 1.128600006E+02 4.216500092E+01 1.671100006E+02 4.223200083E-01 9.207400084E-01 6.185100065E-04
 3.690000085E-05 7.208700117E-05 1.494400024E+00 1.617700000E+04 1.729300000E+04 2.921700134E+02 1.194700012E+02 4.464199829E+01 1.877799988E+02 4.478200078E-01 9.092299938E-01 6.241999799E-04
 3.894999827E-05 7.285999891E-05 1.476300001E+00 6.559899902E+03 9.755900391E+03 2.909100037E+02 1.270000000E+02 4.743899918E+01 1.855800018E+02 4.770500064E-01 8.943200111E-01 6.318900269E-04
 4.099999933E-05 7.363299665E-05 1.453799963E+00 1.040300000E+04 7.423599854E+02 2.895599976E+02 1.356699982E+02 5.071200180E+01 2.198000031E+02 5.108399987E-01 8.766099811E-01 6.416799733E-04
 4.305000039E-05 7.440699846E-05 1.429999948E+00 3.598200000E+04 1.791500000E+04 2.877699890E+02 1.454299927E+02 5.435699844E+01 2.709800110E+02 5.493000150E-01 8.569499850E-01 6.523699849E-04
 4.510000144E-05 7.518000348E-05 1.398300052E+00 4.481800000E+04 2.748300000E+04 2.853800049E+02 1.573300018E+02 5.867200089E+01 3.026199951E+02 5.965999961E-01 8.310499787E-01 6.672100280E-04
 4.714999886E-05 7.595300121E-05 1.353800058E+00 5.437000000E+04 1.949100000E+04 2.821499939E+02 1.733600006E+02 6.432700348E+01 4.068999939E+02 6.608300209E-01 7.955499887E-01 6.892399979E-04
 4.919999992E-05 7.672700303E-05 1.285799980E+00 1.009500000E+05 1.515900000E+04 2.768399963E+02 1.988200073E+02 7.227100372E+01 5.515399780E+02 7.634900212E-01 7.415300012E-01 7.262799772E-04
 5.125000098E-05 7.750000077E-05 9.431099892E-01 1.445300000E+05 4.019200000E+04 2.581199951E+02 2.578800049E+02 1.395699978E+01 -2.225699997E+01 1.002699971E+00 5.167599916E-01 1.109299948E-03
 5.329999840E-05 7.680399722E-05 5.433400273E-01 7.623700000E+04 5.124300000E+04 2.366199951E+02 3.030000000E+02 -7.742600250E+01 -2.481799927E+02 1.226699948E+00 2.691699862E-01 1.787799993E-03
 5.534999946E-05 7.610800094E-05 4.408299923E-01 -1.488800000E+04 4.677500000E+04 2.297200012E+02 3.064400024E+02 -1.085299988E+02 1.830200043E+02 1.287299991E+00 2.108699977E-01 2.117800061E-03
 5.740000051E-05 7.541199739E-05 4.439199865E-01 -2.112700000E+04 5.216400000E+04 2.286199951E+02 3.092099915E+02 -1.118799973E+02 1.760000000E+02 1.305199981E+00 2.113399953E-01 2.101700054E-03
 5.945000157E-05 7.471600111E-05 4.550099969E-01 -1.604900000E+04 3.535700000E+04 2.281799927E+02 3.120299988E+02 -1.125400009E+02 1.508500061E+02 1.317899942E+00 2.161999941E-01 2.050400013E-03
 6.150000263E-05 7.401999756E-05 4.639300108E-01 -9.455700195E+03 2.962700000E+04 2.275700073E+02 3.148500061E+02 -1.131299973E+02 1.373800049E+02 1.330999970E+00 2.198400050E-01 2.010799944E-03
 6.354999641E-05 7.332400128E-05 4.691100121E-01 -1.194400000E+04 3.075100000E+04 2.266900024E+02 3.184200134E+02 -1.139700012E+02 1.105000000E+02 1.348099947E+00 2.214400023E-01 1.988499891E-03
 6.559999747E-05 7.262799772E-05 4.695900083E-01 -2.224700000E+04 2.914900000E+04 2.255200043E+02 3.232300110E+02 -1.146900024E+02 1.157500000E+02 1.370700002E+00 2.205300033E-01 1.986500109E-03
 6.764999853E-05 7.193200145E-05 4.657000005E-01 -2.991200000E+04 3.042600000E+04 2.238399963E+02 3.284500122E+02 -1.158600006E+02 1.245500031E+02 1.397099972E+00 2.170799971E-01 2.003100002E-03
 6.969999959E-05 7.123599789E-05 4.597600102E-01 -4.480200000E+04 3.320200000E+04 2.220800018E+02 3.332099915E+02 -1.170000000E+02 1.233300018E+02 1.422199965E+00 2.126200050E-01 2.029000083E-03
 7.175000064E-05 7.054000162E-05 4.521400034E-01 -5.520600000E+04 3.576000000E+04 2.201499939E+02 3.380000000E+02 -1.182699966E+02 1.327899933E+02 1.448400021E+00 2.072899938E-01 2.063299995E-03
 7.380000170E-05 6.984399806E-05 4.418500066E-01 -5.183600000E+04 3.055300000E+04 2.176999969E+02 3.437799988E+02 -1.198000031E+02 1.286100006E+02 1.480800033E+00 2.003200054E-01 2.111499896E-03
 7.585000276E-05 6.914800178E-05 4.298900068E-01 -5.558600000E+04 2.767000000E+04 2.151399994E+02 3.499899902E+02 -1.212600021E+02 1.313500061E+02 1.515599966E+00 1.926099956E-01 2.170300111E-03
 7.789999654E-05 6.845199823E-05 4.179300070E-01 -6.660200000E+04 3.060000000E+04 2.128200073E+02 3.554200134E+02 -1.228399963E+02 1.409199982E+02 1.547000051E+00 1.852300018E-01 2.232400002E-03
 7.994999760E-05 6.775600195E-05 4.052200019E-01 -7.964500000E+04 3.966300000E+04 2.106100006E+02 3.609700012E+02 -1.243799973E+02 1.266100006E+02 1.578899980E+00 1.777299941E-01 2.302600071E-03
 8.199999866E-05 6.705999840E-05 3.929199874E-01 -8.996300000E+04 4.425500000E+04 2.083800049E+02 3.661199951E+02 -1.257699966E+02 1.316799927E+02 1.609500051E+00 1.705099940E-01 2.374500036E-03
 8.404999971E-05 6.636400212E-05 3.815700114E-01 -1.034800000E+05 4.615300000E+04 2.060899963E+02 3.705899963E+02 -1.272699966E+02 1.640200043E+02 1.638100028E+00 1.637700051E-01 2.445199993E-03
 8.610000077E-05 6.566799857E-05 3.695800006E-01 -1.214800000E+05 5.339100000E+04 2.037400055E+02 3.754599915E+02 -1.286799927E+02 1.978099976E+02 1.668799996E+00 1.568199992E-01 2.524700016E-03
 8.815000183E-05 6.497200229E-05 3.574300110E-01 -1.358400000E+05 5.855100000E+04 2.014799957E+02 3.800700073E+02 -1.297899933E+02 2.301100006E+02 1.698099971E+00 1.499799937E-01 2.610499971E-03
 9.020000289E-05 6.427599874E-05 3.458499908E-01 -1.557500000E+05 6.347100000E+04 1.994499969E+02 3.842900085E+02 -1.311799927E+02 2.356699982E+02 1.725600004E+00 1.436599940E-01 2.697899938E-03
 9.224999667E-05 6.358000246E-05 3.350099921E-01 -1.790100000E+05 6.869000000E+04 1.976799927E+02 3.882600098E+02 -1.323500061E+02 2.512599945E+02 1.751000047E+00 1.379099935E-01 2.785099903E-03
 9.429999773E-05 6.288399891E-05 3.258300126E-01 -2.249700000E+05 8.294300000E+04 1.966199951E+02 3.905000000E+02 -1.326900024E+02 2.945000000E+02 1.765200019E+00 1.334100068E-01 2.863300033E-03
 9.634999878E-05 6.218800263E-05 3.239600062E-01 -3.785800000E+05 1.407900000E+05 1.996799927E+02 3.838800049E+02 -1.303000031E+02 4.701799927E+02 1.722200036E+00 1.347199976E-01 2.879499923E-03
 9.839999984E-05 6.149199908E-05 3.556199968E-01 -7.340700000E+05 2.706500000E+05 2.174199982E+02 3.435599976E+02 -1.160699997E+02 1.068099976E+03 1.483399987E+00 1.619199961E-01 2.641899977E-03
 1.004500009E-04 6.079599916E-05 4.649699926E-01 -7.794000000E+05 2.842300000E+05 2.487500000E+02 2.608900146E+02 -8.705100250E+01 1.608699951E+03 1.055299997E+00 2.437099963E-01 2.068500035E-03
 1.025000020E-04 6.009999925E-05 6.275900006E-01 -3.649800000E+05 1.286000000E+05 2.735700073E+02 1.832899933E+02 -6.011999893E+01 1.241599976E+03 7.017800212E-01 3.589299917E-01 1.513600000E-03
 1.045500030E-04 5.940399933E-05 7.460899949E-01 -9.396800000E+04 3.472400000E+04 2.842300110E+02 1.445099945E+02 -4.668000031E+01 5.486300049E+02 5.408499837E-01 4.417999983E-01 1.253299997E-03
 1.065999968E-04 5.870799941E-05 7.931299806E-01 -3.947000000E+04 1.449900000E+04 2.880100098E+02 1.288500061E+02 -4.149200058E+01 2.757099915E+02 4.787699878E-01 4.757100046E-01 1.176399994E-03
 1.086499979E-04 5.801199950E-05 8.106200099E-01 -3.221000000E+04 1.433400024E+03 2.898999939E+02 1.201399994E+02 -3.908800125E+01 1.992899933E+02 4.453699887E-01 4.893699884E-01 1.150800032E-03
 1.106999989E-04 5.731599958E-05 8.203899860E-01 -3.245000000E+04 9.133800049E+02 2.912099915E+02 1.139100037E+02 -3.750299835E+01 1.484499969E+02 4.217700064E-01 4.974899888E-01 1.137000043E-03
 1.127500000E-04 5.661999967E-05 8.282499909E-01 -2.879600000E+04 1.373700000E+04 2.920000000E+02 1.088199997E+02 -3.604700089E+01 1.303399963E+02 4.026300013E-01 5.036200285E-01 1.126299961E-03
 1.148000010E-04 5.592399975E-05 8.358200192E-01 -1.906100000E+04 1.579300000E+04 2.926300049E+02 1.043700027E+02 -3.475899887E+01 1.313500061E+02 3.859399855E-01 5.093200207E-01 1.115999999E-03
 1.168500021E-04 5.522799984E-05 8.425999880E-01 -1.598000000E+04 1.111800000E+04 2.931000061E+02 1.004499969E+02 -3.358599854E+01 1.426699982E+02 3.713099957E-01 5.142800212E-01 1.107100048E-03
 1.189000031E-04 5.453199992E-05 8.480899930E-01 -1.826200000E+04 6.680799805E+03 2.934700012E+02 9.718099976E+01 -3.261999893E+01 1.219700012E+02 3.591299951E-01 5.182800293E-01 1.099899993E-03
 1.209499969E-04 5.383600001E-05 8.529599905E-01 -1.411200000E+04 3.481000000E+03 2.939200134E+02 9.438500214E+01 -3.167900085E+01 9.189700317E+01 3.485200107E-01 5.220699906E-01 1.093599945E-03
 1.230000053E-04 5.314000009E-05 8.571100235E-01 -8.661700195E+03 6.807500000E+03 2.943999939E+02 9.170500183E+01 -3.075099945E+01 1.021500015E+02 3.383199871E-01 5.254499912E-01 1.088300021E-03
 1.250500063E-04 5.244400018E-05 8.610500097E-01 -3.679399902E+03 -1.352699951E+03 2.948999939E+02 8.912500000E+01 -2.999399948E+01 1.045199966E+02 3.286400139E-01 5.287700295E-01 1.083299983E-03
 1.270999928E-04 5.174800026E-05 8.648499846E-01 -1.887099976E+03 -6.050700195E+03 2.953200073E+02 8.672100067E+01 -2.912800026E+01 7.367199707E+01 3.194899857E-01 5.318599939E-01 1.078599948E-03
 1.291499939E-04 5.105200034E-05 8.679000139E-01 -6.270000000E+03 3.258199951E+03 2.954700012E+02 8.437899780E+01 -2.824099922E+01 5.926200104E+01 3.106699884E-01 5.340099931E-01 1.074800035E-03
 1.311999949E-04 5.035600043E-05 8.710100055E-01 -3.340100098E+03 6.166799805E+03 2.956700134E+02 8.189600372E+01 -2.727199936E+01 6.288299942E+01 3.012799919E-01 5.362799764E-01 1.070900005E-03
 1.332499960E-04 4.966000051E-05 8.731999993E-01 -1.067200000E+04 5.208799805E+03 2.961099854E+02 7.962100220E+01 -2.655299950E+01 7.974500275E+01 2.927399874E-01 5.384399891E-01 1.068299985E-03
 1.352999971E-04 4.896400060E-05 8.762900233E-01 -1.880600000E+04 9.879900391E+03 2.963500061E+02 7.761299896E+01 -2.614999962E+01 7.616899872E+01 2.855300009E-01 5.407800078E-01 1.064499957E-03
 1.373499981E-04 4.826800068E-05 8.792200089E-01 -1.182300049E+03 5.184200195E+03 2.964200134E+02 7.584999847E+01 -2.562100029E+01 6.498899841E+01 2.790800035E-01 5.427100062E-01 1.060900046E-03
 1.393999992E-04 4.757200077E-05 8.816199899E-01 3.521800049E+03 -8.590399780E+02 2.965899963E+02 7.418000031E+01 -2.509399986E+01 7.120500183E+01 2.728999853E-01 5.444899797E-01 1.058100024E-03
 1.414500002E-04 4.687600085E-05 8.842999935E-01 -4.295200195E+03 2.594499969E+01 2.968099976E+02 7.247299957E+01 -2.446199989E+01 7.223400116E+01 2.664600015E-01 5.465599895E-01 1.054900000E-03
 1.435000013E-04 4.618000094E-05 8.870900273E-01 -5.541200195E+03 4.539600098E+03 2.969299927E+02 7.077100372E+01 -2.371100044E+01 7.908000183E+01 2.599500120E-01 5.485000014E-01 1.051499974E-03
 1.455500023E-04 4.548400102E-05 8.888900280E-01 -3.416800049E+03 -4.378500061E+02 2.971900024E+02 6.920200348E+01 -2.326600075E+01 9.009400177E+01 2.541700006E-01 5.500900149E-01 1.049399958E-03
 1.476000034E-04 4.478800111E-05 8.895599842E-01 -3.952300049E+03 -9.252700195E+03 2.975799866E+02 6.780899811E+01 -2.271800041E+01 8.217900085E+01 2.487999946E-01 5.512400270E-01 1.048599952E-03
 1.496500045E-04 4.409200119E-05 8.918200135E-01 -1.218800000E+04 -1.092200000E+04 2.978599854E+02 6.628299713E+01 -2.211700058E+01 6.885900116E+01 2.429900020E-01 5.531600118E-01 1.046000049E-03
 1.517000055E-04 4.339600127E-05 8.942400217E-01 -1.058600000E+04 -4.699299805E+03 2.981199951E+02 6.467700195E+01 -2.171500015E+01 6.901300049E+01 2.371499985E-01 5.551400185E-01 1.043100026E-03
 1.537500066E-04 4.270000136E-05 8.957099915E-01 -1.817400024E+03 -7.867200195E+03 2.982000122E+02 6.322900009E+01 -2.120899963E+01 6.827799988E+01 2.317799926E-01 5.562199950E-01 1.041400013E-03
 1.557999931E-04 4.200400144E-05 8.973900080E-01 3.473800049E+03 -9.340099609E+03 2.982799988E+02 6.183300018E+01 -2.057500076E+01 5.860100174E+01 2.264499962E-01 5.573999882E-01 1.039499999E-03
 1.578499941E-04 4.130800153E-05 8.993399739E-01 5.297100098E+03 -6.053399902E+03 2.983200073E+02 6.025899887E+01 -1.993799973E+01 6.013700104E+01 2.205599993E-01 5.586900115E-01 1.037199982E-03
 1.598999952E-04 4.061200161E-05 9.006999731E-01 -2.008599976E+03 -6.898100098E+03 2.985599976E+02 5.868899918E+01 -1.940900040E+01 6.106200027E+01 2.147199959E-01 5.599799752E-01 1.035599969E-03
 1.619499963E-04 3.991600170E-05 9.015499949E-01 -3.442399902E+02 4.012000000E+03 2.988500061E+02 5.710599899E+01 -1.863500023E+01 4.468700027E+01 2.085500062E-01 5.610600114E-01 1.034699962E-03
 1.639999973E-04 3.922000178E-05 9.029200077E-01 2.032000000E+03 7.603200195E+03 2.989700012E+02 5.543000031E+01 -1.811800003E+01 5.859299850E+01 2.024299949E-01 5.621399879E-01 1.033099950E-03
 1.660499984E-04 3.852399823E-05 9.045699835E-01 -5.985600098E+03 8.496900391E+03 2.991199951E+02 5.397600174E+01 -1.796299934E+01 6.237200165E+01 1.974200010E-01 5.634300113E-01 1.031200052E-03
 1.680999994E-04 3.782799831E-05 9.059500098E-01 -6.486500000E+03 3.619000000E+03 2.992699890E+02 5.265499878E+01 -1.743199921E+01 5.697800064E+01 1.924300045E-01 5.645800233E-01 1.029600040E-03
 1.701500005E-04 3.713199840E-05 9.077000022E-01 1.717099976E+03 -2.553399902E+03 2.993500061E+02 5.114099884E+01 -1.664900017E+01 7.153700256E+01 1.865700036E-01 5.658199787E-01 1.027700026E-03
 1.722000015E-04 3.643599848E-05 9.092400074E-01 9.135500000E+03 3.855500000E+03 2.993099976E+02 4.956200027E+01 -1.589299965E+01 6.412899780E+01 1.805700064E-01 5.666999817E-01 1.025900012E-03
 1.742500026E-04 3.573999857E-05 9.109799862E-01 7.585100098E+03 7.547500000E+03 2.992500000E+02 4.798099899E+01 -1.533300018E+01 3.563700104E+01 1.747699976E-01 5.676800013E-01 1.023999997E-03
 1.763000037E-04 3.504399865E-05 9.122599959E-01 2.653200073E+02 6.280500000E+03 2.994200134E+02 4.637200165E+01 -1.489000034E+01 3.969699860E+01 1.689399928E-01 5.687900186E-01 1.022499986E-03
 1.783500047E-04 3.434799874E-05 9.129800200E-01 -4.894100098E+03 1.601000000E+03 2.996700134E+02 4.479600143E+01 -1.421500015E+01 5.880699921E+01 1.629599929E-01 5.697199702E-01 1.021699980E-03
 1.804000058E-04 3.365199882E-05 9.142100215E-01 2.152100098E+03 1.915000000E+03 2.997900085E+02 4.315900040E+01 -1.361600018E+01 6.414099884E+01 1.569000036E-01 5.707200170E-01 1.020299969E-03
 1.824500068E-04 3.295599890E-05 9.152399898E-01 3.346000000E+03 3.781399902E+03 2.999800110E+02 4.143299866E+01 -1.306900024E+01 4.746099854E+01 1.505900025E-01 5.717300177E-01 1.019199961E-03
 1.844999933E-04 3.225999899E-05 9.165700078E-01 3.035699951E+03 -2.259100098E+03 3.001300049E+02 3.965499878E+01 -1.223700047E+01 3.084600067E+01 1.438100040E-01 5.728499889E-01 1.017699949E-03
 1.865499944E-04 3.156399907E-05 9.174900055E-01 1.846199951E+03 -3.012699951E+03 3.002600098E+02 3.783300018E+01 -1.144799995E+01 3.617499924E+01 1.369400024E-01 5.736700296E-01 1.016699942E-03
 1.885999955E-04 3.086799916E-05 9.178000093E-01 -4.790299805E+03 -2.195100098E+03 3.005499878E+02 3.595999908E+01 -1.055200005E+01 4.425000000E+01 1.297899932E-01 5.744100213E-01 1.016300055E-03
 1.906499965E-04 3.017199924E-05 9.187600017E-01 -7.369799805E+03 -3.817600098E+03 3.008200073E+02 3.396400070E+01 -9.607399940E+00 4.290399933E+01 1.221899986E-01 5.755299926E-01 1.015300048E-03
 1.926999976E-04 2.947599933E-05 9.177700281E-01 -1.234200000E+04 3.409199951E+03 3.014299927E+02 3.192799950E+01 -9.038299561E+00 3.616099930E+01 1.147800013E-01 5.760800242E-01 1.016400056E-03
 1.947499986E-04 2.877999941E-05 9.141200185E-01 -2.368500000E+04 9.531599609E+03 3.027999878E+02 2.984199905E+01 -8.099599838E+00 4.739300156E+01 1.067600027E-01 5.763900280E-01 1.020399970E-03
 1.967999997E-04 2.808399950E-05 9.088500142E-01 -4.692300000E+04 1.261400000E+04 3.050100098E+02 2.752099991E+01 -6.987800121E+00 6.557099915E+01 9.770099819E-02 5.772399902E-01 1.026400016E-03
 1.988500007E-04 2.738799958E-05 8.987699747E-01 -7.701100000E+04 2.715300000E+04 3.086900024E+02 2.511100006E+01 -6.033100128E+00 8.076999664E+01 8.839400113E-02 5.776900053E-01 1.037899987E-03
 2.009000018E-04 2.669199966E-05 8.801199794E-01 -1.195800000E+05 4.288300000E+04 3.150599976E+02 2.238699913E+01 -3.509999990E+00 1.163300018E+02 7.726799697E-02 5.773199797E-01 1.060100039E-03
 2.029500029E-04 2.599599975E-05 8.504999876E-01 -1.741900000E+05 8.185300000E+04 3.251099854E+02 1.765500069E+01 3.984299898E+00 3.523399963E+02 6.427299976E-02 5.755400062E-01 1.097399974E-03
 2.050000039E-04 2.529999983E-05 8.327900171E-01 -2.008400000E+05 1.172600000E+05 3.311199951E+02 1.446000004E+01 9.552700043E+00 5.649600220E+02 5.767000094E-02 5.741800070E-01 1.120300032E-03
 0.000000000E+00 5.933300054E-05 1.600700021E+00 1.859000000E+04 -7.860399780E+02 3.000000000E+02 4.689599991E+01 1.785899925E+01 -1.140199966E+02 1.814099997E-01 1.010599971E+00 5.757000181E-04
 2.049999921E-06 6.008000128E-05 1.603399992E+00 -3.806500000E+03 -3.573000000E+03 2.995400085E+02 4.935300064E+01 1.799900055E+01 -1.934499931E+01 1.859599948E-01 1.005399942E+00 5.782700027E-04
 4.099999842E-06 6.082699838E-05 1.603800058E+00 -2.709700000E+04 -6.053500000E+03 2.991000061E+02 5.301300049E+01 1.836700058E+01 8.154699707E+01 1.947100013E-01 9.988700151E-01 5.816399935E-04
 6.149999990E-06 6.157300231E-05 1.600900054E+00 -1.905000000E+04 -3.111300049E+03 2.989400024E+02 5.556800079E+01 1.888500023E+01 8.466899872E+01 2.037300020E-01 9.965500236E-01 5.826799897E-04
 8.199999684E-06 6.232000305E-05 1.599099994E+00 -1.196700000E+04 8.445100098E+02 2.985700073E+02 5.846500015E+01 1.979700089E+01 1.040100021E+02 2.144100070E-01 9.942600131E-01 5.833099713E-04
 1.024999983E-05 6.306699652E-05 1.595499992E+00 -3.827699951E+03 -2.063199951E+03 2.983999939E+02 6.153300095E+01 2.105699921E+01 1.236399994E+02 2.259700000E-01 9.914399981E-01 5.846300046E-04
 1.229999998E-05 6.381300045E-05 1.590800047E+00 4.667000000E+03 -5.905600098E+03 2.982300110E+02 6.467400360E+01 2.208799934E+01 1.263199997E+02 2.375099957E-01 9.879299998E-01 5.863800179E-04
 1.435000013E-05 6.456000119E-05 1.588099957E+00 4.031699951E+03 -3.053199951E+03 2.977300110E+02 6.812300110E+01 2.319199944E+01 9.845400238E+01 2.503100038E-01 9.845899940E-01 5.873800255E-04
 1.639999937E-05 6.530700193E-05 1.584400058E+00 -5.950299805E+03 3.611199951E+02 2.974400024E+02 7.186900330E+01 2.479599953E+01 6.652100372E+01 2.645699978E-01 9.813399911E-01 5.887500010E-04
 1.845000043E-05 6.605299859E-05 1.579100013E+00 -4.687399902E+03 -5.889600098E+03 2.972000122E+02 7.558200073E+01 2.631699944E+01 9.265499878E+01 2.786299884E-01 9.772499800E-01 5.907299928E-04
 2.049999966E-05 6.679999933E-05 1.574800014E+00 1.662100000E+04 -2.716800049E+03 2.966600037E+02 7.922799683E+01 2.763500023E+01 1.140500031E+02 2.923899889E-01 9.728500247E-01 5.923300050E-04
 2.255000072E-05 6.754700007E-05 1.567999959E+00 1.143100000E+04 -1.535500000E+03 2.964299927E+02 8.319899750E+01 2.917499924E+01 1.398899994E+02 3.073300123E-01 9.678800106E-01 5.949200131E-04
 2.459999996E-05 6.829299673E-05 1.558599949E+00 4.477399902E+03 -1.500699951E+03 2.963399963E+02 8.772699738E+01 3.088699913E+01 1.715000000E+02 3.242599964E-01 9.618300200E-01 5.984799936E-04
 2.664999920E-05 6.903999747E-05 1.550300002E+00 1.607400000E+04 -3.717000000E+03 2.958800049E+02 9.254699707E+01 3.273799896E+01 1.779600067E+02 3.425199986E-01 9.551600218E-01 6.017099950E-04
 2.870000026E-05 6.978699821E-05 1.541900039E+00 2.024200000E+04 -2.737500000E+03 2.953200073E+02 9.743000031E+01 3.456100082E+01 1.624400024E+02 3.610399961E-01 9.481899738E-01 6.049899966E-04
 3.075000132E-05 7.053300214E-05 1.531800032E+00 2.057900000E+04 7.686000000E+03 2.946799927E+02 1.025699997E+02 3.641500092E+01 1.399900055E+02 3.805199862E-01 9.399799705E-01 6.089499802E-04
 3.279999873E-05 7.128000289E-05 1.519899964E+00 2.036700000E+04 -7.642800293E+02 2.938900146E+02 1.082500000E+02 3.861299896E+01 1.491999969E+02 4.023500085E-01 9.301900268E-01 6.137199816E-04
 3.484999979E-05 7.202700363E-05 1.506299973E+00 1.802800000E+04 -5.206100098E+03 2.930599976E+02 1.144899979E+02 4.093000031E+01 1.741100006E+02 4.262700081E-01 9.192500114E-01 6.192799774E-04
 3.690000085E-05 7.277300028E-05 1.492100000E+00 1.742000000E+04 9.189099609E+03 2.919599915E+02 1.211399994E+02 4.335800171E+01 1.877599945E+02 4.519400001E-01 9.071900249E-01 6.251700106E-04
 3.894999827E-05 7.352000102E-05 1.474699974E+00 1.080100000E+04 9.442700195E+03 2.906799927E+02 1.285099945E+02 4.601399994E+01 2.006199951E+02 4.805000126E-01 8.926799893E-01 6.325499853E-04
 4.099999933E-05 7.426700176E-05 1.452000022E+00 1.094500000E+04 -2.511699951E+03 2.893800049E+02 1.371300049E+02 4.912900162E+01 2.205500031E+02 5.139300227E-01 8.750200272E-01 6.424600142E-04
 4.305000039E-05 7.501299842E-05 1.427399993E+00 2.374700000E+04 6.717600098E+03 2.875899963E+02 1.471499939E+02 5.272999954E+01 2.332500000E+02 5.532400012E-01 8.548600078E-01 6.535500288E-04
 4.510000144E-05 7.575999916E-05 1.394899964E+00 3.619400000E+04 3.198200000E+04 2.851900024E+02 1.595099945E+02 5.686800003E+01 2.741099854E+02 6.018700004E-01 8.284400105E-01 6.688800058E-04
 4.714999886E-05 7.650699990E-05 1.348700047E+00 6.130400000E+04 3.690400000E+04 2.819400024E+02 1.761399994E+02 6.201699829E+01 3.728200073E+02 6.676099896E-01 7.919600010E-01 6.918800063E-04
 4.919999992E-05 7.725299656E-05 1.277999997E+00 1.093000000E+05 1.584400000E+04 2.762799988E+02 2.024799957E+02 6.861000061E+01 4.496499939E+02 7.724199891E-01 7.356299758E-01 7.307900232E-04
 5.125000098E-05 7.799999730E-05 9.995800257E-01 1.490500000E+05 1.017600000E+04 2.597300110E+02 2.626099854E+02 2.762500000E+01 -2.696700134E+02 1.005399942E+00 5.469899774E-01 9.898099815E-04
 5.329999840E-05 7.732799713E-05 6.290599704E-01 7.652700000E+04 1.761300000E+04 2.386100006E+02 3.118699951E+02 -5.787300110E+01 -4.709500122E+02 1.243700027E+00 3.150100112E-01 1.563100028E-03
 5.534999946E-05 7.665599696E-05 4.717899859E-01 -1.839400000E+04 4.727800000E+04 2.289900055E+02 3.168200073E+02 -1.066699982E+02 2.112200012E+02 1.326400042E+00 2.250300050E-01 1.984999981E-03
 5.740000051E-05 7.598399679E-05 4.531300068E-01 -3.357100000E+04 7.398500000E+04 2.274100037E+02 3.162500000E+02 -1.156299973E+02 3.358399963E+02 1.340100050E+00 2.145700008E-01 2.059099963E-03
 5.945000157E-05 7.531199662E-05 4.586099982E-01 -2.920100000E+04 6.445200000E+04 2.271300049E+02 3.172900085E+02 -1.166399994E+02 2.981300049E+02 1.346199989E+00 2.169000059E-01 2.034199890E-03
 6.150000263E-05 7.463999646E-05 4.659599960E-01 -2.191900000E+04 5.725400000E+04 2.265800018E+02 3.192000122E+02 -1.167799988E+02 2.648599854E+02 1.355200052E+00 2.198400050E-01 2.002000110E-03
 6.354999641E-05 7.396800356E-05 4.708600044E-01 -2.004800000E+04 5.266400000E+04 2.257500000E+02 3.220000000E+02 -1.169000015E+02 2.372500000E+02 1.368299961E+00 2.213400006E-01 1.981100067E-03
 6.559999747E-05 7.329600339E-05 4.711900055E-01 -2.733500000E+04 4.927600000E+04 2.247299957E+02 3.260899963E+02 -1.167399979E+02 2.276399994E+02 1.386600018E+00 2.205000073E-01 1.979700057E-03
 6.764999853E-05 7.262400322E-05 4.674699903E-01 -3.677400000E+04 5.060100000E+04 2.232200012E+02 3.309100037E+02 -1.169400024E+02 2.136000061E+02 1.409800053E+00 2.172999978E-01 1.995499944E-03
 6.969999959E-05 7.195200305E-05 4.616500139E-01 -4.361700000E+04 4.571800000E+04 2.214100037E+02 3.356600037E+02 -1.176900024E+02 1.945200043E+02 1.434599996E+00 2.128600031E-01 2.020699903E-03
 7.175000064E-05 7.128000289E-05 4.542500079E-01 -5.407000000E+04 4.397500000E+04 2.195000000E+02 3.406499939E+02 -1.185100021E+02 1.835899963E+02 1.461099982E+00 2.076400071E-01 2.053699922E-03
 7.380000170E-05 7.060800272E-05 4.435800016E-01 -5.559500000E+04 4.351100000E+04 2.172899933E+02 3.463500061E+02 -1.194100037E+02 1.825599976E+02 1.491600037E+00 2.007299960E-01 2.103399951E-03
 7.585000276E-05 6.993600255E-05 4.315699935E-01 -5.724800000E+04 3.919700000E+04 2.148099976E+02 3.521300049E+02 -1.204599991E+02 1.779100037E+02 1.524000049E+00 1.930699944E-01 2.161799930E-03
 7.789999654E-05 6.926400238E-05 4.201900065E-01 -6.719800000E+04 3.990500000E+04 2.124799957E+02 3.573999939E+02 -1.215000000E+02 1.686499939E+02 1.554200053E+00 1.859299988E-01 2.220399911E-03
 7.994999760E-05 6.859200221E-05 4.079900086E-01 -8.157200000E+04 4.771500000E+04 2.102299957E+02 3.628399963E+02 -1.226100006E+02 1.730000000E+02 1.585299969E+00 1.786299944E-01 2.286900068E-03
 8.199999866E-05 6.792000204E-05 3.958700001E-01 -9.124300000E+04 5.329500000E+04 2.079900055E+02 3.680199890E+02 -1.239199982E+02 1.902700043E+02 1.616000056E+00 1.714700013E-01 2.356899902E-03
 8.404999971E-05 6.724800187E-05 3.842299879E-01 -1.032000000E+05 5.434500000E+04 2.057299957E+02 3.728500061E+02 -1.251100006E+02 2.010500031E+02 1.645599961E+00 1.646299958E-01 2.428299980E-03
 8.610000077E-05 6.657600170E-05 3.719399869E-01 -1.196700000E+05 5.509800000E+04 2.034700012E+02 3.778999939E+02 -1.259899979E+02 2.260000000E+02 1.675999999E+00 1.576099992E-01 2.508699894E-03
 8.815000183E-05 6.590400153E-05 3.593899906E-01 -1.302600000E+05 5.762900000E+04 2.013099976E+02 3.827699890E+02 -1.267799988E+02 2.466499939E+02 1.705600023E+00 1.506700069E-01 2.596300095E-03
 9.020000289E-05 6.523200136E-05 3.480300009E-01 -1.479400000E+05 6.070500000E+04 1.993099976E+02 3.867999878E+02 -1.279300003E+02 2.517299957E+02 1.731899977E+00 1.444599926E-01 2.680900041E-03
 9.224999667E-05 6.456000119E-05 3.371999860E-01 -1.721300000E+05 6.660700000E+04 1.973500061E+02 3.905100098E+02 -1.290200043E+02 2.732799988E+02 1.756999969E+00 1.385899931E-01 2.767099999E-03
 9.429999773E-05 6.388800102E-05 3.274700046E-01 -2.180100000E+05 8.320900000E+04 1.961000061E+02 3.933099976E+02 -1.293699951E+02 3.106199951E+02 1.774399996E+00 1.337299943E-01 2.849000040E-03
 9.634999878E-05 6.321600085E-05 3.234199882E-01 -3.411300000E+05 1.302300000E+05 1.980200043E+02 3.893500061E+02 -1.273700027E+02 4.521300049E+02 1.747300029E+00 1.333699971E-01 2.884200076E-03
 9.839999984E-05 6.254400068E-05 3.463400006E-01 -6.679100000E+05 2.491900000E+05 2.128099976E+02 3.561700134E+02 -1.149000015E+02 9.775200195E+02 1.545600057E+00 1.541099995E-01 2.705699997E-03
 1.004500009E-04 6.187200051E-05 4.412299991E-01 -7.869800000E+05 2.919500000E+05 2.435299988E+02 2.772600098E+02 -8.699700165E+01 1.592099976E+03 1.127799988E+00 2.265399992E-01 2.173299901E-03
 1.025000020E-04 6.120000035E-05 6.000900269E-01 -4.174700000E+05 1.522500000E+05 2.708699951E+02 1.938699951E+02 -5.877299881E+01 1.352599976E+03 7.413499951E-01 3.402000070E-01 1.588699990E-03
 1.045500030E-04 6.052800018E-05 7.295799851E-01 -1.058100000E+05 3.795200000E+04 2.834500122E+02 1.485299988E+02 -4.396300125E+01 6.102700195E+02 5.525000095E-01 4.309499860E-01 1.283199992E-03
 1.065999968E-04 5.985600001E-05 7.866100073E-01 -3.650200000E+04 8.871000000E+03 2.879299927E+02 1.307200012E+02 -3.860499954E+01 2.588699951E+02 4.821499884E-01 4.716700017E-01 1.186299953E-03
 1.086499979E-04 5.918399984E-05 8.082100153E-01 -2.277000000E+04 -1.176099976E+03 2.898200073E+02 1.218399963E+02 -3.663600159E+01 1.733800049E+02 4.485599995E-01 4.877899885E-01 1.154299942E-03
 1.106999989E-04 5.851199967E-05 8.195599914E-01 -2.006100000E+04 2.623500000E+03 2.910400085E+02 1.155599976E+02 -3.550899887E+01 1.320299988E+02 4.253199995E-01 4.966999888E-01 1.138200052E-03
 1.127500000E-04 5.783999950E-05 8.274800181E-01 -2.157100000E+04 1.011100000E+04 2.918200073E+02 1.105000000E+02 -3.428799820E+01 1.383899994E+02 4.064700007E-01 5.028499961E-01 1.127299969E-03
 1.148000010E-04 5.716799933E-05 8.348199725E-01 -1.711500000E+04 1.099100000E+04 2.925400085E+02 1.061200027E+02 -3.327299881E+01 1.401799927E+02 3.902499974E-01 5.085700154E-01 1.117400010E-03
 1.168500021E-04 5.649599916E-05 8.414999843E-01 -1.988800000E+04 1.421100000E+04 2.930599976E+02 1.022500000E+02 -3.243399811E+01 1.297799988E+02 3.760800064E-01 5.135300159E-01 1.108499942E-03
 1.189000031E-04 5.582399899E-05 8.476099968E-01 -1.587700000E+04 8.175399902E+03 2.933299866E+02 9.895899963E+01 -3.165500069E+01 1.233300018E+02 3.640800118E-01 5.177500248E-01 1.100499998E-03
 1.209499969E-04 5.515199882E-05 8.528199792E-01 -8.462799805E+03 -5.710100098E+03 2.939100037E+02 9.600900269E+01 -3.072800064E+01 1.104400024E+02 3.528999984E-01 5.219500065E-01 1.093799947E-03
 1.230000053E-04 5.447999865E-05 8.565599918E-01 -1.086100000E+04 1.038199951E+03 2.944599915E+02 9.328299713E+01 -2.978400040E+01 1.136600037E+02 3.424800038E-01 5.252199769E-01 1.089000027E-03
 1.250500063E-04 5.380799848E-05 8.604500294E-01 -5.888299805E+03 1.434199951E+03 2.947699890E+02 9.063700104E+01 -2.897800064E+01 1.140599976E+02 3.326300085E-01 5.281699896E-01 1.084099989E-03
 1.270999928E-04 5.313599831E-05 8.642399907E-01 -6.216100098E+03 -5.532899902E+03 2.950299988E+02 8.809200287E+01 -2.814900017E+01 8.215899658E+01 3.231300116E-01 5.309600234E-01 1.079299953E-03
 1.291499939E-04 5.246400178E-05 8.671699762E-01 -1.066500000E+04 -6.183800049E+02 2.952300110E+02 8.575900269E+01 -2.726799965E+01 5.469300079E+01 3.143300116E-01 5.331199765E-01 1.075700042E-03
 1.311999949E-04 5.179200161E-05 8.699499965E-01 -1.015200000E+04 5.936600098E+03 2.956700134E+02 8.356900024E+01 -2.636499977E+01 6.583699799E+01 3.058600128E-01 5.356400013E-01 1.072200015E-03
 1.332499960E-04 5.112000144E-05 8.728700280E-01 -1.707000000E+04 2.317100098E+03 2.960799866E+02 8.161699677E+01 -2.584199905E+01 1.030299988E+02 2.985999882E-01 5.381799936E-01 1.068699989E-03
 1.352999971E-04 5.044800128E-05 8.760899901E-01 -1.373800000E+04 -7.037899780E+02 2.962300110E+02 7.974500275E+01 -2.562500000E+01 9.949700165E+01 2.920700014E-01 5.404300094E-01 1.064699958E-03
 1.373499981E-04 4.977600111E-05 8.787699938E-01 2.621000000E+03 -3.878100098E+03 2.962699890E+02 7.776999664E+01 -2.510600090E+01 8.532499695E+01 2.849499881E-01 5.421599746E-01 1.061500050E-03
 1.393999992E-04 4.910400094E-05 8.809000254E-01 2.519399902E+03 -3.824699951E+03 2.964599915E+02 7.583799744E+01 -2.435199928E+01 9.141100311E+01 2.776400149E-01 5.438299775E-01 1.058900030E-03
 1.414500002E-04 4.843200077E-05 8.830999732E-01 1.629199951E+03 3.306300049E+03 2.968099976E+02 7.393800354E+01 -2.370199966E+01 8.533100128E+01 2.704800069E-01 5.458300114E-01 1.056300011E-03
 1.435000013E-04 4.776000060E-05 8.858500123E-01 -9.557299805E+02 7.602000000E+03 2.971000061E+02 7.205100250E+01 -2.301199913E+01 9.549400330E+01 2.633599937E-01 5.480599999E-01 1.052999985E-03
 1.455500023E-04 4.708800043E-05 8.879399896E-01 -8.047700195E+03 3.920600098E+03 2.973500061E+02 7.036499786E+01 -2.245999908E+01 1.119000015E+02 2.570700049E-01 5.498099923E-01 1.050499966E-03
 1.476000034E-04 4.641600026E-05 8.892999887E-01 -1.008500000E+04 -1.036600000E+04 2.975499878E+02 6.893299866E+01 -2.202899933E+01 1.125299988E+02 2.517800033E-01 5.510200262E-01 1.048899954E-03
 1.496500045E-04 4.574400009E-05 8.914700150E-01 -1.244800000E+04 -1.522300000E+04 2.977300110E+02 6.755599976E+01 -2.148600006E+01 9.344200134E+01 2.465700060E-01 5.527099967E-01 1.046400052E-03
 1.517000055E-04 4.507199992E-05 8.939999938E-01 -1.036300000E+04 -2.832800049E+03 2.978399963E+02 6.606900024E+01 -2.089500046E+01 7.060900116E+01 2.409899980E-01 5.544700027E-01 1.043400029E-03
 1.537500066E-04 4.439999975E-05 8.964499831E-01 -3.492199951E+03 -1.043800049E+03 2.978500061E+02 6.443199921E+01 -2.044300079E+01 6.056100082E+01 2.350800037E-01 5.560200214E-01 1.040500007E-03
 1.557999931E-04 4.372799958E-05 8.979799747E-01 -5.619000000E+03 -4.719500000E+03 2.980100098E+02 6.297100067E+01 -1.984000015E+01 5.596500015E+01 2.295300066E-01 5.572599769E-01 1.038799994E-03
 1.578499941E-04 4.305599941E-05 8.981900215E-01 -1.517700000E+04 -7.337700195E+03 2.982000122E+02 6.159899902E+01 -1.907900047E+01 7.073200226E+01 2.241200060E-01 5.577399731E-01 1.038499991E-03
 1.598999952E-04 4.238399924E-05 8.993200064E-01 -1.282400000E+04 -1.138500000E+04 2.983900146E+02 5.999700165E+01 -1.847699928E+01 6.829799652E+01 2.181199938E-01 5.588200092E-01 1.037199982E-03
 1.619499963E-04 4.171199907E-05 9.015100002E-01 -6.541899902E+03 -2.246800049E+03 2.986400146E+02 5.841199875E+01 -1.774500084E+01 5.322200012E+01 2.120199949E-01 5.606399775E-01 1.034699962E-03
 1.639999973E-04 4.103999891E-05 9.035300016E-01 9.947700195E+02 2.418699951E+03 2.987799988E+02 5.684099960E+01 -1.722500038E+01 7.283599854E+01 2.062299997E-01 5.621500015E-01 1.032399945E-03
 1.660499984E-04 4.036799874E-05 9.053500295E-01 1.117700000E+04 7.047000000E+03 2.988099976E+02 5.527000046E+01 -1.706399918E+01 8.732800293E+01 2.008399963E-01 5.633400083E-01 1.030300045E-03
 1.680999994E-04 3.969599857E-05 9.062399864E-01 1.220400000E+04 -1.338899994E+02 2.989500122E+02 5.380799866E+01 -1.653300095E+01 7.939900208E+01 1.954099983E-01 5.641599894E-01 1.029300038E-03
 1.701500005E-04 3.902399840E-05 9.072300196E-01 7.215899902E+03 -9.773299805E+03 2.991900024E+02 5.237400055E+01 -1.571800041E+01 7.038300323E+01 1.897400022E-01 5.652300119E-01 1.028200029E-03
 1.722000015E-04 3.835199823E-05 9.084900022E-01 1.297400024E+03 2.247399902E+03 2.992900085E+02 5.099900055E+01 -1.505799961E+01 6.360599899E+01 1.844799966E-01 5.662000179E-01 1.026800019E-03
 1.742500026E-04 3.768000170E-05 9.104999900E-01 -3.185000000E+03 5.760799805E+03 2.992200012E+02 4.956900024E+01 -1.449100018E+01 4.144300079E+01 1.791899949E-01 5.673300028E-01 1.024500001E-03
 1.763000037E-04 3.700800153E-05 9.125900269E-01 -2.914100037E+02 2.564100098E+03 2.992399902E+02 4.790700150E+01 -1.385099983E+01 4.049399948E+01 1.730300039E-01 5.686600208E-01 1.022099983E-03
 1.783500047E-04 3.633600136E-05 9.131500125E-01 -2.850000000E+03 2.629899902E+03 2.994299927E+02 4.631100082E+01 -1.315799999E+01 5.521500015E+01 1.669999957E-01 5.693799853E-01 1.021499978E-03
 1.804000058E-04 3.566400119E-05 9.139500260E-01 -4.808399902E+03 2.439899902E+03 2.996799927E+02 4.477299881E+01 -1.246599960E+01 5.664099884E+01 1.611399949E-01 5.703600049E-01 1.020599972E-03
 1.824500068E-04 3.499200102E-05 9.153299928E-01 -1.658900024E+03 3.173800049E+03 2.998500061E+02 4.294900131E+01 -1.166899967E+01 4.118299866E+01 1.542900056E-01 5.715399981E-01 1.019099960E-03
 1.844999933E-04 3.432000085E-05 9.164299965E-01 1.315599976E+03 -1.420099976E+03 2.999800110E+02 4.091099930E+01 -1.080799961E+01 2.431599998E+01 1.466699988E-01 5.724700093E-01 1.017899951E-03
 1.865499944E-04 3.364800068E-05 9.170799851E-01 -2.683399902E+03 -4.279799805E+03 3.002500000E+02 3.898799896E+01 -9.977899551E+00 3.711500168E+01 1.394300014E-01 5.733900070E-01 1.017099945E-03
 1.885999955E-04 3.297600051E-05 9.175300002E-01 -7.129100098E+03 -1.595300049E+03 3.005400085E+02 3.724499893E+01 -9.013199806E+00 5.607300186E+01 1.326999962E-01 5.742200017E-01 1.016600057E-03
 1.906499965E-04 3.230400034E-05 9.180300236E-01 -4.314799805E+03 1.360699951E+03 3.008900146E+02 3.549300003E+01 -8.110199928E+00 5.421200180E+01 1.259900033E-01 5.752099752E-01 1.016100054E-03
 1.926999976E-04 3.163200017E-05 9.176899791E-01 -8.519799805E+03 7.169899902E+03 3.014400024E+02 3.354800034E+01 -7.298799992E+00 4.413199997E+01 1.187300012E-01 5.760499835E-01 1.016500057E-03
 1.947499986E-04 3.096000000E-05 9.162600040E-01 -1.800000000E+04 7.241799805E+03 3.022000122E+02 3.132200050E+01 -6.063099861E+00 4.980899811E+01 1.102399975E-01 5.766100287E-01 1.018099952E-03
 1.967999997E-04 3.028799983E-05 9.125000238E-01 -3.196800000E+04 1.058700000E+04 3.038200073E+02 2.902400017E+01 -4.696599960E+00 6.046200180E+01 1.013400033E-01 5.773000121E-01 1.022299984E-03
 1.988500007E-04 2.961599967E-05 9.036999941E-01 -5.276400000E+04 2.458200000E+04 3.069700012E+02 2.656299973E+01 -3.289099932E+00 8.444599915E+01 9.188300371E-02 5.776399970E-01 1.032299944E-03
 2.009000018E-04 2.894399950E-05 8.880599737E-01 -8.922300000E+04 3.901600000E+04 3.126400146E+02 2.363699913E+01 2.178400010E-01 1.360599976E+02 8.098900318E-02 5.780699849E-01 1.050499966E-03
 2.029500029E-04 2.827199933E-05 8.657799959E-01 -1.364600000E+05 7.332400000E+04 3.212900085E+02 2.038599968E+01 8.822400093E+00 2.945299988E+02 7.724600285E-02 5.790799856E-01 1.077700057E-03
 2.050000039E-04 2.759999916E-05 8.533099890E-01 -1.600400000E+05 1.013700000E+05 3.262699890E+02 1.871199989E+01 1.475300026E+01 4.256199951E+02 7.921399921E-02 5.797100067E-01 1.093299943E-03
 0.000000000E+00 6.049999865E-05 1.600700021E+00 4.964899902E+03 -2.389800049E+03 3.000000000E+02 4.766500092E+01 1.687000084E+01 -9.776899719E+01 1.824299991E-01 1.010100007E+00 5.759500200E-04
 2.049999921E-06 6.122000195E-05 1.603800058E+00 -2.222000000E+03 2.352600098E+03 2.994700012E+02 5.023099899E+01 1.706999969E+01 -2.857900047E+01 1.876299977E-01 1.005200028E+00 5.782200024E-04
 4.099999842E-06 6.194000161E-05 1.604400039E+00 -1.122100000E+04 -3.640599976E+02 2.990499878E+02 5.418299866E+01 1.747900009E+01 5.683000183E+01 1.976000071E-01 9.991199970E-01 5.813899916E-04
 6.149999990E-06 6.266000128E-05 1.600900054E+00 -6.236000000E+03 3.870199951E+03 2.990100098E+02 5.692900085E+01 1.793799973E+01 6.244800186E+01 2.071799934E-01 9.968000054E-01 5.826799897E-04
 8.199999684E-06 6.338000094E-05 1.598399997E+00 1.028800049E+03 1.119600000E+04 2.986400146E+02 5.985699844E+01 1.878199959E+01 7.265699768E+01 2.178799957E-01 9.940400124E-01 5.835799966E-04
 1.024999983E-05 6.410000060E-05 1.595000029E+00 6.241299805E+03 1.006799988E+03 2.983599854E+02 6.304600143E+01 2.008699989E+01 1.198600006E+02 2.299199998E-01 9.910100102E-01 5.848099827E-04
 1.229999998E-05 6.482000026E-05 1.590999961E+00 1.282200000E+04 -3.688600098E+03 2.981099854E+02 6.644400024E+01 2.115800095E+01 1.525200043E+02 2.424000055E-01 9.876300097E-01 5.863200058E-04
 1.435000013E-05 6.553999992E-05 1.587200046E+00 1.163400000E+04 5.742299805E+03 2.977200012E+02 6.982900238E+01 2.213299942E+01 1.345899963E+02 2.548100054E-01 9.840300083E-01 5.876899813E-04
 1.639999937E-05 6.625999958E-05 1.582499981E+00 -6.743200195E+03 2.027500000E+02 2.975100098E+02 7.332299805E+01 2.370000076E+01 1.040299988E+02 2.681300044E-01 9.804000258E-01 5.894600181E-04
 1.845000043E-05 6.697999925E-05 1.578099966E+00 -6.151500000E+03 -1.493300000E+04 2.972399902E+02 7.704699707E+01 2.529199982E+01 1.064000015E+02 2.822999954E-01 9.767799973E-01 5.911000189E-04
 2.049999966E-05 6.769999891E-05 1.574000001E+00 1.167700000E+04 -1.148100000E+04 2.967799988E+02 8.086399841E+01 2.665800095E+01 8.034300232E+01 2.966299951E-01 9.727600217E-01 5.926199956E-04
 2.255000072E-05 6.841999857E-05 1.567499995E+00 8.910200195E+03 -8.449599609E+03 2.964899902E+02 8.480899811E+01 2.812599945E+01 1.132200012E+02 3.114300072E-01 9.677799940E-01 5.950999912E-04
 2.459999996E-05 6.913999823E-05 1.559299946E+00 1.397200000E+04 -2.407399902E+03 2.961300049E+02 8.916200256E+01 2.963500023E+01 1.439900055E+02 3.276999891E-01 9.615600109E-01 5.982100265E-04
 2.664999920E-05 6.985999789E-05 1.550500035E+00 1.505200000E+04 6.972199707E+02 2.956799927E+02 9.406600189E+01 3.148900032E+01 1.590899963E+02 3.462199867E-01 9.546800256E-01 6.016200059E-04
 2.870000026E-05 7.057999755E-05 1.541100025E+00 1.255800000E+04 -4.572500000E+03 2.951900024E+02 9.908499908E+01 3.350299835E+01 2.008200073E+02 3.653700054E-01 9.473299980E-01 6.052799872E-04
 3.075000132E-05 7.129999722E-05 1.530500054E+00 1.829700000E+04 -5.457700195E+02 2.945400085E+02 1.042799988E+02 3.535400009E+01 1.852700043E+02 3.850499988E-01 9.387000203E-01 6.094999844E-04
 3.279999873E-05 7.201999688E-05 1.519899964E+00 1.984400000E+04 -4.396899902E+03 2.937099915E+02 1.097500000E+02 3.734000015E+01 1.664499969E+02 4.059700072E-01 9.295799732E-01 6.137500168E-04
 3.484999979E-05 7.273999654E-05 1.506299973E+00 1.438800000E+04 -8.478400391E+03 2.928299866E+02 1.159000015E+02 3.960699844E+01 1.507500000E+02 4.295800030E-01 9.185400009E-01 6.192700239E-04
 3.690000085E-05 7.346000348E-05 1.489899993E+00 2.071800000E+04 1.058600000E+04 2.918200073E+02 1.226600037E+02 4.198199844E+01 1.565200043E+02 4.554800093E-01 9.054200053E-01 6.260899827E-04
 3.894999827E-05 7.418000314E-05 1.472100019E+00 2.856300000E+04 1.142500000E+04 2.905499878E+02 1.301399994E+02 4.454899979E+01 1.958200073E+02 4.843100011E-01 8.906999826E-01 6.336700171E-04
 4.099999933E-05 7.490000280E-05 1.450399995E+00 3.202600000E+04 2.759500000E+03 2.891000061E+02 1.389700012E+02 4.755599976E+01 2.296199951E+02 5.184500217E-01 8.731799722E-01 6.431899965E-04
 4.305000039E-05 7.562000246E-05 1.424999952E+00 2.856500000E+04 3.729699951E+03 2.872900085E+02 1.491499939E+02 5.109000015E+01 2.231699982E+02 5.582900047E-01 8.525599837E-01 6.546400255E-04
 4.510000144E-05 7.634000212E-05 1.390499949E+00 3.398000000E+04 2.111200000E+04 2.849800110E+02 1.618800049E+02 5.503099823E+01 2.400899963E+02 6.079300046E-01 8.252400160E-01 6.709899753E-04
 4.714999886E-05 7.706000179E-05 1.343799949E+00 6.170700000E+04 3.798000000E+04 2.816300049E+02 1.789299927E+02 5.954299927E+01 3.242500000E+02 6.745399833E-01 7.882099748E-01 6.944100023E-04
 4.919999992E-05 7.778000145E-05 1.271600008E+00 1.062700000E+05 2.445300000E+04 2.758299866E+02 2.054600067E+02 6.470899963E+01 3.831300049E+02 7.789499760E-01 7.307800055E-01 7.345200283E-04
 5.125000098E-05 7.850000111E-05 1.038699985E+00 1.373000000E+05 -1.571300000E+04 2.609299927E+02 2.625700073E+02 3.503400040E+01 -3.656400146E+02 9.978100061E-01 5.687800050E-01 9.288999718E-04
 5.329999840E-05 7.785199705E-05 7.065700293E-01 8.030500000E+04 -3.774400000E+04 2.408099976E+02 3.155499878E+02 -4.002899933E+01 -6.922999878E+02 1.242599964E+00 3.571400046E-01 1.383500057E-03
 5.534999946E-05 7.720400026E-05 5.189499855E-01 -5.453399902E+03 1.385200000E+04 2.290200043E+02 3.273599854E+02 -9.820200348E+01 2.585300064E+01 1.357200027E+00 2.477699965E-01 1.814299962E-03
 5.740000051E-05 7.655600348E-05 4.701800048E-01 -4.492400000E+04 7.135000000E+04 2.258600006E+02 3.257600098E+02 -1.166699982E+02 3.348399963E+02 1.381899953E+00 2.211299986E-01 1.985599985E-03
 5.945000157E-05 7.590799942E-05 4.653300047E-01 -4.617800000E+04 8.502000000E+04 2.254900055E+02 3.248399963E+02 -1.201200027E+02 3.541600037E+02 1.384199977E+00 2.184900045E-01 2.004799899E-03
 6.150000263E-05 7.526000263E-05 4.693000019E-01 -4.111100000E+04 8.555200000E+04 2.251600037E+02 3.256700134E+02 -1.204199982E+02 3.426600037E+02 1.388800025E+00 2.200299948E-01 1.987800002E-03
 6.354999641E-05 7.461199857E-05 4.728200138E-01 -4.152000000E+04 7.693900000E+04 2.244499969E+02 3.276499939E+02 -1.200299988E+02 3.034299927E+02 1.397799969E+00 2.209900022E-01 1.972900005E-03
 6.559999747E-05 7.396400179E-05 4.729099870E-01 -4.449600000E+04 6.947800000E+04 2.233699951E+02 3.308599854E+02 -1.192900009E+02 2.777099915E+02 1.412299991E+00 2.199800014E-01 1.972500002E-03
 6.764999853E-05 7.331599772E-05 4.696100056E-01 -4.607500000E+04 6.923400000E+04 2.219499969E+02 3.352799988E+02 -1.187200012E+02 2.709800110E+02 1.432800055E+00 2.170500010E-01 1.986399991E-03
 6.969999959E-05 7.266800094E-05 4.642499983E-01 -4.366300000E+04 5.859000000E+04 2.202299957E+02 3.399299927E+02 -1.190500031E+02 2.461900024E+02 1.456599951E+00 2.129099965E-01 2.009399934E-03
 7.175000064E-05 7.201999688E-05 4.567700028E-01 -5.072500000E+04 4.975800000E+04 2.183300018E+02 3.448099976E+02 -1.192600021E+02 2.237500000E+02 1.481999993E+00 2.076700032E-01 2.042300068E-03
 7.380000170E-05 7.137200009E-05 4.465999901E-01 -5.815600000E+04 4.994600000E+04 2.162299957E+02 3.501799927E+02 -1.192399979E+02 2.180700073E+02 1.509799957E+00 2.011000067E-01 2.089099959E-03
 7.585000276E-05 7.072400331E-05 4.345600009E-01 -6.081900000E+04 4.878100000E+04 2.139400024E+02 3.556700134E+02 -1.199199982E+02 2.027799988E+02 1.540099978E+00 1.936099976E-01 2.147000050E-03
 7.789999654E-05 7.007599925E-05 4.227600098E-01 -6.638900000E+04 4.824100000E+04 2.117599945E+02 3.610100098E+02 -1.208000031E+02 1.983399963E+02 1.570000052E+00 1.864400059E-01 2.206899924E-03
 7.994999760E-05 6.942800246E-05 4.110000134E-01 -7.767100000E+04 5.205800000E+04 2.095899963E+02 3.664100037E+02 -1.215199966E+02 2.106399994E+02 1.600299954E+00 1.793999970E-01 2.270099940E-03
 8.199999866E-05 6.877999840E-05 3.991700113E-01 -8.897200000E+04 5.841100000E+04 2.073399963E+02 3.712600098E+02 -1.223300018E+02 2.219900055E+02 1.629199982E+00 1.723600030E-01 2.337400103E-03
 8.404999971E-05 6.813200162E-05 3.865399957E-01 -9.927500000E+04 5.797300000E+04 2.051300049E+02 3.760799866E+02 -1.230699997E+02 2.323699951E+02 1.658100009E+00 1.651300043E-01 2.413900103E-03
 8.610000077E-05 6.748399755E-05 3.738699853E-01 -1.188700000E+05 5.711700000E+04 2.030899963E+02 3.809899902E+02 -1.234300003E+02 2.553699951E+02 1.686599970E+00 1.581300050E-01 2.495599911E-03
 8.815000183E-05 6.683600077E-05 3.618800044E-01 -1.333800000E+05 6.101100000E+04 2.009199982E+02 3.857999878E+02 -1.241100006E+02 2.695400085E+02 1.715899944E+00 1.514199972E-01 2.578400075E-03
 9.020000289E-05 6.618799671E-05 3.507600129E-01 -1.425500000E+05 6.098700000E+04 1.988000031E+02 3.899500122E+02 -1.251299973E+02 2.659400024E+02 1.743199944E+00 1.452199966E-01 2.659999998E-03
 9.224999667E-05 6.553999992E-05 3.397299945E-01 -1.631100000E+05 6.787800000E+04 1.968000031E+02 3.937900085E+02 -1.258199997E+02 2.736400146E+02 1.768599987E+00 1.392399967E-01 2.746599959E-03
 9.429999773E-05 6.489200314E-05 3.292999864E-01 -2.087000000E+05 8.484900000E+04 1.953800049E+02 3.967999878E+02 -1.260500031E+02 3.148099976E+02 1.787600040E+00 1.339800060E-01 2.833199920E-03
 9.634999878E-05 6.424399908E-05 3.233599961E-01 -3.124300000E+05 1.202000000E+05 1.964600067E+02 3.947900085E+02 -1.245500031E+02 4.371600037E+02 1.772600055E+00 1.322800070E-01 2.884800080E-03
 9.839999984E-05 6.359600229E-05 3.389799893E-01 -6.104100000E+05 2.293100000E+05 2.083300018E+02 3.691400146E+02 -1.140299988E+02 8.816300049E+02 1.610800028E+00 1.474500000E-01 2.759099938E-03
 1.004500009E-04 6.294799823E-05 4.201900065E-01 -8.082400000E+05 3.008800000E+05 2.375099945E+02 2.963099976E+02 -8.746399689E+01 1.547300049E+03 1.214499950E+00 2.103900015E-01 2.274099970E-03
 1.025000020E-04 6.230000145E-05 5.735499859E-01 -5.030300000E+05 1.804800000E+05 2.672699890E+02 2.085500031E+02 -5.784500122E+01 1.469199951E+03 7.982199788E-01 3.213199973E-01 1.667700009E-03
 1.045500030E-04 6.165199738E-05 7.129399776E-01 -1.388100000E+05 4.509700000E+04 2.823800049E+02 1.555000000E+02 -4.164599991E+01 7.472899780E+02 5.754500031E-01 4.196600020E-01 1.315200003E-03
 1.065999968E-04 6.100400060E-05 7.804999948E-01 -3.551700000E+04 9.350400391E+03 2.876000061E+02 1.340899963E+02 -3.627700043E+01 3.075799866E+02 4.916499853E-01 4.674800038E-01 1.195700024E-03
 1.086499979E-04 6.035600018E-05 8.057699800E-01 -1.826400000E+04 8.080499878E+02 2.895100098E+02 1.243799973E+02 -3.456700134E+01 1.748800049E+02 4.553799927E-01 4.857800007E-01 1.157799968E-03
 1.106999989E-04 5.970799975E-05 8.185099959E-01 -1.277700000E+04 6.974199829E+02 2.907999878E+02 1.179300003E+02 -3.379499817E+01 1.502200012E+02 4.317800105E-01 4.956600070E-01 1.139699947E-03
 1.127500000E-04 5.905999933E-05 8.269400001E-01 -1.477400000E+04 6.784200195E+03 2.917000122E+02 1.128399963E+02 -3.297399902E+01 1.573399963E+02 4.131099880E-01 5.023199916E-01 1.127999974E-03
 1.148000010E-04 5.841199891E-05 8.342000246E-01 -8.882700195E+03 7.307100098E+03 2.923099976E+02 1.087300034E+02 -3.223500061E+01 1.361000061E+02 3.980799913E-01 5.077800155E-01 1.118200016E-03
 1.168500021E-04 5.776399848E-05 8.406599760E-01 -8.495299805E+03 6.519700195E+03 2.928200073E+02 1.051200027E+02 -3.157099915E+01 1.174100037E+02 3.849599957E-01 5.126100183E-01 1.109599951E-03
 1.189000031E-04 5.711600170E-05 8.463900089E-01 -1.178600000E+04 4.175299805E+03 2.932799988E+02 1.015699997E+02 -3.083099937E+01 1.344499969E+02 3.719800115E-01 5.169100165E-01 1.102100010E-03
 1.209499969E-04 5.646800128E-05 8.513399959E-01 -1.602400024E+03 -1.619400024E+03 2.938999939E+02 9.822100067E+01 -2.993899918E+01 1.336499939E+02 3.594700098E-01 5.210300088E-01 1.095699961E-03
 1.230000053E-04 5.582000085E-05 8.555899858E-01 -3.602300049E+03 1.332599976E+03 2.944400024E+02 9.534799957E+01 -2.896599960E+01 1.148899994E+02 3.485299945E-01 5.246000290E-01 1.090300037E-03
 1.250500063E-04 5.517200043E-05 8.592600226E-01 -6.041000000E+03 1.041100006E+02 2.947500000E+02 9.269599915E+01 -2.813199997E+01 1.018600006E+02 3.386400044E-01 5.274000168E-01 1.085600001E-03
 1.270999928E-04 5.452400001E-05 8.630499840E-01 -7.294899902E+03 -9.044799805E+02 2.948699951E+02 9.015100098E+01 -2.741399956E+01 8.658000183E+01 3.293200135E-01 5.299400091E-01 1.080799964E-03
 1.291499939E-04 5.387599958E-05 8.668699861E-01 -3.159600098E+03 5.892799805E+03 2.950100098E+02 8.780500031E+01 -2.659399986E+01 7.526799774E+01 3.205800056E-01 5.325300097E-01 1.076100045E-03
 1.311999949E-04 5.322799916E-05 8.699799776E-01 -4.198099976E+02 4.120600098E+03 2.954800110E+02 8.580799866E+01 -2.585899925E+01 1.048099976E+02 3.129000068E-01 5.353099704E-01 1.072200015E-03
 1.332499960E-04 5.257999874E-05 8.725799918E-01 -1.215700000E+04 -1.081400024E+03 2.959700012E+02 8.401300049E+01 -2.550499916E+01 1.194300003E+02 3.062900007E-01 5.378000140E-01 1.068999991E-03
 1.352999971E-04 5.193199831E-05 8.752700090E-01 -1.368400000E+04 1.148400024E+03 2.962000122E+02 8.210299683E+01 -2.523500061E+01 1.089199982E+02 2.995199859E-01 5.398700237E-01 1.065699966E-03
 1.373499981E-04 5.128400153E-05 8.780900240E-01 -5.890000000E+02 -3.210600098E+03 2.962500000E+02 8.008200073E+01 -2.456599998E+01 1.057399979E+02 2.920799851E-01 5.417000055E-01 1.062300056E-03
 1.393999992E-04 5.063600111E-05 8.805400133E-01 -3.854899902E+03 -3.467899902E+03 2.964299927E+02 7.818599701E+01 -2.376099968E+01 9.845099640E+01 2.848599851E-01 5.435400009E-01 1.059300033E-03
 1.414500002E-04 4.998800068E-05 8.829500079E-01 -1.614800049E+03 7.723200195E+03 2.966799927E+02 7.635800171E+01 -2.315500069E+01 9.549400330E+01 2.780300081E-01 5.454800129E-01 1.056500012E-03
 1.435000013E-04 4.934000026E-05 8.851799965E-01 3.740100098E+03 1.389300000E+04 2.970299988E+02 7.447499847E+01 -2.248699951E+01 9.169400024E+01 2.709099948E-01 5.475199819E-01 1.053799991E-03
 1.455500023E-04 4.869199984E-05 8.869900107E-01 -8.919500000E+03 1.029700000E+04 2.973299866E+02 7.264099884E+01 -2.196299934E+01 8.453700256E+01 2.641299963E-01 5.491999984E-01 1.051599975E-03
 1.476000034E-04 4.804399941E-05 8.884000182E-01 -1.421600000E+04 -2.983300049E+03 2.975199890E+02 7.103900146E+01 -2.166399956E+01 8.987799835E+01 2.584199905E-01 5.504000187E-01 1.049999963E-03
 1.496500045E-04 4.739599899E-05 8.905199766E-01 -1.220600000E+04 -6.358100098E+03 2.977399902E+02 6.955300140E+01 -2.116699982E+01 8.717199707E+01 2.528699934E-01 5.521299839E-01 1.047499944E-03
 1.517000055E-04 4.674799857E-05 8.928999901E-01 -9.400200195E+03 2.804300049E+03 2.978800049E+02 6.804199982E+01 -2.035899925E+01 7.827700043E+01 2.469699979E-01 5.538700223E-01 1.044700039E-03
 1.537500066E-04 4.610000178E-05 8.951299787E-01 -6.414600098E+03 -1.852500000E+03 2.979700012E+02 6.645700073E+01 -1.979999924E+01 6.953600311E+01 2.410999984E-01 5.554199815E-01 1.042100019E-03
 1.557999931E-04 4.545200136E-05 8.974599838E-01 -6.973500000E+03 -9.719000244E+02 2.980499878E+02 6.488999939E+01 -1.933300018E+01 5.744300079E+01 2.353799939E-01 5.570099950E-01 1.039399998E-03
 1.578499941E-04 4.480400094E-05 8.979600072E-01 -1.331600000E+04 -1.007599976E+03 2.982200012E+02 6.343899918E+01 -1.847900009E+01 6.769799805E+01 2.296400070E-01 5.576400161E-01 1.038799994E-03
 1.598999952E-04 4.415600051E-05 8.982999921E-01 -1.420200000E+04 -3.778199951E+03 2.985299988E+02 6.190599823E+01 -1.774799919E+01 5.921500015E+01 2.237000018E-01 5.584300160E-01 1.038399991E-03
 1.619499963E-04 4.350800009E-05 9.011600018E-01 -1.666900000E+04 4.883399902E+03 2.985299988E+02 6.031299973E+01 -1.711899948E+01 5.204499817E+01 2.177899927E-01 5.601999760E-01 1.035099966E-03
 1.639999973E-04 4.285999967E-05 9.046199918E-01 -1.010300000E+04 3.534800049E+03 2.982300110E+02 5.871799850E+01 -1.657099915E+01 7.332900238E+01 2.120500058E-01 5.618000031E-01 1.031200052E-03
 1.660499984E-04 4.221199924E-05 9.057899714E-01 9.109599609E+03 5.502299805E+03 2.984200134E+02 5.711199951E+01 -1.638599968E+01 8.620099640E+01 2.064400017E-01 5.628700256E-01 1.029800042E-03
 1.680999994E-04 4.156399882E-05 9.055299759E-01 1.085700000E+04 -5.180599976E+02 2.987999878E+02 5.564599991E+01 -1.583100033E+01 8.272299957E+01 2.008900046E-01 5.634400249E-01 1.030100044E-03
 1.701500005E-04 4.091599840E-05 9.066600204E-01 1.059599976E+03 -7.569200195E+03 2.990499878E+02 5.424700165E+01 -1.503600025E+01 6.479000092E+01 1.953700036E-01 5.645999908E-01 1.028800034E-03
 1.722000015E-04 4.026800161E-05 9.084100127E-01 -4.768000000E+03 4.779799805E+03 2.991000061E+02 5.286999893E+01 -1.454599953E+01 5.730500031E+01 1.902900040E-01 5.658100247E-01 1.026800019E-03
 1.742500026E-04 3.962000119E-05 9.103500247E-01 -5.323200195E+03 1.008500000E+04 2.990799866E+02 5.148199844E+01 -1.385700035E+01 5.749599838E+01 1.850399971E-01 5.669699907E-01 1.024700003E-03
 1.763000037E-04 3.897200077E-05 9.120299816E-01 -2.092699951E+03 3.129199951E+03 2.993299866E+02 4.988800049E+01 -1.289400005E+01 5.353499985E+01 1.787600070E-01 5.684900284E-01 1.022799988E-03
 1.783500047E-04 3.832400034E-05 9.126200080E-01 -4.884100098E+03 1.076200008E+01 2.995899963E+02 4.819400024E+01 -1.222299957E+01 6.489900208E+01 1.724199951E-01 5.693399906E-01 1.022099983E-03
 1.804000058E-04 3.767599992E-05 9.129899740E-01 -8.839299805E+03 6.310799805E+03 2.997399902E+02 4.657099915E+01 -1.152700043E+01 7.070500183E+01 1.663299948E-01 5.698699951E-01 1.021699980E-03
 1.824500068E-04 3.702799950E-05 9.141200185E-01 -5.391700195E+03 4.993299805E+03 2.998200073E+02 4.490000153E+01 -1.049300003E+01 6.602400208E+01 1.598400027E-01 5.707299709E-01 1.020399970E-03
 1.844999933E-04 3.637999907E-05 9.157299995E-01 -7.162000275E+01 -4.203200195E+03 2.999599915E+02 4.312300110E+01 -9.633500099E+00 5.874900055E+01 1.531399935E-01 5.719900131E-01 1.018599956E-03
 1.865499944E-04 3.573199865E-05 9.168999791E-01 -5.874799805E+03 -5.678400269E+02 3.001799927E+02 4.130799866E+01 -8.832599640E+00 6.081700134E+01 1.463599950E-01 5.731300116E-01 1.017299946E-03
 1.885999955E-04 3.508399823E-05 9.174299836E-01 -9.017099609E+03 4.654399902E+03 3.004700012E+02 3.940900040E+01 -7.892199993E+00 7.377700043E+01 1.391800046E-01 5.740299821E-01 1.016799943E-03
 1.906499965E-04 3.443600144E-05 9.172300100E-01 -5.650200195E+03 7.330799805E+03 3.009299927E+02 3.751499939E+01 -6.895599842E+00 6.857199860E+01 1.319999993E-01 5.747900009E-01 1.016999944E-03
 1.926999976E-04 3.378800102E-05 9.175099730E-01 -1.206500000E+04 1.028400000E+04 3.012600098E+02 3.552999878E+01 -5.670599937E+00 6.747899628E+01 1.244599968E-01 5.756000280E-01 1.016699942E-03
 1.947499986E-04 3.314000060E-05 9.177799821E-01 -1.429200000E+04 4.333700195E+03 3.016700134E+02 3.333599854E+01 -4.232299805E+00 8.147599792E+01 1.161800027E-01 5.765500069E-01 1.016400056E-03
 1.967999997E-04 3.249200017E-05 9.148100019E-01 -2.170200000E+04 7.555299805E+03 3.030000000E+02 3.119499969E+01 -2.812099934E+00 7.498500061E+01 1.080700010E-01 5.772100091E-01 1.019699965E-03
 1.988500007E-04 3.184399975E-05 9.077900052E-01 -3.825600000E+04 2.511500000E+04 3.056199951E+02 2.891200066E+01 -8.549100161E-01 9.953199768E+01 9.948900342E-02 5.777199864E-01 1.027600025E-03
 2.009000018E-04 3.119599933E-05 8.958899975E-01 -6.607300000E+04 3.923800000E+04 3.102300110E+02 2.626399994E+01 2.998199940E+00 1.592700043E+02 9.065300226E-02 5.787100196E-01 1.041300013E-03
 2.029500029E-04 3.054799890E-05 8.782399893E-01 -9.798200000E+04 6.381000000E+04 3.170799866E+02 2.385700035E+01 1.073999977E+01 2.537400055E+02 8.994200081E-02 5.797899961E-01 1.062300056E-03
 2.050000039E-04 2.990000030E-05 8.681600094E-01 -1.101000000E+05 8.407400000E+04 3.209500122E+02 2.283399963E+01 1.592099953E+01 3.243399963E+02 9.336599708E-02 5.802000165E-01 1.074500033E-03
 0.000000000E+00 6.166700041E-05 1.600700021E+00 -7.924899902E+03 -4.991899902E+03 3.000000000E+02 4.875099945E+01 1.564099979E+01 -6.411799622E+01 1.843599975E-01 1.009600043E+00 5.761900102E-04
 2.049999921E-06 6.235999899E-05 1.603899956E+00 -1.021000000E+03 4.037699951E+03 2.994400024E+02 5.140700150E+01 1.598200035E+01 2.513200045E+00 1.902099997E-01 1.004899979E+00 5.783200031E-04
 4.099999842E-06 6.305299758E-05 1.604799986E+00 6.209799805E+03 8.194799805E+03 2.988999939E+02 5.554899979E+01 1.646100044E+01 5.446599960E+01 2.011300027E-01 9.988499880E-01 5.812700256E-04
 6.149999990E-06 6.374700024E-05 1.601500034E+00 6.759299805E+03 9.177799805E+03 2.988599854E+02 5.858900070E+01 1.700000000E+01 6.202099991E+01 2.117999941E-01 9.966499805E-01 5.824600230E-04
 8.199999684E-06 6.443999882E-05 1.599099994E+00 8.779599609E+03 1.338300000E+04 2.985400085E+02 6.159999847E+01 1.790099907E+01 7.683799744E+01 2.228299975E-01 9.941099882E-01 5.833400064E-04
 1.024999983E-05 6.513299741E-05 1.595700026E+00 1.108500000E+04 8.020799805E+03 2.982399902E+02 6.479900360E+01 1.900200081E+01 1.023499985E+02 2.346899956E-01 9.910399914E-01 5.845599808E-04
 1.229999998E-05 6.582700007E-05 1.590800047E+00 2.024300049E+03 9.405399780E+02 2.980599976E+02 6.840100098E+01 2.022699928E+01 1.196299973E+02 2.479699999E-01 9.873800278E-01 5.863800179E-04
 1.435000013E-05 6.651999865E-05 1.585600019E+00 -5.965200195E+03 4.644799805E+03 2.978999939E+02 7.171900177E+01 2.137500000E+01 1.187200012E+02 2.602300048E-01 9.835900068E-01 5.883100093E-04
 1.639999937E-05 6.721299724E-05 1.580199957E+00 -2.370899902E+03 4.346100098E+03 2.977399902E+02 7.503199768E+01 2.271800041E+01 1.079300003E+02 2.726800144E-01 9.797199965E-01 5.903100246E-04
 1.845000043E-05 6.790699990E-05 1.576400042E+00 1.682600000E+04 -4.423399902E+03 2.972799988E+02 7.884400177E+01 2.418700027E+01 1.035800018E+02 2.870799899E-01 9.758499861E-01 5.917400122E-04
 2.049999966E-05 6.859999849E-05 1.572299957E+00 2.441800000E+04 -3.518300049E+03 2.968599854E+02 8.283000183E+01 2.572800064E+01 8.827799988E+01 3.021200001E-01 9.719799757E-01 5.932599888E-04
 2.255000072E-05 6.929299707E-05 1.566799998E+00 1.813700000E+04 -3.401500000E+03 2.964400024E+02 8.676100159E+01 2.724500084E+01 1.119300003E+02 3.169899881E-01 9.671999812E-01 5.953600048E-04
 2.459999996E-05 6.998699973E-05 1.559100032E+00 1.553400000E+04 -5.319500000E+03 2.959299927E+02 9.100900269E+01 2.860400009E+01 1.398399963E+02 3.328199983E-01 9.607899785E-01 5.983100273E-04
 2.664999920E-05 7.067999832E-05 1.549000025E+00 1.017400000E+04 1.499300049E+03 2.956099854E+02 9.574900055E+01 3.027499962E+01 1.695800018E+02 3.505400121E-01 9.534999728E-01 6.022099988E-04
 2.870000026E-05 7.137299690E-05 1.539700031E+00 1.726800000E+04 4.368299805E+03 2.951199951E+02 1.008199997E+02 3.233900070E+01 2.084400024E+02 3.698999882E-01 9.462400079E-01 6.058400031E-04
 3.075000132E-05 7.206699956E-05 1.529199958E+00 1.146000000E+04 5.710899902E+03 2.944400024E+02 1.060899963E+02 3.432199860E+01 1.753899994E+02 3.899900019E-01 9.376099706E-01 6.100099999E-04
 3.279999873E-05 7.275999815E-05 1.518200040E+00 -7.395899902E+03 1.207699951E+03 2.936000061E+02 1.114100037E+02 3.611000061E+01 1.770500031E+02 4.102100134E-01 9.282199740E-01 6.144299987E-04
 3.484999979E-05 7.345299673E-05 1.504799962E+00 4.168600098E+03 6.136700195E+03 2.926400146E+02 1.173300018E+02 3.823500061E+01 1.760899963E+02 4.329299927E-01 9.170100093E-01 6.199000054E-04
 3.690000085E-05 7.414699940E-05 1.488100052E+00 2.287600000E+04 2.376400000E+04 2.917099915E+02 1.241200027E+02 4.059099960E+01 1.515000000E+02 4.588699937E-01 9.039899707E-01 6.268500001E-04
 3.894999827E-05 7.483999798E-05 1.470000029E+00 2.070100000E+04 4.913299805E+03 2.905599976E+02 1.318899994E+02 4.312099838E+01 1.646100006E+02 4.885799885E-01 8.894299865E-01 6.346000009E-04
 4.099999933E-05 7.553299656E-05 1.448699951E+00 3.541500000E+04 2.515199951E+03 2.889700012E+02 1.407799988E+02 4.600500107E+01 2.166600037E+02 5.228999853E-01 8.717799783E-01 6.439299905E-04
 4.305000039E-05 7.622699923E-05 1.421800017E+00 3.304900000E+04 6.493299805E+03 2.872000122E+02 1.511199951E+02 4.934400177E+01 2.564899902E+02 5.630099773E-01 8.503599763E-01 6.561399787E-04
 4.510000144E-05 7.691999781E-05 1.386600018E+00 3.394900000E+04 -1.056600037E+02 2.848299866E+02 1.640800018E+02 5.297999954E+01 2.639100037E+02 6.132299900E-01 8.224800229E-01 6.728799781E-04
 4.714999886E-05 7.761299639E-05 1.340199947E+00 6.559500000E+04 1.228800000E+04 2.812300110E+02 1.813000031E+02 5.694699860E+01 3.025299988E+02 6.802499890E-01 7.849900126E-01 6.962799816E-04
 4.919999992E-05 7.830699906E-05 1.266199946E+00 1.135100000E+05 1.240600000E+04 2.755799866E+02 2.076300049E+02 6.078099823E+01 3.112200012E+02 7.826700211E-01 7.269999981E-01 7.377199945E-04
 5.125000098E-05 7.899999764E-05 1.065999985E+00 1.389300000E+05 -3.840000000E+04 2.623299866E+02 2.602600098E+02 3.832400131E+01 -4.176000061E+02 9.836199880E-01 5.854499936E-01 8.938299725E-04
 5.329999840E-05 7.837599696E-05 7.741000056E-01 9.144800000E+04 -8.220600000E+04 2.434499969E+02 3.143599854E+02 -2.470299911E+01 -8.495800171E+02 1.223899961E+00 3.951799870E-01 1.247999957E-03
 5.534999946E-05 7.775200356E-05 5.740100145E-01 8.731599609E+03 -3.147500000E+04 2.300099945E+02 3.341000061E+02 -8.523400116E+01 -2.351300049E+02 1.367699981E+00 2.755300105E-01 1.647399971E-03
 5.740000051E-05 7.712800289E-05 4.960100055E-01 -4.966400000E+04 4.342100000E+04 2.247700043E+02 3.349299927E+02 -1.136100006E+02 2.193200073E+02 1.416100025E+00 2.321899980E-01 1.884700032E-03
 5.945000157E-05 7.650400221E-05 4.772000015E-01 -5.970000000E+04 8.281200000E+04 2.236399994E+02 3.334800110E+02 -1.218700027E+02 3.383399963E+02 1.424900055E+00 2.222200036E-01 1.955300104E-03
 6.150000263E-05 7.588000153E-05 4.755800068E-01 -5.345700000E+04 9.558200000E+04 2.232599945E+02 3.333800049E+02 -1.234100037E+02 3.568200073E+02 1.427800059E+00 2.211000025E-01 1.961499918E-03
 6.354999641E-05 7.525600086E-05 4.762200117E-01 -4.994100000E+04 9.093300000E+04 2.226999969E+02 3.345899963E+02 -1.230000000E+02 3.309200134E+02 1.433599949E+00 2.208400071E-01 1.958800014E-03
 6.559999747E-05 7.463200018E-05 4.753099978E-01 -5.855500000E+04 8.555900000E+04 2.218500061E+02 3.373399963E+02 -1.219400024E+02 3.188500061E+02 1.445299983E+00 2.195799947E-01 1.962499926E-03
 6.764999853E-05 7.400799950E-05 4.721100032E-01 -5.850600000E+04 8.187700000E+04 2.205200043E+02 3.412799988E+02 -1.209599991E+02 3.276700134E+02 1.463299990E+00 2.168000042E-01 1.975799911E-03
 6.969999959E-05 7.338399882E-05 4.666000009E-01 -5.206200000E+04 6.847400000E+04 2.188899994E+02 3.455700073E+02 -1.206100006E+02 3.013599854E+02 1.484799981E+00 2.126799971E-01 1.999299973E-03
 7.175000064E-05 7.275999815E-05 4.585500062E-01 -5.291900000E+04 5.466500000E+04 2.171399994E+02 3.500199890E+02 -1.201999969E+02 2.649500122E+02 1.507300019E+00 2.073500007E-01 2.034399891E-03
 7.380000170E-05 7.213599747E-05 4.488599896E-01 -5.983200000E+04 5.714500000E+04 2.151499939E+02 3.550400085E+02 -1.195100021E+02 2.369199982E+02 1.532799959E+00 2.011100054E-01 2.078500111E-03
 7.585000276E-05 7.151199679E-05 4.378600121E-01 -7.032000000E+04 5.891500000E+04 2.131000061E+02 3.603099976E+02 -1.195199966E+02 2.372400055E+02 1.560700059E+00 1.943199933E-01 2.130700042E-03
 7.789999654E-05 7.088800339E-05 4.256600142E-01 -7.210300000E+04 5.193200000E+04 2.108600006E+02 3.656900024E+02 -1.202300034E+02 2.503200073E+02 1.590999961E+00 1.869100034E-01 2.191999927E-03
 7.994999760E-05 7.026400272E-05 4.133000076E-01 -7.906400000E+04 5.284200000E+04 2.086999969E+02 3.710400085E+02 -1.206200027E+02 2.405200043E+02 1.620900035E+00 1.796299964E-01 2.257399959E-03
 8.199999866E-05 6.964000204E-05 4.012300074E-01 -9.388400000E+04 6.120700000E+04 2.067200012E+02 3.757500000E+02 -1.207799988E+02 2.360099945E+02 1.647500038E+00 1.727299988E-01 2.325400012E-03
 8.404999971E-05 6.901600136E-05 3.883399963E-01 -1.067500000E+05 6.110700000E+04 2.044900055E+02 3.805000000E+02 -1.210599976E+02 2.498600006E+02 1.675799966E+00 1.653800011E-01 2.402700018E-03
 8.610000077E-05 6.839200068E-05 3.761700094E-01 -1.205200000E+05 6.133300000E+04 2.023800049E+02 3.849500122E+02 -1.212600021E+02 2.715000000E+02 1.702700019E+00 1.585399956E-01 2.480299911E-03
 8.815000183E-05 6.776800001E-05 3.647400141E-01 -1.317000000E+05 6.712500000E+04 2.002299957E+02 3.892000122E+02 -1.216200027E+02 2.886300049E+02 1.729500055E+00 1.520899981E-01 2.558100037E-03
 9.020000289E-05 6.714399933E-05 3.530699909E-01 -1.459500000E+05 6.810300000E+04 1.980899963E+02 3.933999939E+02 -1.221900024E+02 2.846199951E+02 1.756600022E+00 1.456599981E-01 2.642699983E-03
 9.224999667E-05 6.651999865E-05 3.416999876E-01 -1.654100000E+05 7.124700000E+04 1.961300049E+02 3.975000000E+02 -1.225800018E+02 2.762999878E+02 1.782600045E+00 1.395699978E-01 2.730600070E-03
 9.429999773E-05 6.589599798E-05 3.312399983E-01 -2.002100000E+05 7.989800000E+04 1.946000061E+02 4.008399963E+02 -1.227099991E+02 3.095000000E+02 1.803500056E+00 1.342300028E-01 2.816699911E-03
 9.634999878E-05 6.527199730E-05 3.241299987E-01 -2.794600000E+05 1.062400000E+05 1.950299988E+02 4.003099976E+02 -1.216800003E+02 4.110100098E+02 1.798099995E+00 1.316300035E-01 2.878000028E-03
 9.839999984E-05 6.464799662E-05 3.332900107E-01 -5.397000000E+05 2.041600000E+05 2.042500000E+02 3.811900024E+02 -1.131999969E+02 7.697600098E+02 1.672700047E+00 1.419699937E-01 2.802399918E-03
 1.004500009E-04 6.402400322E-05 3.999800086E-01 -8.153500000E+05 3.013100000E+05 2.313399963E+02 3.160599976E+02 -8.840000153E+01 1.468599976E+03 1.306800008E+00 1.949200034E-01 2.379100071E-03
 1.025000020E-04 6.340000255E-05 5.461000204E-01 -5.937600000E+05 2.125500000E+05 2.630499878E+02 2.259799957E+02 -5.748899841E+01 1.558699951E+03 8.679199815E-01 3.016400039E-01 1.758099999E-03
 1.045500030E-04 6.277600187E-05 6.957399845E-01 -1.879600000E+05 6.388100000E+04 2.807200012E+02 1.651000061E+02 -3.953300095E+01 8.579199829E+02 6.088299751E-01 4.073100090E-01 1.350700040E-03
 1.065999968E-04 6.215200119E-05 7.751700282E-01 -4.601300000E+04 1.436400000E+04 2.868999939E+02 1.393899994E+02 -3.410200119E+01 3.593500061E+02 5.085600019E-01 4.631699920E-01 1.204199973E-03
 1.086499979E-04 6.152800051E-05 8.040199876E-01 -2.282900000E+04 6.430000000E+02 2.892200012E+02 1.281900024E+02 -3.278200150E+01 2.228099976E+02 4.669800103E-01 4.842500091E-01 1.160299988E-03
 1.106999989E-04 6.090399984E-05 8.178799748E-01 -1.786100000E+04 3.534300049E+03 2.905199890E+02 1.213499985E+02 -3.237400055E+01 1.804900055E+02 4.422500134E-01 4.948099852E-01 1.140599954E-03
 1.127500000E-04 6.027999916E-05 8.270199895E-01 -1.119800000E+04 8.202900391E+03 2.914200134E+02 1.163000031E+02 -3.206999969E+01 1.579100037E+02 4.241400063E-01 5.018799901E-01 1.127899974E-03
 1.148000010E-04 5.965599848E-05 8.339099884E-01 -3.410500000E+03 5.998000000E+03 2.920100098E+02 1.121900024E+02 -3.159399986E+01 1.566199951E+02 4.093500078E-01 5.070899725E-01 1.118600019E-03
 1.168500021E-04 5.903200145E-05 8.403599858E-01 3.033000000E+03 8.114100098E+03 2.925299988E+02 1.084899979E+02 -3.078199959E+01 1.518099976E+02 3.957200050E-01 5.119100213E-01 1.109999954E-03
 1.189000031E-04 5.840800077E-05 8.454200029E-01 -2.486800049E+03 3.798500000E+03 2.931799927E+02 1.048700027E+02 -3.001700020E+01 1.529299927E+02 3.823499978E-01 5.161499977E-01 1.103400020E-03
 1.209499969E-04 5.778400009E-05 8.500900269E-01 -2.037000000E+03 4.530299805E+03 2.937300110E+02 1.015299988E+02 -2.935899925E+01 1.479600067E+02 3.700999916E-01 5.199699998E-01 1.097299973E-03
 1.230000053E-04 5.715999941E-05 8.551899791E-01 -4.902200012E+02 8.965500000E+03 2.942300110E+02 9.858100128E+01 -2.846400070E+01 1.194899979E+02 3.590100110E-01 5.239800215E-01 1.090800040E-03
 1.250500063E-04 5.653599874E-05 8.590599895E-01 -8.603000000E+03 3.547699951E+03 2.944800110E+02 9.594100189E+01 -2.772800064E+01 1.008300018E+02 3.492699862E-01 5.267900229E-01 1.085800002E-03
 1.270999928E-04 5.591200170E-05 8.630899787E-01 -1.360600000E+04 3.992399902E+03 2.946099854E+02 9.353900146E+01 -2.715699959E+01 1.052200012E+02 3.405700028E-01 5.295000076E-01 1.080799964E-03
 1.291499939E-04 5.528800102E-05 8.672800064E-01 -6.060500000E+03 1.397600000E+04 2.948500061E+02 9.127999878E+01 -2.638400078E+01 1.218600006E+02 3.321000040E-01 5.325000286E-01 1.075600041E-03
 1.311999949E-04 5.466400034E-05 8.701000214E-01 1.998400024E+03 8.009100098E+03 2.952099915E+02 8.914399719E+01 -2.570899963E+01 1.412899933E+02 3.240700066E-01 5.348899961E-01 1.072100014E-03
 1.332499960E-04 5.403999967E-05 8.720999956E-01 -8.476099609E+03 2.102800049E+03 2.957699890E+02 8.715299988E+01 -2.531299973E+01 1.356199951E+02 3.167099953E-01 5.371400118E-01 1.069599995E-03
 1.352999971E-04 5.341599899E-05 8.745399714E-01 -1.497700000E+04 7.555399902E+03 2.961499939E+02 8.507599640E+01 -2.484300041E+01 1.240800018E+02 3.090899885E-01 5.393300056E-01 1.066599973E-03
 1.373499981E-04 5.279199831E-05 8.773499727E-01 -6.776899902E+03 3.450199951E+03 2.962200012E+02 8.294699860E+01 -2.413400078E+01 1.062300034E+02 3.012399971E-01 5.411900282E-01 1.063199947E-03
 1.393999992E-04 5.216800128E-05 8.799999952E-01 -1.110500000E+04 1.827400024E+03 2.963999939E+02 8.101899719E+01 -2.342300034E+01 9.124900055E+01 2.940100133E-01 5.431500077E-01 1.060000039E-03
 1.414500002E-04 5.154400060E-05 8.826000094E-01 -9.202799805E+03 1.139900000E+04 2.966499939E+02 7.916500092E+01 -2.283699989E+01 9.957700348E+01 2.871100008E-01 5.452100039E-01 1.056900015E-03
 1.435000013E-04 5.091999992E-05 8.845700026E-01 5.332299805E+02 1.525400000E+04 2.969599915E+02 7.745999908E+01 -2.217499924E+01 9.006400299E+01 2.806000113E-01 5.470100045E-01 1.054499997E-03
 1.455500023E-04 5.029599924E-05 8.866400123E-01 3.977000000E+03 1.210200000E+04 2.972600098E+02 7.577100372E+01 -2.170800018E+01 7.914299774E+01 2.743700147E-01 5.488299727E-01 1.052099979E-03
 1.476000034E-04 4.967199857E-05 8.882399797E-01 -3.498399902E+03 5.446600098E+03 2.973699951E+02 7.407700348E+01 -2.140200043E+01 8.222599792E+01 2.683599889E-01 5.500400066E-01 1.050199964E-03
 1.496500045E-04 4.904800153E-05 8.904299736E-01 -1.049900000E+04 -3.746800049E+03 2.974899902E+02 7.232900238E+01 -2.082500076E+01 7.518800354E+01 2.619000077E-01 5.516099930E-01 1.047599944E-03
 1.517000055E-04 4.842400085E-05 8.927199841E-01 -2.451899902E+03 -3.312600098E+03 2.976799927E+02 7.055699921E+01 -1.999200058E+01 8.560600281E+01 2.551000118E-01 5.533900261E-01 1.044900040E-03
 1.537500066E-04 4.780000017E-05 8.939599991E-01 -3.998399902E+03 -4.782399902E+03 2.979100037E+02 6.904100037E+01 -1.943499947E+01 8.361100006E+01 2.494000047E-01 5.545799732E-01 1.043500029E-03
 1.557999931E-04 4.717599950E-05 8.964800239E-01 -5.001799805E+03 -9.956400146E+02 2.979800110E+02 6.741200256E+01 -1.889500046E+01 6.251100159E+01 2.433999926E-01 5.562800169E-01 1.040500007E-03
 1.578499941E-04 4.655199882E-05 8.980600238E-01 3.362399902E+02 -2.133600098E+03 2.981099854E+02 6.574900055E+01 -1.791099930E+01 7.271299744E+01 2.368800044E-01 5.575000048E-01 1.038699993E-03
 1.598999952E-04 4.592800178E-05 8.984900117E-01 -8.770799805E+03 4.481700134E+02 2.984899902E+02 6.430100250E+01 -1.725699997E+01 7.853600311E+01 2.312799990E-01 5.584700108E-01 1.038199989E-03
 1.619499963E-04 4.530400111E-05 9.010000229E-01 -1.430100000E+04 8.004799805E+03 2.984800110E+02 6.287300110E+01 -1.674500084E+01 7.273699951E+01 2.260400057E-01 5.600100160E-01 1.035299967E-03
 1.639999973E-04 4.468000043E-05 9.042199850E-01 -2.613399902E+03 4.485600098E+03 2.981600037E+02 6.134000015E+01 -1.616300011E+01 8.296600342E+01 2.204899937E-01 5.614100099E-01 1.031600055E-03
 1.660499984E-04 4.405599975E-05 9.050099850E-01 2.518199951E+03 4.845100098E+03 2.985100098E+02 5.977700043E+01 -1.581700039E+01 8.212000275E+01 2.148199975E-01 5.625600219E-01 1.030700048E-03
 1.680999994E-04 4.343199907E-05 9.045900106E-01 -7.524400024E+02 2.216899902E+03 2.989299927E+02 5.824100113E+01 -1.525899982E+01 7.093900299E+01 2.090100050E-01 5.630999804E-01 1.031200052E-03
 1.701500005E-04 4.280799840E-05 9.056599736E-01 4.470600098E+03 6.548800049E+02 2.990700073E+02 5.671200180E+01 -1.451099968E+01 6.700499725E+01 2.031600028E-01 5.640299916E-01 1.030000043E-03
 1.722000015E-04 4.218400136E-05 9.071900249E-01 -1.633800049E+03 8.075100098E+03 2.991499939E+02 5.521500015E+01 -1.402900028E+01 6.160800171E+01 1.976899952E-01 5.651199818E-01 1.028200029E-03
 1.742500026E-04 4.156000068E-05 9.089800119E-01 -4.401299805E+03 8.695599609E+03 2.991099854E+02 5.363499832E+01 -1.318099976E+01 7.332299805E+01 1.916799992E-01 5.661699772E-01 1.026200014E-03
 1.763000037E-04 4.093600000E-05 9.107300043E-01 2.623300049E+03 1.040500000E+03 2.993699951E+02 5.209199905E+01 -1.206099987E+01 7.762200165E+01 1.854899973E-01 5.677400231E-01 1.024199999E-03
 1.783500047E-04 4.031199933E-05 9.121500254E-01 -4.111200195E+03 -5.666500000E+03 2.996000061E+02 5.048400116E+01 -1.136699963E+01 7.996700287E+01 1.794400066E-01 5.690799952E-01 1.022599987E-03
 1.804000058E-04 3.968799865E-05 9.127299786E-01 -8.655099609E+03 -4.723399902E+03 2.996300049E+02 4.877799988E+01 -1.060999966E+01 7.458699799E+01 1.730999947E-01 5.694900155E-01 1.021999982E-03
 1.824500068E-04 3.906400161E-05 9.132500291E-01 -1.509300049E+03 -6.977500000E+03 2.997999878E+02 4.708399963E+01 -9.598799706E+00 7.166400146E+01 1.665800065E-01 5.701500177E-01 1.021399978E-03
 1.844999933E-04 3.844000094E-05 9.143199921E-01 1.036099976E+03 -6.548799805E+03 3.001499939E+02 4.544800186E+01 -8.663000107E+00 8.235800171E+01 1.602900028E-01 5.714700222E-01 1.020199968E-03
 1.865499944E-04 3.781600026E-05 9.155300260E-01 -3.280000000E+03 5.077700195E+03 3.002600098E+02 4.376800156E+01 -7.723800182E+00 7.303199768E+01 1.539600044E-01 5.724499822E-01 1.018899959E-03
 1.885999955E-04 3.719199958E-05 9.163399935E-01 -1.065800049E+03 5.326600098E+03 3.004599915E+02 4.192900085E+01 -6.784100056E+00 7.733300018E+01 1.470900029E-01 5.733199716E-01 1.017999952E-03
 1.906499965E-04 3.656799890E-05 9.163799882E-01 -3.770699951E+03 7.766700195E+03 3.008299866E+02 4.002299881E+01 -5.653600216E+00 8.474700165E+01 1.399099976E-01 5.740600228E-01 1.017899951E-03
 1.926999976E-04 3.594399823E-05 9.167000055E-01 -1.375800000E+04 7.867600098E+03 3.010799866E+02 3.802199936E+01 -4.257999897E+00 7.769599915E+01 1.323799938E-01 5.747299790E-01 1.017599949E-03
 1.947499986E-04 3.532000119E-05 9.165400267E-01 -1.115300000E+04 5.691899902E+03 3.015899963E+02 3.598500061E+01 -2.696399927E+00 8.499299622E+01 1.247799993E-01 5.756099820E-01 1.017699949E-03
 1.967999997E-04 3.469600051E-05 9.144899845E-01 -2.104000000E+04 9.144400391E+03 3.027799988E+02 3.386600113E+01 -1.151600003E+00 8.480200195E+01 1.169399992E-01 5.766000152E-01 1.019999967E-03
 1.988500007E-04 3.407199983E-05 9.090999961E-01 -4.068400000E+04 1.644300000E+04 3.049299927E+02 3.169000053E+01 1.015499949E+00 1.129599991E+02 1.091499999E-01 5.772600174E-01 1.026100013E-03
 2.009000018E-04 3.344799916E-05 9.002000093E-01 -6.045400000E+04 3.345500000E+04 3.083900146E+02 2.962199974E+01 4.925799847E+00 1.754799957E+02 1.030300036E-01 5.780799985E-01 1.036199974E-03
 2.029500029E-04 3.282399848E-05 8.870900273E-01 -8.329700000E+04 5.385100000E+04 3.135499878E+02 2.790999985E+01 1.160000038E+01 2.326799927E+02 1.035099998E-01 5.791500211E-01 1.051599975E-03
 2.050000039E-04 3.220000144E-05 8.792799711E-01 -8.969700000E+04 6.378200000E+04 3.165899963E+02 2.719199944E+01 1.590400028E+01 2.653200073E+02 1.063499972E-01 5.796700120E-01 1.060900046E-03
 0.000000000E+00 6.283300172E-05 1.600700021E+00 1.097900024E+03 -1.276800000E+04 3.000000000E+02 5.028599930E+01 1.440900040E+01 -2.390800095E+01 1.881999969E-01 1.009500027E+00 5.761799985E-04
 2.049999921E-06 6.350000331E-05 1.603199959E+00 -1.124900000E+04 1.140699997E+02 2.995199890E+02 5.315200043E+01 1.490200043E+01 3.297200012E+01 1.949200034E-01 1.004699945E+00 5.785499816E-04
 4.099999842E-06 6.416699762E-05 1.604400039E+00 -1.110800000E+04 8.349000000E+03 2.988299866E+02 5.762699890E+01 1.552000046E+01 1.016399994E+02 2.072100043E-01 9.983599782E-01 5.814100150E-04
 6.149999990E-06 6.483300240E-05 1.601400018E+00 6.798299805E+03 1.011000000E+04 2.986000061E+02 6.079000092E+01 1.618000031E+01 1.246299973E+02 2.184900045E-01 9.957100153E-01 5.825100234E-04
 8.199999684E-06 6.549999671E-05 1.598299980E+00 1.564600000E+04 3.409000000E+03 2.984599915E+02 6.381600189E+01 1.713500023E+01 9.818099976E+01 2.295500040E-01 9.933500290E-01 5.836299970E-04
 1.024999983E-05 6.616699829E-05 1.594499946E+00 1.219400000E+04 -9.592799805E+03 2.983299866E+02 6.704799652E+01 1.804400063E+01 9.226699829E+01 2.412700057E-01 9.905499816E-01 5.850199959E-04
 1.229999998E-05 6.683300307E-05 1.589599967E+00 -1.542199951E+03 -4.675100098E+03 2.980899963E+02 7.051300049E+01 1.932500076E+01 8.649199677E+01 2.541599870E-01 9.867299795E-01 5.868099979E-04
 1.435000013E-05 6.749999739E-05 1.584400058E+00 -6.147000000E+03 7.655500000E+03 2.979200134E+02 7.390799713E+01 2.071199989E+01 7.475499725E+01 2.668899894E-01 9.829300046E-01 5.887399893E-04
 1.639999937E-05 6.816699897E-05 1.578999996E+00 7.404299805E+03 8.424299805E+03 2.978099976E+02 7.733100128E+01 2.192399979E+01 1.102099991E+02 2.795400023E-01 9.792500138E-01 5.907400046E-04
 1.845000043E-05 6.883299648E-05 1.575000048E+00 1.910300000E+04 2.176600098E+03 2.973999939E+02 8.099900055E+01 2.320299911E+01 1.398200073E+02 2.932299972E-01 9.753800035E-01 5.922599812E-04
 2.049999966E-05 6.949999806E-05 1.570299983E+00 1.944900000E+04 1.104700000E+04 2.969700012E+02 8.486199951E+01 2.481699944E+01 1.387599945E+02 3.079299927E-01 9.710900187E-01 5.940300180E-04
 2.255000072E-05 7.016699965E-05 1.564900041E+00 2.081500000E+04 3.481899902E+03 2.964500122E+02 8.884400177E+01 2.635099983E+01 1.409400024E+02 3.230200112E-01 9.660699964E-01 5.960600101E-04
 2.459999996E-05 7.083299715E-05 1.556900024E+00 1.439800000E+04 -5.411399902E+03 2.960000000E+02 9.315499878E+01 2.770199966E+01 1.499700012E+02 3.390299976E-01 9.596599936E-01 5.991299986E-04
 2.664999920E-05 7.149999874E-05 1.547399998E+00 1.366400000E+04 -6.846500244E+02 2.956400146E+02 9.773100281E+01 2.925300026E+01 1.527599945E+02 3.560799956E-01 9.526200294E-01 6.028399803E-04
 2.870000026E-05 7.216700033E-05 1.538599968E+00 2.224100000E+04 1.670199951E+03 2.950899963E+02 1.025000000E+02 3.115500069E+01 1.500500031E+02 3.743000031E-01 9.454900026E-01 6.062599714E-04
 3.075000132E-05 7.283299783E-05 1.527699947E+00 6.086700195E+03 -9.493200073E+02 2.944899902E+02 1.076699982E+02 3.318299866E+01 1.392400055E+02 3.940399885E-01 9.368699789E-01 6.105800276E-04
 3.279999873E-05 7.349999942E-05 1.515900016E+00 -1.522400000E+04 -4.913000000E+03 2.937000122E+02 1.132099991E+02 3.497399902E+01 1.775299988E+02 4.149700105E-01 9.270899892E-01 6.153699942E-04
 3.484999979E-05 7.416700100E-05 1.501999974E+00 1.188699951E+03 7.410500000E+03 2.926499939E+02 1.192200012E+02 3.704299927E+01 1.766399994E+02 4.379900098E-01 9.153599739E-01 6.210400024E-04
 3.690000085E-05 7.483299851E-05 1.486500025E+00 2.053700000E+04 2.494400000E+04 2.916000061E+02 1.259000015E+02 3.928200150E+01 1.311300049E+02 4.635199904E-01 9.026299715E-01 6.275500054E-04
 3.894999827E-05 7.550000009E-05 1.468299985E+00 1.576700000E+04 1.403800000E+04 2.904899902E+02 1.336399994E+02 4.163299942E+01 1.574199982E+02 4.929200113E-01 8.881999850E-01 6.353199715E-04
 4.099999933E-05 7.616700168E-05 1.446200013E+00 2.581600000E+04 3.731500000E+03 2.889200134E+02 1.425099945E+02 4.438100052E+01 2.220299988E+02 5.270199776E-01 8.701000214E-01 6.450699875E-04
 4.305000039E-05 7.683299918E-05 1.418699980E+00 3.285100000E+04 6.920000000E+03 2.871199951E+02 1.530000000E+02 4.748500061E+01 2.641600037E+02 5.674300194E-01 8.482400179E-01 6.576000014E-04
 4.510000144E-05 7.750000077E-05 1.383100033E+00 3.244100000E+04 -5.015000000E+03 2.847900085E+02 1.661799927E+02 5.086000061E+01 2.763299866E+02 6.181300282E-01 8.203200102E-01 6.745400024E-04
 4.714999886E-05 7.816700236E-05 1.336300015E+00 5.937000000E+04 6.850299805E+03 2.811300049E+02 1.833399963E+02 5.433499908E+01 2.982900085E+02 6.846399903E-01 7.824199796E-01 6.983400090E-04
 4.919999992E-05 7.883299986E-05 1.261999965E+00 1.115600000E+05 8.901099609E+03 2.755299988E+02 2.092200012E+02 5.693799973E+01 2.502400055E+02 7.844600081E-01 7.244499922E-01 7.401600014E-04
 5.125000098E-05 7.950000145E-05 1.086699963E+00 1.372900000E+05 -5.178000000E+04 2.636000061E+02 2.573099976E+02 3.911899948E+01 -4.084400024E+02 9.680699706E-01 5.988299847E-01 8.706399822E-04
 5.329999840E-05 7.889999688E-05 8.316299915E-01 1.027800000E+05 -9.967600000E+04 2.461699982E+02 3.099100037E+02 -1.269499969E+01 -8.962999878E+02 1.195199966E+00 4.287399948E-01 1.150200027E-03
 5.534999946E-05 7.829999959E-05 6.312299967E-01 2.543300000E+04 -6.257300000E+04 2.319100037E+02 3.360799866E+02 -7.076300049E+01 -4.762200012E+02 1.357699990E+00 3.057299852E-01 1.501100021E-03
 5.740000051E-05 7.770000229E-05 5.305600166E-01 -4.344200000E+04 7.698100098E+03 2.245599976E+02 3.417500000E+02 -1.066200027E+02 3.396500015E+01 1.434599996E+00 2.482299954E-01 1.765200053E-03
 5.945000157E-05 7.709999772E-05 4.949600101E-01 -6.779400000E+04 5.859500000E+04 2.220099945E+02 3.413800049E+02 -1.209199982E+02 2.609899902E+02 1.458799958E+00 2.288199961E-01 1.886000042E-03
 6.150000263E-05 7.650000043E-05 4.848499894E-01 -6.310300000E+04 8.520800000E+04 2.212200012E+02 3.409800110E+02 -1.248899994E+02 3.155700073E+02 1.465299964E+00 2.233400047E-01 1.924199983E-03
 6.354999641E-05 7.590000314E-05 4.818600118E-01 -5.520000000E+04 8.881700000E+04 2.206799927E+02 3.418500061E+02 -1.252799988E+02 3.267500000E+02 1.470900059E+00 2.214300036E-01 1.935899956E-03
 6.559999747E-05 7.529999857E-05 4.791800082E-01 -6.642900000E+04 9.424000000E+04 2.198600006E+02 3.443200073E+02 -1.243399963E+02 3.371300049E+02 1.481799960E+00 2.193800062E-01 1.946700038E-03
 6.764999853E-05 7.470000128E-05 4.751200080E-01 -7.296000000E+04 9.420000000E+04 2.187599945E+02 3.478099976E+02 -1.229800034E+02 3.467999878E+02 1.496999979E+00 2.164299935E-01 1.963400049E-03
 6.969999959E-05 7.409999671E-05 4.689100087E-01 -7.086100000E+04 7.734300000E+04 2.174499969E+02 3.516300049E+02 -1.218399963E+02 3.357399902E+02 1.514600039E+00 2.123299986E-01 1.989400014E-03
 7.175000064E-05 7.349999942E-05 4.604400098E-01 -6.931800000E+04 6.725400000E+04 2.157799988E+02 3.557500000E+02 -1.209300003E+02 3.037300110E+02 1.535200000E+00 2.069000006E-01 2.026099944E-03
 7.380000170E-05 7.290000212E-05 4.506700039E-01 -7.183800000E+04 6.899400000E+04 2.139799957E+02 3.604500122E+02 -1.199599991E+02 2.707099915E+02 1.558599949E+00 2.008199990E-01 2.070100047E-03
 7.585000276E-05 7.229999756E-05 4.402799904E-01 -7.689200000E+04 6.897000000E+04 2.120899963E+02 3.653999939E+02 -1.192699966E+02 2.742999878E+02 1.583999991E+00 1.944700032E-01 2.119000070E-03
 7.789999654E-05 7.170000026E-05 4.284600019E-01 -7.552400000E+04 6.321100000E+04 2.097700043E+02 3.705799866E+02 -1.194700012E+02 2.821300049E+02 1.613499999E+00 1.871699989E-01 2.177600050E-03
 7.994999760E-05 7.110000297E-05 4.159100056E-01 -8.814700000E+04 5.996200000E+04 2.075000000E+02 3.756000061E+02 -1.194899979E+02 2.698399963E+02 1.642199993E+00 1.797199994E-01 2.243299969E-03
 8.199999866E-05 7.049999840E-05 4.035600126E-01 -1.015300000E+05 6.288700000E+04 2.055500031E+02 3.801600037E+02 -1.190299988E+02 2.628800049E+02 1.667600036E+00 1.727399975E-01 2.311999910E-03
 8.404999971E-05 6.990000111E-05 3.909400105E-01 -1.092400000E+05 6.339300000E+04 2.034700012E+02 3.849200134E+02 -1.189400024E+02 2.611099854E+02 1.695099950E+00 1.656599939E-01 2.386699896E-03
 8.610000077E-05 6.929999654E-05 3.788299859E-01 -1.187600000E+05 6.144000000E+04 2.013099976E+02 3.893399963E+02 -1.191200027E+02 2.680499878E+02 1.722200036E+00 1.588200033E-01 2.462900011E-03
 8.815000183E-05 6.869999925E-05 3.669399917E-01 -1.282300000E+05 6.470700000E+04 1.992899933E+02 3.933900146E+02 -1.190199966E+02 2.870100098E+02 1.747300029E+00 1.523000002E-01 2.542800037E-03
 9.020000289E-05 6.810000195E-05 3.547799885E-01 -1.454400000E+05 6.897400000E+04 1.973300018E+02 3.975100098E+02 -1.190800018E+02 2.968800049E+02 1.772899985E+00 1.457999945E-01 2.630000003E-03
 9.224999667E-05 6.749999739E-05 3.434399962E-01 -1.659600000E+05 7.062000000E+04 1.954799957E+02 4.013500061E+02 -1.194400024E+02 2.899500122E+02 1.797500014E+00 1.398099959E-01 2.716700081E-03
 9.429999773E-05 6.690000009E-05 3.331699967E-01 -1.954600000E+05 7.688900000E+04 1.939900055E+02 4.046099854E+02 -1.193899994E+02 3.060700073E+02 1.817800045E+00 1.345899999E-01 2.800399903E-03
 9.634999878E-05 6.630000280E-05 3.249500096E-01 -2.535100000E+05 9.646400000E+04 1.937200012E+02 4.053500061E+02 -1.184400024E+02 3.731499939E+02 1.820899963E+00 1.310800016E-01 2.870900091E-03
 9.839999984E-05 6.569999823E-05 3.284800053E-01 -4.703100000E+05 1.762300000E+05 2.003600006E+02 3.920100098E+02 -1.118399963E+02 6.579199829E+02 1.730100036E+00 1.371500045E-01 2.841199981E-03
 1.004500009E-04 6.510000094E-05 3.808600008E-01 -8.020600000E+05 2.919600000E+05 2.247299957E+02 3.358299866E+02 -8.963600159E+01 1.352400024E+03 1.402999997E+00 1.800200045E-01 2.486000070E-03
 1.025000020E-04 6.449999637E-05 5.169100165E-01 -6.765100000E+05 2.392900000E+05 2.578599854E+02 2.453999939E+02 -5.799300003E+01 1.593500000E+03 9.494400024E-01 2.804900110E-01 1.863299985E-03
 1.045500030E-04 6.389999908E-05 6.765099764E-01 -2.389400000E+05 8.413500000E+04 2.786000061E+02 1.761399994E+02 -3.765200043E+01 9.507800293E+02 6.486499906E-01 3.933399916E-01 1.393900020E-03
 1.065999968E-04 6.330000178E-05 7.700700164E-01 -5.740500000E+04 1.736000000E+04 2.861000061E+02 1.456300049E+02 -3.188999939E+01 4.012000122E+02 5.291200280E-01 4.588800073E-01 1.212600037E-03
 1.086499979E-04 6.269999722E-05 8.037899733E-01 -2.970300000E+04 3.626900024E+02 2.887900085E+02 1.331199951E+02 -3.116399956E+01 2.683399963E+02 4.828999937E-01 4.833999872E-01 1.160699991E-03
 1.106999989E-04 6.209999992E-05 8.183900118E-01 -2.222600000E+04 6.928000000E+03 2.901000061E+02 1.258499985E+02 -3.124799919E+01 2.115700073E+02 4.569399953E-01 4.943999946E-01 1.139799948E-03
 1.127500000E-04 6.150000263E-05 8.273299932E-01 -1.418000000E+04 4.752500000E+03 2.910599976E+02 1.207200012E+02 -3.137100029E+01 1.764600067E+02 4.387899935E-01 5.014600158E-01 1.127499971E-03
 1.148000010E-04 6.090000170E-05 8.340899944E-01 -6.704299805E+03 6.871600098E+03 2.917300110E+02 1.164599991E+02 -3.107799911E+01 1.855599976E+02 4.235599935E-01 5.066999793E-01 1.118400018E-03
 1.168500021E-04 6.030000077E-05 8.406800032E-01 -4.547700195E+03 2.006800000E+04 2.921799927E+02 1.126299973E+02 -3.029599953E+01 1.776399994E+02 4.095200002E-01 5.114899874E-01 1.109599951E-03
 1.189000031E-04 5.969999984E-05 8.464499712E-01 -1.052500000E+04 7.310700195E+03 2.927799988E+02 1.092200012E+02 -2.951499939E+01 1.532400055E+02 3.968200088E-01 5.160700083E-01 1.102000009E-03
 1.209499969E-04 5.909999891E-05 8.510500193E-01 -5.506500000E+03 -1.880099945E+02 2.932500000E+02 1.060100021E+02 -2.896899986E+01 1.469900055E+02 3.851599991E-01 5.196999907E-01 1.096099964E-03
 1.230000053E-04 5.850000161E-05 8.557599783E-01 1.541099976E+03 8.756400391E+03 2.937099915E+02 1.029199982E+02 -2.822200012E+01 1.431300049E+02 3.737100065E-01 5.234000087E-01 1.090000034E-03
 1.250500063E-04 5.790000068E-05 8.595700264E-01 -1.308500000E+04 1.139800000E+04 2.941000061E+02 1.002200012E+02 -2.759600067E+01 1.279199982E+02 3.637900054E-01 5.264199972E-01 1.085199998E-03
 1.270999928E-04 5.729999975E-05 8.634700179E-01 -2.001400000E+04 9.900299805E+03 2.943999939E+02 9.770700073E+01 -2.714299965E+01 1.386699982E+02 3.546999991E-01 5.293599963E-01 1.080299960E-03
 1.291499939E-04 5.669999882E-05 8.673599958E-01 -1.424600000E+04 1.197500000E+04 2.947300110E+02 9.541600037E+01 -2.636199951E+01 1.510500031E+02 3.460600078E-01 5.323299766E-01 1.075400040E-03
 1.311999949E-04 5.610000153E-05 8.700900078E-01 -9.579299805E+03 1.377900000E+04 2.949899902E+02 9.329299927E+01 -2.561000061E+01 1.477899933E+02 3.380500078E-01 5.344799757E-01 1.072100014E-03
 1.332499960E-04 5.550000060E-05 8.722599745E-01 -8.652599609E+03 7.589000000E+03 2.954400024E+02 9.096700287E+01 -2.507500076E+01 1.329900055E+02 3.294700086E-01 5.366299748E-01 1.069399994E-03
 1.352999971E-04 5.489999967E-05 8.745599985E-01 -7.557700195E+03 4.606899902E+03 2.959400024E+02 8.866400146E+01 -2.445199966E+01 1.219000015E+02 3.208700120E-01 5.389599800E-01 1.066599973E-03
 1.373499981E-04 5.429999874E-05 8.769699931E-01 -5.261500000E+03 6.218000000E+03 2.961300049E+02 8.649500275E+01 -2.377700043E+01 1.109700012E+02 3.128499985E-01 5.407900214E-01 1.063699950E-03
 1.393999992E-04 5.370000144E-05 8.790599704E-01 -6.630899902E+03 -1.626399994E+02 2.964299927E+02 8.443099976E+01 -2.318600082E+01 1.021699982E+02 3.052200079E-01 5.426200032E-01 1.061100047E-03
 1.414500002E-04 5.310000051E-05 8.811900020E-01 -6.059100098E+03 8.983400269E+02 2.967900085E+02 8.249500275E+01 -2.266300011E+01 1.021399994E+02 2.980400026E-01 5.446000099E-01 1.058600028E-03
 1.435000013E-04 5.249999958E-05 8.834699988E-01 -5.039000000E+03 4.311299805E+03 2.970299988E+02 8.076699829E+01 -2.207900047E+01 1.061800003E+02 2.915700078E-01 5.464500189E-01 1.055800007E-03
 1.455500023E-04 5.189999865E-05 8.866900206E-01 7.149299927E+02 8.142799805E+03 2.971600037E+02 7.905100250E+01 -2.152499962E+01 1.130299988E+02 2.852399945E-01 5.486900210E-01 1.051999978E-03
 1.476000034E-04 5.130000136E-05 8.885800242E-01 -1.864900024E+03 5.564600098E+03 2.972900085E+02 7.723799896E+01 -2.100799942E+01 1.125100021E+02 2.786099911E-01 5.501000285E-01 1.049799961E-03
 1.496500045E-04 5.070000043E-05 8.902199864E-01 -4.323899902E+03 -3.089199951E+03 2.973999939E+02 7.535900116E+01 -2.034700012E+01 1.037500000E+02 2.716499865E-01 5.513100028E-01 1.047799946E-03
 1.517000055E-04 5.009999950E-05 8.925899863E-01 1.251800049E+03 -2.470500000E+03 2.974599915E+02 7.356800079E+01 -1.964800072E+01 8.886100006E+01 2.649700046E-01 5.529000163E-01 1.045100042E-03
 1.537500066E-04 4.949999857E-05 8.940399885E-01 -3.137399902E+03 -9.684699707E+02 2.976799927E+02 7.200099945E+01 -1.916300011E+01 7.155799866E+01 2.591699958E-01 5.541999936E-01 1.043400029E-03
 1.557999931E-04 4.890000127E-05 8.957700133E-01 -2.006800049E+03 1.254599976E+03 2.978999939E+02 7.034200287E+01 -1.853800011E+01 7.047799683E+01 2.529399991E-01 5.557000041E-01 1.041300013E-03
 1.578499941E-04 4.830000034E-05 8.974999785E-01 3.142000000E+03 -1.722199951E+03 2.981400146E+02 6.881500244E+01 -1.760300064E+01 8.990299988E+01 2.469000071E-01 5.572100282E-01 1.039299998E-03
 1.598999952E-04 4.769999941E-05 8.985000253E-01 -4.429799805E+03 3.758800049E+03 2.983299866E+02 6.741500092E+01 -1.702300072E+01 1.099300003E+02 2.416100055E-01 5.581799746E-01 1.038199989E-03
 1.619499963E-04 4.709999848E-05 8.999000192E-01 -7.747000000E+03 6.463399902E+03 2.983599854E+02 6.594200134E+01 -1.657200050E+01 1.080199966E+02 2.362399995E-01 5.591099858E-01 1.036599977E-03
 1.639999973E-04 4.650000119E-05 9.026600122E-01 5.196099854E+02 2.060100098E+03 2.983500061E+02 6.452799988E+01 -1.594999981E+01 8.719799805E+01 2.309599966E-01 5.608000159E-01 1.033399953E-03
 1.660499984E-04 4.590000026E-05 9.042800069E-01 -2.222000000E+03 2.177000000E+03 2.986000061E+02 6.314300156E+01 -1.542500019E+01 7.529699707E+01 2.257799953E-01 5.622900128E-01 1.031500055E-03
 1.680999994E-04 4.529999933E-05 9.046300054E-01 -8.933299805E+03 6.225000000E+03 2.989100037E+02 6.155199814E+01 -1.478899956E+01 6.399900055E+01 2.197799981E-01 5.630800128E-01 1.031100051E-03
 1.701500005E-04 4.469999840E-05 9.056800008E-01 -1.774300049E+03 7.927600098E+03 2.990700073E+02 5.978300095E+01 -1.393999958E+01 7.058499908E+01 2.130700052E-01 5.640299916E-01 1.029900042E-03
 1.722000015E-04 4.410000111E-05 9.065200090E-01 -2.101500000E+03 5.857000000E+03 2.992000122E+02 5.801900101E+01 -1.333100033E+01 7.602799988E+01 2.065699995E-01 5.648000240E-01 1.029000035E-03
 1.742500026E-04 4.350000017E-05 9.076899886E-01 -4.858000000E+03 5.880399902E+03 2.992000122E+02 5.629299927E+01 -1.255900002E+01 7.543099976E+01 2.001300007E-01 5.655300021E-01 1.027700026E-03
 1.763000037E-04 4.289999924E-05 9.095199704E-01 6.215700073E+02 -5.466300049E+02 2.992500000E+02 5.480400085E+01 -1.153699970E+01 7.989399719E+01 1.943099946E-01 5.667700171E-01 1.025600010E-03
 1.783500047E-04 4.229999831E-05 9.118400216E-01 -1.880800049E+03 -3.316300049E+03 2.993500061E+02 5.328300095E+01 -1.070600033E+01 8.410099792E+01 1.885299981E-01 5.684099793E-01 1.022999990E-03
 1.804000058E-04 4.170000102E-05 9.130100012E-01 -7.061799805E+03 -5.195000000E+03 2.994599915E+02 5.165499878E+01 -9.872300148E+00 7.775700378E+01 1.824000031E-01 5.693399906E-01 1.021699980E-03
 1.824500068E-04 4.110000009E-05 9.134500027E-01 -1.992800049E+03 -8.062299805E+03 2.996900024E+02 5.006299973E+01 -8.908100128E+00 7.606800079E+01 1.763000041E-01 5.700600147E-01 1.021199976E-03
 1.844999933E-04 4.049999916E-05 9.141200185E-01 -3.613300049E+03 -2.302000000E+03 3.001000061E+02 4.840100098E+01 -7.895899773E+00 9.405400085E+01 1.699099988E-01 5.712699890E-01 1.020399970E-03
 1.865499944E-04 3.989999823E-05 9.154499769E-01 -1.021000000E+04 4.011800049E+03 3.001900024E+02 4.661999893E+01 -6.846899986E+00 9.138700104E+01 1.632300019E-01 5.722600222E-01 1.018999959E-03
 1.885999955E-04 3.930000094E-05 9.164100289E-01 -3.445199951E+03 7.117399902E+03 3.002500000E+02 4.483200073E+01 -5.725500107E+00 7.490799713E+01 1.565700024E-01 5.729799867E-01 1.017899951E-03
 1.906499965E-04 3.870000000E-05 9.163399935E-01 -1.431699951E+03 1.308700000E+04 3.005000000E+02 4.295199966E+01 -4.455200195E+00 7.642600250E+01 1.495500058E-01 5.734099746E-01 1.017999952E-03
 1.926999976E-04 3.809999907E-05 9.161400199E-01 -7.935600098E+03 7.188299805E+03 3.008299866E+02 4.089199829E+01 -2.959700108E+00 8.164600372E+01 1.419100016E-01 5.739099979E-01 1.018199953E-03
 1.947499986E-04 3.750000178E-05 9.153800011E-01 -8.690599609E+03 5.677299805E+03 3.015100098E+02 3.895500183E+01 -1.397300005E+00 9.577899933E+01 1.347800046E-01 5.747299790E-01 1.018999959E-03
 1.967999997E-04 3.690000085E-05 9.139800072E-01 -1.897100000E+04 1.404900000E+04 3.025299988E+02 3.699800110E+01 2.396000028E-01 1.198499985E+02 1.277099997E-01 5.758000016E-01 1.020599972E-03
 1.988500007E-04 3.629999992E-05 9.103699923E-01 -3.627700000E+04 1.662000000E+04 3.041900024E+02 3.495299911E+01 2.481899977E+00 1.227600021E+02 1.207199991E-01 5.766699910E-01 1.024600002E-03
 2.009000018E-04 3.569999899E-05 9.041900039E-01 -4.705000000E+04 2.783300000E+04 3.065799866E+02 3.313199997E+01 6.177899837E+00 1.520599976E+02 1.158299968E-01 5.772399902E-01 1.031700056E-03
 2.029500029E-04 3.510000170E-05 8.947299719E-01 -6.210200000E+04 4.548000000E+04 3.103900146E+02 3.178499985E+01 1.201099968E+01 2.100500031E+02 1.164100021E-01 5.782700181E-01 1.042600023E-03
 2.050000039E-04 3.450000077E-05 8.890399933E-01 -7.139100000E+04 5.356300000E+04 3.128099976E+02 3.125900078E+01 1.558100033E+01 2.387299957E+02 1.185899973E-01 5.790899992E-01 1.049299957E-03
 0.000000000E+00 6.399999984E-05 1.600700021E+00 3.516399902E+03 -4.188100098E+03 3.000000000E+02 5.275899887E+01 1.334200001E+01 1.530200005E+01 1.950599998E-01 1.008700013E+00 5.765599781E-04
 2.049999921E-06 6.464000035E-05 1.602499962E+00 -9.709000000E+03 3.437899902E+03 2.995799866E+02 5.573500061E+01 1.382699966E+01 6.449800110E+01 2.023800015E-01 1.003999949E+00 5.790099967E-04
 4.099999842E-06 6.528000085E-05 1.602800012E+00 -1.627300000E+04 1.263200000E+04 2.989200134E+02 6.040800095E+01 1.462199974E+01 1.413500061E+02 2.157599926E-01 9.976800084E-01 5.820000079E-04
 6.149999990E-06 6.592000136E-05 1.599499941E+00 1.033500000E+03 1.214600000E+04 2.986400146E+02 6.347900009E+01 1.554399967E+01 1.583000031E+02 2.269800007E-01 9.947199821E-01 5.831699818E-04
 8.199999684E-06 6.656000187E-05 1.596300006E+00 1.110600000E+04 4.484700195E+03 2.985199890E+02 6.641300201E+01 1.648800087E+01 1.137799988E+02 2.377000004E-01 9.923200011E-01 5.843500257E-04
 1.024999983E-05 6.720000238E-05 1.592800021E+00 4.211700195E+03 -9.546099854E+02 2.983599854E+02 6.965200043E+01 1.726899910E+01 9.482499695E+01 2.493399978E-01 9.896399975E-01 5.856200005E-04
 1.229999998E-05 6.784000288E-05 1.588999987E+00 6.472700195E+03 1.944900024E+03 2.979599915E+02 7.294999695E+01 1.849600029E+01 8.951200104E+01 2.616699934E-01 9.859099984E-01 5.870399764E-04
 1.435000013E-05 6.848000339E-05 1.583799958E+00 1.576200000E+04 1.171300000E+04 2.977699890E+02 7.636100006E+01 2.000399971E+01 1.076100006E+02 2.745400071E-01 9.820899963E-01 5.889500026E-04
 1.639999937E-05 6.911999662E-05 1.578099966E+00 6.214700195E+03 5.595200195E+03 2.977500000E+02 7.986900330E+01 2.120599937E+01 1.609499969E+02 2.874200046E-01 9.784500003E-01 5.911000189E-04
 1.845000043E-05 6.975999713E-05 1.573400021E+00 -2.458800049E+03 -1.523599976E+03 2.975000000E+02 8.342500305E+01 2.237999916E+01 1.673600006E+02 3.005500138E-01 9.747599959E-01 5.928499741E-04
 2.049999966E-05 7.039999764E-05 1.568099976E+00 3.859199951E+03 1.353300000E+04 2.970899963E+02 8.716500092E+01 2.399300003E+01 1.509400024E+02 3.147999942E-01 9.701300263E-01 5.948499893E-04
 2.255000072E-05 7.103999815E-05 1.562999964E+00 4.659500000E+03 7.622600098E+03 2.964599915E+02 9.112699890E+01 2.548600006E+01 1.426000061E+02 3.298299909E-01 9.649099708E-01 5.968000041E-04
 2.459999996E-05 7.167999865E-05 1.554900050E+00 5.626600098E+03 3.873899902E+03 2.960599976E+02 9.534999847E+01 2.676199913E+01 1.392799988E+02 3.454299867E-01 9.586300254E-01 5.999000277E-04
 2.664999920E-05 7.231999916E-05 1.545300007E+00 1.379300000E+04 -5.913200195E+03 2.956900024E+02 9.989099884E+01 2.829299927E+01 1.446699982E+02 3.623499870E-01 9.515200257E-01 6.036299746E-04
 2.870000026E-05 7.295999967E-05 1.537199974E+00 1.188500000E+04 -1.159000000E+04 2.949800110E+02 1.044599991E+02 3.015900040E+01 1.613800049E+02 3.799299896E-01 9.442200065E-01 6.068400107E-04
 3.075000132E-05 7.360000018E-05 1.526700020E+00 3.562500000E+03 6.265100098E+03 2.943599854E+02 1.094599991E+02 3.204499817E+01 1.606100006E+02 3.989599943E-01 9.358199835E-01 6.110100076E-04
 3.279999873E-05 7.424000069E-05 1.514299989E+00 -9.439099731E+02 8.745900391E+03 2.936700134E+02 1.151900024E+02 3.386500168E+01 1.746100006E+02 4.205000103E-01 9.260600209E-01 6.160099874E-04
 3.484999979E-05 7.488000119E-05 1.500000000E+00 8.666200195E+03 -2.553600098E+03 2.926199951E+02 1.213199997E+02 3.596099854E+01 1.649600067E+02 4.439699948E-01 9.139999747E-01 6.218900089E-04
 3.690000085E-05 7.552000170E-05 1.485200047E+00 1.887900000E+04 4.030000000E+03 2.915199890E+02 1.279100037E+02 3.802299881E+01 1.245800018E+02 4.690499902E-01 9.015899897E-01 6.281000096E-04
 3.894999827E-05 7.616000221E-05 1.466500044E+00 1.792100000E+04 1.393500000E+04 2.903800049E+02 1.355500031E+02 4.016400146E+01 1.780399933E+02 4.979299903E-01 8.867700100E-01 6.361299893E-04
 4.099999933E-05 7.680000272E-05 1.442899942E+00 1.604700000E+04 4.764000000E+03 2.889299927E+02 1.445299988E+02 4.275500107E+01 2.440599976E+02 5.321900249E-01 8.681399822E-01 6.465300103E-04
 4.305000039E-05 7.744000322E-05 1.415699959E+00 1.744100000E+04 5.064700195E+03 2.870499878E+02 1.551600037E+02 4.573500061E+01 2.384400024E+02 5.730500221E-01 8.463000059E-01 6.589600234E-04
 4.510000144E-05 7.807999646E-05 1.380499959E+00 3.070000000E+04 -5.150099945E+01 2.846300049E+02 1.683099976E+02 4.879199982E+01 2.490899963E+02 6.234400272E-01 8.182799816E-01 6.758599775E-04
 4.714999886E-05 7.871999696E-05 1.332499981E+00 5.918400000E+04 9.368099609E+03 2.810799866E+02 1.853300018E+02 5.163600159E+01 2.674400024E+02 6.888800263E-01 7.800800204E-01 7.003200008E-04
 4.919999992E-05 7.935999747E-05 1.259699941E+00 9.976300000E+04 9.486500000E+03 2.755100098E+02 2.106000061E+02 5.322399902E+01 1.933300018E+02 7.859100103E-01 7.230299711E-01 7.414499996E-04
 5.125000098E-05 7.999999798E-05 1.104599953E+00 1.234100000E+05 -4.354200000E+04 2.645899963E+02 2.542100067E+02 3.864799881E+01 -3.747600098E+02 9.529100060E-01 6.103600264E-01 8.530599880E-04
 5.329999840E-05 7.942399679E-05 8.798499703E-01 1.040100000E+05 -9.506800000E+04 2.487899933E+02 3.038699951E+02 -3.825799942E+00 -8.911699829E+02 1.162999988E+00 4.578599930E-01 1.079399954E-03
 5.534999946E-05 7.884800289E-05 6.865000129E-01 4.075300000E+04 -8.185500000E+04 2.344499969E+02 3.343099976E+02 -5.697100067E+01 -6.483200073E+02 1.333699942E+00 3.362300098E-01 1.379000023E-03
 5.740000051E-05 7.827200170E-05 5.703399777E-01 -3.510900000E+04 -2.392000000E+04 2.254400024E+02 3.451499939E+02 -9.677500153E+01 -1.681399994E+02 1.434200048E+00 2.680099905E-01 1.644699951E-03
 5.945000157E-05 7.769600052E-05 5.176399946E-01 -7.320200000E+04 3.050800000E+04 2.212200012E+02 3.471099854E+02 -1.169000015E+02 1.423300018E+02 1.478099942E+00 2.384999990E-01 1.804600004E-03
 6.150000263E-05 7.711999933E-05 4.969699979E-01 -7.369500000E+04 6.547200000E+04 2.195000000E+02 3.475700073E+02 -1.245599976E+02 2.548399963E+02 1.495599985E+00 2.271499932E-01 1.877599978E-03
 6.354999641E-05 7.654399815E-05 4.888800085E-01 -7.477000000E+04 8.034600000E+04 2.186499939E+02 3.487600098E+02 -1.265199966E+02 3.005899963E+02 1.505800009E+00 2.225800008E-01 1.908199978E-03
 6.559999747E-05 7.596799696E-05 4.838399887E-01 -7.452800000E+04 9.251400000E+04 2.177200012E+02 3.509700012E+02 -1.260199966E+02 3.326499939E+02 1.516800046E+00 2.193499953E-01 1.928000012E-03
 6.764999853E-05 7.539200305E-05 4.782600105E-01 -7.494000000E+04 9.320300000E+04 2.167700043E+02 3.540199890E+02 -1.244199982E+02 3.407099915E+02 1.529600024E+00 2.158900052E-01 1.950499951E-03
 6.969999959E-05 7.481600187E-05 4.714600146E-01 -8.214000000E+04 8.036600000E+04 2.157100067E+02 3.573900146E+02 -1.226600037E+02 3.324899902E+02 1.544000030E+00 2.117799968E-01 1.978700049E-03
 7.175000064E-05 7.424000069E-05 4.628700018E-01 -8.294200000E+04 7.278900000E+04 2.141499939E+02 3.615599976E+02 -1.213899994E+02 3.043099976E+02 1.564200044E+00 2.064200044E-01 2.015500097E-03
 7.380000170E-05 7.366399950E-05 4.529199898E-01 -8.477700000E+04 6.927100000E+04 2.123999939E+02 3.662300110E+02 -1.203300018E+02 2.813800049E+02 1.587499976E+00 2.003300041E-01 2.059800085E-03
 7.585000276E-05 7.308799832E-05 4.426900148E-01 -8.037500000E+04 7.008900000E+04 2.106000061E+02 3.707300110E+02 -1.191299973E+02 2.800599976E+02 1.610399961E+00 1.941500008E-01 2.107399981E-03
 7.789999654E-05 7.251199713E-05 4.311099946E-01 -7.593700000E+04 6.797300000E+04 2.085000000E+02 3.755199890E+02 -1.184899979E+02 2.734800110E+02 1.636700034E+00 1.871899962E-01 2.164199948E-03
 7.994999760E-05 7.193600322E-05 4.186399877E-01 -8.696200000E+04 6.372900000E+04 2.063200073E+02 3.802200012E+02 -1.181100006E+02 2.741099854E+02 1.663499951E+00 1.798799932E-01 2.228700090E-03
 8.199999866E-05 7.136000204E-05 4.063200057E-01 -1.027700000E+05 6.452300000E+04 2.042899933E+02 3.846700134E+02 -1.172699966E+02 2.777399902E+02 1.688599944E+00 1.728699952E-01 2.296200022E-03
 8.404999971E-05 7.078400085E-05 3.937700093E-01 -1.118200000E+05 6.501000000E+04 2.023600006E+02 3.893800049E+02 -1.167399979E+02 2.716600037E+02 1.715000033E+00 1.659400016E-01 2.369600115E-03
 8.610000077E-05 7.020799967E-05 3.812699914E-01 -1.181800000E+05 5.974400000E+04 2.003099976E+02 3.937399902E+02 -1.165800018E+02 2.721300049E+02 1.741299987E+00 1.590400040E-01 2.447200008E-03
 8.815000183E-05 6.963199849E-05 3.690100014E-01 -1.338500000E+05 5.950100000E+04 1.983399963E+02 3.976799927E+02 -1.161900024E+02 2.785400085E+02 1.765599966E+00 1.524199992E-01 2.528599929E-03
 9.020000289E-05 6.905599730E-05 3.569099903E-01 -1.530500000E+05 6.929600000E+04 1.964400024E+02 4.017799988E+02 -1.159599991E+02 2.928500061E+02 1.790699959E+00 1.460099965E-01 2.614300000E-03
 9.224999667E-05 6.848000339E-05 3.453899920E-01 -1.686500000E+05 7.164000000E+04 1.945700073E+02 4.055100098E+02 -1.160999985E+02 2.892500000E+02 1.814800024E+00 1.399500072E-01 2.701400081E-03
 9.429999773E-05 6.790400221E-05 3.349600136E-01 -1.914300000E+05 7.667600000E+04 1.931000061E+02 4.084800110E+02 -1.159300003E+02 2.944500122E+02 1.833799958E+00 1.347000003E-01 2.785400022E-03
 9.634999878E-05 6.732800102E-05 3.261699975E-01 -2.422700000E+05 9.252100000E+04 1.924199982E+02 4.098999939E+02 -1.149899979E+02 3.442099915E+02 1.841899991E+00 1.307000071E-01 2.860300010E-03
 9.839999984E-05 6.675199984E-05 3.257099986E-01 -4.190600000E+05 1.539000000E+05 1.967299957E+02 4.014400024E+02 -1.099700012E+02 5.626099854E+02 1.781900048E+00 1.334699988E-01 2.864300041E-03
 1.004500009E-04 6.617599865E-05 3.651700020E-01 -7.819500000E+05 2.784600000E+05 2.176100006E+02 3.548699951E+02 -9.093599701E+01 1.209199951E+03 1.500499964E+00 1.667699963E-01 2.580499975E-03
 1.025000020E-04 6.559999747E-05 4.885799885E-01 -7.551600000E+05 2.619900000E+05 2.514100037E+02 2.661300049E+02 -5.929899979E+01 1.595800049E+03 1.041399956E+00 2.590200007E-01 1.973900013E-03
 1.045500030E-04 6.502400356E-05 6.552500129E-01 -3.090100000E+05 1.080000000E+05 2.758900146E+02 1.887200012E+02 -3.644300079E+01 1.064699951E+03 6.960499883E-01 3.776800036E-01 1.445399947E-03
 1.065999968E-04 6.444800238E-05 7.644400001E-01 -7.559100000E+04 2.339900000E+04 2.852099915E+02 1.526499939E+02 -2.994499969E+01 4.391300049E+02 5.529999733E-01 4.541600049E-01 1.222199993E-03
 1.086499979E-04 6.387200119E-05 8.047199845E-01 -3.345700000E+04 7.616500000E+03 2.882300110E+02 1.387899933E+02 -2.969300079E+01 2.586499939E+02 5.017899871E-01 4.830099940E-01 1.159399981E-03
 1.106999989E-04 6.329600001E-05 8.199899793E-01 -2.093300000E+04 1.725000000E+04 2.895799866E+02 1.313099976E+02 -3.028400040E+01 2.417299957E+02 4.752900004E-01 4.944800138E-01 1.137600048E-03
 1.127500000E-04 6.271999882E-05 8.289099932E-01 -1.650600000E+04 1.351800000E+04 2.904700012E+02 1.258199997E+02 -3.063599968E+01 2.174799957E+02 4.560399950E-01 5.013800263E-01 1.125399955E-03
 1.148000010E-04 6.214399764E-05 8.359699845E-01 -1.465300000E+04 1.755200000E+04 2.912000122E+02 1.212600021E+02 -3.048200035E+01 1.893800049E+02 4.397299886E-01 5.069299936E-01 1.115799998E-03
 1.168500021E-04 6.156799645E-05 8.416500092E-01 -1.487700000E+04 2.670500000E+04 2.918699951E+02 1.173899994E+02 -2.997599983E+01 1.960200043E+02 4.256100059E-01 5.115500093E-01 1.108300057E-03
 1.189000031E-04 6.099199891E-05 8.468899727E-01 -1.601000000E+04 1.545300000E+04 2.924899902E+02 1.140500031E+02 -2.928700066E+01 1.801300049E+02 4.131999910E-01 5.158200264E-01 1.101500005E-03
 1.209499969E-04 6.041600136E-05 8.519200087E-01 -5.324799805E+03 4.328399902E+03 2.928599854E+02 1.108099976E+02 -2.867600060E+01 1.531399994E+02 4.014199972E-01 5.195400119E-01 1.094899955E-03
 1.230000053E-04 5.984000018E-05 8.561400175E-01 4.665899902E+03 4.245299988E+02 2.932399902E+02 1.077500000E+02 -2.800200081E+01 1.589299927E+02 3.901700079E-01 5.228000283E-01 1.089500031E-03
 1.250500063E-04 5.926399899E-05 8.591899872E-01 -2.786300049E+03 6.637399902E+03 2.939200134E+02 1.049800034E+02 -2.743199921E+01 1.512200012E+02 3.798300028E-01 5.258700252E-01 1.085700002E-03
 1.270999928E-04 5.868800145E-05 8.630200028E-01 -9.525299805E+03 8.720500000E+03 2.944200134E+02 1.021600037E+02 -2.701799965E+01 1.440200043E+02 3.695999980E-01 5.291200280E-01 1.080899965E-03
 1.291499939E-04 5.811200026E-05 8.672199845E-01 -2.518100098E+03 8.556700195E+03 2.945899963E+02 9.952300262E+01 -2.626000023E+01 1.434600067E+02 3.599100113E-01 5.319899917E-01 1.075600041E-03
 1.311999949E-04 5.753599908E-05 8.708699942E-01 -3.292600098E+02 1.157700000E+04 2.946700134E+02 9.731400299E+01 -2.545100021E+01 1.445299988E+02 3.516699970E-01 5.343700051E-01 1.071100007E-03
 1.332499960E-04 5.696000153E-05 8.734099865E-01 -2.876000000E+03 3.868500000E+03 2.950100098E+02 9.511100006E+01 -2.480299950E+01 1.333000031E+02 3.434500098E-01 5.365700126E-01 1.067999983E-03
 1.352999971E-04 5.638400035E-05 8.748900294E-01 -7.969299805E+03 1.265500000E+03 2.956300049E+02 9.285399628E+01 -2.415999985E+01 1.205699997E+02 3.348999918E-01 5.386000276E-01 1.066199970E-03
 1.373499981E-04 5.580799916E-05 8.767899871E-01 -1.093200000E+04 4.868299805E+03 2.960599976E+02 9.074099731E+01 -2.358499908E+01 1.208199997E+02 3.270199895E-01 5.405600071E-01 1.063899952E-03
 1.393999992E-04 5.523200161E-05 8.789899945E-01 -5.727899902E+03 -2.343500000E+03 2.962500000E+02 8.870600128E+01 -2.310099983E+01 1.150500031E+02 3.196200132E-01 5.422499776E-01 1.061200048E-03
 1.414500002E-04 5.465600043E-05 8.814799786E-01 -4.810100098E+03 -4.313399902E+03 2.962900085E+02 8.673799896E+01 -2.260000038E+01 1.109400024E+02 3.125300109E-01 5.438600183E-01 1.058200025E-03
 1.435000013E-04 5.407999925E-05 8.841599822E-01 -7.451600098E+03 1.435400024E+03 2.966300049E+02 8.477899933E+01 -2.202099991E+01 1.186299973E+02 3.052400053E-01 5.461500287E-01 1.055000001E-03
 1.455500023E-04 5.350400170E-05 8.868799806E-01 -4.296000000E+03 1.028600000E+04 2.970100098E+02 8.280799866E+01 -2.133200073E+01 1.236100006E+02 2.977899909E-01 5.485200286E-01 1.051799976E-03
 1.476000034E-04 5.292800051E-05 8.883200288E-01 -4.478000000E+03 5.054299805E+03 2.972699890E+02 8.094400024E+01 -2.062800026E+01 1.195599976E+02 2.907600105E-01 5.498999953E-01 1.050099963E-03
 1.496500045E-04 5.235199933E-05 8.898000121E-01 1.478699951E+03 -8.529500122E+02 2.973299866E+02 7.908599854E+01 -2.005500031E+01 9.422000122E+01 2.839699984E-01 5.509200096E-01 1.048299950E-03
 1.517000055E-04 5.177600178E-05 8.921099901E-01 4.105700195E+03 1.777300049E+03 2.972900085E+02 7.731400299E+01 -1.953100014E+01 8.268499756E+01 2.775599957E-01 5.522900224E-01 1.045600045E-03
 1.537500066E-04 5.120000060E-05 8.938999772E-01 -3.154699951E+03 9.249000244E+02 2.975799866E+02 7.567400360E+01 -1.900000000E+01 9.269200134E+01 2.714500129E-01 5.539199710E-01 1.043500029E-03
 1.557999931E-04 5.062399941E-05 8.956900239E-01 1.086000000E+03 3.216600098E+03 2.978599854E+02 7.401300049E+01 -1.831999969E+01 9.777700043E+01 2.651500106E-01 5.555499792E-01 1.041400013E-03
 1.578499941E-04 5.004799823E-05 8.974699974E-01 -3.196600098E+03 -3.982500000E+03 2.981300049E+02 7.256500244E+01 -1.754800034E+01 1.039199982E+02 2.594999969E-01 5.571600199E-01 1.039399998E-03
 1.598999952E-04 4.947200068E-05 8.987100124E-01 -4.828799805E+03 -2.216800049E+03 2.982099915E+02 7.113200378E+01 -1.690099907E+01 1.156100006E+02 2.540999949E-01 5.580800176E-01 1.037899987E-03
 1.619499963E-04 4.889599950E-05 8.994899988E-01 2.605500000E+03 4.872100098E+03 2.981300049E+02 6.950599670E+01 -1.637100029E+01 1.177600021E+02 2.482099980E-01 5.584300160E-01 1.036999980E-03
 1.639999973E-04 4.831999831E-05 9.010599852E-01 6.135900269E+02 3.927000000E+03 2.983200073E+02 6.800800323E+01 -1.578499985E+01 9.574800110E+01 2.425999939E-01 5.597500205E-01 1.035199966E-03
 1.660499984E-04 4.774400077E-05 9.031299949E-01 -9.160700073E+02 3.120600098E+03 2.985100098E+02 6.650700378E+01 -1.510999966E+01 8.237100220E+01 2.369299978E-01 5.613999963E-01 1.032899949E-03
 1.680999994E-04 4.716799958E-05 9.041900039E-01 -5.162100098E+03 8.158700195E+03 2.986400146E+02 6.483300018E+01 -1.425199986E+01 7.336900330E+01 2.305700034E-01 5.623000264E-01 1.031600055E-03
 1.701500005E-04 4.659199840E-05 9.057999849E-01 -5.639500000E+03 1.084900000E+04 2.988299866E+02 6.318500137E+01 -1.340900040E+01 6.573200226E+01 2.242700011E-01 5.636600256E-01 1.029800042E-03
 1.722000015E-04 4.601600085E-05 9.070199728E-01 -1.257699951E+03 5.109700195E+03 2.989700012E+02 6.157500076E+01 -1.282999992E+01 6.920800018E+01 2.183199972E-01 5.646799803E-01 1.028400031E-03
 1.742500026E-04 4.543999967E-05 9.079700112E-01 -6.581500244E+02 6.474600098E+03 2.990199890E+02 5.992399979E+01 -1.215499973E+01 7.796399689E+01 2.122199982E-01 5.653700233E-01 1.027300023E-03
 1.763000037E-04 4.486399848E-05 9.095900059E-01 5.333699951E+02 3.064300049E+03 2.990599976E+02 5.829999924E+01 -1.121300030E+01 8.238800049E+01 2.060499936E-01 5.664600134E-01 1.025500009E-03
 1.783500047E-04 4.428800094E-05 9.112100005E-01 3.843399902E+03 1.213000000E+03 2.991300049E+02 5.672900009E+01 -1.015400028E+01 7.743800354E+01 2.000000030E-01 5.675899982E-01 1.023699995E-03
 1.804000058E-04 4.371199975E-05 9.117000103E-01 8.527100220E+02 2.145200043E+02 2.993299866E+02 5.513100052E+01 -9.288999557E+00 7.963999939E+01 1.939499974E-01 5.682899952E-01 1.023099991E-03
 1.824500068E-04 4.313599857E-05 9.123799801E-01 6.745700073E+02 -3.926000000E+03 2.995599976E+02 5.344699860E+01 -8.297100067E+00 9.722000122E+01 1.875700057E-01 5.691400170E-01 1.022399985E-03
 1.844999933E-04 4.256000102E-05 9.139800072E-01 1.571499939E+02 -1.650599976E+03 2.998699951E+02 5.173199844E+01 -7.190299988E+00 9.761599731E+01 1.810300052E-01 5.707399845E-01 1.020599972E-03
 1.865499944E-04 4.198399984E-05 9.151600003E-01 -5.824700195E+03 -4.016199951E+02 3.000400085E+02 4.994699860E+01 -6.061100006E+00 8.249299622E+01 1.743499935E-01 5.717899799E-01 1.019299962E-03
 1.885999955E-04 4.140799865E-05 9.164400101E-01 -1.947000000E+03 2.902000000E+03 2.999700012E+02 4.807300186E+01 -4.765699863E+00 8.100099945E+01 1.674199998E-01 5.724499822E-01 1.017899951E-03
 1.906499965E-04 4.083200110E-05 9.166499972E-01 -7.892000122E+02 9.324900391E+03 3.001300049E+02 4.622600174E+01 -3.384200096E+00 8.538099670E+01 1.606000066E-01 5.728999972E-01 1.017599949E-03
 1.926999976E-04 4.025599992E-05 9.162999988E-01 -2.650600098E+03 5.012399902E+03 3.005199890E+02 4.435900116E+01 -1.875399947E+00 9.241400146E+01 1.537400037E-01 5.734099746E-01 1.017999952E-03
 1.947499986E-04 3.967999874E-05 9.158999920E-01 -6.567700195E+03 2.291500000E+03 3.011300049E+02 4.250000000E+01 -4.085499942E-01 1.115299988E+02 1.470199972E-01 5.743399858E-01 1.018399955E-03
 1.967999997E-04 3.910400119E-05 9.145699739E-01 -1.186300000E+04 1.357300000E+04 3.020000000E+02 4.067200089E+01 1.363299966E+00 1.339900055E+02 1.405999959E-01 5.751600266E-01 1.019899966E-03
 1.988500007E-04 3.852800000E-05 9.124000072E-01 -2.051000000E+04 2.319300000E+04 3.031799927E+02 3.872800064E+01 3.735899925E+00 1.293300018E+02 1.342100054E-01 5.760300159E-01 1.022399985E-03
 2.009000018E-04 3.795199882E-05 9.082499743E-01 -2.841200000E+04 2.614100000E+04 3.048500061E+02 3.685800171E+01 7.094099998E+00 1.413300018E+02 1.292400062E-01 5.765600204E-01 1.027000020E-03
 2.029500029E-04 3.737600127E-05 9.012600183E-01 -3.724400000E+04 3.416600000E+04 3.076600037E+02 3.554999924E+01 1.206000042E+01 1.820299988E+02 1.288699955E-01 5.773900151E-01 1.034999965E-03
 2.050000039E-04 3.680000009E-05 8.973199725E-01 -4.661300000E+04 4.247600000E+04 3.094500122E+02 3.509799957E+01 1.500000000E+01 1.971000061E+02 1.302900016E-01 5.782099962E-01 1.039600000E-03
 0.000000000E+00 6.516699796E-05 1.600700021E+00 -7.450100098E+03 -4.918600098E+03 3.000000000E+02 5.627299881E+01 1.250899982E+01 8.188800049E+01 2.057999969E-01 1.008000016E+00 5.768500268E-04
 2.049999921E-06 6.577999739E-05 1.602499962E+00 4.568200195E+03 2.883600098E+03 2.995499878E+02 5.907199860E+01 1.294400024E+01 1.179599991E+02 2.127400041E-01 1.003600001E+00 5.791399744E-04
 4.099999842E-06 6.639299681E-05 1.602200031E+00 8.202299805E+03 1.407800000E+04 2.990599976E+02 6.346099854E+01 1.383100033E+01 1.458399963E+02 2.254099995E-01 9.977499843E-01 5.822100211E-04
 6.149999990E-06 6.700700033E-05 1.598099947E+00 2.606300049E+03 1.539100000E+04 2.988699951E+02 6.656600189E+01 1.499699974E+01 1.517500000E+02 2.368900031E-01 9.946100116E-01 5.836900091E-04
 8.199999684E-06 6.761999975E-05 1.594799995E+00 3.293100098E+03 2.048000000E+04 2.986000061E+02 6.957399750E+01 1.594699955E+01 1.221699982E+02 2.479099929E-01 9.916300178E-01 5.849199952E-04
 1.024999983E-05 6.823299918E-05 1.592200041E+00 -1.523599976E+03 1.853500000E+04 2.982799988E+02 7.261399841E+01 1.664800072E+01 1.055199966E+02 2.588799894E-01 9.889699817E-01 5.858599907E-04
 1.229999998E-05 6.884700269E-05 1.588700056E+00 8.607000000E+03 1.192599976E+03 2.979200134E+02 7.570099640E+01 1.781399918E+01 1.067300034E+02 2.704200149E-01 9.856100082E-01 5.871399771E-04
 1.435000013E-05 6.946000212E-05 1.583199978E+00 1.626700000E+04 -3.709000000E+03 2.977900085E+02 7.903099823E+01 1.929500008E+01 1.477200012E+02 2.829400003E-01 9.817699790E-01 5.891700275E-04
 1.639999937E-05 7.007300155E-05 1.577299953E+00 2.984399902E+03 2.253000000E+03 2.976799927E+02 8.255100250E+01 2.050000000E+01 2.098600006E+02 2.958799899E-01 9.777600169E-01 5.913799978E-04
 1.845000043E-05 7.068699779E-05 1.571900010E+00 4.424899902E+03 -3.637200012E+02 2.974400024E+02 8.601699829E+01 2.169099998E+01 1.830700073E+02 3.086999953E-01 9.735999703E-01 5.934300134E-04
 2.049999966E-05 7.129999722E-05 1.565999985E+00 9.648099609E+03 8.576000000E+03 2.971099854E+02 8.966799927E+01 2.323100090E+01 1.450800018E+02 3.225199878E-01 9.688599706E-01 5.956799723E-04
 2.255000072E-05 7.191299665E-05 1.560199976E+00 1.076300000E+04 1.595000000E+04 2.965400085E+02 9.354900360E+01 2.463100052E+01 1.292899933E+02 3.371500075E-01 9.634299874E-01 5.978799891E-04
 2.459999996E-05 7.252700016E-05 1.552600026E+00 1.331000000E+04 5.695100098E+03 2.961499939E+02 9.766400146E+01 2.591900063E+01 1.442200012E+02 3.523899913E-01 9.574800134E-01 6.007999764E-04
 2.664999920E-05 7.313999959E-05 1.544199944E+00 1.332700000E+04 -1.045700000E+04 2.956600037E+02 1.019599991E+02 2.739399910E+01 1.592500000E+02 3.684999943E-01 9.506999850E-01 6.040899898E-04
 2.870000026E-05 7.375299901E-05 1.535899997E+00 1.261500000E+04 -1.033200000E+04 2.948599854E+02 1.064400024E+02 2.920899963E+01 1.692599945E+02 3.857699931E-01 9.430800080E-01 6.073199911E-04
 3.075000132E-05 7.436700253E-05 1.524799943E+00 1.120000000E+04 1.007500000E+04 2.942699890E+02 1.115599976E+02 3.096100044E+01 1.708999939E+02 4.050599933E-01 9.344000220E-01 6.117500016E-04
 3.279999873E-05 7.498000195E-05 1.512699962E+00 8.672500000E+03 1.360200000E+04 2.934800110E+02 1.171800003E+02 3.270800018E+01 1.680200043E+02 4.262000024E-01 9.244999886E-01 6.166499807E-04
 3.484999979E-05 7.559300138E-05 1.498800039E+00 2.042000000E+04 -1.831900024E+02 2.924400024E+02 1.231399994E+02 3.472299957E+01 1.893999939E+02 4.490300119E-01 9.127500057E-01 6.223800010E-04
 3.690000085E-05 7.620699762E-05 1.483500004E+00 3.729200000E+04 1.627099976E+03 2.913900146E+02 1.298600006E+02 3.673300171E+01 1.887100067E+02 4.744800031E-01 9.001700282E-01 6.288100267E-04
 3.894999827E-05 7.681999705E-05 1.463799953E+00 3.246100000E+04 7.507799805E+03 2.902999878E+02 1.375599976E+02 3.880899811E+01 2.150200043E+02 5.034599900E-01 8.848900199E-01 6.373099750E-04
 4.099999933E-05 7.743299648E-05 1.439700007E+00 2.161100000E+04 3.738699951E+03 2.889400024E+02 1.465399933E+02 4.112200165E+01 2.508300018E+02 5.373799801E-01 8.662999868E-01 6.479399744E-04
 4.305000039E-05 7.804699999E-05 1.413400054E+00 2.199700000E+04 7.225700195E+03 2.869500122E+02 1.572200012E+02 4.391400146E+01 2.140299988E+02 5.783699751E-01 8.446000218E-01 6.600500201E-04
 4.510000144E-05 7.865999942E-05 1.378100038E+00 3.719600000E+04 1.593700000E+04 2.844100037E+02 1.703000031E+02 4.667200089E+01 2.354799957E+02 6.284700036E-01 8.162500262E-01 6.770099862E-04
 4.714999886E-05 7.927299885E-05 1.329499960E+00 5.350500000E+04 1.718500000E+04 2.809500122E+02 1.872500000E+02 4.900799942E+01 2.622399902E+02 6.932100058E-01 7.779099941E-01 7.019600016E-04
 4.919999992E-05 7.988700236E-05 1.257699966E+00 8.530100000E+04 9.285599609E+03 2.755199890E+02 2.116600037E+02 4.974000168E+01 1.621999969E+02 7.866100073E-01 7.218800187E-01 7.425899967E-04
 5.125000098E-05 8.050000179E-05 1.118600011E+00 1.061700000E+05 -3.157400000E+04 2.655799866E+02 2.511999969E+02 3.747000122E+01 -3.479200134E+02 9.383100271E-01 6.199600101E-01 8.400800289E-04
 5.329999840E-05 7.994799671E-05 9.188699722E-01 8.766100000E+04 -8.791300000E+04 2.513600006E+02 2.975700073E+02 2.427999973E+00 -8.639699707E+02 1.131600022E+00 4.826599956E-01 1.028900035E-03
 5.534999946E-05 7.939599891E-05 7.358000278E-01 4.314000000E+04 -9.395900000E+04 2.374199982E+02 3.303299866E+02 -4.496699905E+01 -7.347899780E+02 1.302700043E+00 3.648900092E-01 1.283799997E-03
 5.740000051E-05 7.884400111E-05 6.115999818E-01 -2.149200000E+04 -5.281400000E+04 2.273899994E+02 3.456400146E+02 -8.554799652E+01 -3.217300110E+02 1.418900013E+00 2.900100052E-01 1.535400050E-03
 5.945000157E-05 7.829200331E-05 5.443800092E-01 -6.342600000E+04 4.207100098E+03 2.215500031E+02 3.508200073E+02 -1.103300018E+02 1.913100004E+00 1.483299971E+00 2.512600124E-01 1.717500039E-03
 6.150000263E-05 7.773999823E-05 5.123100281E-01 -7.227900000E+04 4.290500000E+04 2.185000000E+02 3.527900085E+02 -1.222500000E+02 1.701699982E+02 1.516000032E+00 2.331199944E-01 1.822000020E-03
 6.354999641E-05 7.718800043E-05 4.970999956E-01 -7.628900000E+04 6.144700000E+04 2.170299988E+02 3.546300049E+02 -1.263799973E+02 2.547200012E+02 1.533699989E+00 2.246599942E-01 1.876799972E-03
 6.559999747E-05 7.663600263E-05 4.884200096E-01 -7.162000000E+04 8.053600000E+04 2.160800018E+02 3.568900146E+02 -1.266299973E+02 3.039800110E+02 1.546100020E+00 2.197699994E-01 1.909999992E-03
 6.764999853E-05 7.608399756E-05 4.810099900E-01 -7.607900000E+04 8.748400000E+04 2.151499939E+02 3.596400146E+02 -1.251800003E+02 3.229899902E+02 1.558099985E+00 2.155099958E-01 1.939399983E-03
 6.969999959E-05 7.553199976E-05 4.737600088E-01 -8.821200000E+04 8.020000000E+04 2.139600067E+02 3.628800049E+02 -1.234000015E+02 3.165299988E+02 1.572600007E+00 2.110899985E-01 1.969000092E-03
 7.175000064E-05 7.498000195E-05 4.649200141E-01 -8.601700000E+04 7.437900000E+04 2.124799957E+02 3.671700134E+02 -1.218199997E+02 2.989400024E+02 1.592800021E+00 2.057200074E-01 2.006599912E-03
 7.380000170E-05 7.442799688E-05 4.548900127E-01 -8.656500000E+04 6.772400000E+04 2.107799988E+02 3.716600037E+02 -1.203399963E+02 2.919899902E+02 1.614899993E+00 1.996700019E-01 2.050800016E-03
 7.585000276E-05 7.387599908E-05 4.445399940E-01 -8.405800000E+04 6.667300000E+04 2.090399933E+02 3.756900024E+02 -1.186900024E+02 2.842000122E+02 1.635400057E+00 1.935199946E-01 2.098700032E-03
 7.789999654E-05 7.332400128E-05 4.328100085E-01 -8.189800000E+04 6.798600000E+04 2.072200012E+02 3.800799866E+02 -1.172900009E+02 2.679500122E+02 1.658400059E+00 1.867800057E-01 2.155600116E-03
 7.994999760E-05 7.277200348E-05 4.201999903E-01 -8.663400000E+04 6.693700000E+04 2.051600037E+02 3.848999939E+02 -1.164899979E+02 2.611499939E+02 1.684999943E+00 1.795299947E-01 2.220399911E-03
 8.199999866E-05 7.221999840E-05 4.076800048E-01 -9.938200000E+04 6.593600000E+04 2.031600037E+02 3.893599854E+02 -1.154899979E+02 2.643999939E+02 1.710100055E+00 1.724800020E-01 2.288599964E-03
 8.404999971E-05 7.166800060E-05 3.952600062E-01 -1.153600000E+05 6.712200000E+04 2.012799988E+02 3.937999878E+02 -1.145199966E+02 2.708500061E+02 1.734899998E+00 1.656800061E-01 2.360600047E-03
 8.610000077E-05 7.111600280E-05 3.825800121E-01 -1.248700000E+05 6.496500000E+04 1.992899933E+02 3.982799988E+02 -1.139800034E+02 2.718900146E+02 1.761199951E+00 1.587799937E-01 2.438900061E-03
 8.815000183E-05 7.056399772E-05 3.706899881E-01 -1.414900000E+05 5.932800000E+04 1.972799988E+02 4.020799866E+02 -1.132799988E+02 2.632600098E+02 1.784999967E+00 1.522900015E-01 2.517000074E-03
 9.020000289E-05 7.001199992E-05 3.591800034E-01 -1.614100000E+05 6.632300000E+04 1.953800049E+02 4.059100037E+02 -1.126500015E+02 2.815199890E+02 1.808699965E+00 1.461499929E-01 2.597799990E-03
 9.224999667E-05 6.946000212E-05 3.476099968E-01 -1.763200000E+05 7.460200000E+04 1.936199951E+02 4.096700134E+02 -1.126299973E+02 2.941499939E+02 1.832499981E+00 1.401599944E-01 2.684199950E-03
 9.429999773E-05 6.890799705E-05 3.371199965E-01 -1.940600000E+05 7.712900000E+04 1.919900055E+02 4.128099976E+02 -1.125100021E+02 2.986199951E+02 1.853199959E+00 1.347900033E-01 2.767599886E-03
 9.634999878E-05 6.835599925E-05 3.280999959E-01 -2.353400000E+05 8.843500000E+04 1.909900055E+02 4.146900024E+02 -1.115500031E+02 3.349800110E+02 1.864899993E+00 1.304900050E-01 2.843500115E-03
 9.839999984E-05 6.780400145E-05 3.247399926E-01 -3.718100000E+05 1.345000000E+05 1.936000061E+02 4.096499939E+02 -1.076600037E+02 4.928800049E+02 1.827299953E+00 1.309300065E-01 2.872500103E-03
 1.004500009E-04 6.725199637E-05 3.527599871E-01 -7.423500000E+05 2.589100000E+05 2.108899994E+02 3.724100037E+02 -9.196900177E+01 1.059800049E+03 1.593400002E+00 1.557800025E-01 2.661000006E-03
 1.025000020E-04 6.669999857E-05 4.618700147E-01 -8.323700000E+05 2.807400000E+05 2.443500061E+02 2.876799927E+02 -6.146500015E+01 1.576300049E+03 1.141000032E+00 2.383400053E-01 2.086699940E-03
 1.045500030E-04 6.614800077E-05 6.318600178E-01 -4.105300000E+05 1.357400000E+05 2.723599854E+02 2.032899933E+02 -3.617399979E+01 1.176300049E+03 7.533100247E-01 3.600800037E-01 1.506499946E-03
 1.065999968E-04 6.559600297E-05 7.569900155E-01 -1.020900000E+05 3.281800000E+04 2.841000061E+02 1.606999969E+02 -2.825000000E+01 4.757099915E+02 5.812299848E-01 4.480600059E-01 1.235299977E-03
 1.086499979E-04 6.504399789E-05 8.056399822E-01 -3.566600000E+04 1.322700000E+04 2.877999878E+02 1.447500000E+02 -2.828100014E+01 2.476199951E+02 5.218099952E-01 4.828599989E-01 1.158099971E-03
 1.106999989E-04 6.449200009E-05 8.220000267E-01 -2.140100000E+04 2.286800000E+04 2.891799927E+02 1.369199982E+02 -2.920400047E+01 2.495500031E+02 4.941099882E-01 4.949899912E-01 1.134800026E-03
 1.127500000E-04 6.394000229E-05 8.305600286E-01 -1.616200000E+04 1.845500000E+04 2.899200134E+02 1.313399963E+02 -2.984499931E+01 2.268000031E+02 4.747599959E-01 5.014299750E-01 1.123100054E-03
 1.148000010E-04 6.338799722E-05 8.374300003E-01 -2.038000000E+04 1.713300000E+04 2.907799988E+02 1.267300034E+02 -2.997599983E+01 2.020000000E+02 4.583300054E-01 5.070899725E-01 1.113899983E-03
 1.168500021E-04 6.283599942E-05 8.421700001E-01 -1.865600000E+04 2.052400000E+04 2.916400146E+02 1.226900024E+02 -2.955200005E+01 2.141399994E+02 4.435099959E-01 5.114600062E-01 1.107600052E-03
 1.189000031E-04 6.228400161E-05 8.461999893E-01 -1.318700000E+04 1.827800000E+04 2.922099915E+02 1.191399994E+02 -2.907900047E+01 2.060500031E+02 4.305799901E-01 5.149099827E-01 1.102300012E-03
 1.209499969E-04 6.173199654E-05 8.516499996E-01 -1.076900000E+04 1.356300000E+04 2.926499939E+02 1.158899994E+02 -2.847599983E+01 1.828000031E+02 4.186800122E-01 5.189999938E-01 1.095299958E-03
 1.230000053E-04 6.117999874E-05 8.563100100E-01 -2.501699951E+03 2.513899902E+03 2.930599976E+02 1.128099976E+02 -2.774900055E+01 1.632400055E+02 4.072799981E-01 5.225700140E-01 1.089300029E-03
 1.250500063E-04 6.062800094E-05 8.595499992E-01 4.804399902E+03 3.858300049E+03 2.936199951E+02 1.098499985E+02 -2.712400055E+01 1.536199951E+02 3.962999880E-01 5.255500078E-01 1.085199998E-03
 1.270999928E-04 6.007599950E-05 8.634999990E-01 4.532699890E+02 9.696099609E+03 2.940400085E+02 1.069100037E+02 -2.672599983E+01 1.474900055E+02 3.856799901E-01 5.287299752E-01 1.080299960E-03
 1.291499939E-04 5.952400170E-05 8.671900034E-01 -3.392399902E+02 1.487000000E+04 2.942300110E+02 1.040699997E+02 -2.607600021E+01 1.511399994E+02 3.753800094E-01 5.313199759E-01 1.075700042E-03
 1.311999949E-04 5.897200026E-05 8.703600168E-01 4.790899902E+03 1.416300000E+04 2.943800049E+02 1.015699997E+02 -2.534499931E+01 1.575399933E+02 3.661699891E-01 5.335400105E-01 1.071700011E-03
 1.332499960E-04 5.841999882E-05 8.731799722E-01 3.812800049E+03 2.173699951E+03 2.947099915E+02 9.952400208E+01 -2.470599937E+01 1.595899963E+02 3.584899902E-01 5.358600020E-01 1.068299985E-03
 1.352999971E-04 5.786800102E-05 8.752700090E-01 3.519800049E+03 -2.336399902E+03 2.951700134E+02 9.747799683E+01 -2.398800087E+01 1.438699951E+02 3.506700099E-01 5.379899740E-01 1.065699966E-03
 1.373499981E-04 5.731599958E-05 8.770899773E-01 -3.928600098E+03 -2.707399902E+03 2.956700134E+02 9.531900024E+01 -2.349600029E+01 1.246800003E+02 3.426499963E-01 5.400199890E-01 1.063499949E-03
 1.393999992E-04 5.676400178E-05 8.797100186E-01 -5.605299805E+03 -3.844500000E+03 2.958699951E+02 9.320400238E+01 -2.306200027E+01 1.161800003E+02 3.350099921E-01 5.419999957E-01 1.060400042E-03
 1.414500002E-04 5.621200035E-05 8.827099800E-01 6.375000000E+02 2.537199951E+03 2.956799927E+02 9.122000122E+01 -2.256500053E+01 1.188499985E+02 3.279800117E-01 5.435000062E-01 1.056700014E-03
 1.435000013E-04 5.565999891E-05 8.857100010E-01 3.805600098E+03 5.735799805E+03 2.959599915E+02 8.921199799E+01 -2.190099907E+01 1.323899994E+02 3.204700053E-01 5.458700061E-01 1.053199987E-03
 1.455500023E-04 5.510800111E-05 8.873699903E-01 1.459900024E+03 9.403000000E+03 2.965100098E+02 8.724500275E+01 -2.114299965E+01 1.322100067E+02 3.128800094E-01 5.479099751E-01 1.051199972E-03
 1.476000034E-04 5.455599967E-05 8.877900243E-01 -9.797000000E+03 7.690100098E+03 2.969299927E+02 8.539499664E+01 -2.044899940E+01 1.144199982E+02 3.058300018E-01 5.489400029E-01 1.050699968E-03
 1.496500045E-04 5.400399823E-05 8.901100159E-01 -3.790699951E+03 1.529199951E+03 2.970700073E+02 8.341999817E+01 -1.987599945E+01 8.394799805E+01 2.986100018E-01 5.506299734E-01 1.047999947E-03
 1.517000055E-04 5.345200043E-05 8.922700286E-01 5.565700073E+02 -5.242800293E+02 2.971400146E+02 8.151100159E+01 -1.938400078E+01 9.496499634E+01 2.917000055E-01 5.521000028E-01 1.045400044E-03
 1.537500066E-04 5.289999899E-05 8.937000036E-01 -3.566100098E+03 -1.023500000E+03 2.974700012E+02 7.969499969E+01 -1.880200005E+01 1.087799988E+02 2.849299908E-01 5.536000133E-01 1.043800032E-03
 1.557999931E-04 5.234800119E-05 8.959800005E-01 2.277899902E+03 6.080300293E+02 2.976499939E+02 7.797100067E+01 -1.812400055E+01 1.006399994E+02 2.784700096E-01 5.553399920E-01 1.041100011E-03
 1.578499941E-04 5.179599975E-05 8.975999951E-01 4.726700134E+02 -4.801100098E+03 2.979100037E+02 7.637699890E+01 -1.750099945E+01 1.082399979E+02 2.724600136E-01 5.568400025E-01 1.039199997E-03
 1.598999952E-04 5.124399831E-05 8.987500072E-01 -1.832200012E+02 -5.123700195E+03 2.980199890E+02 7.489199829E+01 -1.678000069E+01 1.145699997E+02 2.668099999E-01 5.577700138E-01 1.037899987E-03
 1.619499963E-04 5.069200051E-05 9.003300071E-01 1.838000000E+03 9.574299927E+02 2.978699951E+02 7.342400360E+01 -1.606999969E+01 1.029599991E+02 2.613700032E-01 5.584499836E-01 1.036099973E-03
 1.639999973E-04 5.013999908E-05 9.016299844E-01 -3.539100098E+03 -3.828099976E+02 2.979700012E+02 7.173200226E+01 -1.543700027E+01 9.597899628E+01 2.551099956E-01 5.594599843E-01 1.034599962E-03
 1.660499984E-04 4.958800127E-05 9.031299949E-01 1.964499969E+02 -1.677500000E+03 2.981199951E+02 6.995500183E+01 -1.473600006E+01 9.894599915E+01 2.485000044E-01 5.606700182E-01 1.032899949E-03
 1.680999994E-04 4.903599984E-05 9.042400122E-01 4.022699951E+03 6.125799805E+03 2.982999878E+02 6.839399719E+01 -1.384500027E+01 8.030200195E+01 2.424899936E-01 5.616999865E-01 1.031600055E-03
 1.701500005E-04 4.848399840E-05 9.054700136E-01 3.932600098E+03 1.162500000E+04 2.985799866E+02 6.696099854E+01 -1.315600014E+01 6.404699707E+01 2.370200008E-01 5.629900098E-01 1.030200045E-03
 1.722000015E-04 4.793200060E-05 9.072200060E-01 3.303399902E+03 7.188700195E+03 2.987300110E+02 6.553299713E+01 -1.257900047E+01 6.940499878E+01 2.317100018E-01 5.643500090E-01 1.028200029E-03
 1.742500026E-04 4.737999916E-05 9.086499810E-01 7.130700073E+02 4.973299866E+02 2.987399902E+02 6.392599869E+01 -1.169200039E+01 8.618000031E+01 2.256699950E-01 5.652599931E-01 1.026600017E-03
 1.763000037E-04 4.682800136E-05 9.098299742E-01 1.579199951E+03 -2.439600098E+03 2.988599854E+02 6.216600037E+01 -1.080399990E+01 9.597000122E+01 2.190700024E-01 5.662299991E-01 1.025200007E-03
 1.783500047E-04 4.627599992E-05 9.104599953E-01 4.245500000E+03 -4.091199951E+03 2.990700073E+02 6.055799866E+01 -9.754899979E+00 8.346099854E+01 2.128800005E-01 5.670199990E-01 1.024500001E-03
 1.804000058E-04 4.572399848E-05 9.107199907E-01 2.031100006E+02 -4.479899902E+03 2.992600098E+02 5.892699814E+01 -8.665300369E+00 8.633699799E+01 2.066500038E-01 5.675500035E-01 1.024199999E-03
 1.824500068E-04 4.517200068E-05 9.117100239E-01 3.045000000E+03 -2.024300049E+03 2.992999878E+02 5.710900116E+01 -7.575500011E+00 1.181500015E+02 1.998700052E-01 5.682399869E-01 1.023099991E-03
 1.844999933E-04 4.461999924E-05 9.133399725E-01 1.214700000E+04 -3.260300049E+03 2.994800110E+02 5.523099899E+01 -6.407499790E+00 9.083499908E+01 1.928399950E-01 5.695899725E-01 1.021299977E-03
 1.865499944E-04 4.406800144E-05 9.136999846E-01 9.733799805E+03 -3.807899902E+03 2.998399963E+02 5.340700150E+01 -5.097799778E+00 6.166899872E+01 1.859699935E-01 5.704900026E-01 1.020899974E-03
 1.885999955E-04 4.351600001E-05 9.147899747E-01 5.567200195E+03 -3.447800049E+03 2.999299927E+02 5.153499985E+01 -3.858900070E+00 8.944499969E+01 1.791000068E-01 5.713499784E-01 1.019699965E-03
 1.906499965E-04 4.296399857E-05 9.162899852E-01 5.342200195E+03 -3.260699951E+03 2.999500122E+02 4.976599884E+01 -2.536099911E+00 9.678500366E+01 1.727000028E-01 5.723400116E-01 1.017999952E-03
 1.926999976E-04 4.241200077E-05 9.165899754E-01 7.214400024E+02 2.424100098E+03 3.002399902E+02 4.812699890E+01 -1.125599980E+00 1.065100021E+02 1.667499989E-01 5.730599761E-01 1.017699949E-03
 1.947499986E-04 4.185999933E-05 9.165199995E-01 -4.930000000E+03 4.345600098E+03 3.006600037E+02 4.635699844E+01 3.911199868E-01 1.215800018E+02 1.605000049E-01 5.738099813E-01 1.017799950E-03
 1.967999997E-04 4.130800153E-05 9.155200124E-01 -3.460699951E+03 8.383900391E+03 3.012900085E+02 4.461299896E+01 2.371700048E+00 1.358800049E+02 1.545200050E-01 5.744100213E-01 1.018899959E-03
 1.988500007E-04 4.075600009E-05 9.137799740E-01 -7.330899902E+03 1.769300000E+04 3.022200012E+02 4.283700180E+01 4.787199974E+00 1.403200073E+02 1.489000022E-01 5.750700235E-01 1.020799973E-03
 2.009000018E-04 4.020399865E-05 9.103500247E-01 -1.936300000E+04 1.893900000E+04 3.035700073E+02 4.108800125E+01 7.895599842E+00 1.481499939E+02 1.442900002E-01 5.754799843E-01 1.024700003E-03
 2.029500029E-04 3.965200085E-05 9.048299789E-01 -3.192400000E+04 2.116400000E+04 3.056700134E+02 3.984299850E+01 1.202600002E+01 1.704299927E+02 1.431600004E-01 5.759400129E-01 1.030900050E-03
 2.050000039E-04 3.909999941E-05 9.018200040E-01 -3.907500000E+04 2.437000000E+04 3.068999939E+02 3.941500092E+01 1.441499996E+01 1.728399963E+02 1.438400000E-01 5.763400197E-01 1.034399960E-03
 0.000000000E+00 6.633299927E-05 1.600700021E+00 -3.991699951E+03 -2.783600000E+04 3.000000000E+02 6.068600082E+01 1.205200005E+01 1.505299988E+02 2.204100043E-01 1.007900000E+00 5.768400151E-04
 2.049999921E-06 6.692000170E-05 1.602699995E+00 3.962300049E+03 -1.323100000E+04 2.995499878E+02 6.322299957E+01 1.249699974E+01 1.511999969E+02 2.265000045E-01 1.003700018E+00 5.790700088E-04
 4.099999842E-06 6.750699686E-05 1.602300048E+00 1.063000000E+04 4.789299805E+03 2.990499878E+02 6.723500061E+01 1.339400005E+01 1.436499939E+02 2.379299998E-01 9.977999926E-01 5.821699742E-04
 6.149999990E-06 6.809300248E-05 1.597900033E+00 1.174600000E+04 1.389500000E+04 2.988699951E+02 7.021600342E+01 1.452400017E+01 1.475800018E+02 2.489199936E-01 9.944499731E-01 5.837799981E-04
 8.199999684E-06 6.867999764E-05 1.594099998E+00 5.116600098E+03 1.944900000E+04 2.985799866E+02 7.313800049E+01 1.548600006E+01 1.337100067E+02 2.596600056E-01 9.911400080E-01 5.851699971E-04
 1.024999983E-05 6.926700007E-05 1.591300011E+00 4.650700195E+03 3.202199951E+03 2.982200012E+02 7.597299957E+01 1.625099945E+01 1.143399963E+02 2.700000107E-01 9.882299900E-01 5.861800164E-04
 1.229999998E-05 6.985299842E-05 1.587399960E+00 1.657800000E+04 -1.036700000E+04 2.979400024E+02 7.885900116E+01 1.734300041E+01 1.259400024E+02 2.807399929E-01 9.848499894E-01 5.876499927E-04
 1.435000013E-05 7.044000085E-05 1.582000017E+00 1.116300000E+04 -2.415000000E+03 2.978599854E+02 8.201000214E+01 1.866099930E+01 1.505299988E+02 2.924799919E-01 9.812399745E-01 5.896399962E-04
 1.639999937E-05 7.102700329E-05 1.577399969E+00 5.811700195E+03 9.252400391E+03 2.976099854E+02 8.537699890E+01 1.982299995E+01 1.905899963E+02 3.049199879E-01 9.775999784E-01 5.913500208E-04
 1.845000043E-05 7.161300164E-05 1.571900010E+00 2.566500000E+03 2.810100098E+03 2.972799988E+02 8.867500305E+01 2.105900002E+01 1.773899994E+02 3.172500134E-01 9.730899930E-01 5.934300134E-04
 2.049999966E-05 7.219999679E-05 1.564900041E+00 -2.610100098E+03 2.695199951E+03 2.969800110E+02 9.211799622E+01 2.249300003E+01 1.548800049E+02 3.302400112E-01 9.677399993E-01 5.960999988E-04
 2.255000072E-05 7.278699923E-05 1.557999969E+00 1.005100000E+04 1.341500000E+04 2.965299988E+02 9.591600037E+01 2.374200058E+01 1.293099976E+02 3.443799913E-01 9.620400071E-01 5.987199838E-04
 2.459999996E-05 7.337299758E-05 1.550600052E+00 2.247100000E+04 2.088199951E+03 2.960899963E+02 1.000199966E+02 2.509000015E+01 1.220699997E+02 3.596700132E-01 9.560199976E-01 6.015900290E-04
 2.664999920E-05 7.396000001E-05 1.543699980E+00 2.152200000E+04 2.156000000E+03 2.954400024E+02 1.040299988E+02 2.655800056E+01 1.435700073E+02 3.748899996E-01 9.497100115E-01 6.042700261E-04
 2.870000026E-05 7.454700244E-05 1.535099983E+00 1.113200000E+04 4.076000000E+03 2.947300110E+02 1.083499985E+02 2.819099998E+01 1.150500031E+02 3.914000094E-01 9.421899915E-01 6.076400168E-04
 3.075000132E-05 7.513300079E-05 1.523200035E+00 1.255300000E+04 5.920799805E+03 2.942200012E+02 1.135299988E+02 2.982399940E+01 1.256699982E+02 4.106999934E-01 9.332000017E-01 6.124199717E-04
 3.279999873E-05 7.572000322E-05 1.511800051E+00 1.596800000E+04 7.774899902E+03 2.933599854E+02 1.189700012E+02 3.153599930E+01 1.688200073E+02 4.312799871E-01 9.235299826E-01 6.170300185E-04
 3.484999979E-05 7.630699838E-05 1.498000026E+00 8.981799805E+03 3.588199951E+03 2.923699951E+02 1.249599991E+02 3.346699905E+01 1.926900024E+02 4.540500045E-01 9.120500088E-01 6.227000267E-04
 3.690000085E-05 7.689299673E-05 1.482399940E+00 2.751400000E+04 1.484100000E+04 2.912799988E+02 1.318000031E+02 3.538800049E+01 2.122400055E+02 4.799099863E-01 8.991799951E-01 6.292500184E-04
 3.894999827E-05 7.747999916E-05 1.462499976E+00 3.304500000E+04 6.243000000E+03 2.901099854E+02 1.396100006E+02 3.745800018E+01 2.441399994E+02 5.093200207E-01 8.835300207E-01 6.378599792E-04
 4.099999933E-05 7.806700160E-05 1.438099980E+00 1.695000000E+04 2.952800049E+03 2.887799988E+02 1.486900024E+02 3.957699966E+01 2.457200012E+02 5.434299707E-01 8.648599982E-01 6.486600032E-04
 4.305000039E-05 7.865299995E-05 1.411399961E+00 2.674100000E+04 1.469300000E+04 2.868200073E+02 1.592100067E+02 4.201599884E+01 2.096100006E+02 5.835499763E-01 8.429899812E-01 6.609900156E-04
 4.510000144E-05 7.924000238E-05 1.375800014E+00 3.842800000E+04 2.419200000E+04 2.842900085E+02 1.720700073E+02 4.453699875E+01 2.189900055E+02 6.327300072E-01 8.145700097E-01 6.781399716E-04
 4.714999886E-05 7.982699753E-05 1.327499986E+00 4.222700000E+04 2.007700000E+04 2.808399963E+02 1.888000031E+02 4.643500137E+01 2.203500061E+02 6.964499950E-01 7.764499784E-01 7.029899862E-04
 4.919999992E-05 8.041300316E-05 1.256500006E+00 7.570600000E+04 1.470900024E+03 2.755799866E+02 2.121900024E+02 4.635599899E+01 1.064599991E+02 7.856799960E-01 7.213299870E-01 7.432699786E-04
 5.125000098E-05 8.099999832E-05 1.130200028E+00 1.078000000E+05 -3.713700000E+04 2.665100098E+02 2.483000031E+02 3.584000015E+01 -3.411400146E+02 9.244499803E-01 6.282699704E-01 8.298800094E-04
 5.329999840E-05 8.047199663E-05 9.520300031E-01 9.407900000E+04 -8.475900000E+04 2.536799927E+02 2.915400085E+02 6.682700157E+00 -8.000000000E+02 1.102800012E+00 5.043299794E-01 9.900099831E-04
 5.534999946E-05 7.994400221E-05 7.799999714E-01 5.525400000E+04 -1.004700000E+05 2.404799957E+02 3.252099915E+02 -3.501699829E+01 -7.570999756E+02 1.269600034E+00 3.916600049E-01 1.208600006E-03
 5.740000051E-05 7.941600052E-05 6.526899934E-01 -9.356599731E+02 -7.492900000E+04 2.298399963E+02 3.440400085E+02 -7.444200134E+01 -4.348800049E+02 1.395499945E+00 3.129099905E-01 1.439100015E-03
 5.945000157E-05 7.888799882E-05 5.743499994E-01 -4.736800000E+04 -2.151700000E+04 2.227799988E+02 3.526600037E+02 -1.020400009E+02 -1.278000031E+02 1.476899981E+00 2.666400075E-01 1.629199949E-03
 6.150000263E-05 7.835999713E-05 5.310199857E-01 -6.146800000E+04 2.021700000E+04 2.186900024E+02 3.563999939E+02 -1.176399994E+02 8.067199707E+01 1.523300052E+00 2.418799996E-01 1.758700004E-03
 6.354999641E-05 7.783200272E-05 5.080400109E-01 -6.738800000E+04 4.420200000E+04 2.163800049E+02 3.588900146E+02 -1.245500031E+02 2.011199951E+02 1.549999952E+00 2.289299965E-01 1.836800016E-03
 6.559999747E-05 7.730400102E-05 4.945999980E-01 -7.783500000E+04 6.902100000E+04 2.148300018E+02 3.615400085E+02 -1.260800018E+02 2.574200134E+02 1.567800045E+00 2.212699950E-01 1.886400045E-03
 6.764999853E-05 7.677599933E-05 4.845300019E-01 -9.078100000E+04 8.193700000E+04 2.136900024E+02 3.644299927E+02 -1.252399979E+02 2.950599976E+02 1.582000017E+00 2.156099975E-01 1.925399993E-03
 6.969999959E-05 7.624799764E-05 4.759300053E-01 -9.216400000E+04 7.670400000E+04 2.124499969E+02 3.678299866E+02 -1.237300034E+02 3.034599915E+02 1.597900033E+00 2.105599940E-01 1.960099908E-03
 7.175000064E-05 7.572000322E-05 4.664399922E-01 -8.499000000E+04 7.414000000E+04 2.108999939E+02 3.721700134E+02 -1.218099976E+02 2.877200012E+02 1.618399978E+00 2.048600018E-01 2.000099979E-03
 7.380000170E-05 7.519200153E-05 4.562300146E-01 -8.528500000E+04 6.941000000E+04 2.091799927E+02 3.763200073E+02 -1.197600021E+02 2.802399902E+02 1.638800025E+00 1.987400055E-01 2.044799970E-03
 7.585000276E-05 7.466399984E-05 4.455600083E-01 -8.995800000E+04 6.789500000E+04 2.074400024E+02 3.803299866E+02 -1.179000015E+02 2.721400146E+02 1.659199953E+00 1.924799979E-01 2.093899995E-03
 7.789999654E-05 7.413599815E-05 4.341000021E-01 -9.385600000E+04 6.852900000E+04 2.057500000E+02 3.846900024E+02 -1.160800018E+02 2.609299927E+02 1.681200027E+00 1.860000044E-01 2.149200067E-03
 7.994999760E-05 7.360799646E-05 4.217300117E-01 -9.750500000E+04 6.629400000E+04 2.038099976E+02 3.893599854E+02 -1.146500015E+02 2.506300049E+02 1.706300020E+00 1.790000051E-01 2.212400082E-03
 8.199999866E-05 7.308000204E-05 4.088999927E-01 -1.032800000E+05 6.300800000E+04 2.018099976E+02 3.938500061E+02 -1.134800034E+02 2.576700134E+02 1.731600046E+00 1.718499959E-01 2.281799912E-03
 8.404999971E-05 7.255200035E-05 3.962199986E-01 -1.153900000E+05 6.535000000E+04 1.999900055E+02 3.980400085E+02 -1.120999985E+02 2.705899963E+02 1.754999995E+00 1.650200039E-01 2.354899887E-03
 8.610000077E-05 7.202399865E-05 3.835099936E-01 -1.311200000E+05 7.049000000E+04 1.981699982E+02 4.024500122E+02 -1.111100006E+02 2.704299927E+02 1.779999971E+00 1.582700014E-01 2.432999900E-03
 8.815000183E-05 7.149599696E-05 3.715600073E-01 -1.471200000E+05 6.659300000E+04 1.961699982E+02 4.065499878E+02 -1.103899994E+02 2.495099945E+02 1.805199981E+00 1.517899930E-01 2.511099912E-03
 9.020000289E-05 7.096800255E-05 3.603999913E-01 -1.624400000E+05 6.764900000E+04 1.942700043E+02 4.102600098E+02 -1.096399994E+02 2.716799927E+02 1.828500032E+00 1.457999945E-01 2.588900039E-03
 9.224999667E-05 7.044000085E-05 3.495199978E-01 -1.785400000E+05 7.617800000E+04 1.926900024E+02 4.138099976E+02 -1.092399979E+02 3.007300110E+02 1.850399971E+00 1.402499974E-01 2.669499954E-03
 9.429999773E-05 6.991199916E-05 3.387199938E-01 -1.981400000E+05 7.710300000E+04 1.910099945E+02 4.171400146E+02 -1.088700027E+02 2.996300049E+02 1.872099996E+00 1.347399950E-01 2.754600020E-03
 9.634999878E-05 6.938399747E-05 3.291999996E-01 -2.324400000E+05 8.347900000E+04 1.897799988E+02 4.192500000E+02 -1.078700027E+02 3.182099915E+02 1.885900021E+00 1.300999969E-01 2.833999926E-03
 9.839999984E-05 6.885600305E-05 3.239299953E-01 -3.367100000E+05 1.192200000E+05 1.912599945E+02 4.165299988E+02 -1.048399963E+02 4.310499878E+02 1.864099979E+00 1.290100068E-01 2.879699925E-03
 1.004500009E-04 6.832800136E-05 3.425399959E-01 -6.849800000E+05 2.324300000E+05 2.051300049E+02 3.877200012E+02 -9.238099670E+01 9.085000000E+02 1.675999999E+00 1.468500048E-01 2.732899971E-03
 1.025000020E-04 6.779999967E-05 4.361400008E-01 -8.846800000E+05 2.828800000E+05 2.373000031E+02 3.087300110E+02 -6.408200073E+01 1.505500000E+03 1.241700053E+00 2.186899930E-01 2.203600015E-03
 1.045500030E-04 6.727199798E-05 6.060000062E-01 -5.163100000E+05 1.555600000E+05 2.682300110E+02 2.187100067E+02 -3.677799988E+01 1.261599976E+03 8.162299991E-01 3.407300115E-01 1.580100041E-03
 1.065999968E-04 6.674400356E-05 7.481300235E-01 -1.367600000E+05 4.108300000E+04 2.825299988E+02 1.688500061E+02 -2.683699989E+01 5.261900024E+02 6.108199954E-01 4.404900074E-01 1.251699985E-03
 1.086499979E-04 6.621600187E-05 8.072599769E-01 -4.517900000E+04 1.837700000E+04 2.870400085E+02 1.505099945E+02 -2.678800011E+01 2.334900055E+02 5.416200161E-01 4.825499952E-01 1.155799953E-03
 1.106999989E-04 6.568800018E-05 8.242999911E-01 -2.697600000E+04 1.937400000E+04 2.886300049E+02 1.425200043E+02 -2.803300095E+01 2.196900024E+02 5.131300092E-01 4.954400063E-01 1.131700003E-03
 1.127500000E-04 6.515999848E-05 8.319000006E-01 -1.266000000E+04 1.591200000E+04 2.894700012E+02 1.369700012E+02 -2.904800034E+01 2.017700043E+02 4.939100146E-01 5.014700294E-01 1.121300040E-03
 1.148000010E-04 6.463199679E-05 8.380900025E-01 -1.254300000E+04 8.976400391E+03 2.903900146E+02 1.321900024E+02 -2.935899925E+01 1.886499939E+02 4.769299924E-01 5.068100095E-01 1.112999977E-03
 1.168500021E-04 6.410400238E-05 8.428000212E-01 -1.834400000E+04 1.412000000E+04 2.912600098E+02 1.281199951E+02 -2.902599907E+01 1.943099976E+02 4.619899988E-01 5.111700296E-01 1.106800046E-03
 1.189000031E-04 6.357600068E-05 8.472399712E-01 -1.353800000E+04 1.845300000E+04 2.917399902E+02 1.244899979E+02 -2.875399971E+01 1.869400024E+02 4.489499927E-01 5.147200227E-01 1.101000002E-03
 1.209499969E-04 6.304799899E-05 8.519999981E-01 -1.562600000E+04 1.225700000E+04 2.922699890E+02 1.210999985E+02 -2.822999954E+01 2.047899933E+02 4.365299940E-01 5.185499787E-01 1.094799954E-03
 1.230000053E-04 6.251999730E-05 8.564800024E-01 -1.182000000E+04 8.320200195E+03 2.926700134E+02 1.179499969E+02 -2.753599930E+01 1.756799927E+02 4.248900115E-01 5.219900012E-01 1.089100027E-03
 1.250500063E-04 6.199200288E-05 8.610200286E-01 -2.464299927E+02 9.730099609E+03 2.930499878E+02 1.149400024E+02 -2.685400009E+01 1.500099945E+02 4.138199985E-01 5.254399776E-01 1.083399984E-03
 1.270999928E-04 6.146400119E-05 8.649100065E-01 -5.875000000E+03 1.661500000E+04 2.934800110E+02 1.119800034E+02 -2.626899910E+01 1.770899963E+02 4.029600024E-01 5.285800099E-01 1.078499947E-03
 1.291499939E-04 6.093599950E-05 8.674299717E-01 -1.150600000E+04 1.804500000E+04 2.938599854E+02 1.090999985E+02 -2.565399933E+01 1.717700043E+02 3.923699856E-01 5.308099985E-01 1.075400040E-03
 1.311999949E-04 6.040800145E-05 8.695600033E-01 -5.721700195E+03 1.650200000E+04 2.942600098E+02 1.063799973E+02 -2.519099998E+01 1.656100006E+02 3.824700117E-01 5.328299999E-01 1.072700019E-03
 1.332499960E-04 5.987999975E-05 8.727099895E-01 1.609700012E+02 6.331399902E+03 2.945499878E+02 1.039800034E+02 -2.466500092E+01 1.528600006E+02 3.736900091E-01 5.352799892E-01 1.068899990E-03
 1.352999971E-04 5.935200170E-05 8.761600256E-01 7.945200195E+03 -3.580899902E+03 2.947399902E+02 1.018499985E+02 -2.381699944E+01 1.303899994E+02 3.656300008E-01 5.377500057E-01 1.064599957E-03
 1.373499981E-04 5.882400001E-05 8.783100247E-01 -2.728800049E+02 -5.074799805E+03 2.950700073E+02 9.975599670E+01 -2.323699951E+01 1.276500015E+02 3.578599989E-01 5.396800041E-01 1.062000054E-03
 1.393999992E-04 5.829599831E-05 8.805699944E-01 -7.210500000E+03 -4.230100098E+03 2.954299927E+02 9.755500031E+01 -2.282600021E+01 1.203399963E+02 3.498300016E-01 5.417199731E-01 1.059300033E-03
 1.414500002E-04 5.776800026E-05 8.826799989E-01 1.013199997E+02 6.880100098E+02 2.955599976E+02 9.551999664E+01 -2.241099930E+01 1.296399994E+02 3.425000012E-01 5.432599783E-01 1.056800014E-03
 1.435000013E-04 5.723999857E-05 8.852099776E-01 6.951600098E+03 3.329600098E+03 2.958200073E+02 9.356700134E+01 -2.170299911E+01 1.436499939E+02 3.351599872E-01 5.453100204E-01 1.053799991E-03
 1.455500023E-04 5.671200051E-05 8.873100281E-01 1.791000000E+03 1.165700000E+04 2.961300049E+02 9.169100189E+01 -2.092799950E+01 1.326499939E+02 3.280000091E-01 5.471699834E-01 1.051299972E-03
 1.476000034E-04 5.618399882E-05 8.882099986E-01 -8.616099609E+03 1.531000000E+04 2.965100098E+02 8.986100006E+01 -2.030299950E+01 1.161100006E+02 3.210900128E-01 5.484300256E-01 1.050199964E-03
 1.496500045E-04 5.565600077E-05 8.906499743E-01 -1.074600000E+04 2.532199951E+03 2.968299866E+02 8.788099670E+01 -1.967900085E+01 1.015699997E+02 3.137100041E-01 5.505300164E-01 1.047299942E-03
 1.517000055E-04 5.512799908E-05 8.925200105E-01 -1.253400000E+04 -7.218500000E+03 2.970799866E+02 8.598300171E+01 -1.907200050E+01 1.118499985E+02 3.066700101E-01 5.521500111E-01 1.045100042E-03
 1.537500066E-04 5.460000102E-05 8.939800262E-01 -6.874100098E+03 -3.234600098E+03 2.972300110E+02 8.407800293E+01 -1.853599930E+01 1.175999985E+02 2.997100055E-01 5.533300042E-01 1.043400029E-03
 1.557999931E-04 5.407199933E-05 8.962299824E-01 2.537799988E+02 -4.284500122E+02 2.972799988E+02 8.225700378E+01 -1.803899956E+01 1.057099991E+02 2.931199968E-01 5.548200011E-01 1.040800009E-03
 1.578499941E-04 5.354400128E-05 8.980000019E-01 2.860000000E+03 1.663599976E+03 2.975299988E+02 8.058699799E+01 -1.743799973E+01 1.017399979E+02 2.868900001E-01 5.563700199E-01 1.038799994E-03
 1.598999952E-04 5.301599958E-05 8.994100094E-01 -1.130599976E+03 5.538100098E+03 2.976099854E+02 7.898000336E+01 -1.660899925E+01 1.036299973E+02 2.807799876E-01 5.574100018E-01 1.037099981E-03
 1.619499963E-04 5.248800153E-05 9.009600282E-01 -7.072700195E+03 3.785100098E+03 2.976799927E+02 7.744400024E+01 -1.582199955E+01 9.571299744E+01 2.749499977E-01 5.584999919E-01 1.035299967E-03
 1.639999973E-04 5.195999984E-05 9.022600055E-01 -3.906300049E+03 -1.529199951E+03 2.977799988E+02 7.577200317E+01 -1.505200005E+01 9.874600220E+01 2.686800063E-01 5.594900250E-01 1.033799956E-03
 1.660499984E-04 5.143200178E-05 9.032999873E-01 -4.750100098E+03 -4.579100098E+03 2.979200134E+02 7.402100372E+01 -1.436400032E+01 1.088600006E+02 2.621800005E-01 5.603899956E-01 1.032699947E-03
 1.680999994E-04 5.090400009E-05 9.041600227E-01 -3.721800049E+03 5.297399902E+03 2.982000122E+02 7.248300171E+01 -1.367500019E+01 9.481400299E+01 2.563599944E-01 5.614500046E-01 1.031700056E-03
 1.701500005E-04 5.037599840E-05 9.053099751E-01 2.667300049E+03 1.317100000E+04 2.984700012E+02 7.098799896E+01 -1.296899986E+01 8.521399689E+01 2.506900132E-01 5.626800060E-01 1.030400046E-03
 1.722000015E-04 4.984800034E-05 9.071199894E-01 5.968899902E+03 4.356500000E+03 2.986099854E+02 6.937100220E+01 -1.218200016E+01 8.659400177E+01 2.446299940E-01 5.640699863E-01 1.028300030E-03
 1.742500026E-04 4.931999865E-05 9.081500173E-01 6.339500122E+02 2.997600098E+02 2.986400146E+02 6.772399902E+01 -1.114599991E+01 9.614700317E+01 2.383700013E-01 5.647600293E-01 1.027100021E-03
 1.763000037E-04 4.879200060E-05 9.091399908E-01 -4.574899902E+02 -1.302599976E+03 2.988399963E+02 6.605500031E+01 -1.027999973E+01 1.045400009E+02 2.320999950E-01 5.657600164E-01 1.026000013E-03
 1.783500047E-04 4.826399891E-05 9.097899795E-01 1.530299988E+02 -5.669299805E+03 2.992300110E+02 6.443299866E+01 -9.276100159E+00 9.445800018E+01 2.258699983E-01 5.668900013E-01 1.025300007E-03
 1.804000058E-04 4.773600085E-05 9.105499983E-01 -5.187200195E+03 -3.867100098E+03 2.992900085E+02 6.271500015E+01 -7.975800037E+00 8.751399994E+01 2.193299979E-01 5.674899817E-01 1.024400000E-03
 1.824500068E-04 4.720799916E-05 9.122099876E-01 1.572900024E+03 5.523299805E+03 2.991099854E+02 6.084099960E+01 -6.757400036E+00 1.064899979E+02 2.124399990E-01 5.681800246E-01 1.022599987E-03
 1.844999933E-04 4.668000111E-05 9.134399891E-01 9.191500000E+03 2.869199951E+03 2.991099854E+02 5.904199982E+01 -5.694900036E+00 1.057799988E+02 2.058500051E-01 5.689399838E-01 1.021199976E-03
 1.865499944E-04 4.615199941E-05 9.137700200E-01 8.683299805E+03 5.193300171E+02 2.994299927E+02 5.739799881E+01 -4.404399872E+00 9.480599976E+01 1.996800005E-01 5.697500110E-01 1.020799973E-03
 1.885999955E-04 4.562400136E-05 9.145500064E-01 2.432500000E+03 5.192200195E+03 2.997099915E+02 5.569699860E+01 -3.193300009E+00 1.008399963E+02 1.934099942E-01 5.707799792E-01 1.019999967E-03
 1.906499965E-04 4.509599967E-05 9.160500169E-01 4.767000000E+03 -1.039000000E+03 2.997099915E+02 5.390599823E+01 -1.853199959E+00 9.855999756E+01 1.870100051E-01 5.717200041E-01 1.018299954E-03
 1.926999976E-04 4.456800161E-05 9.164100289E-01 2.435600098E+03 6.255799805E+03 2.999500122E+02 5.217800140E+01 -3.803899884E-01 1.059100037E+02 1.808400005E-01 5.723999739E-01 1.017899951E-03
 1.947499986E-04 4.403999992E-05 9.163399935E-01 -2.393500000E+03 7.439200195E+03 3.002500000E+02 5.043799973E+01 1.139400005E+00 1.274599991E+02 1.747799963E-01 5.729200244E-01 1.017999952E-03
 1.967999997E-04 4.351199823E-05 9.161300063E-01 -1.177599976E+03 6.036500000E+03 3.006499939E+02 4.877399826E+01 3.108900070E+00 1.379700012E+02 1.692100018E-01 5.735599995E-01 1.018199953E-03
 1.988500007E-04 4.298400017E-05 9.144200087E-01 -4.149399902E+03 1.394600000E+04 3.013500061E+02 4.719800186E+01 5.629899979E+00 1.402599945E+02 1.644300073E-01 5.738099813E-01 1.020099968E-03
 2.009000018E-04 4.245599848E-05 9.116600156E-01 -1.193400000E+04 1.615900000E+04 3.024500122E+02 4.567399979E+01 8.534399986E+00 1.382400055E+02 1.604599953E-01 5.741699934E-01 1.023199991E-03
 2.029500029E-04 4.192800043E-05 9.073500037E-01 -2.496400000E+04 2.209400000E+04 3.040700073E+02 4.453099823E+01 1.199400043E+01 1.520800018E+02 1.589300036E-01 5.745300055E-01 1.028100029E-03
 2.050000039E-04 4.139999874E-05 9.044700265E-01 -3.165100000E+04 2.484400000E+04 3.050000000E+02 4.410200119E+01 1.402799988E+01 1.728600006E+02 1.590799987E-01 5.744400024E-01 1.031300053E-03
 0.000000000E+00 6.749999739E-05 1.600700021E+00 -1.286300000E+04 -3.560500000E+04 3.000000000E+02 6.552700043E+01 1.200599957E+01 1.702299957E+02 2.369000018E-01 1.008000016E+00 5.770000280E-04
 2.049999921E-06 6.805999874E-05 1.602200031E+00 -1.045100000E+04 -2.349400000E+04 2.995799866E+02 6.775700378E+01 1.240499973E+01 1.553500061E+02 2.418899983E-01 1.003499985E+00 5.793499877E-04
 4.099999842E-06 6.862000009E-05 1.601500034E+00 1.205899963E+02 -2.797600098E+03 2.990799866E+02 7.117500305E+01 1.314400005E+01 1.462100067E+02 2.511799932E-01 9.973999858E-01 5.824699765E-04
 6.149999990E-06 6.918000145E-05 1.597000003E+00 4.942700195E+03 1.080200000E+04 2.988900146E+02 7.377400208E+01 1.407699966E+01 1.437700043E+02 2.607200146E-01 9.939799905E-01 5.841000238E-04
 8.199999684E-06 6.974000280E-05 1.592700005E+00 -4.414299805E+03 9.225500000E+03 2.986499939E+02 7.659799957E+01 1.506099987E+01 1.408699951E+02 2.711099982E-01 9.904800057E-01 5.856900243E-04
 1.024999983E-05 7.029999688E-05 1.589200020E+00 3.079100098E+03 1.371400024E+03 2.983500061E+02 7.927600098E+01 1.589299965E+01 1.165999985E+02 2.809300125E-01 9.873200059E-01 5.869800225E-04
 1.229999998E-05 7.085999823E-05 1.585399985E+00 1.329500000E+04 -2.186899902E+03 2.980799866E+02 8.201100159E+01 1.689500046E+01 1.071200027E+02 2.910700142E-01 9.840899706E-01 5.883700214E-04
 1.435000013E-05 7.141999959E-05 1.581200004E+00 1.302800000E+04 8.297800293E+02 2.978999939E+02 8.504000092E+01 1.806399918E+01 1.199899979E+02 3.023000062E-01 9.808700085E-01 5.899399985E-04
 1.639999937E-05 7.198000094E-05 1.577100039E+00 1.582400000E+04 1.142900000E+04 2.975100098E+02 8.819499969E+01 1.922400093E+01 1.487400055E+02 3.140799999E-01 9.770900011E-01 5.914500216E-04
 1.845000043E-05 7.254000229E-05 1.571900010E+00 1.017200012E+03 8.745900391E+03 2.971400146E+02 9.143299866E+01 2.050499916E+01 1.510399933E+02 3.262400031E-01 9.726499915E-01 5.934099900E-04
 2.049999966E-05 7.309999637E-05 1.565000057E+00 -1.032600000E+04 -3.001399902E+03 2.968900146E+02 9.483200073E+01 2.183900070E+01 1.370800018E+02 3.389500082E-01 9.675400257E-01 5.960499984E-04
 2.255000072E-05 7.365999772E-05 1.557700038E+00 -5.300399902E+03 2.939800049E+03 2.963800049E+02 9.842099762E+01 2.300200081E+01 1.458699951E+02 3.523499966E-01 9.613500237E-01 5.988500197E-04
 2.459999996E-05 7.421999908E-05 1.550099969E+00 6.787500000E+02 7.221200195E+03 2.958299866E+02 1.022600021E+02 2.427499962E+01 1.451300049E+02 3.667300045E-01 9.549199939E-01 6.017700071E-04
 2.664999920E-05 7.478000043E-05 1.542700052E+00 8.882299805E+03 4.827799805E+03 2.952600098E+02 1.061800003E+02 2.578899956E+01 1.554499969E+02 3.816399872E-01 9.485200047E-01 6.046699709E-04
 2.870000026E-05 7.534000179E-05 1.533100009E+00 4.421600098E+03 8.166700195E+03 2.947099915E+02 1.105400009E+02 2.726099968E+01 1.257500000E+02 3.980099857E-01 9.408800006E-01 6.084400229E-04
 3.075000132E-05 7.590000314E-05 1.521800041E+00 4.848000000E+03 1.115400000E+04 2.941799927E+02 1.155100021E+02 2.870599937E+01 1.137200012E+02 4.164699912E-01 9.322699904E-01 6.129600224E-04
 3.279999873E-05 7.645999722E-05 1.510300040E+00 5.103299805E+03 6.275700195E+03 2.934299927E+02 1.208799973E+02 3.043600082E+01 1.379199982E+02 4.367200136E-01 9.228500128E-01 6.176300230E-04
 3.484999979E-05 7.701999857E-05 1.496399999E+00 2.014400024E+03 -4.870299805E+03 2.924500122E+02 1.270000000E+02 3.224800110E+01 1.697299957E+02 4.598500133E-01 9.113199711E-01 6.233699969E-04
 3.690000085E-05 7.757999992E-05 1.480900049E+00 1.612200000E+04 2.165800049E+03 2.912399902E+02 1.337200012E+02 3.398400116E+01 1.990000000E+02 4.852100015E-01 8.981699944E-01 6.298900116E-04
 3.894999827E-05 7.814000128E-05 1.460899949E+00 1.904600000E+04 -4.623899902E+03 2.899599915E+02 1.414100037E+02 3.595500183E+01 2.232200012E+02 5.142599940E-01 8.821200132E-01 6.385599845E-04
 4.099999933E-05 7.870000263E-05 1.436400056E+00 9.272200195E+03 -4.415500000E+03 2.886099854E+02 1.504299927E+02 3.793000031E+01 2.378999939E+02 5.480700135E-01 8.633000255E-01 6.494399859E-04
 4.305000039E-05 7.925999671E-05 1.408300042E+00 1.075400000E+04 1.284300000E+04 2.868200073E+02 1.608600006E+02 4.011100006E+01 2.372599945E+02 5.875399709E-01 8.411599994E-01 6.624499802E-04
 4.510000144E-05 7.981999806E-05 1.372699976E+00 2.911800000E+04 1.781100000E+04 2.843099976E+02 1.737299957E+02 4.242900085E+01 2.102700043E+02 6.365900040E-01 8.127700090E-01 6.796799717E-04
 4.714999886E-05 8.037999942E-05 1.324800014E+00 5.096900000E+04 1.654000000E+04 2.808599854E+02 1.902599945E+02 4.388399887E+01 1.578200073E+02 6.993799806E-01 7.749500275E-01 7.044100203E-04
 4.919999992E-05 8.094000077E-05 1.255499959E+00 8.461500000E+04 -2.267800049E+03 2.757399902E+02 2.126699982E+02 4.316500092E+01 5.838499832E+01 7.847200036E-01 7.211999893E-01 7.437500171E-04
 5.125000098E-05 8.150000212E-05 1.141100049E+00 1.160800000E+05 -4.285200000E+04 2.673299866E+02 2.456199951E+02 3.396099854E+01 -3.232699890E+02 9.118199944E-01 6.360499859E-01 8.208699874E-04
 5.329999840E-05 8.099599654E-05 9.810299873E-01 1.031600000E+05 -8.497300000E+04 2.555899963E+02 2.856400146E+02 9.476099968E+00 -7.435000000E+02 1.075999975E+00 5.233299732E-01 9.585699881E-04
 5.534999946E-05 8.049199823E-05 8.200299740E-01 6.213300000E+04 -9.715200000E+04 2.431100006E+02 3.192900085E+02 -2.687299919E+01 -7.720399780E+02 1.236500025E+00 4.161300063E-01 1.147600007E-03
 5.740000051E-05 7.998799992E-05 6.926000118E-01 8.407099609E+03 -7.729600000E+04 2.324499969E+02 3.405899963E+02 -6.397399902E+01 -5.115899963E+02 1.366299987E+00 3.358199894E-01 1.355899964E-03
 5.945000157E-05 7.948400162E-05 6.063699722E-01 -3.630100000E+04 -4.314500000E+04 2.245800018E+02 3.521300049E+02 -9.279299927E+01 -2.191600037E+02 1.459400058E+00 2.838299870E-01 1.543999999E-03
 6.150000263E-05 7.898000331E-05 5.536900163E-01 -5.620500000E+04 -4.827799805E+03 2.194700012E+02 3.580299988E+02 -1.111299973E+02 -1.718299985E+00 1.519000053E+00 2.531400025E-01 1.687700045E-03
 6.354999641E-05 7.847599773E-05 5.220000148E-01 -7.289400000E+04 3.296300000E+04 2.163099976E+02 3.616600037E+02 -1.207900009E+02 1.453300018E+02 1.555999994E+00 2.351599932E-01 1.788299996E-03
 6.559999747E-05 7.797199942E-05 5.019099712E-01 -8.359300000E+04 5.504000000E+04 2.140500031E+02 3.647999878E+02 -1.241699982E+02 2.176199951E+02 1.580800056E+00 2.237299979E-01 1.859099953E-03
 6.764999853E-05 7.746800111E-05 4.885199964E-01 -8.876200000E+04 6.460900000E+04 2.124799957E+02 3.681199951E+02 -1.244899979E+02 2.628900146E+02 1.599900007E+00 2.161599994E-01 1.909699989E-03
 6.969999959E-05 7.696400280E-05 4.779900014E-01 -8.918900000E+04 6.842500000E+04 2.110200043E+02 3.720199890E+02 -1.234499969E+02 2.776300049E+02 1.619400024E+00 2.100500017E-01 1.951699960E-03
 7.175000064E-05 7.645999722E-05 4.676899910E-01 -8.478700000E+04 6.793600000E+04 2.093899994E+02 3.762300110E+02 -1.212600021E+02 2.684100037E+02 1.639500022E+00 2.039300054E-01 1.994699938E-03
 7.380000170E-05 7.595599891E-05 4.572800100E-01 -8.295200000E+04 6.682200000E+04 2.076799927E+02 3.802799988E+02 -1.189300003E+02 2.711199951E+02 1.659299970E+00 1.977699995E-01 2.040199935E-03
 7.585000276E-05 7.545200060E-05 4.460299909E-01 -9.013800000E+04 6.790800000E+04 2.060200043E+02 3.847200012E+02 -1.168700027E+02 2.705100098E+02 1.681200027E+00 1.913599968E-01 2.091699978E-03
 7.789999654E-05 7.494800229E-05 4.343299866E-01 -9.835100000E+04 6.544600000E+04 2.043099976E+02 3.892699890E+02 -1.147699966E+02 2.538399963E+02 1.703999996E+00 1.847999990E-01 2.148099942E-03
 7.994999760E-05 7.444399671E-05 4.223600030E-01 -1.022700000E+05 5.851800000E+04 2.024100037E+02 3.936799927E+02 -1.127699966E+02 2.443800049E+02 1.727499962E+00 1.780399978E-01 2.209000057E-03
 8.199999866E-05 7.393999840E-05 4.095399976E-01 -1.099500000E+05 5.641600000E+04 2.005200043E+02 3.982300110E+02 -1.111699982E+02 2.456600037E+02 1.752300024E+00 1.710200012E-01 2.278300002E-03
 8.404999971E-05 7.343600009E-05 3.969500065E-01 -1.213300000E+05 6.057500000E+04 1.986999969E+02 4.024599915E+02 -1.096200027E+02 2.553800049E+02 1.776000023E+00 1.642600000E-01 2.350399969E-03
 8.610000077E-05 7.293200179E-05 3.851099908E-01 -1.344700000E+05 6.526400000E+04 1.968699951E+02 4.063599854E+02 -1.082099991E+02 2.664299927E+02 1.798699975E+00 1.578900069E-01 2.422699938E-03
 8.815000183E-05 7.242800348E-05 3.728600144E-01 -1.501200000E+05 6.854000000E+04 1.950200043E+02 4.106099854E+02 -1.073099976E+02 2.448899994E+02 1.823899984E+00 1.514399946E-01 2.502500080E-03
 9.020000289E-05 7.192399789E-05 3.610999882E-01 -1.672700000E+05 7.243700000E+04 1.932700043E+02 4.144500122E+02 -1.065199966E+02 2.560799866E+02 1.847300053E+00 1.453399956E-01 2.583799884E-03
 9.224999667E-05 7.141999959E-05 3.502900004E-01 -1.799300000E+05 7.678000000E+04 1.916000061E+02 4.177900085E+02 -1.057200012E+02 2.821400146E+02 1.868600011E+00 1.397700012E-01 2.663600026E-03
 9.429999773E-05 7.091600128E-05 3.391999900E-01 -1.998300000E+05 7.793200000E+04 1.899700012E+02 4.213399963E+02 -1.049300003E+02 2.770799866E+02 1.890699983E+00 1.341899931E-01 2.750799991E-03
 9.634999878E-05 7.041200297E-05 3.292100132E-01 -2.374900000E+05 8.287300000E+04 1.888099976E+02 4.237000122E+02 -1.039300003E+02 2.971499939E+02 1.905500054E+00 1.294399947E-01 2.833900042E-03
 9.839999984E-05 6.990799739E-05 3.228400052E-01 -3.220200000E+05 1.084500000E+05 1.895399933E+02 4.223399963E+02 -1.015999985E+02 3.884299927E+02 1.893700004E+00 1.274199933E-01 2.889500000E-03
 1.004500009E-04 6.940399908E-05 3.343800008E-01 -6.317800000E+05 2.034800000E+05 2.002100067E+02 4.006799927E+02 -9.196700287E+01 7.597399902E+02 1.747599959E+00 1.396999955E-01 2.794699976E-03
 1.025000020E-04 6.890000077E-05 4.123800099E-01 -9.161900000E+05 2.827000000E+05 2.303500061E+02 3.286199951E+02 -6.663700104E+01 1.388300049E+03 1.340299964E+00 2.006399930E-01 2.320100088E-03
 1.045500030E-04 6.839600246E-05 5.782700181E-01 -6.199900000E+05 1.784000000E+05 2.636799927E+02 2.342299957E+02 -3.822700119E+01 1.304699951E+03 8.820999861E-01 3.203000128E-01 1.665799995E-03
 1.065999968E-04 6.789199688E-05 7.367699742E-01 -1.792100000E+05 5.093600000E+04 2.807399902E+02 1.764600067E+02 -2.586400032E+01 5.736099854E+02 6.393200159E-01 4.312399924E-01 1.273900038E-03
 1.086499979E-04 6.738799857E-05 8.085200191E-01 -5.387900000E+04 2.500300000E+04 2.862399902E+02 1.555399933E+02 -2.528800011E+01 2.213399963E+02 5.590800047E-01 4.819599986E-01 1.154100057E-03
 1.106999989E-04 6.688400026E-05 8.274599910E-01 -2.450100000E+04 1.808900000E+04 2.880599976E+02 1.476000061E+02 -2.680299950E+01 1.833800049E+02 5.304800272E-01 4.963699877E-01 1.127299969E-03
 1.127500000E-04 6.638000195E-05 8.342000246E-01 -9.546799805E+03 1.779000000E+04 2.890299988E+02 1.423600006E+02 -2.802700043E+01 1.737200012E+02 5.122399926E-01 5.020800233E-01 1.118200016E-03
 1.148000010E-04 6.587599637E-05 8.394799829E-01 -9.001900391E+03 5.902399902E+03 2.898200073E+02 1.375299988E+02 -2.847800064E+01 1.636000061E+02 4.951399863E-01 5.066499710E-01 1.111199963E-03
 1.168500021E-04 6.537199806E-05 8.447600007E-01 -1.428400000E+04 8.773900391E+03 2.906499939E+02 1.333200073E+02 -2.839100075E+01 1.732899933E+02 4.798699915E-01 5.112800002E-01 1.104200026E-03
 1.189000031E-04 6.486799975E-05 8.494799733E-01 -1.456400000E+04 2.219400000E+04 2.913200073E+02 1.296399994E+02 -2.825600052E+01 1.778699951E+02 4.665499926E-01 5.153399706E-01 1.098099980E-03
 1.209499969E-04 6.436400145E-05 8.529599905E-01 -1.273700000E+04 1.281600000E+04 2.918299866E+02 1.261299973E+02 -2.775900078E+01 1.993099976E+02 4.537400007E-01 5.183500051E-01 1.093599945E-03
 1.230000053E-04 6.386000314E-05 8.564699888E-01 -6.505000000E+03 7.531299805E+03 2.921300049E+02 1.228199997E+02 -2.714100075E+01 1.945200043E+02 4.416700006E-01 5.210199952E-01 1.089100027E-03
 1.250500063E-04 6.335599755E-05 8.612599969E-01 6.399399902E+03 1.036400000E+04 2.925400085E+02 1.196600037E+02 -2.646299934E+01 1.702299957E+02 4.300200045E-01 5.246599913E-01 1.083099982E-03
 1.270999928E-04 6.285199925E-05 8.647599816E-01 -2.208899902E+03 1.676200000E+04 2.930700073E+02 1.167300034E+02 -2.570199966E+01 1.840899963E+02 4.190399945E-01 5.277500153E-01 1.078699948E-03
 1.291499939E-04 6.234800094E-05 8.672599792E-01 -1.821600000E+04 1.512500000E+04 2.934700012E+02 1.139000015E+02 -2.507600021E+01 1.667700043E+02 4.085899889E-01 5.299999714E-01 1.075600041E-03
 1.311999949E-04 6.184400263E-05 8.697500229E-01 -1.961400000E+04 1.584400000E+04 2.940000000E+02 1.111200027E+02 -2.479899979E+01 1.581799927E+02 3.985100091E-01 5.324800014E-01 1.072500017E-03
 1.332499960E-04 6.133999705E-05 8.731799722E-01 -1.101900000E+04 1.018300000E+04 2.942300110E+02 1.085199966E+02 -2.439699936E+01 1.328500061E+02 3.891600072E-01 5.350000262E-01 1.068299985E-03
 1.352999971E-04 6.083599874E-05 8.765199780E-01 -3.367000000E+03 -4.421500000E+03 2.943599854E+02 1.062600021E+02 -2.368700027E+01 1.068600006E+02 3.808400035E-01 5.372700095E-01 1.064199954E-03
 1.373499981E-04 6.033200043E-05 8.787599802E-01 -4.473000000E+03 -4.457500000E+03 2.946700134E+02 1.042500000E+02 -2.298999977E+01 1.215699997E+02 3.732399940E-01 5.392100215E-01 1.061500050E-03
 1.393999992E-04 5.982799848E-05 8.813899755E-01 -5.199700195E+03 -1.259900024E+03 2.949500122E+02 1.020299988E+02 -2.250499916E+01 1.188700027E+02 3.651300073E-01 5.413500071E-01 1.058300026E-03
 1.414500002E-04 5.932400018E-05 8.829600215E-01 -3.244300049E+03 2.527600098E+03 2.953900146E+02 9.983000183E+01 -2.211599922E+01 1.285200043E+02 3.570599854E-01 5.431200266E-01 1.056400011E-03
 1.435000013E-04 5.881999823E-05 8.847799897E-01 -5.365900269E+02 5.742799805E+03 2.957799988E+02 9.785600281E+01 -2.142700005E+01 1.329199982E+02 3.495700061E-01 5.449600220E-01 1.054299995E-03
 1.455500023E-04 5.831599992E-05 8.871700168E-01 1.422300049E+03 1.632100000E+04 2.960000000E+02 9.594300079E+01 -2.067499924E+01 1.235500031E+02 3.423700035E-01 5.468299985E-01 1.051399973E-03
 1.476000034E-04 5.781200161E-05 8.886600137E-01 -1.702599976E+03 1.786500000E+04 2.963800049E+02 9.413800049E+01 -2.004899979E+01 1.224599991E+02 3.355300128E-01 5.484700203E-01 1.049699960E-03
 1.496500045E-04 5.730799967E-05 8.902500272E-01 -1.041700000E+04 4.359600067E+01 2.967300110E+02 9.233799744E+01 -1.945599937E+01 1.300899963E+02 3.287700117E-01 5.500900149E-01 1.047799946E-03
 1.517000055E-04 5.680400136E-05 8.922100067E-01 -1.415800000E+04 -6.649899902E+03 2.968599854E+02 9.052999878E+01 -1.881900024E+01 1.319700012E+02 3.220799863E-01 5.515400171E-01 1.045500045E-03
 1.537500066E-04 5.629999941E-05 8.942800164E-01 -8.525799805E+03 1.603800049E+03 2.968299866E+02 8.869599915E+01 -1.830800056E+01 1.271900024E+02 3.154799938E-01 5.527600050E-01 1.043100026E-03
 1.557999931E-04 5.579600111E-05 8.961700201E-01 -5.423399902E+03 2.724899902E+03 2.969400024E+02 8.679599762E+01 -1.786000061E+01 1.312899933E+02 3.086299896E-01 5.541499853E-01 1.040900010E-03
 1.578499941E-04 5.529199916E-05 8.979700208E-01 -4.865399902E+03 8.793500000E+03 2.971300049E+02 8.496600342E+01 -1.721100044E+01 1.120299988E+02 3.018400073E-01 5.556100011E-01 1.038799994E-03
 1.598999952E-04 5.478800085E-05 8.996400237E-01 -2.487699951E+03 1.051800000E+04 2.972099915E+02 8.324600220E+01 -1.630900002E+01 1.084300003E+02 2.953099906E-01 5.568000078E-01 1.036899979E-03
 1.619499963E-04 5.428399891E-05 9.003099799E-01 -2.688800049E+03 3.453500000E+03 2.976000061E+02 8.155999756E+01 -1.555700016E+01 1.026800003E+02 2.888599932E-01 5.579400063E-01 1.036099973E-03
 1.639999973E-04 5.378000060E-05 9.006800056E-01 -9.351999664E+01 3.209800049E+03 2.978900146E+02 7.993299866E+01 -1.470199966E+01 9.998899841E+01 2.826200128E-01 5.587199926E-01 1.035699970E-03
 1.660499984E-04 5.327599865E-05 9.024599791E-01 -9.084599609E+03 2.059800049E+03 2.980299988E+02 7.820500183E+01 -1.394699955E+01 1.170999985E+02 2.761699855E-01 5.600699782E-01 1.033599954E-03
 1.680999994E-04 5.277200034E-05 9.039300084E-01 -9.201700195E+03 3.094300049E+03 2.981199951E+02 7.654000092E+01 -1.343599987E+01 1.049300003E+02 2.701199949E-01 5.611600280E-01 1.031900058E-03
 1.701500005E-04 5.226799840E-05 9.055200219E-01 1.499599976E+03 4.401399902E+03 2.982000122E+02 7.499700165E+01 -1.262300014E+01 9.723100281E+01 2.643299997E-01 5.623000264E-01 1.030100044E-03
 1.722000015E-04 5.176400009E-05 9.070500135E-01 3.212699951E+03 3.198699951E+03 2.983399963E+02 7.333899689E+01 -1.170499992E+01 9.297000122E+01 2.580600083E-01 5.635100007E-01 1.028400031E-03
 1.742500026E-04 5.126000178E-05 9.070400000E-01 -8.891400146E+02 6.154799805E+03 2.986000061E+02 7.181300354E+01 -1.074199963E+01 9.519699860E+01 2.521899939E-01 5.640000105E-01 1.028400031E-03
 1.763000037E-04 5.075599984E-05 9.079300165E-01 -1.590699951E+03 7.144199829E+02 2.988999939E+02 7.026100159E+01 -9.821599960E+00 1.055400009E+02 2.462799996E-01 5.651199818E-01 1.027400023E-03
 1.783500047E-04 5.025200153E-05 9.090700150E-01 5.357600098E+02 -6.809899902E+03 2.991499939E+02 6.856800079E+01 -8.689000130E+00 1.007900009E+02 2.398400009E-01 5.663099885E-01 1.026100013E-03
 1.804000058E-04 4.974799958E-05 9.102699757E-01 -6.540399780E+02 -2.732300049E+03 2.991499939E+02 6.678399658E+01 -7.223800182E+00 1.022399979E+02 2.330999970E-01 5.670400262E-01 1.024800004E-03
 1.824500068E-04 4.924400127E-05 9.118800163E-01 1.911699951E+03 1.069100000E+04 2.990199890E+02 6.484799957E+01 -6.043399811E+00 1.118799973E+02 2.260500044E-01 5.677999854E-01 1.022899989E-03
 1.844999933E-04 4.873999933E-05 9.129400253E-01 5.611600098E+03 8.753799805E+03 2.989400024E+02 6.309700012E+01 -5.148799896E+00 1.120199966E+02 2.197500020E-01 5.683100224E-01 1.021799981E-03
 1.865499944E-04 4.823600102E-05 9.134100080E-01 4.289299805E+03 2.763100098E+03 2.991099854E+02 6.159899902E+01 -3.857399940E+00 1.104100037E+02 2.141900063E-01 5.689399838E-01 1.021199976E-03
 1.885999955E-04 4.773199908E-05 9.140200019E-01 -2.182399902E+03 7.746600098E+03 2.994100037E+02 5.997800064E+01 -2.573600054E+00 1.106299973E+02 2.082300037E-01 5.698699951E-01 1.020499971E-03
 1.906499965E-04 4.722800077E-05 9.150000215E-01 6.972299805E+02 2.511199951E+03 2.995100098E+02 5.824800110E+01 -1.170199990E+00 1.084199982E+02 2.020599991E-01 5.706899762E-01 1.019499963E-03
 1.926999976E-04 4.672399882E-05 9.154999852E-01 1.506000000E+03 4.541799805E+03 2.997600098E+02 5.650500107E+01 4.485799968E-01 1.015999985E+02 1.958899945E-01 5.714600086E-01 1.018899959E-03
 1.947499986E-04 4.622000051E-05 9.157400131E-01 -1.188500000E+03 2.936699951E+03 2.999500122E+02 5.470899963E+01 1.960299969E+00 1.147600021E+02 1.897300035E-01 5.719799995E-01 1.018599956E-03
 1.967999997E-04 4.571599857E-05 9.161199927E-01 -2.295100098E+03 3.681600098E+03 3.001400146E+02 5.303900146E+01 3.774199963E+00 1.188700027E+02 1.842399985E-01 5.725799799E-01 1.018199953E-03
 1.988500007E-04 4.521200026E-05 9.149699807E-01 -4.015800049E+03 1.205300000E+04 3.005799866E+02 5.164500046E+01 6.190000057E+00 1.285399933E+02 1.801400036E-01 5.727099776E-01 1.019499963E-03
 2.009000018E-04 4.470799831E-05 9.125400186E-01 -9.169700195E+03 1.714500000E+04 3.013900146E+02 5.039400101E+01 8.846799850E+00 1.336999969E+02 1.769399941E-01 5.727199912E-01 1.022199984E-03
 2.029500029E-04 4.420400001E-05 9.096500278E-01 -1.660600000E+04 2.284400000E+04 3.026000061E+02 4.938199997E+01 1.193200016E+01 1.246699982E+02 1.754200011E-01 5.731999874E-01 1.025500009E-03
 2.050000039E-04 4.370000170E-05 9.078500271E-01 -1.858100000E+04 2.333100000E+04 3.033099976E+02 4.897000122E+01 1.379500008E+01 1.350700073E+02 1.753499955E-01 5.734099746E-01 1.027500024E-03
 0.000000000E+00 6.866700278E-05 1.600700021E+00 -2.196800000E+04 -3.924000000E+04 3.000000000E+02 6.922499847E+01 1.214900017E+01 1.545399933E+02 2.502799928E-01 1.008900046E+00 5.765599781E-04
 2.049999921E-06 6.920000305E-05 1.602300048E+00 -1.290600000E+04 -2.086400000E+04 2.995599976E+02 7.134200287E+01 1.241899967E+01 1.439600067E+02 2.544800043E-01 1.003999949E+00 5.790599971E-04
 4.099999842E-06 6.973300333E-05 1.601400018E+00 1.250199951E+03 -5.291700195E+03 2.990100098E+02 7.448300171E+01 1.294900036E+01 1.495899963E+02 2.623899877E-01 9.970999956E-01 5.825000117E-04
 6.149999990E-06 7.026700041E-05 1.596600056E+00 -8.392200195E+03 -1.521300049E+03 2.988099976E+02 7.690000153E+01 1.361299992E+01 1.549100037E+02 2.711400092E-01 9.934599996E-01 5.842599785E-04
 8.199999684E-06 7.080000069E-05 1.592100024E+00 -2.029500000E+04 1.671199951E+03 2.986499939E+02 7.969200134E+01 1.450399971E+01 1.637599945E+02 2.813000083E-01 9.901499748E-01 5.858800141E-04
 1.024999983E-05 7.133300096E-05 1.587900043E+00 -4.525200195E+03 4.035199951E+03 2.984400024E+02 8.234100342E+01 1.550399971E+01 1.426199951E+02 2.910799980E-01 9.868500233E-01 5.874399794E-04
 1.229999998E-05 7.186699804E-05 1.584300041E+00 2.294600098E+03 5.915700195E+03 2.981300049E+02 8.494699860E+01 1.643799973E+01 1.051500015E+02 3.007400036E-01 9.835799932E-01 5.887700245E-04
 1.435000013E-05 7.239999832E-05 1.580199957E+00 8.614900391E+03 -1.423199951E+03 2.978200073E+02 8.783100128E+01 1.738800049E+01 1.207500000E+02 3.113699853E-01 9.800300002E-01 5.903000128E-04
 1.639999937E-05 7.293299859E-05 1.575600028E+00 1.665400000E+04 3.855600098E+03 2.974899902E+02 9.084700012E+01 1.860099983E+01 1.475399933E+02 3.226700127E-01 9.760599732E-01 5.920300027E-04
 1.845000043E-05 7.346700295E-05 1.570299983E+00 7.173000000E+03 1.074900024E+03 2.972000122E+02 9.398899841E+01 1.994400024E+01 1.520599976E+02 3.344799876E-01 9.718199968E-01 5.940399715E-04
 2.049999966E-05 7.400000322E-05 1.563899994E+00 -5.835100098E+03 -1.474800000E+04 2.969400024E+02 9.730999756E+01 2.114699936E+01 1.219199982E+02 3.468199968E-01 9.670199752E-01 5.964799784E-04
 2.255000072E-05 7.453300350E-05 1.557100058E+00 -1.531600000E+04 -3.811600098E+03 2.963500061E+02 1.007799988E+02 2.233499908E+01 1.271999969E+02 3.598699868E-01 9.609000087E-01 5.990699865E-04
 2.459999996E-05 7.506700058E-05 1.549999952E+00 -1.053300000E+04 6.703700195E+03 2.957500000E+02 1.043899994E+02 2.351799965E+01 1.468999939E+02 3.734399974E-01 9.545900226E-01 6.018200074E-04
 2.664999920E-05 7.560000086E-05 1.541700006E+00 2.023399963E+02 3.648899902E+03 2.953299866E+02 1.081999969E+02 2.494400024E+01 1.503500061E+02 3.877699971E-01 9.481400251E-01 6.050600205E-04
 2.870000026E-05 7.613300113E-05 1.531200051E+00 1.807299957E+02 1.534600000E+04 2.948500061E+02 1.126399994E+02 2.632399940E+01 1.566199951E+02 4.042899907E-01 9.401699901E-01 6.091900286E-04
 3.075000132E-05 7.666699821E-05 1.520099998E+00 -2.519000000E+03 1.597500000E+04 2.942900085E+02 1.174800034E+02 2.765500069E+01 1.638699951E+02 4.222300053E-01 9.315599799E-01 6.136500160E-04
 3.279999873E-05 7.719999849E-05 1.507699966E+00 -6.023900146E+02 -3.446199951E+03 2.935299988E+02 1.228000031E+02 2.933799934E+01 1.375200043E+02 4.422799945E-01 9.215700030E-01 6.187200197E-04
 3.484999979E-05 7.773299876E-05 1.494300008E+00 1.029100000E+04 -1.168200000E+04 2.924400024E+02 1.288699951E+02 3.093499947E+01 1.396999969E+02 4.651300013E-01 9.100300074E-01 6.242300151E-04
 3.690000085E-05 7.826700312E-05 1.479400039E+00 2.604000000E+04 -4.852600098E+03 2.911499939E+02 1.355099945E+02 3.259500122E+01 1.694199982E+02 4.902299941E-01 8.969399929E-01 6.305400166E-04
 3.894999827E-05 7.880000339E-05 1.458799958E+00 3.151300000E+04 -7.314200195E+03 2.898900146E+02 1.430399933E+02 3.443899918E+01 1.772400055E+02 5.186300278E-01 8.805999756E-01 6.394900265E-04
 4.099999933E-05 7.933299639E-05 1.434299946E+00 3.054900000E+04 -1.145599976E+03 2.885899963E+02 1.517799988E+02 3.618299866E+01 1.957200012E+02 5.512599945E-01 8.619700074E-01 6.504000048E-04
 4.305000039E-05 7.986700075E-05 1.406599998E+00 1.917900000E+04 1.752000000E+04 2.867799988E+02 1.621799927E+02 3.812200165E+01 2.067100067E+02 5.904700160E-01 8.400499821E-01 6.632300210E-04
 4.510000144E-05 8.040000102E-05 1.370800018E+00 2.284400000E+04 2.132800000E+04 2.842000122E+02 1.750500031E+02 4.018500137E+01 1.953600006E+02 6.394500136E-01 8.113099933E-01 6.806500023E-04
 4.714999886E-05 8.093300130E-05 1.322700024E+00 5.024900000E+04 1.363200000E+04 2.808900146E+02 1.914700012E+02 4.134999847E+01 1.367200012E+02 7.016000152E-01 7.737799883E-01 7.055299939E-04
 4.919999992E-05 8.146699838E-05 1.255800009E+00 8.699200000E+04 -2.179300049E+03 2.759500122E+02 2.131900024E+02 4.027500153E+01 3.588000107E+01 7.842100263E-01 7.218899727E-01 7.435199805E-04
 5.125000098E-05 8.199999866E-05 1.150599957E+00 1.101800000E+05 -3.478900000E+04 2.681099854E+02 2.435800018E+02 3.208599854E+01 -3.088500061E+02 9.017900229E-01 6.430199742E-01 8.134199888E-04
 5.329999840E-05 8.151999646E-05 1.005699992E+00 9.454100000E+04 -6.998400000E+04 2.572699890E+02 2.803500061E+02 1.124300003E+01 -6.855599976E+02 1.052299976E+00 5.398200154E-01 9.334000060E-04
 5.534999946E-05 8.104000153E-05 8.557800055E-01 5.834000000E+04 -8.323100000E+04 2.455000000E+02 3.133299866E+02 -2.037599945E+01 -7.251799927E+02 1.205399990E+00 4.383800030E-01 1.097999979E-03
 5.740000051E-05 8.055999933E-05 7.303100228E-01 1.411200000E+04 -8.073900000E+04 2.350599976E+02 3.362600098E+02 -5.448400116E+01 -5.290100098E+02 1.335399985E+00 3.580600023E-01 1.285200007E-03
 5.945000157E-05 8.007999713E-05 6.388800144E-01 -2.371300000E+04 -6.360600000E+04 2.266300049E+02 3.501199951E+02 -8.332099915E+01 -2.815499878E+02 1.435899973E+00 3.018299937E-01 1.465899986E-03
 6.150000263E-05 7.960000221E-05 5.783799887E-01 -4.749400000E+04 -2.757500000E+04 2.205700073E+02 3.581300049E+02 -1.035400009E+02 -7.766899872E+01 1.506899953E+00 2.657999992E-01 1.616199967E-03
 6.354999641E-05 7.912000001E-05 5.383700132E-01 -6.545000000E+04 1.172800000E+04 2.165599976E+02 3.633099976E+02 -1.154100037E+02 6.543900299E+01 1.554800034E+00 2.428500056E-01 1.734700054E-03
 6.559999747E-05 7.863999781E-05 5.115299821E-01 -7.128100000E+04 3.521100000E+04 2.136999969E+02 3.674299927E+02 -1.210199966E+02 1.686999969E+02 1.588199973E+00 2.276600003E-01 1.824600040E-03
 6.764999853E-05 7.816000289E-05 4.936400056E-01 -7.305500000E+04 5.040600000E+04 2.116000061E+02 3.714899902E+02 -1.229400024E+02 2.289499969E+02 1.614400029E+00 2.175199986E-01 1.890199957E-03
 6.969999959E-05 7.768000069E-05 4.799500108E-01 -8.325600000E+04 6.297600000E+04 2.097899933E+02 3.756099854E+02 -1.225000000E+02 2.454499969E+02 1.636999965E+00 2.096800059E-01 1.943900017E-03
 7.175000064E-05 7.719999849E-05 4.683299959E-01 -9.018900000E+04 6.554200000E+04 2.081799927E+02 3.795899963E+02 -1.204800034E+02 2.682600098E+02 1.656499982E+00 2.030400038E-01 1.992000034E-03
 7.380000170E-05 7.672000356E-05 4.575099945E-01 -8.941200000E+04 6.449700000E+04 2.065800018E+02 3.837300110E+02 -1.179800034E+02 2.726400146E+02 1.676300049E+00 1.968200058E-01 2.039100043E-03
 7.585000276E-05 7.624000136E-05 4.459699988E-01 -9.089900000E+04 6.555600000E+04 2.048500061E+02 3.881700134E+02 -1.154700012E+02 2.689700012E+02 1.698199987E+00 1.902499944E-01 2.092000097E-03
 7.789999654E-05 7.575999916E-05 4.338800013E-01 -9.518200000E+04 6.188700000E+04 2.030399933E+02 3.928299866E+02 -1.132699966E+02 2.509900055E+02 1.722000003E+00 1.834599972E-01 2.150299959E-03
 7.994999760E-05 7.527999696E-05 4.218800068E-01 -9.901200000E+04 5.408400000E+04 2.011300049E+02 3.974400024E+02 -1.108600006E+02 2.333099976E+02 1.746099949E+00 1.767099947E-01 2.211499959E-03
 8.199999866E-05 7.480000204E-05 4.096400142E-01 -1.053000000E+05 5.360900000E+04 1.992100067E+02 4.020000000E+02 -1.086600037E+02 2.327299957E+02 1.770699978E+00 1.699399948E-01 2.277600113E-03
 8.404999971E-05 7.431999984E-05 3.977499902E-01 -1.198700000E+05 5.940000000E+04 1.974799957E+02 4.062099915E+02 -1.069599991E+02 2.428600006E+02 1.794000030E+00 1.635700017E-01 2.345700050E-03
 8.610000077E-05 7.383999764E-05 3.860700130E-01 -1.360300000E+05 6.192100000E+04 1.957299957E+02 4.100000000E+02 -1.052399979E+02 2.504600067E+02 1.815899968E+00 1.573600024E-01 2.416699892E-03
 8.815000183E-05 7.336000272E-05 3.738699853E-01 -1.520700000E+05 6.495700000E+04 1.939700012E+02 4.140100098E+02 -1.039599991E+02 2.420099945E+02 1.839400053E+00 1.510300040E-01 2.495700028E-03
 9.020000289E-05 7.288000052E-05 3.621500134E-01 -1.734600000E+05 6.910300000E+04 1.923699951E+02 4.178699951E+02 -1.028000031E+02 2.458200073E+02 1.862100005E+00 1.450800002E-01 2.576400060E-03
 9.224999667E-05 7.239999832E-05 3.508799970E-01 -1.855800000E+05 7.320000000E+04 1.906000061E+02 4.212099915E+02 -1.017399979E+02 2.596000061E+02 1.883800030E+00 1.392699927E-01 2.659199992E-03
 9.429999773E-05 7.192000339E-05 3.396500051E-01 -2.017000000E+05 7.593600000E+04 1.890000000E+02 4.246700134E+02 -1.007900009E+02 2.606300049E+02 1.905400038E+00 1.336899996E-01 2.747100079E-03
 9.634999878E-05 7.144000119E-05 3.296299875E-01 -2.332200000E+05 7.891200000E+04 1.878099976E+02 4.273200073E+02 -9.980200195E+01 2.794400024E+02 1.921700001E+00 1.289300025E-01 2.830300014E-03
 9.839999984E-05 7.095999899E-05 3.222500086E-01 -3.001300000E+05 9.372500000E+04 1.878600006E+02 4.272600098E+02 -9.799099731E+01 3.495599976E+02 1.919399977E+00 1.260599941E-01 2.894900041E-03
 1.004500009E-04 7.047999679E-05 3.282200098E-01 -5.641200000E+05 1.713100000E+05 1.957500000E+02 4.116700134E+02 -9.074099731E+01 6.105499878E+02 1.810700059E+00 1.339499950E-01 2.844299888E-03
 1.025000020E-04 7.000000187E-05 3.912799954E-01 -9.347300000E+05 2.771000000E+05 2.236499939E+02 3.473099976E+02 -6.883100128E+01 1.223300049E+03 1.435600042E+00 1.846199930E-01 2.432199894E-03
 1.045500030E-04 6.951999967E-05 5.494800210E-01 -7.361900000E+05 2.035000000E+05 2.591400146E+02 2.500299988E+02 -4.029199982E+01 1.302099976E+03 9.509900212E-01 2.998099923E-01 1.762100030E-03
 1.065999968E-04 6.903999747E-05 7.210599780E-01 -2.291500000E+05 5.508000000E+04 2.793399963E+02 1.838300018E+02 -2.544199944E+01 6.259000244E+02 6.671100259E-01 4.201999903E-01 1.305500045E-03
 1.086499979E-04 6.856000255E-05 8.071600199E-01 -5.941900000E+04 1.414400000E+04 2.859500122E+02 1.596799927E+02 -2.393300056E+01 2.154900055E+02 5.731300116E-01 4.806799889E-01 1.156299957E-03
 1.106999989E-04 6.808000035E-05 8.300799727E-01 -2.612400000E+04 9.045900391E+03 2.878699951E+02 1.515299988E+02 -2.551000023E+01 1.437200012E+02 5.435500145E-01 4.975999892E-01 1.123799942E-03
 1.127500000E-04 6.759999815E-05 8.364800215E-01 -1.325900000E+04 9.681700195E+03 2.887600098E+02 1.469199982E+02 -2.687299919E+01 1.435099945E+02 5.275200009E-01 5.029900074E-01 1.115199993E-03
 1.148000010E-04 6.712000322E-05 8.413199782E-01 -1.548700000E+04 5.034200195E+03 2.893900146E+02 1.427100067E+02 -2.757399940E+01 1.582899933E+02 5.127999783E-01 5.070000291E-01 1.108799945E-03
 1.168500021E-04 6.664000102E-05 8.463600278E-01 -1.857000000E+04 8.140700195E+03 2.901799927E+02 1.384900055E+02 -2.769599915E+01 1.621300049E+02 4.976100028E-01 5.114300251E-01 1.102100010E-03
 1.189000031E-04 6.615999882E-05 8.504999876E-01 -1.771800000E+04 1.616400000E+04 2.909299927E+02 1.345599976E+02 -2.749699974E+01 1.601900024E+02 4.832699895E-01 5.152500272E-01 1.096799970E-03
 1.209499969E-04 6.567999662E-05 8.545299768E-01 -9.712900391E+03 8.802299805E+03 2.913299866E+02 1.308300018E+02 -2.700699997E+01 1.748600006E+02 4.697400033E-01 5.184100270E-01 1.091600046E-03
 1.230000053E-04 6.520000170E-05 8.584100008E-01 -3.993100098E+03 1.677800049E+03 2.917099915E+02 1.273300018E+02 -2.639999962E+01 1.929299927E+02 4.569599926E-01 5.214400291E-01 1.086700009E-03
 1.250500063E-04 6.471999950E-05 8.622999787E-01 -4.265000000E+02 2.529899902E+03 2.922600098E+02 1.240400009E+02 -2.578400040E+01 1.824299927E+02 4.447700083E-01 5.248000026E-01 1.081799972E-03
 1.270999928E-04 6.423999730E-05 8.650400043E-01 -2.906399902E+03 9.562400391E+03 2.927600098E+02 1.211600037E+02 -2.517499924E+01 1.640500031E+02 4.340600073E-01 5.273600221E-01 1.078299945E-03
 1.291499939E-04 6.376000238E-05 8.673899770E-01 -1.274700000E+04 6.814299805E+03 2.931199951E+02 1.185699997E+02 -2.463699913E+01 1.540700073E+02 4.245100021E-01 5.294399858E-01 1.075400040E-03
 1.311999949E-04 6.328000018E-05 8.707699776E-01 -1.465100000E+04 8.155000000E+03 2.936300049E+02 1.159499969E+02 -2.436000061E+01 1.475700073E+02 4.149700105E-01 5.324299932E-01 1.071200008E-03
 1.332499960E-04 6.279999798E-05 8.737099767E-01 -4.147500000E+03 9.730299805E+03 2.939299927E+02 1.132900009E+02 -2.400000000E+01 1.232200012E+02 4.053899944E-01 5.347800255E-01 1.067599980E-03
 1.352999971E-04 6.232000305E-05 8.757200241E-01 -3.503600098E+03 8.171099854E+02 2.942099915E+02 1.108499985E+02 -2.347200012E+01 1.182699966E+02 3.964599967E-01 5.365099907E-01 1.065199962E-03
 1.373499981E-04 6.184000085E-05 8.783800006E-01 -5.811299805E+03 4.884500122E+02 2.945799866E+02 1.086999969E+02 -2.274300003E+01 1.334400024E+02 3.883099854E-01 5.388299823E-01 1.062000054E-03
 1.393999992E-04 6.135999865E-05 8.816400170E-01 -5.482399902E+03 8.205900269E+02 2.947000122E+02 1.065100021E+02 -2.209000015E+01 1.357899933E+02 3.802900016E-01 5.410500169E-01 1.058000023E-03
 1.414500002E-04 6.088000009E-05 8.837699890E-01 -5.478600098E+03 6.552299805E+03 2.950100098E+02 1.042699966E+02 -2.166099930E+01 1.221500015E+02 3.721199930E-01 5.429300070E-01 1.055500004E-03
 1.435000013E-04 6.040000153E-05 8.850700259E-01 -6.815899902E+03 2.727699951E+03 2.955400085E+02 1.021500015E+02 -2.111800003E+01 1.203600006E+02 3.641400039E-01 5.446900129E-01 1.053899992E-03
 1.455500023E-04 5.991999933E-05 8.866699934E-01 -6.424700195E+03 5.111499939E+02 2.958399963E+02 1.001800003E+02 -2.035199928E+01 1.226399994E+02 3.566899896E-01 5.462399721E-01 1.051999978E-03
 1.476000034E-04 5.944000077E-05 8.884000182E-01 8.644699707E+02 4.792899902E+03 2.961799927E+02 9.831099701E+01 -1.970199966E+01 1.222799988E+02 3.496600091E-01 5.479300022E-01 1.049999963E-03
 1.496500045E-04 5.895999857E-05 8.898699880E-01 -4.084399902E+03 3.426400146E+02 2.965100098E+02 9.651599884E+01 -1.917499924E+01 1.341199951E+02 3.429700136E-01 5.494400263E-01 1.048199949E-03
 1.517000055E-04 5.848000001E-05 8.922600150E-01 -6.885799805E+03 3.382799988E+02 2.964800110E+02 9.458000183E+01 -1.846699905E+01 1.207799988E+02 3.358899951E-01 5.508599877E-01 1.045400044E-03
 1.537500066E-04 5.800000145E-05 8.949000239E-01 1.862599976E+03 6.262899902E+03 2.963999939E+02 9.263899994E+01 -1.792799950E+01 1.152099991E+02 3.289299905E-01 5.523399711E-01 1.042400021E-03
 1.557999931E-04 5.751999925E-05 8.960899711E-01 -4.456499939E+02 7.251200195E+03 2.966499939E+02 9.083200073E+01 -1.734099960E+01 1.264199982E+02 3.222199976E-01 5.535600185E-01 1.041000010E-03
 1.578499941E-04 5.704000068E-05 8.969699740E-01 -6.858100098E+03 1.322900000E+04 2.969800110E+02 8.893399811E+01 -1.663500023E+01 1.040899963E+02 3.150900006E-01 5.547199845E-01 1.039900002E-03
 1.598999952E-04 5.655999848E-05 8.984799981E-01 -4.277700195E+03 9.489599609E+03 2.971400146E+02 8.705599976E+01 -1.584500027E+01 1.106100006E+02 3.080799878E-01 5.559499860E-01 1.038199989E-03
 1.619499963E-04 5.607999992E-05 8.994600177E-01 -1.122199951E+03 2.716600037E+02 2.975100098E+02 8.537100220E+01 -1.511200047E+01 1.184300003E+02 3.016700149E-01 5.572500229E-01 1.037099981E-03
 1.639999973E-04 5.560000136E-05 8.998900056E-01 -1.609000000E+03 2.602000000E+03 2.978699951E+02 8.381600189E+01 -1.425399971E+01 1.118199997E+02 2.956500053E-01 5.581899881E-01 1.036599977E-03
 1.660499984E-04 5.511999916E-05 9.022600055E-01 -3.530300049E+03 4.629299805E+03 2.978500061E+02 8.214900208E+01 -1.352400017E+01 1.085199966E+02 2.895199955E-01 5.596200228E-01 1.033899956E-03
 1.680999994E-04 5.464000060E-05 9.043599963E-01 1.949900024E+03 3.287899902E+03 2.978599854E+02 8.048600006E+01 -1.306200027E+01 8.176599884E+01 2.835499942E-01 5.609400272E-01 1.031500055E-03
 1.701500005E-04 5.415999840E-05 9.054600000E-01 3.834600098E+03 -2.135000000E+03 2.979599915E+02 7.886900330E+01 -1.215600014E+01 8.542800140E+01 2.774600089E-01 5.618100166E-01 1.030200045E-03
 1.722000015E-04 5.367999984E-05 9.066600204E-01 -1.240400024E+03 -1.006700012E+03 2.980299988E+02 7.728299713E+01 -1.121899986E+01 9.596099854E+01 2.714900076E-01 5.626800060E-01 1.028800034E-03
 1.742500026E-04 5.320000128E-05 9.071099758E-01 -1.967099976E+03 -5.330000000E+02 2.983399963E+02 7.581600189E+01 -1.030300045E+01 9.589700317E+01 2.658599913E-01 5.635499954E-01 1.028300030E-03
 1.763000037E-04 5.271999908E-05 9.078099728E-01 -1.614500000E+03 -3.909100098E+03 2.986199951E+02 7.423799896E+01 -9.268600464E+00 9.894899750E+01 2.598400116E-01 5.645200014E-01 1.027500024E-03
 1.783500047E-04 5.224000051E-05 9.088600278E-01 -1.507400024E+03 -6.743299805E+03 2.987600098E+02 7.256900024E+01 -8.122699738E+00 9.587300110E+01 2.535600066E-01 5.654399991E-01 1.026300015E-03
 1.804000058E-04 5.175999831E-05 9.100700021E-01 1.424900024E+03 -5.767899902E+03 2.988500061E+02 7.094100189E+01 -6.602700233E+00 1.131999969E+02 2.473600060E-01 5.663599968E-01 1.025000005E-03
 1.824500068E-04 5.127999975E-05 9.108999968E-01 5.558899902E+03 3.900300049E+03 2.989100037E+02 6.932900238E+01 -5.403699875E+00 1.187799988E+02 2.413900048E-01 5.669900179E-01 1.023999997E-03
 1.844999933E-04 5.080000119E-05 9.116700292E-01 8.307299805E+03 7.167200195E+03 2.989599915E+02 6.769200134E+01 -4.676700115E+00 9.813200378E+01 2.355200052E-01 5.675699711E-01 1.023199991E-03
 1.865499944E-04 5.031999899E-05 9.121599793E-01 6.395000000E+03 -4.457799988E+02 2.990899963E+02 6.606500244E+01 -3.347700119E+00 1.150000000E+02 2.295800000E-01 5.680999756E-01 1.022599987E-03
 1.885999955E-04 4.984000043E-05 9.133200049E-01 2.454899902E+03 1.675899963E+02 2.992999878E+02 6.440299988E+01 -1.894299984E+00 1.306900024E+02 2.235199958E-01 5.692399740E-01 1.021299977E-03
 1.906499965E-04 4.935999823E-05 9.145600200E-01 3.746000000E+03 6.914100098E+03 2.994299927E+02 6.271900177E+01 -5.392699838E-01 1.133799973E+02 2.175599933E-01 5.702499747E-01 1.019899966E-03
 1.926999976E-04 4.887999967E-05 9.147800207E-01 1.207699951E+03 3.058500000E+03 2.995400085E+02 6.107699966E+01 1.129600048E+00 1.099300003E+02 2.118500024E-01 5.706099868E-01 1.019699965E-03
 1.947499986E-04 4.840000111E-05 9.145799875E-01 -3.314899902E+02 -1.595700073E+02 2.997200012E+02 5.938899994E+01 2.738500118E+00 1.167900009E+02 2.061199993E-01 5.708100200E-01 1.019899966E-03
 1.967999997E-04 4.791999891E-05 9.148499966E-01 3.467899902E+03 4.788700195E+03 2.998099976E+02 5.772399902E+01 4.347199917E+00 1.120299988E+02 2.006700039E-01 5.711500049E-01 1.019599964E-03
 1.988500007E-04 4.744000034E-05 9.144899845E-01 2.367800049E+03 9.491500000E+03 3.001199951E+02 5.633900070E+01 6.535799980E+00 1.215100021E+02 1.965499967E-01 5.715199709E-01 1.019999967E-03
 2.009000018E-04 4.696000178E-05 9.122899771E-01 -7.024600098E+03 1.447000000E+04 3.007500000E+02 5.520299911E+01 9.115699768E+00 1.317899933E+02 1.936800033E-01 5.713499784E-01 1.022499986E-03
 2.029500029E-04 4.647999958E-05 9.108399749E-01 -1.005000000E+04 1.575600000E+04 3.015000000E+02 5.414899826E+01 1.201900005E+01 1.173899994E+02 1.918099970E-01 5.718700290E-01 1.024099998E-03
 2.050000039E-04 4.600000102E-05 9.106799960E-01 -5.882000000E+03 1.479000000E+04 3.019200134E+02 5.364300156E+01 1.370400047E+01 1.085999985E+02 1.912499964E-01 5.725499988E-01 1.024300000E-03
 0.000000000E+00 6.983299681E-05 1.600700021E+00 1.155300000E+04 -3.609300000E+04 3.000000000E+02 7.173799896E+01 1.196800041E+01 1.588000031E+02 2.589499950E-01 1.009099960E+00 5.761599750E-04
 2.049999921E-06 7.034000009E-05 1.602399945E+00 7.766700195E+03 -1.891500000E+04 2.994800110E+02 7.400199890E+01 1.217500019E+01 1.364900055E+02 2.635700107E-01 1.003900051E+00 5.788200069E-04
 4.099999842E-06 7.084700337E-05 1.600999951E+00 -5.322700195E+03 -1.557599976E+03 2.988399963E+02 7.751899719E+01 1.263000011E+01 1.314499969E+02 2.726700008E-01 9.962800145E-01 5.826500128E-04
 6.149999990E-06 7.135300257E-05 1.595700026E+00 -1.271600000E+04 1.530900024E+03 2.987699890E+02 8.004399872E+01 1.315600014E+01 1.293500061E+02 2.816500068E-01 9.927800298E-01 5.845599808E-04
 8.199999684E-06 7.185999857E-05 1.591699958E+00 -1.002300000E+04 -1.662199951E+03 2.987000122E+02 8.262599945E+01 1.395600033E+01 1.367400055E+02 2.909800112E-01 9.900299907E-01 5.860599922E-04
 1.024999983E-05 7.236700185E-05 1.587000012E+00 -1.014100000E+04 -6.264299805E+03 2.985000000E+02 8.525800323E+01 1.502900028E+01 1.386900024E+02 3.007200062E-01 9.864500165E-01 5.877899821E-04
 1.229999998E-05 7.287300105E-05 1.582700014E+00 -1.318300000E+04 -4.784700012E+02 2.981799927E+02 8.779299927E+01 1.596399975E+01 1.297100067E+02 3.101400137E-01 9.827399850E-01 5.893700290E-04
 1.435000013E-05 7.337999705E-05 1.578500032E+00 -7.744100098E+03 -1.483900024E+03 2.977600098E+02 9.041999817E+01 1.681200027E+01 1.481999969E+02 3.198699951E-01 9.787700176E-01 5.909299944E-04
 1.639999937E-05 7.388700033E-05 1.574300051E+00 3.038300049E+03 4.520799805E+03 2.974200134E+02 9.319499969E+01 1.793799973E+01 1.416499939E+02 3.302800059E-01 9.750400186E-01 5.925099831E-04
 1.845000043E-05 7.439299952E-05 1.568699956E+00 6.501799805E+03 2.275100098E+03 2.972200012E+02 9.612100220E+01 1.925799942E+01 1.423099976E+02 3.412599862E-01 9.708999991E-01 5.946399760E-04
 2.049999966E-05 7.490000280E-05 1.562199950E+00 -1.008000000E+04 -1.226800000E+04 2.968800049E+02 9.931999969E+01 2.036700058E+01 1.349400024E+02 3.531399965E-01 9.657899737E-01 5.971000064E-04
 2.255000072E-05 7.540699880E-05 1.555999994E+00 -1.210300000E+04 -8.799299805E+03 2.963399963E+02 1.027500000E+02 2.152899933E+01 1.238499985E+02 3.659999967E-01 9.602299929E-01 5.994800013E-04
 2.459999996E-05 7.591299800E-05 1.548799992E+00 4.304799805E+03 -1.498000000E+04 2.958699951E+02 1.063899994E+02 2.273999977E+01 1.244199982E+02 3.795700073E-01 9.542199969E-01 6.022899761E-04
 2.664999920E-05 7.642000128E-05 1.540599942E+00 4.424200195E+03 -5.246299805E+03 2.954700012E+02 1.101900024E+02 2.404500008E+01 1.322299957E+02 3.937799931E-01 9.478999972E-01 6.054799887E-04
 2.870000026E-05 7.692699728E-05 1.531000018E+00 4.258799805E+03 1.968700000E+04 2.949500122E+02 1.144400024E+02 2.527899933E+01 1.279899979E+02 4.095700085E-01 9.403300285E-01 6.092899712E-04
 3.075000132E-05 7.743299648E-05 1.519099951E+00 8.918400391E+03 1.734200000E+04 2.943500061E+02 1.192900009E+02 2.652599907E+01 1.323899994E+02 4.274899960E-01 9.311599731E-01 6.140500191E-04
 3.279999873E-05 7.793999976E-05 1.504999995E+00 1.034700000E+04 -5.527799805E+03 2.936300049E+02 1.246600037E+02 2.812700081E+01 1.323099976E+02 4.476000071E-01 9.202499986E-01 6.198200281E-04
 3.484999979E-05 7.844700303E-05 1.491700053E+00 1.662500000E+03 -6.272000000E+03 2.925499878E+02 1.305899963E+02 2.962000084E+01 1.331699982E+02 4.698700011E-01 9.087499976E-01 6.253399770E-04
 3.690000085E-05 7.895300223E-05 1.477300048E+00 1.377200000E+04 5.131000000E+03 2.912300110E+02 1.372700043E+02 3.127400017E+01 1.561499939E+02 4.951499999E-01 8.959199786E-01 6.314400234E-04
 3.894999827E-05 7.945999823E-05 1.457000017E+00 4.242400000E+04 -2.028000000E+03 2.897999878E+02 1.449299927E+02 3.302199936E+01 1.708500061E+02 5.240399837E-01 8.793100119E-01 6.402399740E-04
 4.099999933E-05 7.996700151E-05 1.432800055E+00 4.719500000E+04 9.264900391E+03 2.884599915E+02 1.536799927E+02 3.456999969E+01 1.745399933E+02 5.566499829E-01 8.606600165E-01 6.510899984E-04
 4.305000039E-05 8.047300071E-05 1.405099988E+00 3.444300000E+04 2.167800000E+04 2.866499939E+02 1.639100037E+02 3.622800064E+01 1.728999939E+02 5.950700045E-01 8.387799859E-01 6.639399799E-04
 4.510000144E-05 8.097999671E-05 1.368800044E+00 2.814600000E+04 1.470800000E+04 2.840499878E+02 1.764400024E+02 3.793199921E+01 1.814799957E+02 6.427299976E-01 8.097400069E-01 6.816199748E-04
 4.714999886E-05 8.148699999E-05 1.320799947E+00 4.276100000E+04 3.203500000E+03 2.808299866E+02 1.925000000E+02 3.884400177E+01 1.333000031E+02 7.034599781E-01 7.724599838E-01 7.065599784E-04
 4.919999992E-05 8.199299918E-05 1.256199956E+00 7.063800000E+04 -9.905400391E+03 2.761000061E+02 2.135899963E+02 3.755400085E+01 8.784700394E+00 7.836400270E-01 7.224400043E-01 7.432500133E-04
 5.125000098E-05 8.250000246E-05 1.158800006E+00 9.279400000E+04 -3.525000000E+04 2.688099976E+02 2.420299988E+02 3.017300034E+01 -2.939599915E+02 8.938099742E-01 6.491900086E-01 8.071499760E-04
 5.329999840E-05 8.204399637E-05 1.026700020E+00 8.754600000E+04 -6.107000000E+04 2.588999939E+02 2.759599915E+02 1.222500038E+01 -5.925499878E+02 1.032199979E+00 5.543699861E-01 9.131699917E-04
 5.534999946E-05 8.158799756E-05 8.870599866E-01 5.896400000E+04 -8.131200000E+04 2.478999939E+02 3.076300049E+02 -1.530700016E+01 -6.508400269E+02 1.176300049E+00 4.587199986E-01 1.058000023E-03
 5.740000051E-05 8.113199874E-05 7.648800015E-01 2.050900000E+04 -8.791600000E+04 2.376499939E+02 3.314100037E+02 -4.627700043E+01 -5.355999756E+02 1.304600000E+00 3.791100085E-01 1.226400025E-03
 5.945000157E-05 8.067599993E-05 6.697900295E-01 -1.443500000E+04 -6.953900000E+04 2.289499969E+02 3.472500000E+02 -7.421700287E+01 -3.389500122E+02 1.409700036E+00 3.197000027E-01 1.398400054E-03
 6.150000263E-05 8.022000111E-05 6.026499867E-01 -3.392300000E+04 -3.793700000E+04 2.221900024E+02 3.571099854E+02 -9.533699799E+01 -1.512799988E+02 1.488800049E+00 2.790099978E-01 1.551500056E-03
 6.354999641E-05 7.976400229E-05 5.564100146E-01 -5.367200000E+04 -6.665399902E+03 2.173300018E+02 3.639700012E+02 -1.089599991E+02 -6.515799999E+00 1.546900034E+00 2.519100010E-01 1.678899978E-03
 6.559999747E-05 7.930800348E-05 5.238900185E-01 -6.584000000E+04 1.854900000E+04 2.137500000E+02 3.697200012E+02 -1.166299973E+02 1.148499985E+02 1.591500044E+00 2.332299948E-01 1.781899948E-03
 6.764999853E-05 7.885199739E-05 5.009499788E-01 -6.736700000E+04 4.021800000E+04 2.110299988E+02 3.743699951E+02 -1.200699997E+02 1.913699951E+02 1.624300003E+00 2.201599926E-01 1.862899982E-03
 6.969999959E-05 7.839599857E-05 4.834699929E-01 -7.719300000E+04 5.532000000E+04 2.089499969E+02 3.784299927E+02 -1.204899979E+02 2.175299988E+02 1.648900032E+00 2.103800029E-01 1.929900027E-03
 7.175000064E-05 7.793999976E-05 4.692600071E-01 -8.804300000E+04 6.143200000E+04 2.072200012E+02 3.825799866E+02 -1.191500015E+02 2.516100006E+02 1.670600057E+00 2.025000006E-01 1.988200005E-03
 7.380000170E-05 7.748400094E-05 4.570400119E-01 -9.025700000E+04 6.198600000E+04 2.055000000E+02 3.868399963E+02 -1.167200012E+02 2.526999969E+02 1.691699982E+00 1.955900043E-01 2.041300060E-03
 7.585000276E-05 7.702800212E-05 4.454199970E-01 -9.244900000E+04 6.132400000E+04 2.036999969E+02 3.911600037E+02 -1.139800034E+02 2.503800049E+02 1.713299990E+00 1.889500022E-01 2.094599884E-03
 7.789999654E-05 7.657200331E-05 4.334700108E-01 -9.285000000E+04 5.500000000E+04 2.018000031E+02 3.958800049E+02 -1.115100021E+02 2.427599945E+02 1.737599969E+00 1.821700037E-01 2.152299974E-03
 7.994999760E-05 7.611599722E-05 4.209600091E-01 -9.824200000E+04 5.296600000E+04 1.999499969E+02 4.008099976E+02 -1.088799973E+02 2.271900024E+02 1.762799978E+00 1.752900034E-01 2.216400113E-03
 8.199999866E-05 7.565999840E-05 4.091300070E-01 -1.075400000E+05 5.668100000E+04 1.981100006E+02 4.052699890E+02 -1.063399963E+02 2.349100037E+02 1.786499977E+00 1.687999964E-01 2.280399902E-03
 8.404999971E-05 7.520399959E-05 3.976599872E-01 -1.218700000E+05 6.221100000E+04 1.964199982E+02 4.092799988E+02 -1.041100006E+02 2.389799957E+02 1.808500051E+00 1.626600027E-01 2.346300054E-03
 8.610000077E-05 7.474800077E-05 3.855800033E-01 -1.422400000E+05 6.585000000E+04 1.947700043E+02 4.133699951E+02 -1.020699997E+02 2.359199982E+02 1.830999970E+00 1.563999951E-01 2.419800032E-03
 8.815000183E-05 7.429200195E-05 3.737500012E-01 -1.560300000E+05 6.659600000E+04 1.930700073E+02 4.173299866E+02 -1.005599976E+02 2.399100037E+02 1.854200006E+00 1.502700001E-01 2.496399917E-03
 9.020000289E-05 7.383600314E-05 3.621900082E-01 -1.742400000E+05 6.557300000E+04 1.914499969E+02 4.209400024E+02 -9.905200195E+01 2.511300049E+02 1.875699997E+00 1.444099993E-01 2.576099942E-03
 9.224999667E-05 7.337999705E-05 3.507300019E-01 -1.903400000E+05 6.666800000E+04 1.896999969E+02 4.245299988E+02 -9.756700134E+01 2.471499939E+02 1.898100019E+00 1.385599971E-01 2.660299884E-03
 9.429999773E-05 7.292399823E-05 3.397000134E-01 -2.015900000E+05 6.908400000E+04 1.880800018E+02 4.279899902E+02 -9.655500031E+01 2.409700012E+02 1.919999957E+00 1.330599934E-01 2.746599959E-03
 9.634999878E-05 7.246799942E-05 3.297399879E-01 -2.218900000E+05 7.152600000E+04 1.867500000E+02 4.306799927E+02 -9.553700256E+01 2.520899963E+02 1.937399983E+00 1.282400042E-01 2.829500008E-03
 9.839999984E-05 7.201200060E-05 3.215700090E-01 -2.775200000E+05 8.289200000E+04 1.863800049E+02 4.314299927E+02 -9.390899658E+01 2.949700012E+02 1.940999985E+00 1.248100027E-01 2.901100088E-03
 1.004500009E-04 7.155600179E-05 3.231199980E-01 -4.969000000E+05 1.428000000E+05 1.921900024E+02 4.201400146E+02 -8.841400146E+01 4.942500000E+02 1.860100031E+00 1.293900013E-01 2.887800103E-03
 1.025000020E-04 7.110000297E-05 3.729299903E-01 -9.289000000E+05 2.558200000E+05 2.175800018E+02 3.637200012E+02 -6.994899750E+01 1.077699951E+03 1.520900011E+00 1.708800048E-01 2.539200010E-03
 1.045500030E-04 7.064399688E-05 5.206300020E-01 -8.339100000E+05 2.147700000E+05 2.545299988E+02 2.656099854E+02 -4.248799896E+01 1.289500000E+03 1.020799994E+00 2.796800137E-01 1.866000006E-03
 1.065999968E-04 7.018799806E-05 7.018899918E-01 -2.926100000E+05 6.000800000E+04 2.779700012E+02 1.910599976E+02 -2.570700073E+01 6.833900146E+02 6.950200200E-01 4.073399901E-01 1.346300007E-03
 1.086499979E-04 6.973199925E-05 8.038300276E-01 -6.789500000E+04 2.738600098E+03 2.857600098E+02 1.631399994E+02 -2.281399918E+01 1.930299988E+02 5.849099755E-01 4.783900082E-01 1.161499997E-03
 1.106999989E-04 6.927600043E-05 8.320699930E-01 -3.062000000E+04 -9.477899780E+02 2.877799988E+02 1.546399994E+02 -2.422400093E+01 1.004400024E+02 5.537800193E-01 4.986400008E-01 1.121100038E-03
 1.127500000E-04 6.882000162E-05 8.384500146E-01 -2.233700000E+04 3.260300049E+03 2.886000061E+02 1.502700043E+02 -2.575900078E+01 1.154400024E+02 5.386199951E-01 5.038899779E-01 1.112499973E-03
 1.148000010E-04 6.836400280E-05 8.428999782E-01 -1.773100000E+04 8.650099609E+03 2.891900024E+02 1.464600067E+02 -2.650699997E+01 1.298000031E+02 5.252699852E-01 5.076000094E-01 1.106700045E-03
 1.168500021E-04 6.790799671E-05 8.474699855E-01 -1.842900000E+04 1.268200000E+04 2.898599854E+02 1.426499939E+02 -2.671400070E+01 1.316399994E+02 5.116099715E-01 5.115299821E-01 1.100699999E-03
 1.189000031E-04 6.745199789E-05 8.511700034E-01 -1.567500000E+04 1.493400000E+04 2.904100037E+02 1.390299988E+02 -2.654999924E+01 1.425700073E+02 4.984700084E-01 5.147500038E-01 1.095899963E-03
 1.209499969E-04 6.699599908E-05 8.556500077E-01 -1.587400000E+04 9.543099609E+03 2.908800049E+02 1.354100037E+02 -2.611100006E+01 1.597799988E+02 4.852800071E-01 5.182899833E-01 1.090200036E-03
 1.230000053E-04 6.654000026E-05 8.601099849E-01 -1.808400000E+04 5.496500000E+03 2.914200134E+02 1.319199982E+02 -2.556200027E+01 1.537400055E+02 4.724200070E-01 5.219600201E-01 1.084499992E-03
 1.250500063E-04 6.608400145E-05 8.639199734E-01 -1.891300000E+04 5.887500000E+03 2.920400085E+02 1.285500031E+02 -2.504599953E+01 1.535200043E+02 4.599600136E-01 5.253800154E-01 1.079699956E-03
 1.270999928E-04 6.562800263E-05 8.657799959E-01 -1.497000000E+04 4.442000000E+03 2.926199951E+02 1.256699982E+02 -2.461000061E+01 1.578500061E+02 4.492900074E-01 5.275499821E-01 1.077400055E-03
 1.291499939E-04 6.517199654E-05 8.674799800E-01 -9.097900391E+03 1.041599976E+03 2.929500122E+02 1.231699982E+02 -2.417900085E+01 1.506000061E+02 4.401299953E-01 5.292000175E-01 1.075300039E-03
 1.311999949E-04 6.471599772E-05 8.711199760E-01 -9.017500000E+03 3.361300049E+03 2.933500061E+02 1.204599991E+02 -2.384300041E+01 1.308800049E+02 4.302800000E-01 5.321400166E-01 1.070800005E-03
 1.332499960E-04 6.425999891E-05 8.736100197E-01 -1.743400024E+03 3.524600098E+03 2.937900085E+02 1.178000031E+02 -2.346100044E+01 1.019300003E+02 4.205699861E-01 5.344700217E-01 1.067799982E-03
 1.352999971E-04 6.380400009E-05 8.754299879E-01 -5.365200195E+03 3.776000000E+03 2.942099915E+02 1.153799973E+02 -2.295700073E+01 1.229000015E+02 4.116100073E-01 5.363399982E-01 1.065499964E-03
 1.373499981E-04 6.334800128E-05 8.785300255E-01 -1.013100000E+04 8.832200195E+03 2.946000061E+02 1.129899979E+02 -2.237400055E+01 1.445200043E+02 4.027299881E-01 5.389500260E-01 1.061800052E-03
 1.393999992E-04 6.289200246E-05 8.817800283E-01 -6.241399902E+03 3.612699951E+03 2.945199890E+02 1.106699982E+02 -2.162599945E+01 1.524100037E+02 3.943499923E-01 5.407999754E-01 1.057900023E-03
 1.414500002E-04 6.243599637E-05 8.844000101E-01 -7.198600098E+03 3.401699951E+03 2.947300110E+02 1.084400024E+02 -2.105299950E+01 1.332500000E+02 3.861699998E-01 5.427899957E-01 1.054699998E-03
 1.435000013E-04 6.197999755E-05 8.855299950E-01 -1.065400000E+04 -3.007699951E+03 2.953399963E+02 1.063099976E+02 -2.067799950E+01 1.200000000E+02 3.782199919E-01 5.446100235E-01 1.053399988E-03
 1.455500023E-04 6.152399874E-05 8.870700002E-01 -1.260800000E+04 -8.223599609E+03 2.955799866E+02 1.043000031E+02 -1.995100021E+01 1.257900009E+02 3.706899881E-01 5.460000038E-01 1.051599975E-03
 1.476000034E-04 6.106799992E-05 8.895300031E-01 -2.084500000E+03 1.750099976E+03 2.957900085E+02 1.023099976E+02 -1.929999924E+01 1.172900009E+02 3.633199930E-01 5.479099751E-01 1.048599952E-03
 1.496500045E-04 6.061200111E-05 8.907099962E-01 -5.787399902E+03 6.209500000E+03 2.960899963E+02 1.005000000E+02 -1.874099922E+01 1.070899963E+02 3.565799892E-01 5.491899848E-01 1.047299942E-03
 1.517000055E-04 6.015599865E-05 8.926799893E-01 -9.169900391E+03 8.684799805E+03 2.961700134E+02 9.849299622E+01 -1.784799957E+01 9.389800262E+01 3.490700126E-01 5.505499840E-01 1.045000041E-03
 1.537500066E-04 5.969999984E-05 8.945999742E-01 1.872500000E+03 1.188400000E+04 2.963200073E+02 9.637699890E+01 -1.732200050E+01 9.704900360E+01 3.413900137E-01 5.520200133E-01 1.042700023E-03
 1.557999931E-04 5.924400102E-05 8.955900073E-01 -2.351699951E+03 1.198000000E+04 2.966300049E+02 9.453099823E+01 -1.673200035E+01 1.036399994E+02 3.345200121E-01 5.532100201E-01 1.041500014E-03
 1.578499941E-04 5.878799857E-05 8.967300057E-01 -1.262200000E+04 1.437700000E+04 2.969100037E+02 9.270800018E+01 -1.597599983E+01 9.973999786E+01 3.276599944E-01 5.544400215E-01 1.040200004E-03
 1.598999952E-04 5.833199975E-05 8.981199861E-01 -1.259900000E+04 1.043200000E+04 2.970199890E+02 9.094499969E+01 -1.539200020E+01 1.056900024E+02 3.212000132E-01 5.554999709E-01 1.038599992E-03
 1.619499963E-04 5.787600094E-05 8.998000026E-01 -6.656100098E+03 4.537200195E+03 2.971400146E+02 8.927799988E+01 -1.460999966E+01 1.119499969E+02 3.149699867E-01 5.567499995E-01 1.036699978E-03
 1.639999973E-04 5.741999848E-05 9.005600214E-01 -5.892799805E+03 6.389200195E+03 2.974400024E+02 8.768199921E+01 -1.382299995E+01 1.186299973E+02 3.088999987E-01 5.577899814E-01 1.035799971E-03
 1.660499984E-04 5.696399967E-05 9.022200108E-01 -2.181300049E+03 5.504299805E+03 2.975199890E+02 8.606999969E+01 -1.310799980E+01 1.119300003E+02 3.029200137E-01 5.589699745E-01 1.033899956E-03
 1.680999994E-04 5.650800085E-05 9.041900039E-01 2.331699951E+03 8.768799805E+03 2.976900024E+02 8.437300110E+01 -1.249400043E+01 8.829299927E+01 2.966899872E-01 5.605199933E-01 1.031600055E-03
 1.701500005E-04 5.605199840E-05 9.052399993E-01 5.596900024E+02 5.213500000E+03 2.979299927E+02 8.267099762E+01 -1.164799976E+01 8.364800262E+01 2.902899981E-01 5.616199970E-01 1.030400046E-03
 1.722000015E-04 5.559599958E-05 9.066399932E-01 3.496100098E+03 -2.637000000E+03 2.979100037E+02 8.099199677E+01 -1.070100021E+01 8.976799774E+01 2.840699852E-01 5.624399781E-01 1.028900035E-03
 1.742500026E-04 5.514000077E-05 9.076700211E-01 3.024599915E+02 -2.674399902E+03 2.980899963E+02 7.943499756E+01 -9.803500175E+00 1.079100037E+02 2.782199979E-01 5.634199977E-01 1.027700026E-03
 1.763000037E-04 5.468399831E-05 9.086099863E-01 -3.671000000E+03 2.740100098E+03 2.982799988E+02 7.797299957E+01 -8.650400162E+00 1.118399963E+02 2.726199925E-01 5.643699765E-01 1.026600017E-03
 1.783500047E-04 5.422799950E-05 9.093400240E-01 -7.514900208E+01 6.525500000E+03 2.982399902E+02 7.648000336E+01 -7.508399963E+00 9.342800140E+01 2.670699954E-01 5.647400022E-01 1.025800011E-03
 1.804000058E-04 5.377200068E-05 9.102699757E-01 3.696300049E+03 -3.149399902E+03 2.982500000E+02 7.498000336E+01 -6.171100140E+00 9.849299622E+01 2.614699900E-01 5.653399825E-01 1.024800004E-03
 1.824500068E-04 5.331599823E-05 9.110599756E-01 1.087400000E+04 -5.643699951E+02 2.984700012E+02 7.360199738E+01 -4.908699989E+00 1.062300034E+02 2.562499940E-01 5.662599802E-01 1.023899997E-03
 1.844999933E-04 5.285999941E-05 9.114099741E-01 1.004700000E+04 5.716500000E+03 2.987300110E+02 7.213300323E+01 -4.042600155E+00 9.741699982E+01 2.508699894E-01 5.669599771E-01 1.023499994E-03
 1.865499944E-04 5.240400060E-05 9.117299914E-01 8.870299805E+03 -6.099500122E+02 2.988599854E+02 7.046299744E+01 -2.783900023E+00 1.071100006E+02 2.448399961E-01 5.673999786E-01 1.023099991E-03
 1.885999955E-04 5.194800178E-05 9.129899740E-01 1.082900000E+04 -1.428599976E+03 2.990599976E+02 6.884799957E+01 -1.355000019E+00 1.095800018E+02 2.389899939E-01 5.685700178E-01 1.021699980E-03
 1.906499965E-04 5.149199933E-05 9.140300155E-01 8.489200195E+03 1.180400000E+04 2.992699890E+02 6.724600220E+01 6.498800218E-02 1.045599976E+02 2.333099991E-01 5.696099997E-01 1.020499971E-03
 1.926999976E-04 5.103600051E-05 9.138399959E-01 1.518300049E+03 1.020700000E+04 2.993500061E+02 6.566300201E+01 1.821499944E+00 1.068899994E+02 2.278800011E-01 5.696600080E-01 1.020699972E-03
 1.947499986E-04 5.058000170E-05 9.132099748E-01 -2.819800049E+03 6.453399902E+03 2.995100098E+02 6.421900177E+01 3.419800043E+00 1.187699966E+02 2.230200022E-01 5.695700049E-01 1.021499978E-03
 1.967999997E-04 5.012399924E-05 9.131900072E-01 1.992400024E+03 1.052400000E+04 2.996199951E+02 6.275400162E+01 4.835499763E+00 1.140299988E+02 2.182399929E-01 5.697699785E-01 1.021499978E-03
 1.988500007E-04 4.966800043E-05 9.134399891E-01 2.457500000E+03 7.109299805E+03 2.998500061E+02 6.126399994E+01 6.909900188E+00 1.010800018E+02 2.137300074E-01 5.703499913E-01 1.021199976E-03
 2.009000018E-04 4.921200161E-05 9.123499990E-01 -3.412199951E+03 9.678299805E+03 3.001900024E+02 5.995100021E+01 9.425200462E+00 1.136999969E+02 2.102600038E-01 5.703300238E-01 1.022399985E-03
 2.029500029E-04 4.875599916E-05 9.114300013E-01 -5.439899902E+03 1.247000000E+04 3.005100098E+02 5.883599854E+01 1.203899956E+01 1.270999985E+02 2.079900056E-01 5.703499913E-01 1.023499994E-03
 2.050000039E-04 4.830000034E-05 9.112700224E-01 -4.333100098E+03 1.396800000E+04 3.006900024E+02 5.832699966E+01 1.346599960E+01 1.322899933E+02 2.072000057E-01 5.705999732E-01 1.023599994E-03
 0.000000000E+00 7.100000221E-05 1.600700021E+00 1.839400000E+04 -2.126800000E+04 3.000000000E+02 7.462200165E+01 1.153800011E+01 1.837799988E+02 2.680900097E-01 1.008399963E+00 5.767099792E-04
 2.049999921E-06 7.147999713E-05 1.601600051E+00 9.597400391E+03 -1.619700000E+04 2.995299988E+02 7.698899841E+01 1.173700047E+01 1.389700012E+02 2.732900083E-01 1.003200054E+00 5.794099998E-04
 4.099999842E-06 7.195999933E-05 1.599599957E+00 -6.594100098E+03 2.773999939E+02 2.989400024E+02 8.074199677E+01 1.215299988E+01 9.565100098E+01 2.834199965E-01 9.957900047E-01 5.831400049E-04
 6.149999990E-06 7.244000153E-05 1.593899965E+00 -4.509399902E+03 3.334000000E+03 2.989500122E+02 8.327400208E+01 1.269799995E+01 9.275700378E+01 2.923899889E-01 9.922699928E-01 5.852199974E-04
 8.199999684E-06 7.291999646E-05 1.590100050E+00 2.481600098E+03 2.671700134E+02 2.989299927E+02 8.554900360E+01 1.351000023E+01 9.628600311E+01 3.006399870E-01 9.898099899E-01 5.866300198E-04
 1.024999983E-05 7.339999866E-05 1.585600019E+00 -1.306100000E+04 5.850299805E+03 2.987200012E+02 8.803900146E+01 1.450199986E+01 1.125599976E+02 3.098199964E-01 9.863499999E-01 5.882899859E-04
 1.229999998E-05 7.388000085E-05 1.580899954E+00 -1.737000000E+04 8.055399902E+03 2.983299866E+02 9.061000061E+01 1.546300030E+01 1.318399963E+02 3.193899989E-01 9.821500182E-01 5.900299875E-04
 1.435000013E-05 7.436000305E-05 1.577499986E+00 -6.645700195E+03 -1.691300049E+03 2.978500061E+02 9.302799988E+01 1.637100029E+01 1.493699951E+02 3.284699917E-01 9.784299731E-01 5.913199857E-04
 1.639999937E-05 7.483999798E-05 1.572299957E+00 -2.045199951E+03 1.843699951E+03 2.975899963E+02 9.555599976E+01 1.741300011E+01 1.577700043E+02 3.379099965E-01 9.743300080E-01 5.932900240E-04
 1.845000043E-05 7.532000018E-05 1.566900015E+00 -2.986300049E+03 1.030200000E+04 2.972999878E+02 9.829699707E+01 1.858499908E+01 1.395599976E+02 3.481999934E-01 9.700999856E-01 5.952999927E-04
 2.049999966E-05 7.580000238E-05 1.562100053E+00 -1.158600000E+04 -1.090099976E+03 2.967900085E+02 1.013000031E+02 1.957399940E+01 1.130100021E+02 3.594200015E-01 9.654200077E-01 5.971399951E-04
 2.255000072E-05 7.627999730E-05 1.555799961E+00 5.821100098E+03 -6.640299805E+03 2.962799988E+02 1.046100006E+02 2.064200020E+01 1.236399994E+02 3.718000054E-01 9.598699808E-01 5.995699903E-04
 2.459999996E-05 7.675999950E-05 1.548099995E+00 2.164900000E+04 -2.110500000E+04 2.958599854E+02 1.082399979E+02 2.188199997E+01 1.194300003E+02 3.853000104E-01 9.537500143E-01 6.025600014E-04
 2.664999920E-05 7.724000170E-05 1.539600015E+00 9.003799805E+03 -1.641500000E+04 2.954200134E+02 1.121399994E+02 2.315900040E+01 1.087500000E+02 3.998300135E-01 9.470999837E-01 6.059000152E-04
 2.870000026E-05 7.771999663E-05 1.529600024E+00 7.587600098E+03 4.868000000E+03 2.949100037E+02 1.163399963E+02 2.428700066E+01 9.703700256E+01 4.153400064E-01 9.393500090E-01 6.098399754E-04
 3.075000132E-05 7.819999882E-05 1.517699957E+00 1.434600000E+04 8.577099609E+03 2.942900085E+02 1.210999985E+02 2.543400002E+01 9.536000061E+01 4.328899980E-01 9.300799966E-01 6.146300002E-04
 3.279999873E-05 7.868000102E-05 1.504099965E+00 1.184100000E+04 -5.378299805E+03 2.935599976E+02 1.264800034E+02 2.688899994E+01 1.073199997E+02 4.529500008E-01 9.194899797E-01 6.201799843E-04
 3.484999979E-05 7.916000322E-05 1.490800023E+00 7.679399902E+03 -9.042400391E+03 2.925400085E+02 1.323999939E+02 2.831399918E+01 1.196900024E+02 4.751000106E-01 9.082000256E-01 6.256999914E-04
 3.690000085E-05 7.963999815E-05 1.475299954E+00 1.677700000E+04 -3.793500000E+03 2.912300110E+02 1.390899963E+02 2.991200066E+01 1.486900024E+02 5.003499985E-01 8.946999907E-01 6.323200068E-04
 3.894999827E-05 8.012000035E-05 1.455000043E+00 3.481000000E+04 1.063000000E+03 2.898200073E+02 1.467700043E+02 3.156200027E+01 1.666000061E+02 5.292599797E-01 8.781300187E-01 6.411300274E-04
 4.099999933E-05 8.060000255E-05 1.430899978E+00 4.149800000E+04 1.791000000E+04 2.883900146E+02 1.554400024E+02 3.295899963E+01 1.562500000E+02 5.615599751E-01 8.593299985E-01 6.519500166E-04
 4.305000039E-05 8.107999747E-05 1.402099967E+00 3.162300000E+04 1.018800000E+04 2.865400085E+02 1.656199951E+02 3.442300034E+01 1.580800018E+02 5.997899771E-01 8.366699815E-01 6.653700257E-04
 4.510000144E-05 8.155999967E-05 1.366500020E+00 3.171800000E+04 -2.879000000E+03 2.840000000E+02 1.780299988E+02 3.588199997E+01 1.628399963E+02 6.468399763E-01 8.082100153E-01 6.827500183E-04
 4.714999886E-05 8.204000187E-05 1.320099950E+00 5.359100000E+04 -1.459500000E+03 2.806900024E+02 1.935700073E+02 3.642599869E+01 1.151299973E+02 7.057099938E-01 7.717199922E-01 7.068900159E-04
 4.919999992E-05 8.251999679E-05 1.256800056E+00 7.179900000E+04 -7.581500000E+03 2.760499878E+02 2.137799988E+02 3.485400009E+01 1.839699936E+01 7.827200294E-01 7.226700187E-01 7.428399986E-04
 5.125000098E-05 8.299999899E-05 1.165500045E+00 8.571200000E+04 -3.541100000E+04 2.692900085E+02 2.404799957E+02 2.821800041E+01 -2.361600037E+02 8.863499761E-01 6.540099978E-01 8.021100075E-04
 5.329999840E-05 8.256800356E-05 1.044899940E+00 8.710000000E+04 -6.655400000E+04 2.603599854E+02 2.720799866E+02 1.272599983E+01 -5.049700012E+02 1.014600039E+00 5.672000051E-01 8.963799919E-04
 5.534999946E-05 8.213600086E-05 9.149699807E-01 6.732500000E+04 -8.591300000E+04 2.501300049E+02 3.022600098E+02 -1.127900028E+01 -6.006400146E+02 1.149700046E+00 4.773100019E-01 1.024700003E-03
 5.740000051E-05 8.170399815E-05 7.964900136E-01 2.900400000E+04 -8.377200000E+04 2.401499939E+02 3.263900146E+02 -3.914300156E+01 -5.390399780E+02 1.274799943E+00 3.988800049E-01 1.177099999E-03
 5.945000157E-05 8.127200272E-05 6.999700069E-01 -6.709200195E+03 -6.159000000E+04 2.313699951E+02 3.437000122E+02 -6.563400269E+01 -3.818699951E+02 1.381800056E+00 3.376500010E-01 1.338099944E-03
 6.150000263E-05 8.084000001E-05 6.277599931E-01 -2.416600000E+04 -4.142900000E+04 2.241399994E+02 3.552000122E+02 -8.690200043E+01 -2.090899963E+02 1.466599941E+00 2.932299972E-01 1.490000053E-03
 6.354999641E-05 8.040799730E-05 5.750399828E-01 -4.374900000E+04 -1.769800000E+04 2.186000061E+02 3.636199951E+02 -1.018300018E+02 -5.781299973E+01 1.533100009E+00 2.618899941E-01 1.625000034E-03
 6.559999747E-05 7.997600187E-05 5.365999937E-01 -5.721300000E+04 1.026800000E+04 2.143300018E+02 3.708299866E+02 -1.111600037E+02 5.261100006E+01 1.587100029E+00 2.395700067E-01 1.740199979E-03
 6.764999853E-05 7.954399916E-05 5.093200207E-01 -6.245300000E+04 3.167100000E+04 2.110800018E+02 3.761600037E+02 -1.158899994E+02 1.326999969E+02 1.626000047E+00 2.239000052E-01 1.832499984E-03
 6.969999959E-05 7.911199646E-05 4.885799885E-01 -7.259100000E+04 4.525600000E+04 2.085399933E+02 3.807000122E+02 -1.174800034E+02 1.772599945E+02 1.655799985E+00 2.121900022E-01 1.909999992E-03
 7.175000064E-05 7.868000102E-05 4.713200033E-01 -8.243900000E+04 5.280800000E+04 2.063500061E+02 3.855000000E+02 -1.170800018E+02 2.111699982E+02 1.683200002E+00 2.025399953E-01 1.979700057E-03
 7.380000170E-05 7.824799832E-05 4.572600126E-01 -8.527500000E+04 5.780000000E+04 2.043999939E+02 3.898900146E+02 -1.150899963E+02 2.379100037E+02 1.706500053E+00 1.946399957E-01 2.040300053E-03
 7.585000276E-05 7.781600289E-05 4.445500076E-01 -9.113400000E+04 5.806000000E+04 2.026199951E+02 3.943900146E+02 -1.124000015E+02 2.416600037E+02 1.728999972E+00 1.875900030E-01 2.098700032E-03
 7.789999654E-05 7.738400018E-05 4.318900108E-01 -9.485900000E+04 4.996400000E+04 2.007599945E+02 3.992300110E+02 -1.095899963E+02 2.267200012E+02 1.753600001E+00 1.805700064E-01 2.160300035E-03
 7.994999760E-05 7.695199747E-05 4.192000031E-01 -1.027200000E+05 4.753900000E+04 1.989499969E+02 4.040499878E+02 -1.068600006E+02 2.260000000E+02 1.778300047E+00 1.736900061E-01 2.225700067E-03
 8.199999866E-05 7.652000204E-05 4.071100056E-01 -1.157600000E+05 5.430700000E+04 1.972299957E+02 4.084100037E+02 -1.040899963E+02 2.320200043E+02 1.801100016E+00 1.672099978E-01 2.291700104E-03
 8.404999971E-05 7.608799933E-05 3.954100013E-01 -1.266100000E+05 6.248700000E+04 1.955500031E+02 4.124200134E+02 -1.013199997E+02 2.323699951E+02 1.822700024E+00 1.610199958E-01 2.359699924E-03
 8.610000077E-05 7.565599662E-05 3.837099969E-01 -1.412100000E+05 6.604100000E+04 1.938500061E+02 4.164700012E+02 -9.900199890E+01 2.341600037E+02 1.845199943E+00 1.549099982E-01 2.431599889E-03
 8.815000183E-05 7.522400119E-05 3.724400103E-01 -1.548500000E+05 6.413600000E+04 1.921499939E+02 4.202999878E+02 -9.698799896E+01 2.289299927E+02 1.867499948E+00 1.490399987E-01 2.505199984E-03
 9.020000289E-05 7.479199849E-05 3.609899879E-01 -1.694500000E+05 6.159300000E+04 1.905299988E+02 4.238800049E+02 -9.515299988E+01 2.298300018E+02 1.888900042E+00 1.432300061E-01 2.584700007E-03
 9.224999667E-05 7.436000305E-05 3.497300148E-01 -1.847000000E+05 6.200600000E+04 1.888699951E+02 4.276300049E+02 -9.352400208E+01 2.297100067E+02 1.911599994E+00 1.375599951E-01 2.667800058E-03
 9.429999773E-05 7.392800035E-05 3.392100036E-01 -2.012100000E+05 6.439300000E+04 1.873300018E+02 4.310599976E+02 -9.225800323E+01 2.246399994E+02 1.932999969E+00 1.323300004E-01 2.750500105E-03
 9.634999878E-05 7.349599764E-05 3.291499913E-01 -2.208700000E+05 6.751900000E+04 1.858800049E+02 4.338200073E+02 -9.102400208E+01 2.314100037E+02 1.951200008E+00 1.274099946E-01 2.834599931E-03
 9.839999984E-05 7.306400221E-05 3.204599917E-01 -2.684200000E+05 7.676100000E+04 1.852899933E+02 4.351300049E+02 -8.940100098E+01 2.590700073E+02 1.958500028E+00 1.236499995E-01 2.911299933E-03
 1.004500009E-04 7.263199950E-05 3.192700148E-01 -4.546300000E+05 1.210100000E+05 1.896100006E+02 4.268699951E+02 -8.519799805E+01 4.202600098E+02 1.898000002E+00 1.260900050E-01 2.921900013E-03
 1.025000020E-04 7.219999679E-05 3.583300114E-01 -9.113700000E+05 2.305300000E+05 2.121900024E+02 3.778299866E+02 -6.996700287E+01 9.538300171E+02 1.595499992E+00 1.597599983E-01 2.631299896E-03
 1.045500030E-04 7.176800136E-05 4.937700033E-01 -9.022900000E+05 2.121500000E+05 2.497400055E+02 2.803399963E+02 -4.432600021E+01 1.244300049E+03 1.089100003E+00 2.608000040E-01 1.969400095E-03
 1.065999968E-04 7.133599865E-05 6.817799807E-01 -3.494700000E+05 6.971000000E+04 2.762999878E+02 1.977700043E+02 -2.635899925E+01 7.424799805E+02 7.218199968E-01 3.936600089E-01 1.392500009E-03
 1.086499979E-04 7.090400322E-05 7.994899750E-01 -7.086600000E+04 1.077400000E+04 2.853900146E+02 1.653899994E+02 -2.219300079E+01 2.030099945E+02 5.928999782E-01 4.752300084E-01 1.168300048E-03
 1.106999989E-04 7.047200052E-05 8.336700201E-01 -2.597400000E+04 -1.923300049E+03 2.876600037E+02 1.566999969E+02 -2.312800026E+01 6.950800323E+01 5.604900122E-01 4.993900061E-01 1.119000022E-03
 1.127500000E-04 7.003999781E-05 8.405399919E-01 -1.983600000E+04 1.271200027E+02 2.885100098E+02 1.527700043E+02 -2.452599907E+01 8.833899689E+01 5.467000008E-01 5.049800277E-01 1.109799952E-03
 1.148000010E-04 6.960800238E-05 8.441299796E-01 -1.554700000E+04 8.377700195E+03 2.891300049E+02 1.492100067E+02 -2.531200027E+01 1.075899963E+02 5.341500044E-01 5.082299709E-01 1.105100033E-03
 1.168500021E-04 6.917599967E-05 8.482900262E-01 -1.424700000E+04 6.540899902E+03 2.897099915E+02 1.457200012E+02 -2.559799957E+01 1.140800018E+02 5.216799974E-01 5.117700100E-01 1.099599991E-03
 1.189000031E-04 6.874399696E-05 8.519999981E-01 -1.577300000E+04 8.364299805E+03 2.902600098E+02 1.423999939E+02 -2.552099991E+01 1.274599991E+02 5.096099973E-01 5.149800181E-01 1.094799954E-03
 1.209499969E-04 6.831200153E-05 8.559200168E-01 -1.875700000E+04 7.876799805E+03 2.908500061E+02 1.390700073E+02 -2.513100052E+01 1.467400055E+02 4.973199964E-01 5.184000134E-01 1.089800033E-03
 1.230000053E-04 6.787999882E-05 8.596600294E-01 -1.661900000E+04 1.124600000E+04 2.913500061E+02 1.358500061E+02 -2.465600014E+01 1.454199982E+02 4.854399860E-01 5.215600133E-01 1.085099997E-03
 1.250500063E-04 6.744800339E-05 8.633400202E-01 -1.571300000E+04 9.509400391E+03 2.917200012E+02 1.326699982E+02 -2.421100044E+01 1.366999969E+02 4.738599956E-01 5.244600177E-01 1.080499962E-03
 1.270999928E-04 6.701600068E-05 8.662400246E-01 -1.427200000E+04 -4.226200195E+03 2.921799927E+02 1.297500000E+02 -2.384900093E+01 1.210899963E+02 4.631899893E-01 5.270599723E-01 1.076800050E-03
 1.291499939E-04 6.658399798E-05 8.685799837E-01 -1.024000000E+04 -5.673900146E+02 2.926300049E+02 1.270100021E+02 -2.344099998E+01 1.216200027E+02 4.531399906E-01 5.292900205E-01 1.073900028E-03
 1.311999949E-04 6.615200255E-05 8.711500168E-01 -9.304500000E+03 6.547500000E+03 2.930799866E+02 1.241800003E+02 -2.299099922E+01 1.186900024E+02 4.427300096E-01 5.316699743E-01 1.070800005E-03
 1.332499960E-04 6.571999984E-05 8.734700084E-01 -3.389899902E+03 -4.476100098E+03 2.935599976E+02 1.216399994E+02 -2.271899986E+01 1.025800018E+02 4.334599972E-01 5.339599848E-01 1.067899982E-03
 1.352999971E-04 6.528799713E-05 8.758699894E-01 -3.682600098E+03 -1.207900024E+03 2.939700012E+02 1.193499985E+02 -2.234199905E+01 1.112399979E+02 4.250200093E-01 5.361800194E-01 1.064999960E-03
 1.373499981E-04 6.485600170E-05 8.787199855E-01 -7.344700195E+03 1.086500000E+04 2.943699951E+02 1.169199982E+02 -2.178899956E+01 1.127200012E+02 4.160400033E-01 5.386499763E-01 1.061500050E-03
 1.393999992E-04 6.442399899E-05 8.815699816E-01 -4.187100098E+03 6.869200195E+03 2.944200134E+02 1.145400009E+02 -2.104500008E+01 1.193000031E+02 4.073199928E-01 5.404899716E-01 1.058100024E-03
 1.414500002E-04 6.399200356E-05 8.842499852E-01 -3.073600098E+03 6.494500000E+03 2.946499939E+02 1.121999969E+02 -2.037000084E+01 1.232500000E+02 3.987100124E-01 5.425500274E-01 1.054900000E-03
 1.435000013E-04 6.356000085E-05 8.859999776E-01 -9.808799805E+03 3.453699951E+03 2.951199951E+02 1.100400009E+02 -2.000099945E+01 1.073499985E+02 3.907400072E-01 5.444899797E-01 1.052799984E-03
 1.455500023E-04 6.312799815E-05 8.877400160E-01 -1.655300000E+04 1.769400024E+03 2.953699951E+02 1.080299988E+02 -1.944300079E+01 1.121999969E+02 3.833000064E-01 5.460199714E-01 1.050799969E-03
 1.476000034E-04 6.269600271E-05 8.899599910E-01 -5.538500000E+03 4.981299805E+03 2.956000061E+02 1.060500031E+02 -1.881100082E+01 1.131399994E+02 3.759500086E-01 5.478299856E-01 1.048099948E-03
 1.496500045E-04 6.226400001E-05 8.912100196E-01 -4.618200195E+03 4.693799805E+03 2.957200012E+02 1.041399994E+02 -1.810899925E+01 9.230599976E+01 3.688899875E-01 5.487999916E-01 1.046700054E-03
 1.517000055E-04 6.183199730E-05 8.930000067E-01 -1.175500000E+04 9.313700195E+03 2.959100037E+02 1.021699982E+02 -1.712000084E+01 9.807199860E+01 3.614400029E-01 5.502600074E-01 1.044600038E-03
 1.537500066E-04 6.140000187E-05 8.942899704E-01 -8.020399902E+03 1.250700000E+04 2.963599854E+02 1.002099991E+02 -1.657600021E+01 9.753299713E+01 3.541100025E-01 5.519099832E-01 1.043100026E-03
 1.557999931E-04 6.096799916E-05 8.951799870E-01 -1.043000000E+04 1.116900000E+04 2.967300110E+02 9.828199768E+01 -1.605500031E+01 9.082499695E+01 3.469600081E-01 5.531299710E-01 1.042000018E-03
 1.578499941E-04 6.053600009E-05 8.963599801E-01 -1.990200000E+04 8.911200195E+03 2.969500122E+02 9.645600128E+01 -1.536900043E+01 1.090299988E+02 3.401699960E-01 5.542700291E-01 1.040700008E-03
 1.598999952E-04 6.010400102E-05 8.977000117E-01 -1.321300000E+04 7.794700195E+03 2.969500122E+02 9.475900269E+01 -1.498999977E+01 1.056999969E+02 3.341200054E-01 5.551099777E-01 1.039099996E-03
 1.619499963E-04 5.967199832E-05 8.998399973E-01 2.332300049E+03 4.775000000E+03 2.968699951E+02 9.312799835E+01 -1.414700031E+01 8.178399658E+01 3.280999959E-01 5.562899709E-01 1.036599977E-03
 1.639999973E-04 5.923999925E-05 9.011499882E-01 8.705499878E+02 2.645800049E+03 2.970400085E+02 9.150099945E+01 -1.325699997E+01 9.155500031E+01 3.219600022E-01 5.574100018E-01 1.035099966E-03
 1.660499984E-04 5.880800018E-05 9.019700289E-01 -4.139100098E+03 2.860899902E+03 2.972999878E+02 8.987699890E+01 -1.255099964E+01 1.144700012E+02 3.158800006E-01 5.583900213E-01 1.034199959E-03
 1.680999994E-04 5.837600111E-05 9.035400152E-01 -1.883300049E+03 4.733399902E+03 2.975499878E+02 8.810399628E+01 -1.182999992E+01 1.016399994E+02 3.092800081E-01 5.598499775E-01 1.032399945E-03
 1.701500005E-04 5.794399840E-05 9.049500227E-01 -2.878100014E+01 8.791400391E+03 2.977000122E+02 8.632599640E+01 -1.099800014E+01 7.668000031E+01 3.027099967E-01 5.610100031E-01 1.030800049E-03
 1.722000015E-04 5.751199933E-05 9.061599970E-01 1.320099976E+03 8.359700195E+03 2.977000122E+02 8.463899994E+01 -1.011999989E+01 7.231999969E+01 2.964999974E-01 5.617499948E-01 1.029400039E-03
 1.742500026E-04 5.708000026E-05 9.065200090E-01 -3.430500000E+03 5.183799805E+03 2.979200134E+02 8.314700317E+01 -9.267100334E+00 8.892900085E+01 2.908999920E-01 5.623900294E-01 1.029000035E-03
 1.763000037E-04 5.664800119E-05 9.072999954E-01 -2.115000000E+03 6.405399902E+03 2.981300049E+02 8.175299835E+01 -8.111300468E+00 1.091200027E+02 2.855600119E-01 5.632799864E-01 1.028100029E-03
 1.783500047E-04 5.621599848E-05 9.089499712E-01 4.661299805E+03 1.052000000E+04 2.979899902E+02 8.029599762E+01 -7.032499790E+00 1.039800034E+02 2.802299857E-01 5.640400052E-01 1.026200014E-03
 1.804000058E-04 5.578399941E-05 9.102600217E-01 9.468700195E+03 7.233299805E+03 2.978699951E+02 7.886399841E+01 -5.711100101E+00 9.669499969E+01 2.749699950E-01 5.646100044E-01 1.024800004E-03
 1.824500068E-04 5.535200035E-05 9.107000232E-01 1.285700000E+04 1.194100000E+04 2.981000061E+02 7.754299927E+01 -4.407999992E+00 1.051399994E+02 2.699800134E-01 5.653200150E-01 1.024300000E-03
 1.844999933E-04 5.492000128E-05 9.109899998E-01 5.852799805E+03 1.013000000E+04 2.983599854E+02 7.622599792E+01 -3.413199902E+00 1.020800018E+02 2.651199996E-01 5.659999847E-01 1.023899997E-03
 1.865499944E-04 5.448799857E-05 9.116500020E-01 2.214600098E+03 4.417299805E+03 2.984899902E+02 7.469999695E+01 -2.115099907E+00 1.032799988E+02 2.596099973E-01 5.666599870E-01 1.023199991E-03
 1.885999955E-04 5.405599950E-05 9.121999741E-01 4.198399902E+03 6.709100098E+03 2.987600098E+02 7.317600250E+01 -8.105800152E-01 1.014499969E+02 2.541100085E-01 5.675100088E-01 1.022599987E-03
 1.906499965E-04 5.362400043E-05 9.122200012E-01 2.346600098E+03 8.255200195E+03 2.990400085E+02 7.175000000E+01 7.155100107E-01 9.706700134E+01 2.490500063E-01 5.680500269E-01 1.022599987E-03
 1.926999976E-04 5.319200136E-05 9.123100042E-01 -1.237500000E+03 1.029000000E+04 2.991600037E+02 7.031800079E+01 2.463399887E+00 1.035999985E+02 2.441599965E-01 5.683400035E-01 1.022499986E-03
 1.947499986E-04 5.275999865E-05 9.124400020E-01 -5.381600098E+03 6.030899902E+03 2.992799988E+02 6.896900177E+01 3.895499945E+00 1.251699982E+02 2.396599948E-01 5.686399937E-01 1.022299984E-03
 1.967999997E-04 5.232799958E-05 9.123899937E-01 -4.253600098E+03 3.700399902E+03 2.993500061E+02 6.766799927E+01 5.305900097E+00 1.173300018E+02 2.354599983E-01 5.687599778E-01 1.022399985E-03
 1.988500007E-04 5.189600051E-05 9.126899838E-01 -1.533300049E+03 8.743799805E+03 2.994899902E+02 6.634999847E+01 7.294199944E+00 8.980400085E+01 2.315299958E-01 5.691999793E-01 1.021999982E-03
 2.009000018E-04 5.146400144E-05 9.121099710E-01 -4.552700195E+03 9.255299805E+03 2.996300049E+02 6.519200134E+01 9.646900177E+00 9.996900177E+01 2.285300046E-01 5.691099763E-01 1.022699988E-03
 2.029500029E-04 5.103199874E-05 9.111999869E-01 -5.931700195E+03 1.090800000E+04 2.997200012E+02 6.409999847E+01 1.199600029E+01 1.273899994E+02 2.261199951E-01 5.687000155E-01 1.023699995E-03
 2.050000039E-04 5.059999967E-05 9.107400179E-01 -6.127299805E+03 1.649000000E+04 2.998200073E+02 6.355199814E+01 1.322299957E+01 1.425700073E+02 2.249999940E-01 5.685999990E-01 1.024199999E-03
 0.000000000E+00 7.216700033E-05 1.600700021E+00 2.301300000E+04 -2.289300000E+04 3.000000000E+02 7.788400269E+01 1.098799992E+01 2.371900024E+02 2.783400118E-01 1.007599950E+00 5.775599857E-04
 2.049999921E-06 7.262000145E-05 1.600299954E+00 8.570599609E+03 -1.346400000E+04 2.996499939E+02 8.033799744E+01 1.118299961E+01 1.434499969E+02 2.841199934E-01 1.002400041E+00 5.802899832E-04
 4.099999842E-06 7.307300257E-05 1.597900033E+00 -1.281800049E+03 2.008300049E+03 2.991400146E+02 8.407299805E+01 1.165299988E+01 7.528700256E+01 2.945199907E-01 9.953899980E-01 5.837699864E-04
 6.149999990E-06 7.352700050E-05 1.593099952E+00 -3.248800049E+03 -7.024700195E+03 2.990000000E+02 8.643399811E+01 1.235599995E+01 1.132500000E+02 3.030399978E-01 9.919000268E-01 5.855400232E-04
 8.199999684E-06 7.398000162E-05 1.589200020E+00 -1.529200000E+04 -9.283500000E+03 2.988699951E+02 8.851200104E+01 1.313500023E+01 1.210699997E+02 3.106299937E-01 9.890400171E-01 5.869700108E-04
 1.024999983E-05 7.443300274E-05 1.585100055E+00 -1.486300000E+04 6.511200195E+03 2.986900024E+02 9.075599670E+01 1.402499962E+01 1.171500015E+02 3.188999891E-01 9.858800173E-01 5.884999991E-04
 1.229999998E-05 7.488700066E-05 1.579800010E+00 -6.501400146E+02 1.227700000E+04 2.984200134E+02 9.308799744E+01 1.498900032E+01 1.145199966E+02 3.275699914E-01 9.817299843E-01 5.904500140E-04
 1.435000013E-05 7.534000179E-05 1.575399995E+00 9.186099609E+03 5.392600098E+03 2.980000000E+02 9.537699890E+01 1.586600018E+01 1.240500031E+02 3.361400068E-01 9.776499867E-01 5.920900148E-04
 1.639999937E-05 7.579300291E-05 1.570299983E+00 3.181199951E+03 -7.416199951E+02 2.977000122E+02 9.783899689E+01 1.688199997E+01 1.530000000E+02 3.453499973E-01 9.734399915E-01 5.940499832E-04
 1.845000043E-05 7.624700083E-05 1.566200018E+00 -1.668500000E+03 6.867700195E+03 2.972200012E+02 1.004800034E+02 1.792700005E+01 1.321100006E+02 3.553000093E-01 9.693700075E-01 5.955799716E-04
 2.049999966E-05 7.670000196E-05 1.561400056E+00 1.958599976E+03 6.114500000E+03 2.966600037E+02 1.033700027E+02 1.884000015E+01 9.084400177E+01 3.661299944E-01 9.645599723E-01 5.974199739E-04
 2.255000072E-05 7.715300308E-05 1.554399967E+00 1.031700000E+04 6.492100098E+03 2.962200012E+02 1.065299988E+02 1.987299919E+01 9.945400238E+01 3.778800070E-01 9.588199854E-01 6.001099828E-04
 2.459999996E-05 7.760700100E-05 1.546399951E+00 1.762100000E+04 -3.989100098E+03 2.957999878E+02 1.099700012E+02 2.098800087E+01 8.039099884E+01 3.906500041E-01 9.525399804E-01 6.032100064E-04
 2.664999920E-05 7.806000212E-05 1.537199974E+00 9.113799805E+03 -1.050500000E+04 2.954800110E+02 1.138899994E+02 2.220299911E+01 8.187500000E+01 4.051100016E-01 9.458199739E-01 6.068400107E-04
 2.870000026E-05 7.851300325E-05 1.527199984E+00 4.456399902E+03 1.249400024E+03 2.949899902E+02 1.182300034E+02 2.334099960E+01 1.084899979E+02 4.211100042E-01 9.381399751E-01 6.108100060E-04
 3.075000132E-05 7.896700117E-05 1.516000032E+00 3.280199890E+02 1.137100000E+04 2.942300110E+02 1.228399963E+02 2.437299919E+01 1.133899994E+02 4.381600022E-01 9.288600087E-01 6.153099821E-04
 3.279999873E-05 7.942000229E-05 1.504199982E+00 7.412000000E+03 -3.954599915E+02 2.933500061E+02 1.280299988E+02 2.558900070E+01 1.063600006E+02 4.575099945E-01 9.188899994E-01 6.201299839E-04
 3.484999979E-05 7.987300341E-05 1.491199970E+00 2.428500000E+04 -1.470800000E+04 2.922999878E+02 1.339700012E+02 2.689800072E+01 9.307800293E+01 4.796899855E-01 9.076700211E-01 6.255600019E-04
 3.690000085E-05 8.032700134E-05 1.474300027E+00 2.449600000E+04 -1.035000000E+04 2.910899963E+02 1.406900024E+02 2.843000031E+01 1.108499985E+02 5.049099922E-01 8.937000036E-01 6.327200099E-04
 3.894999827E-05 8.078000246E-05 1.453799963E+00 2.519500000E+04 -3.370699951E+03 2.897799988E+02 1.482299957E+02 2.999399948E+01 1.361199951E+02 5.332199931E-01 8.773000240E-01 6.416499964E-04
 4.099999933E-05 8.123300358E-05 1.429900050E+00 3.240600000E+04 5.640600098E+03 2.882799988E+02 1.568200073E+02 3.129999924E+01 1.261200027E+02 5.652499795E-01 8.584399819E-01 6.524000200E-04
 4.305000039E-05 8.168700151E-05 1.401100039E+00 2.656100000E+04 3.589300049E+03 2.863099976E+02 1.669799957E+02 3.259500122E+01 1.197699966E+02 6.034600139E-01 8.353899717E-01 6.658299826E-04
 4.510000144E-05 8.214000263E-05 1.366299987E+00 2.924700000E+04 -1.083000031E+02 2.838399963E+02 1.792599945E+02 3.381200027E+01 1.252699966E+02 6.499000192E-01 8.076000214E-01 6.828699843E-04
 4.714999886E-05 8.259299648E-05 1.320700049E+00 5.637500000E+04 -1.339100037E+02 2.805299988E+02 1.944900055E+02 3.405699921E+01 8.716600037E+01 7.076399922E-01 7.716400027E-01 7.065699901E-04
 4.919999992E-05 8.304700168E-05 1.258900046E+00 7.685800000E+04 -6.654500122E+02 2.760400085E+02 2.137700043E+02 3.230500031E+01 2.958099937E+01 7.812200189E-01 7.238000035E-01 7.415899890E-04
 5.125000098E-05 8.350000280E-05 1.172700047E+00 8.612000000E+04 -2.633600000E+04 2.697699890E+02 2.388800049E+02 2.626300049E+01 -1.774499969E+02 8.787900209E-01 6.591699719E-01 7.969199796E-04
 5.329999840E-05 8.309200348E-05 1.060600042E+00 8.753200000E+04 -6.019900000E+04 2.614599915E+02 2.687200012E+02 1.282699966E+01 -4.473599854E+02 9.997299910E-01 5.780799985E-01 8.824699908E-04
 5.534999946E-05 8.268399688E-05 9.387500286E-01 8.074400000E+04 -7.311500000E+04 2.519600067E+02 2.975700073E+02 -8.058500290E+00 -5.527000122E+02 1.126999974E+00 4.931800067E-01 9.979299502E-04
 5.740000051E-05 8.227599756E-05 8.255400062E-01 4.725500000E+04 -7.810300000E+04 2.423300018E+02 3.214100037E+02 -3.295899963E+01 -5.108900146E+02 1.247099996E+00 4.171299934E-01 1.134900027E-03
 5.945000157E-05 8.186799823E-05 7.295799851E-01 1.174300000E+04 -6.794200000E+04 2.335399933E+02 3.396400146E+02 -5.761999893E+01 -3.973599854E+02 1.353999972E+00 3.552100062E-01 1.283499994E-03
 6.150000263E-05 8.145999891E-05 6.532099843E-01 -9.185000000E+03 -5.212600000E+04 2.260899963E+02 3.528699951E+02 -7.853700256E+01 -2.463099976E+02 1.443600059E+00 3.077900112E-01 1.432199962E-03
 6.354999641E-05 8.105199959E-05 5.948500037E-01 -3.525800000E+04 -2.540600000E+04 2.200500031E+02 3.628800049E+02 -9.433100128E+01 -1.036200027E+02 1.517300010E+00 2.727400064E-01 1.571399975E-03
 6.559999747E-05 8.064400026E-05 5.509300232E-01 -5.283900000E+04 7.586600098E+03 2.152700043E+02 3.710700073E+02 -1.049499969E+02 -1.875499964E+00 1.577600002E+00 2.470600009E-01 1.695399988E-03
 6.764999853E-05 8.023600094E-05 5.188800097E-01 -5.709000000E+04 2.542800000E+04 2.115099945E+02 3.772000122E+02 -1.108899994E+02 7.600399780E+01 1.622499943E+00 2.285899967E-01 1.799099962E-03
 6.969999959E-05 7.982800162E-05 4.946900010E-01 -6.548200000E+04 3.846100000E+04 2.085000000E+02 3.825100098E+02 -1.136600037E+02 1.408500061E+02 1.658499956E+00 2.148199975E-01 1.886600046E-03
 7.175000064E-05 7.942000229E-05 4.746800065E-01 -7.534000000E+04 4.569700000E+04 2.058899994E+02 3.879500122E+02 -1.141500015E+02 1.801900024E+02 1.691400051E+00 2.035399973E-01 1.965899952E-03
 7.380000170E-05 7.901200297E-05 4.584699869E-01 -8.733100000E+04 5.177600000E+04 2.036499939E+02 3.926099854E+02 -1.126900024E+02 2.102599945E+02 1.717800021E+00 1.944400072E-01 2.035100013E-03
 7.585000276E-05 7.860399637E-05 4.439499974E-01 -9.563800000E+04 5.349700000E+04 2.017799988E+02 3.973399963E+02 -1.102699966E+02 2.267100067E+02 1.742200017E+00 1.865600049E-01 2.101700054E-03
 7.789999654E-05 7.819599705E-05 4.299199879E-01 -9.747600000E+04 4.830000000E+04 2.000000000E+02 4.023999939E+02 -1.075400009E+02 2.184299927E+02 1.767600060E+00 1.790699959E-01 2.170199994E-03
 7.994999760E-05 7.778799772E-05 4.170100093E-01 -1.059700000E+05 4.708300000E+04 1.981499939E+02 4.071199951E+02 -1.045800018E+02 2.190200043E+02 1.792099953E+00 1.720799953E-01 2.237400040E-03
 8.199999866E-05 7.737999840E-05 4.047000110E-01 -1.183600000E+05 5.270300000E+04 1.962700043E+02 4.116099854E+02 -1.015899963E+02 2.217200012E+02 1.816200018E+00 1.654199958E-01 2.305400092E-03
 8.404999971E-05 7.697199908E-05 3.929899931E-01 -1.282400000E+05 5.550200000E+04 1.945599976E+02 4.155799866E+02 -9.845400238E+01 2.311699982E+02 1.837599993E+00 1.592299938E-01 2.374100033E-03
 8.610000077E-05 7.656399976E-05 3.818199933E-01 -1.378200000E+05 5.603800000E+04 1.930200043E+02 4.190700073E+02 -9.564800262E+01 2.348200073E+02 1.856799960E+00 1.534799933E-01 2.443500096E-03
 8.815000183E-05 7.615600043E-05 3.705399930E-01 -1.508200000E+05 5.893900000E+04 1.914100037E+02 4.229299927E+02 -9.341600037E+01 2.217200012E+02 1.878900051E+00 1.476999968E-01 2.518099966E-03
 9.020000289E-05 7.574800111E-05 3.593200147E-01 -1.615300000E+05 6.003000000E+04 1.896600037E+02 4.271000061E+02 -9.143499756E+01 2.041600037E+02 1.903399944E+00 1.419299990E-01 2.596599981E-03
 9.224999667E-05 7.534000179E-05 3.486199975E-01 -1.790800000E+05 6.059100000E+04 1.880599976E+02 4.307099915E+02 -8.955899811E+01 2.159600067E+02 1.925199986E+00 1.365399957E-01 2.676300006E-03
 9.429999773E-05 7.493200246E-05 3.384700119E-01 -2.037900000E+05 6.100900000E+04 1.866699982E+02 4.337099915E+02 -8.793399811E+01 2.230800018E+02 1.943899989E+00 1.315799952E-01 2.756499918E-03
 9.634999878E-05 7.452400314E-05 3.286600113E-01 -2.267000000E+05 6.527600000E+04 1.852700043E+02 4.365000000E+02 -8.645500183E+01 2.298099976E+02 1.962000012E+00 1.268099993E-01 2.838900080E-03
 9.839999984E-05 7.411599654E-05 3.196499944E-01 -2.650600000E+05 7.157000000E+04 1.843699951E+02 4.383399963E+02 -8.476699829E+01 2.544799957E+02 1.973299980E+00 1.227200031E-01 2.918699989E-03
 1.004500009E-04 7.370799722E-05 3.169000149E-01 -4.235600000E+05 1.030400000E+05 1.875200043E+02 4.324299927E+02 -8.144400024E+01 3.698800049E+02 1.929000020E+00 1.237599999E-01 2.943600062E-03
 1.025000020E-04 7.329999789E-05 3.473500013E-01 -8.844400000E+05 2.027000000E+05 2.073600006E+02 3.901499939E+02 -6.901000214E+01 8.111699829E+02 1.661700010E+00 1.510200053E-01 2.705099992E-03
 1.045500030E-04 7.289199857E-05 4.702199996E-01 -9.661200000E+05 2.057200000E+05 2.449299927E+02 2.947399902E+02 -4.572900009E+01 1.156099976E+03 1.157299995E+00 2.439900041E-01 2.066900022E-03
 1.065999968E-04 7.248399925E-05 6.615700126E-01 -4.233300000E+05 8.033600000E+04 2.745400085E+02 2.050200043E+02 -2.732799911E+01 7.731300049E+02 7.512199879E-01 3.799700141E-01 1.441900036E-03
 1.086499979E-04 7.207599992E-05 7.932800055E-01 -7.829400000E+04 1.503300000E+04 2.850700073E+02 1.673600006E+02 -2.204700089E+01 2.206499939E+02 6.001200080E-01 4.710600078E-01 1.178100007E-03
 1.106999989E-04 7.166800060E-05 8.337799907E-01 -2.093800000E+04 3.591800049E+03 2.875899963E+02 1.580000000E+02 -2.242200089E+01 6.126300049E+01 5.647500157E-01 4.993300140E-01 1.118800021E-03
 1.127500000E-04 7.126000128E-05 8.421199918E-01 -1.465200000E+04 2.403699951E+03 2.884899902E+02 1.546399994E+02 -2.337400055E+01 6.007400131E+01 5.526000261E-01 5.059000254E-01 1.107700053E-03
 1.148000010E-04 7.085200195E-05 8.451200128E-01 -1.165200000E+04 2.126699951E+03 2.891000061E+02 1.515299988E+02 -2.406299973E+01 8.605599976E+01 5.415400267E-01 5.087800026E-01 1.103700022E-03
 1.168500021E-04 7.044400263E-05 8.485199809E-01 -1.513600000E+04 1.818800049E+03 2.896400146E+02 1.481600037E+02 -2.438699913E+01 1.070800018E+02 5.295100212E-01 5.117899776E-01 1.099299989E-03
 1.189000031E-04 7.003600331E-05 8.525199890E-01 -1.699200000E+04 5.339600098E+03 2.902300110E+02 1.448300018E+02 -2.435499954E+01 1.101900024E+02 5.173699856E-01 5.152500272E-01 1.094199950E-03
 1.209499969E-04 6.962799671E-05 8.560799956E-01 -8.504900391E+03 5.070799805E+03 2.907600098E+02 1.416000061E+02 -2.403199959E+01 1.218199997E+02 5.055000186E-01 5.183299780E-01 1.089600031E-03
 1.230000053E-04 6.921999739E-05 8.592900038E-01 -7.874899902E+03 8.652400391E+03 2.911300049E+02 1.385000000E+02 -2.350699997E+01 1.363600006E+02 4.941200018E-01 5.209299922E-01 1.085600001E-03
 1.250500063E-04 6.881199806E-05 8.621799946E-01 -1.480000000E+04 5.460100098E+03 2.915400085E+02 1.356999969E+02 -2.324600029E+01 1.159100037E+02 4.839200079E-01 5.234299898E-01 1.081899973E-03
 1.270999928E-04 6.840399874E-05 8.660899997E-01 -7.521700195E+03 -7.116100098E+03 2.918699951E+02 1.329600067E+02 -2.301700020E+01 8.197599792E+01 4.740299881E-01 5.264000297E-01 1.077000052E-03
 1.291499939E-04 6.799599942E-05 8.694999814E-01 -1.614699951E+03 -4.685299805E+03 2.922799988E+02 1.301999969E+02 -2.249500084E+01 9.363400269E+01 4.638299942E-01 5.292099714E-01 1.072800020E-03
 1.311999949E-04 6.758800009E-05 8.717300296E-01 -1.334099976E+03 5.370100098E+03 2.928500061E+02 1.276100006E+02 -2.202400017E+01 1.112900009E+02 4.541299939E-01 5.315999985E-01 1.070099999E-03
 1.332499960E-04 6.718000077E-05 8.740900159E-01 4.348999939E+02 -3.877600098E+03 2.932999878E+02 1.250999985E+02 -2.188699913E+01 1.028700027E+02 4.450300038E-01 5.338699818E-01 1.067199977E-03
 1.352999971E-04 6.677200145E-05 8.763499856E-01 -4.492799805E+03 -1.522300049E+03 2.937200012E+02 1.226600037E+02 -2.161499977E+01 7.986299896E+01 4.361400008E-01 5.360100269E-01 1.064399956E-03
 1.373499981E-04 6.636400212E-05 8.787699938E-01 -4.929299805E+03 8.634099609E+03 2.940799866E+02 1.202699966E+02 -2.098500061E+01 7.727300262E+01 4.272800088E-01 5.381500125E-01 1.061500050E-03
 1.393999992E-04 6.595600280E-05 8.813199997E-01 -6.795500000E+03 3.690300049E+03 2.944200134E+02 1.178499985E+02 -2.020700073E+01 8.935299683E+01 4.182200134E-01 5.403400064E-01 1.058400027E-03
 1.414500002E-04 6.554800348E-05 8.833100200E-01 -3.503399902E+03 3.417399902E+03 2.947099915E+02 1.155599976E+02 -1.957999992E+01 9.425099945E+01 4.097400010E-01 5.421000123E-01 1.056000008E-03
 1.435000013E-04 6.513999688E-05 8.852699995E-01 -3.143100098E+03 4.153200195E+03 2.948900146E+02 1.134599991E+02 -1.917099953E+01 8.580300140E+01 4.021599889E-01 5.436300039E-01 1.053699991E-03
 1.455500023E-04 6.473199755E-05 8.876299858E-01 -7.854500000E+03 5.477100098E+03 2.950599976E+02 1.113700027E+02 -1.873399925E+01 9.539099884E+01 3.945800066E-01 5.453900099E-01 1.050899969E-03
 1.476000034E-04 6.432399823E-05 8.893899918E-01 -4.289100037E+02 2.318800049E+03 2.953500061E+02 1.092500000E+02 -1.807699966E+01 9.440599823E+01 3.867099881E-01 5.470100045E-01 1.048799953E-03
 1.496500045E-04 6.391599891E-05 8.906599879E-01 7.737200165E+01 9.798499756E+02 2.955400085E+02 1.071699982E+02 -1.727599907E+01 8.384600067E+01 3.789699972E-01 5.481299758E-01 1.047299942E-03
 1.517000055E-04 6.350799958E-05 8.925300241E-01 -1.070600000E+04 -6.053200073E+02 2.958399963E+02 1.052699966E+02 -1.647699928E+01 9.290299988E+01 3.717899919E-01 5.498499870E-01 1.045100042E-03
 1.537500066E-04 6.310000026E-05 8.940899968E-01 -1.077100000E+04 -1.074000000E+03 2.962600098E+02 1.036100006E+02 -1.586900043E+01 8.898500061E+01 3.654600084E-01 5.515800118E-01 1.043300028E-03
 1.557999931E-04 6.269200094E-05 8.949300051E-01 -7.012399902E+03 7.153899902E+03 2.965100098E+02 1.018700027E+02 -1.528999996E+01 8.253500366E+01 3.590300083E-01 5.525599718E-01 1.042300020E-03
 1.578499941E-04 6.228400161E-05 8.957999945E-01 -1.070600000E+04 4.437799805E+03 2.967699890E+02 1.001100006E+02 -1.469299984E+01 8.231400299E+01 3.524999917E-01 5.535899997E-01 1.041300013E-03
 1.598999952E-04 6.187600229E-05 8.971999884E-01 -2.385600098E+03 6.166799927E+02 2.968500061E+02 9.829499817E+01 -1.429300022E+01 7.779699707E+01 3.459999859E-01 5.546100140E-01 1.039700001E-03
 1.619499963E-04 6.146800297E-05 8.995400071E-01 1.025900000E+04 -2.203399902E+03 2.967500000E+02 9.639600372E+01 -1.355300045E+01 6.664700317E+01 3.391399980E-01 5.558699965E-01 1.036999980E-03
 1.639999973E-04 6.105999637E-05 9.013199806E-01 7.274100098E+03 -3.692100098E+03 2.968299866E+02 9.474900055E+01 -1.265499973E+01 7.089800262E+01 3.329800069E-01 5.571299791E-01 1.034899964E-03
 1.660499984E-04 6.065200068E-05 9.016699791E-01 -1.590500000E+03 -1.400099976E+03 2.971400146E+02 9.329900360E+01 -1.190100002E+01 9.402700043E+01 3.274700046E-01 5.579100251E-01 1.034499961E-03
 1.680999994E-04 6.024400136E-05 9.030900002E-01 -1.862099976E+03 -3.023199951E+03 2.973399963E+02 9.166899872E+01 -1.109200001E+01 9.466000366E+01 3.213799894E-01 5.591700077E-01 1.032899949E-03
 1.701500005E-04 5.983599840E-05 9.041000009E-01 -1.498699951E+03 3.525800049E+03 2.974599915E+02 9.000199890E+01 -1.026299953E+01 8.187999725E+01 3.152100146E-01 5.600299835E-01 1.031700056E-03
 1.722000015E-04 5.942799908E-05 9.049800038E-01 -5.262000000E+03 6.449799805E+03 2.976099854E+02 8.841999817E+01 -9.500800133E+00 8.042700195E+01 3.093700111E-01 5.608500242E-01 1.030700048E-03
 1.742500026E-04 5.901999975E-05 9.059100151E-01 -6.520200195E+03 -2.578199951E+03 2.977500000E+02 8.680899811E+01 -8.574999809E+00 8.159799957E+01 3.034000099E-01 5.616899729E-01 1.029700041E-03
 1.763000037E-04 5.861200043E-05 9.062799811E-01 -5.450700195E+03 -5.760200195E+03 2.979100037E+02 8.523500061E+01 -7.529399872E+00 8.964099884E+01 2.975299954E-01 5.622199774E-01 1.029300038E-03
 1.783500047E-04 5.820400111E-05 9.077200294E-01 3.126300049E+03 2.366699951E+03 2.980000000E+02 8.378900146E+01 -6.523200035E+00 9.820600128E+01 2.921800017E-01 5.632900000E-01 1.027600025E-03
 1.804000058E-04 5.779600178E-05 9.090099931E-01 9.056299805E+03 1.262500000E+04 2.979100037E+02 8.240299988E+01 -5.161900043E+00 1.040999985E+02 2.870900035E-01 5.639200211E-01 1.026200014E-03
 1.824500068E-04 5.738799882E-05 9.098299742E-01 6.053100098E+03 1.341800000E+04 2.979400024E+02 8.110900116E+01 -3.920900106E+00 1.045500031E+02 2.823399901E-01 5.644800067E-01 1.025200007E-03
 1.844999933E-04 5.697999950E-05 9.101300240E-01 2.056199951E+03 1.035000000E+04 2.981600037E+02 7.993199921E+01 -2.862499952E+00 9.285600281E+01 2.779999971E-01 5.650900006E-01 1.024900004E-03
 1.865499944E-04 5.657200018E-05 9.103699923E-01 -1.504400024E+03 8.579599609E+03 2.983599854E+02 7.866899872E+01 -1.457900047E+00 1.003600006E+02 2.733899951E-01 5.656099916E-01 1.024600002E-03
 1.885999955E-04 5.616400085E-05 9.110999703E-01 -1.858199951E+03 5.572000000E+03 2.985000000E+02 7.728600311E+01 -2.261299938E-01 1.148099976E+02 2.684699893E-01 5.663300157E-01 1.023799996E-03
 1.906499965E-04 5.575600153E-05 9.110699892E-01 4.244599915E+02 5.814000000E+03 2.986600037E+02 7.600499725E+01 1.276999950E+00 1.089100037E+02 2.640100121E-01 5.666099787E-01 1.023899997E-03
 1.926999976E-04 5.534799857E-05 9.108700156E-01 -5.875000000E+02 7.595100098E+03 2.988999939E+02 7.483200073E+01 2.951600075E+00 1.138000031E+02 2.599799931E-01 5.669400096E-01 1.024099998E-03
 1.947499986E-04 5.493999925E-05 9.111199975E-01 -4.324200195E+03 3.395400085E+02 2.991499939E+02 7.365399933E+01 4.218800068E+00 1.222600021E+02 2.559899986E-01 5.675799847E-01 1.023799996E-03
 1.967999997E-04 5.453199992E-05 9.108700156E-01 -3.572399902E+03 3.782300049E+03 2.990899963E+02 7.245600128E+01 5.632999897E+00 1.132500000E+02 2.522099912E-01 5.673099756E-01 1.024099998E-03
 1.988500007E-04 5.412400060E-05 9.112300277E-01 -7.000700073E+02 1.545700000E+04 2.990400085E+02 7.137300110E+01 7.517600060E+00 1.048199997E+02 2.490999997E-01 5.674399734E-01 1.023699995E-03
 2.009000018E-04 5.371600128E-05 9.108200073E-01 -3.921800049E+03 7.500399902E+03 2.992000122E+02 7.051100159E+01 9.771100044E+00 1.052099991E+02 2.470200062E-01 5.674899817E-01 1.024099998E-03
 2.029500029E-04 5.330799831E-05 9.098399878E-01 -7.351399902E+03 1.133700000E+04 2.993200073E+02 6.962000275E+01 1.211499977E+01 1.095999985E+02 2.451799959E-01 5.670999885E-01 1.025200007E-03
 2.050000039E-04 5.289999899E-05 9.096599817E-01 -7.186299805E+03 2.237600000E+04 2.994299927E+02 6.914499664E+01 1.328499985E+01 1.155899963E+02 2.442000061E-01 5.671899915E-01 1.025400008E-03
 0.000000000E+00 7.333300164E-05 1.600700021E+00 3.375300000E+04 -3.655400000E+04 3.000000000E+02 8.149400330E+01 1.043400002E+01 2.790499878E+02 2.897000015E-01 1.006500006E+00 5.780999782E-04
 2.049999921E-06 7.375999849E-05 1.599799991E+00 8.679200195E+03 -1.640900000E+04 2.996600037E+02 8.379399872E+01 1.057299995E+01 1.669199982E+02 2.953299880E-01 1.001500010E+00 5.807499983E-04
 4.099999842E-06 7.418700261E-05 1.596899986E+00 -7.249500122E+02 9.815500000E+03 2.991400146E+02 8.725199890E+01 1.114299965E+01 8.644899750E+01 3.052200079E-01 9.947699904E-01 5.841199891E-04
 6.149999990E-06 7.461300265E-05 1.592599988E+00 -4.451000061E+02 5.222700195E+03 2.989299927E+02 8.938099670E+01 1.203600025E+01 1.310399933E+02 3.130599856E-01 9.913600087E-01 5.857200013E-04
 8.199999684E-06 7.503999950E-05 1.588199973E+00 -1.317200000E+04 -5.232299805E+03 2.987200012E+02 9.131199646E+01 1.281400013E+01 1.163199997E+02 3.201799989E-01 9.879299998E-01 5.873399787E-04
 1.024999983E-05 7.546700363E-05 1.584100008E+00 -4.340700195E+03 8.563800049E+02 2.984800110E+02 9.332199860E+01 1.359399986E+01 1.067200012E+02 3.276000023E-01 9.846000075E-01 5.888500018E-04
 1.229999998E-05 7.589299639E-05 1.579699993E+00 7.505100098E+02 1.079400000E+04 2.982999878E+02 9.541100311E+01 1.452799988E+01 1.179300003E+02 3.353599906E-01 9.812399745E-01 5.905100261E-04
 1.435000013E-05 7.632000052E-05 1.574800014E+00 -4.598000000E+03 4.707000000E+03 2.979400024E+02 9.765799713E+01 1.539799976E+01 9.904900360E+01 3.437399864E-01 9.770299792E-01 5.923400167E-04
 1.639999937E-05 7.674699737E-05 1.570299983E+00 -4.745899902E+03 -3.023699951E+03 2.975100098E+02 9.992600250E+01 1.630900002E+01 1.096800003E+02 3.522799909E-01 9.728900194E-01 5.940099945E-04
 1.845000043E-05 7.717299741E-05 1.565999985E+00 8.041600098E+03 8.215299805E+03 2.970299988E+02 1.023499985E+02 1.724099922E+01 1.082399979E+02 3.614299893E-01 9.685999751E-01 5.956600071E-04
 2.049999966E-05 7.760000153E-05 1.559200048E+00 3.072699951E+03 1.100500000E+04 2.966900024E+02 1.052500000E+02 1.811800003E+01 7.946099854E+01 3.721100092E-01 9.633399844E-01 5.982500152E-04
 2.255000072E-05 7.802699838E-05 1.551300049E+00 6.379200195E+03 1.017400000E+04 2.963900146E+02 1.083899994E+02 1.911499977E+01 1.005999985E+02 3.836899996E-01 9.574599862E-01 6.013099919E-04
 2.459999996E-05 7.845299842E-05 1.543200016E+00 1.396600000E+04 1.810400024E+03 2.958800049E+02 1.118199997E+02 2.009099960E+01 8.220800018E+01 3.964000046E-01 9.508200288E-01 6.044700276E-04
 2.664999920E-05 7.888000255E-05 1.535099983E+00 2.559100098E+03 -5.960700195E+03 2.955000000E+02 1.157399979E+02 2.122100067E+01 6.589700317E+01 4.108200073E-01 9.446099997E-01 6.076599821E-04
 2.870000026E-05 7.930699940E-05 1.526299953E+00 -8.736300049E+02 -3.457300049E+03 2.949100037E+02 1.198799973E+02 2.235499954E+01 9.669200134E+01 4.261800051E-01 9.373199940E-01 6.111600087E-04
 3.075000132E-05 7.973299944E-05 1.515400052E+00 -3.229199951E+03 6.219000000E+03 2.940499878E+02 1.243700027E+02 2.327199936E+01 1.140299988E+02 4.428400099E-01 9.279199839E-01 6.155499723E-04
 3.279999873E-05 8.016000356E-05 1.503299952E+00 7.230899902E+03 5.119000000E+03 2.932399902E+02 1.295099945E+02 2.430400085E+01 9.768199921E+01 4.618200064E-01 9.179700017E-01 6.205100217E-04
 3.484999979E-05 8.058700041E-05 1.489799976E+00 1.497800000E+04 -1.024400000E+04 2.922799988E+02 1.352400055E+02 2.544899940E+01 6.818499756E+01 4.830900133E-01 9.067800045E-01 6.261299714E-04
 3.690000085E-05 8.101300045E-05 1.473099947E+00 1.375500000E+04 -7.937600098E+03 2.910100098E+02 1.418800049E+02 2.686899948E+01 8.380000305E+01 5.080299973E-01 8.927299976E-01 6.332300254E-04
 3.894999827E-05 8.143999730E-05 1.452999949E+00 2.260900000E+04 -8.569099609E+03 2.895599976E+02 1.496000061E+02 2.841399956E+01 1.132699966E+02 5.370699763E-01 8.761500120E-01 6.419999991E-04
 4.099999933E-05 8.186700143E-05 1.430099964E+00 3.504700000E+04 -7.869000000E+03 2.879800110E+02 1.582700043E+02 2.966699982E+01 1.136999969E+02 5.694900155E-01 8.576300144E-01 6.523099728E-04
 4.305000039E-05 8.229300147E-05 1.401900053E+00 3.238900000E+04 1.126000000E+03 2.860499878E+02 1.681300049E+02 3.076099968E+01 1.016800003E+02 6.065300107E-01 8.350999951E-01 6.654600147E-04
 4.510000144E-05 8.271999832E-05 1.366500020E+00 3.766300000E+04 8.670299805E+03 2.837099915E+02 1.802500000E+02 3.162000084E+01 1.122799988E+02 6.521099806E-01 8.073599935E-01 6.827699835E-04
 4.714999886E-05 8.314700244E-05 1.320099950E+00 5.198700000E+04 4.672700195E+03 2.806000061E+02 1.952700043E+02 3.175900078E+01 7.522100067E+01 7.089200020E-01 7.714899778E-01 7.068800041E-04
 4.919999992E-05 8.357300248E-05 1.260100007E+00 6.881600000E+04 1.300200043E+02 2.762600098E+02 2.136900024E+02 2.994899940E+01 3.943799973E+00 7.793999910E-01 7.250900269E-01 7.407700177E-04
 5.125000098E-05 8.399999933E-05 1.179200053E+00 8.655600000E+04 -2.686400000E+04 2.703099976E+02 2.374600067E+02 2.429700089E+01 -1.653999939E+02 8.718799949E-01 6.640999913E-01 7.923499797E-04
 5.329999840E-05 8.361600339E-05 1.073699951E+00 8.966900000E+04 -6.229000000E+04 2.623999939E+02 2.656300049E+02 1.265600014E+01 -4.165400085E+02 9.862800241E-01 5.871999860E-01 8.713799762E-04
 5.534999946E-05 8.323200018E-05 9.587500095E-01 8.030600000E+04 -6.779500000E+04 2.533800049E+02 2.932799988E+02 -5.503699780E+00 -5.294000244E+02 1.107200027E+00 5.064200163E-01 9.764899733E-04
 5.740000051E-05 8.284799696E-05 8.509600163E-01 5.063700000E+04 -7.451500000E+04 2.442700043E+02 3.168200073E+02 -2.777899933E+01 -4.901799927E+02 1.222499967E+00 4.333600104E-01 1.100299996E-03
 5.945000157E-05 8.246400103E-05 7.561799884E-01 2.600400000E+04 -7.542100000E+04 2.356300049E+02 3.356900024E+02 -5.052399826E+01 -4.042999878E+02 1.328299999E+00 3.714399934E-01 1.238099998E-03
 6.150000263E-05 8.207999781E-05 6.776400208E-01 3.946500000E+03 -6.207500000E+04 2.280599976E+02 3.504299927E+02 -7.059200287E+01 -2.799500122E+02 1.421399951E+00 3.220899999E-01 1.380600035E-03
 6.354999641E-05 8.169600187E-05 6.160699725E-01 -2.663500000E+04 -3.362200000E+04 2.216399994E+02 3.617900085E+02 -8.653600311E+01 -1.309799957E+02 1.500100017E+00 2.845200002E-01 1.517500030E-03
 6.559999747E-05 8.131199866E-05 5.677099824E-01 -4.222400000E+04 -5.883600098E+03 2.163099976E+02 3.708099976E+02 -9.796299744E+01 -2.567900085E+01 1.565299988E+00 2.558400035E-01 1.645799959E-03
 6.764999853E-05 8.092800272E-05 5.308399796E-01 -5.225100000E+04 1.136300000E+04 2.121100006E+02 3.778399963E+02 -1.051200027E+02 4.645999908E+01 1.616299987E+00 2.345400006E-01 1.759000006E-03
 6.969999959E-05 8.054399950E-05 5.022299886E-01 -6.595500000E+04 3.123500000E+04 2.086900024E+02 3.839299927E+02 -1.090500031E+02 1.155699997E+02 1.658200026E+00 2.182999998E-01 1.858699950E-03
 7.175000064E-05 8.016000356E-05 4.787499905E-01 -6.928100000E+04 4.403000000E+04 2.057299957E+02 3.897999878E+02 -1.103300018E+02 1.530000000E+02 1.695099950E+00 2.051299959E-01 1.949300058E-03
 7.380000170E-05 7.977600035E-05 4.598900080E-01 -7.690000000E+04 4.638100000E+04 2.032700043E+02 3.948299866E+02 -1.094899979E+02 1.887599945E+02 1.724799991E+00 1.946900040E-01 2.029000083E-03
 7.585000276E-05 7.939199713E-05 4.435200095E-01 -8.856200000E+04 4.302400000E+04 2.012400055E+02 3.997999878E+02 -1.075599976E+02 2.142500000E+02 1.751600027E+00 1.858800054E-01 2.103799954E-03
 7.789999654E-05 7.900800119E-05 4.284900129E-01 -9.651700000E+04 4.312600000E+04 1.992899933E+02 4.050100098E+02 -1.050400009E+02 2.166300049E+02 1.778800011E+00 1.778399944E-01 2.177600050E-03
 7.994999760E-05 7.862399798E-05 4.149200022E-01 -1.029500000E+05 4.901900000E+04 1.971799927E+02 4.097999878E+02 -1.019199982E+02 2.229299927E+02 1.804900050E+00 1.703799963E-01 2.248700010E-03
 8.199999866E-05 7.824000204E-05 4.022000134E-01 -1.115300000E+05 5.480300000E+04 1.952200012E+02 4.142900085E+02 -9.870099640E+01 2.193399963E+02 1.829399943E+00 1.635099947E-01 2.319799969E-03
 8.404999971E-05 7.785599882E-05 3.905299902E-01 -1.230500000E+05 5.075500000E+04 1.935000000E+02 4.183200073E+02 -9.556700134E+01 2.206300049E+02 1.851300001E+00 1.573700011E-01 2.389099915E-03
 8.610000077E-05 7.747200289E-05 3.799000084E-01 -1.367300000E+05 4.768000000E+04 1.918899994E+02 4.218099976E+02 -9.250599670E+01 2.237500000E+02 1.870900035E+00 1.518100053E-01 2.455899958E-03
 8.815000183E-05 7.708799967E-05 3.687700033E-01 -1.498600000E+05 5.379100000E+04 1.903099976E+02 4.257200012E+02 -8.994400024E+01 2.191900024E+02 1.893000007E+00 1.461499929E-01 2.530199941E-03
 9.020000289E-05 7.670399646E-05 3.574199975E-01 -1.586800000E+05 5.931500000E+04 1.886300049E+02 4.299100037E+02 -8.768199921E+01 2.061000061E+02 1.917299986E+00 1.404100060E-01 2.610499971E-03
 9.224999667E-05 7.632000052E-05 3.467299938E-01 -1.772900000E+05 6.179700000E+04 1.871199951E+02 4.333099976E+02 -8.546499634E+01 2.074700012E+02 1.937700033E+00 1.351100057E-01 2.690899884E-03
 9.429999773E-05 7.593599730E-05 3.366099894E-01 -2.031300000E+05 5.863300000E+04 1.857500000E+02 4.362399902E+02 -8.366400146E+01 2.082799988E+02 1.955999970E+00 1.302099973E-01 2.771799918E-03
 9.634999878E-05 7.555200136E-05 3.270500004E-01 -2.277600000E+05 6.065100000E+04 1.844499969E+02 4.391499939E+02 -8.202899933E+01 2.212599945E+02 1.974200010E+00 1.256199926E-01 2.852800069E-03
 9.839999984E-05 7.516799815E-05 3.183499873E-01 -2.671100000E+05 6.686700000E+04 1.836100006E+02 4.411600037E+02 -8.010099792E+01 2.499799957E+02 1.985900044E+00 1.217299998E-01 2.930599963E-03
 1.004500009E-04 7.478400221E-05 3.141599894E-01 -4.011000000E+05 9.009500000E+04 1.858899994E+02 4.371000061E+02 -7.723600006E+01 3.235100098E+02 1.954100013E+00 1.216100007E-01 2.969299909E-03
 1.025000020E-04 7.439999899E-05 3.378100097E-01 -8.481300000E+05 1.767700000E+05 2.032100067E+02 4.008900146E+02 -6.732900238E+01 6.771300049E+02 1.720000029E+00 1.437000036E-01 2.775599947E-03
 1.045500030E-04 7.401600305E-05 4.492399991E-01 -1.024800000E+06 1.950700000E+05 2.404400024E+02 3.083200073E+02 -4.672100067E+01 1.059000000E+03 1.222399950E+00 2.290499955E-01 2.159500029E-03
 1.065999968E-04 7.363199984E-05 6.410400271E-01 -5.170400000E+05 8.047800000E+04 2.726600037E+02 2.128300018E+02 -2.844599915E+01 7.630200195E+02 7.831000090E-01 3.661299944E-01 1.495199976E-03
 1.086499979E-04 7.324799662E-05 7.850499749E-01 -1.034800000E+05 7.608500000E+03 2.847999878E+02 1.696100006E+02 -2.214399910E+01 2.190899963E+02 6.084499955E-01 4.657700062E-01 1.191299991E-03
 1.106999989E-04 7.286400069E-05 8.324099779E-01 -2.645800000E+04 5.110799805E+03 2.877099915E+02 1.589600067E+02 -2.186400032E+01 5.069599915E+01 5.677300096E-01 4.987300038E-01 1.120700035E-03
 1.127500000E-04 7.247999747E-05 8.424100280E-01 -2.366000000E+04 3.084900093E+01 2.886600037E+02 1.556999969E+02 -2.238299942E+01 3.681700134E+01 5.556300282E-01 5.063700080E-01 1.107300050E-03
 1.148000010E-04 7.209600153E-05 8.457700014E-01 -2.137400000E+04 -6.534700195E+03 2.891000061E+02 1.530399933E+02 -2.281599998E+01 4.846900177E+01 5.461599827E-01 5.091699958E-01 1.102900016E-03
 1.168500021E-04 7.171199832E-05 8.489599824E-01 -2.067400000E+04 1.167000000E+03 2.895199890E+02 1.499799957E+02 -2.311899948E+01 6.992600250E+01 5.352600217E-01 5.118299723E-01 1.098799985E-03
 1.189000031E-04 7.132800238E-05 8.529400229E-01 -2.115300000E+04 8.719000000E+03 2.900599976E+02 1.468000031E+02 -2.311800003E+01 9.061599731E+01 5.236700177E-01 5.151900053E-01 1.093599945E-03
 1.209499969E-04 7.094399916E-05 8.559899926E-01 -9.329599609E+03 6.111899902E+03 2.905000000E+02 1.438399963E+02 -2.283900070E+01 8.298699951E+01 5.128099918E-01 5.178200006E-01 1.089700032E-03
 1.230000053E-04 7.056000322E-05 8.591700196E-01 -1.008200000E+04 2.644800049E+03 2.908599854E+02 1.409100037E+02 -2.241699982E+01 8.584500122E+01 5.021100044E-01 5.203899741E-01 1.085700002E-03
 1.250500063E-04 7.017600001E-05 8.623899817E-01 -1.962000000E+04 4.005500000E+03 2.914400024E+02 1.381900024E+02 -2.227400017E+01 7.265799713E+01 4.920800030E-01 5.233799815E-01 1.081699971E-03
 1.270999928E-04 6.979199679E-05 8.656899929E-01 -1.231600000E+04 -1.660699951E+03 2.919100037E+02 1.354199982E+02 -2.204100037E+01 5.888800049E+01 4.819500148E-01 5.262200236E-01 1.077500056E-03
 1.291499939E-04 6.940800085E-05 8.691899776E-01 -2.968699951E+03 -1.097800049E+03 2.921499939E+02 1.326699982E+02 -2.145999908E+01 7.836199951E+01 4.718900025E-01 5.287899971E-01 1.073200023E-03
 1.311999949E-04 6.902399764E-05 8.724200130E-01 -4.627799805E+03 5.775500000E+03 2.926099854E+02 1.301300049E+02 -2.103700066E+01 9.854000092E+01 4.625000060E-01 5.315899849E-01 1.069199992E-03
 1.332499960E-04 6.864000170E-05 8.749300241E-01 -5.324700195E+03 -2.020599976E+03 2.929700012E+02 1.275899963E+02 -2.078000069E+01 1.040400009E+02 4.532699883E-01 5.337799788E-01 1.066099969E-03
 1.352999971E-04 6.825599849E-05 8.768200278E-01 -1.119000000E+04 -2.429600098E+03 2.933800049E+02 1.250000000E+02 -2.050200081E+01 6.500900269E+01 4.438300133E-01 5.356799960E-01 1.063799951E-03
 1.373499981E-04 6.787200255E-05 8.785899878E-01 -1.448600000E+04 1.941099976E+03 2.939100037E+02 1.225599976E+02 -1.993600082E+01 6.932299805E+01 4.347000122E-01 5.377200246E-01 1.061700052E-03
 1.393999992E-04 6.748799933E-05 8.809400201E-01 -1.083500000E+04 3.079599915E+02 2.943599854E+02 1.202300034E+02 -1.914299965E+01 8.790499878E+01 4.258800149E-01 5.399900079E-01 1.058900030E-03
 1.414500002E-04 6.710400339E-05 8.829200268E-01 -7.193200195E+03 4.746100098E+03 2.946600037E+02 1.181500015E+02 -1.869099998E+01 7.170200348E+01 4.182299972E-01 5.417600274E-01 1.056500012E-03
 1.435000013E-04 6.672000018E-05 8.843500018E-01 -2.975500000E+03 -1.304499969E+02 2.948399963E+02 1.162399979E+02 -1.827000046E+01 6.833699799E+01 4.112699926E-01 5.429700017E-01 1.054799999E-03
 1.455500023E-04 6.633599696E-05 8.864600062E-01 -2.674800049E+03 -1.258199951E+03 2.950499878E+02 1.141100006E+02 -1.774200058E+01 7.808100128E+01 4.034700096E-01 5.446500182E-01 1.052299980E-03
 1.476000034E-04 6.595200102E-05 8.886299729E-01 2.378899902E+03 3.707000000E+03 2.951799927E+02 1.118600006E+02 -1.700499916E+01 7.188200378E+01 3.952400088E-01 5.462300181E-01 1.049699960E-03
 1.496500045E-04 6.556799781E-05 8.904399872E-01 1.250500000E+03 1.132900024E+03 2.954400024E+02 1.098499985E+02 -1.634900093E+01 7.316000366E+01 3.877899945E-01 5.478100181E-01 1.047599944E-03
 1.517000055E-04 6.518400187E-05 8.915200233E-01 -6.940899902E+03 -2.531000000E+03 2.958999939E+02 1.080899963E+02 -1.585099983E+01 8.137799835E+01 3.811300099E-01 5.493299961E-01 1.046300051E-03
 1.537500066E-04 6.479999865E-05 8.924199939E-01 -7.402600098E+03 -6.028299809E+00 2.962500000E+02 1.064499969E+02 -1.512500000E+01 6.975599670E+01 3.749000132E-01 5.505399704E-01 1.045200042E-03
 1.557999931E-04 6.441600272E-05 8.941699862E-01 -5.933000000E+03 8.148000000E+03 2.964500122E+02 1.047300034E+02 -1.448900032E+01 8.631900024E+01 3.685199916E-01 5.519899726E-01 1.043200027E-03
 1.578499941E-04 6.403199950E-05 8.963699937E-01 -3.482500000E+03 4.274899902E+03 2.964899902E+02 1.029599991E+02 -1.398900032E+01 8.610199738E+01 3.621500134E-01 5.534200072E-01 1.040600007E-03
 1.598999952E-04 6.364800356E-05 8.979499936E-01 -3.521399902E+03 -9.136399841E+01 2.965299988E+02 1.012500000E+02 -1.338700008E+01 6.253200150E+01 3.559400141E-01 5.544700027E-01 1.038799994E-03
 1.619499963E-04 6.326400035E-05 8.995599747E-01 -2.832100098E+03 -8.586599731E+02 2.965400085E+02 9.936199951E+01 -1.268500042E+01 6.749500275E+01 3.490999937E-01 5.554800034E-01 1.036999980E-03
 1.639999973E-04 6.287999713E-05 9.009799957E-01 1.017600021E+02 2.526000000E+03 2.966700134E+02 9.766100311E+01 -1.198099995E+01 8.106300354E+01 3.428399861E-01 5.566099882E-01 1.035299967E-03
 1.660499984E-04 6.249600119E-05 9.008100033E-01 -3.459399902E+03 2.248699951E+03 2.970700073E+02 9.620099640E+01 -1.115299988E+01 9.090599823E+01 3.372200131E-01 5.572599769E-01 1.035499969E-03
 1.680999994E-04 6.211199798E-05 9.019200206E-01 -8.910599609E+03 5.448200073E+02 2.971900024E+02 9.463899994E+01 -1.027299976E+01 9.102899933E+01 3.314099908E-01 5.581799746E-01 1.034199959E-03
 1.701500005E-04 6.172800204E-05 9.036499858E-01 -6.958700195E+03 6.725000000E+02 2.972999878E+02 9.309500122E+01 -9.453000069E+00 8.712400055E+01 3.257099986E-01 5.594400167E-01 1.032299944E-03
 1.722000015E-04 6.134399882E-05 9.046000242E-01 -4.664200195E+03 -8.103400269E+02 2.975799866E+02 9.158399963E+01 -8.764699936E+00 9.284600067E+01 3.200800121E-01 5.605599880E-01 1.031200052E-03
 1.742500026E-04 6.095999925E-05 9.054200053E-01 -6.168100098E+03 -2.746699951E+03 2.977500000E+02 9.006199646E+01 -7.783899784E+00 9.549400330E+01 3.144100010E-01 5.613800287E-01 1.030200045E-03
 1.763000037E-04 6.057599967E-05 9.059900045E-01 -5.688200195E+03 -5.321899902E+03 2.978299866E+02 8.859700012E+01 -6.788700104E+00 7.119899750E+01 3.090099990E-01 5.618900061E-01 1.029600040E-03
 1.783500047E-04 6.019200009E-05 9.068800211E-01 4.849100098E+03 9.049199829E+02 2.978500061E+02 8.718599701E+01 -5.890999794E+00 6.120000076E+01 3.038800061E-01 5.624899864E-01 1.028600032E-03
 1.804000058E-04 5.980800051E-05 9.081400037E-01 1.021900000E+04 8.665500000E+03 2.978399963E+02 8.591300201E+01 -4.716499805E+00 8.691100311E+01 2.992100120E-01 5.632500052E-01 1.027200022E-03
 1.824500068E-04 5.942400094E-05 9.092900157E-01 4.089199951E+03 5.479700195E+03 2.978599854E+02 8.473899841E+01 -3.512500048E+00 9.018299866E+01 2.949199975E-01 5.640000105E-01 1.025900012E-03
 1.844999933E-04 5.904000136E-05 9.090099931E-01 -1.237200012E+02 9.272900391E+03 2.980899963E+02 8.359100342E+01 -2.308500051E+00 8.395700073E+01 2.906799912E-01 5.642600060E-01 1.026200014E-03
 1.865499944E-04 5.865600178E-05 9.087700248E-01 1.584199951E+03 8.025700195E+03 2.982900085E+02 8.244999695E+01 -9.351599813E-01 9.396600342E+01 2.865299881E-01 5.644900203E-01 1.026400016E-03
 1.885999955E-04 5.827199857E-05 9.095199704E-01 4.824299805E+03 -1.259199951E+03 2.983599854E+02 8.120999908E+01 3.331899941E-01 9.125299835E+01 2.821699977E-01 5.650900006E-01 1.025600010E-03
 1.906499965E-04 5.788799899E-05 9.098399878E-01 4.710899902E+03 2.438100098E+03 2.983999939E+02 8.004599762E+01 1.637300014E+00 9.970300293E+01 2.781699896E-01 5.653700233E-01 1.025200007E-03
 1.926999976E-04 5.750399941E-05 9.097999930E-01 3.304399902E+03 4.618000000E+03 2.985599976E+02 7.915699768E+01 3.148999929E+00 1.165199966E+02 2.751699984E-01 5.656399727E-01 1.025300007E-03
 1.947499986E-04 5.711999984E-05 9.098500013E-01 -9.116400146E+02 3.351399902E+03 2.988200073E+02 7.824700165E+01 4.558700085E+00 1.141299973E+02 2.721300125E-01 5.661600232E-01 1.025200007E-03
 1.967999997E-04 5.673600026E-05 9.094099998E-01 -5.757100098E+03 1.044600000E+04 2.988599854E+02 7.716799927E+01 6.023700237E+00 9.948600006E+01 2.687200010E-01 5.659599900E-01 1.025700010E-03
 1.988500007E-04 5.635200068E-05 9.095399976E-01 -5.997899902E+03 1.513400000E+04 2.988200073E+02 7.604900360E+01 7.736299992E+00 1.045699997E+02 2.654100060E-01 5.659800172E-01 1.025600010E-03
 2.009000018E-04 5.596800111E-05 9.095100164E-01 -3.602500000E+03 8.289400391E+03 2.988900146E+02 7.513899994E+01 9.777700424E+00 1.055800018E+02 2.630600035E-01 5.660899878E-01 1.025600010E-03
 2.029500029E-04 5.558400153E-05 9.086800218E-01 -6.751600098E+03 1.168200000E+04 2.990199890E+02 7.454599762E+01 1.210200024E+01 1.115800018E+02 2.621499896E-01 5.658100247E-01 1.026500016E-03
 2.050000039E-04 5.519999831E-05 9.083099961E-01 -1.045400000E+04 1.757700000E+04 2.991000061E+02 7.430999756E+01 1.332199955E+01 1.293600006E+02 2.619799972E-01 5.657299757E-01 1.027000020E-03
 0.000000000E+00 7.449999976E-05 1.600700021E+00 2.757900000E+04 -4.874400000E+04 3.000000000E+02 8.517099762E+01 9.853699684E+00 3.096499939E+02 3.014999926E-01 1.005699992E+00 5.785999820E-04
 2.049999921E-06 7.490000280E-05 1.600299954E+00 1.502200000E+04 -2.396300000E+04 2.996700134E+02 8.719599915E+01 9.976699829E+00 2.051900024E+02 3.064799905E-01 1.001399994E+00 5.808299757E-04
 4.099999842E-06 7.529999857E-05 1.597200036E+00 7.183799805E+03 8.560099609E+03 2.991199951E+02 9.031099701E+01 1.071199989E+01 1.205599976E+02 3.155800104E-01 9.948899746E-01 5.840099766E-04
 6.149999990E-06 7.570000162E-05 1.591599941E+00 4.335100098E+03 8.708500000E+03 2.988900146E+02 9.230300140E+01 1.174499989E+01 1.147600021E+02 3.230000138E-01 9.906100035E-01 5.860900274E-04
 8.199999684E-06 7.609999739E-05 1.586699963E+00 2.187000000E+03 2.500300049E+03 2.987000122E+02 9.405300140E+01 1.251000023E+01 8.934899902E+01 3.294799924E-01 9.869199991E-01 5.878899829E-04
 1.024999983E-05 7.650000043E-05 1.583999991E+00 -7.483300171E+02 4.951000000E+03 2.983399963E+02 9.573300171E+01 1.320899963E+01 9.093800354E+01 3.357900083E-01 9.840800166E-01 5.888799787E-04
 1.229999998E-05 7.690000348E-05 1.580199957E+00 -1.478500000E+04 7.053600098E+03 2.980499878E+02 9.771499634E+01 1.409099960E+01 9.174500275E+01 3.431900144E-01 9.807500243E-01 5.903199781E-04
 1.435000013E-05 7.729999925E-05 1.574699998E+00 -1.849100000E+04 6.854700195E+03 2.977000122E+02 9.979900360E+01 1.500899982E+01 8.331300354E+01 3.510299921E-01 9.762300253E-01 5.923500285E-04
 1.639999937E-05 7.770000229E-05 1.569700003E+00 -1.593100000E+04 -1.569800049E+03 2.973999939E+02 1.018399963E+02 1.583800030E+01 7.786000061E+01 3.586600125E-01 9.721300006E-01 5.942399730E-04
 1.845000043E-05 7.809999806E-05 1.563899994E+00 -6.885799805E+03 3.053000000E+03 2.971099854E+02 1.041500015E+02 1.659300041E+01 8.455500031E+01 3.671999872E-01 9.676100016E-01 5.964500015E-04
 2.049999966E-05 7.850000111E-05 1.558500051E+00 -1.632400024E+03 8.249099609E+03 2.967999878E+02 1.068000031E+02 1.731599998E+01 5.791099930E+01 3.769100010E-01 9.632400274E-01 5.985199823E-04
 2.255000072E-05 7.889999688E-05 1.551100016E+00 8.682000000E+03 1.095800049E+03 2.964299927E+02 1.100400009E+02 1.823699951E+01 8.057499695E+01 3.887999952E-01 9.574800134E-01 6.013800157E-04
 2.459999996E-05 7.929999992E-05 1.542099953E+00 8.369299805E+03 6.041899902E+03 2.958500061E+02 1.136800003E+02 1.915099907E+01 9.614099884E+01 4.022600055E-01 9.500600100E-01 6.048899959E-04
 2.664999920E-05 7.970000297E-05 1.534899950E+00 2.659400024E+02 4.788200195E+03 2.953200073E+02 1.173099976E+02 2.019499969E+01 4.611000061E+01 4.157100022E-01 9.439299703E-01 6.077199942E-04
 2.870000026E-05 8.009999874E-05 1.526000023E+00 -5.247800293E+02 -1.098600000E+04 2.946799927E+02 1.212200012E+02 2.127899933E+01 6.807599640E+01 4.302800000E-01 9.364299774E-01 6.112700212E-04
 3.075000132E-05 8.050000179E-05 1.515200019E+00 4.896000000E+03 -6.268899902E+03 2.937999878E+02 1.257300034E+02 2.213999939E+01 1.242799988E+02 4.469900131E-01 9.269800186E-01 6.156599848E-04
 3.279999873E-05 8.089999756E-05 1.502500057E+00 2.212600000E+04 7.734700195E+03 2.930899963E+02 1.308600006E+02 2.306900024E+01 1.104199982E+02 4.658100009E-01 9.169999957E-01 6.208600244E-04
 3.484999979E-05 8.130000060E-05 1.487900019E+00 1.938200000E+04 1.974800049E+03 2.922099915E+02 1.365700073E+02 2.404400063E+01 7.541999817E+01 4.868499935E-01 9.054099917E-01 6.269299774E-04
 3.690000085E-05 8.169999637E-05 1.471500039E+00 1.013800000E+04 -8.265299805E+03 2.909500122E+02 1.431499939E+02 2.528400040E+01 7.392299652E+01 5.114799738E-01 8.915600181E-01 6.339200190E-04
 3.894999827E-05 8.209999942E-05 1.451900005E+00 1.761900000E+04 -4.528000000E+03 2.895100098E+02 1.510399933E+02 2.677599907E+01 9.724500275E+01 5.410799980E-01 8.753100038E-01 6.425200263E-04
 4.099999933E-05 8.250000246E-05 1.428699970E+00 3.190400000E+04 5.062299805E+03 2.879100037E+02 1.596499939E+02 2.802599907E+01 1.030000000E+02 5.733399987E-01 8.565800190E-01 6.529599777E-04
 4.305000039E-05 8.289999823E-05 1.400900006E+00 4.500900000E+04 7.277600098E+03 2.859800110E+02 1.693300018E+02 2.892399979E+01 9.649800110E+01 6.096600294E-01 8.343300223E-01 6.659100181E-04
 4.510000144E-05 8.330000128E-05 1.365499973E+00 5.651600000E+04 7.880600098E+03 2.836400146E+02 1.812799988E+02 2.954500008E+01 1.179499969E+02 6.545600295E-01 8.065800071E-01 6.832799991E-04
 4.714999886E-05 8.369999705E-05 1.319200039E+00 5.787000000E+04 -4.243699951E+02 2.807000122E+02 1.958999939E+02 2.960700035E+01 7.232900238E+01 7.097899914E-01 7.712000012E-01 7.073800080E-04
 4.919999992E-05 8.410000009E-05 1.261299968E+00 6.268500000E+04 2.684500000E+03 2.764700012E+02 2.138000031E+02 2.766900063E+01 -1.891900063E+01 7.783899903E-01 7.263000011E-01 7.400600007E-04
 5.125000098E-05 8.450000314E-05 1.184200048E+00 7.740400000E+04 -2.475000000E+04 2.707399902E+02 2.363600006E+02 2.248299980E+01 -1.748000031E+02 8.664600253E-01 6.679099798E-01 7.888900000E-04
 5.329999840E-05 8.414000331E-05 1.085500002E+00 8.504300000E+04 -6.384300000E+04 2.633099976E+02 2.627099915E+02 1.240999985E+01 -3.808699951E+02 9.735800028E-01 5.956599712E-01 8.614599938E-04
 5.534999946E-05 8.378000348E-05 9.775400162E-01 6.548800000E+04 -6.958400000E+04 2.547599945E+02 2.892300110E+02 -3.573899984E+00 -4.866700134E+02 1.088700056E+00 5.190899968E-01 9.572900017E-04
 5.740000051E-05 8.341999637E-05 8.738700151E-01 3.987200000E+04 -6.918900000E+04 2.459900055E+02 3.124500122E+02 -2.340800095E+01 -4.747799988E+02 1.200000048E+00 4.481100142E-01 1.071000006E-03
 5.945000157E-05 8.305999654E-05 7.804200053E-01 2.354700000E+04 -6.610300000E+04 2.375899963E+02 3.317699890E+02 -4.419599915E+01 -3.981600037E+02 1.304200053E+00 3.865000010E-01 1.199400052E-03
 6.150000263E-05 8.269999671E-05 7.010099888E-01 4.099600098E+03 -5.966000000E+04 2.299700012E+02 3.475499878E+02 -6.326699829E+01 -2.902699890E+02 1.398800015E+00 3.359900117E-01 1.334400033E-03
 6.354999641E-05 8.233999688E-05 6.365900040E-01 -1.454200000E+04 -3.975000000E+04 2.232100067E+02 3.599100037E+02 -7.877700043E+01 -1.581300049E+02 1.480499983E+00 2.960999906E-01 1.468700008E-03
 6.559999747E-05 8.197999705E-05 5.845100284E-01 -3.012300000E+04 -2.291100000E+04 2.175000000E+02 3.698500061E+02 -9.052300262E+01 -4.775099945E+01 1.549800038E+00 2.648699880E-01 1.598599949E-03
 6.764999853E-05 8.161999722E-05 5.438100100E-01 -5.248400000E+04 -6.238099976E+02 2.129100037E+02 3.779800110E+02 -9.869100189E+01 1.964900017E+01 1.606899977E+00 2.411900014E-01 1.717400039E-03
 6.969999959E-05 8.125999739E-05 5.110399723E-01 -7.237100000E+04 2.146700000E+04 2.090500031E+02 3.850499878E+02 -1.035299988E+02 7.837400055E+01 1.655200005E+00 2.225300074E-01 1.826999942E-03
 7.175000064E-05 8.089999756E-05 4.838300049E-01 -7.363600000E+04 3.734300000E+04 2.057400055E+02 3.914899902E+02 -1.056999969E+02 1.190699997E+02 1.696799994E+00 2.073300034E-01 1.929200022E-03
 7.380000170E-05 8.053999773E-05 4.616400003E-01 -7.495700000E+04 4.206100000E+04 2.030800018E+02 3.971099854E+02 -1.057300034E+02 1.656399994E+02 1.730700016E+00 1.952500045E-01 2.021600027E-03
 7.585000276E-05 8.017999789E-05 4.432100058E-01 -8.859200000E+04 3.575100000E+04 2.007899933E+02 4.022999878E+02 -1.043799973E+02 2.011199951E+02 1.760300040E+00 1.853400022E-01 2.105399966E-03
 7.789999654E-05 7.981999806E-05 4.273500144E-01 -9.666400000E+04 3.873600000E+04 1.984799957E+02 4.073900146E+02 -1.020599976E+02 2.005700073E+02 1.789100051E+00 1.766500026E-01 2.183400095E-03
 7.994999760E-05 7.945999823E-05 4.132699966E-01 -9.443700000E+04 4.830700000E+04 1.961699982E+02 4.121199951E+02 -9.891600037E+01 2.117100067E+02 1.816100001E+00 1.688400060E-01 2.257700078E-03
 8.199999866E-05 7.909999840E-05 4.001300037E-01 -1.044000000E+05 5.518200000E+04 1.942799988E+02 4.164700012E+02 -9.561900330E+01 2.203099976E+02 1.839900017E+00 1.618900001E-01 2.331800060E-03
 8.404999971E-05 7.873999857E-05 3.877600133E-01 -1.191100000E+05 5.318600000E+04 1.925899963E+02 4.207699890E+02 -9.256999969E+01 2.119199982E+02 1.863199949E+00 1.555200070E-01 2.406199928E-03
 8.610000077E-05 7.837999874E-05 3.768700063E-01 -1.328600000E+05 5.009200000E+04 1.908800049E+02 4.245400085E+02 -8.951499939E+01 2.066999969E+02 1.884699941E+00 1.498100013E-01 2.475599991E-03
 8.815000183E-05 7.801999891E-05 3.664399981E-01 -1.521400000E+05 5.252800000E+04 1.893500061E+02 4.279899902E+02 -8.637599945E+01 2.130000000E+02 1.904299974E+00 1.445000023E-01 2.546200063E-03
 9.020000289E-05 7.765999908E-05 3.552899957E-01 -1.673700000E+05 5.498700000E+04 1.877599945E+02 4.317999878E+02 -8.348400116E+01 2.145599976E+02 1.926200032E+00 1.389299929E-01 2.626199974E-03
 9.224999667E-05 7.729999925E-05 3.443799913E-01 -1.769500000E+05 5.670700000E+04 1.861900024E+02 4.354200134E+02 -8.113999939E+01 2.000700073E+02 1.948099971E+00 1.335300058E-01 2.709300024E-03
 9.429999773E-05 7.693999942E-05 3.342199922E-01 -1.973600000E+05 5.490600000E+04 1.848099976E+02 4.386700134E+02 -7.931199646E+01 1.947200012E+02 1.968000054E+00 1.286299974E-01 2.791600069E-03
 9.634999878E-05 7.657999959E-05 3.245899975E-01 -2.221800000E+05 5.437700000E+04 1.835099945E+02 4.417200012E+02 -7.751300049E+01 2.038300018E+02 1.986799955E+00 1.240499988E-01 2.874400001E-03
 9.839999984E-05 7.621999976E-05 3.160200119E-01 -2.621500000E+05 5.968800000E+04 1.827700043E+02 4.437099915E+02 -7.550599670E+01 2.313999939E+02 1.998000026E+00 1.202799976E-01 2.952199895E-03
 1.004500009E-04 7.585999992E-05 3.112899959E-01 -3.817200000E+05 7.848100000E+04 1.845299988E+02 4.408399963E+02 -7.292299652E+01 2.963399963E+02 1.974300027E+00 1.196099967E-01 2.996600000E-03
 1.025000020E-04 7.550000009E-05 3.299899995E-01 -8.087100000E+05 1.516000000E+05 1.996799927E+02 4.096499939E+02 -6.505699921E+01 5.745000000E+02 1.768700004E+00 1.377699971E-01 2.836999949E-03
 1.045500030E-04 7.514000026E-05 4.307399988E-01 -1.060100000E+06 1.784100000E+05 2.362400055E+02 3.201900024E+02 -4.706399918E+01 9.486900024E+02 1.280599952E+00 2.158800066E-01 2.246200107E-03
 1.065999968E-04 7.478000043E-05 6.210799813E-01 -5.930300000E+05 8.069500000E+04 2.705100098E+02 2.200299988E+02 -2.943700027E+01 7.400100098E+02 8.134499788E-01 3.523800075E-01 1.550300047E-03
 1.086499979E-04 7.442000060E-05 7.768399715E-01 -1.282800000E+05 8.023799805E+03 2.842799988E+02 1.713800049E+02 -2.239200020E+01 2.325200043E+02 6.154199839E-01 4.601500034E-01 1.205199980E-03
 1.106999989E-04 7.406000077E-05 8.320000172E-01 -3.349300000E+04 4.345700195E+03 2.877699890E+02 1.591900024E+02 -2.133499908E+01 5.689099884E+01 5.682399869E-01 4.985899925E-01 1.121300040E-03
 1.127500000E-04 7.370000094E-05 8.427500129E-01 -2.321500000E+04 2.522100067E+02 2.886799927E+02 1.559700012E+02 -2.143799973E+01 4.662099838E+01 5.561000109E-01 5.066099763E-01 1.106900047E-03
 1.148000010E-04 7.334000111E-05 8.464000225E-01 -2.601600000E+04 -1.982400024E+03 2.890299988E+02 1.536100006E+02 -2.164399910E+01 3.649000168E+01 5.476300120E-01 5.094299912E-01 1.102100010E-03
 1.168500021E-04 7.298000128E-05 8.493499756E-01 -2.612900000E+04 3.588500000E+03 2.894800110E+02 1.510500031E+02 -2.189999962E+01 2.948200035E+01 5.383800268E-01 5.120000243E-01 1.098299981E-03
 1.189000031E-04 7.262000145E-05 8.528699875E-01 -2.168900000E+04 4.342200195E+03 2.900100098E+02 1.482500000E+02 -2.188999939E+01 5.946099854E+01 5.281199813E-01 5.150499940E-01 1.093699946E-03
 1.209499969E-04 7.226000162E-05 8.559299707E-01 -2.011100000E+04 1.852099976E+03 2.904500122E+02 1.456300049E+02 -2.170800018E+01 6.437599945E+01 5.184999704E-01 5.177000165E-01 1.089800033E-03
 1.230000053E-04 7.190000179E-05 8.591399789E-01 -2.271200000E+04 -1.240000000E+03 2.908599854E+02 1.429199982E+02 -2.136800003E+01 5.889099884E+01 5.085300207E-01 5.203599930E-01 1.085700002E-03
 1.250500063E-04 7.154000195E-05 8.627399802E-01 -2.245500000E+04 -1.523900024E+03 2.913200073E+02 1.399799957E+02 -2.102499962E+01 3.270399857E+01 4.977099895E-01 5.233799815E-01 1.081199967E-03
 1.270999928E-04 7.118000212E-05 8.659099936E-01 -1.531400000E+04 -1.445300049E+03 2.917600098E+02 1.370599976E+02 -2.078000069E+01 1.751199913E+01 4.870899916E-01 5.260900259E-01 1.077300054E-03
 1.291499939E-04 7.082000229E-05 8.689900041E-01 -1.658400000E+04 2.749899902E+03 2.921300049E+02 1.343200073E+02 -2.022500038E+01 5.917800140E+01 4.769600034E-01 5.286300182E-01 1.073400024E-03
 1.311999949E-04 7.046000246E-05 8.720999956E-01 -1.916100000E+04 2.095199951E+03 2.925199890E+02 1.316000061E+02 -1.976799965E+01 7.260900116E+01 4.669600129E-01 5.312299728E-01 1.069599995E-03
 1.332499960E-04 7.010000263E-05 8.747799993E-01 -1.365100000E+04 -3.670899902E+03 2.928299866E+02 1.288999939E+02 -1.943300056E+01 7.645300293E+01 4.571700096E-01 5.334200263E-01 1.066299970E-03
 1.352999971E-04 6.974000280E-05 8.766599894E-01 -1.281400000E+04 -2.427100098E+03 2.932000122E+02 1.264499969E+02 -1.920599937E+01 5.422100067E+01 4.482800066E-01 5.352500081E-01 1.063999953E-03
 1.373499981E-04 6.938000297E-05 8.783100247E-01 -1.975200000E+04 -3.060399902E+03 2.937799988E+02 1.242399979E+02 -1.878199959E+01 5.309899902E+01 4.399800003E-01 5.373100042E-01 1.062000054E-03
 1.393999992E-04 6.902000314E-05 8.801800013E-01 -1.721900000E+04 -3.929299927E+02 2.942900085E+02 1.221600037E+02 -1.808699989E+01 6.776100159E+01 4.320299923E-01 5.393900275E-01 1.059800037E-03
 1.414500002E-04 6.866000331E-05 8.824099898E-01 -1.372500000E+04 8.785700195E+03 2.945299988E+02 1.201600037E+02 -1.773800087E+01 4.619900131E+01 4.247399867E-01 5.411999822E-01 1.057100017E-03
 1.435000013E-04 6.830000348E-05 8.841099739E-01 -1.229500000E+04 -8.718200073E+02 2.947999878E+02 1.181600037E+02 -1.728499985E+01 4.318000031E+01 4.174199998E-01 5.427399874E-01 1.055100001E-03
 1.455500023E-04 6.793999637E-05 8.854100108E-01 -8.458500000E+03 -4.103500000E+03 2.951900024E+02 1.161299973E+02 -1.660099983E+01 4.302099991E+01 4.097900093E-01 5.442699790E-01 1.053499989E-03
 1.476000034E-04 6.757999654E-05 8.879500031E-01 2.602000000E+03 7.468600098E+03 2.951799927E+02 1.140299988E+02 -1.584300041E+01 4.639099884E+01 4.021300077E-01 5.458099842E-01 1.050499966E-03
 1.496500045E-04 6.721999671E-05 8.902199864E-01 6.769000000E+03 -5.720200195E+02 2.953299866E+02 1.120299988E+02 -1.544099998E+01 5.579100037E+01 3.949300051E-01 5.474799871E-01 1.047799946E-03
 1.517000055E-04 6.685999688E-05 8.914099932E-01 3.714300049E+03 -3.184700012E+02 2.956700134E+02 1.102699966E+02 -1.498999977E+01 6.295500183E+01 3.884100020E-01 5.488399863E-01 1.046400052E-03
 1.537500066E-04 6.649999705E-05 8.923599720E-01 3.136500000E+03 9.278299805E+03 2.959299927E+02 1.085800018E+02 -1.416800022E+01 6.038499832E+01 3.820199966E-01 5.499100089E-01 1.045300043E-03
 1.557999931E-04 6.613999722E-05 8.941500187E-01 -7.868799805E+03 1.265400000E+04 2.962399902E+02 1.067799988E+02 -1.359799957E+01 7.585199738E+01 3.753400147E-01 5.515999794E-01 1.043200027E-03
 1.578499941E-04 6.577999739E-05 8.960700035E-01 -1.176900000E+04 8.524200195E+03 2.963599854E+02 1.050299988E+02 -1.312300014E+01 7.859700012E+01 3.690199852E-01 5.529900193E-01 1.041000010E-03
 1.598999952E-04 6.541999755E-05 8.970900178E-01 -1.174800000E+04 7.235999756E+02 2.965000000E+02 1.034199982E+02 -1.242199993E+01 5.968099976E+01 3.630599976E-01 5.538799763E-01 1.039800001E-03
 1.619499963E-04 6.505999772E-05 8.985400200E-01 -7.609299805E+03 5.714700195E+03 2.965400085E+02 1.017799988E+02 -1.174499989E+01 5.258100128E+01 3.570699990E-01 5.548499823E-01 1.038099988E-03
 1.639999973E-04 6.469999789E-05 8.999300003E-01 -3.490300049E+03 5.898700195E+03 2.967399902E+02 1.001299973E+02 -1.104899979E+01 7.301200104E+01 3.509800136E-01 5.560899973E-01 1.036499976E-03
 1.660499984E-04 6.433999806E-05 9.001299739E-01 -4.765899902E+03 -1.502900024E+03 2.970499878E+02 9.852899933E+01 -1.017399979E+01 8.096399689E+01 3.449200094E-01 5.568100214E-01 1.036299975E-03
 1.680999994E-04 6.397999823E-05 9.008899927E-01 -4.171200195E+03 6.966100098E+03 2.971000061E+02 9.697899628E+01 -9.475299835E+00 6.795700073E+01 3.392699957E-01 5.573599935E-01 1.035399968E-03
 1.701500005E-04 6.361999840E-05 9.028999805E-01 5.406199951E+02 6.295700195E+03 2.971600037E+02 9.558699799E+01 -8.719799995E+00 7.525199890E+01 3.341700137E-01 5.587199926E-01 1.033099950E-03
 1.722000015E-04 6.325999857E-05 9.039499760E-01 -4.076100159E+01 -9.440399780E+02 2.973399963E+02 9.430599976E+01 -7.986800194E+00 8.832299805E+01 3.294000030E-01 5.597000122E-01 1.031900058E-03
 1.742500026E-04 6.289999874E-05 9.044499993E-01 -2.386899902E+03 5.474100098E+03 2.976000061E+02 9.303900146E+01 -7.136499882E+00 8.913999939E+01 3.246299922E-01 5.605099797E-01 1.031300053E-03
 1.763000037E-04 6.253999891E-05 9.050599933E-01 -3.717100098E+03 5.904799805E+03 2.977999878E+02 9.185399628E+01 -6.124000072E+00 6.367800140E+01 3.201499879E-01 5.612599850E-01 1.030700048E-03
 1.783500047E-04 6.217999908E-05 9.063599706E-01 2.652500000E+02 2.505800049E+03 2.977099915E+02 9.053399658E+01 -5.292900085E+00 5.236899948E+01 3.154399991E-01 5.618799925E-01 1.029200037E-03
 1.804000058E-04 6.181999925E-05 9.075800180E-01 9.042299805E+03 5.353500000E+03 2.977000122E+02 8.928700256E+01 -4.345900059E+00 7.575599670E+01 3.109399974E-01 5.626299977E-01 1.027800026E-03
 1.824500068E-04 6.145999942E-05 9.075700045E-01 7.686100098E+03 3.612399902E+03 2.979299927E+02 8.818800354E+01 -2.992700100E+00 7.088899994E+01 3.068099916E-01 5.630699992E-01 1.027800026E-03
 1.844999933E-04 6.109999958E-05 9.072899818E-01 4.202299805E+03 4.455100098E+03 2.980799866E+02 8.711000061E+01 -1.752900004E+00 8.435199738E+01 3.028700054E-01 5.631600022E-01 1.028100029E-03
 1.865499944E-04 6.073999975E-05 9.077200294E-01 3.557699951E+03 5.868100098E+03 2.980799866E+02 8.609999847E+01 -5.119000077E-01 9.971099854E+01 2.993099988E-01 5.634400249E-01 1.027600025E-03
 1.885999955E-04 6.037999992E-05 9.081000090E-01 6.146300049E+02 -1.913199951E+03 2.982200012E+02 8.505599976E+01 8.753799796E-01 7.653500366E+01 2.956199944E-01 5.639299750E-01 1.027200022E-03
 1.906499965E-04 6.002000009E-05 9.080399871E-01 -4.620000000E+03 1.750000000E+03 2.983599854E+02 8.404399872E+01 2.010299921E+00 8.945700073E+01 2.921000123E-01 5.641700029E-01 1.027300023E-03
 1.926999976E-04 5.966000026E-05 9.083399773E-01 -2.021699951E+03 3.704699951E+03 2.984400024E+02 8.314600372E+01 3.288399935E+00 9.570099640E+01 2.890799940E-01 5.645099878E-01 1.026900019E-03
 1.947499986E-04 5.930000043E-05 9.085800052E-01 1.236099976E+03 7.587100220E+02 2.984700012E+02 8.228299713E+01 4.842100143E+00 8.513899994E+01 2.863399982E-01 5.647100210E-01 1.026700018E-03
 1.967999997E-04 5.894000060E-05 9.081400037E-01 -2.284100098E+03 7.417200195E+03 2.985299988E+02 8.144100189E+01 6.398600101E+00 8.910600281E+01 2.837600112E-01 5.645599961E-01 1.027200022E-03
 1.988500007E-04 5.858000077E-05 9.078400135E-01 -2.246399902E+03 8.152899902E+03 2.986700134E+02 8.048899841E+01 8.075200081E+00 9.810299683E+01 2.809300125E-01 5.646200180E-01 1.027500024E-03
 2.009000018E-04 5.822000094E-05 9.078999758E-01 3.493900146E+02 6.215200195E+03 2.986799927E+02 7.959899902E+01 9.890800476E+00 9.831600189E+01 2.785600126E-01 5.646799803E-01 1.027400023E-03
 2.029500029E-04 5.786000111E-05 9.074599743E-01 -1.595199951E+03 5.868899902E+03 2.987200012E+02 7.901499939E+01 1.190799999E+01 1.297500000E+02 2.775000036E-01 5.644800067E-01 1.027900027E-03
 2.050000039E-04 5.750000128E-05 9.069799781E-01 -4.344899902E+03 4.060899902E+03 2.987799988E+02 7.878900146E+01 1.304100037E+01 1.600700073E+02 2.772899866E-01 5.642899871E-01 1.028500032E-03
 0.000000000E+00 7.566699787E-05 1.600700021E+00 3.006300000E+04 -5.400700000E+04 3.000000000E+02 8.887799835E+01 9.329400063E+00 3.447600098E+02 3.136799932E-01 1.005200028E+00 5.790800205E-04
 2.049999921E-06 7.603999984E-05 1.599599957E+00 1.248600000E+04 -2.524500000E+04 2.996000061E+02 9.067199707E+01 9.529299736E+00 2.310899963E+02 3.181299865E-01 1.000599980E+00 5.813000025E-04
 4.099999842E-06 7.641300181E-05 1.596600056E+00 -2.358000000E+03 8.485200195E+03 2.990499878E+02 9.318399811E+01 1.039299965E+01 1.110999985E+02 3.253999949E-01 9.942399859E-01 5.842500250E-04
 6.149999990E-06 7.678700058E-05 1.590999961E+00 6.668600098E+03 4.262799805E+03 2.988599854E+02 9.474600220E+01 1.147099972E+01 8.107900238E+01 3.313100040E-01 9.901400208E-01 5.863200058E-04
 8.199999684E-06 7.716000255E-05 1.585399985E+00 1.183900024E+03 2.637699890E+02 2.987099915E+02 9.631900024E+01 1.221599960E+01 6.381399918E+01 3.371399939E-01 9.861699939E-01 5.883700214E-04
 1.024999983E-05 7.753299724E-05 1.583400011E+00 -1.087400000E+04 -1.971599976E+03 2.983099976E+02 9.780699921E+01 1.283300018E+01 6.552200317E+01 3.427700102E-01 9.836199880E-01 5.891000037E-04
 1.229999998E-05 7.790700329E-05 1.579499960E+00 -2.964899902E+03 -2.223100098E+03 2.979100037E+02 9.956400299E+01 1.361600018E+01 6.130300140E+01 3.494200110E-01 9.798799753E-01 5.905600265E-04
 1.435000013E-05 7.827999798E-05 1.573899984E+00 -2.008000000E+03 7.994500000E+03 2.976300049E+02 1.014499969E+02 1.451599979E+01 6.557700348E+01 3.565199971E-01 9.754599929E-01 5.926900194E-04
 1.639999937E-05 7.865299995E-05 1.569200039E+00 -1.491200000E+04 -9.643699951E+02 2.974200134E+02 1.034700012E+02 1.530799961E+01 4.893199921E+01 3.639700115E-01 9.718599916E-01 5.944499862E-04
 1.845000043E-05 7.902699872E-05 1.562899947E+00 -1.156800000E+04 -4.095300049E+03 2.972500000E+02 1.058399963E+02 1.599899960E+01 4.668299866E+01 3.726100028E-01 9.673900008E-01 5.968600162E-04
 2.049999966E-05 7.940000069E-05 1.557800055E+00 4.313000000E+03 1.269300000E+04 2.968699951E+02 1.084400024E+02 1.657299995E+01 5.006700134E+01 3.820999861E-01 9.630100131E-01 5.988000194E-04
 2.255000072E-05 7.977300265E-05 1.552000046E+00 8.338400391E+03 5.915500000E+03 2.962099915E+02 1.114199982E+02 1.735199928E+01 6.702200317E+01 3.932000101E-01 9.573299885E-01 6.010200013E-04
 2.459999996E-05 8.014700143E-05 1.542999983E+00 2.965199951E+03 -3.983800049E+02 2.956600037E+02 1.148600006E+02 1.816699982E+01 9.937300110E+01 4.058899879E-01 9.499999881E-01 6.045399932E-04
 2.664999920E-05 8.052000339E-05 1.534399986E+00 9.306900391E+03 1.257800000E+04 2.952600098E+02 1.183899994E+02 1.914699936E+01 5.415100098E+01 4.188799858E-01 9.433900118E-01 6.079499726E-04
 2.870000026E-05 8.089299808E-05 1.525500059E+00 8.459299805E+03 6.004299805E+03 2.945700073E+02 1.224100037E+02 2.017300034E+01 4.851200104E+01 4.338299930E-01 9.357399940E-01 6.114899879E-04
 3.075000132E-05 8.126699686E-05 1.514999986E+00 1.023200000E+04 2.739100098E+03 2.935400085E+02 1.270100021E+02 2.093799973E+01 1.109800034E+02 4.509100020E-01 9.260799885E-01 6.157099851E-04
 3.279999873E-05 8.163999883E-05 1.502400041E+00 3.451200000E+04 1.031200000E+04 2.927500000E+02 1.321199951E+02 2.180900002E+01 1.054800034E+02 4.697200060E-01 9.158800244E-01 6.208900013E-04
 3.484999979E-05 8.201300079E-05 1.486799955E+00 3.397500000E+04 8.303200195E+03 2.920100098E+02 1.380200043E+02 2.266600037E+01 8.051499939E+01 4.912199974E-01 9.040899873E-01 6.274100160E-04
 3.690000085E-05 8.238699957E-05 1.469799995E+00 1.094700000E+04 -3.857899902E+03 2.909899902E+02 1.445399933E+02 2.374600029E+01 6.729399872E+01 5.153399706E-01 8.906499743E-01 6.346600130E-04
 3.894999827E-05 8.276000153E-05 1.449900031E+00 1.105100000E+04 -2.884499931E+01 2.896799927E+02 1.520599976E+02 2.512000084E+01 8.306300354E+01 5.434799790E-01 8.746500015E-01 6.433799863E-04
 4.099999933E-05 8.313300350E-05 1.426499963E+00 2.800800000E+04 1.019000000E+04 2.880499878E+02 1.606000061E+02 2.627899933E+01 8.542299652E+01 5.754799843E-01 8.556600213E-01 6.539800088E-04
 4.305000039E-05 8.350700227E-05 1.399299979E+00 5.473800000E+04 9.585900391E+03 2.859899902E+02 1.704400024E+02 2.705500031E+01 8.751399994E+01 6.124600172E-01 8.334000111E-01 6.666900008E-04
 4.510000144E-05 8.387999696E-05 1.364400029E+00 6.494400000E+04 5.986299805E+03 2.834599915E+02 1.822299957E+02 2.762800026E+01 9.985500336E+01 6.570400000E-01 8.054299951E-01 6.838099798E-04
 4.714999886E-05 8.425299893E-05 1.319499969E+00 4.792500000E+04 -5.452100098E+03 2.805599976E+02 1.965399933E+02 2.753400040E+01 4.253799820E+01 7.111899853E-01 7.710099816E-01 7.071599830E-04
 4.919999992E-05 8.462699770E-05 1.263200045E+00 4.759800000E+04 1.850900024E+03 2.765700073E+02 2.141399994E+02 2.548100090E+01 -1.876399994E+01 7.784500122E-01 7.276800275E-01 7.388900267E-04
 5.125000098E-05 8.499999967E-05 1.189200044E+00 6.756200000E+04 -1.781200000E+04 2.710400085E+02 2.355099945E+02 2.076099968E+01 -1.509600067E+02 8.622400165E-01 6.715000272E-01 7.853700081E-04
 5.329999840E-05 8.466400323E-05 1.096500039E+00 8.479900000E+04 -4.768800000E+04 2.640299988E+02 2.600599976E+02 1.197200012E+01 -3.318500061E+02 9.622200131E-01 6.032500267E-01 8.525400190E-04
 5.534999946E-05 8.432799950E-05 9.947500229E-01 6.492400000E+04 -5.521000000E+04 2.559499969E+02 2.853399963E+02 -2.159100056E+00 -4.293999939E+02 1.071400046E+00 5.306599736E-01 9.403100121E-04
 5.740000051E-05 8.399200306E-05 8.948100209E-01 4.010400000E+04 -6.232800000E+04 2.475000000E+02 3.083699951E+02 -1.974099922E+01 -4.469200134E+02 1.179700017E+00 4.616200030E-01 1.045600045E-03
 5.945000157E-05 8.365599933E-05 8.027700186E-01 2.582900000E+04 -6.389700000E+04 2.393699951E+02 3.280100098E+02 -3.858300018E+01 -3.769599915E+02 1.281999946E+00 4.005300105E-01 1.165600028E-03
 6.150000263E-05 8.332000289E-05 7.232199907E-01 1.332800000E+04 -5.501600000E+04 2.317599945E+02 3.442300110E+02 -5.641400146E+01 -2.816499939E+02 1.375800014E+00 3.493399918E-01 1.293299953E-03
 6.354999641E-05 8.298399916E-05 6.562700272E-01 1.975199951E+03 -3.754100000E+04 2.248600006E+02 3.575499878E+02 -7.123500061E+01 -1.891199951E+02 1.459699988E+00 3.075299859E-01 1.424900023E-03
 6.559999747E-05 8.264800272E-05 6.012099981E-01 -2.496400000E+04 -2.309000000E+04 2.189400024E+02 3.684599915E+02 -8.302700043E+01 -8.306500244E+01 1.532299995E+00 2.742600143E-01 1.554399962E-03
 6.764999853E-05 8.231199899E-05 5.568100214E-01 -5.555700000E+04 -4.500600098E+03 2.139499969E+02 3.774899902E+02 -9.166899872E+01 -9.197299957E+00 1.594099998E+00 2.481800020E-01 1.677699969E-03
 6.969999959E-05 8.197600255E-05 5.200700164E-01 -7.427300000E+04 1.154200000E+04 2.097100067E+02 3.854500122E+02 -9.722200012E+01 5.144100189E+01 1.647600055E+00 2.271900028E-01 1.795500051E-03
 7.175000064E-05 8.163999883E-05 4.901199937E-01 -7.677800000E+04 2.648400000E+04 2.060500031E+02 3.925199890E+02 -1.002099991E+02 9.927200317E+01 1.693799973E+00 2.103500068E-01 1.904699951E-03
 7.380000170E-05 8.130400238E-05 4.652799964E-01 -8.185400000E+04 3.367500000E+04 2.029400024E+02 3.988900146E+02 -1.010400009E+02 1.379299927E+02 1.733600020E+00 1.966599971E-01 2.006100025E-03
 7.585000276E-05 8.096799866E-05 4.447000027E-01 -9.468800000E+04 3.159200000E+04 2.002599945E+02 4.044899902E+02 -1.004400024E+02 1.744700012E+02 1.767600060E+00 1.854699999E-01 2.098500030E-03
 7.789999654E-05 8.063200221E-05 4.271300137E-01 -9.924200000E+04 3.782300000E+04 1.976799927E+02 4.097099915E+02 -9.853399658E+01 1.836399994E+02 1.798799992E+00 1.758500040E-01 2.184699988E-03
 7.994999760E-05 8.029599849E-05 4.114699960E-01 -9.739000000E+04 4.845100000E+04 1.953800049E+02 4.146900024E+02 -9.553099823E+01 1.975399933E+02 1.827200055E+00 1.674299985E-01 2.267699922E-03
 8.199999866E-05 7.996000204E-05 3.977499902E-01 -1.078200000E+05 4.912000000E+04 1.935000000E+02 4.191199951E+02 -9.237100220E+01 2.141799927E+02 1.851699948E+00 1.602800041E-01 2.345900051E-03
 8.404999971E-05 7.962399832E-05 3.853799999E-01 -1.191000000E+05 4.971200000E+04 1.917400055E+02 4.231700134E+02 -8.928700256E+01 2.116300049E+02 1.874500036E+00 1.538800001E-01 2.421099925E-03
 8.610000077E-05 7.928800187E-05 3.738699853E-01 -1.335100000E+05 5.283000000E+04 1.900899963E+02 4.267999878E+02 -8.616799927E+01 2.070899963E+02 1.895400047E+00 1.480000019E-01 2.495599911E-03
 8.815000183E-05 7.895199815E-05 3.629800081E-01 -1.575100000E+05 5.552500000E+04 1.885899963E+02 4.302099915E+02 -8.269200134E+01 2.145000000E+02 1.914600015E+00 1.425600052E-01 2.570499899E-03
 9.020000289E-05 7.861600170E-05 3.522900045E-01 -1.739800000E+05 5.416100000E+04 1.869900055E+02 4.339100037E+02 -7.948999786E+01 2.193500061E+02 1.936100006E+00 1.371899992E-01 2.648500027E-03
 9.224999667E-05 7.827999798E-05 3.420499861E-01 -1.793000000E+05 5.084200000E+04 1.853399963E+02 4.377000122E+02 -7.702899933E+01 2.092200012E+02 1.959200025E+00 1.320199966E-01 2.727699932E-03
 9.429999773E-05 7.794400153E-05 3.321799934E-01 -1.970100000E+05 5.066300000E+04 1.839499969E+02 4.411799927E+02 -7.493199921E+01 2.061499939E+02 1.980200052E+00 1.272500008E-01 2.808799967E-03
 9.634999878E-05 7.760799781E-05 3.226700127E-01 -2.224000000E+05 5.079900000E+04 1.826799927E+02 4.441900024E+02 -7.299199677E+01 2.019900055E+02 1.998800039E+00 1.227499992E-01 2.891500015E-03
 9.839999984E-05 7.727200136E-05 3.142899871E-01 -2.597700000E+05 5.511200000E+04 1.818500061E+02 4.460299988E+02 -7.091799927E+01 2.142400055E+02 2.009999990E+00 1.190100014E-01 2.968400018E-03
 1.004500009E-04 7.693599764E-05 3.091599941E-01 -3.647600000E+05 6.806700000E+04 1.831399994E+02 4.437099915E+02 -6.845500183E+01 2.667799988E+02 1.991199970E+00 1.178999990E-01 3.017399926E-03
 1.025000020E-04 7.660000119E-05 3.237600029E-01 -7.678800000E+05 1.241500000E+05 1.964400024E+02 4.164599915E+02 -6.193799973E+01 4.862500000E+02 1.808699965E+00 1.328399926E-01 2.888400108E-03
 1.045500030E-04 7.626399747E-05 4.149299860E-01 -1.082800000E+06 1.647300000E+05 2.322100067E+02 3.303200073E+02 -4.661800003E+01 8.287299805E+02 1.332000017E+00 2.044200003E-01 2.325200010E-03
 1.065999968E-04 7.592800102E-05 6.024199724E-01 -6.545200000E+05 9.011300000E+04 2.682900085E+02 2.265700073E+02 -3.032399940E+01 7.096599731E+02 8.417599797E-01 3.394199908E-01 1.604599995E-03
 1.086499979E-04 7.559199730E-05 7.678300142E-01 -1.371400000E+05 1.336000000E+04 2.837500000E+02 1.728500061E+02 -2.274399948E+01 2.569500122E+02 6.214200258E-01 4.540599883E-01 1.220799983E-03
 1.106999989E-04 7.525600086E-05 8.309100270E-01 -3.485900000E+04 3.756399902E+03 2.877300110E+02 1.591300049E+02 -2.103000069E+01 6.610399628E+01 5.679000020E-01 4.978600144E-01 1.122800051E-03
 1.127500000E-04 7.491999713E-05 8.431599736E-01 -2.665700000E+04 -1.342699951E+03 2.885100098E+02 1.559499969E+02 -2.068600082E+01 5.622700119E+01 5.558500290E-01 5.065600276E-01 1.106300042E-03
 1.148000010E-04 7.458400069E-05 8.469300270E-01 -1.998100000E+04 -2.784399902E+03 2.889100037E+02 1.536799927E+02 -2.058300018E+01 4.300500107E+01 5.474699736E-01 5.095300078E-01 1.101400005E-03
 1.168500021E-04 7.424799696E-05 8.493700027E-01 -2.172000000E+04 -2.044400024E+03 2.895100098E+02 1.513500061E+02 -2.059900093E+01 1.307400036E+01 5.387499928E-01 5.120599866E-01 1.098199980E-03
 1.189000031E-04 7.391200052E-05 8.522099853E-01 -2.043900000E+04 -7.794799805E+02 2.900899963E+02 1.488200073E+02 -2.063500023E+01 2.289900017E+01 5.294200182E-01 5.147899985E-01 1.094599953E-03
 1.209499969E-04 7.357599679E-05 8.550999761E-01 -2.573800000E+04 8.301599731E+02 2.906099854E+02 1.462599945E+02 -2.044700050E+01 4.581900024E+01 5.199300051E-01 5.174700022E-01 1.090900041E-03
 1.230000053E-04 7.324000035E-05 8.581200242E-01 -3.635300000E+04 -3.339000000E+03 2.911099854E+02 1.435599976E+02 -1.996100044E+01 3.766299820E+01 5.098400116E-01 5.202000141E-01 1.087000011E-03
 1.250500063E-04 7.290399662E-05 8.616999984E-01 -3.071400000E+04 -1.916000000E+03 2.914800110E+02 1.406199951E+02 -1.957200050E+01 1.340499973E+01 4.990899861E-01 5.230299830E-01 1.082499977E-03
 1.270999928E-04 7.256800018E-05 8.649899960E-01 -1.229000000E+04 -1.434500000E+03 2.917799988E+02 1.378600006E+02 -1.934600067E+01 6.261899948E+00 4.891200066E-01 5.255699754E-01 1.078399946E-03
 1.291499939E-04 7.223199646E-05 8.680199981E-01 -1.446700000E+04 -4.123800049E+02 2.921799927E+02 1.352700043E+02 -1.886599922E+01 2.610199928E+01 4.795399904E-01 5.281299949E-01 1.074600033E-03
 1.311999949E-04 7.189600001E-05 8.710899949E-01 -2.003900000E+04 -2.053500000E+03 2.925499878E+02 1.326699982E+02 -1.840600014E+01 2.581100082E+01 4.699699879E-01 5.306699872E-01 1.070800005E-03
 1.332499960E-04 7.156000356E-05 8.738499880E-01 -1.684700000E+04 -5.736799805E+03 2.929700012E+02 1.301199951E+02 -1.807600021E+01 2.427899933E+01 4.606199861E-01 5.331100225E-01 1.067499979E-03
 1.352999971E-04 7.122399984E-05 8.758900166E-01 -1.214700000E+04 1.397699951E+03 2.933599854E+02 1.278099976E+02 -1.799399948E+01 1.807500076E+01 4.522599876E-01 5.350800157E-01 1.064999960E-03
 1.373499981E-04 7.088800339E-05 8.777599931E-01 -1.394200000E+04 8.125099945E+01 2.937999878E+02 1.256500015E+02 -1.767200089E+01 2.523399925E+01 4.442900121E-01 5.370200276E-01 1.062699943E-03
 1.393999992E-04 7.055199967E-05 8.792099953E-01 -2.462200000E+04 -1.476099976E+03 2.943500061E+02 1.235699997E+02 -1.694499969E+01 4.730500031E+01 4.362800121E-01 5.389099717E-01 1.061000046E-03
 1.414500002E-04 7.021600322E-05 8.812599778E-01 -1.817400000E+04 2.890699951E+03 2.945499878E+02 1.214000015E+02 -1.656900024E+01 3.566199875E+01 4.284600019E-01 5.405399799E-01 1.058500027E-03
 1.435000013E-04 6.987999950E-05 8.834499717E-01 -1.102400000E+04 -2.786100098E+03 2.946700134E+02 1.193199997E+02 -1.613299942E+01 2.621899986E+01 4.209499955E-01 5.421000123E-01 1.055900007E-03
 1.455500023E-04 6.954400305E-05 8.852400184E-01 -1.442100000E+04 -2.608699951E+03 2.950199890E+02 1.173600006E+02 -1.548200035E+01 1.961400032E+01 4.136300087E-01 5.438500047E-01 1.053699991E-03
 1.476000034E-04 6.920799933E-05 8.875100017E-01 -1.020500000E+04 6.610299805E+03 2.951799927E+02 1.154300003E+02 -1.476299953E+01 2.843799973E+01 4.065099955E-01 5.455300212E-01 1.050999970E-03
 1.496500045E-04 6.887200288E-05 8.895599842E-01 -8.832199707E+02 3.706199951E+03 2.953399963E+02 1.135199966E+02 -1.434200001E+01 4.826800156E+01 3.995800018E-01 5.471000075E-01 1.048599952E-03
 1.517000055E-04 6.853599916E-05 8.918099999E-01 4.268700195E+03 -1.212699951E+03 2.955199890E+02 1.115500031E+02 -1.385700035E+01 4.684500122E+01 3.924199939E-01 5.488200188E-01 1.046000049E-03
 1.537500066E-04 6.820000272E-05 8.936100006E-01 3.789699951E+03 7.124600220E+02 2.956499939E+02 1.097799988E+02 -1.315699959E+01 4.677500153E+01 3.858999908E-01 5.501599908E-01 1.043900033E-03
 1.557999931E-04 6.786399899E-05 8.945999742E-01 -5.854500000E+03 5.043899902E+03 2.959899902E+02 1.082399979E+02 -1.259200001E+01 3.603499985E+01 3.801400065E-01 5.514000058E-01 1.042700023E-03
 1.578499941E-04 6.752800255E-05 8.947499990E-01 -1.667100000E+04 3.858899902E+03 2.963299866E+02 1.067600021E+02 -1.201200008E+01 3.618500137E+01 3.745500147E-01 5.521399975E-01 1.042500022E-03
 1.598999952E-04 6.719199882E-05 8.955500126E-01 -1.537000000E+04 -3.119600098E+03 2.965299988E+02 1.051399994E+02 -1.139400005E+01 4.427799988E+01 3.685800135E-01 5.529900193E-01 1.041600015E-03
 1.619499963E-04 6.685600238E-05 8.970900178E-01 -6.472000000E+03 3.971799927E+02 2.965599976E+02 1.035599976E+02 -1.086600018E+01 3.068700027E+01 3.628900051E-01 5.540000200E-01 1.039800001E-03
 1.639999973E-04 6.651999865E-05 8.983600140E-01 -6.770700195E+03 1.807500000E+03 2.967699890E+02 1.020599976E+02 -1.008199978E+01 5.584500122E+01 3.573000133E-01 5.551900268E-01 1.038299990E-03
 1.660499984E-04 6.618400221E-05 8.990200162E-01 -8.300900391E+03 -4.271700195E+03 2.970599976E+02 1.006100006E+02 -9.232600212E+00 5.623899841E+01 3.518100083E-01 5.561299920E-01 1.037599985E-03
 1.680999994E-04 6.584799848E-05 8.998299837E-01 -4.480100098E+03 1.277400024E+03 2.972399902E+02 9.922000122E+01 -8.639699936E+00 4.794499969E+01 3.466899991E-01 5.569700003E-01 1.036599977E-03
 1.701500005E-04 6.551200204E-05 9.013299942E-01 6.571199951E+02 6.429799805E+03 2.973399963E+02 9.786199951E+01 -8.081199646E+00 7.334200287E+01 3.417600095E-01 5.580700040E-01 1.034899964E-03
 1.722000015E-04 6.517599832E-05 9.023399949E-01 3.359300049E+03 4.671300049E+02 2.973800049E+02 9.667900085E+01 -7.324900150E+00 7.656500244E+01 3.374300003E-01 5.587800145E-01 1.033799956E-03
 1.742500026E-04 6.484000187E-05 9.030799866E-01 3.640300049E+03 2.923000000E+03 2.974899902E+02 9.551699829E+01 -6.432000160E+00 7.345099640E+01 3.331100047E-01 5.594400167E-01 1.032899949E-03
 1.763000037E-04 6.450399815E-05 9.034600258E-01 -1.011600037E+02 6.773700195E+03 2.977000122E+02 9.435700226E+01 -5.569399834E+00 6.484400177E+01 3.287799954E-01 5.600900054E-01 1.032499946E-03
 1.783500047E-04 6.416800170E-05 9.047099948E-01 8.837100220E+02 3.660699951E+03 2.977000122E+02 9.320200348E+01 -4.655700207E+00 6.506700134E+01 3.245899975E-01 5.608500242E-01 1.031100051E-03
 1.804000058E-04 6.383199798E-05 9.055899978E-01 2.923199951E+03 1.187800049E+03 2.977200012E+02 9.198200226E+01 -3.635600090E+00 8.020800018E+01 3.201900125E-01 5.614299774E-01 1.030100044E-03
 1.824500068E-04 6.349600153E-05 9.056199789E-01 1.525800049E+03 -1.532800049E+03 2.979500122E+02 9.082299805E+01 -2.379899979E+00 7.352100372E+01 3.158900142E-01 5.619000196E-01 1.030000043E-03
 1.844999933E-04 6.315999781E-05 9.061499834E-01 3.369699951E+03 -5.637800293E+02 2.979200134E+02 8.986599731E+01 -1.234099984E+00 6.747699738E+01 3.125000000E-01 5.621700287E-01 1.029400039E-03
 1.865499944E-04 6.282400136E-05 9.070000052E-01 4.900700195E+03 4.088100098E+03 2.978299866E+02 8.899700165E+01 -9.567599744E-02 7.775700378E+01 3.095000088E-01 5.625100136E-01 1.028400031E-03
 1.885999955E-04 6.248799764E-05 9.070600271E-01 -1.197999954E+01 -1.512299957E+02 2.979700012E+02 8.822899628E+01 1.246700048E+00 8.069499969E+01 3.067899942E-01 5.628200173E-01 1.028400031E-03
 1.906499965E-04 6.215200119E-05 9.067299962E-01 -4.875100098E+03 2.514399902E+03 2.981700134E+02 8.748699951E+01 2.414200068E+00 8.613899994E+01 3.041900098E-01 5.630000234E-01 1.028700033E-03
 1.926999976E-04 6.181599747E-05 9.066100121E-01 -4.442600098E+03 1.099199951E+03 2.983299866E+02 8.663600159E+01 3.599499941E+00 7.367099762E+01 3.012999892E-01 5.632100105E-01 1.028900035E-03
 1.947499986E-04 6.148000102E-05 9.067400098E-01 -3.102100098E+03 -3.257300049E+03 2.983900146E+02 8.587300110E+01 5.045400143E+00 6.212200165E+01 2.988699973E-01 5.634199977E-01 1.028700033E-03
 1.967999997E-04 6.114399730E-05 9.069200158E-01 -3.858800125E+01 6.772299805E+03 2.983299866E+02 8.523699951E+01 6.587299824E+00 8.455999756E+01 2.970600128E-01 5.634099841E-01 1.028500032E-03
 1.988500007E-04 6.080800085E-05 9.065700173E-01 2.114000000E+03 4.214100098E+03 2.983999939E+02 8.458699799E+01 8.376899719E+00 9.409799957E+01 2.953299880E-01 5.633299947E-01 1.028900035E-03
 2.009000018E-04 6.047200077E-05 9.062799811E-01 4.753100098E+03 5.332500000E+03 2.984400024E+02 8.394400024E+01 1.003199959E+01 9.292800140E+01 2.937099934E-01 5.632299781E-01 1.029300038E-03
 2.029500029E-04 6.013600068E-05 9.055299759E-01 1.968000000E+03 1.006500000E+04 2.984400024E+02 8.344100189E+01 1.172900009E+01 1.090400009E+02 2.927399874E-01 5.627700090E-01 1.030100044E-03
 2.050000039E-04 5.980000060E-05 9.048799872E-01 -2.199399902E+03 8.423500000E+03 2.984899902E+02 8.323999786E+01 1.272799969E+01 1.167600021E+02 2.925100029E-01 5.624499917E-01 1.030900050E-03
 0.000000000E+00 7.683299918E-05 1.600700021E+00 2.847600000E+04 -3.495300000E+04 3.000000000E+02 9.293499756E+01 9.187899590E+00 3.110100098E+02 3.273400068E-01 1.004699945E+00 5.790800205E-04
 2.049999921E-06 7.717999688E-05 1.599099994E+00 4.933500000E+03 -1.916100000E+04 2.995299988E+02 9.417900085E+01 9.578700066E+00 1.871199951E+02 3.301399946E-01 9.997799993E-01 5.815100158E-04
 4.099999842E-06 7.752700185E-05 1.595100045E+00 -1.000900000E+04 3.506100098E+03 2.990000000E+02 9.565899658E+01 1.040699959E+01 6.797799683E+01 3.339599967E-01 9.931799769E-01 5.847900175E-04
 6.149999990E-06 7.787300274E-05 1.590800047E+00 4.810700195E+03 7.795700195E+03 2.988099976E+02 9.646299744E+01 1.119699955E+01 5.143700027E+01 3.371500075E-01 9.898599982E-01 5.863800179E-04
 8.199999684E-06 7.822000043E-05 1.586599946E+00 1.012700012E+03 8.309599609E+03 2.985799866E+02 9.768399811E+01 1.186999989E+01 2.505400085E+01 3.417699933E-01 9.864699841E-01 5.879200180E-04
 1.024999983E-05 7.856699813E-05 1.582800031E+00 -1.044000000E+03 1.495300049E+03 2.983399963E+02 9.909899902E+01 1.240900040E+01 2.984700012E+01 3.470099866E-01 9.833300114E-01 5.893299822E-04
 1.229999998E-05 7.891299902E-05 1.578099966E+00 1.494100000E+04 1.320599976E+03 2.979400024E+02 1.007799988E+02 1.307400036E+01 3.781999969E+01 3.533200026E-01 9.790700078E-01 5.911000189E-04
 1.435000013E-05 7.925999671E-05 1.572399974E+00 6.480100098E+03 2.195899902E+03 2.976099854E+02 1.027399979E+02 1.391499996E+01 5.400899887E+01 3.606800139E-01 9.744700193E-01 5.932400236E-04
 1.639999937E-05 7.960700168E-05 1.568400025E+00 -1.416900024E+03 -7.893299805E+03 2.973699951E+02 1.047699966E+02 1.466699982E+01 5.335699844E+01 3.681699932E-01 9.712100029E-01 5.947399768E-04
 1.845000043E-05 7.995300257E-05 1.563300014E+00 -1.020299988E+03 -3.304599915E+02 2.971499939E+02 1.071900024E+02 1.526700020E+01 3.913899994E+01 3.769699931E-01 9.673200250E-01 5.967000034E-04
 2.049999966E-05 8.030000026E-05 1.556699991E+00 5.214600098E+03 1.910300000E+04 2.968099976E+02 1.099199982E+02 1.580099964E+01 5.704600143E+01 3.868600130E-01 9.621599913E-01 5.992099759E-04
 2.255000072E-05 8.064699796E-05 1.550699949E+00 1.726800000E+04 1.156400000E+04 2.961799927E+02 1.126299973E+02 1.649200058E+01 7.124199677E+01 3.969700038E-01 9.563900232E-01 6.015499821E-04
 2.459999996E-05 8.099299885E-05 1.542299986E+00 1.563900000E+04 -1.003700000E+04 2.957099915E+02 1.158099976E+02 1.722100067E+01 8.141500092E+01 4.086300135E-01 9.497200251E-01 6.048199721E-04
 2.664999920E-05 8.133999654E-05 1.533599973E+00 1.873200000E+04 2.916399902E+03 2.952600098E+02 1.193600006E+02 1.808200073E+01 4.187200165E+01 4.216400087E-01 9.429000020E-01 6.082599866E-04
 2.870000026E-05 8.168700151E-05 1.524999976E+00 1.027300000E+04 1.475000000E+04 2.944299927E+02 1.234000015E+02 1.893700027E+01 3.394499969E+01 4.366799891E-01 9.350399971E-01 6.116600125E-04
 3.075000132E-05 8.203300240E-05 1.514500022E+00 4.577000000E+03 1.308400000E+04 2.933599854E+02 1.280599976E+02 1.961199951E+01 8.503800201E+01 4.539699852E-01 9.251599908E-01 6.159400218E-04
 3.279999873E-05 8.238000009E-05 1.502099991E+00 2.081000000E+04 3.992300049E+03 2.925299988E+02 1.333399963E+02 2.049099922E+01 7.891600037E+01 4.733699858E-01 9.150000215E-01 6.210199790E-04
 3.484999979E-05 8.272699779E-05 1.486600041E+00 2.112300000E+04 -1.753400024E+03 2.918200073E+02 1.393099976E+02 2.131999969E+01 6.140000153E+01 4.951399863E-01 9.034000039E-01 6.274899933E-04
 3.690000085E-05 8.307299868E-05 1.468999982E+00 9.468900391E+03 -6.243200195E+03 2.908500061E+02 1.458699951E+02 2.228400040E+01 4.981200027E+01 5.192999840E-01 8.897299767E-01 6.350000040E-04
 3.894999827E-05 8.341999637E-05 1.449000001E+00 1.981700000E+04 -6.531200195E+03 2.895000000E+02 1.530000000E+02 2.352099991E+01 5.342399979E+01 5.460100174E-01 8.735499978E-01 6.437900010E-04
 4.099999933E-05 8.376700134E-05 1.426300049E+00 3.140500000E+04 7.521399902E+03 2.879299927E+02 1.612599945E+02 2.440800095E+01 5.634700012E+01 5.768600106E-01 8.552399874E-01 6.540199975E-04
 4.305000039E-05 8.411300223E-05 1.399199963E+00 3.489400000E+04 1.150200000E+04 2.859500122E+02 1.713000031E+02 2.511599922E+01 7.276100159E+01 6.144899726E-01 8.332099915E-01 6.667500129E-04
 4.510000144E-05 8.445999993E-05 1.363700032E+00 4.649800000E+04 6.681799805E+03 2.833900146E+02 1.830599976E+02 2.567799950E+01 5.799200058E+01 6.590800285E-01 8.048099875E-01 6.841599825E-04
 4.714999886E-05 8.480699762E-05 1.320299983E+00 4.072200000E+04 -3.913399902E+03 2.803999939E+02 1.970599976E+02 2.537299919E+01 1.714399910E+01 7.121800184E-01 7.710199952E-01 7.067199913E-04
 4.919999992E-05 8.515299851E-05 1.265400052E+00 4.048000000E+04 -4.614799805E+03 2.766400146E+02 2.140500031E+02 2.340999985E+01 -6.843500137E+00 7.771300077E-01 7.290999889E-01 7.376199937E-04
 5.125000098E-05 8.550000348E-05 1.194200039E+00 7.579900000E+04 -1.296100000E+04 2.713500061E+02 2.343000031E+02 1.916200066E+01 -1.340800018E+02 8.568500280E-01 6.750199795E-01 7.820100291E-04
 5.329999840E-05 8.518800314E-05 1.106799960E+00 9.480000000E+04 -3.113700000E+04 2.645499878E+02 2.575299988E+02 1.136100006E+01 -2.977200012E+02 9.517300129E-01 6.101199985E-01 8.443400147E-04
 5.534999946E-05 8.487600280E-05 1.010300040E+00 7.345200000E+04 -4.219100000E+04 2.568699951E+02 2.817399902E+02 -1.070500016E+00 -3.816300049E+02 1.055799961E+00 5.408200026E-01 9.255500045E-04
 5.740000051E-05 8.456400246E-05 9.131900072E-01 4.817900000E+04 -5.244000000E+04 2.489199982E+02 3.047399902E+02 -1.669099998E+01 -4.040100098E+02 1.161800027E+00 4.737499952E-01 1.024400000E-03
 5.945000157E-05 8.425200213E-05 8.230999708E-01 3.000800000E+04 -5.633400000E+04 2.411900024E+02 3.246799927E+02 -3.366600037E+01 -3.636900024E+02 1.262199998E+00 4.137600064E-01 1.136400038E-03
 6.150000263E-05 8.394000179E-05 7.436199784E-01 1.993000000E+04 -4.681200000E+04 2.336399994E+02 3.411700134E+02 -5.009199905E+01 -2.835700073E+02 1.354599953E+00 3.621000051E-01 1.257800031E-03
 6.354999641E-05 8.362800145E-05 6.750400066E-01 6.711500000E+03 -3.506400000E+04 2.265399933E+02 3.553299866E+02 -6.411199951E+01 -1.908099976E+02 1.440199971E+00 3.186799884E-01 1.384999952E-03
 6.559999747E-05 8.331600111E-05 6.182299852E-01 -2.037600000E+04 -2.416600000E+04 2.203300018E+02 3.670199890E+02 -7.559600067E+01 -1.086800003E+02 1.515499949E+00 2.838200033E-01 1.511699986E-03
 6.764999853E-05 8.300400077E-05 5.704799891E-01 -5.023300000E+04 -1.359700000E+04 2.150399933E+02 3.766499939E+02 -8.431099701E+01 -3.425699997E+01 1.579900026E+00 2.555800080E-01 1.637800015E-03
 6.969999959E-05 8.269200043E-05 5.300099850E-01 -6.972300000E+04 3.511100098E+03 2.105099945E+02 3.852600098E+02 -9.037100220E+01 3.557300186E+01 1.636999965E+00 2.324299961E-01 1.762300031E-03
 7.175000064E-05 8.238000009E-05 4.969100058E-01 -7.363900000E+04 2.139700000E+04 2.065099945E+02 3.930799866E+02 -9.419699860E+01 8.595400238E+01 1.688300014E+00 2.137500048E-01 1.878899988E-03
 7.380000170E-05 8.206799976E-05 4.695900083E-01 -8.033100000E+04 2.589400000E+04 2.029499969E+02 4.001300049E+02 -9.571299744E+01 1.285200043E+02 1.733299971E+00 1.985000074E-01 1.987899886E-03
 7.585000276E-05 8.175599942E-05 4.469299912E-01 -9.287000000E+04 3.091200000E+04 1.999199982E+02 4.061400146E+02 -9.575399780E+01 1.539799957E+02 1.771199942E+00 1.861000061E-01 2.088200068E-03
 7.789999654E-05 8.144399908E-05 4.273900092E-01 -1.037500000E+05 3.865600000E+04 1.972200012E+02 4.116400146E+02 -9.432800293E+01 1.726999969E+02 1.804800034E+00 1.755499989E-01 2.183600096E-03
 7.994999760E-05 8.113199874E-05 4.100199938E-01 -1.076700000E+05 4.344600000E+04 1.947799988E+02 4.169200134E+02 -9.152799988E+01 1.949600067E+02 1.835600019E+00 1.663199961E-01 2.275899984E-03
 8.199999866E-05 8.081999840E-05 3.954200149E-01 -1.137100000E+05 4.566400000E+04 1.926600037E+02 4.215799866E+02 -8.881700134E+01 1.920399933E+02 1.862900019E+00 1.586499959E-01 2.359699924E-03
 8.404999971E-05 8.050799806E-05 3.829300106E-01 -1.211200000E+05 4.903800000E+04 1.907700043E+02 4.255599976E+02 -8.583000183E+01 1.888500061E+02 1.886399984E+00 1.521400064E-01 2.436500043E-03
 8.610000077E-05 8.019599773E-05 3.709700108E-01 -1.380100000E+05 5.009200000E+04 1.890899963E+02 4.292500000E+02 -8.230999756E+01 2.059299927E+02 1.907600045E+00 1.460800022E-01 2.515200060E-03
 8.815000183E-05 7.988399739E-05 3.592900038E-01 -1.633100000E+05 5.424800000E+04 1.875700073E+02 4.329500122E+02 -7.884600067E+01 2.111300049E+02 1.928500056E+00 1.403499991E-01 2.596900100E-03
 9.020000289E-05 7.957199705E-05 3.488700092E-01 -1.785800000E+05 5.511900000E+04 1.861399994E+02 4.364899902E+02 -7.595600128E+01 2.105000000E+02 1.949000001E+00 1.352300048E-01 2.674400108E-03
 9.224999667E-05 7.925999671E-05 3.394500017E-01 -1.856500000E+05 5.072800000E+04 1.846100006E+02 4.399899902E+02 -7.326799774E+01 2.146100006E+02 1.970299959E+00 1.305000037E-01 2.748500090E-03
 9.429999773E-05 7.894799637E-05 3.300400078E-01 -2.035000000E+05 4.821700000E+04 1.832100067E+02 4.432600098E+02 -7.050099945E+01 2.201499939E+02 1.990100026E+00 1.259299964E-01 2.827000106E-03
 9.634999878E-05 7.863600331E-05 3.206799924E-01 -2.307800000E+05 4.732100000E+04 1.820200043E+02 4.460199890E+02 -6.822699738E+01 2.044600067E+02 2.007100105E+00 1.215599999E-01 2.909400035E-03
 9.839999984E-05 7.832400297E-05 3.123799860E-01 -2.683900000E+05 5.170100000E+04 1.811699982E+02 4.479100037E+02 -6.614700317E+01 1.982400055E+02 2.018800020E+00 1.178599969E-01 2.986599924E-03
 1.004500009E-04 7.801200263E-05 3.066299856E-01 -3.570100000E+05 5.938200000E+04 1.820500031E+02 4.463999939E+02 -6.372299957E+01 2.344799957E+02 2.005800009E+00 1.162400022E-01 3.042299999E-03
 1.025000020E-04 7.770000229E-05 3.182899952E-01 -7.401100000E+05 1.051200000E+05 1.940399933E+02 4.220199890E+02 -5.830300140E+01 4.049200134E+02 1.840399981E+00 1.289200038E-01 2.936200006E-03
 1.045500030E-04 7.738800196E-05 4.019399881E-01 -1.111500000E+06 1.487400000E+05 2.290399933E+02 3.387500000E+02 -4.561800003E+01 7.294000244E+02 1.374199986E+00 1.952400059E-01 2.393899951E-03
 1.065999968E-04 7.707600162E-05 5.854899883E-01 -7.196200000E+05 9.006800000E+04 2.664299927E+02 2.324299927E+02 -3.089200020E+01 6.764799805E+02 8.670899868E-01 3.279800117E-01 1.655800035E-03
 1.086499979E-04 7.676400128E-05 7.573099732E-01 -1.564300000E+05 2.087600000E+04 2.834400024E+02 1.739400024E+02 -2.303800011E+01 2.684299927E+02 6.258199811E-01 4.474500120E-01 1.239200006E-03
 1.106999989E-04 7.645200094E-05 8.271200061E-01 -4.053600000E+04 6.267799805E+03 2.879599915E+02 1.583999939E+02 -2.077700043E+01 7.369400024E+01 5.650299788E-01 4.959900081E-01 1.127999974E-03
 1.127500000E-04 7.614000060E-05 8.410000205E-01 -3.498800000E+04 -6.675100098E+03 2.888200073E+02 1.551100006E+02 -1.990099907E+01 4.975899887E+01 5.522300005E-01 5.058100224E-01 1.109199948E-03
 1.148000010E-04 7.582800026E-05 8.450199962E-01 -1.900800000E+04 -7.820299805E+03 2.892900085E+02 1.530399933E+02 -1.950499916E+01 2.764299965E+01 5.443599820E-01 5.090600252E-01 1.103900024E-03
 1.168500021E-04 7.551599992E-05 8.478699923E-01 -2.058600000E+04 -8.673799805E+03 2.898999939E+02 1.508000031E+02 -1.930100060E+01 4.327799797E+00 5.358899832E-01 5.118499994E-01 1.100199996E-03
 1.189000031E-04 7.520399959E-05 8.511499763E-01 -2.819500000E+04 -7.113899902E+03 2.903699951E+02 1.482299957E+02 -1.925200081E+01 -2.912200056E-02 5.264300108E-01 5.146600008E-01 1.095899963E-03
 1.209499969E-04 7.489199925E-05 8.538500071E-01 -3.020400000E+04 -2.093600098E+03 2.908699951E+02 1.456100006E+02 -1.896899986E+01 1.640600014E+01 5.167300105E-01 5.171700120E-01 1.092500053E-03
 1.230000053E-04 7.457999891E-05 8.566799760E-01 -3.185600000E+04 -6.653899902E+03 2.913999939E+02 1.430700073E+02 -1.842799950E+01 9.460900307E+00 5.071600080E-01 5.198400021E-01 1.088900026E-03
 1.250500063E-04 7.426799857E-05 8.610699773E-01 -2.631000000E+04 -3.177600098E+02 2.916900024E+02 1.404299927E+02 -1.816600037E+01 -1.592099953E+01 4.975900054E-01 5.230200291E-01 1.083299983E-03
 1.270999928E-04 7.395599823E-05 8.644700050E-01 -1.842100000E+04 -2.595500000E+03 2.918699951E+02 1.378899994E+02 -1.790999985E+01 -7.970099926E+00 4.884499907E-01 5.254099965E-01 1.078999951E-03
 1.291499939E-04 7.364399789E-05 8.673800230E-01 -1.639600000E+04 -5.629899902E+03 2.922699890E+02 1.353699951E+02 -1.749300003E+01 8.056300163E+00 4.791800082E-01 5.279099941E-01 1.075400040E-03
 1.311999949E-04 7.333199756E-05 8.705800176E-01 -1.083700000E+04 -3.754199951E+03 2.926799927E+02 1.330000000E+02 -1.711499977E+01 2.734200001E+00 4.704099894E-01 5.305899978E-01 1.071500010E-03
 1.332499960E-04 7.301999722E-05 8.732299805E-01 -8.327500000E+03 -6.692500000E+03 2.931300049E+02 1.308000031E+02 -1.676499939E+01 -4.059899807E+00 4.622400105E-01 5.330299735E-01 1.068199985E-03
 1.352999971E-04 7.270799688E-05 8.752700090E-01 -1.601400000E+04 -4.947500000E+02 2.935100098E+02 1.285599976E+02 -1.659900093E+01 -6.733399868E+00 4.540899992E-01 5.349699855E-01 1.065699966E-03
 1.373499981E-04 7.239599654E-05 8.771499991E-01 -1.862400000E+04 1.406199951E+03 2.938399963E+02 1.261600037E+02 -1.626300049E+01 2.146699905E+00 4.453699887E-01 5.367199779E-01 1.063399948E-03
 1.393999992E-04 7.208400348E-05 8.786000013E-01 -2.427100000E+04 -1.648000000E+03 2.943399963E+02 1.238799973E+02 -1.559799957E+01 1.910499954E+01 4.367699921E-01 5.385100245E-01 1.061700052E-03
 1.414500002E-04 7.177200314E-05 8.806399703E-01 -1.683300000E+04 -3.963399902E+03 2.946300049E+02 1.217500000E+02 -1.525000000E+01 7.183499932E-01 4.289999902E-01 5.403100252E-01 1.059200033E-03
 1.435000013E-04 7.146000280E-05 8.830000162E-01 -8.994799805E+03 -2.150000000E+03 2.947799988E+02 1.197099991E+02 -1.485000038E+01 1.080999970E+00 4.216400087E-01 5.420299768E-01 1.056400011E-03
 1.455500023E-04 7.114800246E-05 8.849499822E-01 -2.147700000E+04 -4.101799805E+03 2.949599915E+02 1.177200012E+02 -1.423200035E+01 1.438099957E+01 4.143599868E-01 5.435400009E-01 1.054099994E-03
 1.476000034E-04 7.083600212E-05 8.870900273E-01 -2.350700000E+04 -7.109600098E+03 2.951600037E+02 1.157900009E+02 -1.359399986E+01 1.912899971E+01 4.072799981E-01 5.452299714E-01 1.051499974E-03
 1.496500045E-04 7.052400179E-05 8.889999986E-01 -1.757600000E+04 2.061500000E+03 2.953500061E+02 1.140400009E+02 -1.307100010E+01 3.254800034E+01 4.008400142E-01 5.467699766E-01 1.049299957E-03
 1.517000055E-04 7.021200145E-05 8.913099766E-01 -9.071000000E+03 -1.345400024E+03 2.955299988E+02 1.121299973E+02 -1.253100014E+01 2.815900040E+01 3.939000070E-01 5.485100150E-01 1.046500052E-03
 1.537500066E-04 6.990000111E-05 8.933600187E-01 -3.035399902E+03 -9.235400391E+03 2.957200012E+02 1.103199997E+02 -1.210700035E+01 2.469499969E+01 3.873099983E-01 5.501400232E-01 1.044100034E-03
 1.557999931E-04 6.958800077E-05 8.940899968E-01 -4.151000000E+03 -5.202600098E+03 2.960499878E+02 1.089300003E+02 -1.158500004E+01 8.951999664E+00 3.820799887E-01 5.511999726E-01 1.043300028E-03
 1.578499941E-04 6.927600043E-05 8.941100240E-01 -1.165500000E+04 -5.188399902E+03 2.963599854E+02 1.075800018E+02 -1.087300014E+01 1.612599945E+01 3.769499958E-01 5.517899990E-01 1.043300028E-03
 1.598999952E-04 6.896400009E-05 8.949800134E-01 -8.359200195E+03 -8.837299805E+03 2.964200134E+02 1.060899963E+02 -1.035700035E+01 3.290599823E+01 3.715600073E-01 5.524299741E-01 1.042300020E-03
 1.619499963E-04 6.865199975E-05 8.961899877E-01 -8.729799805E+02 -4.884799805E+03 2.966000061E+02 1.046600037E+02 -9.891799927E+00 2.437800026E+01 3.663600087E-01 5.535100102E-01 1.040900010E-03
 1.639999973E-04 6.833999942E-05 8.973699808E-01 -4.582600098E+03 1.094000000E+03 2.968299866E+02 1.033700027E+02 -9.128499985E+00 4.789199829E+01 3.614799976E-01 5.546699762E-01 1.039499999E-03
 1.660499984E-04 6.802799908E-05 8.975999951E-01 -1.087100000E+04 -3.781600098E+03 2.971600037E+02 1.023300018E+02 -8.505100250E+00 4.491199875E+01 3.575100005E-01 5.554299951E-01 1.039199997E-03
 1.680999994E-04 6.771599874E-05 8.986499906E-01 -1.313700000E+04 -5.546200195E+03 2.974500122E+02 1.011200027E+02 -7.859399796E+00 4.189099884E+01 3.529300094E-01 5.566400290E-01 1.037999988E-03
 1.701500005E-04 6.740399840E-05 9.006699920E-01 -7.282000000E+03 6.369400024E+02 2.973699951E+02 9.964299774E+01 -7.228199959E+00 5.831499863E+01 3.476899862E-01 5.577300191E-01 1.035699970E-03
 1.722000015E-04 6.709199806E-05 9.014000297E-01 1.066400024E+03 1.851900024E+03 2.972900085E+02 9.833200073E+01 -6.557400227E+00 4.492599869E+01 3.430300057E-01 5.580300093E-01 1.034799963E-03
 1.742500026E-04 6.677999772E-05 9.015100002E-01 1.128700027E+02 2.857199951E+03 2.973999939E+02 9.718599701E+01 -5.572800159E+00 5.493000031E+01 3.387700021E-01 5.583099723E-01 1.034699962E-03
 1.763000037E-04 6.646799739E-05 9.017699957E-01 -1.295900024E+03 3.883199951E+03 2.975700073E+02 9.609400177E+01 -4.798299789E+00 5.493399811E+01 3.347400129E-01 5.587800145E-01 1.034399960E-03
 1.783500047E-04 6.615599705E-05 9.027400017E-01 1.879300049E+03 4.318200195E+03 2.976400146E+02 9.496199799E+01 -3.953299999E+00 4.073400116E+01 3.306300044E-01 5.595300198E-01 1.033299952E-03
 1.804000058E-04 6.584399671E-05 9.037299752E-01 -2.870699951E+03 3.343500000E+03 2.977900085E+02 9.393099976E+01 -2.864599943E+00 4.986999893E+01 3.268299997E-01 5.604199767E-01 1.032199943E-03
 1.824500068E-04 6.553199637E-05 9.044600129E-01 -4.110299805E+03 -1.115800049E+03 2.978900146E+02 9.298600006E+01 -1.749500036E+00 6.170899963E+01 3.233900070E-01 5.610499978E-01 1.031300053E-03
 1.844999933E-04 6.522000331E-05 9.049900174E-01 -1.708400024E+03 1.301599976E+03 2.978299866E+02 9.204499817E+01 -7.111399770E-01 5.462699890E+01 3.201099932E-01 5.612699986E-01 1.030700048E-03
 1.865499944E-04 6.490800297E-05 9.059299827E-01 5.101200195E+03 2.052899902E+03 2.977600098E+02 9.114099884E+01 2.826400101E-01 6.428800201E+01 3.169899881E-01 5.617300272E-01 1.029700041E-03
 1.885999955E-04 6.459600263E-05 9.057300091E-01 5.407899902E+03 1.274900024E+03 2.978900146E+02 9.061499786E+01 1.496899962E+00 8.152999878E+01 3.151400089E-01 5.618399978E-01 1.029900042E-03
 1.906499965E-04 6.428400229E-05 9.053400159E-01 3.035800049E+03 2.693100098E+03 2.980100098E+02 9.015899658E+01 2.755000114E+00 7.434200287E+01 3.135899901E-01 5.618199706E-01 1.030300045E-03
 1.926999976E-04 6.397200195E-05 9.055799842E-01 3.018300049E+03 -1.833199951E+03 2.980199890E+02 8.954000092E+01 3.917500019E+00 6.773200226E+01 3.115899861E-01 5.619900227E-01 1.030100044E-03
 1.947499986E-04 6.366000162E-05 9.048900008E-01 -4.561299805E+03 2.139100037E+02 2.982300110E+02 8.901399994E+01 5.259300232E+00 7.431500244E+01 3.098900020E-01 5.619599819E-01 1.030800049E-03
 1.967999997E-04 6.334800128E-05 9.048100114E-01 -4.809299805E+03 9.047500000E+03 2.983099976E+02 8.844799805E+01 6.742300034E+00 8.105200195E+01 3.082300127E-01 5.620700121E-01 1.030900050E-03
 1.988500007E-04 6.303600094E-05 9.051300287E-01 3.554899902E+03 7.735200195E+03 2.981400146E+02 8.802400208E+01 8.391400337E+00 7.788999939E+01 3.073500097E-01 5.619500279E-01 1.030600048E-03
 2.009000018E-04 6.272400060E-05 9.046999812E-01 6.224700195E+03 8.048299805E+03 2.981099854E+02 8.778900146E+01 9.959799767E+00 7.642600250E+01 3.071100116E-01 5.616199970E-01 1.031100051E-03
 2.029500029E-04 6.241200026E-05 9.035999775E-01 3.341199951E+02 1.127800000E+04 2.981799927E+02 8.756999969E+01 1.165100002E+01 7.031700134E+01 3.070499897E-01 5.610799789E-01 1.032299944E-03
 2.050000039E-04 6.209999992E-05 9.028499722E-01 -4.171500000E+03 1.056800000E+04 2.981799927E+02 8.746600342E+01 1.263799953E+01 6.620800018E+01 3.071500063E-01 5.605999827E-01 1.033199951E-03
 0.000000000E+00 7.799999730E-05 1.600700021E+00 2.314600000E+04 -3.399200000E+04 3.000000000E+02 9.490200043E+01 9.248900414E+00 2.341999969E+02 3.338699937E-01 1.004199982E+00 5.789599963E-04
 2.049999921E-06 7.832000119E-05 1.599300027E+00 1.811599976E+03 -1.961500000E+04 2.995700073E+02 9.585199738E+01 9.768199921E+00 1.293699951E+02 3.358300030E-01 9.997900128E-01 5.813500029E-04
 4.099999842E-06 7.863999781E-05 1.594699979E+00 -8.953099609E+03 1.838599976E+03 2.989500122E+02 9.701999664E+01 1.054100037E+01 3.262799835E+01 3.387399912E-01 9.927499890E-01 5.849400186E-04
 6.149999990E-06 7.896000170E-05 1.589800000E+00 -7.520600098E+03 5.206200195E+03 2.986700134E+02 9.771700287E+01 1.103499985E+01 2.630800056E+01 3.414900005E-01 9.887700081E-01 5.867399741E-04
 8.199999684E-06 7.927999832E-05 1.586199999E+00 -9.743799805E+03 3.749800049E+03 2.984899902E+02 9.875099945E+01 1.157900047E+01 1.223900032E+01 3.453800082E-01 9.859300256E-01 5.880799727E-04
 1.024999983E-05 7.960000221E-05 1.582000017E+00 3.437899902E+03 6.671200195E+03 2.983699951E+02 9.990399933E+01 1.197099972E+01 -6.248300076E-01 3.495799899E-01 9.829499722E-01 5.896299845E-04
 1.229999998E-05 7.991999883E-05 1.577299953E+00 8.805900391E+03 6.024799805E+03 2.979899902E+02 1.014199982E+02 1.242800045E+01 -2.083199978E+00 3.552399874E-01 9.787600040E-01 5.914000212E-04
 1.435000013E-05 8.024000272E-05 1.571499944E+00 2.552199951E+03 -5.165900040E+01 2.975700073E+02 1.034199982E+02 1.320899963E+01 2.959799957E+01 3.627499938E-01 9.737899899E-01 5.935700028E-04
 1.639999937E-05 8.055999933E-05 1.567499995E+00 6.299100098E+03 -1.440700000E+04 2.972000122E+02 1.055699997E+02 1.392399979E+01 5.901399994E+01 3.706899881E-01 9.700800180E-01 5.950999912E-04
 1.845000043E-05 8.088000322E-05 1.562800050E+00 3.844600098E+03 -4.172399902E+03 2.969299927E+02 1.081200027E+02 1.440499973E+01 5.573899841E+01 3.798699975E-01 9.663100243E-01 5.968899932E-04
 2.049999966E-05 8.119999984E-05 1.556399941E+00 1.428000000E+03 1.020200000E+04 2.966499939E+02 1.108199997E+02 1.494900036E+01 4.265100098E+01 3.896600008E-01 9.614499807E-01 5.993400118E-04
 2.255000072E-05 8.151999646E-05 1.549299955E+00 1.609900000E+04 -8.817100220E+02 2.961600037E+02 1.136100006E+02 1.561699963E+01 3.673099899E+01 3.999199867E-01 9.555000067E-01 6.020800211E-04
 2.459999996E-05 8.184000035E-05 1.539800048E+00 4.334200195E+03 -9.822599609E+03 2.957799988E+02 1.168499985E+02 1.629500008E+01 3.946099854E+01 4.117099941E-01 9.483900070E-01 6.058100262E-04
 2.664999920E-05 8.215999696E-05 1.532299995E+00 2.081000000E+03 -3.614899902E+03 2.952000122E+02 1.203099976E+02 1.699500084E+01 2.686899948E+01 4.244300127E-01 9.419400096E-01 6.087700021E-04
 2.870000026E-05 8.248000086E-05 1.524799943E+00 1.517800000E+04 8.633400391E+03 2.942600098E+02 1.242500000E+02 1.768600082E+01 2.442300034E+01 4.391100109E-01 9.343100190E-01 6.117700250E-04
 3.075000132E-05 8.279999747E-05 1.513700008E+00 1.886800000E+04 6.610000000E+03 2.933500061E+02 1.288699951E+02 1.825200081E+01 4.891799927E+01 4.560599923E-01 9.246900082E-01 6.162400241E-04
 3.279999873E-05 8.312000136E-05 1.500699997E+00 2.255600000E+04 -6.757500000E+03 2.926400146E+02 1.341499939E+02 1.899600029E+01 6.797200012E+01 4.753499925E-01 9.145100117E-01 6.215900066E-04
 3.484999979E-05 8.343999798E-05 1.485499978E+00 2.885000000E+03 -3.875899902E+03 2.918399963E+02 1.401900024E+02 1.985400009E+01 6.948400116E+01 4.974200130E-01 9.027900100E-01 6.279500085E-04
 3.690000085E-05 8.376000187E-05 1.467900038E+00 1.210400024E+03 -6.357100098E+03 2.907900085E+02 1.468699951E+02 2.076099968E+01 6.363800049E+01 5.220500231E-01 8.888700008E-01 6.355100195E-04
 3.894999827E-05 8.407999849E-05 1.448099971E+00 2.976700000E+04 -1.274100000E+04 2.893099976E+02 1.540299988E+02 2.190500069E+01 6.661399841E+01 5.489900112E-01 8.724200130E-01 6.441900041E-04
 4.099999933E-05 8.440000238E-05 1.426599979E+00 3.996700000E+04 7.083500000E+03 2.876600037E+02 1.621600037E+02 2.262199974E+01 6.193799973E+01 5.793899894E-01 8.546100259E-01 6.538800080E-04
 4.305000039E-05 8.471999899E-05 1.398800015E+00 1.983400000E+04 1.092700000E+04 2.858599854E+02 1.720800018E+02 2.319799995E+01 8.216200256E+01 6.163899899E-01 8.326699734E-01 6.669699796E-04
 4.510000144E-05 8.504000289E-05 1.362499952E+00 2.287300000E+04 -2.596100098E+03 2.834100037E+02 1.837599945E+02 2.367300034E+01 4.524300003E+01 6.605799794E-01 8.041599989E-01 6.847800105E-04
 4.714999886E-05 8.535999950E-05 1.319900036E+00 3.672900000E+04 -1.107699951E+03 2.804100037E+02 1.974700012E+02 2.324900055E+01 6.385300159E+00 7.126899958E-01 7.707700133E-01 7.069500280E-04
 4.919999992E-05 8.568000339E-05 1.266499996E+00 4.798300000E+04 4.734599915E+02 2.767600098E+02 2.137899933E+02 2.142399979E+01 -2.034799957E+01 7.752799988E-01 7.300099730E-01 7.369699888E-04
 5.125000098E-05 8.600000001E-05 1.198099971E+00 7.724800000E+04 -7.660100098E+03 2.717200012E+02 2.332299957E+02 1.755900002E+01 -1.423000031E+02 8.518900275E-01 6.781700253E-01 7.793200202E-04
 5.329999840E-05 8.571200306E-05 1.115700006E+00 8.686400000E+04 -1.625900000E+04 2.651700134E+02 2.555599976E+02 1.065699959E+01 -2.708699951E+02 9.432100058E-01 6.164100170E-01 8.373999735E-04
 5.534999946E-05 8.542399883E-05 1.023699999E+00 7.149100000E+04 -3.170700000E+04 2.578200073E+02 2.787699890E+02 -2.154899985E-01 -3.381700134E+02 1.042600036E+00 5.499899983E-01 9.131800034E-04
 5.740000051E-05 8.513600187E-05 9.297900200E-01 5.059400000E+04 -4.564500000E+04 2.501999969E+02 3.011600037E+02 -1.410499954E+01 -3.471400146E+02 1.144600034E+00 4.848099947E-01 1.005799975E-03
 5.945000157E-05 8.484799764E-05 8.421300054E-01 3.021400000E+04 -4.645500000E+04 2.426999969E+02 3.211099854E+02 -2.927400017E+01 -3.245100098E+02 1.242799997E+00 4.259299934E-01 1.110499958E-03
 6.150000263E-05 8.456000069E-05 7.626299858E-01 1.516900000E+04 -4.060400000E+04 2.353000031E+02 3.381300049E+02 -4.426399994E+01 -2.691099854E+02 1.334900022E+00 3.739899993E-01 1.226400025E-03
 6.354999641E-05 8.427199646E-05 6.925600171E-01 3.082100098E+03 -3.551100000E+04 2.282200012E+02 3.529400024E+02 -5.741199875E+01 -1.924900055E+02 1.421100020E+00 3.293699920E-01 1.349900034E-03
 6.559999747E-05 8.398399950E-05 6.333900094E-01 -1.926800000E+04 -2.725600000E+04 2.218699951E+02 3.654599915E+02 -6.838099670E+01 -1.290599976E+02 1.498399973E+00 2.928200066E-01 1.475699944E-03
 6.764999853E-05 8.369600255E-05 5.831400156E-01 -4.579500000E+04 -2.109000000E+04 2.163099976E+02 3.759200134E+02 -7.697200012E+01 -5.916600037E+01 1.566100001E+00 2.628000081E-01 1.602199976E-03
 6.969999959E-05 8.340799832E-05 5.411499739E-01 -6.149400000E+04 -7.809500000E+03 2.114100037E+02 3.851400146E+02 -8.321499634E+01 9.645000458E+00 1.626600027E+00 2.383300066E-01 1.726099988E-03
 7.175000064E-05 8.312000136E-05 5.050299764E-01 -6.743100000E+04 9.287599609E+03 2.069100037E+02 3.936099854E+02 -8.760800171E+01 6.352999878E+01 1.682600021E+00 2.176800072E-01 1.849299995E-03
 7.380000170E-05 8.283199713E-05 4.746400118E-01 -7.793100000E+04 1.632100000E+04 2.030399933E+02 4.010599976E+02 -8.984400177E+01 1.231999969E+02 1.731199980E+00 2.007299960E-01 1.966899959E-03
 7.585000276E-05 8.254400018E-05 4.494200051E-01 -8.957400000E+04 2.576000000E+04 1.998200073E+02 4.075100098E+02 -9.037999725E+01 1.433200073E+02 1.772300005E+00 1.870400012E-01 2.076999983E-03
 7.789999654E-05 8.225600322E-05 4.277099967E-01 -1.023500000E+05 3.588300000E+04 1.969499969E+02 4.133500061E+02 -8.937699890E+01 1.496000061E+02 1.808599949E+00 1.754399985E-01 2.182099968E-03
 7.994999760E-05 8.196799899E-05 4.095399976E-01 -1.095900000E+05 3.927000000E+04 1.943500061E+02 4.186900024E+02 -8.711499786E+01 1.769499969E+02 1.841099977E+00 1.657699943E-01 2.278599888E-03
 8.199999866E-05 8.168000204E-05 3.938899934E-01 -1.161100000E+05 4.375200000E+04 1.920700073E+02 4.235299988E+02 -8.477700043E+01 1.709900055E+02 1.870499969E+00 1.575600058E-01 2.369000111E-03
 8.404999971E-05 8.139199781E-05 3.797900081E-01 -1.258200000E+05 4.692800000E+04 1.900899963E+02 4.279100037E+02 -8.195999908E+01 1.640399933E+02 1.896600008E+00 1.503500044E-01 2.456899965E-03
 8.610000077E-05 8.110400086E-05 3.671500087E-01 -1.434800000E+05 4.604900000E+04 1.883500061E+02 4.318900146E+02 -7.829000092E+01 1.896900024E+02 1.919399977E+00 1.440200061E-01 2.541400027E-03
 8.815000183E-05 8.081599663E-05 3.559699953E-01 -1.658800000E+05 5.400400000E+04 1.868300018E+02 4.355000000E+02 -7.499299622E+01 1.988099976E+02 1.940299988E+00 1.385000050E-01 2.621100051E-03
 9.020000289E-05 8.052799967E-05 3.457199931E-01 -1.847200000E+05 5.516300000E+04 1.854299927E+02 4.387600098E+02 -7.226699829E+01 1.925000000E+02 1.959800005E+00 1.334999949E-01 2.698699944E-03
 9.224999667E-05 8.024000272E-05 3.358500004E-01 -1.949000000E+05 4.966300000E+04 1.839100037E+02 4.420100098E+02 -6.919899750E+01 1.986399994E+02 1.979900002E+00 1.286299974E-01 2.778199967E-03
 9.429999773E-05 7.995199849E-05 3.265599906E-01 -2.061300000E+05 4.785500000E+04 1.824299927E+02 4.451400146E+02 -6.615399933E+01 2.057599945E+02 1.999699950E+00 1.240599975E-01 2.857200103E-03
 9.634999878E-05 7.966400153E-05 3.178800046E-01 -2.333900000E+05 4.559300000E+04 1.812899933E+02 4.476099854E+02 -6.350999832E+01 2.007799988E+02 2.015100002E+00 1.200100034E-01 2.934999997E-03
 9.839999984E-05 7.937599730E-05 3.097400069E-01 -2.687900000E+05 4.602000000E+04 1.804900055E+02 4.495599976E+02 -6.126699829E+01 1.923500061E+02 2.026799917E+00 1.164200008E-01 3.012100002E-03
 1.004500009E-04 7.908800035E-05 3.038499951E-01 -3.528300000E+05 5.172400000E+04 1.811799927E+02 4.487600098E+02 -5.904000092E+01 2.131300049E+02 2.018100023E+00 1.146399975E-01 3.070099978E-03
 1.025000020E-04 7.880000339E-05 3.138700128E-01 -7.221200000E+05 9.256300000E+04 1.921799927E+02 4.266199951E+02 -5.443999863E+01 3.492999878E+02 1.866099954E+00 1.258600056E-01 2.976400079E-03
 1.045500030E-04 7.851199916E-05 3.912900090E-01 -1.130000000E+06 1.257500000E+05 2.263600006E+02 3.458500061E+02 -4.389699936E+01 6.313499756E+02 1.409800053E+00 1.877499968E-01 2.452800050E-03
 1.065999968E-04 7.822400221E-05 5.708000064E-01 -7.781800000E+05 8.346200000E+04 2.648999939E+02 2.373899994E+02 -3.091600037E+01 6.122299805E+02 8.885499835E-01 3.182800114E-01 1.702500042E-03
 1.086499979E-04 7.793599798E-05 7.475500107E-01 -1.851400000E+05 2.790900000E+04 2.832200012E+02 1.746499939E+02 -2.312500000E+01 2.698599854E+02 6.286699772E-01 4.413999915E-01 1.256700023E-03
 1.106999989E-04 7.764800102E-05 8.229399920E-01 -4.221800000E+04 7.370700195E+03 2.881700134E+02 1.571100006E+02 -2.029999924E+01 8.049199677E+01 5.600900054E-01 4.938600063E-01 1.133800019E-03
 1.127500000E-04 7.735999679E-05 8.381500244E-01 -3.073500000E+04 -5.811700195E+03 2.893399963E+02 1.532700043E+02 -1.889800072E+01 3.124099922E+01 5.448799729E-01 5.050100088E-01 1.112899976E-03
 1.148000010E-04 7.707199984E-05 8.420900106E-01 -2.581400000E+04 -9.803599609E+03 2.899500122E+02 1.512899933E+02 -1.828899956E+01 -3.550899982E+00 5.371000171E-01 5.084499717E-01 1.107700053E-03
 1.168500021E-04 7.678400289E-05 8.456100225E-01 -2.353100000E+04 -5.364500000E+03 2.903900146E+02 1.490800018E+02 -1.800000000E+01 -6.224599838E+00 5.288400054E-01 5.113499761E-01 1.103100018E-03
 1.189000031E-04 7.649599866E-05 8.503900170E-01 -2.337400000E+04 -8.305099609E+03 2.905499878E+02 1.464400024E+02 -1.777199936E+01 -4.904799938E+00 5.193600059E-01 5.145199895E-01 1.096899970E-03
 1.209499969E-04 7.620800170E-05 8.533200026E-01 -2.849900000E+04 -1.282400000E+04 2.909100037E+02 1.439100037E+02 -1.739500046E+01 5.945000172E+00 5.100399852E-01 5.169399977E-01 1.093100058E-03
 1.230000053E-04 7.591999747E-05 8.557000160E-01 -2.306500000E+04 -7.877100098E+03 2.914100037E+02 1.415399933E+02 -1.695999908E+01 5.153500080E+00 5.011600256E-01 5.192700028E-01 1.090100035E-03
 1.250500063E-04 7.563200052E-05 8.599900007E-01 -1.184000000E+04 2.894100098E+03 2.918099976E+02 1.390500031E+02 -1.677499962E+01 -3.041900063E+01 4.920600057E-01 5.225700140E-01 1.084699994E-03
 1.270999928E-04 7.534400356E-05 8.636199832E-01 -1.146600000E+04 -4.237799805E+03 2.921400146E+02 1.366799927E+02 -1.642499924E+01 -2.731599998E+01 4.833799899E-01 5.253800154E-01 1.080099959E-03
 1.291499939E-04 7.505599933E-05 8.663300276E-01 -1.772200000E+04 -1.078800000E+04 2.926700134E+02 1.344100037E+02 -1.600699997E+01 1.071399975E+01 4.748600125E-01 5.279899836E-01 1.076700049E-03
 1.311999949E-04 7.476800238E-05 8.687499762E-01 -1.840900000E+04 -1.113200000E+04 2.932000122E+02 1.322299957E+02 -1.575800037E+01 1.403100014E+01 4.667499959E-01 5.304200053E-01 1.073700027E-03
 1.332499960E-04 7.447999815E-05 8.716800213E-01 -1.241500000E+04 -9.567599609E+03 2.934599915E+02 1.300299988E+02 -1.536699963E+01 -5.194399834E+00 4.587100148E-01 5.326799750E-01 1.070099999E-03
 1.352999971E-04 7.419200119E-05 8.741599917E-01 -1.822400000E+04 -4.113100098E+03 2.936499939E+02 1.278000031E+02 -1.504500008E+01 -1.223799992E+01 4.506700039E-01 5.345500112E-01 1.067099976E-03
 1.373499981E-04 7.390399696E-05 8.760399818E-01 -2.118900000E+04 -1.984699951E+03 2.938699951E+02 1.256100006E+02 -1.461699963E+01 -1.338099957E+01 4.427100122E-01 5.360900164E-01 1.064799959E-03
 1.393999992E-04 7.361600001E-05 8.782600164E-01 -1.277200000E+04 -2.807899902E+03 2.941700134E+02 1.233600006E+02 -1.413000011E+01 1.621199995E-01 4.344699979E-01 5.379999876E-01 1.062100055E-03
 1.414500002E-04 7.332800305E-05 8.801599741E-01 -1.053100000E+04 -8.791099609E+03 2.945799866E+02 1.213300018E+02 -1.396199989E+01 -5.893300056E+00 4.270299971E-01 5.399199724E-01 1.059800037E-03
 1.435000013E-04 7.303999882E-05 8.825299740E-01 -1.124200000E+04 -4.831600098E+03 2.948599854E+02 1.193000031E+02 -1.348299980E+01 -9.797599792E+00 4.196200073E-01 5.418900251E-01 1.057000016E-03
 1.455500023E-04 7.275200187E-05 8.848199844E-01 -1.961500000E+04 -3.873399902E+03 2.949899902E+02 1.173300018E+02 -1.286299992E+01 -2.955399990E+00 4.124499857E-01 5.435299873E-01 1.054199995E-03
 1.476000034E-04 7.246399764E-05 8.868700266E-01 -2.329100000E+04 -5.893000000E+03 2.951900024E+02 1.155599976E+02 -1.231999969E+01 9.134099960E+00 4.059300125E-01 5.451499820E-01 1.051799976E-03
 1.496500045E-04 7.217600069E-05 8.882899880E-01 -1.901000000E+04 2.010400024E+03 2.954299927E+02 1.138899994E+02 -1.183300018E+01 1.910000038E+01 3.998099864E-01 5.464699864E-01 1.050099963E-03
 1.517000055E-04 7.188799646E-05 8.901600242E-01 -9.263900391E+03 5.502800293E+02 2.956199951E+02 1.123099976E+02 -1.131400013E+01 1.521800041E+01 3.939999938E-01 5.479800105E-01 1.047899947E-03
 1.537500066E-04 7.159999950E-05 8.921499848E-01 -2.865699951E+03 -1.068300000E+04 2.957500000E+02 1.106600037E+02 -1.092300034E+01 -6.612300277E-01 3.880699873E-01 5.494400263E-01 1.045600045E-03
 1.557999931E-04 7.131200255E-05 8.924099803E-01 -2.220600098E+03 -9.612900391E+03 2.960599976E+02 1.091600037E+02 -1.051799965E+01 -1.564999962E+01 3.825100064E-01 5.501800179E-01 1.045300043E-03
 1.578499941E-04 7.102399832E-05 8.930000067E-01 -1.908300049E+03 -7.916200195E+03 2.963999939E+02 1.078499985E+02 -9.888299942E+00 -3.503599882E+00 3.775399923E-01 5.511699915E-01 1.044600038E-03
 1.598999952E-04 7.073600136E-05 8.933799863E-01 -6.371500000E+03 -1.071500000E+04 2.965700073E+02 1.067099991E+02 -9.359700203E+00 7.260499954E+00 3.732999861E-01 5.517200232E-01 1.044100034E-03
 1.619499963E-04 7.044799713E-05 8.947899938E-01 -7.143899902E+03 -9.842700195E+02 2.967699890E+02 1.053799973E+02 -8.899800301E+00 7.103700161E+00 3.684299886E-01 5.529800057E-01 1.042500022E-03
 1.639999973E-04 7.016000018E-05 8.969100118E-01 -8.070399780E+02 2.288500000E+03 2.968999939E+02 1.039800034E+02 -8.281800270E+00 2.092099953E+01 3.632999957E-01 5.545300245E-01 1.040000003E-03
 1.660499984E-04 6.987200322E-05 8.969200253E-01 -5.179000000E+03 -3.750100098E+03 2.971400146E+02 1.029599991E+02 -7.681300163E+00 1.832299995E+01 3.594700098E-01 5.549700260E-01 1.040000003E-03
 1.680999994E-04 6.958399899E-05 8.980799913E-01 -4.415799805E+03 2.285699951E+03 2.972500000E+02 1.018199997E+02 -6.961900234E+00 2.254400063E+01 3.552800119E-01 5.558999777E-01 1.038699993E-03
 1.701500005E-04 6.929600204E-05 8.996400237E-01 -2.125800049E+03 3.453199951E+03 2.971700134E+02 1.005299988E+02 -6.202300072E+00 2.431299973E+01 3.506500125E-01 5.567200184E-01 1.036899979E-03
 1.722000015E-04 6.900799781E-05 8.999900222E-01 -6.650500000E+03 3.176199951E+03 2.971900024E+02 9.924800110E+01 -5.497799873E+00 1.182999992E+01 3.460499942E-01 5.569599867E-01 1.036499976E-03
 1.742500026E-04 6.872000085E-05 9.009600282E-01 -6.337100098E+03 7.259200195E+03 2.972999878E+02 9.797499847E+01 -4.738200188E+00 3.062299919E+01 3.414199948E-01 5.577899814E-01 1.035299967E-03
 1.763000037E-04 6.843199662E-05 9.010599852E-01 -7.160100098E+03 2.128600098E+03 2.975000000E+02 9.706099701E+01 -3.967799902E+00 3.608599854E+01 3.380100131E-01 5.582200289E-01 1.035199966E-03
 1.783500047E-04 6.814399967E-05 9.012399912E-01 -2.718300049E+03 -1.328999939E+02 2.976199951E+02 9.616100311E+01 -3.219000101E+00 1.926899910E+01 3.347199857E-01 5.585399866E-01 1.034999965E-03
 1.804000058E-04 6.785600272E-05 9.024099708E-01 2.830899902E+03 1.590599976E+03 2.976799927E+02 9.530000305E+01 -2.323800087E+00 2.484900093E+01 3.316000104E-01 5.594000220E-01 1.033699955E-03
 1.824500068E-04 6.756799849E-05 9.032599926E-01 1.763300049E+03 2.943399902E+03 2.977600098E+02 9.469599915E+01 -1.241400003E+00 4.008900070E+01 3.293800056E-01 5.600699782E-01 1.032699947E-03
 1.844999933E-04 6.728000153E-05 9.037399888E-01 -2.112699951E+03 7.260899902E+03 2.977500000E+02 9.399700165E+01 -2.252800018E-01 5.078699875E+01 3.269299865E-01 5.603399873E-01 1.032199943E-03
 1.865499944E-04 6.699199730E-05 9.043999910E-01 4.126400146E+02 9.120700073E+02 2.977099915E+02 9.328099823E+01 6.637499928E-01 4.915200043E+01 3.244700134E-01 5.606700182E-01 1.031400054E-03
 1.885999955E-04 6.670400035E-05 9.042599797E-01 -2.400100098E+03 1.632400024E+03 2.978500061E+02 9.280500031E+01 1.693699956E+00 4.275099945E+01 3.227800131E-01 5.608500242E-01 1.031600055E-03
 1.906499965E-04 6.641600339E-05 9.039999843E-01 -5.721000000E+03 5.272399902E+03 2.979299927E+02 9.241799927E+01 2.943300009E+00 5.767300034E+01 3.215000033E-01 5.608599782E-01 1.031900058E-03
 1.926999976E-04 6.612799916E-05 9.049699903E-01 1.557800049E+03 2.679600098E+03 2.977799988E+02 9.193099976E+01 4.165400028E+00 5.940200043E+01 3.200500011E-01 5.611699820E-01 1.030800049E-03
 1.947499986E-04 6.584000221E-05 9.043800235E-01 -7.867600098E+02 7.063200195E+03 2.978299866E+02 9.150700378E+01 5.461500168E+00 6.065000153E+01 3.188000023E-01 5.608999729E-01 1.031400054E-03
 1.967999997E-04 6.555199798E-05 9.034600258E-01 -2.937600098E+03 5.105000000E+03 2.979500122E+02 9.117800140E+01 6.782599926E+00 5.614500046E+01 3.178899884E-01 5.605499744E-01 1.032499946E-03
 1.988500007E-04 6.526400102E-05 9.041000009E-01 4.896200195E+03 2.523699951E+03 2.977000122E+02 9.099600220E+01 8.178299904E+00 5.188299942E+01 3.177999854E-01 5.604699850E-01 1.031700056E-03
 2.009000018E-04 6.497599679E-05 9.039099813E-01 6.527299805E+03 -7.024199829E+02 2.976199951E+02 9.101200104E+01 9.684700012E+00 6.478700256E+01 3.184100091E-01 5.601999760E-01 1.031999942E-03
 2.029500029E-04 6.468799984E-05 9.024699926E-01 4.789600098E+03 -1.603699951E+03 2.977699890E+02 9.104299927E+01 1.138300037E+01 6.716200256E+01 3.191199899E-01 5.595899820E-01 1.033599954E-03
 2.050000039E-04 6.440000288E-05 9.014599919E-01 3.613500000E+03 9.625900269E+02 2.977799988E+02 9.106600189E+01 1.236100006E+01 7.051799774E+01 3.196200132E-01 5.589799881E-01 1.034799963E-03
 0.000000000E+00 7.916700270E-05 1.600700021E+00 1.979800000E+04 -4.295200000E+04 3.000000000E+02 9.427300262E+01 9.020199776E+00 1.833099976E+02 3.306699991E-01 1.002799988E+00 5.794999888E-04
 2.049999921E-06 7.945999823E-05 1.598799944E+00 -3.751800049E+03 -2.518600000E+04 2.995599976E+02 9.522200012E+01 9.549900055E+00 1.016299973E+02 3.331100047E-01 9.986900091E-01 5.818399950E-04
 4.099999842E-06 7.975300105E-05 1.594300032E+00 -1.361400000E+04 2.850399902E+03 2.988599854E+02 9.673899841E+01 1.026500034E+01 -9.564000130E+00 3.377200067E-01 9.921799898E-01 5.850999733E-04
 6.149999990E-06 8.004700067E-05 1.589599967E+00 -1.263200000E+04 2.798999939E+02 2.985199890E+02 9.788600159E+01 1.066100025E+01 -2.259799957E+01 3.420200050E-01 9.881399870E-01 5.868300213E-04
 8.199999684E-06 8.034000348E-05 1.585299969E+00 -1.586700000E+04 -5.862600098E+03 2.983699951E+02 9.903600311E+01 1.119799995E+01 -1.473700047E+00 3.462800086E-01 9.849799871E-01 5.884200218E-04
 1.024999983E-05 8.063299902E-05 1.580899954E+00 -5.146600098E+03 5.910500000E+03 2.982699890E+02 1.002699966E+02 1.151399994E+01 -1.745499992E+01 3.507100046E-01 9.819099903E-01 5.900500109E-04
 1.229999998E-05 8.092699863E-05 1.576400042E+00 -2.090100098E+03 8.980200195E+03 2.979299927E+02 1.018700027E+02 1.177000046E+01 -2.057999992E+01 3.565599918E-01 9.779999852E-01 5.917300005E-04
 1.435000013E-05 8.122000145E-05 1.572100043E+00 1.011400024E+03 3.767899902E+03 2.974899902E+02 1.037399979E+02 1.243200016E+01 2.392700005E+01 3.635500073E-01 9.739199877E-01 5.933400244E-04
 1.639999937E-05 8.151299699E-05 1.567700028E+00 3.910300049E+03 -4.793100098E+03 2.972099915E+02 1.059400024E+02 1.301000023E+01 4.439799881E+01 3.715499938E-01 9.702200294E-01 5.950300256E-04
 1.845000043E-05 8.180699660E-05 1.562100053E+00 2.233300049E+03 -3.148199951E+03 2.969500122E+02 1.085000000E+02 1.343099976E+01 2.304000092E+01 3.807500005E-01 9.659299850E-01 5.971500068E-04
 2.049999966E-05 8.209999942E-05 1.556100011E+00 2.592300110E+02 -4.403299805E+03 2.965599976E+02 1.111200027E+02 1.402499962E+01 2.792099953E+01 3.903299868E-01 9.609500170E-01 5.994699895E-04
 2.255000072E-05 8.239300223E-05 1.548599958E+00 -3.762099915E+02 -1.819500000E+04 2.960100098E+02 1.140899963E+02 1.466800022E+01 1.737999916E+01 4.012300074E-01 9.545999765E-01 6.023499882E-04
 2.459999996E-05 8.268700185E-05 1.539100051E+00 -1.744200000E+04 -1.631000000E+04 2.955899963E+02 1.174199982E+02 1.526399994E+01 2.670299911E+01 4.133200049E-01 9.473999739E-01 6.060600281E-04
 2.664999920E-05 8.297999739E-05 1.530699968E+00 -1.000800000E+04 -2.018099976E+03 2.951099854E+02 1.210199966E+02 1.585099983E+01 4.624300003E+01 4.263899922E-01 9.406499863E-01 6.094099954E-04
 2.870000026E-05 8.327300020E-05 1.522500038E+00 1.599400000E+04 7.822700195E+03 2.943099976E+02 1.251299973E+02 1.647800064E+01 1.906800079E+01 4.415299892E-01 9.330899715E-01 6.126799854E-04
 3.075000132E-05 8.356699982E-05 1.512500048E+00 2.733700000E+04 6.251100098E+03 2.934400024E+02 1.298399963E+02 1.695599937E+01 2.555500031E+01 4.587500095E-01 9.242200255E-01 6.167400279E-04
 3.279999873E-05 8.386000263E-05 1.498999953E+00 2.480200000E+04 -5.591899902E+03 2.927900085E+02 1.350000000E+02 1.756299973E+01 6.993900299E+01 4.774799943E-01 9.139199853E-01 6.223099772E-04
 3.484999979E-05 8.415299817E-05 1.483399987E+00 -1.861900024E+03 -3.430199951E+03 2.920799866E+02 1.406300049E+02 1.831900024E+01 7.923200226E+01 4.980199933E-01 9.022399783E-01 6.288400036E-04
 3.690000085E-05 8.444699779E-05 1.466599941E+00 -3.009899902E+03 4.643299805E+03 2.909800110E+02 1.470099945E+02 1.906100082E+01 6.519699860E+01 5.215399861E-01 8.886799812E-01 6.360600237E-04
 3.894999827E-05 8.474000060E-05 1.447100043E+00 2.134100000E+04 -3.609100098E+03 2.894400024E+02 1.545200043E+02 2.012999916E+01 9.398400116E+01 5.497099757E-01 8.722000122E-01 6.446400075E-04
 4.099999933E-05 8.503300342E-05 1.425999999E+00 3.875500000E+04 -1.957599976E+03 2.876099854E+02 1.630000000E+02 2.089999962E+01 8.741500092E+01 5.815799832E-01 8.540599942E-01 6.541900220E-04
 4.305000039E-05 8.532700303E-05 1.398000002E+00 3.348400000E+04 -1.725199951E+03 2.857300110E+02 1.726399994E+02 2.136400032E+01 6.077399826E+01 6.176599860E-01 8.318600059E-01 6.673299940E-04
 4.510000144E-05 8.561999857E-05 1.362699986E+00 3.061600000E+04 -6.046600098E+03 2.833200073E+02 1.839900055E+02 2.160899925E+01 2.971500015E+01 6.606000066E-01 8.039900064E-01 6.846699980E-04
 4.714999886E-05 8.591300139E-05 1.320600033E+00 3.591800000E+04 2.870199951E+03 2.803599854E+02 1.975099945E+02 2.119099998E+01 -8.335300446E+00 7.120800018E-01 7.710300088E-01 7.065900136E-04
 4.919999992E-05 8.620700100E-05 1.267699957E+00 5.080500000E+04 1.196599976E+03 2.768099976E+02 2.134799957E+02 1.952599907E+01 -3.836700058E+01 7.734400034E-01 7.308499813E-01 7.362299948E-04
 5.125000098E-05 8.649999654E-05 1.201500058E+00 6.757900000E+04 -5.941299805E+03 2.719899902E+02 2.323300018E+02 1.595199966E+01 -1.328800049E+02 8.477200270E-01 6.807100177E-01 7.771300152E-04
 5.329999840E-05 8.623600297E-05 1.121799946E+00 7.890500000E+04 -1.299900000E+04 2.658999939E+02 2.538399963E+02 9.918299675E+00 -2.526199951E+02 9.353600144E-01 6.214399934E-01 8.327499963E-04
 5.534999946E-05 8.597200213E-05 1.033900023E+00 7.781900000E+04 -2.556400000E+04 2.588800049E+02 2.762799988E+02 4.095799923E-01 -3.192900085E+02 1.031100035E+00 5.577200055E-01 9.039600263E-04
 5.740000051E-05 8.570800128E-05 9.441300035E-01 5.577600000E+04 -4.575700000E+04 2.513200073E+02 2.979800110E+02 -1.192399979E+01 -3.070599976E+02 1.129600048E+00 4.944700003E-01 9.902600432E-04
 5.945000157E-05 8.544400043E-05 8.582100272E-01 3.715100000E+04 -4.943800000E+04 2.439299927E+02 3.176700134E+02 -2.533900070E+01 -2.744200134E+02 1.225200057E+00 4.362399876E-01 1.089500031E-03
 6.150000263E-05 8.517999959E-05 7.795199752E-01 1.786300000E+04 -3.716400000E+04 2.366900024E+02 3.348699951E+02 -3.873799896E+01 -2.526000061E+02 1.315600038E+00 3.845100105E-01 1.199500053E-03
 6.354999641E-05 8.491599874E-05 7.088299990E-01 5.194200195E+03 -3.058400000E+04 2.297799988E+02 3.501499939E+02 -5.095299911E+01 -1.947400055E+02 1.401399970E+00 3.393999934E-01 1.319000032E-03
 6.559999747E-05 8.465199789E-05 6.470000148E-01 -1.814200000E+04 -2.431500000E+04 2.234199982E+02 3.635100098E+02 -6.129700089E+01 -1.316399994E+02 1.480599999E+00 3.012199998E-01 1.444700058E-03
 6.764999853E-05 8.438799705E-05 5.948500037E-01 -4.270600000E+04 -1.891000000E+04 2.176900024E+02 3.749200134E+02 -6.978800201E+01 -7.041300201E+01 1.551499963E+00 2.697899938E-01 1.570799970E-03
 6.969999959E-05 8.412400348E-05 5.514799953E-01 -5.248200000E+04 -7.167700195E+03 2.125399933E+02 3.849400024E+02 -7.620800018E+01 -8.385299683E+00 1.615700006E+00 2.441900074E-01 1.693699975E-03
 7.175000064E-05 8.386000263E-05 5.137400031E-01 -6.592300000E+04 4.015600098E+03 2.076799927E+02 3.939400024E+02 -8.050599670E+01 4.291299820E+01 1.674700022E+00 2.222699970E-01 1.818099990E-03
 7.380000170E-05 8.359600179E-05 4.809499979E-01 -7.938200000E+04 9.073700195E+03 2.035700073E+02 4.017000122E+02 -8.307800293E+01 1.018799973E+02 1.725600004E+00 2.039400041E-01 1.941399998E-03
 7.585000276E-05 8.333200094E-05 4.528099895E-01 -8.414400000E+04 1.670300000E+04 2.000700073E+02 4.086099854E+02 -8.411000061E+01 1.283399963E+02 1.770200014E+00 1.887000054E-01 2.061800100E-03
 7.789999654E-05 8.306800009E-05 4.288200140E-01 -9.310700000E+04 2.888600000E+04 1.968600006E+02 4.149599915E+02 -8.386000061E+01 1.344600067E+02 1.810899973E+00 1.758300066E-01 2.176600043E-03
 7.994999760E-05 8.280399925E-05 4.093799889E-01 -1.076300000E+05 3.673900000E+04 1.941300049E+02 4.204800110E+02 -8.235600281E+01 1.574900055E+02 1.845700026E+00 1.655199975E-01 2.279599896E-03
 8.199999866E-05 8.253999840E-05 3.927699924E-01 -1.183500000E+05 4.006500000E+04 1.917899933E+02 4.253599854E+02 -8.007099915E+01 1.592500000E+02 1.875699997E+00 1.568800062E-01 2.375900047E-03
 8.404999971E-05 8.227599756E-05 3.775399923E-01 -1.289900000E+05 4.170100000E+04 1.897299957E+02 4.300700073E+02 -7.737899780E+01 1.611000061E+02 1.904000044E+00 1.491799951E-01 2.471700078E-03
 8.610000077E-05 8.201199671E-05 3.638499975E-01 -1.476700000E+05 4.443500000E+04 1.879400024E+02 4.344700012E+02 -7.418299866E+01 1.850399933E+02 1.929600000E+00 1.424099952E-01 2.564500086E-03
 8.815000183E-05 8.174800314E-05 3.523199856E-01 -1.654700000E+05 5.181900000E+04 1.863000031E+02 4.379500122E+02 -7.104399872E+01 1.898200073E+02 1.950899959E+00 1.366900057E-01 2.648300026E-03
 9.020000289E-05 8.148400229E-05 3.418599963E-01 -1.853100000E+05 5.067800000E+04 1.847700043E+02 4.410000000E+02 -6.796800232E+01 1.832100067E+02 1.970100045E+00 1.315400004E-01 2.729400061E-03
 9.224999667E-05 8.122000145E-05 3.315800130E-01 -2.046300000E+05 4.764400000E+04 1.832400055E+02 4.441300049E+02 -6.478500366E+01 1.900000000E+02 1.989899993E+00 1.265300065E-01 2.814000007E-03
 9.429999773E-05 8.095600060E-05 3.221699893E-01 -2.146000000E+05 4.848500000E+04 1.817599945E+02 4.472200012E+02 -6.193500137E+01 1.913999939E+02 2.009900093E+00 1.219500005E-01 2.895999933E-03
 9.634999878E-05 8.069199976E-05 3.140400052E-01 -2.333800000E+05 4.467400000E+04 1.806300049E+02 4.496099854E+02 -5.917900085E+01 1.956399994E+02 2.025099993E+00 1.181299984E-01 2.970899921E-03
 9.839999984E-05 8.042799891E-05 3.063699901E-01 -2.650500000E+05 4.201400000E+04 1.797599945E+02 4.516099854E+02 -5.671799850E+01 1.897599945E+02 2.037400007E+00 1.146899983E-01 3.045399906E-03
 1.004500009E-04 8.016399806E-05 3.005500138E-01 -3.467100000E+05 4.801800000E+04 1.803099976E+02 4.510100098E+02 -5.444699860E+01 1.921199951E+02 2.030400038E+00 1.128500029E-01 3.103900002E-03
 1.025000020E-04 7.989999722E-05 3.090499938E-01 -7.000700000E+05 7.850300000E+04 1.904799957E+02 4.306799927E+02 -5.042399979E+01 3.003800049E+02 1.889199972E+00 1.227900013E-01 3.021999961E-03
 1.045500030E-04 7.963599637E-05 3.813700080E-01 -1.134700000E+06 1.024300000E+05 2.240099945E+02 3.521000061E+02 -4.161000061E+01 5.229600220E+02 1.441300035E+00 1.810500026E-01 2.512499923E-03
 1.065999968E-04 7.937200280E-05 5.577999949E-01 -8.138400000E+05 7.350800000E+04 2.635499878E+02 2.416600037E+02 -3.037100029E+01 5.237899780E+02 9.069799781E-01 3.097600043E-01 1.746200025E-03
 1.086499979E-04 7.910800196E-05 7.385100126E-01 -2.005200000E+05 2.793700000E+04 2.830000000E+02 1.750700073E+02 -2.287999916E+01 2.620000000E+02 6.303499937E-01 4.357999861E-01 1.273400034E-03
 1.106999989E-04 7.884400111E-05 8.190799952E-01 -4.058200000E+04 1.119700000E+04 2.882900085E+02 1.558000031E+02 -1.956800079E+01 7.856999969E+01 5.550500154E-01 4.917399883E-01 1.139199943E-03
 1.127500000E-04 7.858000026E-05 8.362600207E-01 -2.639700000E+04 1.889500000E+03 2.895799866E+02 1.515299988E+02 -1.797599983E+01 1.167300034E+01 5.381500125E-01 5.042899847E-01 1.115499996E-03
 1.148000010E-04 7.831599942E-05 8.409399986E-01 -3.258100000E+04 -9.988599609E+03 2.901600037E+02 1.494100037E+02 -1.712599945E+01 -1.523200035E+01 5.298299789E-01 5.081200004E-01 1.109199948E-03
 1.168500021E-04 7.805199857E-05 8.448799849E-01 -2.844500000E+04 -8.751400391E+03 2.905499878E+02 1.470399933E+02 -1.658699989E+01 -8.614899635E+00 5.209900141E-01 5.111899972E-01 1.104100025E-03
 1.189000031E-04 7.778799772E-05 8.491799831E-01 -2.001300000E+04 -1.233500000E+04 2.907900085E+02 1.443300018E+02 -1.628300095E+01 -1.245300007E+01 5.111700296E-01 5.142099857E-01 1.098499983E-03
 1.209499969E-04 7.752399688E-05 8.520900011E-01 -2.826000000E+04 -1.631000000E+04 2.911499939E+02 1.418000031E+02 -1.584700012E+01 -2.305299950E+01 5.018500090E-01 5.166000128E-01 1.094699954E-03
 1.230000053E-04 7.726000331E-05 8.546199799E-01 -1.744300000E+04 -1.016200000E+04 2.914800110E+02 1.395200043E+02 -1.544900036E+01 -1.060299969E+01 4.934400022E-01 5.187399983E-01 1.091500046E-03
 1.250500063E-04 7.699600246E-05 8.584200144E-01 -3.176300049E+03 -3.617199951E+03 2.919500122E+02 1.371199951E+02 -1.535200024E+01 -1.660400009E+01 4.846499860E-01 5.218700171E-01 1.086700009E-03
 1.270999928E-04 7.673200162E-05 8.620300293E-01 -7.719799805E+03 -9.301500000E+03 2.926000061E+02 1.347599945E+02 -1.490799999E+01 -1.954899979E+01 4.756999910E-01 5.252500176E-01 1.082099974E-03
 1.291499939E-04 7.646800077E-05 8.646500111E-01 -9.390299805E+03 -1.562200000E+04 2.931799927E+02 1.324700012E+02 -1.443500042E+01 -8.492799759E+00 4.670799971E-01 5.278699994E-01 1.078799949E-03
 1.311999949E-04 7.620399992E-05 8.667799830E-01 -1.342600000E+04 -1.549700000E+04 2.936799927E+02 1.302299957E+02 -1.424600029E+01 -3.322299957E+00 4.588100016E-01 5.300899744E-01 1.076200046E-03
 1.332499960E-04 7.593999908E-05 8.696299791E-01 -1.318500000E+04 -1.167600000E+04 2.939200134E+02 1.280399933E+02 -1.381099987E+01 -1.322800040E+00 4.508099854E-01 5.322600007E-01 1.072600018E-03
 1.352999971E-04 7.567599823E-05 8.724600077E-01 -9.797500000E+03 -4.494500000E+03 2.939299927E+02 1.259000015E+02 -1.352400017E+01 -2.736499977E+01 4.432500005E-01 5.340099931E-01 1.069199992E-03
 1.373499981E-04 7.541199739E-05 8.739699721E-01 -1.433700000E+04 -7.977399902E+03 2.941600037E+02 1.240000000E+02 -1.306700039E+01 -3.426900101E+01 4.363200068E-01 5.353500247E-01 1.067299978E-03
 1.393999992E-04 7.514799654E-05 8.763800263E-01 -9.447700195E+03 -6.370399902E+03 2.944800110E+02 1.220299988E+02 -1.257800007E+01 -9.373800278E+00 4.290400147E-01 5.374100208E-01 1.064399956E-03
 1.414500002E-04 7.488400297E-05 8.789200187E-01 -3.480500000E+03 -5.014200134E+02 2.947300110E+02 1.199499969E+02 -1.253600025E+01 -1.223600006E+01 4.215900004E-01 5.394300222E-01 1.061300049E-03
 1.435000013E-04 7.462000212E-05 8.811200261E-01 -7.364899902E+03 -3.065500000E+03 2.949599915E+02 1.179400024E+02 -1.204599953E+01 -2.410499954E+01 4.142900109E-01 5.411999822E-01 1.058700029E-03
 1.455500023E-04 7.435600128E-05 8.837100267E-01 -8.405900391E+03 -1.385000000E+03 2.952200012E+02 1.161900024E+02 -1.150500011E+01 -2.374799919E+01 4.078400135E-01 5.432599783E-01 1.055600005E-03
 1.476000034E-04 7.409200043E-05 8.853499889E-01 -1.000200000E+04 -1.469800049E+03 2.955299988E+02 1.146900024E+02 -1.109899998E+01 -2.539099932E+00 4.022800028E-01 5.448499918E-01 1.053599990E-03
 1.496500045E-04 7.382799959E-05 8.865500093E-01 -5.654700195E+03 -1.493900024E+03 2.956400146E+02 1.132200012E+02 -1.068099976E+01 1.538199997E+01 3.969399929E-01 5.457800031E-01 1.052199979E-03
 1.517000055E-04 7.356399874E-05 8.880699873E-01 4.725799866E+02 -1.389300049E+03 2.958099976E+02 1.117600021E+02 -1.019400024E+01 6.811199784E-01 3.916000128E-01 5.470399857E-01 1.050399966E-03
 1.537500066E-04 7.329999789E-05 8.897100091E-01 -1.534900024E+03 -1.399200000E+04 2.960000000E+02 1.102600021E+02 -9.687500000E+00 -2.326399994E+01 3.860900104E-01 5.484099984E-01 1.048399950E-03
 1.557999931E-04 7.303599705E-05 8.905699849E-01 -6.250799805E+03 -1.041500000E+04 2.962000122E+02 1.088799973E+02 -9.382699966E+00 -2.276399994E+01 3.810699880E-01 5.493100286E-01 1.047399943E-03
 1.578499941E-04 7.277200348E-05 8.915200233E-01 -7.699399902E+03 -5.487000000E+03 2.965599976E+02 1.076600037E+02 -8.931900024E+00 -6.090899944E+00 3.764800131E-01 5.505599976E-01 1.046300051E-03
 1.598999952E-04 7.250800263E-05 8.921200037E-01 -1.088100000E+04 -7.926100098E+03 2.967600098E+02 1.065000000E+02 -8.363800049E+00 -1.038599968E+01 3.721800148E-01 5.512999892E-01 1.045600045E-03
 1.619499963E-04 7.224400179E-05 8.933699727E-01 -9.135900391E+03 -2.057300049E+03 2.968699951E+02 1.052500000E+02 -7.926000118E+00 -8.601300240E+00 3.676500022E-01 5.522699952E-01 1.044100034E-03
 1.639999973E-04 7.198000094E-05 8.956599832E-01 9.395300293E+02 -5.646299805E+03 2.968900146E+02 1.038899994E+02 -7.278699875E+00 1.136800003E+01 3.627499938E-01 5.537300110E-01 1.041500014E-03
 1.660499984E-04 7.171600009E-05 8.964099884E-01 1.667099976E+03 -6.667299805E+03 2.970400085E+02 1.026500015E+02 -6.629099846E+00 6.491799831E+00 3.581799865E-01 5.544700027E-01 1.040600007E-03
 1.680999994E-04 7.145199925E-05 8.973199725E-01 9.583000000E+03 3.682699951E+03 2.971799927E+02 1.015000000E+02 -5.977099895E+00 5.026800156E+00 3.539899886E-01 5.552899837E-01 1.039499999E-03
 1.701500005E-04 7.118799840E-05 8.980200291E-01 6.174100098E+03 3.927100098E+03 2.972999878E+02 1.004400024E+02 -5.197500229E+00 7.998899937E+00 3.500699997E-01 5.559499860E-01 1.038699993E-03
 1.722000015E-04 7.092399755E-05 8.981999755E-01 -7.341299805E+03 1.157099976E+03 2.974100037E+02 9.940699768E+01 -4.440700054E+00 4.728700161E+00 3.462800086E-01 5.562800169E-01 1.038499991E-03
 1.742500026E-04 7.065999671E-05 8.996899724E-01 -6.350299805E+03 5.876399902E+03 2.974599915E+02 9.837300110E+01 -3.932800055E+00 1.640600014E+01 3.425900042E-01 5.572800040E-01 1.036799978E-03
 1.763000037E-04 7.039600314E-05 9.003300071E-01 -6.830700195E+03 1.834599976E+03 2.976099854E+02 9.751699829E+01 -3.255000114E+00 1.960499954E+01 3.394399881E-01 5.579800010E-01 1.036099973E-03
 1.783500047E-04 7.013200229E-05 9.003800154E-01 -3.143300049E+03 -4.519000000E+03 2.976300049E+02 9.676999664E+01 -2.484200001E+00 1.093799973E+01 3.367500007E-01 5.580499768E-01 1.035999972E-03
 1.804000058E-04 6.986800145E-05 9.013900161E-01 6.765600098E+03 -6.623500000E+03 2.976000061E+02 9.600499725E+01 -1.844300032E+00 2.025600052E+01 3.340600133E-01 5.586000085E-01 1.034799963E-03
 1.824500068E-04 6.960400060E-05 9.019899964E-01 2.758500000E+03 -2.294300049E+03 2.977000122E+02 9.550700378E+01 -9.658899903E-01 2.704400063E+01 3.322199881E-01 5.591599941E-01 1.034199959E-03
 1.844999933E-04 6.933999975E-05 9.019899964E-01 -5.775799805E+03 6.089799805E+03 2.977399902E+02 9.527200317E+01 3.061500005E-02 3.520999908E+01 3.313600123E-01 5.592499971E-01 1.034199959E-03
 1.865499944E-04 6.907599891E-05 9.022399783E-01 -1.837900024E+03 -7.650900269E+02 2.977699890E+02 9.498500061E+01 9.854000211E-01 3.770100021E+01 3.303599954E-01 5.594599843E-01 1.033899956E-03
 1.885999955E-04 6.881199806E-05 9.026399851E-01 -2.102899902E+03 -2.646499939E+02 2.978200073E+02 9.453399658E+01 1.960100055E+00 2.355900002E+01 3.288300037E-01 5.598000288E-01 1.033399953E-03
 1.906499965E-04 6.854799722E-05 9.028000236E-01 -5.551799805E+03 6.267899902E+03 2.978299866E+02 9.409500122E+01 3.114099979E+00 4.465900040E+01 3.274100125E-01 5.599200130E-01 1.033199951E-03
 1.926999976E-04 6.828399637E-05 9.026600122E-01 -4.168399963E+02 6.877899902E+03 2.977699890E+02 9.379599762E+01 4.316100121E+00 6.059799957E+01 3.265599906E-01 5.597000122E-01 1.033399953E-03
 1.947499986E-04 6.802000280E-05 9.026399851E-01 1.964800049E+03 6.265700195E+03 2.976600037E+02 9.361299896E+01 5.542500019E+00 5.221599960E+01 3.262099922E-01 5.594999790E-01 1.033399953E-03
 1.967999997E-04 6.775600195E-05 9.029899836E-01 1.919800049E+03 -3.474000000E+03 2.976000061E+02 9.347599792E+01 6.715799809E+00 3.375600052E+01 3.260299861E-01 5.595899820E-01 1.032999950E-03
 1.988500007E-04 6.749200111E-05 9.028699994E-01 2.192500000E+03 -4.692299805E+03 2.975199890E+02 9.333000183E+01 8.039799690E+00 2.575799942E+01 3.259400129E-01 5.593699813E-01 1.033099950E-03
 2.009000018E-04 6.722800026E-05 9.017699957E-01 1.740800049E+03 -5.434200195E+03 2.974899902E+02 9.334100342E+01 9.477000237E+00 5.593299866E+01 3.264600039E-01 5.586400032E-01 1.034399960E-03
 2.029500029E-04 6.696399942E-05 9.008700252E-01 4.863200195E+03 -2.999399902E+03 2.974400024E+02 9.352700043E+01 1.100899982E+01 7.436599731E+01 3.277199864E-01 5.579800010E-01 1.035399968E-03
 2.050000039E-04 6.669999857E-05 9.006100297E-01 6.150600098E+03 4.295000000E+03 2.973399963E+02 9.366000366E+01 1.187500000E+01 7.570600128E+01 3.285900056E-01 5.576500297E-01 1.035699970E-03
 0.000000000E+00 8.033299673E-05 1.600700021E+00 2.668700000E+04 -3.603100000E+04 3.000000000E+02 9.289399719E+01 8.513600349E+00 1.694499969E+02 3.245700002E-01 1.001099944E+00 5.802299711E-04
 2.049999921E-06 8.060000255E-05 1.597700000E+00 8.850000000E+03 -1.946100000E+04 2.995499878E+02 9.390200043E+01 8.986399651E+00 6.465599823E+01 3.277800083E-01 9.971399903E-01 5.826100241E-04
 4.099999842E-06 8.086700109E-05 1.592300057E+00 -8.293199921E+01 1.004100000E+04 2.988800049E+02 9.568599701E+01 9.562100410E+00 -2.593199921E+01 3.338199854E-01 9.910100102E-01 5.858300137E-04
 6.149999990E-06 8.113300282E-05 1.588899970E+00 -6.413600098E+03 8.238200195E+03 2.985299988E+02 9.717500305E+01 9.968999863E+00 -2.415200043E+01 3.393000066E-01 9.877300262E-01 5.870800233E-04
 8.199999684E-06 8.140000136E-05 1.585800052E+00 -5.683000000E+03 -5.940200195E+03 2.982099915E+02 9.857599640E+01 1.057699966E+01 -1.547900009E+01 3.445500135E-01 9.847800136E-01 5.882200203E-04
 1.024999983E-05 8.166699990E-05 1.580899954E+00 2.340699951E+03 3.552000000E+03 2.980799866E+02 1.001600037E+02 1.092399979E+01 -6.983600259E-01 3.502199948E-01 9.812700152E-01 5.900600227E-04
 1.229999998E-05 8.193300164E-05 1.575299978E+00 -3.500300049E+03 1.018300000E+04 2.979599915E+02 1.018799973E+02 1.111900043E+01 -7.419000149E+00 3.563300073E-01 9.774199724E-01 5.921400152E-04
 1.435000013E-05 8.220000018E-05 1.570999980E+00 5.985800171E+02 1.191900000E+04 2.975499878E+02 1.036800003E+02 1.158500004E+01 2.171100044E+01 3.629600108E-01 9.734299779E-01 5.937499809E-04
 1.639999937E-05 8.246699872E-05 1.566400051E+00 -4.630200195E+03 1.072300000E+04 2.972699890E+02 1.059700012E+02 1.204399967E+01 1.525699997E+01 3.712300062E-01 9.696800113E-01 5.954999942E-04
 1.845000043E-05 8.273300045E-05 1.561100006E+00 -9.118700195E+03 1.528800049E+03 2.970100098E+02 1.084599991E+02 1.240699959E+01 -2.048500061E+01 3.801699877E-01 9.655399919E-01 5.975100212E-04
 2.049999966E-05 8.299999899E-05 1.555099964E+00 5.305700195E+03 -9.654500000E+03 2.965599976E+02 1.110899963E+02 1.297599983E+01 2.526600075E+01 3.897800148E-01 9.603400230E-01 5.998500274E-04
 2.255000072E-05 8.326699754E-05 1.547700047E+00 1.134600000E+04 -1.927800000E+04 2.960199890E+02 1.141399994E+02 1.356599998E+01 2.217900085E+01 4.009500146E-01 9.540799856E-01 6.026899791E-04
 2.459999996E-05 8.353299927E-05 1.539399981E+00 -6.811199951E+02 -1.391900000E+04 2.955199890E+02 1.175500031E+02 1.412100029E+01 9.551699638E+00 4.133200049E-01 9.473099709E-01 6.059699808E-04
 2.664999920E-05 8.379999781E-05 1.530400038E+00 -3.344000000E+03 -3.717800049E+03 2.950000000E+02 1.213300018E+02 1.460999966E+01 4.813700104E+01 4.270099998E-01 9.401599765E-01 6.094999844E-04
 2.870000026E-05 8.406700363E-05 1.521800041E+00 3.205899902E+03 6.008000000E+03 2.943500061E+02 1.255599976E+02 1.507100010E+01 1.926199913E+01 4.423699975E-01 9.327999949E-01 6.129500107E-04
 3.075000132E-05 8.433299809E-05 1.512199998E+00 9.893400391E+03 7.950299805E+03 2.935400085E+02 1.303099976E+02 1.557499981E+01 2.158099937E+01 4.597299993E-01 9.243500233E-01 6.168599939E-04
 3.279999873E-05 8.459999663E-05 1.498399973E+00 6.012500000E+03 -9.226900391E+03 2.927699890E+02 1.354799957E+02 1.620100021E+01 4.683300018E+01 4.785700142E-01 9.135199785E-01 6.225400139E-04
 3.484999979E-05 8.486700244E-05 1.483000040E+00 -1.625500000E+03 -8.736700195E+03 2.919800110E+02 1.409900055E+02 1.687299919E+01 5.532199860E+01 4.987399876E-01 9.016600251E-01 6.290299934E-04
 3.690000085E-05 8.513299690E-05 1.466300011E+00 -6.342399902E+03 5.503200195E+03 2.908999939E+02 1.472500000E+02 1.744400024E+01 5.465499878E+01 5.217800140E-01 8.882499933E-01 6.361900014E-04
 3.894999827E-05 8.540000272E-05 1.447100043E+00 -3.212199951E+03 9.785800171E+01 2.895400085E+02 1.547899933E+02 1.822900009E+01 5.737900162E+01 5.497499704E-01 8.725399971E-01 6.446099724E-04
 4.099999933E-05 8.566700126E-05 1.425199986E+00 1.179500000E+04 -5.422600098E+03 2.877600098E+02 1.633800049E+02 1.901199913E+01 5.058300018E+01 5.819299817E-01 8.540400267E-01 6.545599899E-04
 4.305000039E-05 8.593300299E-05 1.396800041E+00 2.928500000E+04 -6.683899902E+03 2.857300110E+02 1.729499969E+02 1.951300049E+01 2.546999931E+01 6.179900169E-01 8.311399817E-01 6.678900099E-04
 4.510000144E-05 8.620000153E-05 1.362699986E+00 5.343400000E+04 -5.264000000E+03 2.832799988E+02 1.841300049E+02 1.959900093E+01 2.789999962E+01 6.603500247E-01 8.039100170E-01 6.846300093E-04
 4.714999886E-05 8.646700007E-05 1.321400046E+00 5.124200000E+04 -7.169100098E+03 2.803099976E+02 1.973800049E+02 1.912000084E+01 1.919799995E+01 7.109400034E-01 7.713699937E-01 7.061500219E-04
 4.919999992E-05 8.673300181E-05 1.269799948E+00 4.958000000E+04 -4.367200195E+03 2.767600098E+02 2.129900055E+02 1.761599922E+01 -3.514300156E+01 7.711399794E-01 7.319399714E-01 7.349600201E-04
 5.125000098E-05 8.700000035E-05 1.205600023E+00 6.586800000E+04 -5.243799805E+03 2.721300049E+02 2.313399963E+02 1.439999962E+01 -1.390200043E+02 8.434900045E-01 6.833800077E-01 7.744199829E-04
 5.329999840E-05 8.676000289E-05 1.128299952E+00 7.460600000E+04 -2.345200000E+04 2.663900146E+02 2.521499939E+02 9.130299568E+00 -2.429700012E+02 9.281100035E-01 6.261900067E-01 8.278400055E-04
 5.534999946E-05 8.651999815E-05 1.043599963E+00 8.537800000E+04 -2.460800000E+04 2.597200012E+02 2.739400024E+02 8.320199847E-01 -2.846300049E+02 1.020699978E+00 5.647400022E-01 8.953899960E-04
 5.740000051E-05 8.628000069E-05 9.570699930E-01 6.916800000E+04 -3.708700000E+04 2.524400024E+02 2.949800110E+02 -1.001200008E+01 -2.828399963E+02 1.115399957E+00 5.034400225E-01 9.766799631E-04
 5.945000157E-05 8.604000323E-05 8.724899888E-01 4.057100000E+04 -4.439300000E+04 2.451399994E+02 3.143399963E+02 -2.178100014E+01 -2.656600037E+02 1.208400011E+00 4.456999898E-01 1.071600011E-03
 6.150000263E-05 8.579999849E-05 7.945100069E-01 2.613000000E+04 -3.192000000E+04 2.378600006E+02 3.317600098E+02 -3.372800064E+01 -2.404299927E+02 1.298200011E+00 3.938300014E-01 1.176699996E-03
 6.354999641E-05 8.556000103E-05 7.236499786E-01 6.208100098E+03 -2.676100000E+04 2.309299927E+02 3.475700073E+02 -4.493700027E+01 -1.855399933E+02 1.384500027E+00 3.482300043E-01 1.291999943E-03
 6.559999747E-05 8.532000356E-05 6.608600020E-01 -2.325600000E+04 -1.916800000E+04 2.245899963E+02 3.614500122E+02 -5.457099915E+01 -1.175400009E+02 1.464300036E+00 3.092699945E-01 1.414299943E-03
 6.764999853E-05 8.507999883E-05 6.075500250E-01 -4.255900000E+04 -1.156100000E+04 2.188000031E+02 3.733800049E+02 -6.269100189E+01 -5.596699905E+01 1.536499977E+00 2.769599855E-01 1.538099954E-03
 6.969999959E-05 8.484000136E-05 5.612499714E-01 -5.316100000E+04 8.147299805E+02 2.135099945E+02 3.842200012E+02 -6.911000061E+01 5.829899907E-01 1.603700042E+00 2.496500015E-01 1.664599986E-03
 7.175000064E-05 8.459999663E-05 5.210700035E-01 -6.606800000E+04 6.101600098E+03 2.085899963E+02 3.937799988E+02 -7.328199768E+01 3.202199936E+01 1.664600015E+00 2.264299989E-01 1.792500028E-03
 7.380000170E-05 8.435999916E-05 4.866000116E-01 -7.840800000E+04 5.951500000E+03 2.043000031E+02 4.020199890E+02 -7.587699890E+01 6.612000275E+01 1.718000054E+00 2.070800066E-01 1.919099945E-03
 7.585000276E-05 8.412000170E-05 4.567199945E-01 -8.295200000E+04 1.414400000E+04 2.004499969E+02 4.094200134E+02 -7.723799896E+01 9.952300262E+01 1.766299963E+00 1.906999946E-01 2.044399967E-03
 7.789999654E-05 8.387999696E-05 4.309299886E-01 -8.720900000E+04 2.431900000E+04 1.969400024E+02 4.161000061E+02 -7.759600067E+01 1.247500000E+02 1.810299993E+00 1.767600030E-01 2.166300081E-03
 7.994999760E-05 8.363999950E-05 4.094099998E-01 -1.014000000E+05 3.431800000E+04 1.940000000E+02 4.219500122E+02 -7.685299683E+01 1.414100037E+02 1.848099947E+00 1.654199958E-01 2.279700013E-03
 8.199999866E-05 8.340000204E-05 3.913899958E-01 -1.152600000E+05 4.172700000E+04 1.914600067E+02 4.270700073E+02 -7.503900146E+01 1.498099976E+02 1.880699992E+00 1.560699940E-01 2.384399995E-03
 8.404999971E-05 8.315999730E-05 3.753899932E-01 -1.277700000E+05 4.015500000E+04 1.891799927E+02 4.321099854E+02 -7.241999817E+01 1.684299927E+02 1.911800027E+00 1.479000002E-01 2.486000070E-03
 8.610000077E-05 8.291999984E-05 3.610999882E-01 -1.421200000E+05 3.983000000E+04 1.872400055E+02 4.366400146E+02 -6.949900055E+01 1.799700012E+02 1.939200044E+00 1.408099979E-01 2.584100002E-03
 8.815000183E-05 8.268000238E-05 3.490099907E-01 -1.602500000E+05 4.513900000E+04 1.855700073E+02 4.401499939E+02 -6.661199951E+01 1.622700043E+02 1.961300015E+00 1.348800063E-01 2.673400100E-03
 9.020000289E-05 8.243999764E-05 3.381899893E-01 -1.828900000E+05 4.628500000E+04 1.839799957E+02 4.433699951E+02 -6.342399979E+01 1.665099945E+02 1.981699944E+00 1.295800060E-01 2.759000054E-03
 9.224999667E-05 8.220000018E-05 3.279399872E-01 -2.063800000E+05 4.772600000E+04 1.825399933E+02 4.465899963E+02 -6.036000061E+01 1.881399994E+02 2.001800060E+00 1.246600002E-01 2.845099894E-03
 9.429999773E-05 8.196000272E-05 3.185800016E-01 -2.252300000E+05 4.796800000E+04 1.811100006E+02 4.494700012E+02 -5.752999878E+01 1.859700012E+02 2.020800114E+00 1.201599985E-01 2.928700065E-03
 9.634999878E-05 8.171999798E-05 3.102400005E-01 -2.426900000E+05 4.324800000E+04 1.799499969E+02 4.517699890E+02 -5.482799911E+01 1.835599976E+02 2.036000013E+00 1.162599996E-01 3.007299965E-03
 9.839999984E-05 8.148000052E-05 3.025200069E-01 -2.663700000E+05 4.153700000E+04 1.790299988E+02 4.538599854E+02 -5.233300018E+01 1.843399963E+02 2.049200058E+00 1.127900034E-01 3.084100084E-03
 1.004500009E-04 8.124000306E-05 2.968400121E-01 -3.391300000E+05 4.321300000E+04 1.795000000E+02 4.531199951E+02 -4.977700043E+01 1.817500000E+02 2.042000055E+00 1.109599993E-01 3.142599948E-03
 1.025000020E-04 8.099999832E-05 3.042699993E-01 -6.858000000E+05 6.352800000E+04 1.892700043E+02 4.337699890E+02 -4.621699905E+01 2.519700012E+02 1.906299949E+00 1.200999990E-01 3.068699967E-03
 1.045500030E-04 8.076000086E-05 3.727500141E-01 -1.146400000E+06 8.695200000E+04 2.224299927E+02 3.567900085E+02 -3.901800156E+01 4.340499878E+02 1.464100003E+00 1.756599993E-01 2.567500109E-03
 1.065999968E-04 8.052000339E-05 5.460000038E-01 -8.423500000E+05 6.133400000E+04 2.625000000E+02 2.449799957E+02 -2.942099953E+01 4.371400146E+02 9.210500121E-01 3.021799922E-01 1.786599983E-03
 1.086499979E-04 8.027999866E-05 7.291899920E-01 -2.163900000E+05 1.693000000E+04 2.828999939E+02 1.752899933E+02 -2.226899910E+01 2.340000000E+02 6.310700178E-01 4.302499890E-01 1.290900051E-03
 1.106999989E-04 8.004000119E-05 8.143000007E-01 -4.773000000E+04 5.817200195E+03 2.886400146E+02 1.544799957E+02 -1.879000092E+01 8.074500275E+01 5.497499704E-01 4.894700050E-01 1.145999995E-03
 1.127500000E-04 7.979999646E-05 8.333500028E-01 -2.775400000E+04 1.196599976E+03 2.899400024E+02 1.497799988E+02 -1.715200043E+01 1.350899982E+01 5.313699841E-01 5.031499863E-01 1.119400025E-03
 1.148000010E-04 7.955999899E-05 8.387100101E-01 -3.147300000E+04 -2.784899902E+03 2.904400024E+02 1.474299927E+02 -1.596500015E+01 -7.316899776E+00 5.222300291E-01 5.072600245E-01 1.112199971E-03
 1.168500021E-04 7.932000153E-05 8.430600166E-01 -2.556100000E+04 -7.562600098E+03 2.908299866E+02 1.449100037E+02 -1.510499954E+01 -1.823800087E+01 5.127099752E-01 5.105699897E-01 1.106500044E-03
 1.189000031E-04 7.907999679E-05 8.467800021E-01 -1.975700000E+04 -1.278700000E+04 2.912699890E+02 1.422100067E+02 -1.469600010E+01 -3.663499832E+01 5.027499795E-01 5.135999918E-01 1.101600006E-03
 1.209499969E-04 7.883999933E-05 8.495699763E-01 -2.852800000E+04 -1.195000000E+04 2.918200073E+02 1.397299957E+02 -1.430300045E+01 -5.202799988E+01 4.934599996E-01 5.162699819E-01 1.097999979E-03
 1.230000053E-04 7.860000187E-05 8.525999784E-01 -1.516900000E+04 -1.752400000E+04 2.920700073E+02 1.373300018E+02 -1.403100014E+01 -4.176100159E+01 4.847599864E-01 5.185499787E-01 1.094099949E-03
 1.250500063E-04 7.835999713E-05 8.563799858E-01 -4.190399902E+03 -1.084300000E+04 2.923699951E+02 1.349400024E+02 -1.389700031E+01 -4.215100098E+01 4.761199951E-01 5.213800073E-01 1.089300029E-03
 1.270999928E-04 7.811999967E-05 8.599200249E-01 -1.804700000E+04 -1.097300000E+04 2.930199890E+02 1.325700073E+02 -1.333399963E+01 -4.381800079E+01 4.671300054E-01 5.247099996E-01 1.084799995E-03
 1.291499939E-04 7.788000221E-05 8.629000187E-01 -1.849100000E+04 -2.020600000E+04 2.935599976E+02 1.301399994E+02 -1.282199955E+01 -4.865999985E+01 4.580700099E-01 5.274900198E-01 1.080999966E-03
 1.311999949E-04 7.763999747E-05 8.654999733E-01 -6.020899902E+03 -1.360100000E+04 2.938900146E+02 1.277799988E+02 -1.259899998E+01 -3.674000168E+01 4.495199919E-01 5.296800137E-01 1.077800058E-03
 1.332499960E-04 7.740000001E-05 8.679699898E-01 -7.526299805E+03 -8.527500000E+03 2.942000122E+02 1.256399994E+02 -1.226399994E+01 -2.400900078E+01 4.417099953E-01 5.317599773E-01 1.074700034E-03
 1.352999971E-04 7.716000255E-05 8.708500266E-01 -9.792599609E+03 -8.573099609E+03 2.943299866E+02 1.236600037E+02 -1.201799965E+01 -5.475799942E+01 4.346399903E-01 5.337600112E-01 1.071100007E-03
 1.373499981E-04 7.691999781E-05 8.728500009E-01 -6.779399902E+03 -1.389000000E+04 2.945400085E+02 1.217900009E+02 -1.166100025E+01 -5.602099991E+01 4.278300107E-01 5.353599787E-01 1.068699989E-03
 1.393999992E-04 7.668000035E-05 8.749600053E-01 -4.503600098E+03 -9.641700195E+03 2.949899902E+02 1.199499969E+02 -1.112899971E+01 -3.980500031E+01 4.209400117E-01 5.374799967E-01 1.066099969E-03
 1.414500002E-04 7.644000289E-05 8.778100014E-01 -9.522100220E+02 5.131899902E+03 2.952300110E+02 1.180000000E+02 -1.095899963E+01 -5.433900070E+01 4.139299989E-01 5.396599770E-01 1.062599942E-03
 1.435000013E-04 7.619999815E-05 8.796100020E-01 -6.063000000E+03 7.346400146E+02 2.954100037E+02 1.162099991E+02 -1.066800022E+01 -4.690800095E+01 4.074899852E-01 5.411000252E-01 1.060500043E-03
 1.455500023E-04 7.596000069E-05 8.814399838E-01 -5.973299805E+03 -3.319300049E+03 2.955799866E+02 1.146299973E+02 -1.028999996E+01 -2.246500015E+01 4.017499983E-01 5.425400138E-01 1.058300026E-03
 1.476000034E-04 7.572000322E-05 8.830999732E-01 -3.379399902E+03 -5.391200195E+03 2.958599854E+02 1.131800003E+02 -9.921099663E+00 -1.526099968E+01 3.964000046E-01 5.440800190E-01 1.056300011E-03
 1.496500045E-04 7.547999849E-05 8.845999837E-01 -2.020300049E+03 -7.958200195E+03 2.960000000E+02 1.116600037E+02 -9.462800026E+00 -4.322599888E+00 3.909099996E-01 5.452499986E-01 1.054499997E-03
 1.517000055E-04 7.524000102E-05 8.855299950E-01 -2.377500000E+02 -4.571600098E+03 2.962200012E+02 1.102699966E+02 -8.979700089E+00 -1.244200039E+01 3.857899904E-01 5.462399721E-01 1.053399988E-03
 1.537500066E-04 7.500000356E-05 8.868600130E-01 -5.749700195E+03 -1.047800000E+04 2.964700012E+02 1.090400009E+02 -8.524100304E+00 -1.981800079E+01 3.812299967E-01 5.475100279E-01 1.051799976E-03
 1.557999931E-04 7.475999882E-05 8.891199827E-01 -9.489599609E+03 -4.884500000E+03 2.965299988E+02 1.078099976E+02 -8.319000244E+00 -2.302300072E+01 3.768599927E-01 5.490199924E-01 1.049099956E-03
 1.578499941E-04 7.452000136E-05 8.905599713E-01 -1.085300000E+04 -2.788100098E+03 2.968299866E+02 1.066200027E+02 -7.876200199E+00 -2.535099983E+01 3.724299967E-01 5.504800081E-01 1.047399943E-03
 1.598999952E-04 7.427999662E-05 8.914200068E-01 -8.955599609E+03 -1.105400000E+04 2.969200134E+02 1.053499985E+02 -7.265399933E+00 -1.196599960E+01 3.677800000E-01 5.511699915E-01 1.046400052E-03
 1.619499963E-04 7.403999916E-05 8.926699758E-01 1.298400024E+03 -7.624299805E+03 2.968900146E+02 1.040800018E+02 -6.861800194E+00 -2.681800079E+01 3.633100092E-01 5.518800020E-01 1.045000041E-03
 1.639999973E-04 7.380000170E-05 8.948100209E-01 8.038200195E+03 -5.672899902E+03 2.968699951E+02 1.029300003E+02 -6.230199814E+00 -1.475899982E+01 3.591800034E-01 5.531700253E-01 1.042500022E-03
 1.660499984E-04 7.355999696E-05 8.955199718E-01 2.014699951E+03 -6.252600098E+03 2.970899963E+02 1.019400024E+02 -5.602799892E+00 -3.246900141E-01 3.554899991E-01 5.540300012E-01 1.041600015E-03
 1.680999994E-04 7.331999950E-05 8.956599832E-01 5.089000000E+03 -1.747800049E+03 2.974299927E+02 1.009400024E+02 -5.020299911E+00 -1.207900047E+01 3.517000079E-01 5.547400117E-01 1.041500014E-03
 1.701500005E-04 7.308000204E-05 8.963400126E-01 7.707100098E+03 2.928300049E+03 2.976000061E+02 9.999800110E+01 -4.325799942E+00 -9.821599960E+00 3.482100070E-01 5.554900169E-01 1.040700008E-03
 1.722000015E-04 7.283999730E-05 8.965799809E-01 -5.988700195E+03 7.554299927E+02 2.976799927E+02 9.931300354E+01 -3.664099932E+00 -7.342399955E-01 3.456900120E-01 5.557699800E-01 1.040400006E-03
 1.742500026E-04 7.259999984E-05 8.978099823E-01 -8.874200195E+03 4.754599915E+02 2.976099854E+02 9.863800049E+01 -3.292599916E+00 2.777499914E+00 3.433299959E-01 5.564000010E-01 1.038999995E-03
 1.763000037E-04 7.236000238E-05 8.995299935E-01 -5.351600098E+03 2.854699951E+03 2.975199890E+02 9.780899811E+01 -2.609299898E+00 8.562700272E+00 3.404400051E-01 5.573099852E-01 1.036999980E-03
 1.783500047E-04 7.211999764E-05 9.005399942E-01 -9.198499756E+02 8.766200256E+01 2.974100037E+02 9.699199677E+01 -1.787999988E+00 1.352000046E+01 3.375999928E-01 5.577200055E-01 1.035799971E-03
 1.804000058E-04 7.188000018E-05 9.011499882E-01 4.552100098E+03 -5.765200195E+03 2.974800110E+02 9.630999756E+01 -1.352499962E+00 1.206999969E+01 3.351599872E-01 5.582299829E-01 1.035099966E-03
 1.824500068E-04 7.164000272E-05 9.012899995E-01 -2.640100098E+03 -4.901299805E+03 2.975899963E+02 9.580699921E+01 -6.880000234E-01 1.709300041E+01 3.333199918E-01 5.585399866E-01 1.034999965E-03
 1.844999933E-04 7.139999798E-05 9.006500244E-01 -5.161600098E+03 -2.761699951E+03 2.976799927E+02 9.562899780E+01 2.219700068E-01 2.947200012E+01 3.326399922E-01 5.583000183E-01 1.035699970E-03
 1.865499944E-04 7.116000052E-05 9.007099867E-01 1.877900024E+03 -6.386700195E+03 2.977500000E+02 9.544000244E+01 1.234699965E+00 3.321500015E+01 3.319700062E-01 5.584700108E-01 1.035599969E-03
 1.885999955E-04 7.092000305E-05 9.013299942E-01 2.569600098E+03 -2.686500000E+03 2.977500000E+02 9.506700134E+01 2.312599897E+00 3.172299957E+01 3.307400048E-01 5.588399768E-01 1.034899964E-03
 1.906499965E-04 7.067999832E-05 9.013900161E-01 7.864199829E+02 3.712199951E+03 2.977600098E+02 9.483200073E+01 3.281699896E+00 3.818799973E+01 3.300200105E-01 5.588999987E-01 1.034799963E-03
 1.926999976E-04 7.044000085E-05 9.004300237E-01 6.211500244E+02 6.754399902E+03 2.977500000E+02 9.488200378E+01 4.274400234E+00 3.818799973E+01 3.303399980E-01 5.582900047E-01 1.035999972E-03
 1.947499986E-04 7.020000339E-05 8.998299837E-01 2.935600098E+03 -1.632299957E+02 2.976700134E+02 9.503700256E+01 5.511300087E+00 3.709600067E+01 3.311400115E-01 5.577800274E-01 1.036599977E-03
 1.967999997E-04 6.995999865E-05 9.008299708E-01 2.690500000E+03 -4.901899902E+03 2.976300049E+02 9.498100281E+01 6.728400230E+00 3.716999817E+01 3.312399983E-01 5.583199859E-01 1.035499969E-03
 1.988500007E-04 6.972000119E-05 9.009600282E-01 3.833399902E+03 1.169600010E+01 2.976400146E+02 9.489600372E+01 7.913599968E+00 2.282600021E+01 3.312599957E-01 5.584099889E-01 1.035299967E-03
 2.009000018E-04 6.947999645E-05 8.996199965E-01 1.805199951E+03 -4.383899902E+03 2.975899963E+02 9.504100037E+01 9.240400314E+00 4.572299957E+01 3.322100043E-01 5.574899912E-01 1.036899979E-03
 2.029500029E-04 6.923999899E-05 8.992000222E-01 2.314100037E+02 1.578599976E+03 2.973999939E+02 9.530300140E+01 1.058199978E+01 6.840799713E+01 3.337100148E-01 5.568799973E-01 1.037399983E-03
 2.050000039E-04 6.900000153E-05 8.995599747E-01 3.725800049E+03 1.269000000E+04 2.972300110E+02 9.543399811E+01 1.122599983E+01 5.568600082E+01 3.345000148E-01 5.567799807E-01 1.036899979E-03
 0.000000000E+00 8.150000212E-05 1.600700021E+00 2.439700000E+04 -4.335600000E+04 3.000000000E+02 9.151399994E+01 7.980599880E+00 1.612200012E+02 3.190200031E-01 1.000300050E+00 5.807200214E-04
 2.049999921E-06 8.173999959E-05 1.596899986E+00 5.747200195E+03 -1.416200000E+04 2.995799866E+02 9.261699677E+01 8.258999825E+00 4.442100143E+01 3.227800131E-01 9.963700175E-01 5.831199815E-04
 4.099999842E-06 8.197999705E-05 1.591300011E+00 6.338500000E+03 1.605000000E+04 2.988800049E+02 9.447499847E+01 8.689200401E+00 -5.200799942E+01 3.293400109E-01 9.904000163E-01 5.861900281E-04
 6.149999990E-06 8.222000179E-05 1.587700009E+00 7.497200195E+03 1.151600000E+04 2.985100098E+02 9.600499725E+01 9.171899796E+00 -2.218199921E+01 3.350000083E-01 9.869599938E-01 5.874999915E-04
 8.199999684E-06 8.245999925E-05 1.584200025E+00 -7.048100098E+03 -2.746199951E+03 2.982900085E+02 9.768099976E+01 9.735699654E+00 -9.709699631E+00 3.411099911E-01 9.840199947E-01 5.888200249E-04
 1.024999983E-05 8.269999671E-05 1.579699993E+00 -5.232299805E+03 3.283300049E+03 2.981199951E+02 9.955300140E+01 1.008600044E+01 -1.035700035E+01 3.477999866E-01 9.806799889E-01 5.905000144E-04
 1.229999998E-05 8.294000145E-05 1.574200034E+00 -3.029899902E+03 7.522200195E+03 2.980199890E+02 1.013700027E+02 1.035299969E+01 -1.520400047E+01 3.542599976E-01 9.769200087E-01 5.925699952E-04
 1.435000013E-05 8.317999891E-05 1.569499969E+00 2.551699951E+03 4.971799805E+03 2.977000122E+02 1.032300034E+02 1.071599960E+01 -1.278699970E+01 3.610000014E-01 9.730100036E-01 5.943200085E-04
 1.639999937E-05 8.341999637E-05 1.564599991E+00 -6.918100098E+03 1.016000000E+04 2.972999878E+02 1.054700012E+02 1.103999996E+01 -1.259399986E+01 3.691299856E-01 9.686599970E-01 5.961799761E-04
 1.845000043E-05 8.366000111E-05 1.559299946E+00 -1.492300000E+04 1.116400000E+04 2.969800110E+02 1.079899979E+02 1.133199978E+01 -1.477299976E+01 3.781599998E-01 9.643499851E-01 5.982100265E-04
 2.049999966E-05 8.389999857E-05 1.553599954E+00 9.723499756E+02 -1.192900024E+03 2.966099854E+02 1.108300018E+02 1.186499977E+01 1.975200081E+01 3.884299994E-01 9.595699906E-01 6.004300085E-04
 2.255000072E-05 8.414000331E-05 1.546599984E+00 1.197300000E+04 -1.389600000E+04 2.961099854E+02 1.140199966E+02 1.236999989E+01 3.716699982E+01 4.000099897E-01 9.536600113E-01 6.031300290E-04
 2.459999996E-05 8.438000077E-05 1.538900018E+00 -6.796699829E+02 -1.308100000E+04 2.955599976E+02 1.175299988E+02 1.287300014E+01 2.098800087E+01 4.127500057E-01 9.471600056E-01 6.061400054E-04
 2.664999920E-05 8.461999823E-05 1.531100035E+00 -7.184600098E+03 -2.415899902E+03 2.948800049E+02 1.213499985E+02 1.331499958E+01 4.581000137E+01 4.266499877E-01 9.401999712E-01 6.092200056E-04
 2.870000026E-05 8.486000297E-05 1.522699952E+00 4.692300110E+02 1.220300000E+04 2.941799927E+02 1.255400009E+02 1.356599998E+01 4.607799911E+01 4.418500066E-01 9.328200221E-01 6.125899963E-04
 3.075000132E-05 8.510000043E-05 1.512199998E+00 5.807899902E+03 -1.026900024E+03 2.934599915E+02 1.302599945E+02 1.409200001E+01 2.905100060E+01 4.590300024E-01 9.240999818E-01 6.168700056E-04
 3.279999873E-05 8.533999790E-05 1.498600006E+00 9.053400391E+03 -1.983200000E+04 2.926099854E+02 1.354600067E+02 1.474600029E+01 1.131499958E+01 4.780499935E-01 9.131199718E-01 6.224800018E-04
 3.484999979E-05 8.558000263E-05 1.483100057E+00 6.367399902E+03 -1.637300000E+04 2.916799927E+02 1.412299957E+02 1.532600021E+01 7.731599808E+00 4.991900027E-01 9.008399844E-01 6.289699813E-04
 3.690000085E-05 8.582000009E-05 1.466099977E+00 6.328600098E+03 -3.235600098E+03 2.906400146E+02 1.477200012E+02 1.584099960E+01 2.334399986E+01 5.230100155E-01 8.873199821E-01 6.362900021E-04
 3.894999827E-05 8.605999756E-05 1.447199941E+00 1.590800000E+04 3.208500000E+03 2.894500122E+02 1.550899963E+02 1.640900040E+01 3.348600006E+01 5.501599908E-01 8.723099828E-01 6.445799954E-04
 4.099999933E-05 8.630000229E-05 1.424800038E+00 1.495900000E+04 -4.326100098E+03 2.878500061E+02 1.635000000E+02 1.712299919E+01 4.196900177E+01 5.815299749E-01 8.540700078E-01 6.547499797E-04
 4.305000039E-05 8.653999976E-05 1.396100044E+00 2.133100000E+04 -6.984500000E+03 2.857600098E+02 1.731000061E+02 1.763999939E+01 4.575600052E+01 6.177600026E-01 8.308299780E-01 6.682199892E-04
 4.510000144E-05 8.677999722E-05 1.361999989E+00 4.525700000E+04 -9.012900391E+03 2.832999878E+02 1.843099976E+02 1.764800072E+01 4.418000031E+01 6.602500081E-01 8.035699725E-01 6.849900237E-04
 4.714999886E-05 8.702000196E-05 1.321099997E+00 5.456000000E+04 -1.908000000E+04 2.803399963E+02 1.973999939E+02 1.710799980E+01 2.993300056E+01 7.103000283E-01 7.713199854E-01 7.062699879E-04
 4.919999992E-05 8.725999942E-05 1.270799994E+00 5.842900000E+04 -3.939500000E+03 2.767099915E+02 2.125599976E+02 1.565299988E+01 -2.373699951E+01 7.690799832E-01 7.323700190E-01 7.343899924E-04
 5.125000098E-05 8.749999688E-05 1.208799958E+00 5.981200000E+04 -3.480300049E+03 2.722500000E+02 2.305099945E+02 1.280000019E+01 -1.099400024E+02 8.399500251E-01 6.855000257E-01 7.722600130E-04
 5.329999840E-05 8.728400280E-05 1.135300040E+00 5.978400000E+04 -2.041700000E+04 2.666199951E+02 2.507899933E+02 8.294799805E+00 -1.999900055E+02 9.225900173E-01 6.305900216E-01 8.226400241E-04
 5.534999946E-05 8.706800145E-05 1.053200006E+00 7.273500000E+04 -1.616800000E+04 2.602699890E+02 2.717000122E+02 1.147400022E+00 -2.528999939E+02 1.011199951E+00 5.710700154E-01 8.871799801E-04
 5.740000051E-05 8.685200009E-05 9.679600000E-01 6.406200000E+04 -2.899800000E+04 2.535299988E+02 2.920899963E+02 -8.223500252E+00 -2.762500000E+02 1.101899981E+00 5.113499761E-01 9.655699832E-04
 5.945000157E-05 8.663599874E-05 8.853800297E-01 4.458400000E+04 -3.864200000E+04 2.462599945E+02 3.112900085E+02 -1.864299965E+01 -2.557700043E+02 1.193199992E+00 4.543400109E-01 1.055800007E-03
 6.150000263E-05 8.641999739E-05 8.080199957E-01 3.353100000E+04 -3.097500000E+04 2.390299988E+02 3.290100098E+02 -2.934799957E+01 -2.021999969E+02 1.282699943E+00 4.024800062E-01 1.156999962E-03
 6.354999641E-05 8.620400331E-05 7.368299961E-01 7.465000000E+03 -2.713800000E+04 2.322500000E+02 3.450899963E+02 -3.930300140E+01 -1.556699982E+02 1.368199944E+00 3.565999866E-01 1.268699998E-03
 6.559999747E-05 8.598800196E-05 6.739100218E-01 -2.321100000E+04 -1.552600000E+04 2.257500000E+02 3.592900085E+02 -4.813299942E+01 -1.006200027E+02 1.448400021E+00 3.170000017E-01 1.386899967E-03
 6.764999853E-05 8.577200060E-05 6.189399958E-01 -4.291600000E+04 -8.947299805E+03 2.197700043E+02 3.718099976E+02 -5.572000122E+01 -5.416299820E+01 1.522400022E+00 2.834100127E-01 1.509799971E-03
 6.969999959E-05 8.555599925E-05 5.699899793E-01 -5.587000000E+04 -6.734500000E+03 2.143500061E+02 3.831099854E+02 -6.174000168E+01 -1.980100036E+00 1.590999961E+00 2.545599937E-01 1.639300026E-03
 7.175000064E-05 8.533999790E-05 5.278999805E-01 -6.388800000E+04 -1.528300049E+03 2.092799988E+02 3.930599976E+02 -6.588099670E+01 2.711700058E+01 1.653599977E+00 2.301599979E-01 1.769399969E-03
 7.380000170E-05 8.512399654E-05 4.922499955E-01 -7.496900000E+04 1.469500000E+03 2.047400055E+02 4.019599915E+02 -6.860700226E+01 5.306700134E+01 1.710500002E+00 2.099500000E-01 1.897200011E-03
 7.585000276E-05 8.490800246E-05 4.613699913E-01 -8.679300000E+04 1.052900000E+04 2.006799927E+02 4.099400024E+02 -7.010099792E+01 8.588099670E+01 1.762099981E+00 1.928600073E-01 2.023800043E-03
 7.789999654E-05 8.469200111E-05 4.343200028E-01 -8.965700000E+04 2.040500000E+04 1.969600067E+02 4.169899902E+02 -7.069100189E+01 1.038399963E+02 1.808799982E+00 1.781899929E-01 2.149600070E-03
 7.994999760E-05 8.447599976E-05 4.107699990E-01 -9.600700000E+04 3.019000000E+04 1.938399963E+02 4.231900024E+02 -7.054000092E+01 1.160199966E+02 1.849499941E+00 1.658399999E-01 2.272400074E-03
 8.199999866E-05 8.425999840E-05 3.907800019E-01 -1.101600000E+05 3.515800000E+04 1.910500031E+02 4.286400146E+02 -6.931600189E+01 1.312899933E+02 1.885400057E+00 1.554899961E-01 2.388400026E-03
 8.404999971E-05 8.404399705E-05 3.732999861E-01 -1.175700000E+05 3.141700000E+04 1.884900055E+02 4.339500122E+02 -6.703199768E+01 1.547500000E+02 1.919499993E+00 1.465499997E-01 2.499999944E-03
 8.610000077E-05 8.382800297E-05 3.586699963E-01 -1.319600000E+05 3.487300000E+04 1.864100037E+02 4.384400024E+02 -6.448699951E+01 1.651499939E+02 1.948099971E+00 1.392399967E-01 2.601600019E-03
 8.815000183E-05 8.361200162E-05 3.462600112E-01 -1.579700000E+05 4.149400000E+04 1.846499939E+02 4.420899963E+02 -6.186399841E+01 1.485000000E+02 1.971600056E+00 1.331599951E-01 2.694699913E-03
 9.020000289E-05 8.339600026E-05 3.350299895E-01 -1.835600000E+05 4.382700000E+04 1.830899963E+02 4.454299927E+02 -5.876499939E+01 1.568200073E+02 1.992799997E+00 1.277499944E-01 2.785000019E-03
 9.224999667E-05 8.317999891E-05 3.246299922E-01 -2.050400000E+05 4.512800000E+04 1.816699982E+02 4.486700134E+02 -5.563899994E+01 1.782799988E+02 2.013099909E+00 1.228199974E-01 2.874299884E-03
 9.429999773E-05 8.296399756E-05 3.150900006E-01 -2.226200000E+05 4.477600000E+04 1.803500061E+02 4.514200134E+02 -5.284299850E+01 1.779100037E+02 2.031199932E+00 1.183400005E-01 2.961100079E-03
 9.634999878E-05 8.274800348E-05 3.067100048E-01 -2.422100000E+05 3.990300000E+04 1.792100067E+02 4.536199951E+02 -5.021200180E+01 1.659499969E+02 2.046099901E+00 1.144599989E-01 3.041899996E-03
 9.839999984E-05 8.253200212E-05 2.989600003E-01 -2.653000000E+05 3.958600000E+04 1.782799988E+02 4.557399902E+02 -4.759099960E+01 1.633399963E+02 2.059600115E+00 1.109900028E-01 3.120800015E-03
 1.004500009E-04 8.231600077E-05 2.932400107E-01 -3.373900000E+05 3.871800000E+04 1.787500000E+02 4.549500122E+02 -4.511500168E+01 1.651399994E+02 2.052299976E+00 1.091499999E-01 3.181299893E-03
 1.025000020E-04 8.209999942E-05 3.003000021E-01 -6.758900000E+05 5.047500000E+04 1.881600037E+02 4.358900146E+02 -4.186800003E+01 2.100200043E+02 1.919100046E+00 1.178300008E-01 3.109199926E-03
 1.045500030E-04 8.188399806E-05 3.660199940E-01 -1.159200000E+06 6.975800000E+04 2.211199951E+02 3.599100037E+02 -3.593799973E+01 3.556000061E+02 1.479799986E+00 1.714300066E-01 2.611400094E-03
 1.065999968E-04 8.166799671E-05 5.357599854E-01 -8.763200000E+05 4.730600000E+04 2.616700134E+02 2.473899994E+02 -2.804899979E+01 3.572699890E+02 9.312099814E-01 2.957400084E-01 1.822300022E-03
 1.086499979E-04 8.145200263E-05 7.203000188E-01 -2.356900000E+05 1.179300000E+04 2.827099915E+02 1.754900055E+02 -2.152899933E+01 1.982400055E+02 6.316999793E-01 4.247800112E-01 1.307999948E-03
 1.106999989E-04 8.123600128E-05 8.089299798E-01 -5.703200000E+04 1.213500000E+03 2.887999878E+02 1.534900055E+02 -1.802300072E+01 7.290000153E+01 5.458099842E-01 4.865199924E-01 1.153700054E-03
 1.127500000E-04 8.101999993E-05 8.300099969E-01 -3.106700000E+04 -2.746199951E+03 2.903599854E+02 1.480200043E+02 -1.607399940E+01 1.067099953E+01 5.244100094E-01 5.018600225E-01 1.123899943E-03
 1.148000010E-04 8.080399857E-05 8.354799747E-01 -2.371500000E+04 -8.749799805E+02 2.909500122E+02 1.451999969E+02 -1.460700035E+01 -1.263199997E+01 5.134400129E-01 5.061900020E-01 1.116500003E-03
 1.168500021E-04 8.058799722E-05 8.397600055E-01 -1.734000000E+04 -2.335600098E+03 2.913099976E+02 1.425700073E+02 -1.370600033E+01 -3.444400024E+01 5.036200285E-01 5.094199777E-01 1.110799960E-03
 1.189000031E-04 8.037200314E-05 8.442599773E-01 -1.422900000E+04 -7.791200195E+03 2.917999878E+02 1.399799957E+02 -1.317399979E+01 -4.570199966E+01 4.939799905E-01 5.130100250E-01 1.104900031E-03
 1.209499969E-04 8.015600179E-05 8.472200036E-01 -2.013700000E+04 -1.378500000E+04 2.924299927E+02 1.376000061E+02 -1.271500015E+01 -6.323899841E+01 4.849599898E-01 5.159199834E-01 1.101000002E-03
 1.230000053E-04 7.994000043E-05 8.509200215E-01 -1.098800000E+04 -1.625900000E+04 2.926700134E+02 1.349700012E+02 -1.252400017E+01 -6.779599762E+01 4.755299985E-01 5.185899734E-01 1.096199965E-03
 1.250500063E-04 7.972399908E-05 8.542000055E-01 -5.065100098E+03 -2.651300049E+03 2.929500122E+02 1.322899933E+02 -1.231299973E+01 -6.002899933E+01 4.658600092E-01 5.210999846E-01 1.092000050E-03
 1.270999928E-04 7.950799773E-05 8.570100069E-01 -1.941500000E+04 -5.398299805E+03 2.935100098E+02 1.299100037E+02 -1.176099968E+01 -6.155799866E+01 4.569599926E-01 5.238000154E-01 1.088400022E-03
 1.291499939E-04 7.929199637E-05 8.611000180E-01 -1.764900000E+04 -1.981200000E+04 2.938900146E+02 1.276900024E+02 -1.137500000E+01 -4.938399887E+01 4.487900138E-01 5.269799829E-01 1.083299983E-03
 1.311999949E-04 7.907600229E-05 8.645300269E-01 -5.538700195E+03 -1.989200000E+04 2.941000061E+02 1.256100006E+02 -1.108600044E+01 -2.868400002E+01 4.413000047E-01 5.294700265E-01 1.078999951E-03
 1.332499960E-04 7.886000094E-05 8.671299815E-01 -5.703000000E+03 -1.692600000E+04 2.943399963E+02 1.235800018E+02 -1.089099979E+01 -5.192900085E+01 4.339900017E-01 5.314800143E-01 1.075700042E-03
 1.352999971E-04 7.864399959E-05 8.699799776E-01 -8.715200195E+03 -1.434300000E+04 2.946000061E+02 1.214899979E+02 -1.062800026E+01 -7.419400024E+01 4.264299870E-01 5.336999893E-01 1.072200015E-03
 1.373499981E-04 7.842799823E-05 8.720200062E-01 -3.730500000E+03 -1.422100000E+04 2.949200134E+02 1.195999985E+02 -1.023900032E+01 -6.621199799E+01 4.194900095E-01 5.355399847E-01 1.069699996E-03
 1.393999992E-04 7.821199688E-05 8.742600083E-01 -4.311100098E+03 -1.121800000E+04 2.953099976E+02 1.178300018E+02 -9.773200035E+00 -5.076300049E+01 4.129399955E-01 5.376300216E-01 1.066999976E-03
 1.414500002E-04 7.799600280E-05 8.768900037E-01 -4.577799805E+03 -1.879199951E+03 2.956000061E+02 1.160400009E+02 -9.554100037E+00 -5.590800095E+01 4.064399898E-01 5.397800207E-01 1.063799951E-03
 1.435000013E-04 7.778000145E-05 8.781499863E-01 -7.593200195E+03 -2.561300049E+03 2.958999939E+02 1.144700012E+02 -9.390000343E+00 -5.811999893E+01 4.007200003E-01 5.410900116E-01 1.062200055E-03
 1.455500023E-04 7.756400009E-05 8.795400262E-01 -1.010000000E+04 -6.200200195E+03 2.959400024E+02 1.129199982E+02 -9.059499741E+00 -4.328799820E+01 3.951900005E-01 5.420200229E-01 1.060600043E-03
 1.476000034E-04 7.734799874E-05 8.816000223E-01 4.917099915E+02 -4.385799805E+03 2.960499878E+02 1.112399979E+02 -8.619000435E+00 -4.149000168E+01 3.891600072E-01 5.434899926E-01 1.058100024E-03
 1.496500045E-04 7.713199739E-05 8.833600283E-01 3.563600098E+03 -9.111400391E+03 2.964200134E+02 1.096299973E+02 -8.119700432E+00 -3.013100052E+01 3.831900060E-01 5.452700257E-01 1.056000008E-03
 1.517000055E-04 7.691600331E-05 8.838400245E-01 -6.196700195E+03 -1.188300000E+04 2.967799988E+02 1.083399963E+02 -7.864999771E+00 -2.145599937E+01 3.784100115E-01 5.462300181E-01 1.055400004E-03
 1.537500066E-04 7.670000196E-05 8.851799965E-01 -1.079200000E+04 -8.960500000E+03 2.968399963E+02 1.071999969E+02 -7.606999874E+00 -1.608099937E+01 3.743500113E-01 5.471600294E-01 1.053799991E-03
 1.557999931E-04 7.648400060E-05 8.874400258E-01 -6.247200195E+03 -5.186399902E+03 2.968399963E+02 1.060999985E+02 -7.294499874E+00 -2.932999992E+01 3.704600036E-01 5.485600233E-01 1.051099971E-03
 1.578499941E-04 7.626799925E-05 8.891100287E-01 -7.498100098E+03 -7.802399902E+03 2.970499878E+02 1.049700012E+02 -6.719099998E+00 -4.100500107E+01 3.662500083E-01 5.499799848E-01 1.049099956E-03
 1.598999952E-04 7.605199789E-05 8.907999992E-01 -7.249200195E+03 -1.157100000E+04 2.970400085E+02 1.038000031E+02 -6.171999931E+00 -1.682099915E+01 3.621000051E-01 5.510100126E-01 1.047100057E-03
 1.619499963E-04 7.583599654E-05 8.922500014E-01 4.744100098E+03 -3.178399902E+03 2.969700012E+02 1.026699982E+02 -5.845300198E+00 -3.232699966E+01 3.581399918E-01 5.517799854E-01 1.045400044E-03
 1.639999973E-04 7.562000246E-05 8.938999772E-01 8.724799805E+03 1.847000000E+03 2.970199890E+02 1.015800018E+02 -5.386700153E+00 -3.522800064E+01 3.542299867E-01 5.528900027E-01 1.043500029E-03
 1.660499984E-04 7.540400111E-05 8.939300179E-01 -4.885399902E+03 -1.828400024E+03 2.973599854E+02 1.008300018E+02 -4.698200226E+00 -1.488000011E+01 3.513199985E-01 5.535399914E-01 1.043500029E-03
 1.680999994E-04 7.518799976E-05 8.941900134E-01 -3.240899902E+03 -3.109199951E+03 2.976099854E+02 1.000199966E+02 -4.046100140E+00 -1.957699966E+01 3.482300043E-01 5.541599989E-01 1.043200027E-03
 1.701500005E-04 7.497199840E-05 8.957099915E-01 4.792799805E+03 -4.849200134E+02 2.976499939E+02 9.914499664E+01 -3.615900040E+00 -1.941600037E+01 3.451099992E-01 5.551699996E-01 1.041400013E-03
 1.722000015E-04 7.475599705E-05 8.959699869E-01 -9.934200195E+03 3.006699951E+03 2.977999878E+02 9.866699982E+01 -3.185600042E+00 -8.648699760E+00 3.433099985E-01 5.556200147E-01 1.041100011E-03
 1.742500026E-04 7.454000297E-05 8.966199756E-01 -7.673899902E+03 5.795200195E+03 2.976799927E+02 9.820200348E+01 -2.751800060E+00 -1.464400005E+01 3.417200148E-01 5.558000207E-01 1.040400006E-03
 1.763000037E-04 7.432400162E-05 8.982099891E-01 3.226199951E+03 4.820600098E+03 2.974800110E+02 9.750900269E+01 -1.940199971E+00 -7.033800125E+00 3.393700123E-01 5.564100146E-01 1.038499991E-03
 1.783500047E-04 7.410800026E-05 8.994100094E-01 5.472399902E+02 4.163999939E+02 2.973699951E+02 9.688300323E+01 -1.271499991E+00 1.011100006E+01 3.372099996E-01 5.569499731E-01 1.037099981E-03
 1.804000058E-04 7.389199891E-05 8.996800184E-01 2.278899902E+03 -1.525699951E+03 2.974200134E+02 9.649800110E+01 -9.172499776E-01 4.129899979E+00 3.358300030E-01 5.572199821E-01 1.036799978E-03
 1.824500068E-04 7.367599756E-05 8.998399973E-01 -1.307500000E+03 -3.728199951E+03 2.975700073E+02 9.610399628E+01 -2.824999988E-01 1.472000027E+01 3.343600035E-01 5.575900078E-01 1.036599977E-03
 1.844999933E-04 7.346000348E-05 8.996899724E-01 -4.267100098E+03 -8.035899902E+03 2.976799927E+02 9.573899841E+01 5.008900166E-01 2.756699944E+01 3.330299854E-01 5.576999784E-01 1.036799978E-03
 1.865499944E-04 7.324400212E-05 9.000700116E-01 4.585299805E+03 -8.475700195E+03 2.976600037E+02 9.537500000E+01 1.477599978E+00 3.046400070E+01 3.318099976E-01 5.579100251E-01 1.036399975E-03
 1.885999955E-04 7.302800077E-05 9.003099799E-01 6.955600098E+03 -6.624399902E+03 2.976300049E+02 9.510199738E+01 2.585000038E+00 3.199600029E+01 3.309600055E-01 5.580000281E-01 1.036099973E-03
 1.906499965E-04 7.281199942E-05 8.998699784E-01 3.914100098E+03 -8.177700195E+02 2.976700134E+02 9.504100037E+01 3.339299917E+00 1.711300087E+01 3.307999969E-01 5.578100085E-01 1.036599977E-03
 1.926999976E-04 7.259599806E-05 8.994699717E-01 2.476500000E+03 5.373200195E+03 2.976499939E+02 9.516200256E+01 4.144599915E+00 9.070999920E-02 3.313399851E-01 5.575100183E-01 1.037099981E-03
 1.947499986E-04 7.237999671E-05 8.986999989E-01 1.263300018E+02 8.675199890E+01 2.976099854E+02 9.543399811E+01 5.364600182E+00 1.624399948E+01 3.325299919E-01 5.569599867E-01 1.037899987E-03
 1.967999997E-04 7.216400263E-05 8.984100223E-01 -5.083299805E+03 -1.326900024E+03 2.976700134E+02 9.564099884E+01 6.608399868E+00 2.337700081E+01 3.334800005E-01 5.569000244E-01 1.038299990E-03
 1.988500007E-04 7.194800128E-05 8.986499906E-01 1.762400024E+03 7.970200195E+02 2.976199951E+02 9.590000153E+01 7.706699848E+00 1.371599960E+01 3.346900046E-01 5.569499731E-01 1.037999988E-03
 2.009000018E-04 7.173199992E-05 8.980799913E-01 9.398700195E+03 -7.490700195E+03 2.975199890E+02 9.631199646E+01 8.877499580E+00 3.375699997E+01 3.365300000E-01 5.564100146E-01 1.038699993E-03
 2.029500029E-04 7.151599857E-05 8.968600035E-01 3.701800049E+03 -3.376000000E+03 2.975000000E+02 9.686799622E+01 9.983499527E+00 3.422299957E+01 3.388299942E-01 5.556200147E-01 1.040100004E-03
 2.050000039E-04 7.129999722E-05 8.964300156E-01 1.113900024E+03 6.207399902E+03 2.974200134E+02 9.717299652E+01 1.042000008E+01 1.436400032E+01 3.400999904E-01 5.551900268E-01 1.040600007E-03
 0.000000000E+00 8.266700024E-05 1.600700021E+00 1.376800000E+04 -4.166500000E+04 3.000000000E+02 9.063099670E+01 7.215600014E+00 1.584900055E+02 3.151600063E-01 9.994800091E-01 5.811100127E-04
 2.049999921E-06 8.287999663E-05 1.596899986E+00 -1.034099976E+03 -1.211300000E+04 2.995100098E+02 9.158799744E+01 7.441599846E+00 7.170200348E+01 3.187200129E-01 9.957100153E-01 5.833199830E-04
 4.099999842E-06 8.309300028E-05 1.591599941E+00 -2.480600098E+03 8.802900391E+03 2.988099976E+02 9.325499725E+01 7.863500118E+00 -3.989699936E+01 3.249199986E-01 9.903799891E-01 5.860599922E-04
 6.149999990E-06 8.330700075E-05 1.588199973E+00 4.443500000E+03 3.218500000E+03 2.984700012E+02 9.470600128E+01 8.334899902E+00 -4.763000107E+01 3.302699924E-01 9.870799780E-01 5.873499904E-04
 8.199999684E-06 8.351999713E-05 1.583699942E+00 -3.019699951E+03 4.528500000E+03 2.982699890E+02 9.642199707E+01 8.757399559E+00 -2.351700020E+01 3.364399970E-01 9.836400151E-01 5.890100147E-04
 1.024999983E-05 8.373300079E-05 1.578899980E+00 1.006700012E+03 7.200600098E+03 2.981499939E+02 9.845800018E+01 9.111100197E+00 -1.598200035E+01 3.436700106E-01 9.802899957E-01 5.907900049E-04
 1.229999998E-05 8.394700126E-05 1.573899984E+00 -1.475400024E+03 3.565600098E+03 2.980199890E+02 1.005199966E+02 9.528800011E+00 -3.041900063E+01 3.510099947E-01 9.767100215E-01 5.926900194E-04
 1.435000013E-05 8.415999764E-05 1.569499969E+00 -2.307500000E+03 -9.342399902E+02 2.977300110E+02 1.025100021E+02 9.821999550E+00 -4.627399826E+01 3.581700027E-01 9.730799794E-01 5.943200085E-04
 1.639999937E-05 8.437300130E-05 1.564599991E+00 4.295499878E+02 6.303899902E+03 2.973399963E+02 1.046999969E+02 1.000100040E+01 -2.235300064E+01 3.660799861E-01 9.687299728E-01 5.962100113E-04
 1.845000043E-05 8.458700177E-05 1.559200048E+00 -2.010300049E+03 1.573400000E+04 2.969800110E+02 1.073300018E+02 1.020499992E+01 -8.455400467E+00 3.754599988E-01 9.642400146E-01 5.982699804E-04
 2.049999966E-05 8.479999815E-05 1.553599954E+00 -2.324300049E+03 7.773200195E+03 2.965899963E+02 1.104199982E+02 1.065799999E+01 -1.068200022E-01 3.865799904E-01 9.595400095E-01 6.003999733E-04
 2.255000072E-05 8.501300181E-05 1.546200037E+00 -1.098900000E+04 -1.164500000E+03 2.961199951E+02 1.137900009E+02 1.112600040E+01 1.812500000E+01 3.987300098E-01 9.534199834E-01 6.032999954E-04
 2.459999996E-05 8.522700227E-05 1.538599968E+00 -1.553700000E+04 -2.334400024E+02 2.955000000E+02 1.172600021E+02 1.158600044E+01 9.152099609E+00 4.113900065E-01 9.467800260E-01 6.062599714E-04
 2.664999920E-05 8.543999866E-05 1.531100035E+00 1.093500000E+03 1.352000000E+04 2.947900085E+02 1.210199966E+02 1.197500038E+01 2.470499992E+01 4.250899851E-01 9.398999810E-01 6.092400290E-04
 2.870000026E-05 8.565300232E-05 1.521600008E+00 1.370500000E+04 2.149300000E+04 2.941499939E+02 1.253700027E+02 1.208899975E+01 5.570100021E+01 4.407500029E-01 9.320300221E-01 6.130399997E-04
 3.075000132E-05 8.586700278E-05 1.510400057E+00 1.000500000E+04 -5.550799805E+03 2.933999939E+02 1.301399994E+02 1.261800003E+01 3.514099884E+01 4.581100047E-01 9.228399992E-01 6.175899762E-04
 3.279999873E-05 8.607999916E-05 1.497599959E+00 1.079300000E+04 -1.892300000E+04 2.926300049E+02 1.353899994E+02 1.324100018E+01 -5.171399713E-01 4.772700071E-01 9.125900269E-01 6.228800048E-04
 3.484999979E-05 8.629300282E-05 1.482599974E+00 7.346799805E+03 -1.358000000E+04 2.917600098E+02 1.412100067E+02 1.369699955E+01 -8.075400352E+00 4.984900057E-01 9.007800221E-01 6.291699829E-04
 3.690000085E-05 8.650700329E-05 1.465800047E+00 2.069700000E+04 -3.002699951E+03 2.905899963E+02 1.478200073E+02 1.410999966E+01 -5.756499767E+00 5.227900147E-01 8.869699836E-01 6.364199799E-04
 3.894999827E-05 8.671999967E-05 1.446699977E+00 3.812100000E+04 4.388899902E+03 2.892699890E+02 1.552500000E+02 1.466300011E+01 2.405599976E+01 5.502600074E-01 8.714600205E-01 6.448199856E-04
 4.099999933E-05 8.693300333E-05 1.423699975E+00 2.317200000E+04 -2.966800049E+03 2.878099976E+02 1.635399933E+02 1.529399967E+01 5.103799820E+01 5.810899734E-01 8.533099890E-01 6.552399718E-04
 4.305000039E-05 8.714699652E-05 1.395799994E+00 1.540700000E+04 -5.640899902E+03 2.857900085E+02 1.732200012E+02 1.570499992E+01 2.362100029E+01 6.175199747E-01 8.307200074E-01 6.683599786E-04
 4.510000144E-05 8.736000018E-05 1.362400055E+00 2.682800000E+04 -7.496200195E+03 2.832300110E+02 1.844299927E+02 1.567500019E+01 2.252099991E+00 6.601300240E-01 8.035699725E-01 6.848099874E-04
 4.714999886E-05 8.757299656E-05 1.321300030E+00 3.950000000E+04 -1.457900000E+04 2.802900085E+02 1.974299927E+02 1.517700005E+01 3.199799919E+01 7.098900080E-01 7.713099718E-01 7.061699871E-04
 4.919999992E-05 8.778699703E-05 1.271600008E+00 5.716600000E+04 -9.769500122E+02 2.766199951E+02 2.122599945E+02 1.385099983E+01 -2.806699991E+00 7.676799893E-01 7.325900197E-01 7.339100121E-04
 5.125000098E-05 8.800000069E-05 1.211799979E+00 6.732500000E+04 6.561700195E+03 2.722399902E+02 2.295200043E+02 1.126799965E+01 -6.618599701E+01 8.360499740E-01 6.871100068E-01 7.703499869E-04
 5.329999840E-05 8.780800272E-05 1.140699983E+00 6.469000000E+04 -7.768100098E+03 2.668900146E+02 2.490899963E+02 7.425899982E+00 -1.549199982E+02 9.157500267E-01 6.341900229E-01 8.187000058E-04
 5.534999946E-05 8.761599747E-05 1.060600042E+00 6.283500000E+04 -1.492200000E+04 2.607399902E+02 2.694700012E+02 1.437899947E+00 -2.471100006E+02 1.001899958E+00 5.761500001E-01 8.808400016E-04
 5.740000051E-05 8.742399950E-05 9.770900011E-01 5.164600000E+04 -2.364700000E+04 2.542100067E+02 2.897200012E+02 -6.645800114E+00 -2.682300110E+02 1.091199994E+00 5.175399780E-01 9.564600186E-04
 5.945000157E-05 8.723200153E-05 8.960700035E-01 4.357900000E+04 -3.234500000E+04 2.471900024E+02 3.089200134E+02 -1.587100029E+01 -2.377299957E+02 1.181200027E+00 4.615400136E-01 1.043000026E-03
 6.150000263E-05 8.704000356E-05 8.195099831E-01 3.577300000E+04 -3.162200000E+04 2.401100006E+02 3.265799866E+02 -2.524600029E+01 -1.792500000E+02 1.269099951E+00 4.100300074E-01 1.140699955E-03
 6.354999641E-05 8.684799832E-05 7.489100099E-01 1.290300000E+04 -2.507200000E+04 2.334600067E+02 3.426600037E+02 -3.401300049E+01 -1.457700043E+02 1.352900028E+00 3.643200099E-01 1.248099958E-03
 6.559999747E-05 8.665600035E-05 6.853600144E-01 -1.261900000E+04 -1.974200000E+04 2.269900055E+02 3.573399963E+02 -4.193399811E+01 -1.039899979E+02 1.433599949E+00 3.241699934E-01 1.363800024E-03
 6.764999853E-05 8.646400238E-05 6.285200119E-01 -3.508100000E+04 -1.292900000E+04 2.208899994E+02 3.705299988E+02 -4.894200134E+01 -6.588999939E+01 1.509500027E+00 2.892700136E-01 1.486800029E-03
 6.969999959E-05 8.627199713E-05 5.785700083E-01 -4.998200000E+04 -6.982600098E+03 2.152599945E+02 3.821900024E+02 -5.444300079E+01 -1.632200050E+01 1.579499960E+00 2.594900131E-01 1.614999957E-03
 7.175000064E-05 8.607999916E-05 5.353999734E-01 -6.175000000E+04 -2.308500000E+03 2.099600067E+02 3.925799866E+02 -5.846200180E+01 2.833799934E+01 1.644199967E+00 2.341900021E-01 1.744700014E-03
 7.380000170E-05 8.588800119E-05 4.980100095E-01 -7.258600000E+04 3.946500000E+03 2.052100067E+02 4.019700012E+02 -6.128799820E+01 5.400600052E+01 1.703699946E+00 2.128999978E-01 1.875499962E-03
 7.585000276E-05 8.569600323E-05 4.655500054E-01 -8.557800000E+04 8.954099609E+03 2.010000000E+02 4.103999939E+02 -6.283499908E+01 8.255300140E+01 1.757699966E+00 1.949200034E-01 2.005700022E-03
 7.789999654E-05 8.550399798E-05 4.376499951E-01 -9.385800000E+04 1.478800000E+04 1.971399994E+02 4.178500061E+02 -6.362900162E+01 9.513600159E+01 1.806800008E+00 1.797199994E-01 2.133300062E-03
 7.994999760E-05 8.531200001E-05 4.129799902E-01 -1.010700000E+05 2.317100000E+04 1.937400055E+02 4.246300049E+02 -6.368099976E+01 1.017600021E+02 1.851500034E+00 1.666499972E-01 2.260500100E-03
 8.199999866E-05 8.512000204E-05 3.914799988E-01 -1.138600000E+05 2.507100000E+04 1.907500000E+02 4.306099854E+02 -6.288100052E+01 1.132399979E+02 1.891100049E+00 1.555300057E-01 2.384300111E-03
 8.404999971E-05 8.492799680E-05 3.730700016E-01 -1.164900000E+05 2.444900000E+04 1.880099945E+02 4.358800049E+02 -6.114199829E+01 1.292400055E+02 1.926599979E+00 1.460800022E-01 2.501599956E-03
 8.610000077E-05 8.473599883E-05 3.576300144E-01 -1.319000000E+05 3.384100000E+04 1.856499939E+02 4.403800049E+02 -5.900000000E+01 1.498300018E+02 1.957100034E+00 1.382800043E-01 2.609299961E-03
 8.815000183E-05 8.454400086E-05 3.440999985E-01 -1.590200000E+05 3.989600000E+04 1.838200073E+02 4.441700134E+02 -5.659299850E+01 1.536399994E+02 1.981999993E+00 1.317300051E-01 2.711799927E-03
 9.020000289E-05 8.435200289E-05 3.319999874E-01 -1.836200000E+05 3.931100000E+04 1.824100037E+02 4.474400024E+02 -5.364199829E+01 1.490299988E+02 2.002500057E+00 1.261200011E-01 2.810500097E-03
 9.224999667E-05 8.415999764E-05 3.213500082E-01 -2.044400000E+05 3.901900000E+04 1.810899963E+02 4.505199890E+02 -5.061199951E+01 1.568600006E+02 2.021899939E+00 1.211899966E-01 2.903500106E-03
 9.429999773E-05 8.396799967E-05 3.118200004E-01 -2.189100000E+05 3.869800000E+04 1.798200073E+02 4.532500000E+02 -4.796799850E+01 1.664799957E+02 2.039799929E+00 1.167699993E-01 2.992199967E-03
 9.634999878E-05 8.377600170E-05 3.032000065E-01 -2.398700000E+05 3.488100000E+04 1.786199951E+02 4.555899963E+02 -4.552399826E+01 1.506300049E+02 2.055999994E+00 1.127799973E-01 3.077199915E-03
 9.839999984E-05 8.358399646E-05 2.955799997E-01 -2.664900000E+05 3.565100000E+04 1.776900024E+02 4.575400085E+02 -4.292499924E+01 1.395700073E+02 2.069000006E+00 1.093700007E-01 3.156400053E-03
 1.004500009E-04 8.339199849E-05 2.900699973E-01 -3.420800000E+05 3.728600000E+04 1.780899963E+02 4.567500000E+02 -4.034099960E+01 1.409600067E+02 2.062099934E+00 1.075700000E-01 3.216000041E-03
 1.025000020E-04 8.320000052E-05 2.967599928E-01 -6.744600000E+05 4.446400000E+04 1.872599945E+02 4.382500000E+02 -3.746099854E+01 1.750800018E+02 1.932199955E+00 1.158699989E-01 3.146100091E-03
 1.045500030E-04 8.300800255E-05 3.604100049E-01 -1.165600000E+06 5.790800000E+04 2.201100006E+02 3.628999939E+02 -3.277799988E+01 2.884700012E+02 1.494099975E+00 1.679899991E-01 2.649900038E-03
 1.065999968E-04 8.281599730E-05 5.275400281E-01 -9.009100000E+05 3.962300000E+04 2.609700012E+02 2.495800018E+02 -2.632299995E+01 3.029800110E+02 9.402300119E-01 2.905200124E-01 1.852000016E-03
 1.086499979E-04 8.262399933E-05 7.128099799E-01 -2.478000000E+05 1.450600000E+04 2.824599915E+02 1.756600037E+02 -2.058099937E+01 1.748800049E+02 6.322199702E-01 4.200400114E-01 1.322599943E-03
 1.106999989E-04 8.243200136E-05 8.041999936E-01 -5.485200000E+04 3.924600098E+03 2.888299866E+02 1.522700043E+02 -1.696999931E+01 5.745800018E+01 5.410799980E-01 4.837499857E-01 1.160499989E-03
 1.127500000E-04 8.224000339E-05 8.266599774E-01 -2.565800000E+04 -4.688899902E+03 2.907300110E+02 1.461600037E+02 -1.473799992E+01 -1.162400007E+00 5.170800090E-01 5.004699826E-01 1.128399977E-03
 1.148000010E-04 8.204799815E-05 8.326900005E-01 -1.896700000E+04 -8.618500000E+03 2.912900085E+02 1.430299988E+02 -1.315400028E+01 -2.101899910E+01 5.050699711E-01 5.050899982E-01 1.120200031E-03
 1.168500021E-04 8.185600018E-05 8.371800184E-01 -1.586300000E+04 -9.364299805E+03 2.916400146E+02 1.402100067E+02 -1.230300045E+01 -4.188700104E+01 4.946500063E-01 5.084199905E-01 1.114199986E-03
 1.189000031E-04 8.166400221E-05 8.419600129E-01 -1.278800000E+04 -1.056000000E+04 2.922699890E+02 1.375299988E+02 -1.174899960E+01 -4.489699936E+01 4.845699966E-01 5.124400258E-01 1.107900054E-03
 1.209499969E-04 8.147199696E-05 8.456900120E-01 -1.432800000E+04 -1.787200000E+04 2.927799988E+02 1.350200043E+02 -1.118299961E+01 -6.792099762E+01 4.751900136E-01 5.156000257E-01 1.103000017E-03
 1.230000053E-04 8.127999899E-05 8.499799967E-01 -7.198100098E+03 -1.251500000E+04 2.930299988E+02 1.323699951E+02 -1.090499973E+01 -7.144799805E+01 4.656600058E-01 5.186499953E-01 1.097499975E-03
 1.250500063E-04 8.108800102E-05 8.532999754E-01 -1.106900000E+04 -5.553000000E+03 2.934100037E+02 1.298500061E+02 -1.066199970E+01 -5.789899826E+01 4.564999938E-01 5.213500261E-01 1.093199942E-03
 1.270999928E-04 8.089600306E-05 8.557900190E-01 -1.427600000E+04 -1.002600000E+04 2.938900146E+02 1.275000000E+02 -1.027099991E+01 -7.307199860E+01 4.477899969E-01 5.237399936E-01 1.090000034E-03
 1.291499939E-04 8.070399781E-05 8.597800136E-01 -3.705699951E+03 -1.128700000E+04 2.941900024E+02 1.251800003E+02 -1.006799984E+01 -3.626699829E+01 4.394200146E-01 5.267199874E-01 1.084899995E-03
 1.311999949E-04 8.051199984E-05 8.630300164E-01 -6.493699951E+02 -1.603400000E+04 2.944400024E+02 1.231299973E+02 -9.759300232E+00 -1.942000008E+01 4.319899976E-01 5.291600227E-01 1.080899965E-03
 1.332499960E-04 8.032000187E-05 8.658400178E-01 3.439899902E+03 -2.024100000E+04 2.946099854E+02 1.211600037E+02 -9.478699684E+00 -5.577899933E+01 4.249199927E-01 5.311899781E-01 1.077300054E-03
 1.352999971E-04 8.012799663E-05 8.687000275E-01 -3.350399902E+03 -1.151400000E+04 2.948699951E+02 1.191999969E+02 -9.219499588E+00 -5.491500092E+01 4.178499877E-01 5.334100127E-01 1.073800027E-03
 1.373499981E-04 7.993599866E-05 8.704299927E-01 -9.135200195E+03 -7.754799805E+03 2.951700134E+02 1.173099976E+02 -8.814299583E+00 -4.725199890E+01 4.109599888E-01 5.350199938E-01 1.071700011E-03
 1.393999992E-04 7.974400069E-05 8.726699948E-01 -8.611799805E+03 -1.298200000E+04 2.954500122E+02 1.154899979E+02 -8.480500221E+00 -4.923300171E+01 4.043299854E-01 5.368999839E-01 1.068899990E-03
 1.414500002E-04 7.955200272E-05 8.752300143E-01 -7.012899902E+03 -8.631599609E+03 2.958299866E+02 1.138600006E+02 -8.361800194E+00 -5.461399841E+01 3.983600140E-01 5.391700268E-01 1.065799966E-03
 1.435000013E-04 7.935999747E-05 8.769500256E-01 -4.808799805E+03 -2.037000000E+03 2.961099854E+02 1.123499985E+02 -8.111700058E+00 -6.316600037E+01 3.928500116E-01 5.407400131E-01 1.063699950E-03
 1.455500023E-04 7.916799950E-05 8.789499998E-01 -8.611599609E+03 -2.065800049E+03 2.961799927E+02 1.106699982E+02 -7.696100235E+00 -7.050499725E+01 3.868800104E-01 5.420899987E-01 1.061300049E-03
 1.476000034E-04 7.897600153E-05 8.805500269E-01 -3.198300049E+03 -2.801000000E+03 2.963099976E+02 1.090500031E+02 -7.285099983E+00 -6.181600189E+01 3.810600042E-01 5.433200002E-01 1.059300033E-03
 1.496500045E-04 7.878400356E-05 8.821200132E-01 1.689300049E+03 -7.116799805E+03 2.966400146E+02 1.076600037E+02 -6.889699936E+00 -4.522000122E+01 3.759199977E-01 5.449000001E-01 1.057500020E-03
 1.517000055E-04 7.859199832E-05 8.832499981E-01 -7.030100098E+03 -9.987099609E+03 2.969299927E+02 1.064400024E+02 -6.822199821E+00 -4.834400177E+01 3.714700043E-01 5.461300015E-01 1.056100009E-03
 1.537500066E-04 7.840000035E-05 8.847299814E-01 -1.052500000E+04 -1.051500000E+04 2.969800110E+02 1.052099991E+02 -6.709199905E+00 -4.280400085E+01 3.671399951E-01 5.471299887E-01 1.054299995E-03
 1.557999931E-04 7.820800238E-05 8.866699934E-01 -1.004900000E+04 -8.775200195E+03 2.970000000E+02 1.040000000E+02 -6.289199829E+00 -4.150600052E+01 3.628399968E-01 5.483700037E-01 1.051999978E-03
 1.578499941E-04 7.801599713E-05 8.880599737E-01 -1.149100000E+04 -3.256100098E+03 2.970499878E+02 1.028799973E+02 -5.685299873E+00 -4.118199921E+01 3.587999940E-01 5.493299961E-01 1.050399966E-03
 1.598999952E-04 7.782399916E-05 8.895499706E-01 -8.789900391E+03 -5.373299805E+03 2.971000061E+02 1.018899994E+02 -5.272099972E+00 -2.518300056E+01 3.552500010E-01 5.503399968E-01 1.048599952E-03
 1.619499963E-04 7.763200119E-05 8.907899857E-01 1.044500000E+03 -2.030099976E+03 2.971499939E+02 1.010899963E+02 -4.941999912E+00 -2.407299995E+01 3.523800075E-01 5.512099862E-01 1.047200058E-03
 1.639999973E-04 7.744000322E-05 8.921099901E-01 3.177199951E+03 3.242300049E+03 2.972799988E+02 1.001600037E+02 -4.495299816E+00 -3.203599930E+01 3.489899933E-01 5.522599816E-01 1.045600045E-03
 1.660499984E-04 7.724799798E-05 8.927999735E-01 -5.599100098E+03 -1.983500000E+03 2.975199890E+02 9.930000305E+01 -3.891400099E+00 -2.427199936E+01 3.457599878E-01 5.531399846E-01 1.044800039E-03
 1.680999994E-04 7.705600001E-05 8.937199712E-01 -1.813599976E+03 -3.518800049E+03 2.976600037E+02 9.866500092E+01 -3.331700087E+00 -2.534300041E+01 3.434000015E-01 5.539699793E-01 1.043700031E-03
 1.701500005E-04 7.686400204E-05 8.953400254E-01 3.101100098E+03 -5.975200195E+03 2.976300049E+02 9.800700378E+01 -2.971499920E+00 -1.973800087E+01 3.410899937E-01 5.549200177E-01 1.041800017E-03
 1.722000015E-04 7.667199679E-05 8.959599733E-01 3.685800049E+03 -6.078299805E+03 2.976799927E+02 9.736499786E+01 -2.664599895E+00 -1.895899963E+01 3.388000131E-01 5.553900003E-01 1.041100011E-03
 1.742500026E-04 7.647999882E-05 8.957300186E-01 1.073000000E+04 6.928200195E+03 2.977099915E+02 9.683100128E+01 -2.159699917E+00 -3.347100067E+01 3.368900120E-01 5.553100109E-01 1.041400013E-03
 1.763000037E-04 7.628800086E-05 8.964200020E-01 6.968899902E+03 9.448700195E+03 2.976400146E+02 9.634899902E+01 -1.405099988E+00 -1.797500038E+01 3.352099955E-01 5.555999875E-01 1.040600007E-03
 1.783500047E-04 7.609600289E-05 8.970900178E-01 -3.792600098E+02 -1.257300049E+03 2.975899963E+02 9.605899811E+01 -9.472000003E-01 -4.085000038E+00 3.341999948E-01 5.559300184E-01 1.039800001E-03
 1.804000058E-04 7.590399764E-05 8.970100284E-01 5.340799805E+03 -8.572399902E+02 2.976400146E+02 9.591600037E+01 -5.412799716E-01 -7.386400223E+00 3.336699903E-01 5.559700131E-01 1.039900002E-03
 1.824500068E-04 7.571199967E-05 8.976699710E-01 5.936899902E+03 -2.546000000E+03 2.977300110E+02 9.560600281E+01 1.616300046E-01 -2.827199936E+00 3.325400054E-01 5.565299988E-01 1.039099996E-03
 1.844999933E-04 7.552000170E-05 8.980900049E-01 -5.312100220E+02 -8.291700195E+03 2.978800049E+02 9.523600006E+01 9.368600249E-01 1.139199972E+00 3.311800063E-01 5.570899844E-01 1.038699993E-03
 1.865499944E-04 7.532799646E-05 8.985700011E-01 2.418199951E+03 -4.736299805E+03 2.978699951E+02 9.493699646E+01 1.753499985E+00 1.171700001E+01 3.301799893E-01 5.573700070E-01 1.038099988E-03
 1.885999955E-04 7.513599849E-05 8.988800049E-01 4.899299805E+03 -3.633000000E+03 2.977200012E+02 9.480000305E+01 2.692199945E+00 1.804800034E+01 3.298699856E-01 5.572800040E-01 1.037699985E-03
 1.906499965E-04 7.494400052E-05 8.986300230E-01 3.109100098E+03 -5.006899902E+03 2.976799927E+02 9.487200165E+01 3.404400110E+00 3.984800100E+00 3.302200139E-01 5.570399761E-01 1.037999988E-03
 1.926999976E-04 7.475200255E-05 8.978400230E-01 2.446100098E+03 -2.845199951E+03 2.976600037E+02 9.504299927E+01 4.102799892E+00 -6.894199848E+00 3.309099972E-01 5.565299988E-01 1.038899994E-03
 1.947499986E-04 7.455999730E-05 8.970500231E-01 -1.505000000E+03 1.143800049E+03 2.976900024E+02 9.528900146E+01 5.138100147E+00 9.013099670E+00 3.319300115E-01 5.560899973E-01 1.039900002E-03
 1.967999997E-04 7.436799933E-05 8.969600201E-01 -3.004100098E+03 2.727399902E+03 2.977500000E+02 9.573600006E+01 6.122700214E+00 1.795199966E+01 3.336499929E-01 5.561500192E-01 1.040000003E-03
 1.988500007E-04 7.417600136E-05 8.964599967E-01 4.663299805E+03 -4.910799866E+02 2.977099915E+02 9.638099670E+01 7.190499783E+00 8.514200211E+00 3.361800015E-01 5.557600260E-01 1.040500007E-03
 2.009000018E-04 7.398400339E-05 8.957899809E-01 4.939000000E+03 -5.291200195E+03 2.976099854E+02 9.710199738E+01 8.336199760E+00 2.646600008E+00 3.390499949E-01 5.551499724E-01 1.041300013E-03
 2.029500029E-04 7.379199815E-05 8.945699930E-01 -1.894499969E+02 -5.216399902E+03 2.975100098E+02 9.799600220E+01 9.282999992E+00 3.911000013E+00 3.425000012E-01 5.542200208E-01 1.042700023E-03
 2.050000039E-04 7.360000018E-05 8.937299848E-01 4.772999878E+02 -2.469699951E+03 2.974100037E+02 9.848799896E+01 9.731800079E+00 8.948900223E+00 3.443999887E-01 5.535100102E-01 1.043700031E-03
 0.000000000E+00 8.383300155E-05 1.600700021E+00 1.266300000E+04 -3.383100000E+04 3.000000000E+02 8.987500000E+01 6.445199966E+00 1.711300049E+02 3.121100068E-01 9.990599751E-01 5.810200237E-04
 2.049999921E-06 8.402000094E-05 1.597300053E+00 1.332400024E+03 -1.956400000E+04 2.993699951E+02 9.068599701E+01 6.683700085E+00 6.916000366E+01 3.153600097E-01 9.952899814E-01 5.831299932E-04
 4.099999842E-06 8.420700033E-05 1.591799974E+00 -4.174200195E+03 -2.106500000E+03 2.986400146E+02 9.225099945E+01 7.109399796E+00 -2.367200089E+01 3.213199973E-01 9.898999929E-01 5.860099918E-04
 6.149999990E-06 8.439300291E-05 1.587900043E+00 -4.817900085E+02 8.717100220E+02 2.983900146E+02 9.376200104E+01 7.563000202E+00 -3.558000183E+01 3.268199861E-01 9.866499901E-01 5.874499911E-04
 8.199999684E-06 8.458000229E-05 1.583699942E+00 -4.546300049E+02 -2.166399994E+02 2.981600037E+02 9.531400299E+01 7.901899815E+00 -3.744100189E+01 3.324100077E-01 9.832800031E-01 5.890200264E-04
 1.024999983E-05 8.476700168E-05 1.578899980E+00 5.194500000E+03 2.831700134E+02 2.980799866E+02 9.712599945E+01 8.130299568E+00 -1.461800003E+01 3.387899995E-01 9.800699949E-01 5.907900049E-04
 1.229999998E-05 8.495299699E-05 1.574100018E+00 1.100199966E+02 -4.932799805E+03 2.979500122E+02 9.923699951E+01 8.527500153E+00 -3.218500137E+01 3.463000059E-01 9.766399860E-01 5.925900186E-04
 1.435000013E-05 8.513999637E-05 1.569300056E+00 -7.452700195E+03 -1.578599976E+03 2.976400146E+02 1.015400009E+02 8.769300461E+00 -3.255699921E+01 3.545399904E-01 9.726499915E-01 5.944200093E-04
 1.639999937E-05 8.532700303E-05 1.564299941E+00 3.813000107E+01 -2.095199951E+03 2.973399963E+02 1.041100006E+02 8.959199905E+00 -4.301300049E+00 3.636800051E-01 9.685699940E-01 5.963200238E-04
 1.845000043E-05 8.551299834E-05 1.559100032E+00 9.477799805E+03 8.416500244E+02 2.969500122E+02 1.068300018E+02 9.084099770E+00 -3.250499964E+00 3.734000027E-01 9.640600085E-01 5.983100273E-04
 2.049999966E-05 8.569999773E-05 1.553599954E+00 -1.779400024E+03 1.146400000E+04 2.965000000E+02 1.097900009E+02 9.348899841E+00 -3.249399900E+00 3.840300143E-01 9.592400193E-01 6.004199968E-04
 2.255000072E-05 8.588699711E-05 1.546700001E+00 -1.620500000E+04 7.221100098E+03 2.960400085E+02 1.131699982E+02 9.826000214E+00 -1.948200035E+01 3.962399960E-01 9.534800053E-01 6.031100056E-04
 2.459999996E-05 8.607299969E-05 1.537799954E+00 -1.312100000E+04 1.418600000E+04 2.954500122E+02 1.168499985E+02 1.026599979E+01 -1.247599983E+01 4.095599949E-01 9.461100101E-01 6.065900088E-04
 2.664999920E-05 8.625999908E-05 1.529999971E+00 3.187800049E+03 1.994000000E+04 2.948299866E+02 1.208000031E+02 1.056900024E+01 1.539599991E+01 4.238300025E-01 9.393200278E-01 6.096899742E-04
 2.870000026E-05 8.644699847E-05 1.520799994E+00 2.254900000E+04 1.018200000E+04 2.942600098E+02 1.251900024E+02 1.065600014E+01 2.403000069E+01 4.395799935E-01 9.318699837E-01 6.133799907E-04
 3.075000132E-05 8.663300105E-05 1.508599997E+00 1.307900000E+04 -3.425300049E+03 2.935000000E+02 1.299400024E+02 1.113099957E+01 1.430700016E+01 4.568800032E-01 9.220499992E-01 6.183100049E-04
 3.279999873E-05 8.682000043E-05 1.496099949E+00 2.889200020E+01 -1.366400000E+04 2.926799927E+02 1.352700043E+02 1.164900017E+01 6.130300164E-01 4.762800038E-01 9.118300080E-01 6.234900211E-04
 3.484999979E-05 8.700699982E-05 1.482100010E+00 1.052300000E+04 -4.781100098E+03 2.917999878E+02 1.411999969E+02 1.205500031E+01 1.145600033E+01 4.978899956E-01 9.005799890E-01 6.294099730E-04
 3.690000085E-05 8.719300240E-05 1.465600014E+00 1.641900000E+04 3.908399902E+03 2.906300049E+02 1.478500061E+02 1.234300041E+01 9.034000397E+00 5.223299861E-01 8.869699836E-01 6.365000154E-04
 3.894999827E-05 8.738000179E-05 1.446200013E+00 2.227700000E+04 1.006699982E+02 2.891600037E+02 1.553000031E+02 1.286200047E+01 4.015900135E+00 5.500199795E-01 8.708199859E-01 6.450400106E-04
 4.099999933E-05 8.756700117E-05 1.422600031E+00 2.624300000E+04 -1.084800034E+02 2.877000122E+02 1.635899963E+02 1.345699978E+01 1.327600002E+01 5.807899833E-01 8.522899747E-01 6.557700108E-04
 4.305000039E-05 8.775299648E-05 1.395300031E+00 2.907200000E+04 -2.953199951E+03 2.858500061E+02 1.733200073E+02 1.369499969E+01 4.643000126E+00 6.171900034E-01 8.306199908E-01 6.685800035E-04
 4.510000144E-05 8.794000314E-05 1.363299966E+00 3.648900000E+04 -1.013300000E+04 2.832500000E+02 1.845399933E+02 1.366800022E+01 4.927499771E+00 6.599299908E-01 8.041499853E-01 6.843599840E-04
 4.714999886E-05 8.812700253E-05 1.322399974E+00 3.309800000E+04 -1.446500000E+04 2.803599854E+02 1.972400055E+02 1.331000042E+01 4.893700027E+01 7.086499929E-01 7.721199989E-01 7.055699825E-04
 4.919999992E-05 8.831299783E-05 1.273100019E+00 4.505400000E+04 -3.919199951E+03 2.767000122E+02 2.118500061E+02 1.210499954E+01 2.682499886E+00 7.657200098E-01 7.336999774E-01 7.330100052E-04
 5.125000098E-05 8.849999722E-05 1.214200020E+00 5.962700000E+04 1.963300049E+03 2.723200073E+02 2.287100067E+02 9.787099838E+00 -6.740299988E+01 8.327000141E-01 6.887199879E-01 7.687699981E-04
 5.329999840E-05 8.833200263E-05 1.144600034E+00 5.903700000E+04 -7.638100098E+03 2.672500000E+02 2.475899963E+02 6.560200214E+00 -1.433600006E+02 9.095000029E-01 6.372100115E-01 8.158399723E-04
 5.534999946E-05 8.816400077E-05 1.066699982E+00 6.469800000E+04 -1.772200000E+04 2.612000122E+02 2.676000061E+02 1.597300053E+00 -2.257299957E+02 9.940599799E-01 5.804499984E-01 8.757800097E-04
 5.740000051E-05 8.799599891E-05 9.851599932E-01 5.907800000E+04 -2.395100000E+04 2.547299957E+02 2.877000122E+02 -5.396500111E+00 -2.339299927E+02 1.082399964E+00 5.228499770E-01 9.485000046E-04
 5.945000157E-05 8.782799705E-05 9.055799842E-01 4.539900000E+04 -2.374100000E+04 2.480099945E+02 3.068500061E+02 -1.338899994E+01 -2.190599976E+02 1.170899987E+00 4.679700136E-01 1.031999942E-03
 6.150000263E-05 8.766000246E-05 8.298400044E-01 3.000500000E+04 -2.503400000E+04 2.410200043E+02 3.247099915E+02 -2.140999985E+01 -1.799400024E+02 1.258399963E+00 4.167799950E-01 1.126399962E-03
 6.354999641E-05 8.749200060E-05 7.596300244E-01 8.286900391E+03 -2.236300000E+04 2.342400055E+02 3.410400085E+02 -2.919700050E+01 -1.589199982E+02 1.342599988E+00 3.707599938E-01 1.230400056E-03
 6.559999747E-05 8.732399874E-05 6.958699822E-01 -2.904000000E+03 -2.171800000E+04 2.278000031E+02 3.560000000E+02 -3.615000153E+01 -1.153399963E+02 1.423200011E+00 3.303000033E-01 1.343199983E-03
 6.764999853E-05 8.715599688E-05 6.382300258E-01 -1.949900000E+04 -1.341900000E+04 2.217700043E+02 3.694500122E+02 -4.223600006E+01 -5.730799866E+01 1.498900056E+00 2.949100137E-01 1.464299974E-03
 6.969999959E-05 8.698800229E-05 5.873000026E-01 -4.363400000E+04 -7.546799927E+02 2.160000000E+02 3.814700012E+02 -4.722399902E+01 -1.565499973E+01 1.570000052E+00 2.643100023E-01 1.591000007E-03
 7.175000064E-05 8.682000043E-05 5.426099896E-01 -5.887800000E+04 -3.658599854E+02 2.105500031E+02 3.922600098E+02 -5.106800079E+01 2.277799988E+01 1.636299968E+00 2.380200028E-01 1.721699955E-03
 7.380000170E-05 8.665199857E-05 5.036900043E-01 -7.108300000E+04 7.249500000E+03 2.056999969E+02 4.018500061E+02 -5.381299973E+01 4.389599991E+01 1.696799994E+00 2.158499956E-01 1.854400034E-03
 7.585000276E-05 8.648399671E-05 4.697099924E-01 -8.624500000E+04 1.251700000E+04 2.013800049E+02 4.106199951E+02 -5.546099854E+01 7.035600281E+01 1.752500057E+00 1.970500052E-01 1.988200005E-03
 7.789999654E-05 8.631600213E-05 4.404799938E-01 -1.015000000E+05 1.202300000E+04 1.974700012E+02 4.182799988E+02 -5.631100082E+01 9.809200287E+01 1.802700043E+00 1.811800003E-01 2.119699959E-03
 7.994999760E-05 8.614800026E-05 4.148600101E-01 -1.112900000E+05 1.746200000E+04 1.938399963E+02 4.255100098E+02 -5.647499847E+01 9.599800110E+01 1.850499988E+00 1.675000042E-01 2.250399906E-03
 8.199999866E-05 8.597999840E-05 3.922899961E-01 -1.170800000E+05 2.144400000E+04 1.906399994E+02 4.321300049E+02 -5.598799896E+01 9.451799774E+01 1.894099951E+00 1.557700038E-01 2.379500074E-03
 8.404999971E-05 8.581199654E-05 3.730399907E-01 -1.223000000E+05 2.389000000E+04 1.878099976E+02 4.374800110E+02 -5.467300034E+01 1.101100006E+02 1.930799961E+00 1.459099948E-01 2.501999959E-03
 8.610000077E-05 8.564400196E-05 3.562099934E-01 -1.388700000E+05 3.091500000E+04 1.853300018E+02 4.420299988E+02 -5.290900040E+01 1.318399963E+02 1.962700009E+00 1.374900043E-01 2.619999927E-03
 8.815000183E-05 8.547600009E-05 3.416700065E-01 -1.641800000E+05 3.549700000E+04 1.833999939E+02 4.459299927E+02 -5.073699951E+01 1.386999969E+02 1.988999963E+00 1.305000037E-01 2.731200075E-03
 9.020000289E-05 8.530799823E-05 3.293600082E-01 -1.861900000E+05 3.523900000E+04 1.818699951E+02 4.492300110E+02 -4.812799835E+01 1.303699951E+02 2.010600090E+00 1.247500032E-01 2.832999919E-03
 9.224999667E-05 8.513999637E-05 3.187800050E-01 -2.032300000E+05 3.585100000E+04 1.804600067E+02 4.522900085E+02 -4.551599884E+01 1.359100037E+02 2.030900002E+00 1.198000014E-01 2.926900052E-03
 9.429999773E-05 8.497200179E-05 3.092899919E-01 -2.236000000E+05 3.566500000E+04 1.791199951E+02 4.551799927E+02 -4.298799896E+01 1.481900024E+02 2.050199986E+00 1.153699979E-01 3.016700037E-03
 9.634999878E-05 8.480399993E-05 3.004499972E-01 -2.490600000E+05 3.274100000E+04 1.778999939E+02 4.576700134E+02 -4.057300186E+01 1.362200012E+02 2.067399979E+00 1.113099977E-01 3.105300013E-03
 9.839999984E-05 8.463599806E-05 2.925199866E-01 -2.765000000E+05 3.397600000E+04 1.770099945E+02 4.593299866E+02 -3.808900070E+01 1.226600037E+02 2.079099894E+00 1.078300029E-01 3.189400071E-03
 1.004500009E-04 8.446800348E-05 2.869699895E-01 -3.509600000E+05 3.627000000E+04 1.775000000E+02 4.584700012E+02 -3.558200073E+01 1.195100021E+02 2.071500063E+00 1.060699970E-01 3.250699956E-03
 1.025000020E-04 8.430000162E-05 2.935299873E-01 -6.797100000E+05 3.818500000E+04 1.866799927E+02 4.403200073E+02 -3.313999939E+01 1.402400055E+02 1.942700028E+00 1.142499968E-01 3.180600004E-03
 1.045500030E-04 8.413199976E-05 3.560799956E-01 -1.176400000E+06 4.756200000E+04 2.195899963E+02 3.650100098E+02 -2.950900078E+01 2.154400024E+02 1.503499985E+00 1.655900031E-01 2.681700047E-03
 1.065999968E-04 8.396399789E-05 5.210300088E-01 -9.146500000E+05 3.385700000E+04 2.606900024E+02 2.509600067E+02 -2.420800018E+01 2.444900055E+02 9.452099800E-01 2.866699994E-01 1.875199960E-03
 1.086499979E-04 8.379600331E-05 7.055400014E-01 -2.535000000E+05 9.911200195E+03 2.826199951E+02 1.756199951E+02 -1.913199997E+01 1.654299927E+02 6.314100027E-01 4.160400033E-01 1.336700050E-03
 1.106999989E-04 8.362800145E-05 7.986699939E-01 -4.766200000E+04 -2.946300049E+03 2.893200073E+02 1.508800049E+02 -1.560900021E+01 5.667200089E+01 5.352500081E-01 4.812299907E-01 1.168700051E-03
 1.127500000E-04 8.345999959E-05 8.221600056E-01 -1.770700000E+04 -1.002500000E+04 2.912600098E+02 1.442299957E+02 -1.334500027E+01 1.268000031E+01 5.093600154E-01 4.986500144E-01 1.134600025E-03
 1.148000010E-04 8.329199773E-05 8.292700052E-01 -2.232000000E+04 -1.082100000E+04 2.918699951E+02 1.408899994E+02 -1.169799995E+01 -8.278499603E+00 4.966500103E-01 5.040100217E-01 1.124899951E-03
 1.168500021E-04 8.312400314E-05 8.351799846E-01 -2.248000000E+04 -1.161100000E+04 2.921600037E+02 1.376900024E+02 -1.079599953E+01 -4.098300171E+01 4.849199951E-01 5.081200004E-01 1.116900006E-03
 1.189000031E-04 8.295600128E-05 8.400899768E-01 -1.993200000E+04 -7.596500000E+03 2.926499939E+02 1.347500000E+02 -1.027299976E+01 -5.643199921E+01 4.740900099E-01 5.119600296E-01 1.110399957E-03
 1.209499969E-04 8.278799942E-05 8.443499804E-01 -1.159400000E+04 -1.379900000E+04 2.930499878E+02 1.320500031E+02 -9.658300400E+00 -7.023200226E+01 4.641700089E-01 5.152500272E-01 1.104800031E-03
 1.230000053E-04 8.261999756E-05 8.483300209E-01 -8.934400391E+03 -1.682600000E+04 2.934400024E+02 1.294799957E+02 -9.392399788E+00 -6.657299805E+01 4.548299909E-01 5.183799863E-01 1.099599991E-03
 1.250500063E-04 8.245200297E-05 8.512799740E-01 -1.719000000E+04 -1.015500000E+04 2.938800049E+02 1.273199997E+02 -9.204400063E+00 -6.802200317E+01 4.469000101E-01 5.209699869E-01 1.095799962E-03
 1.270999928E-04 8.228400111E-05 8.546400070E-01 -1.007200000E+04 -5.830500000E+03 2.942300110E+02 1.251699982E+02 -8.880100250E+00 -8.445200348E+01 4.390400052E-01 5.236499906E-01 1.091500046E-03
 1.291499939E-04 8.211599925E-05 8.587800264E-01 1.093899994E+02 -6.128799805E+03 2.944599915E+02 1.228099976E+02 -8.608400345E+00 -6.927999878E+01 4.305799901E-01 5.265799761E-01 1.086200005E-03
 1.311999949E-04 8.194799739E-05 8.611699939E-01 -1.913200073E+02 -9.487200195E+03 2.947500000E+02 1.206200027E+02 -8.378999710E+00 -5.691999817E+01 4.226599932E-01 5.285699964E-01 1.083199983E-03
 1.332499960E-04 8.178000280E-05 8.636400104E-01 5.261700195E+03 -1.192800000E+04 2.950400085E+02 1.186699982E+02 -8.120800018E+00 -5.604499817E+01 4.155899882E-01 5.306000113E-01 1.080099959E-03
 1.352999971E-04 8.161200094E-05 8.665999770E-01 -3.572699951E+03 -6.361700195E+03 2.953200073E+02 1.167200012E+02 -7.776100159E+00 -3.999300003E+01 4.085400105E-01 5.329300165E-01 1.076400047E-03
 1.373499981E-04 8.144399908E-05 8.683999777E-01 -1.025400000E+04 -5.167700195E+03 2.954899902E+02 1.148099976E+02 -7.412899971E+00 -4.098699951E+01 4.016599953E-01 5.343499780E-01 1.074200030E-03
 1.393999992E-04 8.127599722E-05 8.705199957E-01 -1.677300049E+03 -1.275000000E+04 2.957600098E+02 1.129899979E+02 -7.261400223E+00 -4.389899826E+01 3.951300085E-01 5.361300111E-01 1.071600011E-03
 1.414500002E-04 8.110800263E-05 8.733999729E-01 -4.699399902E+03 -6.069000000E+03 2.961300049E+02 1.113300018E+02 -7.150400162E+00 -4.321599960E+01 3.890599906E-01 5.386000276E-01 1.067999983E-03
 1.435000013E-04 8.094000077E-05 8.761399984E-01 -2.877600098E+03 1.704900024E+03 2.962000122E+02 1.096500015E+02 -6.781199932E+00 -5.103099823E+01 3.830800056E-01 5.404099822E-01 1.064699958E-03
 1.455500023E-04 8.077199891E-05 8.783199787E-01 1.691199951E+03 -3.909100098E+03 2.963299866E+02 1.080100021E+02 -6.454100132E+00 -7.287699890E+01 3.772400022E-01 5.419999957E-01 1.062000054E-03
 1.476000034E-04 8.060399705E-05 8.798400164E-01 4.804299927E+02 -4.383700195E+03 2.965299988E+02 1.067500000E+02 -6.140299797E+00 -6.471499634E+01 3.726699948E-01 5.432800055E-01 1.060200040E-03
 1.496500045E-04 8.043600246E-05 8.811299801E-01 -1.181000000E+03 -4.096399902E+03 2.967399902E+02 1.055899963E+02 -5.855400085E+00 -3.982199860E+01 3.684499860E-01 5.444700122E-01 1.058600028E-03
 1.517000055E-04 8.026800060E-05 8.824999928E-01 -2.080000000E+03 -1.035300000E+04 2.969599915E+02 1.044599991E+02 -5.846399784E+00 -5.161500168E+01 3.643800020E-01 5.457199812E-01 1.057000016E-03
 1.537500066E-04 8.009999874E-05 8.840500116E-01 -2.045900024E+03 -1.487100000E+04 2.970899963E+02 1.033000031E+02 -5.630099773E+00 -4.976900101E+01 3.602100015E-01 5.469200015E-01 1.055100001E-03
 1.557999931E-04 7.993199688E-05 8.857799768E-01 -1.106500000E+04 -1.177600000E+04 2.972200012E+02 1.018799973E+02 -5.162799835E+00 -3.945500183E+01 3.551099896E-01 5.482199788E-01 1.053099986E-03
 1.578499941E-04 7.976400229E-05 8.870300055E-01 -1.055600000E+04 1.165000000E+03 2.973399963E+02 1.006800003E+02 -4.779600143E+00 -3.634299850E+01 3.508099914E-01 5.492299795E-01 1.051599975E-03
 1.598999952E-04 7.959600043E-05 8.874599934E-01 -7.546600098E+03 1.704700012E+02 2.974500122E+02 9.994100189E+01 -4.570300102E+00 -3.279100037E+01 3.481299877E-01 5.496900082E-01 1.051099971E-03
 1.619499963E-04 7.942799857E-05 8.893100023E-01 -5.019399902E+03 -2.054800049E+03 2.974100037E+02 9.917199707E+01 -4.146999836E+00 -2.883699989E+01 3.454200029E-01 5.507699847E-01 1.048899954E-03
 1.639999973E-04 7.925999671E-05 8.912799954E-01 3.596699951E+03 2.972399902E+03 2.974700012E+02 9.829299927E+01 -3.568399906E+00 -2.846800041E+01 3.422499895E-01 5.520899892E-01 1.046600053E-03
 1.660499984E-04 7.909200212E-05 8.916900158E-01 1.445699951E+03 -1.778599976E+03 2.976400146E+02 9.754199982E+01 -3.184700012E+00 -2.274200058E+01 3.394899964E-01 5.526700020E-01 1.046100049E-03
 1.680999994E-04 7.892400026E-05 8.922700286E-01 -2.616100098E+03 -3.275600098E+03 2.977799988E+02 9.704299927E+01 -2.872299910E+00 -2.284300041E+01 3.376500010E-01 5.533000231E-01 1.045400044E-03
 1.701500005E-04 7.875599840E-05 8.934500217E-01 -1.623500000E+03 -5.297100098E+03 2.976900024E+02 9.653800201E+01 -2.329299927E+00 -2.400499916E+01 3.359000087E-01 5.538499951E-01 1.044000033E-03
 1.722000015E-04 7.858799654E-05 8.951500058E-01 7.216399902E+03 -1.025200000E+04 2.975799866E+02 9.581400299E+01 -1.894899964E+00 -2.760899925E+01 3.334000111E-01 5.547099710E-01 1.042100019E-03
 1.742500026E-04 7.842000196E-05 8.955600262E-01 9.224099609E+03 -3.092199951E+03 2.977699890E+02 9.519799805E+01 -1.596600056E+00 -2.796999931E+01 3.311400115E-01 5.553200245E-01 1.041600015E-03
 1.763000037E-04 7.825200009E-05 8.953899741E-01 -1.332900024E+03 8.144199829E+02 2.978900146E+02 9.487999725E+01 -1.144999981E+00 -1.085900021E+01 3.299500048E-01 5.554299951E-01 1.041800017E-03
 1.783500047E-04 7.808399823E-05 8.955199718E-01 1.120800049E+03 -3.855500000E+03 2.978999939E+02 9.475399780E+01 -7.072100043E-01 -1.044400024E+01 3.294999897E-01 5.555199981E-01 1.041600015E-03
 1.804000058E-04 7.791599637E-05 8.955699801E-01 8.652500000E+03 -5.618799805E+03 2.979200134E+02 9.457599640E+01 -1.452800035E-01 -1.805599976E+01 3.288600147E-01 5.555899739E-01 1.041600015E-03
 1.824500068E-04 7.774800179E-05 8.963199854E-01 7.461100098E+03 -6.200399902E+03 2.978900146E+02 9.432099915E+01 5.464299917E-01 -1.239299965E+01 3.279800117E-01 5.560100079E-01 1.040700008E-03
 1.844999933E-04 7.757999992E-05 8.972600102E-01 -1.281900024E+03 -5.631500000E+03 2.979299927E+02 9.413999939E+01 1.180600047E+00 -1.237699986E+01 3.273400068E-01 5.566700101E-01 1.039600000E-03
 1.865499944E-04 7.741199806E-05 8.973399997E-01 -4.883100098E+03 -2.353699951E+03 2.979500122E+02 9.413099670E+01 1.932100058E+00 -1.183899975E+01 3.273499906E-01 5.567499995E-01 1.039499999E-03
 1.885999955E-04 7.724400348E-05 8.970800042E-01 -5.478899902E+03 5.188899902E+03 2.979500122E+02 9.419999695E+01 2.742700100E+00 1.271999955E+00 3.276599944E-01 5.565900207E-01 1.039800001E-03
 1.906499965E-04 7.707600162E-05 8.967999816E-01 -4.268600098E+03 2.609000000E+03 2.978900146E+02 9.435500336E+01 3.355900049E+00 3.472399950E+00 3.282899857E-01 5.563099980E-01 1.040100004E-03
 1.926999976E-04 7.690799976E-05 8.957899809E-01 4.544500000E+03 -2.733500000E+03 2.977799988E+02 9.464800262E+01 3.989300013E+00 4.774600029E+00 3.294599950E-01 5.554699898E-01 1.041300013E-03
 1.947499986E-04 7.673999789E-05 8.948699832E-01 1.174099976E+03 -1.659100037E+02 2.978299866E+02 9.504100037E+01 4.804999828E+00 2.511499977E+01 3.309299946E-01 5.549899936E-01 1.042400021E-03
 1.967999997E-04 7.657200331E-05 8.947399855E-01 -3.359699951E+03 3.012500000E+02 2.979400024E+02 9.562799835E+01 5.470099926E+00 3.086400032E+01 3.330299854E-01 5.551199913E-01 1.042500022E-03
 1.988500007E-04 7.640400145E-05 8.941599727E-01 -2.047599945E+02 2.458399902E+03 2.979299927E+02 9.638999939E+01 6.456999779E+00 1.552200031E+01 3.359000087E-01 5.547400117E-01 1.043200027E-03
 2.009000018E-04 7.623599959E-05 8.937000036E-01 9.934400024E+02 7.661799927E+02 2.977799988E+02 9.718800354E+01 7.612500191E+00 2.987200022E+00 3.390400112E-01 5.541700125E-01 1.043800032E-03
 2.029500029E-04 7.606799772E-05 8.932899833E-01 1.981099976E+03 -4.871299805E+03 2.975100098E+02 9.801699829E+01 8.378600121E+00 1.081799984E+01 3.422800004E-01 5.534300208E-01 1.044200035E-03
 2.050000039E-04 7.590000314E-05 8.927999735E-01 3.414199951E+03 -6.062600098E+03 2.973599854E+02 9.844799805E+01 8.781100273E+00 2.636499977E+01 3.439899981E-01 5.528399944E-01 1.044800039E-03
 0.000000000E+00 8.499999967E-05 1.600700021E+00 1.309500000E+04 -3.919000000E+04 3.000000000E+02 8.869100189E+01 5.889599800E+00 1.390599976E+02 3.078500032E-01 9.989799857E-01 5.809399881E-04
 2.049999921E-06 8.515999798E-05 1.597000003E+00 -1.667000000E+03 -3.783500000E+04 2.993099976E+02 8.942299652E+01 6.028500080E+00 5.355199814E+01 3.108400106E-01 9.948599935E-01 5.832100287E-04
 4.099999842E-06 8.532000356E-05 1.590899944E+00 -7.316700195E+03 -1.409800000E+04 2.985100098E+02 9.086199951E+01 6.358399868E+00 -1.963100052E+01 3.163900077E-01 9.889699817E-01 5.863200058E-04
 6.149999990E-06 8.548000187E-05 1.586899996E+00 5.919799805E+03 -5.483299805E+03 2.983200073E+02 9.237100220E+01 6.766900063E+00 -2.675799942E+01 3.218199909E-01 9.858300090E-01 5.877999938E-04
 8.199999684E-06 8.564000018E-05 1.582299948E+00 3.833000000E+03 -1.512100000E+04 2.981099854E+02 9.412599945E+01 7.067399979E+00 -5.566299820E+01 3.280900121E-01 9.822900295E-01 5.895100185E-04
 1.024999983E-05 8.579999849E-05 1.577800035E+00 4.521200195E+03 -3.832000000E+03 2.980100098E+02 9.594899750E+01 7.167399883E+00 -4.523899841E+01 3.345000148E-01 9.791600108E-01 5.911900080E-04
 1.229999998E-05 8.595999680E-05 1.573799968E+00 5.391399902E+03 -5.152700195E+03 2.978699951E+02 9.807399750E+01 7.393700123E+00 -3.933800125E+01 3.420000076E-01 9.761899710E-01 5.927199963E-04
 1.435000013E-05 8.612000238E-05 1.568899989E+00 2.311199951E+03 -6.148799805E+03 2.975400085E+02 1.006800003E+02 7.611499786E+00 -5.388800049E+01 3.512800038E-01 9.721199870E-01 5.945399753E-04
 1.639999937E-05 8.628000069E-05 1.564299941E+00 1.098100000E+04 -6.840600098E+03 2.971900024E+02 1.034199982E+02 7.800799847E+00 -4.814099884E+01 3.610700071E-01 9.681100249E-01 5.963000003E-04
 1.845000043E-05 8.643999900E-05 1.558500051E+00 1.045800000E+04 3.866300049E+03 2.968099976E+02 1.062699966E+02 7.894999981E+00 -2.669799995E+01 3.712199926E-01 9.632300138E-01 5.985400057E-04
 2.049999966E-05 8.659999730E-05 1.552899957E+00 -7.275000000E+03 1.693900000E+04 2.964599915E+02 1.092200012E+02 8.112899780E+00 -1.374899960E+01 3.817600012E-01 9.586700201E-01 6.006800104E-04
 2.255000072E-05 8.676000289E-05 1.546800017E+00 -8.722599609E+03 3.938000000E+03 2.960400085E+02 1.124100037E+02 8.541500092E+00 7.386799812E+00 3.932200074E-01 9.535400271E-01 6.030700170E-04
 2.459999996E-05 8.692000119E-05 1.537199974E+00 -1.001100000E+04 8.116100098E+03 2.955299988E+02 1.162099991E+02 8.847800255E+00 3.531200027E+01 4.068900049E-01 9.459900260E-01 6.068299990E-04
 2.664999920E-05 8.707999950E-05 1.529099941E+00 1.893699951E+03 1.279800000E+04 2.949700012E+02 1.204899979E+02 9.063599586E+00 1.828700066E+01 4.222199917E-01 9.392399788E-01 6.100399769E-04
 2.870000026E-05 8.723999781E-05 1.520200014E+00 2.646700000E+04 7.682100220E+02 2.944100037E+02 1.249300003E+02 9.221500397E+00 -1.586900043E+01 4.381499887E-01 9.320099950E-01 6.136100274E-04
 3.075000132E-05 8.740000339E-05 1.507799983E+00 1.858900000E+04 2.793500000E+03 2.935899963E+02 1.297799988E+02 9.612799644E+00 -2.644799995E+01 4.558199942E-01 9.218400121E-01 6.186499959E-04
 3.279999873E-05 8.756000170E-05 1.495700002E+00 7.341799805E+03 -6.139200195E+03 2.925499878E+02 1.351799927E+02 1.003400040E+01 -6.789100170E+00 4.756399989E-01 9.111899734E-01 6.236599875E-04
 3.484999979E-05 8.772000001E-05 1.481400013E+00 1.258500000E+04 -8.273900391E+03 2.916000061E+02 1.412400055E+02 1.036100006E+01 4.877199936E+01 4.977299869E-01 8.995400071E-01 6.297000218E-04
 3.690000085E-05 8.787999832E-05 1.464699984E+00 1.510800000E+04 1.225099976E+03 2.904700012E+02 1.478899994E+02 1.059399986E+01 4.340700150E+01 5.221300125E-01 8.859500289E-01 6.368900067E-04
 3.894999827E-05 8.803999663E-05 1.445899963E+00 2.017500000E+04 -6.311100098E+03 2.890299988E+02 1.552899933E+02 1.104800034E+01 3.594500065E+00 5.495799780E-01 8.702999949E-01 6.451500230E-04
 4.099999933E-05 8.820000221E-05 1.423300028E+00 3.033500000E+04 -3.958500000E+03 2.875599976E+02 1.637299957E+02 1.162500000E+01 1.897200012E+01 5.809400082E-01 8.523300290E-01 6.554099964E-04
 4.305000039E-05 8.836000052E-05 1.395900011E+00 3.876700000E+04 4.315100098E+03 2.857399902E+02 1.734600067E+02 1.174199963E+01 2.864100075E+01 6.172900200E-01 8.306099772E-01 6.683500251E-04
 4.510000144E-05 8.851999883E-05 1.362400055E+00 4.578700000E+04 1.461499939E+02 2.832799988E+02 1.844900055E+02 1.168299961E+01 4.859399796E+00 6.592299938E-01 8.037300110E-01 6.847800105E-04
 4.714999886E-05 8.867999713E-05 1.322600007E+00 4.118200000E+04 -1.401000000E+04 2.804500122E+02 1.969199982E+02 1.143200016E+01 1.748200035E+01 7.069600224E-01 7.724999785E-01 7.054500165E-04
 4.919999992E-05 8.884000272E-05 1.274399996E+00 4.318400000E+04 -1.407300000E+04 2.769400024E+02 2.114199982E+02 1.031099987E+01 1.778900027E+00 7.634999752E-01 7.350699902E-01 7.322399761E-04
 5.125000098E-05 8.900000103E-05 1.215800047E+00 4.708400000E+04 -1.968900000E+04 2.727099915E+02 2.282100067E+02 8.372300148E+00 -7.934999847E+01 8.300700188E-01 6.905699968E-01 7.677800022E-04
 5.329999840E-05 8.885600255E-05 1.147199988E+00 5.691300000E+04 -1.716300000E+04 2.676199951E+02 2.467400055E+02 5.707600117E+00 -1.491499939E+02 9.056699872E-01 6.395499706E-01 8.139199927E-04
 5.534999946E-05 8.871199680E-05 1.071599960E+00 7.229200000E+04 -1.203000000E+04 2.615700073E+02 2.664200134E+02 1.582700014E+00 -1.889100037E+02 9.889500141E-01 5.839700103E-01 8.716299781E-04
 5.740000051E-05 8.856799832E-05 9.926800132E-01 6.990200000E+04 -1.791200000E+04 2.551900024E+02 2.862300110E+02 -4.340199947E+00 -1.862599945E+02 1.075799942E+00 5.277799964E-01 9.412000072E-04
 5.945000157E-05 8.842399984E-05 9.146800041E-01 5.642500000E+04 -8.845700195E+03 2.485899963E+02 3.051199951E+02 -1.110700035E+01 -1.866499939E+02 1.162600040E+00 4.737600088E-01 1.021599979E-03
 6.150000263E-05 8.828000136E-05 8.390700221E-01 3.483200000E+04 -1.179500000E+04 2.417200012E+02 3.231300049E+02 -1.790800095E+01 -1.682299957E+02 1.249600053E+00 4.226300120E-01 1.113999984E-03
 6.354999641E-05 8.813600289E-05 7.682600021E-01 1.447800000E+04 -1.326000000E+04 2.349400024E+02 3.397799988E+02 -2.467499924E+01 -1.416300049E+02 1.334300041E+00 3.761000037E-01 1.216499950E-03
 6.559999747E-05 8.799199713E-05 7.043600082E-01 1.953300049E+03 -1.651200000E+04 2.284799957E+02 3.548800049E+02 -3.061899948E+01 -1.016399994E+02 1.414600015E+00 3.353300095E-01 1.326799975E-03
 6.764999853E-05 8.784799866E-05 6.463099718E-01 -1.262800000E+04 -1.413500000E+04 2.223899994E+02 3.685499878E+02 -3.572000122E+01 -5.426300049E+01 1.490499973E+00 2.994799912E-01 1.445899950E-03
 6.969999959E-05 8.770400018E-05 5.941299796E-01 -3.028700000E+04 2.610699951E+03 2.166300049E+02 3.807999878E+02 -4.009000015E+01 -2.914800072E+01 1.561599970E+00 2.681699991E-01 1.572699985E-03
 7.175000064E-05 8.756000170E-05 5.483499765E-01 -5.284600000E+04 4.061800049E+03 2.111999969E+02 3.918399963E+02 -4.361700058E+01 1.444800019E+00 1.628399968E+00 2.412800044E-01 1.703700051E-03
 7.380000170E-05 8.741600323E-05 5.085600019E-01 -7.212300000E+04 6.824500000E+03 2.062700043E+02 4.018399963E+02 -4.623699951E+01 2.731900024E+01 1.690500021E+00 2.185399979E-01 1.836700016E-03
 7.585000276E-05 8.727199747E-05 4.735099971E-01 -8.778800000E+04 1.343700000E+04 2.018399963E+02 4.108900146E+02 -4.784899902E+01 5.109400177E+01 1.747699976E+00 1.991000026E-01 1.972399885E-03
 7.789999654E-05 8.712799900E-05 4.431200027E-01 -1.044400000E+05 1.318100000E+04 1.978300018E+02 4.187399902E+02 -4.870299911E+01 8.025299835E+01 1.799000025E+00 1.826000065E-01 2.107100096E-03
 7.994999760E-05 8.698400052E-05 4.164800048E-01 -1.170000000E+05 1.482400000E+04 1.941499939E+02 4.260199890E+02 -4.899800110E+01 8.308000183E+01 1.847200036E+00 1.684200019E-01 2.241800074E-03
 8.199999866E-05 8.684000204E-05 3.929300010E-01 -1.230000000E+05 1.782600000E+04 1.907100067E+02 4.328599854E+02 -4.871099854E+01 8.736000061E+01 1.893200040E+00 1.560799927E-01 2.375799930E-03
 8.404999971E-05 8.669600356E-05 3.727799952E-01 -1.276800000E+05 2.067200000E+04 1.876900024E+02 4.385499878E+02 -4.765999985E+01 9.724400330E+01 1.932600021E+00 1.457300037E-01 2.503799973E-03
 8.610000077E-05 8.655199781E-05 3.551700115E-01 -1.407500000E+05 2.498900000E+04 1.852200012E+02 4.433099976E+02 -4.608100128E+01 1.138000031E+02 1.965499997E+00 1.370099932E-01 2.627799986E-03
 8.815000183E-05 8.640799933E-05 3.397499919E-01 -1.626100000E+05 2.877300000E+04 1.831100006E+02 4.475000000E+02 -4.438600159E+01 1.290800018E+02 1.994500041E+00 1.295599937E-01 2.746799961E-03
 9.020000289E-05 8.626400086E-05 3.269299865E-01 -1.871300000E+05 3.101400000E+04 1.812500000E+02 4.509299927E+02 -4.253699875E+01 1.204100037E+02 2.019099951E+00 1.234000027E-01 2.854099963E-03
 9.224999667E-05 8.612000238E-05 3.160299957E-01 -2.079500000E+05 3.238500000E+04 1.796799927E+02 4.540199890E+02 -4.029000092E+01 1.185500031E+02 2.040800095E+00 1.182600036E-01 2.952500014E-03
 9.429999773E-05 8.597599663E-05 3.060199916E-01 -2.286500000E+05 3.478100000E+04 1.783399963E+02 4.570000000E+02 -3.768500137E+01 1.305299988E+02 2.060800076E+00 1.136500016E-01 3.049100051E-03
 9.634999878E-05 8.583199815E-05 2.969500124E-01 -2.538200000E+05 3.264200000E+04 1.771499939E+02 4.594100037E+02 -3.520299911E+01 1.204300003E+02 2.077600002E+00 1.095499992E-01 3.142100060E-03
 9.839999984E-05 8.568799967E-05 2.892200053E-01 -2.858400000E+05 3.009900000E+04 1.763600006E+02 4.609100037E+02 -3.293299866E+01 1.049300003E+02 2.088200092E+00 1.062199995E-01 3.225900000E-03
 1.004500009E-04 8.554400119E-05 2.838599980E-01 -3.631600000E+05 3.134200000E+04 1.770399933E+02 4.598699951E+02 -3.082399940E+01 1.065599976E+02 2.078900099E+00 1.046399996E-01 3.286400111E-03
 1.025000020E-04 8.540000272E-05 2.902300060E-01 -6.889800000E+05 2.707900000E+04 1.862899933E+02 4.415599976E+02 -2.887299919E+01 1.034400024E+02 1.948899984E+00 1.127299964E-01 3.216699930E-03
 1.045500030E-04 8.525599696E-05 3.521400094E-01 -1.187900000E+06 2.771200000E+04 2.193800049E+02 3.658399963E+02 -2.595000076E+01 1.387100067E+02 1.506800056E+00 1.636299938E-01 2.711999929E-03
 1.065999968E-04 8.511199849E-05 5.151500106E-01 -9.258400000E+05 1.767400000E+04 2.607799988E+02 2.511399994E+02 -2.165200043E+01 1.860299988E+02 9.448900223E-01 2.835400105E-01 1.896300004E-03
 1.086499979E-04 8.496800001E-05 6.984199882E-01 -2.585500000E+05 6.626899902E+03 2.829200134E+02 1.751999969E+02 -1.734499931E+01 1.399100037E+02 6.289700270E-01 4.123199880E-01 1.350700040E-03
 1.106999989E-04 8.482400153E-05 7.929999828E-01 -5.222800000E+04 7.520899963E+01 2.897900085E+02 1.497700043E+02 -1.405900002E+01 4.519499969E+01 5.303999782E-01 4.785999954E-01 1.177099999E-03
 1.127500000E-04 8.468000306E-05 8.185600042E-01 -2.547800000E+04 -9.633900391E+03 2.916400146E+02 1.423800049E+02 -1.172999954E+01 8.482999802E-01 5.020599961E-01 4.971199930E-01 1.139599946E-03
 1.148000010E-04 8.453599730E-05 8.268200159E-01 -2.507400000E+04 -1.303900000E+04 2.922900085E+02 1.383999939E+02 -1.014599991E+01 -2.316900063E+01 4.871399999E-01 5.032500029E-01 1.128199976E-03
 1.168500021E-04 8.439199883E-05 8.329899907E-01 -2.164800000E+04 -1.248800000E+04 2.926900024E+02 1.350299988E+02 -9.218799591E+00 -4.096400070E+01 4.747700095E-01 5.077099800E-01 1.119800028E-03
 1.189000031E-04 8.424800035E-05 8.375399709E-01 -1.811000000E+04 -5.370299805E+03 2.931199951E+02 1.320800018E+02 -8.758000374E+00 -5.669800186E+01 4.640200138E-01 5.112400055E-01 1.113699982E-03
 1.209499969E-04 8.410400187E-05 8.418999910E-01 -9.638900391E+03 -1.137000000E+04 2.935100098E+02 1.293200073E+02 -8.217499733E+00 -6.694300079E+01 4.539400041E-01 5.145699978E-01 1.108000055E-03
 1.230000053E-04 8.396000339E-05 8.460199833E-01 -1.230000000E+04 -2.111900000E+04 2.938399963E+02 1.267500000E+02 -7.886300087E+00 -6.887000275E+01 4.446299970E-01 5.176799893E-01 1.102600014E-03
 1.250500063E-04 8.381599764E-05 8.492100239E-01 -1.597600000E+04 -1.749900000E+04 2.942500000E+02 1.243300018E+02 -7.837999821E+00 -6.804199982E+01 4.358600080E-01 5.203400254E-01 1.098399982E-03
 1.270999928E-04 8.367199916E-05 8.527399898E-01 -1.561400000E+04 -9.306200195E+03 2.947300110E+02 1.221500015E+02 -7.579999924E+00 -7.672599792E+01 4.278399944E-01 5.233600140E-01 1.093899948E-03
 1.291499939E-04 8.352800069E-05 8.565899730E-01 -8.385799805E+03 -1.043300000E+04 2.949299927E+02 1.200000000E+02 -7.159500122E+00 -7.046900177E+01 4.201000035E-01 5.260800123E-01 1.089000027E-03
 1.311999949E-04 8.338400221E-05 8.592299819E-01 5.268800049E+02 -1.424500000E+04 2.951799927E+02 1.178799973E+02 -6.938099861E+00 -6.086999893E+01 4.124999940E-01 5.281500220E-01 1.085600001E-03
 1.332499960E-04 8.323999646E-05 8.618100286E-01 8.111599731E+02 -9.010099609E+03 2.954899902E+02 1.158300018E+02 -6.803500175E+00 -6.010800171E+01 4.050999880E-01 5.303000212E-01 1.082399976E-03
 1.352999971E-04 8.309599798E-05 8.648300171E-01 -7.229600098E+03 -9.470599609E+03 2.956799927E+02 1.138300018E+02 -6.430099964E+00 -6.086700058E+01 3.979400098E-01 5.325000286E-01 1.078599948E-03
 1.373499981E-04 8.295199950E-05 8.670899868E-01 -9.929299805E+03 -1.284600000E+04 2.959100037E+02 1.122799988E+02 -6.163099766E+00 -5.956200027E+01 3.923200071E-01 5.343000293E-01 1.075800043E-03
 1.393999992E-04 8.280800103E-05 8.696699739E-01 -3.432000122E+02 -1.216200000E+04 2.960599976E+02 1.106900024E+02 -6.038599968E+00 -2.472699928E+01 3.866600096E-01 5.361599922E-01 1.072600018E-03
 1.414500002E-04 8.266400255E-05 8.724399805E-01 4.231099854E+02 -2.453199951E+03 2.962399902E+02 1.088600006E+02 -5.847700119E+00 -1.976700020E+01 3.801299930E-01 5.382000208E-01 1.069199992E-03
 1.435000013E-04 8.251999679E-05 8.748300076E-01 -3.137300049E+03 -5.291400146E+02 2.963800049E+02 1.071200027E+02 -5.552000046E+00 -4.072900009E+01 3.739100099E-01 5.399199724E-01 1.066299970E-03
 1.455500023E-04 8.237599832E-05 8.768500090E-01 -7.916900024E+02 -1.096800000E+04 2.965599976E+02 1.057600021E+02 -5.397299767E+00 -6.800700378E+01 3.690499961E-01 5.414999723E-01 1.063799951E-03
 1.476000034E-04 8.223199984E-05 8.788700104E-01 2.599800049E+03 -8.864500000E+03 2.967500000E+02 1.045899963E+02 -5.226099968E+00 -7.829000092E+01 3.648200035E-01 5.430999994E-01 1.061400049E-03
 1.496500045E-04 8.208800136E-05 8.800299764E-01 -3.209800049E+03 -6.618399902E+03 2.969800110E+02 1.034700012E+02 -4.904900074E+00 -5.427500153E+01 3.607400060E-01 5.442399979E-01 1.060000039E-03
 1.517000055E-04 8.194400289E-05 8.807500005E-01 -8.086200195E+03 -9.178000000E+03 2.972500000E+02 1.022699966E+02 -4.800300121E+00 -5.322399902E+01 3.564000130E-01 5.451800227E-01 1.059100032E-03
 1.537500066E-04 8.179999713E-05 8.822399974E-01 -3.632600098E+03 -1.087800000E+04 2.974800110E+02 1.010100021E+02 -4.519400120E+00 -4.742800140E+01 3.518199921E-01 5.465199947E-01 1.057300018E-03
 1.557999931E-04 8.165599866E-05 8.840600252E-01 -9.892400391E+03 -1.117800000E+04 2.975599976E+02 9.982299805E+01 -4.087800026E+00 -2.756900024E+01 3.475799859E-01 5.478000045E-01 1.055100001E-03
 1.578499941E-04 8.151200018E-05 8.853899837E-01 -6.238700195E+03 -5.924299805E+03 2.976799927E+02 9.868900299E+01 -3.904500008E+00 -3.038599968E+01 3.435499966E-01 5.488399863E-01 1.053499989E-03
 1.598999952E-04 8.136800170E-05 8.857600093E-01 2.492599945E+02 -2.303100098E+03 2.978900146E+02 9.783799744E+01 -3.812000036E+00 -3.304199982E+01 3.404600024E-01 5.494599938E-01 1.053099986E-03
 1.619499963E-04 8.122400322E-05 8.877500296E-01 -1.582099976E+03 -1.851000000E+03 2.978399963E+02 9.696499634E+01 -3.419199944E+00 -2.886800003E+01 3.374100029E-01 5.505899787E-01 1.050799969E-03
 1.639999973E-04 8.107999747E-05 8.896700144E-01 -1.339800049E+03 -3.615399902E+03 2.977699890E+02 9.621900177E+01 -2.818700075E+00 -3.023200035E+01 3.347800076E-01 5.516600013E-01 1.048499951E-03
 1.660499984E-04 8.093599899E-05 8.897399902E-01 -8.152600098E+03 -5.543399902E+03 2.979299927E+02 9.570899963E+01 -2.572599888E+00 -2.535899925E+01 3.328900039E-01 5.519999862E-01 1.048399950E-03
 1.680999994E-04 8.079200052E-05 8.905000091E-01 -6.247299805E+03 -3.672100098E+03 2.979500122E+02 9.515200043E+01 -2.393100023E+00 -2.825499916E+01 3.309299946E-01 5.525199771E-01 1.047499944E-03
 1.701500005E-04 8.064800204E-05 8.916599751E-01 -7.976400146E+02 1.897900024E+03 2.977900085E+02 9.464900208E+01 -1.799399972E+00 -3.695800018E+01 3.292300105E-01 5.529400110E-01 1.046100049E-03
 1.722000015E-04 8.050400356E-05 8.935300112E-01 1.901500000E+03 5.767000122E+02 2.977799988E+02 9.418099976E+01 -1.302099943E+00 -2.768700027E+01 3.275800049E-01 5.540800095E-01 1.044000033E-03
 1.742500026E-04 8.035999781E-05 8.946099877E-01 -5.131100082E+01 -1.080700000E+04 2.979200134E+02 9.379799652E+01 -1.123999953E+00 -1.812599945E+01 3.261600137E-01 5.550000072E-01 1.042700023E-03
 1.763000037E-04 8.021599933E-05 8.940600157E-01 -1.442599976E+03 -1.437500000E+04 2.980400085E+02 9.359100342E+01 -8.012599945E-01 -1.726499939E+01 3.253700137E-01 5.548899770E-01 1.043300028E-03
 1.783500047E-04 8.007200086E-05 8.937100172E-01 -2.629400024E+02 -8.148600098E+03 2.981499939E+02 9.339700317E+01 -4.216000140E-01 -1.854400063E+01 3.246299922E-01 5.548800230E-01 1.043700031E-03
 1.804000058E-04 7.992800238E-05 8.939800262E-01 6.406400146E+02 -8.951500000E+03 2.981400146E+02 9.309999847E+01 1.694599986E-01 -2.337400055E+01 3.235999942E-01 5.550199747E-01 1.043400029E-03
 1.824500068E-04 7.978399663E-05 8.945099711E-01 4.765600098E+03 -9.905599609E+03 2.981099854E+02 9.291500092E+01 7.547500134E-01 -1.619300079E+01 3.229799867E-01 5.552899837E-01 1.042800024E-03
 1.844999933E-04 7.963999815E-05 8.952800035E-01 -4.743799805E+03 -3.158699951E+03 2.981499939E+02 9.290200043E+01 1.182000041E+00 -2.266699982E+01 3.229199946E-01 5.558400154E-01 1.041900017E-03
 1.865499944E-04 7.949599967E-05 8.959000111E-01 -4.153299805E+03 -2.646000000E+03 2.980000000E+02 9.305100250E+01 1.898399949E+00 -2.480500031E+01 3.235599995E-01 5.559499860E-01 1.041200012E-03
 1.885999955E-04 7.935200119E-05 8.953599930E-01 -2.404100098E+03 3.141000000E+03 2.980299988E+02 9.342800140E+01 2.623800039E+00 -1.216899967E+01 3.249199986E-01 5.556700230E-01 1.041800017E-03
 1.906499965E-04 7.920800272E-05 8.946099877E-01 -2.990399902E+03 5.319100098E+03 2.981099854E+02 9.375000000E+01 3.249700069E+00 -1.195499992E+01 3.260599971E-01 5.553500056E-01 1.042700023E-03
 1.926999976E-04 7.906399696E-05 8.945599794E-01 1.079000000E+04 -3.183800049E+02 2.979800110E+02 9.398600006E+01 3.759099960E+00 6.705299854E+00 3.270100057E-01 5.550900102E-01 1.042700023E-03
 1.947499986E-04 7.891999849E-05 8.942000270E-01 4.675399902E+03 -4.070300049E+03 2.979800110E+02 9.450499725E+01 4.272099972E+00 3.701100159E+01 3.289000094E-01 5.548700094E-01 1.043200027E-03
 1.967999997E-04 7.877600001E-05 8.930799961E-01 -9.702900391E+03 -4.698100098E+03 2.980400085E+02 9.521900177E+01 4.893499851E+00 2.829999924E+01 3.314499855E-01 5.542799830E-01 1.044500037E-03
 1.988500007E-04 7.863200153E-05 8.924599886E-01 -9.892799805E+03 1.484199951E+03 2.978999939E+02 9.598600006E+01 5.767700195E+00 1.141300011E+01 3.343600035E-01 5.536400080E-01 1.045200042E-03
 2.009000018E-04 7.848800306E-05 8.927599788E-01 1.903500000E+03 3.851000000E+03 2.977300110E+02 9.679000092E+01 6.790200233E+00 1.503299999E+01 3.374800086E-01 5.535100102E-01 1.044800039E-03
 2.029500029E-04 7.834399730E-05 8.924099803E-01 7.987299805E+03 -5.109899902E+03 2.975899963E+02 9.761900330E+01 7.417699814E+00 1.336900043E+01 3.405900002E-01 5.530300140E-01 1.045300043E-03
 2.050000039E-04 7.819999882E-05 8.918200135E-01 5.018899902E+03 -1.234700000E+04 2.974899902E+02 9.808200073E+01 7.596799850E+00 1.340499973E+01 3.422999978E-01 5.524700284E-01 1.045900048E-03
 0.000000000E+00 8.616699779E-05 1.600700021E+00 1.804600000E+04 -3.577800000E+04 3.000000000E+02 8.682299805E+01 5.339499950E+00 7.895899963E+01 3.015600145E-01 9.994500279E-01 5.808700225E-04
 2.049999921E-06 8.630000229E-05 1.595999956E+00 3.162800049E+03 -3.277200000E+04 2.994700012E+02 8.776000214E+01 5.420199871E+00 3.400500107E+01 3.050099909E-01 9.950399995E-01 5.835199845E-04
 4.099999842E-06 8.643299952E-05 1.589800000E+00 -5.852299805E+03 -1.264800000E+04 2.986799927E+02 8.928700256E+01 5.625999928E+00 -2.790600014E+01 3.106699884E-01 9.887800217E-01 5.867499858E-04
 6.149999990E-06 8.656700084E-05 1.586400032E+00 2.716099854E+02 -7.110000000E+03 2.983900146E+02 9.076399994E+01 5.865600109E+00 -5.557199860E+01 3.160000145E-01 9.857100248E-01 5.880100070E-04
 8.199999684E-06 8.669999806E-05 1.582100034E+00 3.259500000E+03 -9.038599609E+03 2.981600037E+02 9.284899902E+01 6.040999889E+00 -8.700700378E+01 3.233900070E-01 9.823399782E-01 5.895799841E-04
 1.024999983E-05 8.683300257E-05 1.578199983E+00 1.425400000E+04 1.602199951E+03 2.978500061E+02 9.500299835E+01 6.203700066E+00 -5.593099976E+01 3.310700059E-01 9.788500071E-01 5.910699838E-04
 1.229999998E-05 8.696699661E-05 1.574399948E+00 1.271700000E+04 1.373399963E+02 2.977000122E+02 9.717099762E+01 6.307499886E+00 -2.709900093E+01 3.387100101E-01 9.760199785E-01 5.924699944E-04
 1.435000013E-05 8.710000111E-05 1.569499969E+00 2.418399902E+03 -2.530300049E+03 2.975299988E+02 9.978900146E+01 6.404300213E+00 -6.757299805E+01 3.479099870E-01 9.724299908E-01 5.943300202E-04
 1.639999937E-05 8.723299834E-05 1.564800024E+00 8.338299805E+03 -7.741799805E+03 2.972099915E+02 1.025199966E+02 6.570799828E+00 -6.530100250E+01 3.576099873E-01 9.684699774E-01 5.961200222E-04
 1.845000043E-05 8.736699965E-05 1.559100032E+00 1.143400000E+04 1.296900024E+03 2.968200073E+02 1.053899994E+02 6.661099911E+00 -3.252899933E+01 3.678500056E-01 9.636700153E-01 5.982900038E-04
 2.049999966E-05 8.749999688E-05 1.552299976E+00 3.931199951E+03 6.210200195E+03 2.964500122E+02 1.085599976E+02 6.919700146E+00 -3.614599991E+01 3.791599870E-01 9.582999945E-01 6.008999771E-04
 2.255000072E-05 8.763300139E-05 1.545199990E+00 -4.888399902E+03 -8.142799805E+03 2.961000061E+02 1.118799973E+02 7.283100128E+00 7.120299816E+00 3.910200000E-01 9.527800083E-01 6.036799750E-04
 2.459999996E-05 8.776700270E-05 1.536499977E+00 -1.416400000E+04 -2.912500000E+03 2.956700134E+02 1.157399979E+02 7.400800228E+00 3.020899963E+01 4.047699869E-01 9.460600019E-01 6.070800009E-04
 2.664999920E-05 8.789999993E-05 1.528499961E+00 2.510699951E+03 8.607500000E+03 2.950899963E+02 1.200400009E+02 7.511499882E+00 1.546199989E+01 4.202100039E-01 9.392499924E-01 6.102800253E-04
 2.870000026E-05 8.803299716E-05 1.519400001E+00 1.321800000E+04 1.905599976E+03 2.944400024E+02 1.246100006E+02 7.727600098E+00 8.229800224E+00 4.366799891E-01 9.315800071E-01 6.139500183E-04
 3.075000132E-05 8.816699847E-05 1.507200003E+00 1.259500000E+04 6.388499756E+02 2.935799866E+02 1.296300049E+02 8.086899757E+00 -2.473900032E+01 4.549500048E-01 9.214599729E-01 6.188899861E-04
 3.279999873E-05 8.830000297E-05 1.495200038E+00 1.444900000E+04 -4.121000000E+03 2.926199951E+02 1.350200043E+02 8.433600426E+00 -8.206000328E+00 4.746200144E-01 9.111199975E-01 6.238499773E-04
 3.484999979E-05 8.843300020E-05 1.480900049E+00 8.184299805E+03 -1.238200000E+04 2.916799927E+02 1.410800018E+02 8.599599838E+00 5.774599838E+01 4.967100024E-01 8.995100260E-01 6.298900116E-04
 3.690000085E-05 8.856700151E-05 1.463899970E+00 2.171700000E+04 -6.835299805E+03 2.904599915E+02 1.476799927E+02 8.843600273E+00 4.803099823E+01 5.209900141E-01 8.854699731E-01 6.372099742E-04
 3.894999827E-05 8.869999874E-05 1.445099950E+00 2.449600000E+04 -8.797599609E+03 2.890700073E+02 1.551199951E+02 9.218099594E+00 5.385099888E+00 5.485299826E-01 8.698899746E-01 6.455400144E-04
 4.099999933E-05 8.883300325E-05 1.423300028E+00 2.485000000E+04 -5.029299927E+02 2.874899902E+02 1.638099976E+02 9.676500320E+00 3.565599823E+01 5.808500051E-01 8.521100283E-01 6.553999847E-04
 4.305000039E-05 8.896699728E-05 1.396000028E+00 4.409800000E+04 7.006100098E+03 2.855499878E+02 1.734199982E+02 9.838999748E+00 2.058799934E+01 6.169499755E-01 8.301299810E-01 6.682800013E-04
 4.510000144E-05 8.910000179E-05 1.361299992E+00 5.337900000E+04 6.286300049E+02 2.832399902E+02 1.842899933E+02 9.774800301E+00 -2.028100014E+01 6.581400037E-01 8.029699922E-01 6.853599916E-04
 4.714999886E-05 8.923299902E-05 1.321799994E+00 4.643300000E+04 -3.057699951E+03 2.804800110E+02 1.968800049E+02 9.552700043E+00 -1.645599961E+00 7.064099908E-01 7.720699906E-01 7.058900082E-04
 4.919999992E-05 8.936700033E-05 1.274899960E+00 4.344000000E+04 -9.383400391E+03 2.771000061E+02 2.112700043E+02 8.600799561E+00 -1.505799961E+01 7.624400258E-01 7.357500196E-01 7.319700089E-04
 5.125000098E-05 8.949999756E-05 1.217399955E+00 5.534100000E+04 -2.650400000E+04 2.729700012E+02 2.276300049E+02 7.006599903E+00 -7.698100281E+01 8.273900151E-01 6.921300292E-01 7.667599712E-04
 5.329999840E-05 8.938000246E-05 1.149899960E+00 6.959700000E+04 -1.797500000E+04 2.678299866E+02 2.459700012E+02 4.758399963E+00 -1.202099991E+02 9.024199843E-01 6.415100098E-01 8.120199782E-04
 5.534999946E-05 8.926000010E-05 1.076200008E+00 7.347600000E+04 -4.107000000E+03 2.619200134E+02 2.655400085E+02 1.324100018E+00 -1.493500061E+02 9.849900007E-01 5.871899724E-01 8.678699960E-04
 5.740000051E-05 8.913999773E-05 9.995300174E-01 6.937100000E+04 -1.125600000E+04 2.555800018E+02 2.850700073E+02 -3.440299988E+00 -1.593899994E+02 1.070500016E+00 5.322300196E-01 9.346600273E-04
 5.945000157E-05 8.902000263E-05 9.223200083E-01 5.643200000E+04 -8.268000000E+03 2.489600067E+02 3.037699890E+02 -8.946599960E+00 -1.674299927E+02 1.156200051E+00 4.784300029E-01 1.013100031E-03
 6.150000263E-05 8.890000026E-05 8.467900157E-01 3.985600000E+04 -1.199300000E+04 2.422500000E+02 3.216000061E+02 -1.456099987E+01 -1.321199951E+02 1.241700053E+00 4.274399877E-01 1.103700022E-03
 6.354999641E-05 8.877999790E-05 7.757899761E-01 3.228400000E+04 -1.434600000E+04 2.356799927E+02 3.383699951E+02 -2.021800041E+01 -9.698300171E+01 1.325500011E+00 3.809599876E-01 1.204699976E-03
 6.559999747E-05 8.866000280E-05 7.110199928E-01 9.279099609E+03 -1.542100000E+04 2.293300018E+02 3.539200134E+02 -2.530400085E+01 -8.243800354E+01 1.406499982E+00 3.397600055E-01 1.314399997E-03
 6.764999853E-05 8.854000043E-05 6.524999738E-01 -1.366300000E+04 -1.183400000E+04 2.230500031E+02 3.679899902E+02 -2.942200089E+01 -5.983300018E+01 1.483800054E+00 3.032500148E-01 1.432199962E-03
 6.969999959E-05 8.841999806E-05 5.999900103E-01 -1.960700000E+04 3.157000000E+03 2.171199951E+02 3.804200134E+02 -3.305899811E+01 -2.997400093E+01 1.555600047E+00 2.714200020E-01 1.557399984E-03
 7.175000064E-05 8.830000297E-05 5.536999702E-01 -4.542900000E+04 8.677799805E+03 2.117500000E+02 3.917200012E+02 -3.629899979E+01 5.385300159E+00 1.622799993E+00 2.442699969E-01 1.687200041E-03
 7.380000170E-05 8.818000060E-05 5.131000280E-01 -7.345500000E+04 7.015200195E+03 2.068099976E+02 4.021799927E+02 -3.861700058E+01 2.898500061E+01 1.686300039E+00 2.210700065E-01 1.820600010E-03
 7.585000276E-05 8.805999823E-05 4.770799875E-01 -8.947500000E+04 7.372899902E+03 2.022500000E+02 4.115599976E+02 -4.002299881E+01 4.365399933E+01 1.745200038E+00 2.010100037E-01 1.957699889E-03
 7.789999654E-05 8.794000314E-05 4.456799924E-01 -1.034000000E+05 1.036900000E+04 1.980800018E+02 4.196199951E+02 -4.091699982E+01 5.722299957E+01 1.797999978E+00 1.838900000E-01 2.095199889E-03
 7.994999760E-05 8.782000077E-05 4.180499911E-01 -1.176200000E+05 1.200800000E+04 1.942799988E+02 4.269700012E+02 -4.125199890E+01 6.883899689E+01 1.847100019E+00 1.691800058E-01 2.233499894E-03
 8.199999866E-05 8.769999840E-05 3.935900033E-01 -1.275500000E+05 1.379800000E+04 1.907100067E+02 4.338099976E+02 -4.114500046E+01 8.222499847E+01 1.893900037E+00 1.563500017E-01 2.371999901E-03
 8.404999971E-05 8.758000331E-05 3.727799952E-01 -1.328600000E+05 1.637400000E+04 1.875399933E+02 4.396099854E+02 -4.042599869E+01 8.583799744E+01 1.934800029E+00 1.456100047E-01 2.503900090E-03
 8.610000077E-05 8.746000094E-05 3.551299870E-01 -1.378400000E+05 1.780400000E+04 1.848999939E+02 4.446499939E+02 -3.896900177E+01 1.021999969E+02 1.970100045E+00 1.367599964E-01 2.627999987E-03
 8.815000183E-05 8.733999857E-05 3.395299911E-01 -1.515600000E+05 2.309500000E+04 1.826000061E+02 4.490400085E+02 -3.758900070E+01 1.218700027E+02 2.001399994E+00 1.291200072E-01 2.748700092E-03
 9.020000289E-05 8.722000348E-05 3.257800043E-01 -1.830300000E+05 2.574000000E+04 1.807299957E+02 4.524800110E+02 -3.626200104E+01 1.053000031E+02 2.026499987E+00 1.226200014E-01 2.864399925E-03
 9.224999667E-05 8.710000111E-05 3.135299981E-01 -2.129300000E+05 2.426700000E+04 1.791699982E+02 4.556099854E+02 -3.432600021E+01 9.967800140E+01 2.048599958E+00 1.169900000E-01 2.976200078E-03
 9.429999773E-05 8.697999874E-05 3.027400076E-01 -2.292800000E+05 3.061500000E+04 1.777299957E+02 4.585400085E+02 -3.195700073E+01 1.047500000E+02 2.069299936E+00 1.120499969E-01 3.082100069E-03
 9.634999878E-05 8.685999637E-05 2.936800122E-01 -2.480600000E+05 3.157200000E+04 1.765700073E+02 4.607099915E+02 -2.970899963E+01 9.882700348E+01 2.085099936E+00 1.079799980E-01 3.176999977E-03
 9.839999984E-05 8.674000128E-05 2.862200141E-01 -2.834300000E+05 2.382800000E+04 1.758899994E+02 4.620299988E+02 -2.784399986E+01 9.449199677E+01 2.094599962E+00 1.048400030E-01 3.259500023E-03
 1.004500009E-04 8.661999891E-05 2.811399996E-01 -3.623200000E+05 2.383300000E+04 1.765599976E+02 4.606799927E+02 -2.602099991E+01 9.477200317E+01 2.084000111E+00 1.033700034E-01 3.318100004E-03
 1.025000020E-04 8.649999654E-05 2.874099910E-01 -6.907300000E+05 1.938000000E+04 1.859600067E+02 4.422200012E+02 -2.436499977E+01 8.028399658E+01 1.952399969E+00 1.114400029E-01 3.248099936E-03
 1.045500030E-04 8.638000145E-05 3.488500118E-01 -1.193200000E+06 1.261500000E+04 2.194199982E+02 3.660899963E+02 -2.219899940E+01 8.993000031E+01 1.506999969E+00 1.621599942E-01 2.738100011E-03
 1.065999968E-04 8.625999908E-05 5.107600093E-01 -9.343400000E+05 7.083100098E+03 2.610400085E+02 2.508600006E+02 -1.891699982E+01 1.365299988E+02 9.425799847E-01 2.814199924E-01 1.912700012E-03
 1.086499979E-04 8.613999671E-05 6.934000254E-01 -2.633700000E+05 7.125299805E+03 2.831700134E+02 1.745599976E+02 -1.527999973E+01 1.021600037E+02 6.257299781E-01 4.097200036E-01 1.360800001E-03
 1.106999989E-04 8.602000162E-05 7.885699868E-01 -5.892400000E+04 7.527200195E+03 2.900499878E+02 1.483500061E+02 -1.219499969E+01 2.662599945E+01 5.246099830E-01 4.763599932E-01 1.183800050E-03
 1.127500000E-04 8.589999925E-05 8.154000044E-01 -2.933500000E+04 1.380500031E+02 2.918599854E+02 1.401199951E+02 -9.873700142E+00 -1.599300003E+01 4.934900105E-01 4.955700040E-01 1.144099981E-03
 1.148000010E-04 8.577999688E-05 8.242499828E-01 -1.974100000E+04 -8.887400391E+03 2.925499878E+02 1.356900024E+02 -8.444299698E+00 -4.179199982E+01 4.770399928E-01 5.021299720E-01 1.131700003E-03
 1.168500021E-04 8.566000179E-05 8.305799961E-01 -1.100100000E+04 -1.115600000E+04 2.931499939E+02 1.322599945E+02 -7.646599770E+00 -5.654899979E+01 4.643900096E-01 5.070199966E-01 1.123100054E-03
 1.189000031E-04 8.553999942E-05 8.352299929E-01 -1.195000000E+04 -8.431000000E+03 2.936700134E+02 1.293500061E+02 -7.136499882E+00 -6.734700012E+01 4.536800086E-01 5.107700229E-01 1.116800006E-03
 1.209499969E-04 8.541999705E-05 8.393300176E-01 -1.602000000E+04 -1.421300000E+04 2.940700073E+02 1.265699997E+02 -6.744100094E+00 -7.376799774E+01 4.435899854E-01 5.139799714E-01 1.111399964E-03
 1.230000053E-04 8.530000196E-05 8.442599773E-01 -1.424500000E+04 -1.746600000E+04 2.943399963E+02 1.239199982E+02 -6.448500156E+00 -6.351399994E+01 4.340699911E-01 5.174700022E-01 1.104900031E-03
 1.250500063E-04 8.517999959E-05 8.485000134E-01 -1.654100000E+04 -1.628500000E+04 2.946499939E+02 1.215000000E+02 -6.403699875E+00 -5.151300049E+01 4.253799915E-01 5.206300020E-01 1.099399989E-03
 1.270999928E-04 8.505999722E-05 8.516799808E-01 -1.987000000E+04 -1.288000000E+04 2.950799866E+02 1.191800003E+02 -6.192200184E+00 -7.298400116E+01 4.169700146E-01 5.233299732E-01 1.095299958E-03
 1.291499939E-04 8.494000213E-05 8.545100093E-01 -1.335600000E+04 -5.993600098E+03 2.953800049E+02 1.169400024E+02 -5.842299938E+00 -4.859299850E+01 4.088599980E-01 5.256000161E-01 1.091600046E-03
 1.311999949E-04 8.481999976E-05 8.571599722E-01 -6.609399902E+03 -1.012600000E+04 2.957600098E+02 1.149499969E+02 -5.601399899E+00 -4.370600128E+01 4.016300142E-01 5.279200077E-01 1.088200021E-03
 1.332499960E-04 8.469999739E-05 8.601199985E-01 -6.317799805E+03 -8.232099609E+03 2.960299988E+02 1.130299988E+02 -5.497700214E+00 -6.095700073E+01 3.947399855E-01 5.302199721E-01 1.084499992E-03
 1.352999971E-04 8.458000229E-05 8.632000089E-01 -7.882000000E+03 -6.860799805E+03 2.960799866E+02 1.113000031E+02 -5.331200123E+00 -4.750099945E+01 3.886500001E-01 5.322099924E-01 1.080599963E-03
 1.373499981E-04 8.445999993E-05 8.660699725E-01 -1.252500000E+04 -1.284400000E+04 2.962500000E+02 1.098199997E+02 -5.118700027E+00 -4.796300125E+01 3.833299875E-01 5.342800021E-01 1.077100052E-03
 1.393999992E-04 8.433999756E-05 8.693699837E-01 -8.195799805E+03 -7.707299805E+03 2.963099976E+02 1.081600037E+02 -4.780000210E+00 -2.378300095E+01 3.774600029E-01 5.364300013E-01 1.073000021E-03
 1.414500002E-04 8.422000246E-05 8.716499805E-01 -4.204000000E+03 5.289400024E+02 2.964500122E+02 1.064599991E+02 -4.614900112E+00 -1.961899948E+01 3.714199960E-01 5.380899906E-01 1.070200000E-03
 1.435000013E-04 8.410000009E-05 8.738700151E-01 -5.239200195E+03 -2.656399902E+03 2.965599976E+02 1.049400024E+02 -4.522500038E+00 -3.155299950E+01 3.660399914E-01 5.396699905E-01 1.067399979E-03
 1.455500023E-04 8.397999773E-05 8.760399818E-01 -5.198500000E+03 -1.295900000E+04 2.966499939E+02 1.037099991E+02 -4.497399807E+00 -4.565000153E+01 3.617100120E-01 5.411700010E-01 1.064799959E-03
 1.476000034E-04 8.386000263E-05 8.779699802E-01 -5.656600098E+03 -1.644900000E+04 2.969100037E+02 1.025299988E+02 -4.413199902E+00 -7.624199677E+01 3.574300110E-01 5.428299904E-01 1.062500058E-03
 1.496500045E-04 8.374000026E-05 8.794900179E-01 -9.296200195E+03 -1.148300000E+04 2.971799927E+02 1.013600006E+02 -3.909199953E+00 -6.140000153E+01 3.531399965E-01 5.442699790E-01 1.060600043E-03
 1.517000055E-04 8.361999789E-05 8.802899718E-01 -8.565299805E+03 -3.137399902E+02 2.974100037E+02 1.001399994E+02 -3.665100098E+00 -4.230799866E+01 3.487299979E-01 5.451899767E-01 1.059600036E-03
 1.537500066E-04 8.350000280E-05 8.818100095E-01 1.406000000E+03 -2.922300049E+03 2.976400146E+02 9.882599640E+01 -3.487900019E+00 -4.327799988E+01 3.440000117E-01 5.465499759E-01 1.057800022E-03
 1.557999931E-04 8.338000043E-05 8.834199905E-01 -5.832100220E+02 -7.624899902E+03 2.977200012E+02 9.773500061E+01 -3.180200100E+00 -3.283399963E+01 3.401199877E-01 5.476899743E-01 1.055900007E-03
 1.578499941E-04 8.325999806E-05 8.845900297E-01 -5.342799805E+03 -5.036399902E+03 2.977799988E+02 9.676300049E+01 -3.070199966E+00 -3.508100128E+01 3.366999924E-01 5.485299826E-01 1.054499997E-03
 1.598999952E-04 8.314000297E-05 8.854600191E-01 -2.984600098E+03 -5.304700195E+03 2.979800110E+02 9.577600098E+01 -2.964900017E+00 -2.140099907E+01 3.331399858E-01 5.494400263E-01 1.053499989E-03
 1.619499963E-04 8.302000060E-05 8.863400221E-01 2.518899994E+02 -5.401899902E+03 2.981499939E+02 9.498899841E+01 -2.776999950E+00 -1.419200039E+01 3.302899897E-01 5.502899885E-01 1.052399981E-03
 1.639999973E-04 8.289999823E-05 8.875100017E-01 -5.044299805E+03 -7.064700195E+03 2.981300049E+02 9.437300110E+01 -2.329200029E+00 -2.700300026E+01 3.281199932E-01 5.509899855E-01 1.050999970E-03
 1.660499984E-04 8.278000314E-05 8.887599707E-01 -1.042200000E+04 -7.400200195E+03 2.980799866E+02 9.384700012E+01 -2.059499979E+00 -3.274399948E+01 3.262999952E-01 5.516700149E-01 1.049499959E-03
 1.680999994E-04 8.266000077E-05 8.903499842E-01 -1.638699951E+03 2.503399963E+02 2.980000000E+02 9.333499908E+01 -1.949800014E+00 -4.639400101E+01 3.245599866E-01 5.525000095E-01 1.047699945E-03
 1.701500005E-04 8.253999840E-05 8.913400173E-01 3.148500000E+03 8.064500000E+03 2.979800110E+02 9.293299866E+01 -1.507599950E+00 -4.797200012E+01 3.231399953E-01 5.530800223E-01 1.046500052E-03
 1.722000015E-04 8.242000331E-05 8.926299810E-01 5.033299805E+03 2.641000000E+03 2.981300049E+02 9.269899750E+01 -1.053200006E+00 -2.694899940E+01 3.222199976E-01 5.541700125E-01 1.045000041E-03
 1.742500026E-04 8.230000094E-05 8.932200074E-01 5.491200195E+03 -7.319700195E+03 2.981700134E+02 9.249400330E+01 -7.551100254E-01 -2.306299973E+01 3.214800060E-01 5.546000004E-01 1.044300036E-03
 1.763000037E-04 8.217999857E-05 8.926200271E-01 1.542800049E+03 -1.197700000E+04 2.981700134E+02 9.227100372E+01 -3.400500119E-01 -3.735499954E+01 3.206999898E-01 5.542399883E-01 1.045000041E-03
 1.783500047E-04 8.206000348E-05 8.925899863E-01 -4.327600098E+03 -8.358000000E+03 2.982999878E+02 9.197100067E+01 -2.800299972E-02 -3.919499969E+01 3.195799887E-01 5.544599891E-01 1.045100042E-03
 1.804000058E-04 8.194000111E-05 8.932999969E-01 -4.543600098E+03 -8.387799805E+03 2.982799988E+02 9.177799988E+01 3.526200056E-01 -2.634199905E+01 3.189199865E-01 5.548499823E-01 1.044200035E-03
 1.824500068E-04 8.181999874E-05 8.940100074E-01 2.834600098E+03 -6.636899902E+03 2.982300110E+02 9.181600189E+01 7.662100196E-01 -7.423900127E+00 3.190900087E-01 5.551999807E-01 1.043400029E-03
 1.844999933E-04 8.169999637E-05 8.940500021E-01 3.135600098E+03 4.547000122E+02 2.983299866E+02 9.188099670E+01 1.166000009E+00 -1.633699989E+01 3.192799985E-01 5.554100275E-01 1.043300028E-03
 1.865499944E-04 8.158000128E-05 8.942599893E-01 4.899000000E+03 -8.158699951E+02 2.982300110E+02 9.199500275E+01 1.692299962E+00 -3.202000046E+01 3.197500110E-01 5.553699732E-01 1.043100026E-03
 1.885999955E-04 8.145999891E-05 8.940600157E-01 2.089800049E+03 9.072700195E+02 2.981799927E+02 9.241500092E+01 2.257999897E+00 -2.673600006E+01 3.212899864E-01 5.551499724E-01 1.043300028E-03
 1.906499965E-04 8.133999654E-05 8.938199878E-01 7.515700073E+02 2.643199951E+03 2.982200012E+02 9.292500305E+01 3.001100063E+00 -1.982900047E+01 3.231100142E-01 5.550699830E-01 1.043600030E-03
 1.926999976E-04 8.122000145E-05 8.936399817E-01 1.207300000E+04 2.323199951E+03 2.981700134E+02 9.338899994E+01 3.389400005E+00 -1.907799911E+01 3.247900009E-01 5.548599958E-01 1.043800032E-03
 1.947499986E-04 8.109999908E-05 8.932600021E-01 5.101100098E+03 1.048000000E+03 2.981600037E+02 9.397499847E+01 3.720099926E+00 -8.501299858E+00 3.268800080E-01 5.546100140E-01 1.044300036E-03
 1.967999997E-04 8.097999671E-05 8.924800158E-01 -9.891000000E+03 -4.966399902E+03 2.980700073E+02 9.466600037E+01 4.298999786E+00 -6.164700031E+00 3.294200003E-01 5.539500117E-01 1.045200042E-03
 1.988500007E-04 8.086000162E-05 8.919000030E-01 -6.564600098E+03 -5.086000061E+02 2.978299866E+02 9.544999695E+01 4.904099941E+00 -4.302800179E+00 3.323700130E-01 5.531600118E-01 1.045900048E-03
 2.009000018E-04 8.073999925E-05 8.920999765E-01 4.886500000E+03 9.535500000E+03 2.976499939E+02 9.636399841E+01 5.754700184E+00 2.317399979E+00 3.358199894E-01 5.529400110E-01 1.045600045E-03
 2.029500029E-04 8.061999688E-05 8.910800219E-01 4.520000000E+03 3.727699951E+03 2.975199890E+02 9.744599915E+01 6.540299892E+00 -2.957900047E+00 3.398100138E-01 5.520700216E-01 1.046800055E-03
 2.050000039E-04 8.050000179E-05 8.898900151E-01 -2.021000000E+03 -3.330500000E+03 2.974500122E+02 9.804199982E+01 6.777200222E+00 -7.898900032E+00 3.419699967E-01 5.511999726E-01 1.048199949E-03
 0.000000000E+00 8.733299910E-05 1.600700021E+00 1.385800000E+04 -2.553300000E+04 3.000000000E+02 8.453700256E+01 4.521100044E+00 7.694499969E+01 2.938899994E-01 1.000100017E+00 5.808499991E-04
 2.049999921E-06 8.743999933E-05 1.595499992E+00 -1.689400024E+03 -2.371600000E+04 2.995700073E+02 8.578500366E+01 4.686699867E+00 6.602799892E+00 2.981800139E-01 9.954000115E-01 5.837000208E-04
 4.099999842E-06 8.754699957E-05 1.589400053E+00 -6.135100098E+03 -1.064100000E+04 2.987699890E+02 8.772200012E+01 4.876399994E+00 -6.522899628E+01 3.050499856E-01 9.888700247E-01 5.868800217E-04
 6.149999990E-06 8.765300299E-05 1.586199999E+00 -4.498600098E+03 -2.275000000E+03 2.983999939E+02 8.937999725E+01 4.896699905E+00 -6.254100037E+01 3.109900057E-01 9.856500030E-01 5.880700191E-04
 8.199999684E-06 8.776000323E-05 1.582800031E+00 -1.091100000E+04 -5.870700073E+02 2.981900024E+02 9.145700073E+01 4.911600113E+00 -7.300700378E+01 3.183200061E-01 9.828400016E-01 5.893299822E-04
 1.024999983E-05 8.786700346E-05 1.579800010E+00 -2.086199951E+02 2.046500000E+03 2.976900024E+02 9.372100067E+01 5.157499790E+00 -4.716400146E+01 3.264900148E-01 9.793599844E-01 5.904500140E-04
 1.229999998E-05 8.797299961E-05 1.575500011E+00 2.296000000E+03 2.437800049E+03 2.974800110E+02 9.604199982E+01 5.219999790E+00 -1.289500046E+01 3.346799910E-01 9.760000110E-01 5.920500262E-04
 1.435000013E-05 8.807999984E-05 1.570000052E+00 -1.091900000E+04 1.271599976E+03 2.975000000E+02 9.864800262E+01 5.181200027E+00 -1.305399990E+01 3.437199891E-01 9.726399779E-01 5.941300187E-04
 1.639999937E-05 8.818700007E-05 1.564200044E+00 -5.732500000E+03 -1.251600000E+04 2.972699890E+02 1.014899979E+02 5.360199928E+00 -8.512499809E+00 3.537699878E-01 9.682999849E-01 5.963299773E-04
 1.845000043E-05 8.829300350E-05 1.558099985E+00 1.157400000E+04 -7.889399902E+03 2.968900146E+02 1.044100037E+02 5.439799786E+00 -2.349200058E+01 3.641600013E-01 9.632800221E-01 5.986900069E-04
 2.049999966E-05 8.839999646E-05 1.550799966E+00 1.453400000E+04 3.157500000E+03 2.964400024E+02 1.077300034E+02 5.597899914E+00 -3.805199814E+01 3.760400116E-01 9.573299885E-01 6.014900282E-04
 2.255000072E-05 8.850699669E-05 1.544199944E+00 -8.163400269E+02 -1.625400000E+04 2.959599915E+02 1.114300003E+02 5.893199921E+00 -2.653899956E+01 3.892900050E-01 9.517099857E-01 6.040500011E-04
 2.459999996E-05 8.861300012E-05 1.536499977E+00 -7.381899902E+03 -8.631500000E+03 2.955700073E+02 1.153799973E+02 5.938300133E+00 -1.000300026E+01 4.032999873E-01 9.457100034E-01 6.070900126E-04
 2.664999920E-05 8.872000035E-05 1.527999997E+00 4.496799805E+03 2.787300049E+03 2.951099854E+02 1.196100006E+02 5.976600170E+00 2.126600075E+01 4.183999896E-01 9.389899969E-01 6.104800268E-04
 2.870000026E-05 8.882700058E-05 1.518599987E+00 2.164199951E+03 -6.257100098E+03 2.943800049E+02 1.242099991E+02 6.171100140E+00 3.212400055E+01 4.350300133E-01 9.309499860E-01 6.142400089E-04
 3.075000132E-05 8.893299673E-05 1.506700039E+00 1.097200000E+04 -5.995700195E+03 2.934500122E+02 1.293099976E+02 6.473199844E+00 1.134000015E+01 4.535999894E-01 9.207500219E-01 6.190999993E-04
 3.279999873E-05 8.903999696E-05 1.494400024E+00 1.741900000E+04 -1.258400000E+04 2.926799927E+02 1.348899994E+02 6.778999805E+00 2.014599991E+01 4.737899899E-01 9.107800126E-01 6.242200034E-04
 3.484999979E-05 8.914699720E-05 1.481199980E+00 5.846600098E+03 -9.283299805E+03 2.918299866E+02 1.409400024E+02 6.886899948E+00 1.867799950E+01 4.957199991E-01 9.001600146E-01 6.297599757E-04
 3.690000085E-05 8.925300062E-05 1.465100050E+00 1.378700000E+04 -4.326799805E+03 2.905400085E+02 1.475200043E+02 7.124199867E+00 -1.623900032E+01 5.200200081E-01 8.864399791E-01 6.366900052E-04
 3.894999827E-05 8.936000086E-05 1.444700003E+00 2.484700000E+04 -5.616500000E+03 2.891199951E+02 1.550800018E+02 7.338500023E+00 -1.234000015E+01 5.479800105E-01 8.697900176E-01 6.457199925E-04
 4.099999933E-05 8.946700109E-05 1.422199965E+00 2.634000000E+04 4.995700195E+03 2.875199890E+02 1.636600037E+02 7.611400127E+00 2.398600006E+01 5.799000263E-01 8.514900208E-01 6.559399772E-04
 4.305000039E-05 8.957299724E-05 1.395599961E+00 3.431400000E+04 7.265000000E+03 2.855499878E+02 1.732899933E+02 7.937300205E+00 7.498700172E-02 6.161199808E-01 8.299000263E-01 6.684699911E-04
 4.510000144E-05 8.967999747E-05 1.361999989E+00 4.026000000E+04 -1.899500000E+03 2.833099976E+02 1.842700043E+02 7.942699909E+00 -1.753800011E+01 6.576799750E-01 8.035500050E-01 6.850099890E-04
 4.714999886E-05 8.978699771E-05 1.322299957E+00 4.721200000E+04 -1.149599991E+02 2.805700073E+02 1.967100067E+02 7.642000198E+00 -3.738199949E+00 7.054100037E-01 7.726299763E-01 7.056299946E-04
 4.919999992E-05 8.989300113E-05 1.274399996E+00 5.000400000E+04 -3.981800049E+03 2.772000122E+02 2.111199951E+02 6.892199993E+00 -4.111000061E+01 7.615200281E-01 7.357599735E-01 7.322399761E-04
 5.125000098E-05 9.000000136E-05 1.218199968E+00 6.050300000E+04 -2.068700000E+04 2.730499878E+02 2.273000031E+02 5.582499981E+00 -5.678900146E+01 8.259599805E-01 6.928200126E-01 7.661500131E-04
 5.329999840E-05 8.990400238E-05 1.152699947E+00 7.644000000E+04 -1.288700000E+04 2.679500122E+02 2.453000031E+02 3.743099928E+00 -6.258700180E+01 8.996899724E-01 6.433500051E-01 8.100399864E-04
 5.534999946E-05 8.980800339E-05 1.079599977E+00 6.048400000E+04 -3.424800110E+02 2.622500000E+02 2.645899963E+02 9.761300087E-01 -8.855300140E+01 9.808300138E-01 5.898200274E-01 8.650199743E-04
 5.740000051E-05 8.971199713E-05 1.004099965E+00 5.336500000E+04 -1.245000000E+04 2.560000000E+02 2.839299927E+02 -2.744899988E+00 -1.064899979E+02 1.065400004E+00 5.355200171E-01 9.303700062E-04
 5.945000157E-05 8.961599815E-05 9.274299741E-01 5.071500000E+04 -1.611600000E+04 2.493899994E+02 3.027799988E+02 -6.889599800E+00 -1.192300034E+02 1.151299953E+00 4.818899930E-01 1.007499988E-03
 6.150000263E-05 8.951999916E-05 8.526800275E-01 3.587700000E+04 -1.592400000E+04 2.428099976E+02 3.205000000E+02 -1.130799961E+01 -8.571099854E+01 1.235499978E+00 4.313899875E-01 1.095999964E-03
 6.354999641E-05 8.942400018E-05 7.823299766E-01 2.595700000E+04 -2.128900000E+04 2.363099976E+02 3.372000122E+02 -1.594999981E+01 -6.851499939E+01 1.318199992E+00 3.852100074E-01 1.194600016E-03
 6.559999747E-05 8.932800120E-05 7.169899940E-01 8.400500000E+03 -1.572000000E+04 2.298200073E+02 3.530499878E+02 -2.009799957E+01 -7.065599823E+01 1.400300026E+00 3.433499932E-01 1.303500030E-03
 6.764999853E-05 8.923200221E-05 6.577399969E-01 -1.152600000E+04 -9.043599609E+03 2.235599976E+02 3.674800110E+02 -2.329899979E+01 -4.458599854E+01 1.478299975E+00 3.063800037E-01 1.420799992E-03
 6.969999959E-05 8.913600323E-05 6.052799821E-01 -2.710600000E+04 -2.477300049E+03 2.176900024E+02 3.801900024E+02 -2.625200081E+01 -9.776599884E+00 1.550500035E+00 2.745299935E-01 1.543699997E-03
 7.175000064E-05 8.903999696E-05 5.585299730E-01 -4.613900000E+04 4.858000000E+03 2.121799927E+02 3.916099854E+02 -2.906299973E+01 1.719599915E+01 1.618199944E+00 2.469000071E-01 1.672800048E-03
 7.380000170E-05 8.894399798E-05 5.168799758E-01 -7.001300000E+04 4.586000000E+03 2.071399994E+02 4.020899963E+02 -3.098100090E+01 3.750400162E+01 1.681900024E+00 2.230599970E-01 1.807200024E-03
 7.585000276E-05 8.884799900E-05 4.805699885E-01 -8.946900000E+04 6.411199951E+01 2.025500031E+02 4.114800110E+02 -3.210800171E+01 4.657899857E+01 1.740700006E+00 2.027699947E-01 1.943400013E-03
 7.789999654E-05 8.875200001E-05 4.484100044E-01 -9.889100000E+04 3.645399902E+03 1.982100067E+02 4.197300110E+02 -3.281900024E+01 4.939199829E+01 1.794899940E+00 1.851499975E-01 2.082699910E-03
 7.994999760E-05 8.865600103E-05 4.196900129E-01 -1.107200000E+05 9.492000000E+03 1.942200012E+02 4.273500061E+02 -3.319300079E+01 5.427299881E+01 1.846099973E+00 1.697899997E-01 2.224900061E-03
 8.199999866E-05 8.856000204E-05 3.946399987E-01 -1.228600000E+05 1.057400000E+04 1.906199951E+02 4.343800049E+02 -3.323300171E+01 6.552200317E+01 1.893900037E+00 1.566900015E-01 2.365800086E-03
 8.404999971E-05 8.846400306E-05 3.728399873E-01 -1.318400000E+05 1.187600000E+04 1.874499969E+02 4.405700073E+02 -3.281399918E+01 8.129399872E+01 1.936699986E+00 1.455599964E-01 2.503700089E-03
 8.610000077E-05 8.836799680E-05 3.543500006E-01 -1.404800000E+05 1.265500000E+04 1.847100067E+02 4.457999878E+02 -3.186499977E+01 9.422699738E+01 1.973700047E+00 1.363199949E-01 2.633899916E-03
 8.815000183E-05 8.827199781E-05 3.386600018E-01 -1.550700000E+05 1.777800000E+04 1.823600006E+02 4.501400146E+02 -3.067099953E+01 9.688300323E+01 2.005199909E+00 1.286199987E-01 2.755699912E-03
 9.020000289E-05 8.817599883E-05 3.248099983E-01 -1.829500000E+05 1.838400000E+04 1.804700012E+02 4.536199951E+02 -2.927599907E+01 8.167600250E+01 2.030800104E+00 1.220799983E-01 2.873100108E-03
 9.224999667E-05 8.807999984E-05 3.120500147E-01 -2.132800000E+05 1.527500000E+04 1.788099976E+02 4.568500061E+02 -2.758699989E+01 7.756999969E+01 2.054199934E+00 1.162000000E-01 2.990399953E-03
 9.429999773E-05 8.798400086E-05 3.009800017E-01 -2.327800000E+05 2.376600000E+04 1.772899933E+02 4.597399902E+02 -2.592099953E+01 8.238300323E+01 2.075500011E+00 1.111200005E-01 3.100099973E-03
 9.634999878E-05 8.788800187E-05 2.918600142E-01 -2.476100000E+05 2.727800000E+04 1.760599976E+02 4.619899902E+02 -2.428100014E+01 7.788800049E+01 2.092499971E+00 1.070099995E-01 3.196799895E-03
 9.839999984E-05 8.779200289E-05 2.841500044E-01 -2.770000000E+05 1.980000000E+04 1.752899933E+02 4.634100037E+02 -2.264699936E+01 6.985700226E+01 2.103100061E+00 1.037300006E-01 3.283299971E-03
 1.004500009E-04 8.769599663E-05 2.787300050E-01 -3.520600000E+05 1.745500000E+04 1.758800049E+02 4.620799866E+02 -2.100000000E+01 6.352899933E+01 2.093300104E+00 1.020800024E-01 3.346800106E-03
 1.025000020E-04 8.759999764E-05 2.850700021E-01 -6.952100000E+05 9.540099609E+03 1.855899963E+02 4.430799866E+02 -1.964399910E+01 5.149000168E+01 1.957299948E+00 1.103300005E-01 3.275000025E-03
 1.045500030E-04 8.750399866E-05 3.464100063E-01 -1.213400000E+06 1.201000000E+03 2.194700012E+02 3.662399902E+02 -1.828000069E+01 5.175600052E+01 1.506700039E+00 1.610800028E-01 2.757400041E-03
 1.065999968E-04 8.740799967E-05 5.079500079E-01 -9.453800000E+05 1.154500000E+03 2.611799927E+02 2.505599976E+02 -1.592899990E+01 7.692099762E+01 9.405099750E-01 2.800300121E-01 1.924199983E-03
 1.086499979E-04 8.731200069E-05 6.902400255E-01 -2.623700000E+05 -1.102699951E+03 2.832600098E+02 1.733300018E+02 -1.277299976E+01 6.594899750E+01 6.205499768E-01 4.079799950E-01 1.367000048E-03
 1.106999989E-04 8.721600170E-05 7.852200270E-01 -5.594000000E+04 1.954700012E+02 2.902399902E+02 1.463399963E+02 -9.904600143E+00 2.863500023E+01 5.167700052E-01 4.746400118E-01 1.188799972E-03
 1.127500000E-04 8.712000272E-05 8.124600053E-01 -2.171600000E+04 3.555800049E+03 2.921799927E+02 1.375299988E+02 -7.833600044E+00 -5.987899780E+00 4.836699963E-01 4.943400025E-01 1.148200012E-03
 1.148000010E-04 8.702399646E-05 8.219199777E-01 -1.436800000E+04 -3.618699951E+03 2.928999939E+02 1.329400024E+02 -6.714200020E+00 -4.300999832E+01 4.667800069E-01 5.013099909E-01 1.134900027E-03
 1.168500021E-04 8.692799747E-05 8.289200068E-01 -1.529900000E+04 -3.557000000E+03 2.935299988E+02 1.295599976E+02 -6.122799873E+00 -5.492200089E+01 4.543499947E-01 5.066800117E-01 1.125299954E-03
 1.189000031E-04 8.683199849E-05 8.340499997E-01 -1.777300000E+04 -4.314500000E+03 2.940599976E+02 1.266500015E+02 -5.618299961E+00 -6.447899628E+01 4.436900020E-01 5.107300282E-01 1.118400018E-03
 1.209499969E-04 8.673599950E-05 8.383899927E-01 -2.364800000E+04 -1.007100000E+04 2.944700012E+02 1.239599991E+02 -5.373400211E+00 -6.812599945E+01 4.339500070E-01 5.141100287E-01 1.112599974E-03
 1.230000053E-04 8.664000052E-05 8.437299728E-01 -1.810400000E+04 -1.052900000E+04 2.947500000E+02 1.213000031E+02 -5.112899780E+00 -5.242900085E+01 4.244099855E-01 5.178700089E-01 1.105600037E-03
 1.250500063E-04 8.654400153E-05 8.475400209E-01 -1.184900000E+04 -7.754600098E+03 2.950100098E+02 1.188399963E+02 -4.984600067E+00 -4.221500015E+01 4.156199992E-01 5.206699967E-01 1.100599999E-03
 1.270999928E-04 8.644800255E-05 8.506199718E-01 -1.548100000E+04 -8.189000000E+03 2.953200073E+02 1.165500031E+02 -4.834400177E+00 -5.451100159E+01 4.073899984E-01 5.231099725E-01 1.096599968E-03
 1.291499939E-04 8.635200356E-05 8.544800282E-01 -9.480900391E+03 -5.416100098E+03 2.956300049E+02 1.144199982E+02 -4.521399975E+00 -5.705599976E+01 3.996799886E-01 5.260400176E-01 1.091700047E-03
 1.311999949E-04 8.625599730E-05 8.569999933E-01 -6.201299805E+03 9.905200195E+02 2.960599976E+02 1.125100021E+02 -4.371600151E+00 -5.679399872E+01 3.927400112E-01 5.283499956E-01 1.088500023E-03
 1.332499960E-04 8.615999832E-05 8.596299887E-01 -7.433700195E+03 -4.742600098E+02 2.963500061E+02 1.107300034E+02 -4.336100101E+00 -5.873500061E+01 3.863100111E-01 5.304899812E-01 1.085099997E-03
 1.352999971E-04 8.606399933E-05 8.628100157E-01 7.723300171E+02 -4.759200195E+03 2.963500061E+02 1.089000015E+02 -4.237899780E+00 -3.391699982E+01 3.799400032E-01 5.324500203E-01 1.081099967E-03
 1.373499981E-04 8.596800035E-05 8.655300140E-01 -1.509400024E+03 -8.356200195E+03 2.964100037E+02 1.070999985E+02 -4.060900211E+00 -1.930599976E+01 3.736099899E-01 5.342400074E-01 1.077700057E-03
 1.393999992E-04 8.587200136E-05 8.686000109E-01 -1.091700000E+04 -2.801899902E+03 2.965799866E+02 1.055000000E+02 -3.724600077E+00 -1.240200043E+01 3.678700030E-01 5.364400148E-01 1.073900028E-03
 1.414500002E-04 8.577600238E-05 8.709899783E-01 -1.559900000E+04 -2.131000000E+03 2.966900024E+02 1.040899963E+02 -3.567300081E+00 -1.686400032E+01 3.628900051E-01 5.381199718E-01 1.071000006E-03
 1.435000013E-04 8.568000339E-05 8.737999797E-01 -1.311700000E+04 -1.342199951E+03 2.966799927E+02 1.026999969E+02 -3.549999952E+00 -2.755400085E+01 3.580699861E-01 5.398300290E-01 1.067499979E-03
 1.455500023E-04 8.558399713E-05 8.757699728E-01 -5.030600098E+03 -3.865300049E+03 2.967500000E+02 1.013899994E+02 -3.575900078E+00 -4.024700165E+01 3.534399867E-01 5.411800146E-01 1.065099961E-03
 1.476000034E-04 8.548799815E-05 8.772500157E-01 -2.008000000E+03 -1.612200000E+04 2.970100098E+02 1.001299973E+02 -3.435600042E+00 -6.543000031E+01 3.488999903E-01 5.425699949E-01 1.063299947E-03
 1.496500045E-04 8.539199916E-05 8.791199923E-01 -6.495100098E+03 -1.388200000E+04 2.972900085E+02 9.888400269E+01 -2.933000088E+00 -4.226200104E+01 3.443399966E-01 5.442399979E-01 1.061100047E-03
 1.517000055E-04 8.529600018E-05 8.805299997E-01 -8.915700195E+03 -2.213100098E+03 2.974700012E+02 9.783699799E+01 -2.768199921E+00 -7.186100006E+00 3.405700028E-01 5.454400182E-01 1.059400034E-03
 1.537500066E-04 8.520000119E-05 8.815500140E-01 5.997199707E+02 -2.264600098E+03 2.976600037E+02 9.682499695E+01 -2.600600004E+00 -2.397500038E+01 3.369300067E-01 5.464299917E-01 1.058100024E-03
 1.557999931E-04 8.510400221E-05 8.823900223E-01 4.377799805E+03 -2.443199951E+03 2.978500061E+02 9.579799652E+01 -2.323899984E+00 -4.205699921E+01 3.332299888E-01 5.472900271E-01 1.057100017E-03
 1.578499941E-04 8.500800323E-05 8.841800094E-01 -4.858200195E+03 -1.540699951E+03 2.979599915E+02 9.489800262E+01 -2.316699982E+00 -3.503699875E+01 3.300400078E-01 5.486099720E-01 1.055000001E-03
 1.598999952E-04 8.491199696E-05 8.856400251E-01 -4.822600098E+03 -5.583400269E+02 2.980199890E+02 9.406900024E+01 -2.197000027E+00 -1.542399979E+01 3.271200061E-01 5.496100187E-01 1.053199987E-03
 1.619499963E-04 8.481599798E-05 8.860700130E-01 -3.397600098E+03 -2.156699951E+03 2.980599976E+02 9.332099915E+01 -2.126100063E+00 -8.493200302E+00 3.244900107E-01 5.499600172E-01 1.052699983E-03
 1.639999973E-04 8.471999899E-05 8.873599768E-01 -6.301600098E+03 -7.134799805E+03 2.981300049E+02 9.262899780E+01 -1.867799997E+00 -2.615500069E+01 3.220199943E-01 5.508900285E-01 1.051199972E-03
 1.660499984E-04 8.462400001E-05 8.886799812E-01 -6.315100098E+03 -3.620800049E+03 2.981400146E+02 9.207800293E+01 -1.598299980E+00 -2.460700035E+01 3.200899959E-01 5.517200232E-01 1.049599960E-03
 1.680999994E-04 8.452800103E-05 8.897200227E-01 1.638899994E+02 3.668699951E+03 2.981099854E+02 9.157199860E+01 -1.588999987E+00 -2.505599976E+01 3.183400035E-01 5.523200035E-01 1.048399950E-03
 1.701500005E-04 8.443200204E-05 8.907499909E-01 3.132900085E+02 2.417800049E+03 2.981600037E+02 9.124099731E+01 -1.264799953E+00 -4.401399994E+01 3.171499968E-01 5.530400276E-01 1.047200058E-03
 1.722000015E-04 8.433600306E-05 8.917800188E-01 2.733399902E+03 -1.295199951E+03 2.982799988E+02 9.104399872E+01 -8.719599843E-01 -3.453200150E+01 3.163799942E-01 5.539100170E-01 1.046000049E-03
 1.742500026E-04 8.423999680E-05 8.923000097E-01 1.040900000E+04 1.362599976E+03 2.982600098E+02 9.080699921E+01 -4.511899948E-01 -2.987800026E+01 3.155600131E-01 5.541999936E-01 1.045400044E-03
 1.763000037E-04 8.414399781E-05 8.919299841E-01 4.869200134E+02 -4.193799805E+03 2.982999878E+02 9.073000336E+01 -6.789399683E-02 -3.856700134E+01 3.152700067E-01 5.540500283E-01 1.045800047E-03
 1.783500047E-04 8.404799883E-05 8.921700120E-01 -9.650500000E+03 -8.390799805E+03 2.984200134E+02 9.064800262E+01 1.625899971E-01 -3.611500168E+01 3.149200082E-01 5.544300079E-01 1.045500045E-03
 1.804000058E-04 8.395199984E-05 8.933699727E-01 -3.305699951E+03 -6.460899902E+03 2.983099976E+02 9.044100189E+01 4.562999904E-01 -1.720999908E+01 3.142600060E-01 5.549600124E-01 1.044100034E-03
 1.824500068E-04 8.385600086E-05 8.942499757E-01 3.786100098E+03 -5.137200195E+03 2.982699890E+02 9.038800049E+01 7.704600096E-01 1.639500022E+00 3.141100109E-01 5.554299951E-01 1.043100026E-03
 1.844999933E-04 8.376000187E-05 8.936899900E-01 3.512000000E+03 -3.653699951E+03 2.983299866E+02 9.053500366E+01 1.147500038E+00 -2.487099886E+00 3.145999908E-01 5.551999807E-01 1.043800032E-03
 1.865499944E-04 8.366400289E-05 8.931300044E-01 3.979100098E+03 -3.395300049E+03 2.983299866E+02 9.080300140E+01 1.461400032E+00 -2.243499947E+01 3.155399859E-01 5.548499823E-01 1.044400036E-03
 1.885999955E-04 8.356799663E-05 8.931400180E-01 2.869899902E+03 1.874199951E+03 2.983800049E+02 9.123300171E+01 1.835600019E+00 -2.992499924E+01 3.170300126E-01 5.549499989E-01 1.044400036E-03
 1.906499965E-04 8.347199764E-05 8.929899931E-01 1.574900024E+03 6.026700195E+03 2.983800049E+02 9.183300018E+01 2.484600067E+00 -1.305599976E+01 3.191800117E-01 5.548400283E-01 1.044600038E-03
 1.926999976E-04 8.337599866E-05 8.925700188E-01 8.075000000E+03 7.491299805E+03 2.981700134E+02 9.253199768E+01 2.839499950E+00 -2.356999969E+01 3.217499852E-01 5.541999936E-01 1.045100042E-03
 1.947499986E-04 8.327999967E-05 8.921599984E-01 5.974799805E+03 9.524599609E+03 2.980299988E+02 9.319100189E+01 3.173700094E+00 -3.431299973E+01 3.241600096E-01 5.536800027E-01 1.045600045E-03
 1.967999997E-04 8.318400069E-05 8.918300271E-01 -2.272500000E+03 3.037600098E+02 2.979500122E+02 9.388700104E+01 3.646600008E+00 -2.663699913E+01 3.266800046E-01 5.533300042E-01 1.045900048E-03
 1.988500007E-04 8.308800170E-05 8.913099766E-01 2.900100098E+03 -6.070600128E+01 2.978299866E+02 9.470300293E+01 3.974400043E+00 -2.164699936E+01 3.296200037E-01 5.527999997E-01 1.046600053E-03
 2.009000018E-04 8.299200272E-05 8.908799887E-01 7.495500000E+03 9.408099609E+03 2.976900024E+02 9.565899658E+01 4.670700073E+00 -9.049200058E+00 3.331399858E-01 5.522599816E-01 1.047100057E-03
 2.029500029E-04 8.289599646E-05 8.895800114E-01 3.407600098E+03 9.944799805E+03 2.975199890E+02 9.681999969E+01 5.560299873E+00 -6.140299797E+00 3.374300003E-01 5.511400104E-01 1.048599952E-03
 2.050000039E-04 8.279999747E-05 8.883699775E-01 4.900299835E+01 8.664200195E+03 2.974500122E+02 9.744999695E+01 5.920400143E+00 -1.121300030E+01 3.397299945E-01 5.502600074E-01 1.049999963E-03
 0.000000000E+00 8.849999722E-05 1.600700021E+00 8.235400391E+03 -2.612000000E+04 3.000000000E+02 8.206199646E+01 3.462100029E+00 1.040899963E+02 2.845900059E-01 9.994599819E-01 5.814299802E-04
 2.049999921E-06 8.857999637E-05 1.595299959E+00 -3.362500000E+03 -2.233200000E+04 2.995000000E+02 8.330000305E+01 3.724600077E+00 3.021599960E+01 2.891600132E-01 9.947299957E-01 5.840500235E-04
 4.099999842E-06 8.866000280E-05 1.588299990E+00 -1.305700000E+04 -1.096100000E+04 2.987699890E+02 8.558200073E+01 3.942100048E+00 -5.963399887E+01 2.974599898E-01 9.881600142E-01 5.872999900E-04
 6.149999990E-06 8.874000196E-05 1.584800005E+00 -1.866900000E+04 9.515300293E+02 2.985299988E+02 8.768099976E+01 3.794300079E+00 -5.268700027E+01 3.048399985E-01 9.852300286E-01 5.885799765E-04
 8.199999684E-06 8.882000111E-05 1.582200050E+00 -2.064200000E+04 1.539199982E+02 2.982600098E+02 8.982900238E+01 3.751499891E+00 -5.465100098E+01 3.124400079E-01 9.827100039E-01 5.895399954E-04
 1.024999983E-05 8.890000026E-05 1.579399943E+00 -5.536299805E+03 3.235699951E+03 2.977500000E+02 9.225199890E+01 4.030499935E+00 -6.170800018E+01 3.211599886E-01 9.793099761E-01 5.905900034E-04
 1.229999998E-05 8.897999942E-05 1.575299978E+00 -4.172399902E+03 7.763200195E+03 2.974800110E+02 9.490599823E+01 4.062300205E+00 -3.002000046E+01 3.305400014E-01 9.758700132E-01 5.921300035E-04
 1.435000013E-05 8.905999857E-05 1.569700003E+00 -1.204800000E+04 3.036500000E+03 2.973999939E+02 9.761599731E+01 3.971600056E+00 8.727600098E+00 3.399899900E-01 9.721400142E-01 5.942399730E-04
 1.639999937E-05 8.913999773E-05 1.563300014E+00 -5.946199951E+02 -1.741900000E+04 2.971600037E+02 1.005199966E+02 4.147999763E+00 -1.513499975E+00 3.502599895E-01 9.673600197E-01 5.967000034E-04
 1.845000043E-05 8.921999688E-05 1.557500005E+00 1.651300000E+04 -1.386500000E+04 2.967600098E+02 1.036900024E+02 4.185200214E+00 -3.582799911E+01 3.615199924E-01 9.624800086E-01 5.989199854E-04
 2.049999966E-05 8.930000331E-05 1.550899982E+00 1.668500000E+04 1.367100000E+04 2.963599854E+02 1.072300034E+02 4.185999870E+00 -1.474100018E+01 3.740999997E-01 9.570900202E-01 6.014700048E-04
 2.255000072E-05 8.938000246E-05 1.544800043E+00 1.425300000E+04 4.033099976E+02 2.958099976E+02 1.109300003E+02 4.410999775E+00 -7.498300076E+00 3.874100149E-01 9.516000152E-01 6.038200227E-04
 2.459999996E-05 8.946000162E-05 1.537999988E+00 2.187000000E+04 -8.313400391E+03 2.952799988E+02 1.148600006E+02 4.491799831E+00 4.426400185E+00 4.014599919E-01 9.456700087E-01 6.065199850E-04
 2.664999920E-05 8.954000077E-05 1.528699994E+00 1.485300000E+04 -5.884700195E+03 2.949100037E+02 1.191600037E+02 4.487199783E+00 1.517599964E+01 4.167299867E-01 9.388200045E-01 6.101899780E-04
 2.870000026E-05 8.961999993E-05 1.518599987E+00 9.194799805E+03 -4.981600098E+03 2.942900085E+02 1.238099976E+02 4.664100170E+00 5.091599941E+00 4.334500134E-01 9.306600094E-01 6.142400089E-04
 3.075000132E-05 8.969999908E-05 1.506999969E+00 2.030400000E+04 -7.720700073E+02 2.933299866E+02 1.289299927E+02 4.839000225E+00 2.431399918E+01 4.521200061E-01 9.205499887E-01 6.189700216E-04
 3.279999873E-05 8.977999823E-05 1.494799972E+00 1.472900000E+04 -5.995399902E+03 2.924899902E+02 1.345899963E+02 5.022500038E+00 2.794499969E+01 4.726299942E-01 9.104400277E-01 6.240599905E-04
 3.484999979E-05 8.985999739E-05 1.481799960E+00 1.140300000E+04 -2.939100098E+03 2.916199951E+02 1.407100067E+02 5.217400074E+00 -2.238999939E+01 4.948700070E-01 8.998699784E-01 6.295099738E-04
 3.690000085E-05 8.993999654E-05 1.465600014E+00 1.862300000E+04 2.260199951E+03 2.903599854E+02 1.475000000E+02 5.392899990E+00 -4.253599930E+01 5.198500156E-01 8.861899972E-01 6.364799920E-04
 3.894999827E-05 9.002000297E-05 1.444399953E+00 2.368900000E+04 3.098900146E+02 2.889800110E+02 1.551000061E+02 5.468800068E+00 -1.094900012E+00 5.479400158E-01 8.692299724E-01 6.458300049E-04
 4.099999933E-05 9.010000213E-05 1.420899987E+00 2.151800000E+04 6.197700195E+03 2.875599976E+02 1.634199982E+02 5.690599918E+00 3.534000015E+01 5.787400007E-01 8.508499861E-01 6.565399817E-04
 4.305000039E-05 9.018000128E-05 1.394500017E+00 1.726700000E+04 1.076100000E+04 2.856799927E+02 1.731499939E+02 5.971700191E+00 1.227200031E+01 6.152099967E-01 8.296399713E-01 6.689800066E-04
 4.510000144E-05 9.026000043E-05 1.363100052E+00 2.796100000E+04 5.820200195E+03 2.833500061E+02 1.842700043E+02 6.039700031E+00 -1.290799999E+01 6.573799849E-01 8.043599725E-01 6.844099844E-04
 4.714999886E-05 9.033999959E-05 1.323699951E+00 4.187800000E+04 -1.915300049E+03 2.805599976E+02 1.966600037E+02 5.779900074E+00 -3.836800098E+00 7.050099969E-01 7.734100223E-01 7.049000124E-04
 4.919999992E-05 9.041999874E-05 1.274199963E+00 4.732100000E+04 -1.253100000E+04 2.772200012E+02 2.110899963E+02 5.191500187E+00 -3.777500153E+01 7.612199783E-01 7.356899977E-01 7.323700120E-04
 5.125000098E-05 9.049999790E-05 1.218400002E+00 6.642000000E+04 -1.325400000E+04 2.731000061E+02 2.272899933E+02 4.156599998E+00 -4.896400070E+01 8.257099986E-01 6.930400133E-01 7.660400006E-04
 5.329999840E-05 9.042800230E-05 1.154800057E+00 8.161800000E+04 -3.466800049E+03 2.680499878E+02 2.448800049E+02 2.748399973E+00 -3.453699875E+01 8.978700042E-01 6.448000073E-01 8.084899746E-04
 5.534999946E-05 9.035599942E-05 1.082800031E+00 6.205400000E+04 -1.162900024E+03 2.624400024E+02 2.636600037E+02 7.869499922E-01 -4.051399994E+01 9.770100117E-01 5.919899940E-01 8.624899783E-04
 5.740000051E-05 9.028399654E-05 1.007099986E+00 4.694600000E+04 -7.618100098E+03 2.563699951E+02 2.830000000E+02 -2.023000002E+00 -6.493000031E+01 1.061100006E+00 5.378999710E-01 9.275599732E-04
 5.945000157E-05 9.021200094E-05 9.307399988E-01 4.567000000E+04 -9.893299805E+03 2.498600006E+02 3.020400085E+02 -5.097300053E+00 -7.944400024E+01 1.147199988E+00 4.845399857E-01 1.003899961E-03
 6.150000263E-05 9.013999806E-05 8.570399880E-01 3.752000000E+04 -1.464400000E+04 2.432899933E+02 3.198800049E+02 -8.352199554E+00 -6.284500122E+01 1.231500030E+00 4.344399869E-01 1.090300037E-03
 6.354999641E-05 9.006800246E-05 7.875999808E-01 1.714200000E+04 -1.995500000E+04 2.367700043E+02 3.364500122E+02 -1.185599995E+01 -5.795899963E+01 1.313400030E+00 3.885599971E-01 1.186599955E-03
 6.559999747E-05 8.999599959E-05 7.221400142E-01 2.052800049E+03 -1.539500000E+04 2.301399994E+02 3.522200012E+02 -1.495800018E+01 -5.255500031E+01 1.394999981E+00 3.462899923E-01 1.294199959E-03
 6.764999853E-05 8.992399671E-05 6.624199748E-01 -9.177500000E+03 -1.142100000E+04 2.238899994E+02 3.668800049E+02 -1.738999939E+01 -2.369199944E+01 1.473500013E+00 3.090099990E-01 1.410700032E-03
 6.969999959E-05 8.985200111E-05 6.097800136E-01 -2.654600000E+04 -5.512700195E+03 2.180599976E+02 3.799200134E+02 -1.962299919E+01 -3.677999973E+00 1.546399951E+00 2.770400047E-01 1.532200025E-03
 7.175000064E-05 8.977999823E-05 5.627999902E-01 -4.005500000E+04 3.115499878E+02 2.124900055E+02 3.914899902E+02 -2.167799950E+01 1.837399960E+00 1.614500046E+00 2.491499931E-01 1.660099952E-03
 7.380000170E-05 8.970800263E-05 5.200700164E-01 -5.608800000E+04 1.528800049E+03 2.073699951E+02 4.019700012E+02 -2.324300003E+01 1.895800018E+01 1.678300023E+00 2.246800065E-01 1.796400058E-03
 7.585000276E-05 8.963599976E-05 4.826500118E-01 -7.509300000E+04 7.714799805E+02 2.027500000E+02 4.114599915E+02 -2.410400009E+01 2.578000069E+01 1.737400055E+00 2.038500011E-01 1.935099950E-03
 7.789999654E-05 8.956399688E-05 4.500100017E-01 -9.034200000E+04 1.581199951E+03 1.984199982E+02 4.199800110E+02 -2.457299995E+01 3.013599968E+01 1.792700052E+00 1.860000044E-01 2.075300086E-03
 7.994999760E-05 8.949200128E-05 4.209299982E-01 -1.043400000E+05 6.331700195E+03 1.943899994E+02 4.277500000E+02 -2.503199959E+01 4.183700180E+01 1.844599962E+00 1.704500020E-01 2.218300011E-03
 8.199999866E-05 8.941999840E-05 3.954100013E-01 -1.175200000E+05 9.362299805E+03 1.906799927E+02 4.349400024E+02 -2.517600060E+01 4.948799896E+01 1.893700004E+00 1.570499986E-01 2.361200051E-03
 8.404999971E-05 8.934800280E-05 3.730500042E-01 -1.271600000E+05 8.730799805E+03 1.873699951E+02 4.413399963E+02 -2.492700005E+01 6.522699738E+01 1.938300014E+00 1.455900073E-01 2.502399962E-03
 8.610000077E-05 8.927599993E-05 3.537299931E-01 -1.398700000E+05 1.045100000E+04 1.845899963E+02 4.465899963E+02 -2.435799980E+01 7.914499664E+01 1.975700021E+00 1.360000074E-01 2.638699953E-03
 8.815000183E-05 8.920399705E-05 3.371199965E-01 -1.605100000E+05 1.324200000E+04 1.821900024E+02 4.508999939E+02 -2.344499969E+01 7.037899780E+01 2.007600069E+00 1.279200017E-01 2.768399892E-03
 9.020000289E-05 8.913200145E-05 3.230000138E-01 -1.812000000E+05 1.186700000E+04 1.801499939E+02 4.544200134E+02 -2.223200035E+01 6.222399902E+01 2.034399986E+00 1.211799979E-01 2.889099997E-03
 9.224999667E-05 8.905999857E-05 3.105700016E-01 -2.078500000E+05 1.172700000E+04 1.783999939E+02 4.577399902E+02 -2.089500046E+01 6.115499878E+01 2.058900118E+00 1.153900027E-01 3.004600061E-03
 9.429999773E-05 8.898800297E-05 2.997199893E-01 -2.302400000E+05 1.581400000E+04 1.768300018E+02 4.606600037E+02 -1.963199997E+01 6.501000214E+01 2.081000090E+00 1.103700027E-01 3.113100072E-03
 9.634999878E-05 8.891600010E-05 2.902899981E-01 -2.482800000E+05 1.778700000E+04 1.754900055E+02 4.631000061E+02 -1.859900093E+01 6.031600189E+01 2.099699974E+00 1.060900018E-01 3.214099910E-03
 9.839999984E-05 8.884399722E-05 2.822299898E-01 -2.786000000E+05 1.605300000E+04 1.746999969E+02 4.647200012E+02 -1.721800041E+01 4.823699951E+01 2.111500025E+00 1.026799977E-01 3.305600025E-03
 1.004500009E-04 8.877200162E-05 2.764900029E-01 -3.564900000E+05 1.330800000E+04 1.753800049E+02 4.634400024E+02 -1.566600037E+01 4.021500015E+01 2.101399899E+00 1.009700000E-01 3.374000080E-03
 1.025000020E-04 8.869999874E-05 2.832199931E-01 -7.130400000E+05 1.262400024E+03 1.854700012E+02 4.437900085E+02 -1.488799953E+01 2.493199921E+01 1.960600019E+00 1.095499992E-01 3.296900075E-03
 1.045500030E-04 8.862800314E-05 3.446800113E-01 -1.233800000E+06 -8.950299805E+03 2.196799927E+02 3.661700134E+02 -1.425100040E+01 5.636199951E+00 1.504899979E+00 1.604100019E-01 2.770599909E-03
 1.065999968E-04 8.855600026E-05 5.053099990E-01 -9.505400000E+05 -3.935800049E+03 2.612099915E+02 2.499400024E+02 -1.250500011E+01 -1.554700017E+00 9.373599887E-01 2.785800099E-01 1.934499945E-03
 1.086499979E-04 8.848399739E-05 6.873300076E-01 -2.526900000E+05 -9.474900391E+03 2.831700134E+02 1.718800049E+02 -9.807100296E+00 8.378800392E+00 6.148499846E-01 4.061299860E-01 1.372999977E-03
 1.106999989E-04 8.841200179E-05 7.830200195E-01 -4.252900000E+04 -1.036200000E+04 2.902099915E+02 1.443399963E+02 -7.305699825E+00 4.591100216E+00 5.092300177E-01 4.732800126E-01 1.192199998E-03
 1.127500000E-04 8.833999891E-05 8.108999729E-01 -1.639700000E+04 -3.165500000E+03 2.922900085E+02 1.355200043E+02 -5.728199959E+00 -1.402099991E+01 4.761700034E-01 4.935699999E-01 1.150400029E-03
 1.148000010E-04 8.826800331E-05 8.208500147E-01 -1.304300000E+04 -6.649500000E+03 2.931199951E+02 1.308999939E+02 -5.029200077E+00 -2.563100052E+01 4.592100084E-01 5.010399818E-01 1.136400038E-03
 1.168500021E-04 8.819600043E-05 8.278499842E-01 -1.439800000E+04 -1.233800049E+03 2.937500000E+02 1.273600006E+02 -4.587100029E+00 -2.318899918E+01 4.462600052E-01 5.064100027E-01 1.126799965E-03
 1.189000031E-04 8.812399756E-05 8.330699801E-01 -1.455600000E+04 -1.548300049E+03 2.942300110E+02 1.244199982E+02 -4.289800167E+00 -3.762799835E+01 4.355799854E-01 5.104200244E-01 1.119700028E-03
 1.209499969E-04 8.805200196E-05 8.372600079E-01 -2.093700000E+04 -6.600399902E+03 2.946799927E+02 1.218600006E+02 -4.121699810E+00 -4.539699936E+01 4.262900054E-01 5.137799978E-01 1.114099985E-03
 1.230000053E-04 8.797999908E-05 8.422499895E-01 -1.455700000E+04 -1.137500000E+04 2.949599915E+02 1.192399979E+02 -3.703399897E+00 -3.051799965E+01 4.168800116E-01 5.173299909E-01 1.107500051E-03
 1.250500063E-04 8.790800348E-05 8.462899923E-01 -5.003399902E+03 -6.770000000E+03 2.952200012E+02 1.166500015E+02 -3.606899977E+00 -4.047399902E+01 4.076400101E-01 5.202699900E-01 1.102200011E-03
 1.270999928E-04 8.783600060E-05 8.498399854E-01 -1.029900000E+04 -8.111700195E+03 2.955499878E+02 1.143799973E+02 -3.652100086E+00 -3.813700104E+01 3.994899988E-01 5.230299830E-01 1.097599976E-03
 1.291499939E-04 8.776399773E-05 8.544999957E-01 -6.084700195E+03 -1.265900000E+04 2.957399902E+02 1.123499985E+02 -3.342999935E+00 -3.539799881E+01 3.922399879E-01 5.262500048E-01 1.091600046E-03
 1.311999949E-04 8.769200213E-05 8.574699759E-01 -4.743500000E+03 -4.186500000E+03 2.960199890E+02 1.104599991E+02 -3.187299967E+00 -4.737099838E+01 3.854700029E-01 5.285699964E-01 1.087900018E-03
 1.332499960E-04 8.761999925E-05 8.598799706E-01 -6.879399902E+03 -2.836199951E+02 2.962399902E+02 1.084400024E+02 -3.133399963E+00 -5.088700104E+01 3.782700002E-01 5.304499865E-01 1.084799995E-03
 1.352999971E-04 8.754799637E-05 8.627200127E-01 -4.778600098E+03 -1.312500000E+03 2.963599854E+02 1.065199966E+02 -3.065399885E+00 -5.251800156E+01 3.714999855E-01 5.324100256E-01 1.081199967E-03
 1.373499981E-04 8.747600077E-05 8.651999831E-01 -4.119000000E+03 1.649099976E+03 2.965499878E+02 1.049100037E+02 -3.014699936E+00 -2.018300056E+01 3.657599986E-01 5.342900157E-01 1.078099944E-03
 1.393999992E-04 8.740399790E-05 8.678100109E-01 -9.141400391E+03 4.862700195E+03 2.967399902E+02 1.034499969E+02 -2.866199970E+00 2.784300089E+00 3.605499864E-01 5.362499952E-01 1.074900036E-03
 1.414500002E-04 8.733200229E-05 8.702099919E-01 -4.830500000E+03 -5.576200195E+03 2.968399963E+02 1.020899963E+02 -2.696899891E+00 -8.782699585E+00 3.557499945E-01 5.378999710E-01 1.071900013E-03
 1.435000013E-04 8.725999942E-05 8.728399873E-01 5.215000000E+02 -9.662000000E+03 2.969299927E+02 1.006699982E+02 -2.590399981E+00 -1.601799965E+01 3.507399857E-01 5.396900177E-01 1.068699989E-03
 1.455500023E-04 8.718799654E-05 8.748000264E-01 -3.080499878E+02 -2.219700012E+02 2.969800110E+02 9.924199677E+01 -2.597399950E+00 -4.514099884E+01 3.457300067E-01 5.410000086E-01 1.066299970E-03
 1.476000034E-04 8.711600094E-05 8.762000203E-01 7.968499756E+02 -5.487799805E+03 2.972200012E+02 9.789399719E+01 -2.445499897E+00 -5.248300171E+01 3.408899903E-01 5.422999859E-01 1.064599957E-03
 1.496500045E-04 8.704399806E-05 8.779900074E-01 -6.424500122E+02 -1.081800000E+04 2.975499878E+02 9.673699951E+01 -2.079799891E+00 -1.587500000E+01 3.366500139E-01 5.440099835E-01 1.062400057E-03
 1.517000055E-04 8.697200246E-05 8.797100186E-01 -6.317700195E+03 4.055199921E-01 2.976000061E+02 9.580899811E+01 -1.969599962E+00 -6.375100136E+00 3.333800137E-01 5.451700091E-01 1.060400042E-03
 1.537500066E-04 8.689999959E-05 8.809599876E-01 -1.107400000E+04 2.089199951E+03 2.977099915E+02 9.495800018E+01 -1.842499971E+00 -2.163899994E+01 3.303500116E-01 5.461500287E-01 1.058800030E-03
 1.557999931E-04 8.682799671E-05 8.821499944E-01 -6.451299805E+03 3.003899902E+03 2.979200134E+02 9.415899658E+01 -1.700500011E+00 -2.995800018E+01 3.274399936E-01 5.472800136E-01 1.057400019E-03
 1.578499941E-04 8.675600111E-05 8.835499883E-01 -4.234100098E+03 9.262999878E+02 2.980299988E+02 9.343399811E+01 -1.737800002E+00 -2.839500046E+01 3.248699903E-01 5.483499765E-01 1.055700006E-03
 1.598999952E-04 8.668399823E-05 8.848999739E-01 -2.139600098E+03 -2.881199951E+03 2.980100098E+02 9.262799835E+01 -1.548400044E+00 -2.366699982E+01 3.220700026E-01 5.491399765E-01 1.054099994E-03
 1.619499963E-04 8.661200263E-05 8.858900070E-01 -8.685099609E+03 -5.492500000E+03 2.979800110E+02 9.180999756E+01 -1.471099973E+00 -2.047200012E+01 3.192299902E-01 5.497000217E-01 1.052999985E-03
 1.639999973E-04 8.653999976E-05 8.874800205E-01 -9.095799805E+03 -5.589200195E+03 2.980700073E+02 9.117299652E+01 -1.424399972E+00 -2.365399933E+01 3.169699907E-01 5.508599877E-01 1.051099971E-03
 1.660499984E-04 8.646799688E-05 8.883699775E-01 -6.485100098E+03 6.222100098E+03 2.982000122E+02 9.063600159E+01 -1.115100026E+00 -1.538099957E+01 3.150199950E-01 5.516499877E-01 1.049999963E-03
 1.680999994E-04 8.639600128E-05 8.884000182E-01 -5.170200195E+03 4.173700195E+03 2.982900085E+02 9.016600037E+01 -1.070400000E+00 -1.385299969E+01 3.133299947E-01 5.518400073E-01 1.049999963E-03
 1.701500005E-04 8.632399840E-05 8.894900084E-01 -4.425899902E+03 -5.683500000E+03 2.983599854E+02 8.971399689E+01 -9.485599995E-01 -1.470199966E+01 3.117200136E-01 5.526300073E-01 1.048699953E-03
 1.722000015E-04 8.625200280E-05 8.900200129E-01 -3.659899902E+03 -3.050300049E+03 2.984400024E+02 8.937300110E+01 -6.713899970E-01 -8.589200020E+00 3.104900122E-01 5.531200171E-01 1.048099948E-03
 1.742500026E-04 8.617999993E-05 8.910099864E-01 3.980199951E+03 -1.944199951E+03 2.984200134E+02 8.916200256E+01 -3.310599923E-01 -2.085199928E+01 3.097600043E-01 5.536999702E-01 1.046900055E-03
 1.763000037E-04 8.610799705E-05 8.914200068E-01 -2.121800049E+03 -7.286700195E+03 2.984800110E+02 8.913800049E+01 1.247799955E-03 -2.104000092E+01 3.096399903E-01 5.540699959E-01 1.046400052E-03
 1.783500047E-04 8.603600145E-05 8.914800286E-01 -4.702600098E+03 -8.896500000E+03 2.985100098E+02 8.921800232E+01 2.209700048E-01 -8.026700020E+00 3.098999858E-01 5.541599989E-01 1.046400052E-03
 1.804000058E-04 8.596399857E-05 8.923599720E-01 3.119300049E+03 -5.190500000E+03 2.984400024E+02 8.915100098E+01 5.523499846E-01 -1.776000023E+01 3.097099960E-01 5.545799732E-01 1.045300043E-03
 1.824500068E-04 8.589200297E-05 8.927400112E-01 -2.968699951E+03 -8.855299805E+03 2.984299927E+02 8.904299927E+01 8.122900128E-01 -2.509900093E+01 3.093500137E-01 5.547900200E-01 1.044900040E-03
 1.844999933E-04 8.582000009E-05 8.925799727E-01 -9.353000000E+03 -7.406700195E+03 2.982900085E+02 8.923600006E+01 9.793499708E-01 -1.937700081E+01 3.100999892E-01 5.544300079E-01 1.045100042E-03
 1.865499944E-04 8.574799722E-05 8.926699758E-01 -3.855899902E+03 -3.272800049E+03 2.981900024E+02 8.963300323E+01 1.165400028E+00 -1.265600014E+01 3.115400076E-01 5.542899966E-01 1.045000041E-03
 1.885999955E-04 8.567600162E-05 8.924800158E-01 -3.980499878E+02 2.008599976E+03 2.983099976E+02 9.005100250E+01 1.423900008E+00 -1.159500027E+01 3.129400015E-01 5.543900132E-01 1.045200042E-03
 1.906499965E-04 8.560399874E-05 8.918399811E-01 -2.030599976E+03 5.636399902E+03 2.984200134E+02 9.066500092E+01 1.851300001E+00 -8.857399940E+00 3.150500059E-01 5.542200208E-01 1.045900048E-03
 1.926999976E-04 8.553200314E-05 8.923000097E-01 1.260099976E+03 3.620600098E+03 2.980499878E+02 9.136299896E+01 2.118900061E+00 -7.679900169E+00 3.176900148E-01 5.538200140E-01 1.045400044E-03
 1.947499986E-04 8.546000026E-05 8.920000196E-01 4.902600098E+03 7.230200195E+03 2.977500000E+02 9.210600281E+01 2.457900047E+00 -1.414599991E+01 3.204599917E-01 5.530700088E-01 1.045700046E-03
 1.967999997E-04 8.538799739E-05 8.911499977E-01 7.161700195E+03 2.455500000E+03 2.978599854E+02 9.293599701E+01 2.884599924E+00 -1.568099976E+01 3.233299851E-01 5.527399778E-01 1.046700054E-03
 1.988500007E-04 8.531600179E-05 8.908100128E-01 6.364799805E+03 -4.088699951E+02 2.977799988E+02 9.381900024E+01 3.134000063E+00 -1.316100025E+01 3.264699876E-01 5.523899794E-01 1.047100057E-03
 2.009000018E-04 8.524399891E-05 8.901299834E-01 -3.471300049E+03 5.617700195E+03 2.977099915E+02 9.481199646E+01 3.675499916E+00 -3.320899963E+00 3.300299942E-01 5.518400073E-01 1.047899947E-03
 2.029500029E-04 8.517200331E-05 8.887599707E-01 -5.580100098E+03 1.292600000E+04 2.976799927E+02 9.603600311E+01 4.402100086E+00 -2.741300106E+00 3.344100118E-01 5.509200096E-01 1.049599960E-03
 2.050000039E-04 8.510000043E-05 8.878200054E-01 -1.440500000E+03 1.658300000E+04 2.975899963E+02 9.673699951E+01 4.735099792E+00 -6.498099804E+00 3.369399905E-01 5.501800179E-01 1.050699968E-03
 0.000000000E+00 8.966700261E-05 1.600700021E+00 2.557100000E+04 -1.801800000E+04 3.000000000E+02 7.951200104E+01 2.365499973E+00 9.390699768E+01 2.750799954E-01 9.987099767E-01 5.817100173E-04
 2.049999921E-06 8.972000069E-05 1.595000029E+00 8.851099609E+03 -1.452300000E+04 2.994800110E+02 8.084999847E+01 2.573800087E+00 2.869700050E+01 2.802599967E-01 9.940599799E-01 5.843300023E-04
 4.099999842E-06 8.977299876E-05 1.587000012E+00 -1.504700000E+04 -1.496600000E+04 2.987999878E+02 8.350299835E+01 2.702699900E+00 -5.710800171E+01 2.900800109E-01 9.874600172E-01 5.877700169E-04
 6.149999990E-06 8.982700092E-05 1.583799958E+00 -2.136300000E+04 -4.720399902E+03 2.986499939E+02 8.606700134E+01 2.610300064E+00 -5.782500076E+01 2.990300059E-01 9.849699736E-01 5.889700260E-04
 8.199999684E-06 8.987999900E-05 1.581500053E+00 -1.142800000E+04 8.477899780E+02 2.983800049E+02 8.847599792E+01 2.587500095E+00 -5.329100037E+01 3.075299859E-01 9.826200008E-01 5.898399977E-04
 1.024999983E-05 8.993299707E-05 1.578199983E+00 -8.857200195E+03 1.249199951E+03 2.979599915E+02 9.105400085E+01 2.740499973E+00 -5.530400085E+01 3.167299926E-01 9.792199731E-01 5.910599721E-04
 1.229999998E-05 8.998699923E-05 1.574699998E+00 -1.590700000E+04 1.021100000E+04 2.976499939E+02 9.399299622E+01 2.774600029E+00 -2.298100090E+01 3.271099925E-01 9.760500193E-01 5.923599820E-04
 1.435000013E-05 9.003999730E-05 1.569300056E+00 -1.608900000E+04 8.860599609E+03 2.974200134E+02 9.693299866E+01 2.760999918E+00 -4.741199911E-01 3.374600112E-01 9.719300270E-01 5.944200093E-04
 1.639999937E-05 9.009300265E-05 1.563500047E+00 -2.617300049E+03 -9.756599609E+03 2.971000061E+02 9.993499756E+01 2.838299990E+00 -7.408999920E+00 3.481000066E-01 9.672799706E-01 5.966200260E-04
 1.845000043E-05 9.014699754E-05 1.559700012E+00 1.557600000E+04 -1.520300000E+04 2.965299988E+02 1.032399979E+02 2.797699928E+00 -2.186300087E+01 3.599399924E-01 9.631000161E-01 5.980699789E-04
 2.049999966E-05 9.020000289E-05 1.553500056E+00 2.032900000E+04 2.680800049E+03 2.960799866E+02 1.068399963E+02 2.805299997E+00 -7.671299934E+00 3.727599978E-01 9.577800035E-01 6.004699972E-04
 2.255000072E-05 9.025300096E-05 1.546300054E+00 2.142400000E+04 1.020000000E+04 2.956400146E+02 1.105500031E+02 2.974600077E+00 1.120300007E+01 3.860200047E-01 9.519500136E-01 6.032600068E-04
 2.459999996E-05 9.030700312E-05 1.538900018E+00 2.611800000E+04 -1.598300049E+03 2.951099854E+02 1.145899963E+02 3.002899885E+00 2.873200035E+01 4.004699886E-01 9.457299709E-01 6.061400054E-04
 2.664999920E-05 9.036000120E-05 1.529800057E+00 1.469100000E+04 -1.048000000E+04 2.946799927E+02 1.189800034E+02 2.957900047E+00 2.921299934E+01 4.160900116E-01 9.387599826E-01 6.097499863E-04
 2.870000026E-05 9.041299927E-05 1.519600034E+00 8.615900391E+03 2.585000000E+03 2.941400146E+02 1.237200012E+02 3.159499884E+00 2.266300011E+01 4.330999851E-01 9.308099747E-01 6.138400058E-04
 3.075000132E-05 9.046700143E-05 1.507400036E+00 1.902100000E+04 1.370800049E+03 2.933099976E+02 1.289400024E+02 3.252899885E+00 2.511100006E+01 4.519799948E-01 9.207299948E-01 6.188100087E-04
 3.279999873E-05 9.051999950E-05 1.494799972E+00 1.417100000E+04 -1.142300000E+04 2.923599854E+02 1.344299927E+02 3.309299946E+00 3.501300097E+00 4.719899893E-01 9.100400209E-01 6.240400253E-04
 3.484999979E-05 9.057299758E-05 1.481400013E+00 1.408800000E+04 -3.808399902E+03 2.913900146E+02 1.404299927E+02 3.489300013E+00 -7.400400162E+00 4.938699901E-01 8.989199996E-01 6.296699867E-04
 3.690000085E-05 9.062699974E-05 1.464499950E+00 2.881900000E+04 1.385600000E+04 2.902799988E+02 1.472700043E+02 3.568599939E+00 4.381200075E-01 5.189300179E-01 8.852400184E-01 6.369900075E-04
 3.894999827E-05 9.067999781E-05 1.443600059E+00 2.598600000E+04 9.335900391E+03 2.890199890E+02 1.549700012E+02 3.665800095E+00 1.524800014E+01 5.472499728E-01 8.688300252E-01 6.462199963E-04
 4.099999933E-05 9.073300316E-05 1.420300007E+00 1.298600000E+04 7.851299805E+03 2.876499939E+02 1.633899994E+02 3.868000031E+00 3.611000061E+01 5.783500075E-01 8.507500291E-01 6.568299723E-04
 4.305000039E-05 9.078699804E-05 1.394000053E+00 3.042000000E+04 8.166600098E+03 2.857099915E+02 1.730200043E+02 3.921499968E+00 2.765999985E+01 6.145099998E-01 8.293799758E-01 6.692400202E-04
 4.510000144E-05 9.084000339E-05 1.363100052E+00 5.487700000E+04 -1.530099976E+03 2.833099976E+02 1.840800018E+02 4.045899868E+00 -1.691900063E+01 6.565399766E-01 8.042500019E-01 6.843999727E-04
 4.714999886E-05 9.089300147E-05 1.323699951E+00 4.929700000E+04 -7.009399902E+03 2.805599976E+02 1.968300018E+02 3.944900036E+00 -3.012000084E+01 7.054499984E-01 7.734500170E-01 7.048799889E-04
 4.919999992E-05 9.094700363E-05 1.275400043E+00 5.122500000E+04 -1.493600000E+04 2.771799927E+02 2.112899933E+02 3.471999884E+00 -2.517200089E+01 7.618299723E-01 7.362400293E-01 7.316999836E-04
 5.125000098E-05 9.100000170E-05 1.219200015E+00 6.931700000E+04 -5.522299805E+03 2.730899963E+02 2.273999939E+02 2.769500017E+00 -2.656999969E+01 8.260499835E-01 6.934700012E-01 7.656000089E-04
 5.329999840E-05 9.095200221E-05 1.155400038E+00 7.706900000E+04 6.164500000E+03 2.682399902E+02 2.449400024E+02 1.828799963E+00 -3.293700027E+01 8.977400064E-01 6.455500126E-01 8.080300177E-04
 5.534999946E-05 9.090400272E-05 1.084800005E+00 7.418100000E+04 7.480900269E+02 2.627500000E+02 2.633399963E+02 5.882800221E-01 -3.957500076E+01 9.752200246E-01 5.938000083E-01 8.608700009E-04
 5.740000051E-05 9.085600323E-05 1.009400010E+00 6.270100000E+04 -5.874000000E+03 2.566799927E+02 2.823800049E+02 -1.307500005E+00 -5.617599869E+01 1.058099985E+00 5.397800207E-01 9.254399920E-04
 5.945000157E-05 9.080799646E-05 9.333500266E-01 5.278400000E+04 -1.000100000E+04 2.502100067E+02 3.013399963E+02 -3.431099892E+00 -5.979399872E+01 1.143700004E+00 4.865599871E-01 1.001100056E-03
 6.150000263E-05 9.075999697E-05 8.600900173E-01 3.939600000E+04 -1.863400000E+04 2.436000061E+02 3.193399963E+02 -5.560100079E+00 -2.390999985E+01 1.228399992E+00 4.365400076E-01 1.086400007E-03
 6.354999641E-05 9.071199747E-05 7.914199829E-01 2.112400000E+04 -1.584900000E+04 2.369600067E+02 3.357300110E+02 -7.862100124E+00 -1.994599915E+01 1.309599996E+00 3.907400072E-01 1.180800027E-03
 6.559999747E-05 9.066399798E-05 7.262600064E-01 3.648899902E+03 -9.444700195E+03 2.303800049E+02 3.514800110E+02 -9.982299805E+00 -3.061700058E+01 1.390699983E+00 3.486300111E-01 1.286900020E-03
 6.764999853E-05 9.061599849E-05 6.664100289E-01 -9.076599609E+03 -7.334299805E+03 2.240700073E+02 3.663200073E+02 -1.161600018E+01 -1.298400021E+01 1.469699979E+00 3.111299872E-01 1.402199967E-03
 6.969999959E-05 9.056799900E-05 6.131299734E-01 -1.860200000E+04 -7.222500000E+02 2.181699982E+02 3.794599915E+02 -1.307900047E+01 2.636600018E+00 1.542999983E+00 2.786999941E-01 1.523999963E-03
 7.175000064E-05 9.051999950E-05 5.653499961E-01 -3.421300000E+04 -1.041500000E+03 2.126499939E+02 3.915499878E+02 -1.439900017E+01 -1.218299985E+00 1.612800002E+00 2.504700124E-01 1.652600011E-03
 7.380000170E-05 9.047200001E-05 5.226100087E-01 -5.191500000E+04 -4.980600098E+03 2.074900055E+02 4.023800049E+02 -1.533699989E+01 9.053799629E+00 1.677999973E+00 2.259099931E-01 1.787599991E-03
 7.585000276E-05 9.042400052E-05 4.844599962E-01 -6.693200000E+04 -1.695599976E+03 2.027799988E+02 4.118999939E+02 -1.607500076E+01 1.437899971E+01 1.737499952E+00 2.046499997E-01 1.928100013E-03
 7.789999654E-05 9.037600103E-05 4.511199892E-01 -8.445200000E+04 -1.245599976E+03 1.984700012E+02 4.205000000E+02 -1.644099998E+01 1.774099922E+01 1.792899966E+00 1.865099967E-01 2.070199931E-03
 7.994999760E-05 9.032800153E-05 4.219500124E-01 -1.017700000E+05 -3.738699951E+02 1.944799957E+02 4.283800049E+02 -1.667000008E+01 2.824799919E+01 1.845100045E+00 1.709399968E-01 2.213000087E-03
 8.199999866E-05 9.028000204E-05 3.959699869E-01 -1.140800000E+05 7.921200195E+03 1.907299957E+02 4.355299988E+02 -1.691900063E+01 2.865800095E+01 1.894299984E+00 1.573099941E-01 2.358000027E-03
 8.404999971E-05 9.023200255E-05 3.733099997E-01 -1.221800000E+05 6.424600098E+03 1.873099976E+02 4.416600037E+02 -1.681100082E+01 3.953900146E+01 1.938300014E+00 1.456400007E-01 2.500700066E-03
 8.610000077E-05 9.018400306E-05 3.536700010E-01 -1.321500000E+05 6.212299805E+03 1.843300018E+02 4.470000000E+02 -1.635300064E+01 5.378499985E+01 1.977300048E+00 1.357800066E-01 2.639299957E-03
 8.815000183E-05 9.013600356E-05 3.365600109E-01 -1.546300000E+05 8.911700195E+03 1.818500061E+02 4.513500061E+02 -1.575399971E+01 4.653599930E+01 2.009999990E+00 1.274700016E-01 2.773100045E-03
 9.020000289E-05 9.008799680E-05 3.218800128E-01 -1.811400000E+05 8.470599609E+03 1.797700043E+02 4.549100037E+02 -1.504899979E+01 4.005899811E+01 2.037400007E+00 1.205099970E-01 2.899199957E-03
 9.224999667E-05 9.003999730E-05 3.092499971E-01 -2.052200000E+05 1.081300000E+04 1.779299927E+02 4.583699951E+02 -1.426700020E+01 4.525199890E+01 2.063400030E+00 1.145899966E-01 3.017399926E-03
 9.429999773E-05 8.999199781E-05 2.983500063E-01 -2.270800000E+05 1.001500000E+04 1.763699951E+02 4.612900085E+02 -1.326500034E+01 4.304499817E+01 2.085500002E+00 1.095800027E-01 3.127400065E-03
 9.634999878E-05 8.994399832E-05 2.886700034E-01 -2.492800000E+05 5.613100098E+03 1.751000061E+02 4.637200012E+02 -1.237300014E+01 3.513600159E+01 2.103899956E+00 1.052599996E-01 3.232300049E-03
 9.839999984E-05 8.989599883E-05 2.802799940E-01 -2.833100000E+05 8.106000000E+03 1.743800049E+02 4.653200073E+02 -1.142899990E+01 3.698099899E+01 2.115400076E+00 1.017799973E-01 3.328799969E-03
 1.004500009E-04 8.984799933E-05 2.747400105E-01 -3.705700000E+05 9.760000000E+03 1.753300018E+02 4.637300110E+02 -1.052999973E+01 2.851399994E+01 2.102400064E+00 1.002999991E-01 3.395400010E-03
 1.025000020E-04 8.979999984E-05 2.820299864E-01 -7.384400000E+05 -3.771199951E+03 1.857400055E+02 4.434500122E+02 -1.031400013E+01 -3.154000044E+00 1.957100034E+00 1.092600003E-01 3.310899949E-03
 1.045500030E-04 8.975200035E-05 3.438400030E-01 -1.253600000E+06 -1.850900000E+04 2.200700073E+02 3.653099976E+02 -1.000899982E+01 -5.375099945E+01 1.499600053E+00 1.603199989E-01 2.778100083E-03
 1.065999968E-04 8.970400086E-05 5.032600164E-01 -9.589400000E+05 -9.007000000E+03 2.616600037E+02 2.489600067E+02 -8.565400124E+00 -8.038099670E+01 9.322900176E-01 2.778899968E-01 1.940799993E-03
 1.086499979E-04 8.965600136E-05 6.847500205E-01 -2.561000000E+05 -4.637600098E+03 2.834700012E+02 1.706999969E+02 -6.385099888E+00 -6.442400360E+01 6.097300053E-01 4.050199986E-01 1.378700021E-03
 1.106999989E-04 8.960800187E-05 7.815300226E-01 -4.330800000E+04 -9.259299805E+03 2.902200012E+02 1.427899933E+02 -4.693500042E+00 -3.666299820E+01 5.033699870E-01 4.723899961E-01 1.194500015E-03
 1.127500000E-04 8.956000238E-05 8.100100160E-01 -2.337500000E+04 -1.422599976E+03 2.922900085E+02 1.341799927E+02 -3.847399950E+00 -6.901400089E+00 4.712400138E-01 4.930199981E-01 1.151700038E-03
 1.148000010E-04 8.951200289E-05 8.202300072E-01 -2.003600000E+04 -1.715199951E+03 2.932500000E+02 1.298300018E+02 -3.379300117E+00 1.321500015E+01 4.551599920E-01 5.008900166E-01 1.137300045E-03
 1.168500021E-04 8.946400339E-05 8.270999789E-01 -2.379400000E+04 -1.910599976E+02 2.939200134E+02 1.261900024E+02 -3.077699900E+00 6.220099926E+00 4.418700039E-01 5.062199831E-01 1.127799973E-03
 1.189000031E-04 8.941599663E-05 8.326200247E-01 -2.773400000E+04 -1.439199951E+03 2.943900146E+02 1.230400009E+02 -2.961199999E+00 -1.593200016E+01 4.304899871E-01 5.104200244E-01 1.120300032E-03
 1.209499969E-04 8.936799713E-05 8.368700147E-01 -2.498300000E+04 -1.085600000E+04 2.948699951E+02 1.203000031E+02 -2.754400015E+00 -1.584599972E+01 4.205499887E-01 5.138599873E-01 1.114599989E-03
 1.230000053E-04 8.931999764E-05 8.414499760E-01 -1.113500000E+04 -1.384000000E+04 2.951400146E+02 1.176600037E+02 -2.360500097E+00 -1.198199987E+00 4.111300111E-01 5.171499848E-01 1.108599943E-03
 1.250500063E-04 8.927199815E-05 8.456199765E-01 -9.667000000E+03 1.249100037E+02 2.953599854E+02 1.153499985E+02 -2.351300001E+00 -1.201000023E+01 4.028899968E-01 5.200999975E-01 1.103100018E-03
 1.270999928E-04 8.922399866E-05 8.497899771E-01 -1.250400000E+04 5.741699829E+02 2.955100098E+02 1.130500031E+02 -2.491300106E+00 -3.498400116E+01 3.947800100E-01 5.229399800E-01 1.097699977E-03
 1.291499939E-04 8.917599916E-05 8.540199995E-01 -5.961899902E+03 -9.492400391E+03 2.956799927E+02 1.106600037E+02 -2.159300089E+00 -3.228400040E+01 3.863100111E-01 5.258399844E-01 1.092300052E-03
 1.311999949E-04 8.912799967E-05 8.570299745E-01 -6.932299805E+03 -1.107100000E+04 2.959700012E+02 1.086299973E+02 -2.034800053E+00 -2.684799957E+01 3.790099919E-01 5.282099843E-01 1.088400022E-03
 1.332499960E-04 8.908000018E-05 8.602899909E-01 -6.356000000E+03 -9.548700195E+03 2.960700073E+02 1.066900024E+02 -1.994500041E+00 -2.807999992E+01 3.722099960E-01 5.303999782E-01 1.084299991E-03
 1.352999971E-04 8.903200069E-05 8.624100089E-01 -1.113300000E+04 -1.322100067E+02 2.964299927E+02 1.050299988E+02 -2.048099995E+00 -4.220500183E+01 3.661800027E-01 5.323500037E-01 1.081599970E-03
 1.373499981E-04 8.898400120E-05 8.637899756E-01 -1.437500000E+04 6.226600098E+03 2.969299927E+02 1.037099991E+02 -2.126800060E+00 -3.841199875E+01 3.612900078E-01 5.341100097E-01 1.079899957E-03
 1.393999992E-04 8.893600170E-05 8.662300110E-01 -1.861500000E+04 5.034000000E+03 2.970599976E+02 1.022600021E+02 -1.914600015E+00 -3.181100082E+01 3.561300039E-01 5.358499885E-01 1.076900051E-03
 1.414500002E-04 8.888800221E-05 8.688600063E-01 -4.134299805E+03 -3.649699951E+03 2.971199951E+02 1.006999969E+02 -1.713500023E+00 -3.492200089E+01 3.506500125E-01 5.375800133E-01 1.073600026E-03
 1.435000013E-04 8.884000272E-05 8.712000251E-01 1.515700000E+04 -1.248500000E+04 2.972900085E+02 9.922100067E+01 -1.653699994E+00 -2.907500076E+01 3.454200029E-01 5.393300056E-01 1.070700004E-03
 1.455500023E-04 8.879200323E-05 8.729500175E-01 9.465599609E+03 -2.002099976E+03 2.973500061E+02 9.786399841E+01 -1.680699944E+00 -3.806000137E+01 3.406600058E-01 5.405300260E-01 1.068599988E-03
 1.476000034E-04 8.874399646E-05 8.751500249E-01 3.880000000E+03 9.654000244E+02 2.975100098E+02 9.652200317E+01 -1.592900038E+00 -3.754000092E+01 3.358899951E-01 5.421800017E-01 1.065899967E-03
 1.496500045E-04 8.869599696E-05 8.768100142E-01 2.375300049E+03 -8.534200195E+03 2.979299927E+02 9.547399902E+01 -1.394500017E+00 -1.154399967E+01 3.319900036E-01 5.439800024E-01 1.063899952E-03
 1.517000055E-04 8.864799747E-05 8.784199953E-01 -7.973500061E+01 -1.123300049E+03 2.980000000E+02 9.454199982E+01 -1.293400049E+00 -8.559900284E+00 3.287099898E-01 5.450999737E-01 1.061900053E-03
 1.537500066E-04 8.859999798E-05 8.806399703E-01 -6.660200195E+03 -7.240499878E+02 2.979200134E+02 9.357900238E+01 -1.200500011E+00 -8.740699768E+00 3.254100084E-01 5.463399887E-01 1.059200033E-03
 1.557999931E-04 8.855199849E-05 8.819100261E-01 -7.022600098E+03 -1.290000000E+03 2.980299988E+02 9.281600189E+01 -1.126299977E+00 8.255900383E+00 3.226900101E-01 5.473300219E-01 1.057700021E-03
 1.578499941E-04 8.850399900E-05 8.827900290E-01 -3.784899902E+03 -2.867600098E+03 2.980400085E+02 9.202100372E+01 -1.141199946E+00 -1.951199913E+01 3.199200034E-01 5.478900075E-01 1.056700014E-03
 1.598999952E-04 8.845599950E-05 8.839899898E-01 -8.496799805E+03 -9.527099609E+03 2.981499939E+02 9.132399750E+01 -9.986900091E-01 -2.788899994E+01 3.174299896E-01 5.488499999E-01 1.055200002E-03
 1.619499963E-04 8.840800001E-05 8.855100274E-01 -8.734000000E+03 -7.238399902E+03 2.983099976E+02 9.072200012E+01 -9.587500095E-01 -6.292099953E+00 3.152500093E-01 5.500800014E-01 1.053399988E-03
 1.639999973E-04 8.836000052E-05 8.870099783E-01 -1.199500000E+03 4.907900085E+02 2.982600098E+02 9.003700256E+01 -1.042999983E+00 -3.996500015E+00 3.129000068E-01 5.509200096E-01 1.051599975E-03
 1.660499984E-04 8.831200103E-05 8.880199790E-01 1.019200012E+03 8.887400391E+03 2.982699890E+02 8.952100372E+01 -7.296900153E-01 -8.845199585E+00 3.111000061E-01 5.515599847E-01 1.050399966E-03
 1.680999994E-04 8.826400153E-05 8.881099820E-01 -3.903300049E+03 2.413699951E+03 2.983599854E+02 8.912999725E+01 -5.555099845E-01 -2.448800087E+01 3.096899986E-01 5.517799854E-01 1.050299965E-03
 1.701500005E-04 8.821600204E-05 8.888700008E-01 -7.026399902E+03 -5.151200195E+03 2.984200134E+02 8.850099945E+01 -5.477700233E-01 -5.710999966E+00 3.074600101E-01 5.523700118E-01 1.049399958E-03
 1.722000015E-04 8.816800255E-05 8.892700076E-01 -7.823299805E+03 -6.491799805E+03 2.985599976E+02 8.806400299E+01 -4.320600033E-01 9.921400070E+00 3.058699965E-01 5.528699756E-01 1.048999955E-03
 1.742500026E-04 8.812000306E-05 8.899499774E-01 -5.181200195E+03 -9.177500000E+03 2.985700073E+02 8.789900208E+01 -2.401700020E-01 -6.552700043E+00 3.052900136E-01 5.533199906E-01 1.048099948E-03
 1.763000037E-04 8.807200356E-05 8.906599879E-01 -5.298700195E+03 -9.369099609E+03 2.986400146E+02 8.782099915E+01 3.028500080E-02 -1.717399979E+01 3.049899936E-01 5.538799763E-01 1.047299942E-03
 1.783500047E-04 8.802399680E-05 8.913599849E-01 -2.615800049E+03 -7.470299805E+03 2.985299988E+02 8.784899902E+01 1.685899943E-01 -1.768199921E+01 3.051399887E-01 5.541200042E-01 1.046500052E-03
 1.804000058E-04 8.797599730E-05 8.918600082E-01 1.983999939E+02 -4.570700195E+03 2.983800049E+02 8.807299805E+01 4.280200005E-01 -2.928000069E+01 3.059900105E-01 5.541599989E-01 1.045900048E-03
 1.824500068E-04 8.792799781E-05 8.915100098E-01 -4.882700195E+03 -5.255100098E+03 2.984200134E+02 8.839499664E+01 6.287199855E-01 -3.117099953E+01 3.070999980E-01 5.540099740E-01 1.046300051E-03
 1.844999933E-04 8.787999832E-05 8.924199939E-01 -6.480599976E+02 -1.986300049E+03 2.982200012E+02 8.861499786E+01 6.743800044E-01 -2.856500053E+01 3.079699874E-01 5.542100072E-01 1.045200042E-03
 1.865499944E-04 8.783199883E-05 8.930699825E-01 5.175700195E+03 -3.620199951E+03 2.980799866E+02 8.887100220E+01 8.339300156E-01 -1.044499969E+01 3.089399934E-01 5.543299913E-01 1.044500037E-03
 1.885999955E-04 8.778399933E-05 8.924300075E-01 -4.393700195E+03 -1.050500000E+03 2.982099915E+02 8.925900269E+01 1.090000033E+00 1.357900023E+00 3.102299869E-01 5.541899800E-01 1.045200042E-03
 1.906499965E-04 8.773599984E-05 8.918799758E-01 -1.123700000E+04 8.999899902E+02 2.983399963E+02 8.975199890E+01 1.279199958E+00 -8.768400192E+00 3.118799925E-01 5.540900230E-01 1.045900048E-03
 1.926999976E-04 8.768800035E-05 8.926100135E-01 7.732500000E+02 -8.363400269E+02 2.980899963E+02 9.032599640E+01 1.350299954E+00 -9.373800278E+00 3.140099943E-01 5.540800095E-01 1.045000041E-03
 1.947499986E-04 8.764000086E-05 8.919500113E-01 5.214899902E+03 3.237199951E+03 2.978599854E+02 9.118099976E+01 1.612599969E+00 -2.736299992E+00 3.171299994E-01 5.532299876E-01 1.045800047E-03
 1.967999997E-04 8.759200136E-05 8.903899789E-01 3.930500000E+03 2.702699951E+03 2.979800110E+02 9.224199677E+01 1.936800003E+00 -1.296000004E+00 3.207699955E-01 5.524899960E-01 1.047599944E-03
 1.988500007E-04 8.754400187E-05 8.897299767E-01 3.654800049E+03 3.779000000E+03 2.979100037E+02 9.325099945E+01 2.247800112E+00 -9.823800087E+00 3.243300021E-01 5.519599915E-01 1.048399950E-03
 2.009000018E-04 8.749600238E-05 8.890299797E-01 -3.255000000E+03 3.280100098E+03 2.977799988E+02 9.421499634E+01 2.671000004E+00 -2.768300056E+00 3.278000057E-01 5.512800217E-01 1.049199956E-03
 2.029500029E-04 8.744800289E-05 8.882200122E-01 -1.404500000E+03 7.795799805E+03 2.977099915E+02 9.548200226E+01 3.004699945E+00 -2.145800114E+00 3.322800100E-01 5.506399870E-01 1.050199964E-03
 2.050000039E-04 8.740000339E-05 8.876100183E-01 3.092699951E+03 1.439500000E+04 2.976199951E+02 9.626999664E+01 3.150399923E+00 -5.023200035E+00 3.350900114E-01 5.501099825E-01 1.050899969E-03
 0.000000000E+00 9.083299665E-05 1.600700021E+00 4.637600000E+04 -6.199700195E+03 3.000000000E+02 7.829100037E+01 1.126999974E+00 1.095199966E+02 2.701100111E-01 9.977700114E-01 5.819799844E-04
 2.049999921E-06 9.085999773E-05 1.594400048E+00 1.234700000E+04 -1.166600037E+02 2.995299988E+02 7.963099670E+01 1.234799981E+00 3.079400063E+01 2.755799890E-01 9.934099913E-01 5.846699933E-04
 4.099999842E-06 9.088699881E-05 1.586599946E+00 -1.751200000E+04 -7.985799805E+03 2.988299866E+02 8.232499695E+01 1.292899966E+00 -6.149800110E+01 2.858499885E-01 9.872900248E-01 5.879399832E-04
 6.149999990E-06 9.091300308E-05 1.584499955E+00 -1.574699951E+03 -7.732299805E+03 2.985100098E+02 8.498400116E+01 1.358199954E+00 -4.915200043E+01 2.952400148E-01 9.849600196E-01 5.886899889E-04
 8.199999684E-06 9.093999688E-05 1.581400037E+00 5.242399902E+03 -2.963699951E+03 2.982099915E+02 8.765299988E+01 1.368000031E+00 -2.337299919E+01 3.046599925E-01 9.820399880E-01 5.898600211E-04
 1.024999983E-05 9.096699796E-05 1.577299953E+00 -1.203100000E+04 -6.090700195E+03 2.979700012E+02 9.041400146E+01 1.342000008E+00 -1.068400002E+01 3.143900037E-01 9.786900282E-01 5.914000212E-04
 1.229999998E-05 9.099300223E-05 1.574699998E+00 -1.735000000E+04 8.039600098E+03 2.977000122E+02 9.328500366E+01 1.382200003E+00 1.716500092E+01 3.245199919E-01 9.761800170E-01 5.923699937E-04
 1.435000013E-05 9.102000331E-05 1.570099950E+00 -1.338800000E+04 9.587400391E+03 2.973500061E+02 9.646700287E+01 1.456699967E+00 -7.622700214E+00 3.357799947E-01 9.721999764E-01 5.941099953E-04
 1.639999937E-05 9.104699711E-05 1.564700007E+00 -1.421800000E+04 -1.444000000E+03 2.969500122E+02 9.979799652E+01 1.402199984E+00 -1.671699905E+01 3.476099968E-01 9.675400257E-01 5.961600109E-04
 1.845000043E-05 9.107300139E-05 1.560700059E+00 -2.663000000E+03 -7.223700195E+03 2.963900146E+02 1.030999985E+02 1.356099963E+00 7.976099968E+00 3.594599962E-01 9.632700086E-01 5.976799875E-04
 2.049999966E-05 9.110000246E-05 1.554299951E+00 7.575800171E+02 -6.438799805E+03 2.958999939E+02 1.066600037E+02 1.459900022E+00 6.092000008E+00 3.721500039E-01 9.577500224E-01 6.001400179E-04
 2.255000072E-05 9.112700354E-05 1.547099948E+00 -1.646099976E+03 1.219599976E+03 2.955299988E+02 1.105100021E+02 1.537799954E+00 1.587699986E+01 3.858399987E-01 9.521399736E-01 6.029200158E-04
 2.459999996E-05 9.115300054E-05 1.539600015E+00 3.728099976E+02 -5.719899902E+03 2.950899963E+02 1.146500015E+02 1.487200022E+00 2.741699982E+01 4.005999863E-01 9.460700154E-01 6.058799918E-04
 2.664999920E-05 9.118000162E-05 1.530699968E+00 -5.728399902E+03 -1.213800000E+04 2.945599976E+02 1.190299988E+02 1.402699947E+00 1.638400078E+01 4.162499905E-01 9.389100075E-01 6.093999837E-04
 2.870000026E-05 9.120700270E-05 1.519899964E+00 -6.055700195E+03 8.012700195E+03 2.940799866E+02 1.237699966E+02 1.573899984E+00 6.108799934E+00 4.331800044E-01 9.307900071E-01 6.137299933E-04
 3.075000132E-05 9.123299969E-05 1.507200003E+00 1.520200000E+04 7.025799805E+03 2.933699951E+02 1.290099945E+02 1.642099977E+00 -8.142900467E+00 4.520800114E-01 9.207500219E-01 6.189100095E-04
 3.279999873E-05 9.126000077E-05 1.494400024E+00 2.878100000E+04 -1.309000000E+04 2.923599854E+02 1.345500031E+02 1.638800025E+00 -2.446899986E+01 4.723199904E-01 9.097800255E-01 6.242200034E-04
 3.484999979E-05 9.128700185E-05 1.480800033E+00 1.639100000E+04 -2.182500000E+02 2.913999939E+02 1.405200043E+02 1.740399957E+00 6.539899826E+00 4.940800071E-01 8.985599875E-01 6.299599772E-04
 3.690000085E-05 9.131299885E-05 1.463700056E+00 2.179600000E+04 2.152800000E+04 2.904100037E+02 1.473500061E+02 1.763499975E+00 2.225600052E+01 5.189899802E-01 8.851600289E-01 6.373299984E-04
 3.894999827E-05 9.133999993E-05 1.443099976E+00 2.338000000E+04 9.750500000E+03 2.891600037E+02 1.550700073E+02 1.857499957E+00 -8.479099870E-01 5.473600030E-01 8.689600229E-01 6.464300095E-04
 4.099999933E-05 9.136700100E-05 1.420799971E+00 5.358600098E+03 -2.204199982E+02 2.876799927E+02 1.636399994E+02 1.937199950E+00 5.192599773E+00 5.790699720E-01 8.511800170E-01 6.565600052E-04
 4.305000039E-05 9.139299800E-05 1.394199967E+00 3.338600000E+04 4.043100098E+03 2.856700134E+02 1.731900024E+02 1.885699987E+00 2.262299919E+01 6.150400043E-01 8.294199705E-01 6.691199960E-04
 4.510000144E-05 9.141999908E-05 1.362300038E+00 6.924500000E+04 3.294600098E+03 2.833299866E+02 1.841399994E+02 1.987699986E+00 -6.966300011E+00 6.566200256E-01 8.037800193E-01 6.848499761E-04
 4.714999886E-05 9.144700016E-05 1.322600007E+00 6.722500000E+04 1.198099976E+03 2.807300110E+02 1.970700073E+02 1.959800005E+00 -1.459000015E+01 7.059900165E-01 7.732499838E-01 7.054699818E-04
 4.919999992E-05 9.147299716E-05 1.275699973E+00 6.194400000E+04 -9.510500000E+03 2.773099976E+02 2.116300049E+02 1.743499994E+00 1.183600044E+01 7.628499866E-01 7.367600203E-01 7.314900286E-04
 5.125000098E-05 9.149999823E-05 1.220100045E+00 7.004800000E+04 -3.713699951E+03 2.731400146E+02 2.276999969E+02 1.410400033E+00 1.027099991E+01 8.269900084E-01 6.940900087E-01 7.650600164E-04
 5.329999840E-05 9.147600213E-05 1.155599952E+00 7.613000000E+04 1.080000000E+04 2.683399963E+02 2.451699982E+02 9.046000242E-01 -1.844599915E+01 8.983899951E-01 6.459400058E-01 8.078400278E-04
 5.534999946E-05 9.145199874E-05 1.085899949E+00 7.104600000E+04 4.493700195E+03 2.629500122E+02 2.635100098E+02 2.980900109E-01 -2.183799934E+01 9.754700065E-01 5.948200226E-01 8.599800058E-04
 5.740000051E-05 9.142800263E-05 1.011000037E+00 7.138000000E+04 -4.620299805E+03 2.568399963E+02 2.824100037E+02 -6.901400089E-01 -2.557900047E+01 1.057800055E+00 5.409899950E-01 9.239999927E-04
 5.945000157E-05 9.140399925E-05 9.353600144E-01 6.141900000E+04 -3.570199951E+03 2.503200073E+02 3.010899963E+02 -1.718600035E+00 -2.998500061E+01 1.142400026E+00 4.878099859E-01 9.988399688E-04
 6.150000263E-05 9.138000314E-05 8.625199795E-01 4.680700000E+04 -1.026500000E+04 2.437299957E+02 3.189100037E+02 -2.715899944E+00 7.052000046E+00 1.226300001E+00 4.379999936E-01 1.083299983E-03
 6.354999641E-05 9.135599976E-05 7.935699821E-01 3.127500000E+04 -4.915500000E+03 2.370399933E+02 3.354100037E+02 -3.923399925E+00 4.541800022E+00 1.307899952E+00 3.919300139E-01 1.177500002E-03
 6.559999747E-05 9.133199637E-05 7.277299762E-01 5.380799805E+03 3.214699951E+03 2.305200043E+02 3.513599854E+02 -5.022699833E+00 -1.077400017E+01 1.389299989E+00 3.495500088E-01 1.284400001E-03
 6.764999853E-05 9.130800026E-05 6.676700115E-01 -8.371500000E+03 -4.028100098E+03 2.242899933E+02 3.660499878E+02 -5.826200008E+00 -3.209599972E+00 1.467399955E+00 3.120099902E-01 1.399499946E-03
 6.969999959E-05 9.128399688E-05 6.147099733E-01 -1.893600000E+04 -3.433800049E+03 2.183999939E+02 3.789400024E+02 -6.522999763E+00 4.442699909E+00 1.539399981E+00 2.797200084E-01 1.520100050E-03
 7.175000064E-05 9.126000077E-05 5.661100149E-01 -3.734600000E+04 -2.569500000E+03 2.128099976E+02 3.911600037E+02 -7.262899876E+00 7.090400219E+00 1.609799981E+00 2.510100007E-01 1.650499995E-03
 7.380000170E-05 9.123599739E-05 5.231599808E-01 -5.065500000E+04 -4.943200195E+03 2.075500031E+02 4.022500000E+02 -7.622700214E+00 1.123700047E+01 1.676200032E+00 2.262199968E-01 1.785599976E-03
 7.585000276E-05 9.121200128E-05 4.856399894E-01 -6.367700000E+04 -4.995899902E+03 2.027200012E+02 4.118299866E+02 -8.025500298E+00 8.333299637E+00 1.736500025E+00 2.050999999E-01 1.923299977E-03
 7.789999654E-05 9.118799790E-05 4.524799883E-01 -7.908000000E+04 -1.299300049E+03 1.983300018E+02 4.203200073E+02 -8.298899651E+00 2.950599909E+00 1.791800022E+00 1.869399995E-01 2.063899999E-03
 7.994999760E-05 9.116400179E-05 4.230099916E-01 -9.700500000E+04 1.645500000E+03 1.943200073E+02 4.283099976E+02 -8.302800179E+00 2.962899923E+00 1.844499946E+00 1.712300032E-01 2.207600046E-03
 8.199999866E-05 9.113999840E-05 3.967899978E-01 -1.122100000E+05 4.105100098E+03 1.906399994E+02 4.356099854E+02 -8.436499596E+00 1.306000042E+01 1.894000053E+00 1.575600058E-01 2.353100106E-03
 8.404999971E-05 9.111600230E-05 3.738900125E-01 -1.197200000E+05 2.544399902E+03 1.872299957E+02 4.417600098E+02 -8.472000122E+00 2.253000069E+01 1.938099980E+00 1.458099931E-01 2.496900037E-03
 8.610000077E-05 9.109199891E-05 3.536899984E-01 -1.272100000E+05 3.287199951E+03 1.841000061E+02 4.474400024E+02 -8.236599922E+00 2.273399925E+01 1.979599953E+00 1.356199980E-01 2.639299957E-03
 8.815000183E-05 9.106800280E-05 3.364900053E-01 -1.526500000E+05 3.466199951E+03 1.817100067E+02 4.519700012E+02 -7.821899891E+00 2.169599915E+01 2.012599945E+00 1.273400038E-01 2.773599932E-03
 9.020000289E-05 9.104399942E-05 3.217099905E-01 -1.853100000E+05 2.185000000E+03 1.796600037E+02 4.555599976E+02 -7.486899853E+00 1.579199982E+01 2.040100098E+00 1.203799993E-01 2.900900086E-03
 9.224999667E-05 9.102000331E-05 3.085699975E-01 -2.088200000E+05 6.019600098E+03 1.777500000E+02 4.590799866E+02 -7.262499809E+00 1.656900024E+01 2.066800117E+00 1.142299995E-01 3.024100093E-03
 9.429999773E-05 9.099599993E-05 2.972100079E-01 -2.325300000E+05 6.446700195E+03 1.762100067E+02 4.618900146E+02 -6.787000179E+00 1.911400032E+01 2.088500023E+00 1.090700030E-01 3.139500041E-03
 9.634999878E-05 9.097199654E-05 2.874400020E-01 -2.571500000E+05 7.344699707E+02 1.749499969E+02 4.641799927E+02 -6.125199795E+00 1.729999924E+01 2.106300116E+00 1.047199965E-01 3.246000037E-03
 9.839999984E-05 9.094800043E-05 2.793599963E-01 -2.900800000E+05 1.492300049E+03 1.741499939E+02 4.657500000E+02 -5.588600159E+00 2.114800072E+01 2.118299961E+00 1.013099998E-01 3.339600051E-03
 1.004500009E-04 9.092399705E-05 2.743099928E-01 -3.815600000E+05 3.993500000E+03 1.751999969E+02 4.638800049E+02 -5.337600231E+00 1.178899956E+01 2.103499889E+00 1.000699997E-01 3.400699934E-03
 1.025000020E-04 9.090000094E-05 2.816799879E-01 -7.721900000E+05 -7.241600098E+03 1.860800018E+02 4.427600098E+02 -5.492899895E+00 -2.970499992E+01 1.952100039E+00 1.093299985E-01 3.314800095E-03
 1.045500030E-04 9.087599756E-05 3.431600034E-01 -1.303000000E+06 -2.217500000E+04 2.207799988E+02 3.639500122E+02 -5.386799812E+00 -9.800000000E+01 1.491400003E+00 1.605200022E-01 2.783899894E-03
 1.065999968E-04 9.085200145E-05 5.025399923E-01 -9.947900000E+05 -1.735600000E+04 2.622699890E+02 2.474900055E+02 -4.274499893E+00 -1.204599991E+02 9.251700044E-01 2.780900002E-01 1.943800016E-03
 1.086499979E-04 9.082799806E-05 6.840299964E-01 -2.773800000E+05 -2.157300049E+03 2.837399902E+02 1.697200012E+02 -2.953399897E+00 -8.000599670E+01 6.055700183E-01 4.049600065E-01 1.380200032E-03
 1.106999989E-04 9.080400196E-05 7.815099955E-01 -6.107000000E+04 -5.236400146E+02 2.902900085E+02 1.421699982E+02 -2.281399965E+00 -2.087999916E+01 5.009199977E-01 4.724900126E-01 1.194600016E-03
 1.127500000E-04 9.077999857E-05 8.107299805E-01 -3.198800000E+04 3.675899902E+03 2.922300110E+02 1.333899994E+02 -2.035200119E+00 2.584199905E+01 4.683600068E-01 4.933600128E-01 1.150600030E-03
 1.148000010E-04 9.075600246E-05 8.203499913E-01 -2.536400000E+04 1.380800049E+03 2.931799927E+02 1.289299927E+02 -1.798599958E+00 1.675900078E+01 4.519599974E-01 5.008299947E-01 1.137100044E-03
 1.168500021E-04 9.073199908E-05 8.259699941E-01 -3.726100000E+04 6.705500031E+01 2.940299988E+02 1.254199982E+02 -1.508499980E+00 -8.476699829E+00 4.390099943E-01 5.057299733E-01 1.129299984E-03
 1.189000031E-04 9.070800297E-05 8.316599727E-01 -3.743200000E+04 -5.953099976E+02 2.946700134E+02 1.221900024E+02 -1.434100032E+00 -1.260299969E+01 4.272199869E-01 5.103200078E-01 1.121600042E-03
 1.209499969E-04 9.068399959E-05 8.373500109E-01 -2.425800000E+04 -1.245700000E+04 2.949800110E+02 1.191800003E+02 -1.387799978E+00 9.735500336E+00 4.164699912E-01 5.143499970E-01 1.113999984E-03
 1.230000053E-04 9.066000348E-05 8.426499963E-01 -1.112000000E+04 -9.203000000E+03 2.950700073E+02 1.164199982E+02 -1.211799979E+00 1.875300026E+01 4.067800045E-01 5.177699924E-01 1.107000047E-03
 1.250500063E-04 9.063600010E-05 8.458300233E-01 -1.520700000E+04 1.275300049E+03 2.953599854E+02 1.142399979E+02 -1.194300056E+00 1.444600010E+01 3.989399970E-01 5.202299953E-01 1.102800015E-03
 1.270999928E-04 9.061199671E-05 8.491299748E-01 -1.276200000E+04 -1.685199951E+03 2.955799866E+02 1.120299988E+02 -1.252400041E+00 -2.271500015E+01 3.910799921E-01 5.226500034E-01 1.098499983E-03
 1.291499939E-04 9.058800060E-05 8.533800244E-01 -1.256300049E+03 -4.486899902E+03 2.957500000E+02 1.096699982E+02 -9.481999874E-01 -4.971300125E+01 3.827399909E-01 5.255600214E-01 1.093100058E-03
 1.311999949E-04 9.056399722E-05 8.566200137E-01 -3.521100098E+03 -2.580199951E+03 2.960499878E+02 1.077399979E+02 -9.388200045E-01 -2.770400047E+01 3.758299947E-01 5.280900002E-01 1.088900026E-03
 1.332499960E-04 9.054000111E-05 8.601199985E-01 -3.374500000E+03 -6.068799805E+03 2.961600037E+02 1.060000000E+02 -9.775699973E-01 -1.001500034E+01 3.696799874E-01 5.304499865E-01 1.084499992E-03
 1.352999971E-04 9.051599773E-05 8.622800112E-01 1.729800034E+01 -5.266899902E+03 2.964599915E+02 1.043700027E+02 -1.084800005E+00 -1.525800037E+01 3.638100028E-01 5.323200226E-01 1.081799972E-03
 1.373499981E-04 9.049200162E-05 8.630099893E-01 -8.117899902E+03 -4.205399902E+03 2.971099854E+02 1.028600006E+02 -1.260300040E+00 -1.932200050E+01 3.581500053E-01 5.339400172E-01 1.080899965E-03
 1.393999992E-04 9.046799823E-05 8.646600246E-01 -2.127900000E+04 -3.967300110E+02 2.975299988E+02 1.013099976E+02 -9.128000140E-01 -2.164699936E+01 3.525100052E-01 5.357300043E-01 1.078799949E-03
 1.414500002E-04 9.044400213E-05 8.675600290E-01 -1.148100000E+04 -8.907899780E+02 2.975400085E+02 9.978399658E+01 -7.617300153E-01 -2.684499931E+01 3.471899927E-01 5.375300050E-01 1.075200038E-03
 1.435000013E-04 9.041999874E-05 8.702399731E-01 4.178399902E+03 -4.473399902E+03 2.975199890E+02 9.840200043E+01 -8.167499900E-01 -4.143700027E+01 3.424000144E-01 5.391600132E-01 1.071900013E-03
 1.455500023E-04 9.039600263E-05 8.722500205E-01 3.697500000E+03 3.015300049E+03 2.977000122E+02 9.713400269E+01 -7.671700120E-01 -3.499399948E+01 3.378799856E-01 5.407299995E-01 1.069399994E-03
 1.476000034E-04 9.037199925E-05 8.745300174E-01 1.535099945E+02 -1.663600006E+02 2.978299866E+02 9.589700317E+01 -7.927100062E-01 -6.586900234E+00 3.334999979E-01 5.423799753E-01 1.066599973E-03
 1.496500045E-04 9.034800314E-05 8.759899735E-01 -8.983700195E+03 -7.749600098E+03 2.981199951E+02 9.481999969E+01 -7.762399912E-01 -1.779700041E+00 3.295899928E-01 5.438100100E-01 1.064899960E-03
 1.517000055E-04 9.032399976E-05 8.779500127E-01 -9.139599609E+03 -4.731500000E+03 2.982600098E+02 9.374600220E+01 -6.617000103E-01 -2.782799959E+00 3.257800043E-01 5.452799797E-01 1.062500058E-03
 1.537500066E-04 9.029999637E-05 8.801400065E-01 -1.587099976E+03 -7.083100098E+03 2.981400146E+02 9.274500275E+01 -5.669599771E-01 -1.470900059E+00 3.223600090E-01 5.464199781E-01 1.059800037E-03
 1.557999931E-04 9.027600026E-05 8.811299801E-01 -5.452000000E+03 -1.319400024E+03 2.981099854E+02 9.195600128E+01 -5.037299991E-01 4.729599953E+00 3.196400106E-01 5.469800234E-01 1.058600028E-03
 1.578499941E-04 9.025199688E-05 8.826199770E-01 -8.601099609E+03 1.035300049E+03 2.981199951E+02 9.111499786E+01 -6.026099920E-01 -1.453600025E+01 3.167099953E-01 5.479300022E-01 1.056900015E-03
 1.598999952E-04 9.022800077E-05 8.839399815E-01 -1.578900000E+04 -6.169299805E+03 2.983599854E+02 9.044100189E+01 -6.219699979E-01 -1.049699974E+01 3.142400086E-01 5.491999984E-01 1.055300003E-03
 1.619499963E-04 9.020399739E-05 8.851799965E-01 -5.133700195E+03 -4.061600098E+03 2.984800110E+02 8.983300018E+01 -4.609400034E-01 1.986300087E+01 3.120599985E-01 5.501899719E-01 1.053799991E-03
 1.639999973E-04 9.018000128E-05 8.865100145E-01 5.748500000E+03 4.474200195E+03 2.983299866E+02 8.910199738E+01 -5.149999857E-01 1.398600006E+01 3.096100092E-01 5.507299900E-01 1.052199979E-03
 1.660499984E-04 9.015599790E-05 8.874899745E-01 3.051500000E+03 8.256400391E+03 2.983299866E+02 8.854499817E+01 -3.981199861E-01 7.723199844E+00 3.076699972E-01 5.513399839E-01 1.051099971E-03
 1.680999994E-04 9.013200179E-05 8.880699873E-01 -4.958599854E+02 5.899000000E+03 2.983999939E+02 8.812000275E+01 -1.724800020E-01 2.157000065E+00 3.061499894E-01 5.518299937E-01 1.050399966E-03
 1.701500005E-04 9.010799840E-05 8.890299797E-01 -1.609900024E+03 -1.602799988E+02 2.984200134E+02 8.769899750E+01 -1.154000014E-01 -1.405099964E+01 3.046700060E-01 5.524600148E-01 1.049199956E-03
 1.722000015E-04 9.008400230E-05 8.896999955E-01 1.593200073E+02 -6.175200195E+03 2.985299988E+02 8.739800262E+01 -2.005700022E-01 -1.518700027E+01 3.035700023E-01 5.530899763E-01 1.048399950E-03
 1.742500026E-04 9.005999891E-05 8.894900084E-01 -1.079300049E+03 -3.806100098E+03 2.985499878E+02 8.724600220E+01 -1.374000013E-01 -8.362799644E+00 3.030399978E-01 5.529900193E-01 1.048699953E-03
 1.763000037E-04 9.003600280E-05 8.899599910E-01 -7.568099976E+02 -4.502200195E+03 2.986199951E+02 8.717600250E+01 3.779599816E-02 -1.823100090E+01 3.027600050E-01 5.534099936E-01 1.048099948E-03
 1.783500047E-04 9.001199942E-05 8.914200068E-01 -2.879800049E+03 -2.805899902E+03 2.985400085E+02 8.709700012E+01 2.053600037E-03 -1.620599937E+01 3.025200069E-01 5.541599989E-01 1.046400052E-03
 1.804000058E-04 8.998800331E-05 8.918099999E-01 5.847399902E+01 -1.444000000E+03 2.983800049E+02 8.722200012E+01 1.565899998E-01 -4.702499866E+00 3.030399978E-01 5.541200042E-01 1.046000049E-03
 1.824500068E-04 8.996399993E-05 8.916000128E-01 7.246600098E+03 -3.787500000E+03 2.983399963E+02 8.756999969E+01 3.365300000E-01 -5.960199833E+00 3.042699993E-01 5.539199710E-01 1.046200050E-03
 1.844999933E-04 8.993999654E-05 8.923199773E-01 1.504600000E+04 -1.076599976E+03 2.982300110E+02 8.785199738E+01 3.582499921E-01 -1.168299961E+01 3.052999973E-01 5.541599989E-01 1.045400044E-03
 1.865499944E-04 8.991600043E-05 8.930199742E-01 1.690500000E+04 -3.207600098E+03 2.981099854E+02 8.817199707E+01 4.547199905E-01 -1.421199989E+01 3.064799905E-01 5.543699861E-01 1.044500037E-03
 1.885999955E-04 8.989199705E-05 8.926500082E-01 -1.478599976E+03 -5.988700195E+03 2.982200012E+02 8.870899963E+01 6.085699797E-01 -5.776999950E+00 3.082900047E-01 5.543299913E-01 1.045000041E-03
 1.906499965E-04 8.986800094E-05 8.918600082E-01 -1.210600000E+04 -5.546000000E+03 2.983800049E+02 8.933300018E+01 6.774200201E-01 7.060800076E+00 3.103800118E-01 5.541399717E-01 1.045900048E-03
 1.926999976E-04 8.984399756E-05 8.916500211E-01 1.165300049E+03 -5.762399902E+03 2.982900085E+02 8.996399689E+01 6.919199824E-01 -1.019600010E+01 3.126200140E-01 5.538499951E-01 1.046100049E-03
 1.947499986E-04 8.982000145E-05 8.912400007E-01 5.140200195E+03 -9.920999756E+02 2.981099854E+02 9.074800110E+01 7.879099846E-01 -1.121300030E+01 3.154500127E-01 5.532600284E-01 1.046600053E-03
 1.967999997E-04 8.979599806E-05 8.903300166E-01 2.639899902E+03 3.139300049E+03 2.980100098E+02 9.172699738E+01 9.018899798E-01 4.926799774E+00 3.188999891E-01 5.525199771E-01 1.047699945E-03
 1.988500007E-04 8.977200196E-05 8.892400265E-01 5.924700195E+03 3.088899902E+03 2.979299927E+02 9.281600189E+01 1.170300007E+00 -7.695000172E+00 3.227399886E-01 5.516899824E-01 1.048999955E-03
 2.009000018E-04 8.974799857E-05 8.886399865E-01 6.143100098E+03 -8.824900055E+01 2.978099976E+02 9.396399689E+01 1.497499943E+00 2.747299910E+00 3.268199861E-01 5.510900021E-01 1.049699960E-03
 2.029500029E-04 8.972400246E-05 8.879100084E-01 5.315899902E+03 1.087500000E+03 2.976799927E+02 9.532299805E+01 1.482300043E+00 3.068500042E+00 3.316200078E-01 5.504000187E-01 1.050599967E-03
 2.050000039E-04 8.969999908E-05 8.870900273E-01 4.960899902E+03 5.505899902E+03 2.975899963E+02 9.610600281E+01 1.389899969E+00 -8.920499802E+00 3.343900144E-01 5.497300029E-01 1.051499974E-03
 0.000000000E+00 9.200000204E-05 1.600700021E+00 5.364300000E+04 -2.147699951E+03 3.000000000E+02 7.824299622E+01 4.534600079E-01 1.317799988E+02 2.692300081E-01 9.968299866E-01 5.824299878E-04
 2.049999921E-06 9.200000204E-05 1.594099998E+00 1.362300000E+04 1.092800000E+04 2.995799866E+02 7.942299652E+01 5.268200040E-01 4.735499954E+01 2.744599879E-01 9.928699732E-01 5.850199959E-04
 4.099999842E-06 9.200000204E-05 1.586300015E+00 -1.907600000E+04 4.507799805E+03 2.988999939E+02 8.198400116E+01 5.981199741E-01 -5.958000183E+01 2.845999897E-01 9.873200059E-01 5.880499957E-04
 6.149999990E-06 9.200000204E-05 1.584800005E+00 4.062699951E+03 -1.264300049E+03 2.984299927E+02 8.457199860E+01 7.023199797E-01 -3.733399963E+01 2.938199937E-01 9.848600030E-01 5.885899882E-04
 8.199999684E-06 9.200000204E-05 1.581300020E+00 5.677000000E+03 -2.917399902E+03 2.980599976E+02 8.734200287E+01 7.166399956E-01 6.374700069E+00 3.036299944E-01 9.814699888E-01 5.899100215E-04
 1.024999983E-05 9.200000204E-05 1.576799989E+00 -9.373000000E+03 -7.774600098E+03 2.978999939E+02 9.028199768E+01 6.460599899E-01 8.484600067E+00 3.139300048E-01 9.781399965E-01 5.915799993E-04
 1.229999998E-05 9.200000204E-05 1.574699998E+00 -3.225600098E+03 7.439299805E+03 2.976300049E+02 9.302300262E+01 6.668300033E-01 2.050699997E+01 3.236100078E-01 9.759899974E-01 5.923500285E-04
 1.435000013E-05 9.200000204E-05 1.570999980E+00 -5.504500122E+02 5.275899902E+03 2.971900024E+02 9.629900360E+01 7.574599981E-01 -1.512899971E+01 3.352499902E-01 9.722099900E-01 5.937800161E-04
 1.639999937E-05 9.200000204E-05 1.565099955E+00 -1.843200000E+04 -3.326399902E+03 2.968299866E+02 9.984500122E+01 6.577100158E-01 -2.180100060E+01 3.477999866E-01 9.674400091E-01 5.959899863E-04
 1.845000043E-05 9.200000204E-05 1.560500026E+00 -1.529900000E+04 -6.536700195E+03 2.963699951E+02 1.031399994E+02 6.421300173E-01 3.680400085E+01 3.595600128E-01 9.630500078E-01 5.977699766E-04
 2.049999966E-05 9.200000204E-05 1.553799987E+00 -1.625800000E+04 -4.144600098E+03 2.958900146E+02 1.066600037E+02 7.802399993E-01 3.911700058E+01 3.721399903E-01 9.574099779E-01 6.003300077E-04
 2.255000072E-05 9.200000204E-05 1.546800017E+00 -2.099300000E+04 -3.916500000E+03 2.955799866E+02 1.105599976E+02 8.080000281E-01 2.251700020E+01 3.859300017E-01 9.520599842E-01 6.030700170E-04
 2.459999996E-05 9.200000204E-05 1.540099978E+00 -1.672800000E+04 -1.805800000E+04 2.951099854E+02 1.147399979E+02 7.520099878E-01 1.904100037E+01 4.008699954E-01 9.464700222E-01 6.056799903E-04
 2.664999920E-05 9.200000204E-05 1.531399965E+00 -2.707900000E+04 -1.473700000E+04 2.945100098E+02 1.190500031E+02 6.477699876E-01 -1.475500011E+01 4.163500071E-01 9.392099977E-01 6.091099931E-04
 2.870000026E-05 9.200000204E-05 1.519500017E+00 -1.829200000E+04 1.144700000E+04 2.941199951E+02 1.237300034E+02 7.644699812E-01 -2.643600082E+01 4.329699874E-01 9.306700230E-01 6.138799945E-04
 3.075000132E-05 9.200000204E-05 1.506800056E+00 1.545100000E+04 1.205300000E+04 2.934299927E+02 1.289499969E+02 8.135499954E-01 -3.236800003E+01 4.517999887E-01 9.207299948E-01 6.190499989E-04
 3.279999873E-05 9.200000204E-05 1.494799972E+00 3.423400000E+04 -3.117099915E+02 2.923699951E+02 1.345399933E+02 7.748100162E-01 -4.318399811E+01 4.722299874E-01 9.100599885E-01 6.240599905E-04
 3.484999979E-05 9.200000204E-05 1.480800033E+00 2.504900000E+04 4.170600098E+03 2.914500122E+02 1.406799927E+02 8.672199845E-01 -1.177799988E+01 4.945600033E-01 8.987600207E-01 6.299300003E-04
 3.690000085E-05 9.200000204E-05 1.463500023E+00 2.348400000E+04 1.791500000E+04 2.904800110E+02 1.476199951E+02 8.816400170E-01 2.389500046E+01 5.198299885E-01 8.852400184E-01 6.374299992E-04
 3.894999827E-05 9.200000204E-05 1.442899942E+00 1.597800000E+04 7.700299805E+03 2.891799927E+02 1.552700043E+02 9.212599993E-01 -2.615099907E+00 5.479900241E-01 8.689000010E-01 6.465199986E-04
 4.099999933E-05 9.200000204E-05 1.420799971E+00 2.397100098E+03 -8.781299805E+03 2.876199951E+02 1.638300018E+02 9.529200196E-01 -5.917799950E+00 5.798000097E-01 8.510000110E-01 6.565600052E-04
 4.305000039E-05 9.200000204E-05 1.394299984E+00 3.222400000E+04 4.875399902E+03 2.856700134E+02 1.733399963E+02 8.833799958E-01 2.150000000E+01 6.155499816E-01 8.294399977E-01 6.690999726E-04
 4.510000144E-05 9.200000204E-05 1.362100005E+00 6.753500000E+04 1.743100000E+04 2.834100037E+02 1.842899933E+02 9.218000174E-01 1.291199970E+01 6.570199728E-01 8.039299846E-01 6.849300116E-04
 4.714999886E-05 9.200000204E-05 1.322199941E+00 7.399500000E+04 1.532600000E+04 2.808200073E+02 1.973000031E+02 9.402400255E-01 3.543799973E+01 7.066599727E-01 7.732599974E-01 7.057000184E-04
 4.919999992E-05 9.200000204E-05 1.275099993E+00 6.226400000E+04 -7.343799805E+03 2.774400024E+02 2.118699951E+02 9.170399904E-01 5.126599884E+01 7.634699941E-01 7.367699742E-01 7.318300195E-04
 5.125000098E-05 9.200000204E-05 1.220000029E+00 6.760700000E+04 -4.732000000E+03 2.731900024E+02 2.278699951E+02 7.413100004E-01 3.050399971E+01 8.275300264E-01 6.941900253E-01 7.650799816E-04
 5.329999840E-05 9.200000204E-05 1.156000018E+00 7.531000000E+04 1.638300000E+04 2.682799988E+02 2.452100067E+02 4.220399857E-01 -3.535400033E-01 8.986499906E-01 6.459699869E-01 8.076300146E-04
 5.534999946E-05 9.200000204E-05 1.086899996E+00 6.619500000E+04 6.717000000E+03 2.629299927E+02 2.635799866E+02 1.571200043E-01 -2.813899994E+00 9.757699966E-01 5.953000188E-01 8.591500227E-04
 5.740000051E-05 9.200000204E-05 1.011700034E+00 7.235300000E+04 -3.135600098E+03 2.569100037E+02 2.826499939E+02 -3.599700034E-01 -1.260299969E+01 1.058599949E+00 5.415099859E-01 9.234300232E-04
 5.945000157E-05 9.200000204E-05 9.358299971E-01 6.176800000E+04 5.828500000E+03 2.503699951E+02 3.012000122E+02 -8.730000257E-01 -2.346299934E+01 1.142699957E+00 4.881600142E-01 9.982599877E-04
 6.150000263E-05 9.200000204E-05 8.636400104E-01 5.260900000E+04 1.173099976E+03 2.437899933E+02 3.188500061E+02 -1.325399995E+00 -1.274500012E+00 1.225900054E+00 4.386799932E-01 1.081999973E-03
 6.354999641E-05 9.200000204E-05 7.941499949E-01 3.554400000E+04 1.208599976E+03 2.371300049E+02 3.355100098E+02 -1.933899999E+00 1.338199973E+00 1.307899952E+00 3.923799992E-01 1.176699996E-03
 6.559999747E-05 9.200000204E-05 7.273100019E-01 3.847300049E+03 7.382600098E+03 2.306100006E+02 3.516600037E+02 -2.500999928E+00 1.060799956E+00 1.390100002E+00 3.494899869E-01 1.285200007E-03
 6.764999853E-05 9.200000204E-05 6.672700047E-01 -7.148000000E+03 -5.768399902E+03 2.244199982E+02 3.660899963E+02 -2.896100044E+00 1.136399984E+00 1.466899991E+00 3.120000064E-01 1.400199952E-03
 6.969999959E-05 9.200000204E-05 6.151599884E-01 -1.973300000E+04 -1.013800000E+04 2.185399933E+02 3.786700134E+02 -3.209300041E+00 3.824500084E+00 1.537600040E+00 2.800999880E-01 1.518900041E-03
 7.175000064E-05 9.200000204E-05 5.667200089E-01 -3.782800000E+04 -4.355200195E+03 2.128999939E+02 3.907200012E+02 -3.680599928E+00 1.179100037E+01 1.607399940E+00 2.513799965E-01 1.648699981E-03
 7.380000170E-05 9.200000204E-05 5.232999921E-01 -4.551900000E+04 -1.178500000E+03 2.075800018E+02 4.018800049E+02 -3.856300116E+00 7.199999809E+00 1.674299955E+00 2.263099998E-01 1.785199973E-03
 7.585000276E-05 9.200000204E-05 4.857400060E-01 -5.871600000E+04 -4.573100098E+03 2.026799927E+02 4.117699890E+02 -4.015399933E+00 -2.551899910E+00 1.736099958E+00 2.050999999E-01 1.922799973E-03
 7.789999654E-05 9.200000204E-05 4.530700147E-01 -7.666900000E+04 1.820800049E+03 1.982700043E+02 4.201600037E+02 -4.181000233E+00 -1.158500004E+01 1.791000009E+00 1.871300042E-01 2.061200095E-03
 7.994999760E-05 9.200000204E-05 4.235000014E-01 -9.370300000E+04 6.693899902E+03 1.942700043E+02 4.280799866E+02 -4.187399864E+00 -1.247999954E+01 1.843400002E+00 1.713799983E-01 2.205099910E-03
 8.199999866E-05 9.200000204E-05 3.973000050E-01 -1.107900000E+05 1.725800049E+03 1.905700073E+02 4.355400085E+02 -4.167900085E+00 6.983699799E+00 1.893700004E+00 1.577100009E-01 2.349999966E-03
 8.404999971E-05 9.200000204E-05 3.745200038E-01 -1.199400000E+05 1.120199966E+02 1.871699982E+02 4.418500061E+02 -4.256999969E+00 1.189799976E+01 1.938400030E+00 1.460099965E-01 2.492700005E-03
 8.610000077E-05 9.200000204E-05 3.538300097E-01 -1.258600000E+05 3.710500000E+03 1.840599976E+02 4.477699890E+02 -4.256000042E+00 7.103099823E+00 1.980900049E+00 1.356499940E-01 2.638400067E-03
 8.815000183E-05 9.200000204E-05 3.363600075E-01 -1.547900000E+05 1.429800049E+03 1.817299957E+02 4.524800110E+02 -3.840100050E+00 9.849399567E+00 2.014499903E+00 1.272999942E-01 2.774599940E-03
 9.020000289E-05 9.200000204E-05 3.216800094E-01 -1.874400000E+05 -1.966500000E+03 1.796900024E+02 4.560499878E+02 -3.589900017E+00 5.572500229E+00 2.041899920E+00 1.203799993E-01 2.901300089E-03
 9.224999667E-05 9.200000204E-05 3.083600104E-01 -2.118600000E+05 2.805800049E+03 1.777799988E+02 4.594800110E+02 -3.652600050E+00 4.065400124E+00 2.068200111E+00 1.141700000E-01 3.026199993E-03
 9.429999773E-05 9.200000204E-05 2.968100011E-01 -2.359000000E+05 4.548100098E+03 1.761799927E+02 4.622600098E+02 -3.482100010E+00 9.191699982E+00 2.090100050E+00 1.089000031E-01 3.143799957E-03
 9.634999878E-05 9.200000204E-05 2.872300148E-01 -2.596300000E+05 2.117199951E+03 1.748699951E+02 4.644400024E+02 -3.067699909E+00 1.360700035E+01 2.107800007E+00 1.045899987E-01 3.248299938E-03
 9.839999984E-05 9.200000204E-05 2.793900073E-01 -2.937600000E+05 1.021299988E+03 1.740200043E+02 4.659800110E+02 -2.762500048E+00 1.354800034E+01 2.119899988E+00 1.012500003E-01 3.339299932E-03
 1.004500009E-04 9.200000204E-05 2.744500041E-01 -3.861600000E+05 8.962299805E+02 1.750099945E+02 4.640199890E+02 -2.639800072E+00 7.445700169E+00 2.105099916E+00 1.000199988E-01 3.398800036E-03
 1.025000020E-04 9.200000204E-05 2.818500102E-01 -7.888900000E+05 -6.788700195E+03 1.862400055E+02 4.424899902E+02 -2.911499977E+00 -3.401599884E+01 1.950199962E+00 1.094800010E-01 3.312699962E-03
 1.045500030E-04 9.200000204E-05 3.428699970E-01 -1.335400000E+06 -1.982100000E+04 2.213200073E+02 3.632300110E+02 -2.952600002E+00 -1.102200012E+02 1.486600041E+00 1.607699990E-01 2.785600023E-03
 1.065999968E-04 9.200000204E-05 5.026199818E-01 -1.020800000E+06 -1.979100000E+04 2.625100098E+02 2.465800018E+02 -2.075500011E+00 -1.285899963E+02 9.209700227E-01 2.783200145E-01 1.944600022E-03
 1.086499979E-04 9.200000204E-05 6.844400167E-01 -2.892900000E+05 -3.311500000E+03 2.836799927E+02 1.693800049E+02 -1.338600039E+00 -5.734500122E+01 6.043000221E-01 4.051299989E-01 1.379200025E-03
 1.106999989E-04 9.200000204E-05 7.820900083E-01 -6.973500000E+04 3.893699951E+03 2.902799988E+02 1.422200012E+02 -1.144400001E+00 1.379899979E+01 5.010399818E-01 4.728299975E-01 1.193700009E-03
 1.127500000E-04 9.200000204E-05 8.115699887E-01 -3.196100000E+04 5.877200195E+03 2.921000061E+02 1.332400055E+02 -1.091599941E+00 4.689400101E+01 4.678800106E-01 4.936600029E-01 1.149400021E-03
 1.148000010E-04 9.200000204E-05 8.203700185E-01 -2.353600000E+04 4.170000000E+03 2.931000061E+02 1.285399933E+02 -1.009899974E+00 8.133700371E+00 4.506300092E-01 5.007100105E-01 1.137100044E-03
 1.168500021E-04 9.200000204E-05 8.252500296E-01 -3.338500000E+04 5.331199951E+02 2.941400146E+02 1.250100021E+02 -6.847100258E-01 -2.780299950E+01 4.374499917E-01 5.054699779E-01 1.130299992E-03
 1.189000031E-04 9.200000204E-05 8.309299946E-01 -2.745500000E+04 -2.329399902E+03 2.948399963E+02 1.217799988E+02 -6.062200069E-01 -1.287199974E+01 4.256600142E-01 5.101600289E-01 1.122600050E-03
 1.209499969E-04 9.200000204E-05 8.370500207E-01 -1.446600000E+04 -9.545799805E+03 2.949899902E+02 1.187200012E+02 -7.152000070E-01 1.615600014E+01 4.148600101E-01 5.141800046E-01 1.114399987E-03
 1.230000053E-04 9.200000204E-05 8.429999948E-01 -5.087399902E+03 -4.478600098E+03 2.949800110E+02 1.158600006E+02 -6.678100228E-01 2.108499908E+01 4.048500061E-01 5.178300142E-01 1.106500044E-03
 1.250500063E-04 9.200000204E-05 8.460599780E-01 -1.258800000E+04 -2.613399902E+03 2.953699951E+02 1.136100006E+02 -6.124299765E-01 1.511800003E+01 3.967300057E-01 5.203899741E-01 1.102500013E-03
 1.270999928E-04 9.200000204E-05 8.485000134E-01 -7.989799805E+03 -9.002200195E+03 2.957300110E+02 1.115500031E+02 -6.187199950E-01 -7.713500023E+00 3.892999887E-01 5.225300193E-01 1.099399989E-03
 1.291499939E-04 9.200000204E-05 8.530399799E-01 5.138299805E+03 -3.623000000E+03 2.958200073E+02 1.094700012E+02 -4.193300009E-01 -3.718700027E+01 3.819699883E-01 5.254899859E-01 1.093499945E-03
 1.311999949E-04 9.200000204E-05 8.567299843E-01 -2.165800049E+03 4.374500000E+03 2.960799866E+02 1.077399979E+02 -4.204899967E-01 -3.191699982E+01 3.757799864E-01 5.282099843E-01 1.088800025E-03
 1.332499960E-04 9.200000204E-05 8.596600294E-01 -3.303600098E+03 4.719700012E+02 2.963099976E+02 1.060100021E+02 -4.612300098E-01 -1.482400036E+01 3.695800006E-01 5.304399729E-01 1.085099997E-03
 1.352999971E-04 9.200000204E-05 8.619599938E-01 7.860899902E+03 -6.422200195E+03 2.964500122E+02 1.043000031E+02 -5.927100182E-01 -6.800899982E+00 3.635799885E-01 5.321000218E-01 1.082199975E-03
 1.373499981E-04 9.200000204E-05 8.629500270E-01 -5.049700195E+03 -1.042400000E+04 2.971099854E+02 1.025299988E+02 -7.621799707E-01 4.404300213E+00 3.569999933E-01 5.339099765E-01 1.080899965E-03
 1.393999992E-04 9.200000204E-05 8.640699983E-01 -1.639600000E+04 5.836599731E+02 2.978099976E+02 1.008300018E+02 -4.052099884E-01 1.340699959E+01 3.506599963E-01 5.358700156E-01 1.079499954E-03
 1.414500002E-04 9.200000204E-05 8.669300079E-01 -5.075299805E+03 1.724900024E+03 2.978399963E+02 9.941000366E+01 -3.973000050E-01 5.321100235E+00 3.457100093E-01 5.376799703E-01 1.076000044E-03
 1.435000013E-04 9.200000204E-05 8.700900078E-01 -2.544100098E+03 -2.135399902E+03 2.976400146E+02 9.812599945E+01 -4.711199999E-01 -2.311199951E+01 3.413600028E-01 5.392799973E-01 1.072100014E-03
 1.455500023E-04 9.200000204E-05 8.727999926E-01 -1.968400024E+03 3.766399902E+03 2.977999878E+02 9.686599731E+01 -3.115999997E-01 -2.923200035E+01 3.368799984E-01 5.412600040E-01 1.068699989E-03
 1.476000034E-04 9.200000204E-05 8.745999932E-01 -2.710899902E+03 -4.343399902E+03 2.979700012E+02 9.567099762E+01 -3.977900147E-01 1.917900085E+01 3.326199949E-01 5.426899791E-01 1.066499972E-03
 1.496500045E-04 9.200000204E-05 8.758100271E-01 -1.685100000E+04 -7.837799805E+03 2.981199951E+02 9.455699921E+01 -4.343500137E-01 2.398500061E+01 3.286600113E-01 5.437099934E-01 1.065099961E-03
 1.517000055E-04 9.200000204E-05 8.782600164E-01 -1.520600000E+04 -4.622899902E+03 2.981900024E+02 9.341899872E+01 -2.741900086E-01 -1.661700010E+00 3.246699870E-01 5.453600287E-01 1.062100055E-03
 1.537500066E-04 9.200000204E-05 8.803300261E-01 -7.118599854E+02 -7.751899902E+03 2.980899963E+02 9.242800140E+01 -2.290499955E-01 -1.173799992E+01 3.212800026E-01 5.464500189E-01 1.059600036E-03
 1.557999931E-04 9.200000204E-05 8.812599778E-01 -8.299799805E+03 5.385700195E+03 2.980700073E+02 9.164800262E+01 -2.330400050E-01 -1.518599987E+01 3.185800016E-01 5.469899774E-01 1.058500027E-03
 1.578499941E-04 9.200000204E-05 8.827599883E-01 -1.678000000E+04 1.354100000E+04 2.981799927E+02 9.097200012E+01 -3.948799968E-01 -5.412499905E+00 3.161700070E-01 5.481299758E-01 1.056700014E-03
 1.598999952E-04 9.200000204E-05 8.842499852E-01 -1.985900000E+04 8.032299805E+01 2.983500061E+02 9.015100098E+01 -4.884999990E-01 9.182600021E+00 3.132399917E-01 5.493599772E-01 1.054900000E-03
 1.619499963E-04 9.200000204E-05 8.849800229E-01 -3.030000000E+03 -5.528000000E+03 2.983900146E+02 8.930699921E+01 -1.901800036E-01 2.672900009E+01 3.102799952E-01 5.498899817E-01 1.053999993E-03
 1.639999973E-04 9.200000204E-05 8.859900236E-01 5.615600098E+03 5.004500000E+03 2.983200073E+02 8.866999817E+01 -1.818200052E-01 2.538400078E+01 3.080999851E-01 5.504000187E-01 1.052799984E-03
 1.660499984E-04 9.200000204E-05 8.871700168E-01 1.623699951E+03 1.107700000E+04 2.983500061E+02 8.806700134E+01 -1.886100024E-01 2.555699921E+01 3.059999943E-01 5.511800051E-01 1.051399973E-03
 1.680999994E-04 9.200000204E-05 8.880199790E-01 1.628199951E+03 1.059500000E+04 2.984400024E+02 8.768599701E+01 1.172799990E-02 3.044400024E+01 3.046199977E-01 5.518800020E-01 1.050399966E-03
 1.701500005E-04 9.200000204E-05 8.893499970E-01 4.326200195E+03 6.653200073E+02 2.984500122E+02 8.752799988E+01 5.935499817E-02 -5.052599907E+00 3.040699959E-01 5.527200103E-01 1.048899954E-03
 1.722000015E-04 9.200000204E-05 8.902199864E-01 7.342500000E+03 -5.421399902E+03 2.985299988E+02 8.736100006E+01 -1.124500036E-01 -2.356800079E+01 3.034400046E-01 5.534200072E-01 1.047799946E-03
 1.742500026E-04 9.200000204E-05 8.896200061E-01 3.138399902E+03 2.681199951E+03 2.985799866E+02 8.726499939E+01 -1.430500001E-01 -8.031599998E+00 3.030799925E-01 5.531399846E-01 1.048499951E-03
 1.763000037E-04 9.200000204E-05 8.898299932E-01 2.965600098E+03 -3.265300049E+03 2.986499939E+02 8.710199738E+01 1.557399984E-02 -1.046300030E+01 3.024800122E-01 5.533999801E-01 1.048299950E-03
 1.783500047E-04 9.200000204E-05 8.912000060E-01 1.871699982E+02 -1.664900024E+03 2.986300049E+02 8.687400055E+01 -3.845600039E-02 5.735400200E+00 3.016999960E-01 5.541999936E-01 1.046700054E-03
 1.804000058E-04 9.200000204E-05 8.917099833E-01 5.988799805E+03 5.672299805E+02 2.985799866E+02 8.691999817E+01 6.196900085E-02 1.795100021E+01 3.018899858E-01 5.544300079E-01 1.046100049E-03
 1.824500068E-04 9.200000204E-05 8.919100165E-01 1.098800000E+04 -7.987899902E+03 2.984200134E+02 8.710199738E+01 2.236900032E-01 5.071000099E+00 3.025999963E-01 5.542500019E-01 1.045900048E-03
 1.844999933E-04 9.200000204E-05 8.919699788E-01 1.294700000E+04 -4.402299805E+03 2.982600098E+02 8.739199829E+01 1.718399972E-01 3.785900116E+00 3.036899865E-01 5.539900064E-01 1.045800047E-03
 1.865499944E-04 9.200000204E-05 8.924099803E-01 1.701700000E+04 1.039199951E+03 2.981600037E+02 8.784899902E+01 2.028100044E-01 -1.555000019E+01 3.053300083E-01 5.540900230E-01 1.045300043E-03
 1.885999955E-04 9.200000204E-05 8.923599720E-01 2.349699951E+03 -7.571700195E+03 2.982500000E+02 8.843399811E+01 2.782199979E-01 -5.384300232E+00 3.073099852E-01 5.542200208E-01 1.045300043E-03
 1.906499965E-04 9.200000204E-05 8.913199902E-01 -7.079700195E+03 -8.458200195E+03 2.984599915E+02 8.921099854E+01 3.271900117E-01 2.359799957E+01 3.099099994E-01 5.539600253E-01 1.046500052E-03
 1.926999976E-04 9.200000204E-05 8.903700113E-01 -7.699199829E+02 -7.008000000E+03 2.983999939E+02 8.998400116E+01 3.991599977E-01 -7.933400154E+00 3.126200140E-01 5.532600284E-01 1.047699945E-03
 1.947499986E-04 9.200000204E-05 8.903800249E-01 1.234199951E+03 -4.378500000E+03 2.982000122E+02 9.067299652E+01 4.181100130E-01 -2.117300034E+01 3.151200116E-01 5.529000163E-01 1.047599944E-03
 1.967999997E-04 9.200000204E-05 8.903099895E-01 4.352399902E+03 3.365499878E+02 2.979899902E+02 9.143800354E+01 3.834599853E-01 -3.857700109E+00 3.178899884E-01 5.524600148E-01 1.047699945E-03
 1.988500007E-04 9.200000204E-05 8.893899918E-01 8.417000000E+03 -1.835300049E+03 2.978500061E+02 9.250700378E+01 5.695099831E-01 -1.665099978E+00 3.216899931E-01 5.516200066E-01 1.048799953E-03
 2.009000018E-04 9.200000204E-05 8.888800144E-01 8.280200195E+03 -6.323599854E+02 2.977999878E+02 9.390100098E+01 8.458099961E-01 1.446800041E+01 3.265799880E-01 5.512199998E-01 1.049399958E-03
 2.029500029E-04 9.200000204E-05 8.876100183E-01 1.550500031E+02 1.277400024E+03 2.976799927E+02 9.541999817E+01 7.446600199E-01 7.464799881E+00 3.319199979E-01 5.502200127E-01 1.050899969E-03
 2.050000039E-04 9.200000204E-05 8.864300251E-01 -5.985000000E+03 2.893899902E+03 2.975499878E+02 9.619899750E+01 5.855399966E-01 -1.048299980E+01 3.346999884E-01 5.492399931E-01 1.052299980E-03
ZONE T="BUFFER ZONE"
 STRANDID=0, SOLUTIONTIME=0
 I=31, J=41, K=1, ZONETYPE=Ordered
 DATAPACKING=POINT
 DT=(SINGLE SINGLE SINGLE SINGLE SINGLE SINGLE SINGLE SINGLE SINGLE SINGLE SINGLE SINGLE )
 2.050000039E-04 0.000000000E+00 4.395599961E-01 -1.009200000E+05 -4.759000000E+05 2.949800110E+02 4.341400146E+00 3.183800049E+02 -5.099299927E+02 8.871700168E-01 3.571999967E-01 1.733600046E-03
 2.070500050E-04 0.000000000E+00 4.388200045E-01 -5.648300000E+04 -4.832800000E+05 2.954700012E+02 8.786700249E+00 3.195100098E+02 -1.767899933E+02 8.942000270E-01 3.554300070E-01 1.742499997E-03
 2.091000060E-04 0.000000000E+00 4.379599988E-01 -1.662500000E+04 -4.784700000E+05 2.960499878E+02 1.775200081E+01 3.199800110E+02 1.445899963E+02 8.998600245E-01 3.536700010E-01 1.751999953E-03
 2.111500071E-04 0.000000000E+00 4.380399883E-01 -3.001200000E+04 -4.730600000E+05 2.960000000E+02 2.691699982E+01 3.199400024E+02 1.283099976E+02 9.032499790E-01 3.532699943E-01 1.752999960E-03
 2.131999936E-04 0.000000000E+00 4.382300079E-01 -3.385600000E+04 -4.709400000E+05 2.958699951E+02 3.580400085E+01 3.208699951E+02 1.380500031E+02 9.108099937E-01 3.528900146E-01 1.753599965E-03
 2.152499947E-04 0.000000000E+00 4.384399951E-01 -3.160400000E+04 -4.480000000E+05 2.957300110E+02 4.397100067E+01 3.206400146E+02 1.576399994E+02 9.157199860E-01 3.522300124E-01 1.754999976E-03
 2.172999957E-04 0.000000000E+00 4.386300147E-01 -2.682400000E+04 -4.298300000E+05 2.956000061E+02 5.188299942E+01 3.207500000E+02 1.801000061E+02 9.230499864E-01 3.512200117E-01 1.757799997E-03
 2.193499968E-04 0.000000000E+00 4.384900033E-01 -2.325900000E+04 -4.314700000E+05 2.956900024E+02 6.015999985E+01 3.212799988E+02 1.942100067E+02 9.327300191E-01 3.500699997E-01 1.762400032E-03
 2.213999978E-04 0.000000000E+00 4.381200075E-01 -2.252500000E+04 -4.268300000E+05 2.959400024E+02 6.827799988E+01 3.214200134E+02 2.231100006E+02 9.413899779E-01 3.489199877E-01 1.767899957E-03
 2.234499989E-04 0.000000000E+00 4.376699924E-01 -2.231700000E+04 -4.156500000E+05 2.962500000E+02 7.559400177E+01 3.226199951E+02 2.847099915E+02 9.523800015E-01 3.482699990E-01 1.771999989E-03
 2.254999999E-04 0.000000000E+00 4.373899996E-01 -2.342000000E+04 -4.080200000E+05 2.964400024E+02 8.206999969E+01 3.232399902E+02 3.078599854E+02 9.632800221E-01 3.467299938E-01 1.778700040E-03
 2.275500010E-04 0.000000000E+00 4.373899996E-01 -4.685700195E+03 -4.027800000E+05 2.964400024E+02 8.792900085E+01 3.237600098E+02 3.208599854E+02 9.751499891E-01 3.446600139E-01 1.786199980E-03
 2.296000021E-04 0.000000000E+00 4.373599887E-01 -8.115000153E+01 -4.019300000E+05 2.964599915E+02 9.431099701E+01 3.246300049E+02 3.317000122E+02 9.905200005E-01 3.418999910E-01 1.796499942E-03
 2.316500031E-04 0.000000000E+00 4.371100068E-01 -3.916899902E+03 -3.901300000E+05 2.966300049E+02 1.010100021E+02 3.243900146E+02 3.305100098E+02 1.003900051E+00 3.386499882E-01 1.809600042E-03
 2.337000042E-04 0.000000000E+00 4.365699887E-01 -1.840500000E+03 -3.674400000E+05 2.969899902E+02 1.071900024E+02 3.253800049E+02 3.584100037E+02 1.017099977E+00 3.370000124E-01 1.818099990E-03
 2.357500052E-04 0.000000000E+00 4.358600080E-01 -9.993900391E+03 -3.673000000E+05 2.974800110E+02 1.129800034E+02 3.271000061E+02 3.757900085E+02 1.031700015E+00 3.356199861E-01 1.826300053E-03
 2.378000063E-04 0.000000000E+00 4.355300069E-01 -9.931400391E+03 -3.584700000E+05 2.977000122E+02 1.180599976E+02 3.274500122E+02 3.876199951E+02 1.045199990E+00 3.327000141E-01 1.839100034E-03
 2.398499928E-04 0.000000000E+00 4.355300069E-01 1.952900024E+03 -3.448200000E+05 2.977099915E+02 1.227600021E+02 3.281900024E+02 4.026700134E+02 1.060299993E+00 3.296799958E-01 1.851000008E-03
 2.418999939E-04 0.000000000E+00 4.354700148E-01 1.412800000E+04 -3.377300000E+05 2.977500000E+02 1.277799988E+02 3.289599915E+02 4.037799988E+02 1.077700019E+00 3.260200024E-01 1.866100007E-03
 2.439499949E-04 0.000000000E+00 4.352200031E-01 1.494400000E+04 -3.063800000E+05 2.979200134E+02 1.329900055E+02 3.295400085E+02 4.338999939E+02 1.097200036E+00 3.212699890E-01 1.886800048E-03
 2.460000105E-04 0.000000000E+00 4.348599911E-01 2.077900000E+04 -2.902200000E+05 2.981600037E+02 1.388800049E+02 3.308099976E+02 4.625899963E+02 1.120900035E+00 3.162199855E-01 1.909999992E-03
 2.480499970E-04 0.000000000E+00 4.342299998E-01 2.818100000E+04 -2.813500000E+05 2.986000061E+02 1.460800018E+02 3.307500000E+02 4.568900146E+02 1.144799948E+00 3.102299869E-01 1.939399983E-03
 2.501000126E-04 0.000000000E+00 4.338099957E-01 2.042300000E+04 -2.707600000E+05 2.988800049E+02 1.537700043E+02 3.315599976E+02 4.809299927E+02 1.170799971E+00 3.051500022E-01 1.964499941E-03
 2.521499991E-04 0.000000000E+00 4.336700141E-01 1.392000000E+04 -2.486300000E+05 2.989800110E+02 1.615299988E+02 3.336400146E+02 4.798999939E+02 1.199800014E+00 3.009000123E-01 1.985300099E-03
 2.541999856E-04 0.000000000E+00 4.337700009E-01 1.756100000E+04 -2.178500000E+05 2.989100037E+02 1.694299927E+02 3.336799927E+02 4.604899902E+02 1.226699948E+00 2.955000103E-01 2.011399949E-03
 2.562500013E-04 0.000000000E+00 4.339799881E-01 1.822900000E+04 -2.076000000E+05 2.987699890E+02 1.776000061E+02 3.342000122E+02 4.823800049E+02 1.255499959E+00 2.904399931E-01 2.035999903E-03
 2.582999878E-04 0.000000000E+00 4.338499904E-01 1.647400000E+04 -1.895200000E+05 2.988599854E+02 1.866000061E+02 3.355799866E+02 4.776499939E+02 1.287199974E+00 2.858400047E-01 2.060800092E-03
 2.603500034E-04 0.000000000E+00 4.337399900E-01 2.029000000E+04 -1.571800000E+05 2.989299927E+02 1.966100006E+02 3.354200134E+02 4.526199951E+02 1.318500042E+00 2.806999981E-01 2.089200076E-03
 2.623999899E-04 0.000000000E+00 4.338200092E-01 1.890000000E+04 -1.220100000E+05 2.988800049E+02 2.083000031E+02 3.357500000E+02 4.239400024E+02 1.354699969E+00 2.757799923E-01 2.116499934E-03
 2.644500055E-04 0.000000000E+00 4.338600039E-01 2.012700000E+04 -8.025900000E+04 2.988500061E+02 2.208300018E+02 3.366000061E+02 3.950199890E+02 1.392699957E+00 2.716600001E-01 2.140300116E-03
 2.664999920E-04 0.000000000E+00 6.046500206E-01 -2.932000000E+04 -1.482900000E+05 3.311099854E+02 7.632499695E+01 2.308899994E+02 5.088600159E+01 8.020099998E-01 4.169000089E-01 1.542699989E-03
 2.050000039E-04 2.300000006E-06 5.280299783E-01 -5.766800000E+04 -3.198500000E+05 3.136700134E+02 4.205399990E+00 2.699100037E+02 -4.413999939E+02 8.081200123E-01 3.919500113E-01 1.623300021E-03
 2.070500050E-04 2.300000006E-06 5.271999836E-01 -2.935800000E+04 -3.379000000E+05 3.140199890E+02 8.646900177E+00 2.707600098E+02 -1.796900024E+02 8.127599955E-01 3.908700049E-01 1.628899947E-03
 2.091000060E-04 2.300000006E-06 5.264999866E-01 -8.580400391E+03 -3.361000000E+05 3.144599915E+02 1.736300087E+01 2.710199890E+02 7.189199829E+01 8.162699938E-01 3.899900019E-01 1.634299988E-03
 2.111500071E-04 2.300000006E-06 5.266600251E-01 -2.439700000E+04 -3.208400000E+05 3.143500061E+02 2.612299919E+01 2.709800110E+02 5.992599869E+01 8.193100095E-01 3.897700012E-01 1.634599990E-03
 2.131999936E-04 2.300000006E-06 5.269100070E-01 -3.184100000E+04 -3.237100000E+05 3.140799866E+02 3.484000015E+01 2.719100037E+02 7.335199738E+01 8.266999722E-01 3.894299865E-01 1.634399989E-03
 2.152499947E-04 2.300000006E-06 5.265100002E-01 -3.112200000E+04 -3.078000000E+05 3.138699951E+02 4.313899994E+01 2.722699890E+02 8.441699982E+01 8.331500292E-01 3.885700107E-01 1.636400004E-03
 2.172999957E-04 2.300000006E-06 5.252000093E-01 -2.868500000E+04 -2.980600000E+05 3.136000061E+02 5.118500137E+01 2.729700012E+02 9.776599884E+01 8.418599963E-01 3.868300021E-01 1.641300041E-03
 2.193499968E-04 2.300000006E-06 5.242699981E-01 -2.576800000E+04 -3.046200000E+05 3.134299927E+02 5.917200089E+01 2.738399963E+02 1.054100037E+02 8.518400192E-01 3.853900135E-01 1.645699958E-03
 2.213999978E-04 2.300000006E-06 5.233200192E-01 -2.164000000E+04 -2.970300000E+05 3.135400085E+02 6.685600281E+01 2.744700012E+02 1.161299973E+02 8.611099720E-01 3.842700124E-01 1.650399994E-03
 2.234499989E-04 2.300000006E-06 5.218300223E-01 -2.295900000E+04 -2.844500000E+05 3.137099915E+02 7.411699677E+01 2.760899963E+02 1.596900024E+02 8.732399940E-01 3.830899894E-01 1.655700034E-03
 2.254999999E-04 2.300000006E-06 5.202400088E-01 -2.662600000E+04 -2.774200000E+05 3.136400146E+02 8.095300293E+01 2.774899902E+02 1.754900055E+02 8.860499859E-01 3.811100125E-01 1.662699971E-03
 2.275500010E-04 2.300000006E-06 5.183699727E-01 -1.747100000E+04 -2.799700000E+05 3.132699890E+02 8.734899902E+01 2.788900146E+02 1.882500000E+02 8.998000026E-01 3.783299923E-01 1.671300037E-03
 2.296000021E-04 2.300000006E-06 5.163199902E-01 -1.443500000E+04 -2.788100000E+05 3.128800049E+02 9.373100281E+01 2.804100037E+02 2.151999969E+02 9.151099920E-01 3.750500083E-01 1.681700000E-03
 2.316500031E-04 2.300000006E-06 5.140299797E-01 -1.523100000E+04 -2.676500000E+05 3.127300110E+02 1.001500015E+02 2.810899963E+02 2.089299927E+02 9.283599854E-01 3.716500103E-01 1.693999977E-03
 2.337000042E-04 2.300000006E-06 5.116999745E-01 -1.438200000E+04 -2.577800000E+05 3.128200073E+02 1.063399963E+02 2.827699890E+02 2.209799957E+02 9.427400231E-01 3.693000078E-01 1.703800051E-03
 2.357500052E-04 2.300000006E-06 5.092599988E-01 -1.663700000E+04 -2.537700000E+05 3.128299866E+02 1.121900024E+02 2.852200012E+02 2.392100067E+02 9.591400027E-01 3.669100106E-01 1.713600010E-03
 2.378000063E-04 2.300000006E-06 5.065799952E-01 -1.349600000E+04 -2.469900000E+05 3.124500122E+02 1.175699997E+02 2.869899902E+02 2.526100006E+02 9.753800035E-01 3.631300032E-01 1.726999995E-03
 2.398499928E-04 2.300000006E-06 5.036100149E-01 -6.184799805E+03 -2.420500000E+05 3.119599915E+02 1.227300034E+02 2.889500122E+02 2.799200134E+02 9.924299717E-01 3.590199947E-01 1.741399989E-03
 2.418999939E-04 2.300000006E-06 5.000799894E-01 1.321199951E+03 -2.355000000E+05 3.115000000E+02 1.280399933E+02 2.912000122E+02 2.888900146E+02 1.011500001E+00 3.542500138E-01 1.759000006E-03
 2.439499949E-04 2.300000006E-06 4.958499968E-01 3.686600098E+03 -2.186100000E+05 3.109800110E+02 1.335200043E+02 2.935100098E+02 2.994299927E+02 1.032500029E+00 3.483900130E-01 1.781599945E-03
 2.460000105E-04 2.300000006E-06 4.908800125E-01 1.142100000E+04 -2.142400000E+05 3.103599854E+02 1.396499939E+02 2.963999939E+02 3.240000000E+02 1.057100058E+00 3.417899907E-01 1.807900029E-03
 2.480499970E-04 2.300000006E-06 4.849399924E-01 1.356900000E+04 -2.097500000E+05 3.098500061E+02 1.467500000E+02 2.987600098E+02 3.358900146E+02 1.082800031E+00 3.341999948E-01 1.840600045E-03
 2.501000126E-04 2.300000006E-06 4.793800116E-01 7.646299805E+03 -2.059300000E+05 3.091700134E+02 1.540200043E+02 3.017399902E+02 3.454100037E+02 1.110299945E+00 3.271799982E-01 1.870800043E-03
 2.521499991E-04 2.300000006E-06 4.744600058E-01 6.673000000E+03 -1.993300000E+05 3.082399902E+02 1.614900055E+02 3.058200073E+02 3.442399902E+02 1.141299963E+00 3.207800090E-01 1.898000017E-03
 2.541999856E-04 2.300000006E-06 4.691199958E-01 8.548900391E+03 -1.809400000E+05 3.072799988E+02 1.694700012E+02 3.089400024E+02 3.274500122E+02 1.172299981E+00 3.135499954E-01 1.930400031E-03
 2.562500013E-04 2.300000006E-06 4.638800025E-01 1.145200000E+04 -1.702100000E+05 3.061099854E+02 1.776000061E+02 3.122500000E+02 3.419700012E+02 1.204599977E+00 3.063699901E-01 1.962699927E-03
 2.582999878E-04 2.300000006E-06 4.584999979E-01 1.114200000E+04 -1.593200000E+05 3.049400024E+02 1.864299927E+02 3.161300049E+02 3.509299927E+02 1.239699960E+00 2.993899882E-01 1.995899947E-03
 2.603500034E-04 2.300000006E-06 4.524300098E-01 9.347200195E+03 -1.420700000E+05 3.038099976E+02 1.963399963E+02 3.193099976E+02 3.321099854E+02 1.275900006E+00 2.917700112E-01 2.034799894E-03
 2.623999899E-04 2.300000006E-06 4.461899996E-01 8.946700195E+03 -1.155500000E+05 3.025299988E+02 2.074900055E+02 3.228500061E+02 3.216900024E+02 1.316300035E+00 2.840900123E-01 2.075500088E-03
 2.644500055E-04 2.300000006E-06 4.381999969E-01 1.885000000E+04 -7.889200000E+04 3.006000061E+02 2.209499969E+02 3.269899902E+02 3.145599976E+02 1.359200001E+00 2.773399949E-01 2.112000016E-03
 2.664999920E-04 2.300000006E-06 4.331400096E-01 2.788400000E+04 -6.125100000E+04 2.993500061E+02 2.284600067E+02 3.289599915E+02 3.063099976E+02 1.380100012E+00 2.742800117E-01 2.128799912E-03
 2.050000039E-04 4.600000011E-06 6.430500150E-01 -2.727100098E+03 -1.190900000E+05 3.361700134E+02 4.102300167E+00 2.078200073E+02 -2.508500061E+02 6.806499958E-01 4.503700137E-01 1.453100005E-03
 2.070500050E-04 4.600000011E-06 6.429200172E-01 1.478700000E+04 -1.368600000E+05 3.362900085E+02 8.498200417E+00 2.083500061E+02 -1.351799927E+02 6.828500032E-01 4.504500031E-01 1.453500008E-03
 2.091000060E-04 4.600000011E-06 6.426600218E-01 1.821700000E+04 -1.355100000E+05 3.366000061E+02 1.689399910E+01 2.084900055E+02 -9.480999947E+00 6.846399903E-01 4.506799877E-01 1.454200014E-03
 2.111500071E-04 4.600000011E-06 6.423299909E-01 -2.792500000E+03 -1.211100000E+05 3.365799866E+02 2.514299965E+01 2.085399933E+02 1.697500038E+01 6.875399947E-01 4.504199922E-01 1.454800018E-03
 2.131999936E-04 4.600000011E-06 6.418200135E-01 -1.217100000E+04 -1.329700000E+05 3.362200012E+02 3.369699860E+01 2.096499939E+02 2.301799965E+01 6.954399943E-01 4.495800138E-01 1.455800026E-03
 2.152499947E-04 4.600000011E-06 6.402000189E-01 -1.756000000E+04 -1.275400000E+05 3.358399963E+02 4.217900085E+01 2.108699951E+02 1.628599930E+01 7.046899796E-01 4.479300082E-01 1.459400053E-03
 2.172999957E-04 4.600000011E-06 6.379200220E-01 -2.254100000E+04 -1.238700000E+05 3.353099976E+02 5.028799820E+01 2.122200012E+02 1.912400055E+01 7.152100205E-01 4.456200004E-01 1.464699977E-03
 2.193499968E-04 4.600000011E-06 6.361100078E-01 -1.648300000E+04 -1.280200000E+05 3.347900085E+02 5.791199875E+01 2.135700073E+02 1.411999989E+01 7.261999846E-01 4.436700046E-01 1.468900009E-03
 2.213999978E-04 4.600000011E-06 6.337299943E-01 -1.088600000E+04 -1.184800000E+05 3.345400085E+02 6.527100372E+01 2.149400024E+02 1.985000038E+01 7.374500036E-01 4.416599870E-01 1.474300050E-03
 2.234499989E-04 4.600000011E-06 6.305000186E-01 -1.486700000E+04 -1.081000000E+05 3.343699951E+02 7.260099792E+01 2.171999969E+02 3.298199844E+01 7.520099878E-01 4.391700029E-01 1.481699990E-03
 2.254999999E-04 4.600000011E-06 6.272100210E-01 -1.281800000E+04 -1.001600000E+05 3.340000000E+02 7.973899841E+01 2.196300049E+02 4.168199921E+01 7.676600218E-01 4.363900125E-01 1.489400049E-03
 2.275500010E-04 4.600000011E-06 6.234899759E-01 -1.224200000E+04 -1.085000000E+05 3.333999939E+02 8.661000061E+01 2.219400024E+02 5.349100113E+01 7.834200263E-01 4.330300093E-01 1.498300000E-03
 2.296000021E-04 4.600000011E-06 6.196799874E-01 -1.337200000E+04 -1.062500000E+05 3.326300049E+02 9.306500244E+01 2.241600037E+02 6.346500015E+01 7.990700006E-01 4.293999970E-01 1.507599954E-03
 2.316500031E-04 4.600000011E-06 6.153699756E-01 -1.286300000E+04 -9.672800000E+04 3.320899963E+02 9.920099640E+01 2.258300018E+02 5.810599899E+01 8.126999736E-01 4.257200062E-01 1.518300036E-03
 2.337000042E-04 4.600000011E-06 6.108599901E-01 -1.154300000E+04 -9.902600000E+04 3.318299866E+02 1.053399963E+02 2.281900024E+02 7.183399963E+01 8.284100294E-01 4.222700000E-01 1.529400004E-03
 2.357500052E-04 4.600000011E-06 6.063399911E-01 -2.962399902E+03 -9.583800000E+04 3.313399963E+02 1.114100037E+02 2.314799957E+02 8.441999817E+01 8.473799825E-01 4.185200036E-01 1.540799974E-03
 2.378000063E-04 4.600000011E-06 6.005300283E-01 -1.333000000E+03 -9.589200000E+04 3.305199890E+02 1.173700027E+02 2.349400024E+02 8.878800201E+01 8.673700094E-01 4.134800136E-01 1.555599971E-03
 2.398499928E-04 4.600000011E-06 5.942999721E-01 -2.531100098E+03 -9.809600000E+04 3.295700073E+02 1.231100006E+02 2.381300049E+02 1.124000015E+02 8.866099715E-01 4.080300033E-01 1.571899978E-03
 2.418999939E-04 4.600000011E-06 5.874599814E-01 2.098600098E+03 -9.730800000E+04 3.285799866E+02 1.288800049E+02 2.416499939E+02 1.348899994E+02 9.071800113E-01 4.021199942E-01 1.590300002E-03
 2.439499949E-04 4.600000011E-06 5.789099932E-01 3.211300049E+03 -9.483800000E+04 3.273800049E+02 1.350800018E+02 2.456300049E+02 1.292100067E+02 9.302700162E-01 3.948299885E-01 1.613799948E-03
 2.460000105E-04 4.600000011E-06 5.692999959E-01 4.219899902E+03 -9.450200000E+04 3.258900146E+02 1.416100006E+02 2.498300018E+02 1.313800049E+02 9.552000165E-01 3.865100145E-01 1.641200040E-03
 2.480499970E-04 4.600000011E-06 5.584099889E-01 5.234799805E+03 -9.728400000E+04 3.245299988E+02 1.484400024E+02 2.542599945E+02 1.555500031E+02 9.813500047E-01 3.775500059E-01 1.673400053E-03
 2.501000126E-04 4.600000011E-06 5.478299856E-01 6.898700195E+03 -9.831300000E+04 3.230100098E+02 1.551799927E+02 2.589100037E+02 1.554700012E+02 1.008499980E+00 3.686699867E-01 1.705799950E-03
 2.521499991E-04 4.600000011E-06 5.377500057E-01 5.979200195E+03 -1.073500000E+05 3.211700134E+02 1.624499969E+02 2.644400024E+02 1.608000031E+02 1.039899945E+00 3.598299921E-01 1.737899962E-03
 2.541999856E-04 4.600000011E-06 5.264099836E-01 4.465200195E+03 -1.066900000E+05 3.193599854E+02 1.705299988E+02 2.705000000E+02 1.628099976E+02 1.074499965E+00 3.502700031E-01 1.775300014E-03
 2.562500013E-04 4.600000011E-06 5.149999857E-01 1.204000000E+04 -9.744700000E+04 3.172500000E+02 1.786399994E+02 2.765299988E+02 1.765200043E+02 1.109899998E+00 3.404099941E-01 1.814599964E-03
 2.582999878E-04 4.600000011E-06 5.030400157E-01 1.778700000E+04 -9.899600000E+04 3.148299866E+02 1.874400024E+02 2.830299988E+02 2.030000000E+02 1.148900032E+00 3.299599886E-01 1.857500058E-03
 2.603500034E-04 4.600000011E-06 4.894900024E-01 1.572600000E+04 -1.019300000E+05 3.123699951E+02 1.972599945E+02 2.898800049E+02 1.921399994E+02 1.191300035E+00 3.185600042E-01 1.908799983E-03
 2.623999899E-04 4.600000011E-06 4.753099978E-01 2.315300000E+04 -9.348300000E+04 3.097200012E+02 2.077700043E+02 2.970199890E+02 2.036199951E+02 1.236700058E+00 3.066900074E-01 1.965400064E-03
 2.644500055E-04 4.600000011E-06 4.505000114E-01 4.890800000E+04 -7.070100000E+04 3.039500122E+02 2.261300049E+02 3.054200134E+02 2.487700043E+02 1.289899945E+00 2.942999899E-01 2.025499940E-03
 2.664999920E-04 4.600000011E-06 4.327000082E-01 6.554700000E+04 -5.873600000E+04 2.996499939E+02 2.390599976E+02 3.099700012E+02 2.651400146E+02 1.318899989E+00 2.879000008E-01 2.056800062E-03
 2.050000039E-04 6.899999789E-06 6.846899986E-01 1.032700000E+04 -6.471500000E+04 3.420000000E+02 4.076200008E+00 1.853000031E+02 -6.549299622E+01 6.015800238E-01 4.876799881E-01 1.363000018E-03
 2.070500050E-04 6.899999789E-06 6.848400235E-01 2.736500000E+04 -6.955500000E+04 3.420599976E+02 8.480199814E+00 1.859600067E+02 -4.449399948E+01 6.043000221E-01 4.878700078E-01 1.362700015E-03
 2.091000060E-04 6.899999789E-06 6.844400167E-01 3.537000000E+04 -6.461200000E+04 3.422799988E+02 1.694700050E+01 1.864499969E+02 -1.096100044E+01 6.075599790E-01 4.878999889E-01 1.363500021E-03
 2.111500071E-04 6.899999789E-06 6.830599904E-01 2.096300000E+04 -5.914900000E+04 3.423200073E+02 2.512100029E+01 1.866399994E+02 3.352199936E+01 6.110799909E-01 4.869700074E-01 1.366200042E-03
 2.131999936E-04 6.899999789E-06 6.811299920E-01 1.338800000E+04 -7.252300000E+04 3.420400085E+02 3.352000046E+01 1.879900055E+02 4.773699951E+01 6.198800206E-01 4.851900041E-01 1.369999954E-03
 2.152499947E-04 6.899999789E-06 6.788300276E-01 3.577300049E+03 -7.465000000E+04 3.415299988E+02 4.196099854E+01 1.896799927E+02 3.094599915E+01 6.310899854E-01 4.828299880E-01 1.374599990E-03
 2.172999957E-04 6.899999789E-06 6.765400171E-01 -7.904600098E+03 -6.658700000E+04 3.407699890E+02 5.007300186E+01 1.913999939E+02 2.302700043E+01 6.433899999E-01 4.801299870E-01 1.379300025E-03
 2.193499968E-04 6.899999789E-06 6.740900278E-01 9.411399841E+01 -6.316200000E+04 3.400799866E+02 5.774000168E+01 1.932200012E+02 1.131200027E+01 6.564700007E-01 4.774200022E-01 1.384199946E-03
 2.213999978E-04 6.899999789E-06 6.707800031E-01 4.794500000E+03 -5.883600000E+04 3.396700134E+02 6.511799622E+01 1.950500031E+02 2.309700012E+01 6.697999835E-01 4.745100141E-01 1.391099999E-03
 2.234499989E-04 6.899999789E-06 6.667900085E-01 1.850500000E+03 -5.542300000E+04 3.393099976E+02 7.233499908E+01 1.975500031E+02 3.784299850E+01 6.855800152E-01 4.711799920E-01 1.399399946E-03
 2.254999999E-04 6.899999789E-06 6.629400253E-01 7.854299805E+03 -5.259400000E+04 3.388699951E+02 7.935500336E+01 2.003099976E+02 3.500999832E+01 7.025700212E-01 4.678499997E-01 1.407500007E-03
 2.275500010E-04 6.899999789E-06 6.589800119E-01 9.942099609E+03 -5.378600000E+04 3.384299927E+02 8.622899628E+01 2.028600006E+02 3.679399872E+01 7.192299962E-01 4.644599855E-01 1.415999955E-03
 2.296000021E-04 6.899999789E-06 6.550499797E-01 8.515900391E+03 -4.902800000E+04 3.376700134E+02 9.291999817E+01 2.053999939E+02 3.131299973E+01 7.364199758E-01 4.606499970E-01 1.424400019E-03
 2.316500031E-04 6.899999789E-06 6.504399776E-01 8.005299805E+03 -4.543500000E+04 3.370100098E+02 9.926100159E+01 2.075299988E+02 3.122900009E+01 7.522000074E-01 4.564999938E-01 1.434499980E-03
 2.337000042E-04 6.899999789E-06 6.450799704E-01 1.119500000E+04 -4.977000000E+04 3.366900024E+02 1.053499985E+02 2.098800049E+02 4.759999847E+01 7.682099938E-01 4.523200095E-01 1.446399954E-03
 2.357500052E-04 6.899999789E-06 6.400600076E-01 1.673500000E+04 -4.792700000E+04 3.361000061E+02 1.115899963E+02 2.131699982E+02 5.311299896E+01 7.878100276E-01 4.480099976E-01 1.457800041E-03
 2.378000063E-04 6.899999789E-06 6.340399981E-01 1.289600000E+04 -4.223200000E+04 3.352699890E+02 1.179700012E+02 2.168699951E+02 6.038899994E+01 8.093199730E-01 4.426900148E-01 1.471700030E-03
 2.398499928E-04 6.899999789E-06 6.275200248E-01 1.112400000E+04 -4.433600000E+04 3.343699951E+02 1.240699997E+02 2.201999969E+02 6.852600098E+01 8.296800256E-01 4.369699955E-01 1.486900030E-03
 2.418999939E-04 6.899999789E-06 6.204699874E-01 1.791900000E+04 -4.989100000E+04 3.334100037E+02 1.302400055E+02 2.235000000E+02 9.442700195E+01 8.503500223E-01 4.308199883E-01 1.503900043E-03
 2.439499949E-04 6.899999789E-06 6.117100120E-01 1.152100000E+04 -4.703400000E+04 3.322399902E+02 1.369400024E+02 2.271799927E+02 1.011699982E+02 8.735600114E-01 4.232499897E-01 1.525399974E-03
 2.460000105E-04 6.899999789E-06 6.025900245E-01 7.259500000E+03 -4.952600000E+04 3.308500061E+02 1.436799927E+02 2.309299927E+02 8.638200378E+01 8.975700140E-01 4.151999950E-01 1.548600034E-03
 2.480499970E-04 6.899999789E-06 5.931199789E-01 1.810300000E+04 -5.393800000E+04 3.295700073E+02 1.503399963E+02 2.347400055E+02 9.323799896E+01 9.217200279E-01 4.070999920E-01 1.573399990E-03
 2.501000126E-04 6.899999789E-06 5.828400254E-01 2.237900000E+04 -4.449900000E+04 3.282900085E+02 1.571199951E+02 2.386399994E+02 9.564099884E+01 9.465900064E-01 3.984999955E-01 1.601299969E-03
 2.521499991E-04 6.899999789E-06 5.723199844E-01 1.796500000E+04 -4.960100000E+04 3.267699890E+02 1.643399963E+02 2.431600037E+02 1.120500031E+02 9.746000171E-01 3.894999921E-01 1.630699961E-03
 2.541999856E-04 6.899999789E-06 5.612800121E-01 1.918300000E+04 -5.355100000E+04 3.250400085E+02 1.721900024E+02 2.484900055E+02 1.206399994E+02 1.006600022E+00 3.799700141E-01 1.662999974E-03
 2.562500013E-04 6.899999789E-06 5.493199825E-01 2.664200000E+04 -4.546700000E+04 3.230799866E+02 1.805200043E+02 2.541799927E+02 1.303699951E+02 1.041200042E+00 3.696399927E-01 1.699300017E-03
 2.582999878E-04 6.899999789E-06 5.360800028E-01 3.590300000E+04 -4.935400000E+04 3.207200012E+02 1.895700073E+02 2.603999939E+02 1.608999939E+02 1.079699993E+00 3.580999970E-01 1.741399989E-03
 2.603500034E-04 6.899999789E-06 5.212399960E-01 4.036100000E+04 -5.569900000E+04 3.181499939E+02 1.995399933E+02 2.671900024E+02 1.637500000E+02 1.122400045E+00 3.454099894E-01 1.791200018E-03
 2.623999899E-04 6.899999789E-06 5.050100088E-01 5.000400000E+04 -5.684400000E+04 3.152099915E+02 2.104600067E+02 2.746900024E+02 1.939600067E+02 1.170099974E+00 3.315599859E-01 1.848799991E-03
 2.644500055E-04 6.899999789E-06 4.651699960E-01 8.252800000E+04 -4.569300000E+04 3.062000122E+02 2.365500031E+02 2.840100098E+02 2.729599915E+02 1.232699990E+00 3.139800131E-01 1.925799996E-03
 2.664999920E-04 6.899999789E-06 4.338200092E-01 1.057100000E+05 -3.730600000E+04 2.988800049E+02 2.569299927E+02 2.892399902E+02 3.118299866E+02 1.269299984E+00 3.037399948E-01 1.971800113E-03
 2.050000039E-04 9.200000022E-06 7.094200253E-01 9.432400391E+03 -5.520600000E+04 3.455899963E+02 3.978499889E+00 1.693200073E+02 8.794899940E+00 5.468199849E-01 5.105699897E-01 1.315100002E-03
 2.070500050E-04 9.200000022E-06 7.092400193E-01 1.222300000E+04 -5.139800000E+04 3.456099854E+02 8.447199821E+00 1.699400024E+02 2.150300026E+00 5.495100021E-01 5.104699731E-01 1.315500005E-03
 2.091000060E-04 9.200000022E-06 7.083699703E-01 1.886200000E+04 -3.859800000E+04 3.457000122E+02 1.727300072E+01 1.708200073E+02 -6.507400274E-01 5.544099808E-01 5.099800229E-01 1.317100017E-03
 2.111500071E-04 9.200000022E-06 7.062299848E-01 1.926900000E+04 -3.320500000E+04 3.456499939E+02 2.579599953E+01 1.713899994E+02 2.803400040E+01 5.597100258E-01 5.083600283E-01 1.321100048E-03
 2.131999936E-04 9.200000022E-06 7.032300234E-01 1.631800000E+04 -4.667800000E+04 3.453900146E+02 3.407099915E+01 1.728300018E+02 5.249800110E+01 5.690600276E-01 5.058100224E-01 1.326699974E-03
 2.152499947E-04 9.200000022E-06 7.003999949E-01 7.091799805E+03 -5.191800000E+04 3.448900146E+02 4.222399902E+01 1.748999939E+02 4.443000031E+01 5.816299915E-01 5.030500293E-01 1.332000014E-03
 2.172999957E-04 9.200000022E-06 6.976699829E-01 -2.852800049E+03 -4.570100000E+04 3.440000000E+02 5.011299896E+01 1.771600037E+02 3.624700165E+01 5.959299803E-01 4.997900128E-01 1.337200054E-03
 2.193499968E-04 9.200000022E-06 6.946899891E-01 7.439200195E+03 -4.167500000E+04 3.431499939E+02 5.765299988E+01 1.793899994E+02 3.222999954E+01 6.106100082E-01 4.964300096E-01 1.342999982E-03
 2.213999978E-04 9.200000022E-06 6.911100149E-01 1.043000000E+04 -3.698500000E+04 3.426499939E+02 6.507599640E+01 1.815599976E+02 3.316400146E+01 6.254799962E-01 4.931499958E-01 1.349900034E-03
 2.234499989E-04 9.200000022E-06 6.869300008E-01 7.609200195E+03 -3.711800000E+04 3.422200012E+02 7.236100006E+01 1.843099976E+02 5.039500046E+01 6.424999833E-01 4.895600080E-01 1.358099980E-03
 2.254999999E-04 9.200000022E-06 6.827499866E-01 1.156900000E+04 -4.088800000E+04 3.417000122E+02 7.935600281E+01 1.873200073E+02 4.195000076E+01 6.606199741E-01 4.858300090E-01 1.366400043E-03
 2.275500010E-04 9.200000022E-06 6.780499816E-01 1.784400000E+04 -4.090400000E+04 3.411600037E+02 8.614299774E+01 1.902500000E+02 2.703300095E+01 6.786999702E-01 4.817200005E-01 1.375899999E-03
 2.296000021E-04 9.200000022E-06 6.732199788E-01 1.793500000E+04 -3.890400000E+04 3.404800110E+02 9.290399933E+01 1.931199951E+02 3.981999969E+01 6.971399784E-01 4.773400128E-01 1.385799958E-03
 2.316500031E-04 9.200000022E-06 6.682000160E-01 9.843900391E+03 -4.085700000E+04 3.397699890E+02 9.959100342E+01 1.959199982E+02 5.661600113E+01 7.156800032E-01 4.727900028E-01 1.396200038E-03
 2.337000042E-04 9.200000022E-06 6.625999808E-01 1.231800000E+04 -4.209200000E+04 3.392399902E+02 1.058000031E+02 1.984900055E+02 5.574100113E+01 7.329800129E-01 4.681000113E-01 1.408000011E-03
 2.357500052E-04 9.200000022E-06 6.569399834E-01 1.557600000E+04 -4.066000000E+04 3.385400085E+02 1.120000000E+02 2.015700073E+02 5.262500000E+01 7.522400022E-01 4.631400108E-01 1.420099987E-03
 2.378000063E-04 9.200000022E-06 6.505900025E-01 2.058100000E+04 -3.792300000E+04 3.377099915E+02 1.185800018E+02 2.054100037E+02 7.640100098E+01 7.746899724E-01 4.575299919E-01 1.433899975E-03
 2.398499928E-04 9.200000022E-06 6.440500021E-01 2.515600000E+04 -4.019400000E+04 3.367999878E+02 1.250599976E+02 2.090899963E+02 7.959899902E+01 7.968299985E-01 4.517099857E-01 1.448499970E-03
 2.418999939E-04 9.200000022E-06 6.366999745E-01 2.041000000E+04 -4.195700000E+04 3.357799988E+02 1.316100006E+02 2.123600006E+02 8.260700226E+01 8.183299899E-01 4.452100098E-01 1.465199981E-03
 2.439499949E-04 9.200000022E-06 6.281999946E-01 9.681200195E+03 -3.450600000E+04 3.346799927E+02 1.383899994E+02 2.156699982E+02 9.241400146E+01 8.407400250E-01 4.378300011E-01 1.485100016E-03
 2.460000105E-04 9.200000022E-06 6.201000214E-01 1.271300000E+04 -3.582300000E+04 3.334599915E+02 1.450899963E+02 2.191699982E+02 9.138099670E+01 8.639400005E-01 4.306200147E-01 1.504500047E-03
 2.480499970E-04 9.200000022E-06 6.115800142E-01 2.556900000E+04 -4.102200000E+04 3.320899963E+02 1.518800049E+02 2.227799988E+02 9.203399658E+01 8.880800009E-01 4.229499996E-01 1.525499974E-03
 2.501000126E-04 9.200000022E-06 6.016700268E-01 2.490100000E+04 -3.384100000E+04 3.308500061E+02 1.589100037E+02 2.264700012E+02 9.839299774E+01 9.129099846E-01 4.145399928E-01 1.550700050E-03
 2.521499991E-04 9.200000022E-06 5.914700031E-01 2.602100000E+04 -3.346800000E+04 3.296000061E+02 1.659600067E+02 2.303500061E+02 1.122799988E+02 9.386100173E-01 4.059799910E-01 1.577400020E-03
 2.541999856E-04 9.200000022E-06 5.809100270E-01 3.267100000E+04 -3.603200000E+04 3.279599915E+02 1.735399933E+02 2.347799988E+02 1.025400009E+02 9.676600099E-01 3.967500031E-01 1.606100006E-03
 2.562500013E-04 9.200000022E-06 5.687599778E-01 3.176100000E+04 -2.825400000E+04 3.260700073E+02 1.822100067E+02 2.400200043E+02 1.087600021E+02 1.001700044E+00 3.862200081E-01 1.640500035E-03
 2.582999878E-04 9.200000022E-06 5.558000207E-01 3.942400000E+04 -2.725700000E+04 3.238099976E+02 1.915099945E+02 2.457400055E+02 1.432200012E+02 1.039199948E+00 3.747999966E-01 1.678799978E-03
 2.603500034E-04 9.200000022E-06 5.412499905E-01 4.778300000E+04 -2.794500000E+04 3.212000122E+02 2.018000031E+02 2.519499969E+02 1.652299957E+02 1.081099987E+00 3.620600104E-01 1.724099973E-03
 2.623999899E-04 9.200000022E-06 5.237299800E-01 5.797600000E+04 -2.180500000E+04 3.179400024E+02 2.137799988E+02 2.592900085E+02 2.010700073E+02 1.131299973E+00 3.467899859E-01 1.781899948E-03
 2.644500055E-04 9.200000022E-06 4.747700095E-01 9.320600000E+04 -1.670900000E+04 3.069700012E+02 2.454700012E+02 2.684700012E+02 2.595499878E+02 1.201799989E+00 3.251999915E-01 1.870600041E-03
 2.664999920E-04 9.200000022E-06 4.352400005E-01 1.162000000E+05 -1.549900000E+04 2.978999939E+02 2.707500000E+02 2.736000061E+02 2.892099915E+02 1.244600058E+00 3.119199872E-01 1.927200006E-03
 2.050000039E-04 1.150000026E-05 7.270699739E-01 2.944600098E+03 -5.230000000E+04 3.486600037E+02 4.215000153E+00 1.555800018E+02 2.285000038E+01 5.002700090E-01 5.279200077E-01 1.283099991E-03
 2.070500050E-04 1.150000026E-05 7.268900275E-01 4.130399902E+03 -4.647100000E+04 3.485599976E+02 8.759400368E+00 1.559799957E+02 1.323200035E+01 5.024700165E-01 5.276200175E-01 1.283399994E-03
 2.091000060E-04 1.150000026E-05 7.256699800E-01 1.191100000E+04 -3.538500000E+04 3.485000000E+02 1.781399918E+01 1.570200043E+02 1.604400063E+01 5.082799792E-01 5.266500115E-01 1.285600010E-03
 2.111500071E-04 1.150000026E-05 7.228800058E-01 1.259700000E+04 -3.220000000E+04 3.484400024E+02 2.659000015E+01 1.582100067E+02 3.802299881E+01 5.160300136E-01 5.245299935E-01 1.290500048E-03
 2.131999936E-04 1.150000026E-05 7.193300128E-01 8.190299805E+03 -3.700600000E+04 3.480599976E+02 3.498199844E+01 1.599799957E+02 4.991699982E+01 5.270000100E-01 5.213800073E-01 1.296899980E-03
 2.152499947E-04 1.150000026E-05 7.159199715E-01 8.537299805E+03 -3.515800000E+04 3.474100037E+02 4.302000046E+01 1.623500061E+02 5.413899994E+01 5.409600139E-01 5.179499984E-01 1.303100027E-03
 2.172999957E-04 1.150000026E-05 7.131599784E-01 1.491900000E+04 -2.841900000E+04 3.465499878E+02 5.075899887E+01 1.650099945E+02 5.718199921E+01 5.567299724E-01 5.146700144E-01 1.308099949E-03
 2.193499968E-04 1.150000026E-05 7.099999785E-01 1.907500000E+04 -2.772400000E+04 3.456000061E+02 5.817300034E+01 1.676600037E+02 6.666000366E+01 5.730800033E-01 5.109800100E-01 1.313899993E-03
 2.213999978E-04 1.150000026E-05 7.056400180E-01 1.279900000E+04 -2.836200000E+04 3.448500061E+02 6.544799805E+01 1.701000061E+02 6.293000031E+01 5.891699791E-01 5.067399740E-01 1.322000055E-03
 2.234499989E-04 1.150000026E-05 7.007799745E-01 7.378500000E+03 -2.647300000E+04 3.443599854E+02 7.279100037E+01 1.731699982E+02 5.273899841E+01 6.076400280E-01 5.025399923E-01 1.331200008E-03
 2.254999999E-04 1.150000026E-05 6.960700154E-01 8.087700195E+03 -2.784400000E+04 3.436400146E+02 7.992099762E+01 1.766300049E+02 5.535300064E+01 6.277700067E-01 4.981200099E-01 1.340199960E-03
 2.275500010E-04 1.150000026E-05 6.912199855E-01 1.840800000E+04 -3.145600000E+04 3.429200134E+02 8.669000244E+01 1.798500061E+02 4.568000031E+01 6.471300125E-01 4.936099946E-01 1.349600032E-03
 2.296000021E-04 1.150000026E-05 6.858299971E-01 1.935700000E+04 -3.062200000E+04 3.424700012E+02 9.336399841E+01 1.828600006E+02 4.208000183E+01 6.659500003E-01 4.891099930E-01 1.360199996E-03
 2.316500031E-04 1.150000026E-05 6.804299951E-01 7.886399902E+03 -3.257500000E+04 3.417300110E+02 1.000299988E+02 1.859700012E+02 7.098699951E+01 6.856499910E-01 4.842100143E-01 1.370999962E-03
 2.337000042E-04 1.150000026E-05 6.749100089E-01 1.033400000E+04 -2.731800000E+04 3.407999878E+02 1.064000015E+02 1.890099945E+02 8.997399902E+01 7.052199841E-01 4.789800048E-01 1.382200047E-03
 2.357500052E-04 1.150000026E-05 6.689599752E-01 1.888900000E+04 -2.336200000E+04 3.399800110E+02 1.125699997E+02 1.920700073E+02 7.537500000E+01 7.246900201E-01 4.736199975E-01 1.394500025E-03
 2.378000063E-04 1.150000026E-05 6.617799997E-01 2.535900000E+04 -3.270700000E+04 3.393800049E+02 1.190800018E+02 1.958600006E+02 7.644300079E+01 7.468100190E-01 4.677000046E-01 1.409700024E-03
 2.398499928E-04 1.150000026E-05 6.547300220E-01 3.068900000E+04 -3.803100000E+04 3.384500122E+02 1.258199997E+02 1.997599945E+02 8.453099823E+01 7.702299953E-01 4.614500105E-01 1.424800023E-03
 2.418999939E-04 1.150000026E-05 6.475099921E-01 2.387800000E+04 -3.848700000E+04 3.372999878E+02 1.325899963E+02 2.031900024E+02 8.232900238E+01 7.929099798E-01 4.548099935E-01 1.440700027E-03
 2.439499949E-04 1.150000026E-05 6.392499804E-01 1.780100000E+04 -2.826400000E+04 3.362300110E+02 1.394199982E+02 2.064499969E+02 7.998999786E+01 8.154299855E-01 4.475899935E-01 1.459400053E-03
 2.460000105E-04 1.150000026E-05 6.312199831E-01 1.994500000E+04 -1.994100000E+04 3.350299988E+02 1.461300049E+02 2.098399963E+02 8.117900085E+01 8.385000229E-01 4.403899908E-01 1.477899961E-03
 2.480499970E-04 1.150000026E-05 6.228899956E-01 2.441300000E+04 -2.305600000E+04 3.337099915E+02 1.529799957E+02 2.134100037E+02 9.037899780E+01 8.627300262E-01 4.328700006E-01 1.497699996E-03
 2.501000126E-04 1.150000026E-05 6.136000156E-01 2.463800000E+04 -2.857600000E+04 3.323999939E+02 1.601499939E+02 2.171499939E+02 1.046500015E+02 8.882700205E-01 4.247399867E-01 1.520400052E-03
 2.521499991E-04 1.150000026E-05 6.033499837E-01 2.918300000E+04 -2.886700000E+04 3.311000061E+02 1.674400024E+02 2.208999939E+02 1.125199966E+02 9.143300056E-01 4.160099924E-01 1.546300016E-03
 2.541999856E-04 1.150000026E-05 5.921999812E-01 3.304000000E+04 -2.642400000E+04 3.294500122E+02 1.751699982E+02 2.250399933E+02 1.056699982E+02 9.430400133E-01 4.062899947E-01 1.575400005E-03
 2.562500013E-04 1.150000026E-05 5.796899796E-01 3.198300000E+04 -2.206200000E+04 3.275799866E+02 1.838699951E+02 2.299700012E+02 1.225400009E+02 9.764199853E-01 3.954600096E-01 1.609400031E-03
 2.582999878E-04 1.150000026E-05 5.664700270E-01 3.977800000E+04 -1.820200000E+04 3.253900146E+02 1.933200073E+02 2.353500061E+02 1.431499939E+02 1.013399959E+00 3.838599920E-01 1.646999968E-03
 2.603500034E-04 1.150000026E-05 5.512700081E-01 4.869100000E+04 -1.621800000E+04 3.226600037E+02 2.040800018E+02 2.414499969E+02 1.563800049E+02 1.056399941E+00 3.704299927E-01 1.692599966E-03
 2.623999899E-04 1.150000026E-05 5.319600105E-01 6.689600000E+04 -8.517700195E+03 3.189200134E+02 2.173500061E+02 2.487899933E+02 1.950299988E+02 1.110499978E+00 3.533399999E-01 1.754299970E-03
 2.644500055E-04 1.150000026E-05 4.786399901E-01 1.070500000E+05 -6.829299805E+03 3.070100098E+02 2.519299927E+02 2.574700012E+02 2.287899933E+02 1.186599970E+00 3.287799954E-01 1.852400019E-03
 2.664999920E-04 1.150000026E-05 4.360499978E-01 1.322100000E+05 -9.576599609E+03 2.973500061E+02 2.791099854E+02 2.621199951E+02 2.372100067E+02 1.232200027E+00 3.138400018E-01 1.915100031E-03
 2.050000039E-04 1.379999958E-05 7.420200109E-01 1.268100000E+04 -6.029300000E+04 3.513399963E+02 4.517499924E+00 1.422400055E+02 3.970100021E+01 4.556800127E-01 5.429000258E-01 1.257200027E-03
 2.070500050E-04 1.379999958E-05 7.417500019E-01 1.314800000E+04 -4.899500000E+04 3.511199951E+02 9.369400024E+00 1.426399994E+02 3.999800110E+01 4.581199884E-01 5.423600078E-01 1.257700031E-03
 2.091000060E-04 1.379999958E-05 7.399700284E-01 1.772800000E+04 -4.185400000E+04 3.508599854E+02 1.891200066E+01 1.439400024E+02 4.786899948E+01 4.654200077E-01 5.406600237E-01 1.260700054E-03
 2.111500071E-04 1.379999958E-05 7.361599803E-01 1.210900000E+04 -4.303800000E+04 3.508399963E+02 2.786800003E+01 1.458800049E+02 7.316200256E+01 4.761199951E-01 5.378400087E-01 1.267199987E-03
 2.131999936E-04 1.379999958E-05 7.324900031E-01 6.015000000E+03 -3.449800000E+04 3.503299866E+02 3.626200104E+01 1.482299957E+02 8.534600067E+01 4.895400107E-01 5.343800187E-01 1.273600035E-03
 2.152499947E-04 1.379999958E-05 7.293499708E-01 1.356300000E+04 -2.589100000E+04 3.492999878E+02 4.428200150E+01 1.507599945E+02 7.517900085E+01 5.047600269E-01 5.305299759E-01 1.279099961E-03
 2.172999957E-04 1.379999958E-05 7.258300185E-01 2.271700000E+04 -1.862000000E+04 3.484299927E+02 5.203300095E+01 1.538099976E+02 7.532299805E+01 5.221999884E-01 5.266600251E-01 1.285200007E-03
 2.193499968E-04 1.379999958E-05 7.216899991E-01 2.433900000E+04 -1.932900000E+04 3.475100098E+02 5.960599899E+01 1.572200012E+02 8.346499634E+01 5.414599776E-01 5.222600102E-01 1.292599947E-03
 2.213999978E-04 1.379999958E-05 7.166399956E-01 1.724300000E+04 -2.336200000E+04 3.465499878E+02 6.675099945E+01 1.601199951E+02 8.431300354E+01 5.594000220E-01 5.171700120E-01 1.301700016E-03
 2.234499989E-04 1.379999958E-05 7.110099792E-01 8.758599609E+03 -2.629400000E+04 3.460700073E+02 7.364299774E+01 1.633699951E+02 6.329899979E+01 5.782300234E-01 5.123999715E-01 1.311999978E-03
 2.254999999E-04 1.379999958E-05 7.057600021E-01 4.829600098E+03 -3.212500000E+04 3.453099976E+02 8.059999847E+01 1.670299988E+02 6.389400101E+01 5.990800261E-01 5.075100064E-01 1.321800053E-03
 2.275500010E-04 1.379999958E-05 7.014399767E-01 8.713599609E+03 -2.798000000E+04 3.443800049E+02 8.749500275E+01 1.703999939E+02 6.430400085E+01 6.195799708E-01 5.030300021E-01 1.329899998E-03
 2.296000021E-04 1.379999958E-05 6.960200071E-01 1.683300000E+04 -1.768300000E+04 3.438699951E+02 9.418599701E+01 1.736900024E+02 4.809199905E+01 6.395400167E-01 4.984099865E-01 1.340299961E-03
 2.316500031E-04 1.379999958E-05 6.898400187E-01 1.802100000E+04 -1.933400000E+04 3.431600037E+02 1.006200027E+02 1.770700073E+02 6.359999847E+01 6.598799825E-01 4.929600060E-01 1.352300053E-03
 2.337000042E-04 1.379999958E-05 6.837999821E-01 1.667000000E+04 -1.880500000E+04 3.421600037E+02 1.070699997E+02 1.805000000E+02 9.260099792E+01 6.809999943E-01 4.872300029E-01 1.364200027E-03
 2.357500052E-04 1.379999958E-05 6.779500246E-01 2.071600000E+04 -1.355100000E+04 3.412300110E+02 1.134400024E+02 1.837299957E+02 9.720400238E+01 7.016100287E-01 4.817500114E-01 1.376000000E-03
 2.378000063E-04 1.379999958E-05 6.713500023E-01 1.852900000E+04 -1.994400000E+04 3.405299988E+02 1.198199997E+02 1.871600037E+02 8.169499969E+01 7.228199840E-01 4.760800004E-01 1.389499987E-03
 2.398499928E-04 1.379999958E-05 6.640800238E-01 1.317400000E+04 -2.464700000E+04 3.396199951E+02 1.265800018E+02 1.908600006E+02 8.046099854E+01 7.459099889E-01 4.696600139E-01 1.404799987E-03
 2.418999939E-04 1.379999958E-05 6.568400264E-01 1.688400000E+04 -2.122200000E+04 3.385100098E+02 1.334499969E+02 1.943899994E+02 8.947000122E+01 7.692300081E-01 4.630100131E-01 1.420299988E-03
 2.439499949E-04 1.379999958E-05 6.485599875E-01 2.103600000E+04 -1.316900000E+04 3.373800049E+02 1.404499969E+02 1.979600067E+02 7.696700287E+01 7.931600213E-01 4.556599855E-01 1.438400010E-03
 2.460000105E-04 1.379999958E-05 6.399599910E-01 2.011600000E+04 -1.400600000E+04 3.362200012E+02 1.473600006E+02 2.015399933E+02 6.712999725E+01 8.172299862E-01 4.480600059E-01 1.457700040E-03
 2.480499970E-04 1.379999958E-05 6.313899755E-01 2.054600000E+04 -1.555800000E+04 3.349700012E+02 1.541699982E+02 2.050700073E+02 8.486599731E+01 8.413599730E-01 4.404299855E-01 1.477499958E-03
 2.501000126E-04 1.379999958E-05 6.219000220E-01 2.161300000E+04 -1.878300000E+04 3.335199890E+02 1.613399963E+02 2.089700012E+02 1.012399979E+02 8.676599860E-01 4.319300056E-01 1.500100014E-03
 2.521499991E-04 1.379999958E-05 6.115199924E-01 2.328700000E+04 -1.858800000E+04 3.320299988E+02 1.688800049E+02 2.127200012E+02 1.124300003E+02 8.946499825E-01 4.228099883E-01 1.525499974E-03
 2.541999856E-04 1.379999958E-05 6.001499891E-01 2.674800000E+04 -1.020900000E+04 3.303299866E+02 1.769100037E+02 2.168099976E+02 1.158000031E+02 9.240900278E-01 4.128400087E-01 1.554499962E-03
 2.562500013E-04 1.379999958E-05 5.871999860E-01 3.472500000E+04 -8.089399902E+03 3.283699951E+02 1.856499939E+02 2.216300049E+02 1.228000031E+02 9.575999975E-01 4.015400112E-01 1.588799991E-03
 2.582999878E-04 1.379999958E-05 5.731199980E-01 4.192200000E+04 -5.096000000E+03 3.260899963E+02 1.952500000E+02 2.268000031E+02 1.397899933E+02 9.947100282E-01 3.891899884E-01 1.627900056E-03
 2.603500034E-04 1.379999958E-05 5.565599799E-01 4.902100000E+04 -5.285200195E+03 3.231499939E+02 2.065599976E+02 2.328600006E+02 1.570700073E+02 1.039399981E+00 3.745500147E-01 1.676499960E-03
 2.623999899E-04 1.379999958E-05 5.354999900E-01 6.812600000E+04 -7.869100098E+03 3.190000000E+02 2.210599976E+02 2.400299988E+02 1.777700043E+02 1.096799970E+00 3.557899892E-01 1.742799999E-03
 2.644500055E-04 1.379999958E-05 4.801200032E-01 1.101000000E+05 -1.102700000E+04 3.067600098E+02 2.570199890E+02 2.481300049E+02 1.911699982E+02 1.175799966E+00 3.295899928E-01 1.846699975E-03
 2.664999920E-04 1.379999958E-05 4.365499914E-01 1.378800000E+05 -1.310400000E+04 2.970100098E+02 2.847300110E+02 2.523399963E+02 1.915800018E+02 1.222100019E+00 3.140200078E-01 1.912100008E-03
 2.050000039E-04 1.610000072E-05 7.563700080E-01 2.440000000E+04 -6.386600000E+04 3.535199890E+02 5.095099926E+00 1.283099976E+02 5.586299896E+01 4.099200070E-01 5.568199754E-01 1.233399962E-03
 2.070500050E-04 1.610000072E-05 7.555199862E-01 1.663500000E+04 -5.023500000E+04 3.533299866E+02 1.047700024E+01 1.289100037E+02 6.469000244E+01 4.133400023E-01 5.559099913E-01 1.234699972E-03
 2.091000060E-04 1.610000072E-05 7.527700067E-01 8.619799805E+03 -3.683700000E+04 3.529700012E+02 2.075000000E+01 1.310500031E+02 7.410099792E+01 4.241900146E-01 5.533099771E-01 1.239200006E-03
 2.111500071E-04 1.610000072E-05 7.484099865E-01 1.113000000E+04 -3.424200000E+04 3.527000122E+02 2.993600082E+01 1.340700073E+02 1.013799973E+02 4.392499924E-01 5.496900082E-01 1.246499945E-03
 2.131999936E-04 1.610000072E-05 7.441800237E-01 1.328400000E+04 -2.710900000E+04 3.521099854E+02 3.830899811E+01 1.370099945E+02 1.076900024E+02 4.552400112E-01 5.456699729E-01 1.253499999E-03
 2.152499947E-04 1.610000072E-05 7.403100133E-01 1.074500000E+04 -2.144800000E+04 3.509800110E+02 4.627399826E+01 1.400399933E+02 8.132099915E+01 4.726699889E-01 5.410799980E-01 1.260100049E-03
 2.172999957E-04 1.610000072E-05 7.355999947E-01 1.219700000E+04 -2.219300000E+04 3.501000061E+02 5.385200119E+01 1.436199951E+02 8.028299713E+01 4.921500087E-01 5.362899899E-01 1.268099993E-03
 2.193499968E-04 1.610000072E-05 7.307299972E-01 1.865500000E+04 -2.688200000E+04 3.492200012E+02 6.119599915E+01 1.475000000E+02 8.602700043E+01 5.130100250E-01 5.314000249E-01 1.276600058E-03
 2.213999978E-04 1.610000072E-05 7.259100080E-01 1.906000000E+04 -2.256700000E+04 3.481099854E+02 6.826300049E+01 1.509600067E+02 8.802200317E+01 5.330600142E-01 5.262100101E-01 1.285100006E-03
 2.234499989E-04 1.610000072E-05 7.201700211E-01 1.188800000E+04 -2.369500000E+04 3.474800110E+02 7.504599762E+01 1.544400024E+02 8.778299713E+01 5.529299974E-01 5.210999846E-01 1.295299968E-03
 2.254999999E-04 1.610000072E-05 7.145699859E-01 8.429799805E+03 -3.209800000E+04 3.467600098E+02 8.172799683E+01 1.579100037E+02 9.253399658E+01 5.731499791E-01 5.159900188E-01 1.305500045E-03
 2.275500010E-04 1.610000072E-05 7.099000216E-01 1.093600000E+04 -2.529400000E+04 3.457900085E+02 8.841699982E+01 1.614400024E+02 8.636299896E+01 5.941699743E-01 5.111799836E-01 1.313999994E-03
 2.296000021E-04 1.610000072E-05 7.047200203E-01 1.433500000E+04 -1.430200000E+04 3.449500122E+02 9.501699829E+01 1.651699982E+02 7.312999725E+01 6.158099771E-01 5.062199831E-01 1.323699951E-03
 2.316500031E-04 1.610000072E-05 6.982399821E-01 1.381100000E+04 -1.316100000E+04 3.442699890E+02 1.015199966E+02 1.687599945E+02 7.930599976E+01 6.370999813E-01 5.005800128E-01 1.336000045E-03
 2.337000042E-04 1.610000072E-05 6.916300058E-01 1.142700000E+04 -2.018600000E+04 3.435100098E+02 1.081399994E+02 1.723399963E+02 8.550199890E+01 6.589000225E-01 4.947499931E-01 1.348800026E-03
 2.357500052E-04 1.610000072E-05 6.853600144E-01 1.200900000E+04 -1.875700000E+04 3.425400085E+02 1.146600037E+02 1.757899933E+02 1.014499969E+02 6.806600094E-01 4.888800085E-01 1.361100003E-03
 2.378000063E-04 1.610000072E-05 6.788600087E-01 1.241300000E+04 -1.552600000E+04 3.415599976E+02 1.210400009E+02 1.792299957E+02 1.030899963E+02 7.023699880E-01 4.828499854E-01 1.374099986E-03
 2.398499928E-04 1.610000072E-05 6.717900038E-01 6.966700195E+03 -1.947600000E+04 3.405499878E+02 1.275699997E+02 1.827200012E+02 8.547799683E+01 7.248100042E-01 4.764100015E-01 1.388599980E-03
 2.418999939E-04 1.610000072E-05 6.640200019E-01 9.652099609E+03 -1.255300000E+04 3.394599915E+02 1.343800049E+02 1.862799988E+02 7.831300354E+01 7.482399940E-01 4.693900049E-01 1.404899987E-03
 2.439499949E-04 1.610000072E-05 6.556199789E-01 1.878600000E+04 -5.840899902E+03 3.382200012E+02 1.414199982E+02 1.900500031E+02 7.018800354E+01 7.731400132E-01 4.617699981E-01 1.422900008E-03
 2.460000105E-04 1.610000072E-05 6.471099854E-01 1.828900000E+04 -8.083799805E+03 3.370899963E+02 1.484499969E+02 1.938500061E+02 6.741100311E+01 7.981899977E-01 4.542399943E-01 1.441600034E-03
 2.480499970E-04 1.610000072E-05 6.379699707E-01 1.617000000E+04 -9.572400391E+03 3.358599854E+02 1.554499969E+02 1.976399994E+02 7.702500153E+01 8.235099912E-01 4.462000132E-01 1.462299959E-03
 2.501000126E-04 1.610000072E-05 6.277099848E-01 2.079900000E+04 -1.421500000E+04 3.343399963E+02 1.627400055E+02 2.015899963E+02 9.842299652E+01 8.504300117E-01 4.370400012E-01 1.486200024E-03
 2.521499991E-04 1.610000072E-05 6.169599891E-01 1.971800000E+04 -1.704600000E+04 3.327000122E+02 1.704600067E+02 2.054900055E+02 1.026699982E+02 8.785600066E-01 4.274500012E-01 1.512099989E-03
 2.541999856E-04 1.610000072E-05 6.050300002E-01 2.309400000E+04 -9.507500000E+03 3.308500061E+02 1.787200012E+02 2.097899933E+02 1.014400024E+02 9.093899727E-01 4.168500006E-01 1.541899983E-03
 2.562500013E-04 1.610000072E-05 5.916500092E-01 3.322300000E+04 -6.543899902E+03 3.287799988E+02 1.876699982E+02 2.144499969E+02 1.054000015E+02 9.432899952E-01 4.050799906E-01 1.576900017E-03
 2.582999878E-04 1.610000072E-05 5.769799948E-01 3.943300000E+04 -4.182600098E+03 3.263299866E+02 1.975399933E+02 2.195000000E+02 1.297700043E+02 9.811499715E-01 3.921099901E-01 1.616999973E-03
 2.603500034E-04 1.610000072E-05 5.590800047E-01 4.984000000E+04 1.324499969E+02 3.231000061E+02 2.094700012E+02 2.253500061E+02 1.761399994E+02 1.027400017E+00 3.762100041E-01 1.669000019E-03
 2.623999899E-04 1.610000072E-05 5.366200209E-01 7.111800000E+04 5.337199707E+02 3.186600037E+02 2.247500000E+02 2.319400024E+02 1.610399933E+02 1.086099982E+00 3.561600149E-01 1.739199972E-03
 2.644500055E-04 1.610000072E-05 4.807600081E-01 1.103700000E+05 -4.077699951E+03 3.063500061E+02 2.611700134E+02 2.394199982E+02 1.472200012E+02 1.165799975E+00 3.294900060E-01 1.844699960E-03
 2.664999920E-04 1.610000072E-05 4.371399879E-01 1.330700000E+05 -1.076000000E+04 2.966099854E+02 2.890400085E+02 2.433899994E+02 1.675399933E+02 1.212700009E+00 3.138000071E-01 1.910499996E-03
 2.050000039E-04 1.840000004E-05 7.711899877E-01 2.284400000E+04 -4.983200000E+04 3.555899963E+02 6.575900078E+00 1.125800018E+02 8.685500336E+01 3.589600027E-01 5.710600019E-01 1.209700014E-03
 2.070500050E-04 1.840000004E-05 7.689599991E-01 1.523500000E+04 -3.916800000E+04 3.553999939E+02 1.269099998E+01 1.142200012E+02 1.076500015E+02 3.664399981E-01 5.691000223E-01 1.213200041E-03
 2.091000060E-04 1.840000004E-05 7.642700076E-01 3.231100098E+03 -2.911900000E+04 3.549800110E+02 2.369400024E+01 1.182300034E+02 1.414600067E+02 3.844799995E-01 5.649600029E-01 1.220599981E-03
 2.111500071E-04 1.840000004E-05 7.593600154E-01 1.185600000E+04 -2.334700000E+04 3.541799927E+02 3.292300034E+01 1.226800003E+02 1.391399994E+02 4.053899944E-01 5.600699782E-01 1.228500041E-03
 2.131999936E-04 1.840000004E-05 7.541300058E-01 2.418000000E+04 -1.843000000E+04 3.532999878E+02 4.120899963E+01 1.265000000E+02 1.122200012E+02 4.250600040E-01 5.548300147E-01 1.236999989E-03
 2.152499947E-04 1.840000004E-05 7.487000227E-01 1.793500000E+04 -1.687600000E+04 3.524899902E+02 4.889400101E+01 1.303600006E+02 1.095199966E+02 4.452599883E-01 5.495700240E-01 1.245900057E-03
 2.172999957E-04 1.840000004E-05 7.432500124E-01 1.351100000E+04 -2.040500000E+04 3.516499939E+02 5.613999939E+01 1.344900055E+02 1.031399994E+02 4.665899873E-01 5.442699790E-01 1.255100011E-03
 2.193499968E-04 1.840000004E-05 7.384099960E-01 1.645200000E+04 -3.235100000E+04 3.507300110E+02 6.303300095E+01 1.384900055E+02 8.762100220E+01 4.877600074E-01 5.393099785E-01 1.263299957E-03
 2.213999978E-04 1.840000004E-05 7.339800000E-01 1.925500000E+04 -3.221900000E+04 3.495799866E+02 6.976000214E+01 1.422400055E+02 1.024100037E+02 5.086600184E-01 5.343199968E-01 1.270900015E-03
 2.234499989E-04 1.840000004E-05 7.284500003E-01 1.742300000E+04 -2.278800000E+04 3.486600037E+02 7.649299622E+01 1.459299927E+02 1.134700012E+02 5.296700001E-01 5.289000273E-01 1.280599972E-03
 2.254999999E-04 1.840000004E-05 7.223600149E-01 1.698800000E+04 -2.186100000E+04 3.478900146E+02 8.312500000E+01 1.495599976E+02 9.874900055E+01 5.506500006E-01 5.233200192E-01 1.291400054E-03
 2.275500010E-04 1.840000004E-05 7.164400220E-01 1.795100000E+04 -2.280300000E+04 3.471199951E+02 8.958599854E+01 1.532700043E+02 9.948200226E+01 5.719500184E-01 5.178800225E-01 1.302000019E-03
 2.296000021E-04 1.840000004E-05 7.110800147E-01 1.470400000E+04 -1.533300000E+04 3.461400146E+02 9.606999969E+01 1.572799988E+02 1.022799988E+02 5.946099758E-01 5.125499964E-01 1.311799977E-03
 2.316500031E-04 1.840000004E-05 7.051200271E-01 1.220400000E+04 -1.380700000E+04 3.452300110E+02 1.026800003E+02 1.609900055E+02 9.805000305E+01 6.168500185E-01 5.069199800E-01 1.322899945E-03
 2.337000042E-04 1.840000004E-05 6.982700229E-01 9.085500000E+03 -2.011000000E+04 3.445400085E+02 1.092799988E+02 1.644700012E+02 9.371499634E+01 6.385200024E-01 5.009899735E-01 1.335900044E-03
 2.357500052E-04 1.840000004E-05 6.918500066E-01 9.618799805E+03 -1.677800000E+04 3.436199951E+02 1.157099991E+02 1.681000061E+02 9.593499756E+01 6.607699990E-01 4.950599968E-01 1.348300022E-03
 2.378000063E-04 1.840000004E-05 6.851999760E-01 1.387200000E+04 -9.880900391E+03 3.424500122E+02 1.221600037E+02 1.717299957E+02 9.474600220E+01 6.835399866E-01 4.886200130E-01 1.361400005E-03
 2.398499928E-04 1.840000004E-05 6.778200269E-01 1.462800000E+04 -1.035300000E+04 3.413399963E+02 1.286999969E+02 1.752400055E+02 8.134899902E+01 7.063599825E-01 4.817999899E-01 1.376200002E-03
 2.418999939E-04 1.840000004E-05 6.696599722E-01 1.308400000E+04 -8.312799805E+03 3.403200073E+02 1.355000000E+02 1.788099976E+02 6.818000031E+01 7.299500108E-01 4.745799899E-01 1.393000013E-03
 2.439499949E-04 1.840000004E-05 6.612499952E-01 1.934900000E+04 -5.491799805E+03 3.390400085E+02 1.424199982E+02 1.826300049E+02 7.558399963E+01 7.549399734E-01 4.668599963E-01 1.410700032E-03
 2.460000105E-04 1.840000004E-05 6.525800228E-01 1.854900000E+04 -4.771100098E+03 3.377600098E+02 1.495000000E+02 1.866300049E+02 8.544999695E+01 7.809699774E-01 4.589900076E-01 1.429499942E-03
 2.480499970E-04 1.840000004E-05 6.429799795E-01 1.520600000E+04 -5.827899902E+03 3.364599915E+02 1.568200073E+02 1.906900024E+02 8.795899963E+01 8.078699708E-01 4.505099952E-01 1.450899988E-03
 2.501000126E-04 1.840000004E-05 6.326900125E-01 2.060600000E+04 -1.015200000E+04 3.350599976E+02 1.643800049E+02 1.945599976E+02 1.072500000E+02 8.351600170E-01 4.414499998E-01 1.474500052E-03
 2.521499991E-04 1.840000004E-05 6.213600039E-01 2.168400000E+04 -1.608700000E+04 3.332900085E+02 1.724100037E+02 1.985899963E+02 1.095199966E+02 8.646199703E-01 4.312599897E-01 1.501400024E-03
 2.541999856E-04 1.840000004E-05 6.089400053E-01 2.406000000E+04 -1.575200000E+04 3.312200012E+02 1.808800049E+02 2.030500031E+02 1.041699982E+02 8.968300223E-01 4.200200140E-01 1.532000024E-03
 2.562500013E-04 1.840000004E-05 5.955600142E-01 3.174700000E+04 -9.888799805E+03 3.290100098E+02 1.899900055E+02 2.074900055E+02 1.107799988E+02 9.309499860E-01 4.080500007E-01 1.566500054E-03
 2.582999878E-04 1.840000004E-05 5.803300142E-01 4.157200000E+04 -4.622899902E+03 3.264299927E+02 2.002299957E+02 2.123999939E+02 1.242300034E+02 9.697300196E-01 3.945100009E-01 1.607700018E-03
 2.603500034E-04 1.840000004E-05 5.612400174E-01 5.099900000E+04 -1.443000000E+03 3.231600037E+02 2.126900024E+02 2.180099945E+02 1.600800018E+02 1.016999960E+00 3.777300119E-01 1.662699971E-03
 2.623999899E-04 1.840000004E-05 5.374199748E-01 7.337900000E+04 6.207799805E+03 3.185000000E+02 2.284900055E+02 2.241000061E+02 1.615000000E+02 1.076599956E+00 3.565100133E-01 1.736699953E-03
 2.644500055E-04 1.840000004E-05 4.811300039E-01 1.106000000E+05 3.333199951E+03 3.059599915E+02 2.651600037E+02 2.307899933E+02 1.470800018E+02 1.156000018E+00 3.294700086E-01 1.842499943E-03
 2.664999920E-04 1.840000004E-05 4.377599955E-01 1.307900000E+05 -7.998500000E+03 2.961900024E+02 2.930000000E+02 2.342899933E+02 1.605899963E+02 1.202000022E+00 3.140900135E-01 1.906499965E-03
 2.050000039E-04 2.069999937E-05 7.893700004E-01 1.922100000E+04 3.917199951E+03 3.565199890E+02 9.272199631E+00 9.314499664E+01 1.811300049E+02 2.976500094E-01 5.860400200E-01 1.181900036E-03
 2.070500050E-04 2.069999937E-05 7.841299772E-01 1.306800000E+04 -6.662800293E+02 3.564299927E+02 1.627099991E+01 9.759300232E+01 2.032599945E+02 3.153299987E-01 5.820000172E-01 1.189799979E-03
 2.091000060E-04 2.069999937E-05 7.749699950E-01 9.484200195E+03 -1.710500000E+04 3.560700073E+02 2.817399979E+01 1.056500015E+02 2.264199982E+02 3.482300043E-01 5.746200085E-01 1.203799970E-03
 2.111500071E-04 2.069999937E-05 7.680100203E-01 1.837700000E+04 -2.190900000E+04 3.552200012E+02 3.722999954E+01 1.120800018E+02 1.895099945E+02 3.764199913E-01 5.681099892E-01 1.214600052E-03
 2.131999936E-04 2.069999937E-05 7.613700032E-01 2.180200000E+04 -1.613700000E+04 3.543500061E+02 4.500199890E+01 1.171600037E+02 1.586100006E+02 4.003899992E-01 5.618100166E-01 1.225200016E-03
 2.152499947E-04 2.069999937E-05 7.553200126E-01 1.904400000E+04 -1.655200000E+04 3.536799927E+02 5.198699951E+01 1.217200012E+02 1.685000000E+02 4.225600064E-01 5.562999845E-01 1.234999974E-03
 2.172999957E-04 2.069999937E-05 7.498199940E-01 1.874000000E+04 -2.060800000E+04 3.528299866E+02 5.863600159E+01 1.262200012E+02 1.393300018E+02 4.448100030E-01 5.509200096E-01 1.244100044E-03
 2.193499968E-04 2.069999937E-05 7.444099784E-01 2.221000000E+04 -2.475900000E+04 3.519100037E+02 6.527100372E+01 1.303399963E+02 1.048399963E+02 4.665000141E-01 5.455099940E-01 1.253099996E-03
 2.213999978E-04 2.069999937E-05 7.397999763E-01 2.325000000E+04 -2.758400000E+04 3.508099976E+02 7.190399933E+01 1.341300049E+02 1.206699982E+02 4.877699912E-01 5.404499769E-01 1.260900055E-03
 2.234499989E-04 2.069999937E-05 7.347199917E-01 1.828100000E+04 -1.664400000E+04 3.496700134E+02 7.836799622E+01 1.380000000E+02 1.212200012E+02 5.094599724E-01 5.349900126E-01 1.269600005E-03
 2.254999999E-04 2.069999937E-05 7.288900018E-01 1.669600000E+04 -1.027100000E+04 3.487200012E+02 8.473899841E+01 1.418800049E+02 1.026800003E+02 5.312200189E-01 5.292999744E-01 1.279799966E-03
 2.275500010E-04 2.069999937E-05 7.224599719E-01 1.203400000E+04 -1.717100000E+04 3.479800110E+02 9.105699921E+01 1.457200012E+02 9.869200134E+01 5.529199839E-01 5.235199928E-01 1.291200053E-03
 2.296000021E-04 2.069999937E-05 7.162299752E-01 1.681800000E+04 -1.292900000E+04 3.470899963E+02 9.744899750E+01 1.497700043E+02 9.390399933E+01 5.756800175E-01 5.176799893E-01 1.302400022E-03
 2.316500031E-04 2.069999937E-05 7.103800178E-01 2.165800000E+04 -1.390200000E+04 3.461199951E+02 1.038399963E+02 1.535700073E+02 9.658799744E+01 5.981100202E-01 5.120199919E-01 1.313099987E-03
 2.337000042E-04 2.069999937E-05 7.038199902E-01 1.290600000E+04 -1.506100000E+04 3.453399963E+02 1.101800003E+02 1.570500031E+02 9.916100311E+01 6.196500063E-01 5.061500072E-01 1.325399964E-03
 2.357500052E-04 2.069999937E-05 6.973099709E-01 1.868500000E+04 -1.361400000E+04 3.444200134E+02 1.166699982E+02 1.607200012E+02 1.028799973E+02 6.423199773E-01 5.001199841E-01 1.337799942E-03
 2.378000063E-04 2.069999937E-05 6.906999946E-01 2.409000000E+04 -1.028700000E+04 3.432699890E+02 1.232600021E+02 1.644499969E+02 9.536100006E+01 6.657999754E-01 4.937300086E-01 1.350600040E-03
 2.398499928E-04 2.069999937E-05 6.832500100E-01 1.804500000E+04 -7.072200195E+03 3.421600037E+02 1.299900055E+02 1.680200043E+02 9.255100250E+01 6.893000007E-01 4.868299961E-01 1.365300035E-03
 2.418999939E-04 2.069999937E-05 6.751499772E-01 1.989300000E+04 -6.070399902E+03 3.410400085E+02 1.368000031E+02 1.716399994E+02 8.679399872E+01 7.133700252E-01 4.794799984E-01 1.381700044E-03
 2.439499949E-04 2.069999937E-05 6.665700078E-01 2.529100000E+04 -1.738199951E+03 3.398200073E+02 1.436199951E+02 1.754600067E+02 7.693299866E+01 7.382500172E-01 4.717000127E-01 1.399499946E-03
 2.460000105E-04 2.069999937E-05 6.574100256E-01 2.476800000E+04 -9.368799805E+03 3.385000000E+02 1.507599945E+02 1.794600067E+02 8.930899811E+01 7.646300197E-01 4.634099901E-01 1.418999978E-03
 2.480499970E-04 2.069999937E-05 6.473399997E-01 2.442500000E+04 -1.375200000E+04 3.369800110E+02 1.583099976E+02 1.837500000E+02 1.025800018E+02 7.930200100E-01 4.542700052E-01 1.441100030E-03
 2.501000126E-04 2.069999937E-05 6.369299889E-01 2.697000000E+04 -7.273200195E+03 3.355000000E+02 1.660599976E+02 1.877100067E+02 1.148700027E+02 8.212500215E-01 4.449900091E-01 1.464599976E-03
 2.521499991E-04 2.069999937E-05 6.258000135E-01 3.077900000E+04 -7.139899902E+03 3.337900085E+02 1.741499939E+02 1.915800018E+02 1.272699966E+02 8.505499959E-01 4.350000024E-01 1.490699942E-03
 2.541999856E-04 2.069999937E-05 6.134099960E-01 2.786400000E+04 -8.908099609E+03 3.317099915E+02 1.828500061E+02 1.958699951E+02 1.189700012E+02 8.830599785E-01 4.237299860E-01 1.520900056E-03
 2.562500013E-04 2.069999937E-05 5.998499990E-01 3.470400000E+04 -2.237300049E+03 3.292699890E+02 1.922700043E+02 2.002799988E+02 1.066200027E+02 9.183400273E-01 4.113099873E-01 1.555299968E-03
 2.582999878E-04 2.069999937E-05 5.837900043E-01 5.042000000E+04 1.510800049E+03 3.264800110E+02 2.029600067E+02 2.052200012E+02 1.213700027E+02 9.588099718E-01 3.969199955E-01 1.598199946E-03
 2.603500034E-04 2.069999937E-05 5.638499856E-01 6.004000000E+04 -7.290100098E+02 3.230799866E+02 2.158600006E+02 2.105299988E+02 1.406100006E+02 1.006899953E+00 3.793799877E-01 1.655000029E-03
 2.623999899E-04 2.069999937E-05 5.391700268E-01 7.960500000E+04 4.105600098E+03 3.184500122E+02 2.319799957E+02 2.161600037E+02 1.538099976E+02 1.066699982E+00 3.576200008E-01 1.731200027E-03
 2.644500055E-04 2.069999937E-05 4.816800058E-01 1.092000000E+05 8.475100098E+02 3.059100037E+02 2.690299988E+02 2.221600037E+02 1.536399994E+02 1.145599961E+00 3.300899863E-01 1.839200035E-03
 2.664999920E-04 2.069999937E-05 4.379400015E-01 1.258600000E+05 -6.023000000E+03 2.960700073E+02 2.970499878E+02 2.251699982E+02 1.477299957E+02 1.190899968E+00 3.147000074E-01 1.903100056E-03
 2.050000039E-04 2.300000051E-05 8.074499965E-01 -4.563800000E+04 9.561000000E+04 3.522999878E+02 1.210999966E+01 6.994200134E+01 4.718999939E+02 2.269899994E-01 5.922999978E-01 1.155299949E-03
 2.070500050E-04 2.300000051E-05 7.988100052E-01 -2.977500000E+04 6.458700000E+04 3.535700073E+02 1.960899925E+01 7.905100250E+01 3.717200012E+02 2.604900002E-01 5.880799890E-01 1.167900045E-03
 2.091000060E-04 2.300000051E-05 7.846099734E-01 -5.154399902E+03 1.543000000E+04 3.550599976E+02 3.208399963E+01 9.355799866E+01 2.478899994E+02 3.152799904E-01 5.801100135E-01 1.188999973E-03
 2.111500071E-04 2.300000051E-05 7.751600146E-01 5.581600098E+03 -2.233600098E+03 3.551499939E+02 4.102700043E+01 1.024800034E+02 2.019299927E+02 3.517299891E-01 5.732799768E-01 1.203399966E-03
 2.131999936E-04 2.300000051E-05 7.675200105E-01 5.468299805E+03 -9.287299805E+02 3.547600098E+02 4.845299911E+01 1.087300034E+02 1.786000061E+02 3.794699907E-01 5.669999719E-01 1.215400058E-03
 2.152499947E-04 2.300000051E-05 7.609900236E-01 4.613700195E+03 -6.766100098E+03 3.542099915E+02 5.511000061E+01 1.139000015E+02 1.593399963E+02 4.036400020E-01 5.612999797E-01 1.225800021E-03
 2.172999957E-04 2.300000051E-05 7.552499771E-01 7.609000000E+03 -1.729900000E+04 3.534899902E+02 6.146500015E+01 1.185999985E+02 1.407200012E+02 4.265500009E-01 5.559399724E-01 1.235099975E-03
 2.193499968E-04 2.300000051E-05 7.491700053E-01 1.639400000E+04 -1.715300000E+04 3.526499939E+02 6.786000061E+01 1.227900009E+02 1.260400009E+02 4.485099912E-01 5.501700044E-01 1.245100051E-03
 2.213999978E-04 2.300000051E-05 7.439900041E-01 2.277000000E+04 -1.337400000E+04 3.517300110E+02 7.424400330E+01 1.267300034E+02 1.105500031E+02 4.701299965E-01 5.449299812E-01 1.253800001E-03
 2.234499989E-04 2.300000051E-05 7.393599749E-01 2.100200000E+04 -2.796199951E+03 3.506099854E+02 8.037300110E+01 1.308099976E+02 1.149499969E+02 4.921799898E-01 5.398100019E-01 1.261699945E-03
 2.254999999E-04 2.300000051E-05 7.340899706E-01 1.890000000E+04 -2.456899902E+03 3.495299988E+02 8.642800140E+01 1.346600037E+02 1.241299973E+02 5.137400031E-01 5.343199968E-01 1.270700013E-03
 2.275500010E-04 2.300000051E-05 7.276999950E-01 1.204300000E+04 -1.234500000E+04 3.486700134E+02 9.268499756E+01 1.385200043E+02 1.014400024E+02 5.357599854E-01 5.283700228E-01 1.281899982E-03
 2.296000021E-04 2.300000051E-05 7.210100293E-01 1.149800000E+04 -1.353600000E+04 3.477699890E+02 9.900700378E+01 1.426000061E+02 8.566200256E+01 5.587599874E-01 5.221499801E-01 1.293799956E-03
 2.316500031E-04 2.300000051E-05 7.153800130E-01 1.257200000E+04 -1.094900000E+04 3.468599854E+02 1.051900024E+02 1.463600006E+02 9.839600372E+01 5.808799863E-01 5.167300105E-01 1.304000034E-03
 2.337000042E-04 2.300000051E-05 7.091699839E-01 1.198900000E+04 -9.716299805E+03 3.460100098E+02 1.115100021E+02 1.499299927E+02 9.536299896E+01 6.029499769E-01 5.109800100E-01 1.315400004E-03
 2.357500052E-04 2.300000051E-05 7.017899752E-01 2.681000000E+04 -1.525200000E+04 3.450499878E+02 1.180899963E+02 1.537200012E+02 1.008399963E+02 6.263499856E-01 5.042600036E-01 1.329199993E-03
 2.378000063E-04 2.300000051E-05 6.944199800E-01 3.157800000E+04 -1.320500000E+04 3.440299988E+02 1.246800003E+02 1.575700073E+02 1.038000031E+02 6.502199769E-01 4.974899888E-01 1.343299984E-03
 2.398499928E-04 2.300000051E-05 6.868900061E-01 2.181900000E+04 -9.902200195E+03 3.429800110E+02 1.313800049E+02 1.612500000E+02 9.845500183E+01 6.741099954E-01 4.905900061E-01 1.357999980E-03
 2.418999939E-04 2.300000051E-05 6.788499951E-01 2.255600000E+04 -9.698500000E+03 3.417000122E+02 1.381000061E+02 1.650299988E+02 8.931999969E+01 6.987199783E-01 4.830400050E-01 1.374099986E-03
 2.439499949E-04 2.300000051E-05 6.703199744E-01 2.661900000E+04 -7.385200195E+03 3.403800049E+02 1.448600006E+02 1.688200073E+02 8.016100311E+01 7.236800194E-01 4.751400054E-01 1.391600003E-03
 2.460000105E-04 2.300000051E-05 6.615800261E-01 2.715700000E+04 -1.032000000E+04 3.390599976E+02 1.519400024E+02 1.724600067E+02 8.064900208E+01 7.491899729E-01 4.671199918E-01 1.410000026E-03
 2.480499970E-04 2.300000051E-05 6.522200108E-01 3.010100000E+04 -1.251100000E+04 3.375499878E+02 1.594299927E+02 1.766100006E+02 9.307700348E+01 7.772799730E-01 4.584600031E-01 1.430299948E-03
 2.501000126E-04 2.300000051E-05 6.415500045E-01 3.913900000E+04 -9.826500000E+03 3.358900146E+02 1.673300018E+02 1.806699982E+02 1.199700012E+02 8.064500093E-01 4.487499893E-01 1.454100013E-03
 2.521499991E-04 2.300000051E-05 6.298699975E-01 4.339200000E+04 -3.982600098E+03 3.341199951E+02 1.756300049E+02 1.845399933E+02 1.308200073E+02 8.365100026E-01 4.382500052E-01 1.481099986E-03
 2.541999856E-04 2.300000051E-05 6.166200042E-01 3.273900000E+04 -4.950600098E+03 3.321000061E+02 1.847799988E+02 1.889700012E+02 1.117699966E+02 8.704900146E-01 4.264500141E-01 1.512999996E-03
 2.562500013E-04 2.300000051E-05 6.022800207E-01 4.143100000E+04 -3.468800049E+03 3.295599976E+02 1.945700073E+02 1.935700073E+02 1.045500031E+02 9.074400067E-01 4.133400023E-01 1.549000037E-03
 2.582999878E-04 2.300000051E-05 5.858100057E-01 5.600800000E+04 7.253799805E+03 3.265599976E+02 2.055899963E+02 1.983300018E+02 1.155699997E+02 9.488300085E-01 3.983899951E-01 1.592700020E-03
 2.603500034E-04 2.300000051E-05 5.654900074E-01 6.519500000E+04 5.515399902E+03 3.229500122E+02 2.189199982E+02 2.033600006E+02 1.240000000E+02 9.980599880E-01 3.803400099E-01 1.650199993E-03
 2.623999899E-04 2.300000051E-05 5.408300161E-01 8.481300000E+04 -2.986000000E+03 3.183399963E+02 2.351600037E+02 2.086000061E+02 1.366600037E+02 1.057600021E+00 3.585900068E-01 1.725899987E-03
 2.644500055E-04 2.300000051E-05 4.826599956E-01 1.128400000E+05 -7.729600220E+02 3.058200073E+02 2.723500061E+02 2.137899933E+02 1.278199997E+02 1.135300040E+00 3.309099972E-01 1.834600000E-03
 2.664999920E-04 2.300000051E-05 4.381900132E-01 1.327700000E+05 4.783700195E+03 2.958999939E+02 3.005400085E+02 2.162899933E+02 1.138799973E+02 1.179999948E+00 3.152300119E-01 1.899700030E-03
 2.050000039E-04 2.529999983E-05 8.196899891E-01 -1.183600000E+05 1.330100000E+05 3.442000122E+02 1.566800022E+01 5.052099991E+01 6.509099731E+02 1.716299951E-01 5.874800086E-01 1.138000051E-03
 2.070500050E-04 2.529999983E-05 8.103600144E-01 -8.558900000E+04 1.046700000E+05 3.473200073E+02 2.208699989E+01 6.252000046E+01 4.710199890E+02 2.137400061E-01 5.860000253E-01 1.151300035E-03
 2.091000060E-04 2.529999983E-05 7.941499949E-01 -3.940400000E+04 5.565800000E+04 3.517399902E+02 3.363999939E+01 8.158599854E+01 2.558999939E+02 2.824899852E-01 5.816400051E-01 1.174699981E-03
 2.111500071E-04 2.529999983E-05 7.824000120E-01 -1.713000000E+04 3.164100000E+04 3.535199890E+02 4.295700073E+01 9.297299957E+01 1.990200043E+02 3.270300031E-01 5.759500265E-01 1.192299998E-03
 2.131999936E-04 2.529999983E-05 7.736799717E-01 -4.930299988E+02 1.990300000E+04 3.540599976E+02 5.081499863E+01 1.004700012E+02 1.722899933E+02 3.592500091E-01 5.704299808E-01 1.205699984E-03
 2.152499947E-04 2.529999983E-05 7.665200233E-01 5.069600098E+03 1.063200000E+04 3.540000000E+02 5.775600052E+01 1.063499985E+02 1.470800018E+02 3.861699998E-01 5.650500059E-01 1.216999954E-03
 2.172999957E-04 2.529999983E-05 7.605100274E-01 -2.137699951E+03 4.080399902E+03 3.535599976E+02 6.420899963E+01 1.111999969E+02 1.313300018E+02 4.099799991E-01 5.599200130E-01 1.226600027E-03
 2.193499968E-04 2.529999983E-05 7.543799877E-01 1.218000000E+03 -5.278500000E+03 3.529299927E+02 7.044999695E+01 1.155199966E+02 1.221399994E+02 4.323599935E-01 5.544199944E-01 1.236599986E-03
 2.213999978E-04 2.529999983E-05 7.484300137E-01 1.591900000E+04 -6.197899902E+03 3.522099915E+02 7.643399811E+01 1.198399963E+02 1.011900024E+02 4.546500146E-01 5.489299893E-01 1.246399945E-03
 2.234499989E-04 2.529999983E-05 7.428600192E-01 2.321800000E+04 3.737100098E+03 3.512900085E+02 8.238999939E+01 1.241299973E+02 1.002200012E+02 4.771600068E-01 5.434200168E-01 1.255700015E-03
 2.254999999E-04 2.529999983E-05 7.375199795E-01 2.396100000E+04 6.509699707E+02 3.502600098E+02 8.830599976E+01 1.280299988E+02 1.190199966E+02 4.988400042E-01 5.379199982E-01 1.264799968E-03
 2.275500010E-04 2.529999983E-05 7.316700220E-01 1.602400000E+04 -1.077700000E+04 3.494100037E+02 9.435299683E+01 1.317100067E+02 1.105599976E+02 5.202599764E-01 5.323699713E-01 1.274900045E-03
 2.296000021E-04 2.529999983E-05 7.255600095E-01 1.089200000E+04 -1.163200000E+04 3.484400024E+02 1.005699997E+02 1.356600037E+02 1.074700012E+02 5.430200100E-01 5.264700055E-01 1.285700011E-03
 2.316500031E-04 2.529999983E-05 7.200800180E-01 1.134300000E+04 -1.121800000E+04 3.474599915E+02 1.067699966E+02 1.394499969E+02 1.185599976E+02 5.655699968E-01 5.210099816E-01 1.295399969E-03
 2.337000042E-04 2.529999983E-05 7.133700252E-01 1.622200000E+04 -1.435800000E+04 3.466099854E+02 1.130999985E+02 1.431199951E+02 9.772799683E+01 5.881199837E-01 5.149000287E-01 1.307599945E-03
 2.357500052E-04 2.529999983E-05 7.057600021E-01 2.751100000E+04 -1.749600000E+04 3.455700073E+02 1.195100021E+02 1.469700012E+02 9.097000122E+01 6.116300225E-01 5.078700185E-01 1.321800053E-03
 2.378000063E-04 2.529999983E-05 6.983799934E-01 2.415000000E+04 -1.321500000E+04 3.445299988E+02 1.259899979E+02 1.508899994E+02 9.972299957E+01 6.356400251E-01 5.010499954E-01 1.335700043E-03
 2.398499928E-04 2.529999983E-05 6.904500127E-01 2.084200000E+04 -7.127799805E+03 3.434899902E+02 1.326000061E+02 1.546199951E+02 8.373300171E+01 6.596599817E-01 4.938600063E-01 1.351100043E-03
 2.418999939E-04 2.529999983E-05 6.819700003E-01 1.948900000E+04 -7.671700195E+03 3.422500000E+02 1.393699951E+02 1.584600067E+02 8.553700256E+01 6.846600175E-01 4.860500097E-01 1.367900055E-03
 2.439499949E-04 2.529999983E-05 6.735399961E-01 1.996000000E+04 -9.883299805E+03 3.409400024E+02 1.463500061E+02 1.623399963E+02 1.062600021E+02 7.104899883E-01 4.781999886E-01 1.384999952E-03
 2.460000105E-04 2.529999983E-05 6.650699973E-01 2.450900000E+04 -5.196899902E+03 3.395299988E+02 1.534199982E+02 1.658899994E+02 9.000099945E+01 7.360200286E-01 4.702300131E-01 1.402599970E-03
 2.480499970E-04 2.529999983E-05 6.559000015E-01 2.706300000E+04 -7.687200195E+03 3.380000000E+02 1.608099976E+02 1.697700043E+02 9.477999878E+01 7.634199858E-01 4.616599977E-01 1.422300003E-03
 2.501000126E-04 2.529999983E-05 6.449000239E-01 3.617900000E+04 -1.296300000E+04 3.363099976E+02 1.688300018E+02 1.738000031E+02 1.184100037E+02 7.930099964E-01 4.516600072E-01 1.446499955E-03
 2.521499991E-04 2.529999983E-05 6.325200200E-01 3.629400000E+04 -5.118100098E+03 3.342900085E+02 1.773500061E+02 1.778999939E+02 1.125199966E+02 8.246300220E-01 4.403299987E-01 1.474900055E-03
 2.541999856E-04 2.529999983E-05 6.187400222E-01 3.160900000E+04 -2.649500000E+03 3.321400146E+02 1.866699982E+02 1.823200073E+02 9.673200226E+01 8.593599796E-01 4.279699922E-01 1.507799956E-03
 2.562500013E-04 2.529999983E-05 6.042000055E-01 3.986600000E+04 -2.551300049E+03 3.295899963E+02 1.967899933E+02 1.868500061E+02 1.104599991E+02 8.971800208E-01 4.147099853E-01 1.544100000E-03
 2.582999878E-04 2.529999983E-05 5.874999762E-01 4.935600000E+04 7.391500000E+03 3.265499878E+02 2.081799927E+02 1.914199982E+02 1.142699966E+02 9.393699765E-01 3.995299935E-01 1.588199986E-03
 2.603500034E-04 2.529999983E-05 5.669800043E-01 6.092700000E+04 6.292000000E+03 3.229800110E+02 2.216300049E+02 1.961499939E+02 1.116200027E+02 9.885600209E-01 3.813700080E-01 1.645899960E-03
 2.623999899E-04 2.529999983E-05 5.424399972E-01 7.954600000E+04 -3.418500000E+03 3.182900085E+02 2.380399933E+02 2.010399933E+02 1.304600067E+02 1.048400044E+00 3.596099913E-01 1.720699947E-03
 2.644500055E-04 2.529999983E-05 4.838800132E-01 1.111100000E+05 -1.481500000E+03 3.055499878E+02 2.756300049E+02 2.057400055E+02 1.124800034E+02 1.126600027E+00 3.317599893E-01 1.828799956E-03
 2.664999920E-04 2.529999983E-05 4.388200045E-01 1.342200000E+05 2.942100098E+03 2.954800110E+02 3.040700073E+02 2.080299988E+02 9.177999878E+01 1.171599984E+00 3.158800006E-01 1.894099987E-03
 2.050000039E-04 2.759999916E-05 8.316199780E-01 -1.295100000E+05 1.203000000E+05 3.368699951E+02 2.038400078E+01 3.950099945E+01 5.260599976E+02 1.458300054E-01 5.833399892E-01 1.121700043E-03
 2.070500050E-04 2.759999916E-05 8.222500086E-01 -1.085300000E+05 1.101000000E+05 3.406499939E+02 2.489900017E+01 5.069300079E+01 4.321000061E+02 1.837899983E-01 5.831500292E-01 1.134700025E-03
 2.091000060E-04 2.759999916E-05 8.052899837E-01 -6.809300000E+04 7.961800000E+04 3.466799927E+02 3.440399933E+01 6.978500366E+01 2.713399963E+02 2.508400083E-01 5.812799931E-01 1.158499974E-03
 2.111500071E-04 2.759999916E-05 7.917299867E-01 -3.846400000E+04 5.369000000E+04 3.501600037E+02 4.389300156E+01 8.279100037E+01 1.794199982E+02 3.006399870E-01 5.772699714E-01 1.178300008E-03
 2.131999936E-04 2.759999916E-05 7.808700204E-01 -1.569600000E+04 3.424900000E+04 3.520799866E+02 5.235400009E+01 9.175599670E+01 1.672599945E+02 3.379899859E-01 5.724999905E-01 1.194600016E-03
 2.152499947E-04 2.759999916E-05 7.719200253E-01 -8.837299805E+02 2.045400000E+04 3.530899963E+02 5.977600098E+01 9.863300323E+01 1.642100067E+02 3.684700131E-01 5.675699711E-01 1.208500005E-03
 2.172999957E-04 2.759999916E-05 7.646899819E-01 -2.260100098E+03 1.389600000E+04 3.532699890E+02 6.652999878E+01 1.039499969E+02 1.267900009E+02 3.941999972E-01 5.625399947E-01 1.219899976E-03
 2.193499968E-04 2.759999916E-05 7.587199807E-01 2.337800049E+03 4.761799805E+03 3.528800049E+02 7.277999878E+01 1.087200012E+02 1.091500015E+02 4.180899858E-01 5.575299859E-01 1.229500049E-03
 2.213999978E-04 2.759999916E-05 7.527400255E-01 1.556800000E+04 1.712699951E+03 3.523299866E+02 7.859600067E+01 1.133099976E+02 1.118899994E+02 4.410000145E-01 5.522800088E-01 1.239200006E-03
 2.234499989E-04 2.759999916E-05 7.463799715E-01 1.803400000E+04 4.047399902E+03 3.515700073E+02 8.454100037E+01 1.175999985E+02 1.080599976E+02 4.636900127E-01 5.464199781E-01 1.249799971E-03
 2.254999999E-04 2.759999916E-05 7.410399914E-01 2.071800000E+04 -1.850900024E+03 3.507000122E+02 9.041699982E+01 1.216399994E+02 1.168899994E+02 4.858100116E-01 5.411900282E-01 1.258800039E-03
 2.275500010E-04 2.759999916E-05 7.354999781E-01 1.819500000E+04 -9.801299805E+03 3.499500122E+02 9.618099976E+01 1.252500000E+02 1.223300018E+02 5.067099929E-01 5.359799862E-01 1.268299995E-03
 2.296000021E-04 2.759999916E-05 7.291899920E-01 1.467700000E+04 -9.696200195E+03 3.490299988E+02 1.021800003E+02 1.289900055E+02 1.227300034E+02 5.287100077E-01 5.299900174E-01 1.279299962E-03
 2.316500031E-04 2.759999916E-05 7.230499983E-01 2.303400000E+04 -1.502500000E+04 3.480299988E+02 1.083199997E+02 1.329299927E+02 1.182900009E+02 5.517200232E-01 5.240200162E-01 1.290100045E-03
 2.337000042E-04 2.759999916E-05 7.164300084E-01 2.467300000E+04 -1.784500000E+04 3.470799866E+02 1.145400009E+02 1.366999969E+02 1.100800018E+02 5.745900273E-01 5.178099871E-01 1.302000019E-03
 2.357500052E-04 2.759999916E-05 7.093399763E-01 2.234700000E+04 -1.199800000E+04 3.460100098E+02 1.208899994E+02 1.403500061E+02 1.010999985E+02 5.977100134E-01 5.111100078E-01 1.315100002E-03
 2.378000063E-04 2.759999916E-05 7.022299767E-01 1.727400000E+04 -4.479399902E+03 3.449400024E+02 1.273300018E+02 1.442899933E+02 9.011799622E+01 6.219000220E-01 5.044100285E-01 1.328399987E-03
 2.398499928E-04 2.759999916E-05 6.944299936E-01 2.061000000E+04 3.384599915E+02 3.438299866E+02 1.338500061E+02 1.480899963E+02 8.517900085E+01 6.461600065E-01 4.972200096E-01 1.343299984E-03
 2.418999939E-04 2.759999916E-05 6.857699752E-01 2.674800000E+04 -2.271000000E+03 3.426000061E+02 1.406600037E+02 1.518000031E+02 9.047000122E+01 6.711000204E-01 4.892599881E-01 1.360299997E-03
 2.439499949E-04 2.759999916E-05 6.767699718E-01 2.362000000E+04 -7.065000000E+03 3.414299927E+02 1.478399963E+02 1.557299957E+02 1.069199982E+02 6.974999905E-01 4.811899960E-01 1.378400018E-03
 2.460000105E-04 2.759999916E-05 6.679700017E-01 2.668100000E+04 -6.706500000E+03 3.400100098E+02 1.549600067E+02 1.595000000E+02 1.040000000E+02 7.238399982E-01 4.729500115E-01 1.396500040E-03
 2.480499970E-04 2.759999916E-05 6.584799886E-01 3.242400000E+04 -1.079000000E+04 3.383399963E+02 1.623699951E+02 1.633300018E+02 9.609700012E+01 7.514899969E-01 4.639500082E-01 1.416699961E-03
 2.501000126E-04 2.759999916E-05 6.471199989E-01 3.265000000E+04 -1.521000000E+04 3.365700073E+02 1.705599976E+02 1.673300018E+02 9.631600189E+01 7.817199826E-01 4.535599947E-01 1.441600034E-03
 2.521499991E-04 2.759999916E-05 6.345099807E-01 2.794700000E+04 -7.249700195E+03 3.344599915E+02 1.792100067E+02 1.715099945E+02 9.974700165E+01 8.141199946E-01 4.419299960E-01 1.470300020E-03
 2.541999856E-04 2.759999916E-05 6.209700108E-01 3.025600000E+04 -2.629700012E+02 3.321900024E+02 1.884199982E+02 1.755700073E+02 1.026699982E+02 8.481199741E-01 4.295800030E-01 1.502400031E-03
 2.562500013E-04 2.759999916E-05 6.062399745E-01 3.553100000E+04 -5.863999939E+01 3.297399902E+02 1.987100067E+02 1.798200073E+02 1.146900024E+02 8.858299851E-01 4.162899852E-01 1.538899960E-03
 2.582999878E-04 2.759999916E-05 5.891399980E-01 4.165400000E+04 -1.837199951E+03 3.267399902E+02 2.104299927E+02 1.843399963E+02 1.145599976E+02 9.289699793E-01 4.008899927E-01 1.583699952E-03
 2.603500034E-04 2.759999916E-05 5.689600110E-01 5.840200000E+04 -4.638700195E+03 3.230100098E+02 2.239499969E+02 1.888099976E+02 1.081999969E+02 9.783400297E-01 3.827399909E-01 1.640100032E-03
 2.623999899E-04 2.759999916E-05 5.440499783E-01 7.631400000E+04 -6.191099854E+02 3.183200073E+02 2.405800018E+02 1.933600006E+02 1.238399963E+02 1.038499951E+00 3.607099950E-01 1.715700026E-03
 2.644500055E-04 2.759999916E-05 4.846700132E-01 1.063300000E+05 1.989699951E+03 3.054400024E+02 2.787099915E+02 1.979100037E+02 1.148199997E+02 1.118100047E+00 3.325299919E-01 1.824500039E-03
 2.664999920E-04 2.759999916E-05 4.392699897E-01 1.290300000E+05 -1.897700043E+02 2.951700134E+02 3.075000000E+02 2.002200012E+02 9.669400024E+01 1.164100051E+00 3.165700138E-01 1.889199950E-03
 2.050000039E-04 2.990000030E-05 8.464800119E-01 -1.196100000E+05 1.076100000E+05 3.304100037E+02 2.447699928E+01 3.307300186E+01 3.847099915E+02 1.362099946E-01 5.823600292E-01 1.102100010E-03
 2.070500050E-04 2.990000030E-05 8.363400102E-01 -1.130600000E+05 1.112500000E+05 3.341600037E+02 2.783300018E+01 4.221599960E+01 3.601099854E+02 1.663199961E-01 5.818300247E-01 1.115599996E-03
 2.091000060E-04 2.990000030E-05 8.180500269E-01 -9.493200000E+04 1.005100000E+05 3.407000122E+02 3.563800049E+01 5.903099823E+01 2.814299927E+02 2.242899984E-01 5.802900195E-01 1.140499953E-03
 2.111500071E-04 2.990000030E-05 8.029800057E-01 -6.783700000E+04 7.568200000E+04 3.453399963E+02 4.458599854E+01 7.242500305E+01 1.868200073E+02 2.747400105E-01 5.773800015E-01 1.161799999E-03
 2.131999936E-04 2.990000030E-05 7.902500033E-01 -3.790400000E+04 5.343900000E+04 3.486099854E+02 5.311999893E+01 8.254900360E+01 1.682100067E+02 3.155899942E-01 5.736399889E-01 1.180500025E-03
 2.152499947E-04 2.990000030E-05 7.789400220E-01 -2.286500000E+04 3.164100000E+04 3.509299927E+02 6.091099930E+01 9.045700073E+01 1.650700073E+02 3.494400084E-01 5.692099929E-01 1.197600039E-03
 2.172999957E-04 2.990000030E-05 7.693200111E-01 -1.305700000E+04 1.833000000E+04 3.520899963E+02 6.797899628E+01 9.668000031E+01 1.286699982E+02 3.780800104E-01 5.640500188E-01 1.212600037E-03
 2.193499968E-04 2.990000030E-05 7.623800039E-01 3.433399902E+03 1.037000000E+04 3.522500000E+02 7.436000061E+01 1.021999969E+02 1.180699997E+02 4.042299986E-01 5.592100024E-01 1.223600004E-03
 2.213999978E-04 2.990000030E-05 7.559400201E-01 1.150200000E+04 7.027500000E+03 3.520700073E+02 8.040000153E+01 1.070199966E+02 1.219499969E+02 4.282000065E-01 5.542200208E-01 1.233999967E-03
 2.234499989E-04 2.990000030E-05 7.497699857E-01 1.604700000E+04 4.850500000E+03 3.516199951E+02 8.631800079E+01 1.111600037E+02 1.170500031E+02 4.505200088E-01 5.489900112E-01 1.244100044E-03
 2.254999999E-04 2.990000030E-05 7.444700003E-01 2.212200000E+04 -2.927199951E+03 3.509500122E+02 9.219599915E+01 1.153499985E+02 1.018799973E+02 4.731500149E-01 5.440700054E-01 1.252999995E-03
 2.275500010E-04 2.990000030E-05 7.384099960E-01 1.987100000E+04 -5.836399902E+03 3.501700134E+02 9.804799652E+01 1.191200027E+02 1.029199982E+02 4.948900044E-01 5.384500027E-01 1.263299957E-03
 2.296000021E-04 2.990000030E-05 7.318599820E-01 1.293600000E+04 -7.180600098E+03 3.492600098E+02 1.039100037E+02 1.227699966E+02 1.159300003E+02 5.165799856E-01 5.322800279E-01 1.274600043E-03
 2.316500031E-04 2.990000030E-05 7.256500125E-01 1.401000000E+04 -9.570599609E+03 3.483399963E+02 1.098799973E+02 1.266500015E+02 1.147099991E+02 5.392500162E-01 5.263800025E-01 1.285500010E-03
 2.337000042E-04 2.990000030E-05 7.192100286E-01 2.016100000E+04 -8.737799805E+03 3.473699951E+02 1.160400009E+02 1.303699951E+02 1.173499985E+02 5.620899796E-01 5.202599764E-01 1.296999981E-03
 2.357500052E-04 2.990000030E-05 7.119100094E-01 1.933200000E+04 -7.963299805E+03 3.464200134E+02 1.224000015E+02 1.340800018E+02 1.060299988E+02 5.854700208E-01 5.135599971E-01 1.310299966E-03
 2.378000063E-04 2.990000030E-05 7.044699788E-01 1.625200000E+04 -5.133700195E+03 3.452799988E+02 1.288200073E+02 1.381000061E+02 9.743800354E+01 6.100400090E-01 5.065299869E-01 1.324099954E-03
 2.398499928E-04 2.990000030E-05 6.969699860E-01 2.205400000E+04 -1.336800049E+03 3.440700073E+02 1.353399963E+02 1.418600006E+02 9.838200378E+01 6.344100237E-01 4.993700087E-01 1.338399947E-03
 2.418999939E-04 2.990000030E-05 6.885600090E-01 3.242000000E+04 -3.158399963E+02 3.428999939E+02 1.421799927E+02 1.454400024E+02 8.882199860E+01 6.592599750E-01 4.916700125E-01 1.354799955E-03
 2.439499949E-04 2.990000030E-05 6.794099808E-01 2.279500000E+04 -2.442699951E+03 3.417200012E+02 1.493300018E+02 1.492400055E+02 9.406400299E+01 6.854900122E-01 4.834699929E-01 1.372999977E-03
 2.460000105E-04 2.990000030E-05 6.707199812E-01 1.801300000E+04 -8.637799805E+03 3.402699890E+02 1.564600067E+02 1.530700073E+02 9.491000366E+01 7.122099996E-01 4.752599895E-01 1.390799996E-03
 2.480499970E-04 2.990000030E-05 6.608300209E-01 3.218500000E+04 -1.213700000E+04 3.386700134E+02 1.640200043E+02 1.568800049E+02 9.175299835E+01 7.402499914E-01 4.660499990E-01 1.411700039E-03
 2.501000126E-04 2.990000030E-05 6.491600275E-01 3.338100000E+04 -1.437100000E+04 3.369599915E+02 1.723399963E+02 1.608699951E+02 9.712500000E+01 7.708600163E-01 4.555200040E-01 1.437100000E-03
 2.521499991E-04 2.990000030E-05 6.365699768E-01 2.768500000E+04 -7.834100098E+03 3.348200073E+02 1.812299957E+02 1.650399933E+02 1.144100037E+02 8.040400147E-01 4.438599944E-01 1.465499983E-03
 2.541999856E-04 2.990000030E-05 6.233100295E-01 2.810600000E+04 -2.445800049E+03 3.324100037E+02 1.905500031E+02 1.688999939E+02 1.145299988E+02 8.382599950E-01 4.314799905E-01 1.496699988E-03
 2.562500013E-04 2.990000030E-05 6.084100008E-01 3.601500000E+04 -3.939100098E+03 3.299100037E+02 2.007200012E+02 1.728300018E+02 1.146200027E+02 8.752999902E-01 4.180000126E-01 1.533500035E-03
 2.582999878E-04 2.990000030E-05 5.911700130E-01 4.949300000E+04 -6.098100098E+03 3.268800049E+02 2.124299927E+02 1.769900055E+02 1.152699966E+02 9.179700017E-01 4.024400115E-01 1.578300027E-03
 2.603500034E-04 2.990000030E-05 5.714100003E-01 6.246300000E+04 -7.535899902E+03 3.231199951E+02 2.261300049E+02 1.812700043E+02 1.107500000E+02 9.678099751E-01 3.845199943E-01 1.633099979E-03
 2.623999899E-04 2.990000030E-05 5.460299850E-01 7.486400000E+04 3.207799988E+02 3.184299927E+02 2.430000000E+02 1.856999969E+02 1.219700012E+02 1.028900027E+00 3.621500134E-01 1.709599979E-03
 2.644500055E-04 2.990000030E-05 4.855999947E-01 1.092900000E+05 3.845600098E+03 3.053299866E+02 2.813900146E+02 1.899700012E+02 1.152900009E+02 1.108399987E+00 3.336000144E-01 1.818899997E-03
 2.664999920E-04 2.990000030E-05 4.396399856E-01 1.357300000E+05 2.927300049E+03 2.949200134E+02 3.103800049E+02 1.920500031E+02 1.044000015E+02 1.154099941E+00 3.176900148E-01 1.882900018E-03
 2.050000039E-04 3.220000144E-05 8.608199954E-01 -9.724000000E+04 8.747300000E+04 3.243099976E+02 2.841300011E+01 2.860000038E+01 2.927600098E+02 1.347000003E-01 5.813099742E-01 1.083699986E-03
 2.070500050E-04 3.220000144E-05 8.507400155E-01 -1.005100000E+05 1.024600000E+05 3.279200134E+02 3.105599976E+01 3.580099869E+01 3.005700073E+02 1.575500071E-01 5.808100104E-01 1.096699969E-03
 2.091000060E-04 3.220000144E-05 8.319399953E-01 -1.009600000E+05 1.087100000E+05 3.345400085E+02 3.741799927E+01 4.997499847E+01 2.865299988E+02 2.050299942E-01 5.794600248E-01 1.121400041E-03
 2.111500071E-04 3.220000144E-05 8.156899810E-01 -8.024300000E+04 9.083300000E+04 3.398200073E+02 4.520299911E+01 6.272100067E+01 2.249100037E+02 2.517699897E-01 5.771399736E-01 1.143799978E-03
 2.131999936E-04 3.220000144E-05 8.014000058E-01 -5.523800000E+04 7.635100000E+04 3.440700073E+02 5.321799850E+01 7.329299927E+01 1.845000000E+02 2.930899858E-01 5.741299987E-01 1.164100016E-03
 2.152499947E-04 3.220000144E-05 7.886800170E-01 -4.335800000E+04 6.145600000E+04 3.472000122E+02 6.100500107E+01 8.196099854E+01 1.612299957E+02 3.291200101E-01 5.701900125E-01 1.182900043E-03
 2.172999957E-04 3.220000144E-05 7.775800228E-01 -2.861900000E+04 4.578000000E+04 3.492300110E+02 6.836699677E+01 8.893800354E+01 1.258000031E+02 3.603099883E-01 5.654500127E-01 1.199700055E-03
 2.193499968E-04 3.220000144E-05 7.685700059E-01 -1.423800000E+04 2.784500000E+04 3.502900085E+02 7.520999908E+01 9.505999756E+01 1.191699982E+02 3.887600005E-01 5.606200099E-01 1.213700045E-03
 2.213999978E-04 3.220000144E-05 7.603499889E-01 -4.681700195E+03 1.796000000E+04 3.509200134E+02 8.173899841E+01 1.003600006E+02 1.214000015E+02 4.147599936E-01 5.556100011E-01 1.226900029E-03
 2.234499989E-04 3.220000144E-05 7.531899810E-01 8.634799805E+03 9.393000000E+03 3.510899963E+02 8.785099792E+01 1.047799988E+02 1.137699966E+02 4.380300045E-01 5.506700277E-01 1.238500001E-03
 2.254999999E-04 3.220000144E-05 7.473000288E-01 1.478100000E+04 6.706000000E+03 3.506300049E+02 9.379399872E+01 1.091200027E+02 9.805100250E+01 4.612599909E-01 5.456399918E-01 1.248299959E-03
 2.275500010E-04 3.220000144E-05 7.409200072E-01 1.122000000E+04 1.478700000E+04 3.499800110E+02 9.981300354E+01 1.130000000E+02 9.621199799E+01 4.837700129E-01 5.399799943E-01 1.259000041E-03
 2.296000021E-04 3.220000144E-05 7.345899940E-01 6.665299805E+03 6.239899902E+03 3.492600098E+02 1.057300034E+02 1.167699966E+02 1.145199966E+02 5.059199929E-01 5.342699885E-01 1.269800006E-03
 2.316500031E-04 3.220000144E-05 7.286400199E-01 4.784600098E+03 1.410300049E+03 3.484500122E+02 1.115699997E+02 1.206200027E+02 1.215800018E+02 5.283100009E-01 5.287100077E-01 1.280199969E-03
 2.337000042E-04 3.220000144E-05 7.219600081E-01 9.255799805E+03 2.572899902E+03 3.474899902E+02 1.175100021E+02 1.241699982E+02 1.066900024E+02 5.504699945E-01 5.224199891E-01 1.292099943E-03
 2.357500052E-04 3.220000144E-05 7.143099904E-01 1.372300000E+04 -7.914500000E+03 3.466600037E+02 1.236999969E+02 1.279899979E+02 9.214700317E+01 5.738199949E-01 5.156499743E-01 1.305900048E-03
 2.378000063E-04 3.220000144E-05 7.070699930E-01 1.498700000E+04 -8.299200195E+03 3.454899902E+02 1.300700073E+02 1.318699951E+02 1.017900009E+02 5.981199741E-01 5.087100267E-01 1.319300034E-03
 2.398499928E-04 3.220000144E-05 6.995400190E-01 1.596000000E+04 -2.673000000E+03 3.442399902E+02 1.367299957E+02 1.355099945E+02 1.013899994E+02 6.227399707E-01 5.014700294E-01 1.333500026E-03
 2.418999939E-04 3.220000144E-05 6.907899976E-01 1.999800000E+04 -1.415099976E+03 3.431799927E+02 1.437400055E+02 1.392299957E+02 9.439399719E+01 6.483700275E-01 4.936699867E-01 1.350400038E-03
 2.439499949E-04 3.220000144E-05 6.819900274E-01 1.887200000E+04 2.088399963E+02 3.418800049E+02 1.507500000E+02 1.429100037E+02 1.078199997E+02 6.743100286E-01 4.855299890E-01 1.367800054E-03
 2.460000105E-04 3.220000144E-05 6.729699969E-01 2.395700000E+04 -8.635700195E+03 3.403500061E+02 1.579400024E+02 1.466999969E+02 1.110599976E+02 7.013000250E-01 4.769600034E-01 1.386199961E-03
 2.480499970E-04 3.220000144E-05 6.626499891E-01 2.992400000E+04 -1.307400000E+04 3.387900085E+02 1.656600037E+02 1.505200043E+02 9.985900116E+01 7.298899889E-01 4.675100148E-01 1.407800009E-03
 2.501000126E-04 3.220000144E-05 6.511999965E-01 3.328500000E+04 -4.912700195E+03 3.372000122E+02 1.739100037E+02 1.543800049E+02 9.862100220E+01 7.600899935E-01 4.572600126E-01 1.432599965E-03
 2.521499991E-04 3.220000144E-05 6.386799812E-01 3.223800000E+04 1.566000000E+03 3.351799927E+02 1.828800049E+02 1.583899994E+02 1.135299988E+02 7.931799889E-01 4.458000064E-01 1.460699947E-03
 2.541999856E-04 3.220000144E-05 6.257100105E-01 2.984100000E+04 -2.907699951E+03 3.327399902E+02 1.923099976E+02 1.621799927E+02 1.177600021E+02 8.277800083E-01 4.335699975E-01 1.490899944E-03
 2.562500013E-04 3.220000144E-05 6.111599803E-01 4.351600000E+04 -3.077500000E+03 3.300100098E+02 2.025099945E+02 1.658699951E+02 1.107200012E+02 8.649100065E-01 4.200200140E-01 1.526599983E-03
 2.582999878E-04 3.220000144E-05 5.935500264E-01 5.987100000E+04 -4.973899902E+03 3.268999939E+02 2.142500000E+02 1.696900024E+02 1.125000000E+02 9.073399901E-01 4.040800035E-01 1.571999979E-03
 2.603500034E-04 3.220000144E-05 5.730400085E-01 6.556200000E+04 -3.847500000E+03 3.232799988E+02 2.280299988E+02 1.738099976E+02 1.197500000E+02 9.572100043E-01 3.858099878E-01 1.628399943E-03
 2.623999899E-04 3.220000144E-05 5.478500128E-01 7.273800000E+04 2.260199951E+03 3.185299988E+02 2.450099945E+02 1.781000061E+02 1.241399994E+02 1.018800020E+00 3.634699881E-01 1.703800051E-03
 2.644500055E-04 3.220000144E-05 4.869099855E-01 1.065600000E+05 1.121599976E+03 3.051900024E+02 2.840100098E+02 1.821100006E+02 1.049899979E+02 1.099400043E+00 3.349300027E-01 1.811700058E-03
 2.664999920E-04 3.220000144E-05 4.400599897E-01 1.307700000E+05 2.646699951E+03 2.946400146E+02 3.135299988E+02 1.839799957E+02 8.704199982E+01 1.145400047E+00 3.189400136E-01 1.875799964E-03
 2.050000039E-04 3.450000077E-05 8.732100129E-01 -8.255800000E+04 6.880300000E+04 3.188399963E+02 3.240200043E+01 2.528700066E+01 2.453699951E+02 1.383700073E-01 5.797299743E-01 1.068299985E-03
 2.070500050E-04 3.450000077E-05 8.640499711E-01 -8.716800000E+04 9.193800000E+04 3.220599976E+02 3.439500046E+01 3.100099945E+01 2.668099976E+02 1.553000063E-01 5.793799758E-01 1.079699956E-03
 2.091000060E-04 3.450000077E-05 8.464300036E-01 -8.629500000E+04 1.021800000E+05 3.282600098E+02 3.937099838E+01 4.272299957E+01 2.685100098E+02 1.926600039E-01 5.784900188E-01 1.102200011E-03
 2.111500071E-04 3.450000077E-05 8.292599916E-01 -7.965700000E+04 8.792900000E+04 3.338699951E+02 4.595999908E+01 5.425999832E+01 2.301100006E+02 2.336499989E-01 5.764399767E-01 1.125099952E-03
 2.131999936E-04 3.450000077E-05 8.131999969E-01 -7.226500000E+04 9.118700000E+04 3.387399902E+02 5.333200073E+01 6.457499695E+01 1.900899963E+02 2.731499970E-01 5.735499859E-01 1.147200004E-03
 2.152499947E-04 3.450000077E-05 7.992299795E-01 -5.845200000E+04 8.533500000E+04 3.425299988E+02 6.089899826E+01 7.348899841E+01 1.455099945E+02 3.095499873E-01 5.700299740E-01 1.167300041E-03
 2.172999957E-04 3.450000077E-05 7.870200276E-01 -4.727300000E+04 7.000500000E+04 3.452900085E+02 6.841000366E+01 8.087699890E+01 1.105999985E+02 3.421800137E-01 5.658599734E-01 1.185299945E-03
 2.193499968E-04 3.450000077E-05 7.767900229E-01 -3.460300000E+04 5.478300000E+04 3.472000122E+02 7.557499695E+01 8.736599731E+01 1.065000000E+02 3.721199930E-01 5.616000295E-01 1.200899947E-03
 2.213999978E-04 3.450000077E-05 7.670599818E-01 -1.722200000E+04 4.395300000E+04 3.486199951E+02 8.237899780E+01 9.321800232E+01 1.149199982E+02 3.999100029E-01 5.568400025E-01 1.216199948E-03
 2.234499989E-04 3.450000077E-05 7.583500147E-01 -7.228899902E+03 3.104600000E+04 3.494899902E+02 8.887599945E+01 9.815299988E+01 1.126800003E+02 4.251399934E-01 5.519000292E-01 1.230100053E-03
 2.254999999E-04 3.450000077E-05 7.509800196E-01 -2.659000000E+03 2.440800000E+04 3.496499939E+02 9.508200073E+01 1.027500000E+02 1.218199997E+02 4.493800104E-01 5.467900038E-01 1.242200029E-03
 2.275500010E-04 3.450000077E-05 7.440199852E-01 2.549000000E+03 3.046400000E+04 3.494200134E+02 1.011399994E+02 1.067799988E+02 1.215699997E+02 4.722799957E-01 5.413699746E-01 1.253800001E-03
 2.296000021E-04 3.450000077E-05 7.373999953E-01 7.933500000E+03 1.898100000E+04 3.489400024E+02 1.071100006E+02 1.107699966E+02 1.140299988E+02 4.950900078E-01 5.358200073E-01 1.264999970E-03
 2.316500031E-04 3.450000077E-05 7.309899926E-01 1.228900000E+04 7.908399902E+03 3.482399902E+02 1.129899979E+02 1.148399963E+02 1.130400009E+02 5.181800127E-01 5.300899744E-01 1.276100054E-03
 2.337000042E-04 3.450000077E-05 7.241399884E-01 8.471299805E+03 5.238700195E+03 3.473900146E+02 1.189100037E+02 1.183899994E+02 9.936399841E+01 5.403500199E-01 5.238400102E-01 1.288200030E-03
 2.357500052E-04 3.450000077E-05 7.165899873E-01 9.859900391E+03 1.715500000E+03 3.465700073E+02 1.250999985E+02 1.220100021E+02 9.890899658E+01 5.634099841E-01 5.171499848E-01 1.301800017E-03
 2.378000063E-04 3.450000077E-05 7.093700171E-01 2.058800000E+04 3.065100098E+03 3.455199890E+02 1.314700012E+02 1.256600037E+02 1.097300034E+02 5.872499943E-01 5.103999972E-01 1.315000001E-03
 2.398499928E-04 3.450000077E-05 7.018499970E-01 2.184900000E+04 2.650199951E+03 3.443900146E+02 1.379900055E+02 1.292500000E+02 1.043700027E+02 6.115000248E-01 5.033400059E-01 1.329099992E-03
 2.418999939E-04 3.450000077E-05 6.933500171E-01 1.445400000E+04 1.542800049E+03 3.433399963E+02 1.448500061E+02 1.329299927E+02 7.803600311E+01 6.368200183E-01 4.957199991E-01 1.345400000E-03
 2.439499949E-04 3.450000077E-05 6.845099926E-01 1.740700000E+04 1.732599976E+03 3.420299988E+02 1.518800049E+02 1.366900024E+02 8.938099670E+01 6.631500125E-01 4.875400066E-01 1.362800016E-03
 2.460000105E-04 3.450000077E-05 6.750800014E-01 3.164400000E+04 -1.651099976E+03 3.404500122E+02 1.591699982E+02 1.405099945E+02 1.107699966E+02 6.906599998E-01 4.786100090E-01 1.381800044E-03
 2.480499970E-04 3.450000077E-05 6.648700237E-01 3.002000000E+04 -3.021399902E+03 3.388599854E+02 1.668399963E+02 1.440899963E+02 8.473899841E+01 7.187799811E-01 4.691599905E-01 1.403099974E-03
 2.501000126E-04 3.450000077E-05 6.538299918E-01 2.728200000E+04 6.289600098E+03 3.371700134E+02 1.751100006E+02 1.477500000E+02 7.990200043E+01 7.489100099E-01 4.590800107E-01 1.426800038E-03
 2.521499991E-04 3.450000077E-05 6.414700150E-01 3.078200000E+04 9.817400391E+03 3.352600098E+02 1.840200043E+02 1.515500031E+02 8.920200348E+01 7.814700007E-01 4.478499889E-01 1.454300014E-03
 2.541999856E-04 3.450000077E-05 6.279299855E-01 3.399100000E+04 -2.224899902E+03 3.331000061E+02 1.935299988E+02 1.552899933E+02 9.629900360E+01 8.160200119E-01 4.355799854E-01 1.485700021E-03
 2.562500013E-04 3.450000077E-05 6.128000021E-01 4.922400000E+04 -4.401200195E+03 3.303900146E+02 2.041000061E+02 1.590700073E+02 1.034599991E+02 8.544999957E-01 4.216400087E-01 1.522399951E-03
 2.582999878E-04 3.450000077E-05 5.952000022E-01 5.943400000E+04 -5.222600098E+03 3.271300049E+02 2.160800018E+02 1.628399963E+02 1.054199982E+02 8.979399800E-01 4.054999948E-01 1.567599946E-03
 2.603500034E-04 3.450000077E-05 5.743799806E-01 6.190600000E+04 1.681000000E+03 3.233299866E+02 2.298000031E+02 1.666499939E+02 1.090500031E+02 9.476299882E-01 3.867799938E-01 1.624600030E-03
 2.623999899E-04 3.450000077E-05 5.493000150E-01 7.304300000E+04 5.167600098E+03 3.185000000E+02 2.465500031E+02 1.704600067E+02 1.110100021E+02 1.008299947E+00 3.643899858E-01 1.699300017E-03
 2.644500055E-04 3.450000077E-05 4.879299998E-01 1.062000000E+05 3.021300049E+02 3.051000061E+02 2.860199890E+02 1.742500000E+02 9.513700104E+01 1.089499950E+00 3.359700143E-01 1.806300017E-03
 2.664999920E-04 3.450000077E-05 4.404099882E-01 1.302500000E+05 5.124200195E+03 2.944100037E+02 3.160899963E+02 1.761199951E+02 7.458300018E+01 1.136800051E+00 3.198300004E-01 1.870600041E-03
 2.050000039E-04 3.680000009E-05 8.837400079E-01 -6.914300000E+04 6.332800000E+04 3.142600098E+02 3.634500122E+01 2.282399940E+01 2.186600037E+02 1.454699934E-01 5.783100128E-01 1.055500004E-03
 2.070500050E-04 3.680000009E-05 8.758699894E-01 -7.271700000E+04 7.783100000E+04 3.168900146E+02 3.791099930E+01 2.749900055E+01 2.301999969E+02 1.583500057E-01 5.778999925E-01 1.065099961E-03
 2.091000060E-04 3.680000009E-05 8.601899743E-01 -7.727200000E+04 8.839500000E+04 3.221400146E+02 4.180699921E+01 3.705799866E+01 2.301000061E+02 1.871100068E-01 5.769600272E-01 1.084599993E-03
 2.111500071E-04 3.680000009E-05 8.432499766E-01 -8.366000000E+04 8.586000000E+04 3.275599976E+02 4.726900101E+01 4.703300095E+01 1.941199951E+02 2.212900072E-01 5.750899911E-01 1.106400043E-03
 2.131999936E-04 3.680000009E-05 8.263000250E-01 -7.974900000E+04 9.635600000E+04 3.327600098E+02 5.382899857E+01 5.668999863E+01 1.641100006E+02 2.572799921E-01 5.724800229E-01 1.129099983E-03
 2.152499947E-04 3.680000009E-05 8.109200001E-01 -6.550900000E+04 9.273600000E+04 3.371600037E+02 6.093600082E+01 6.526599884E+01 1.379400024E+02 2.918899953E-01 5.692700148E-01 1.150500029E-03
 2.172999957E-04 3.680000009E-05 7.976099849E-01 -5.844400000E+04 8.118800000E+04 3.406199951E+02 6.822299957E+01 7.274099731E+01 1.073399963E+02 3.243399858E-01 5.656899810E-01 1.169599942E-03
 2.193499968E-04 3.680000009E-05 7.860699892E-01 -4.700700000E+04 7.711200000E+04 3.432799988E+02 7.541100311E+01 7.963099670E+01 1.069899979E+02 3.552800119E-01 5.618900061E-01 1.186799956E-03
 2.213999978E-04 3.680000009E-05 7.752100229E-01 -3.242200000E+04 6.695400000E+04 3.453800049E+02 8.244899750E+01 8.585399628E+01 1.107799988E+02 3.844400048E-01 5.575199723E-01 1.203399966E-03
 2.234499989E-04 3.680000009E-05 7.654600143E-01 -2.339500000E+04 5.312700000E+04 3.468599854E+02 8.918399811E+01 9.122100067E+01 1.020800018E+02 4.111500084E-01 5.528699756E-01 1.218699967E-03
 2.254999999E-04 3.680000009E-05 7.558500171E-01 -1.820300000E+04 3.913900000E+04 3.478800049E+02 9.565200043E+01 9.621700287E+01 1.138300018E+02 4.365999997E-01 5.475400090E-01 1.234199968E-03
 2.275500010E-04 3.680000009E-05 7.480999827E-01 -8.276700195E+03 3.222300000E+04 3.481600037E+02 1.018000031E+02 1.005899963E+02 1.242900009E+02 4.603599906E-01 5.423700213E-01 1.246899948E-03
 2.296000021E-04 3.680000009E-05 7.413100004E-01 9.779000000E+03 2.839500000E+04 3.478500061E+02 1.077600021E+02 1.046299973E+02 1.109700012E+02 4.833700061E-01 5.369700193E-01 1.258400036E-03
 2.316500031E-04 3.680000009E-05 7.337200046E-01 1.572100000E+04 1.770100000E+04 3.475100098E+02 1.139100037E+02 1.087600021E+02 9.552999878E+01 5.071099997E-01 5.309600234E-01 1.271400019E-03
 2.337000042E-04 3.680000009E-05 7.261400223E-01 1.110600000E+04 4.215899902E+03 3.470799866E+02 1.201999969E+02 1.126299973E+02 9.399900055E+01 5.307000279E-01 5.248200297E-01 1.284600003E-03
 2.357500052E-04 3.680000009E-05 7.182800174E-01 8.262200195E+03 5.881899902E+03 3.464400024E+02 1.265100021E+02 1.162099991E+02 9.830699921E+01 5.539600253E-01 5.181900263E-01 1.298699994E-03
 2.378000063E-04 3.680000009E-05 7.109299898E-01 1.999100000E+04 9.323000000E+03 3.453999939E+02 1.328099976E+02 1.197300034E+02 9.703099823E+01 5.774899721E-01 5.113499761E-01 1.312099979E-03
 2.398499928E-04 3.680000009E-05 7.037100196E-01 3.122700000E+04 2.482899902E+03 3.442900085E+02 1.391600037E+02 1.233300018E+02 9.597799683E+01 6.014999747E-01 5.045199990E-01 1.325599966E-03
 2.418999939E-04 3.680000009E-05 6.955500245E-01 1.865300000E+04 1.227199951E+03 3.433200073E+02 1.457799988E+02 1.267399979E+02 8.512799835E+01 6.257399917E-01 4.972800016E-01 1.341199968E-03
 2.439499949E-04 3.680000009E-05 6.865299940E-01 1.441800000E+04 6.402200195E+03 3.421499939E+02 1.529600067E+02 1.303800049E+02 7.873100281E+01 6.521700025E-01 4.891600013E-01 1.358799986E-03
 2.460000105E-04 3.680000009E-05 6.771199703E-01 2.144100000E+04 1.033500000E+04 3.405799866E+02 1.604799957E+02 1.343099976E+02 8.292800140E+01 6.806100011E-01 4.802399874E-01 1.377700013E-03
 2.480499970E-04 3.680000009E-05 6.669499874E-01 2.422100000E+04 6.365799805E+03 3.388999939E+02 1.681699982E+02 1.377500000E+02 6.627300262E+01 7.087699771E-01 4.706900120E-01 1.398700057E-03
 2.501000126E-04 3.680000009E-05 6.555799842E-01 1.941500000E+04 5.643200195E+03 3.372099915E+02 1.764600067E+02 1.412400055E+02 6.747799683E+01 7.387599945E-01 4.603599906E-01 1.423000009E-03
 2.521499991E-04 3.680000009E-05 6.433299780E-01 2.570100000E+04 9.513799805E+03 3.353200073E+02 1.853500061E+02 1.449199982E+02 7.490499878E+01 7.711899877E-01 4.492299855E-01 1.450099982E-03
 2.541999856E-04 3.680000009E-05 6.295400262E-01 3.659400000E+04 1.611400032E+01 3.331799927E+02 1.950299988E+02 1.485399933E+02 7.427799988E+01 8.061500192E-01 4.368000031E-01 1.481899992E-03
 2.562500013E-04 3.680000009E-05 6.140999794E-01 4.419000000E+04 -6.372500000E+03 3.306099854E+02 2.057700043E+02 1.523399963E+02 8.030000305E+01 8.451899886E-01 4.228099883E-01 1.519200043E-03
 2.582999878E-04 3.680000009E-05 5.965800285E-01 5.413700000E+04 1.215500000E+03 3.273900146E+02 2.177500000E+02 1.560200043E+02 9.579900360E+01 8.886399865E-01 4.067600071E-01 1.564000035E-03
 2.603500034E-04 3.680000009E-05 5.758600235E-01 6.194400000E+04 8.222400391E+03 3.234500122E+02 2.315899963E+02 1.595399933E+02 1.016100006E+02 9.386500120E-01 3.879199922E-01 1.620399999E-03
 2.623999899E-04 3.680000009E-05 5.511599779E-01 8.034300000E+04 8.326400391E+03 3.185899963E+02 2.481900024E+02 1.629499969E+02 1.007600021E+02 9.985499978E-01 3.657299876E-01 1.693499973E-03
 2.644500055E-04 3.680000009E-05 4.892100096E-01 1.144200000E+05 5.168000000E+03 3.050000000E+02 2.876900024E+02 1.662100067E+02 1.005500031E+02 1.079100013E+00 3.371300101E-01 1.800199971E-03
 2.664999920E-04 3.680000009E-05 4.408699870E-01 1.374700000E+05 3.724800049E+03 2.941000061E+02 3.180599976E+02 1.678899994E+02 8.787500000E+01 1.126799941E+00 3.206399977E-01 1.865200000E-03
 2.050000039E-04 3.909999941E-05 8.921999931E-01 -4.865700000E+04 5.261200000E+04 3.104400024E+02 4.024100113E+01 2.071599960E+01 1.993099976E+02 1.543000042E-01 5.767599940E-01 1.045500045E-03
 2.070500050E-04 3.909999941E-05 8.856599927E-01 -5.823300000E+04 6.066100000E+04 3.125499878E+02 4.155699921E+01 2.469799995E+01 2.058699951E+02 1.644899994E-01 5.763900280E-01 1.053299988E-03
 2.091000060E-04 3.909999941E-05 8.725000024E-01 -7.079700000E+04 7.685700000E+04 3.168099976E+02 4.474000168E+01 3.267300034E+01 2.068099976E+02 1.870699972E-01 5.755500197E-01 1.069199992E-03
 2.111500071E-04 3.909999941E-05 8.572999835E-01 -8.518200000E+04 8.454400000E+04 3.215799866E+02 4.922299957E+01 4.101399994E+01 1.833399963E+02 2.146199942E-01 5.740000010E-01 1.088200021E-03
 2.131999936E-04 3.909999941E-05 8.408499956E-01 -8.873400000E+04 9.413200000E+04 3.266300049E+02 5.487300110E+01 4.970500183E+01 1.683300018E+02 2.460000068E-01 5.718399882E-01 1.109499950E-03
 2.152499947E-04 3.909999941E-05 8.251600266E-01 -7.537100000E+04 1.009800000E+05 3.312099915E+02 6.125899887E+01 5.763800049E+01 1.493099976E+02 2.774600089E-01 5.690299869E-01 1.130599994E-03
 2.172999957E-04 3.909999941E-05 8.107699752E-01 -6.836400000E+04 8.994700000E+04 3.350899963E+02 6.806999969E+01 6.482700348E+01 1.212399979E+02 3.082500100E-01 5.656800270E-01 1.150700031E-03
 2.193499968E-04 3.909999941E-05 7.976599932E-01 -5.552600000E+04 8.638500000E+04 3.383200073E+02 7.504699707E+01 7.186799622E+01 1.171999969E+02 3.390800059E-01 5.619000196E-01 1.169599942E-03
 2.213999978E-04 3.909999941E-05 7.854599953E-01 -4.514400000E+04 8.359800000E+04 3.410499878E+02 8.209100342E+01 7.829599762E+01 1.088000031E+02 3.686900139E-01 5.577899814E-01 1.187699963E-03
 2.234499989E-04 3.909999941E-05 7.742000222E-01 -3.906800000E+04 6.561200000E+04 3.432500000E+02 8.894000244E+01 8.410600281E+01 9.550199890E+01 3.965600133E-01 5.533499718E-01 1.204999979E-03
 2.254999999E-04 3.909999941E-05 7.629600167E-01 -2.713200000E+04 4.838200000E+04 3.450599976E+02 9.566200256E+01 8.942099762E+01 9.252100372E+01 4.231100082E-01 5.482000113E-01 1.222699997E-03
 2.275500010E-04 3.909999941E-05 7.537199855E-01 -1.643700000E+04 4.079200000E+04 3.460499878E+02 1.021299973E+02 9.417099762E+01 1.069899979E+02 4.482400119E-01 5.431299806E-01 1.237599994E-03
 2.296000021E-04 3.909999941E-05 7.455499768E-01 -8.511900024E+02 4.054800000E+04 3.462500000E+02 1.083600006E+02 9.845200348E+01 1.080400009E+02 4.722500145E-01 5.375599861E-01 1.251199981E-03
 2.316500031E-04 3.909999941E-05 7.372400165E-01 8.636900391E+03 3.618600000E+04 3.463099976E+02 1.146600037E+02 1.024599991E+02 7.993599701E+01 4.959700108E-01 5.316699743E-01 1.265299972E-03
 2.337000042E-04 3.909999941E-05 7.293400168E-01 4.510200195E+03 2.042200000E+04 3.461600037E+02 1.211200027E+02 1.065100021E+02 7.269799805E+01 5.203300118E-01 5.257400274E-01 1.278999960E-03
 2.357500052E-04 3.909999941E-05 7.212100029E-01 2.724199951E+03 1.529400000E+04 3.458399963E+02 1.275100021E+02 1.102799988E+02 8.047299957E+01 5.441100001E-01 5.194000006E-01 1.293399953E-03
 2.378000063E-04 3.909999941E-05 7.135499716E-01 1.536100000E+04 1.594700000E+04 3.450299988E+02 1.337799988E+02 1.137099991E+02 8.233300018E+01 5.673599839E-01 5.126799941E-01 1.307299943E-03
 2.398499928E-04 3.909999941E-05 7.056800127E-01 2.189700000E+04 7.865799805E+03 3.440000000E+02 1.402799988E+02 1.173600006E+02 9.290899658E+01 5.918999910E-01 5.055099726E-01 1.321900054E-03
 2.418999939E-04 3.909999941E-05 6.971700191E-01 1.554600000E+04 8.556199951E+02 3.430599976E+02 1.469700012E+02 1.208700027E+02 1.050100021E+02 6.166300178E-01 4.980599880E-01 1.337999944E-03
 2.439499949E-04 3.909999941E-05 6.880800128E-01 2.047500000E+04 1.738500000E+03 3.419200134E+02 1.540099945E+02 1.242500000E+02 8.708599854E+01 6.423000097E-01 4.899199903E-01 1.355699962E-03
 2.460000105E-04 3.909999941E-05 6.785500050E-01 2.470700000E+04 7.863000000E+03 3.404700012E+02 1.615599976E+02 1.279599991E+02 8.025900269E+01 6.704000235E-01 4.810999930E-01 1.374799991E-03
 2.480499970E-04 3.909999941E-05 6.686400175E-01 2.667200000E+04 5.027899902E+03 3.389200134E+02 1.694299927E+02 1.314499969E+02 7.334600067E+01 6.991500258E-01 4.719099998E-01 1.395200030E-03
 2.501000126E-04 3.909999941E-05 6.571000218E-01 1.990200000E+04 3.118300049E+03 3.373299866E+02 1.778000031E+02 1.348699951E+02 6.109199905E+01 7.293000221E-01 4.615899920E-01 1.419699984E-03
 2.521499991E-04 3.909999941E-05 6.445699930E-01 2.323200000E+04 5.893000000E+03 3.354700012E+02 1.868000031E+02 1.384299927E+02 6.855999756E+01 7.619100213E-01 4.503000081E-01 1.447299961E-03
 2.541999856E-04 3.909999941E-05 6.310899854E-01 3.425800000E+04 -1.298000000E+03 3.331799927E+02 1.965399933E+02 1.418899994E+02 8.000700378E+01 7.971100211E-01 4.378699958E-01 1.478299964E-03
 2.562500013E-04 3.909999941E-05 6.157600284E-01 3.865200000E+04 -6.972399902E+03 3.305400085E+02 2.071999969E+02 1.455299988E+02 7.781600189E+01 8.359500170E-01 4.238600135E-01 1.515100012E-03
 2.582999878E-04 3.909999941E-05 5.983200073E-01 5.599000000E+04 -2.378899902E+03 3.275100098E+02 2.190700073E+02 1.490399933E+02 8.762000275E+01 8.788099885E-01 4.080899954E-01 1.559400000E-03
 2.603500034E-04 3.909999941E-05 5.773299932E-01 6.759000000E+04 -3.773500000E+03 3.238200073E+02 2.330500031E+02 1.524700012E+02 1.050800018E+02 9.289699793E-01 3.893499970E-01 1.616399968E-03
 2.623999899E-04 3.909999941E-05 5.523599982E-01 8.722200000E+04 2.786699951E+03 3.189500122E+02 2.499299927E+02 1.557700043E+02 9.774600220E+01 9.899500012E-01 3.669399917E-01 1.689799945E-03
 2.644500055E-04 3.909999941E-05 4.898799956E-01 1.204800000E+05 2.901800049E+03 3.050899963E+02 2.897399902E+02 1.587500000E+02 9.136699677E+01 1.071200013E+00 3.379800022E-01 1.796799945E-03
 2.664999920E-04 3.909999941E-05 4.408800006E-01 1.368000000E+05 -7.910000000E+03 2.940899963E+02 3.203099976E+02 1.602200012E+02 8.524099731E+01 1.118999958E+00 3.212499917E-01 1.862599980E-03
 2.050000039E-04 4.139999874E-05 8.984799981E-01 -3.443500000E+04 3.244500000E+04 3.074500122E+02 4.433100128E+01 1.926399994E+01 1.711499939E+02 1.655099988E-01 5.752199888E-01 1.038199989E-03
 2.070500050E-04 4.139999874E-05 8.933500051E-01 -4.656900000E+04 4.441200000E+04 3.090499878E+02 4.529199982E+01 2.251899910E+01 1.842599945E+02 1.729799956E-01 5.748999715E-01 1.044200035E-03
 2.091000060E-04 4.139999874E-05 8.824200034E-01 -6.289400000E+04 6.748600000E+04 3.124299927E+02 4.787599945E+01 2.913999939E+01 1.921399994E+02 1.905599982E-01 5.740699768E-01 1.057200017E-03
 2.111500071E-04 4.139999874E-05 8.688899875E-01 -7.870600000E+04 7.520400000E+04 3.164299927E+02 5.168999863E+01 3.616600037E+01 1.858500061E+02 2.130600065E-01 5.724800229E-01 1.073700027E-03
 2.131999936E-04 4.139999874E-05 8.542699814E-01 -8.226800000E+04 7.934900000E+04 3.207600098E+02 5.654199982E+01 4.373300171E+01 1.854299927E+02 2.397000045E-01 5.705299973E-01 1.092100050E-03
 2.152499947E-04 4.139999874E-05 8.393200040E-01 -7.254200000E+04 9.232800000E+04 3.250599976E+02 6.220800018E+01 5.093999863E+01 1.506699982E+02 2.677400112E-01 5.680599809E-01 1.111499965E-03
 2.172999957E-04 4.139999874E-05 8.238300085E-01 -7.263100000E+04 9.395500000E+04 3.291700134E+02 6.841000366E+01 5.771400070E+01 1.127799988E+02 2.961399853E-01 5.646399856E-01 1.132400008E-03
 2.193499968E-04 4.139999874E-05 8.102599978E-01 -6.356800000E+04 9.455800000E+04 3.326700134E+02 7.485800171E+01 6.451100159E+01 1.094599991E+02 3.252100050E-01 5.612499714E-01 1.151400036E-03
 2.213999978E-04 4.139999874E-05 7.971799970E-01 -4.954200000E+04 9.050800000E+04 3.358699951E+02 8.149900055E+01 7.089600372E+01 1.072399979E+02 3.537699878E-01 5.574899912E-01 1.170299947E-03
 2.234499989E-04 4.139999874E-05 7.847399712E-01 -4.173100000E+04 7.551600000E+04 3.386099854E+02 8.822000122E+01 7.686100006E+01 9.503700256E+01 3.816399872E-01 5.532799959E-01 1.188799972E-03
 2.254999999E-04 4.139999874E-05 7.729099989E-01 -3.321500000E+04 6.559300000E+04 3.408399963E+02 9.507599640E+01 8.229299927E+01 8.362400055E+01 4.087899923E-01 5.485299826E-01 1.206999994E-03
 2.275500010E-04 4.139999874E-05 7.616000175E-01 -2.082800000E+04 5.622300000E+04 3.426300049E+02 1.019000015E+02 8.733799744E+01 8.390899658E+01 4.351499975E-01 5.433700085E-01 1.224900014E-03
 2.296000021E-04 4.139999874E-05 7.513999939E-01 -7.144200195E+03 4.589000000E+04 3.436700134E+02 1.085800018E+02 9.201000214E+01 7.976599884E+01 4.607900083E-01 5.377200246E-01 1.241500024E-03
 2.316500031E-04 4.139999874E-05 7.423200011E-01 4.044700012E+02 4.594400000E+04 3.442500000E+02 1.151100006E+02 9.602600098E+01 6.661199951E+01 4.849300086E-01 5.321300030E-01 1.256700023E-03
 2.337000042E-04 4.139999874E-05 7.340499759E-01 1.252599976E+03 3.360600000E+04 3.444599915E+02 1.215500031E+02 1.000699997E+02 5.543000031E+01 5.091699958E-01 5.265200138E-01 1.270800014E-03
 2.357500052E-04 4.139999874E-05 7.255100012E-01 6.419799805E+03 2.842800000E+04 3.443900146E+02 1.281000061E+02 1.041100006E+02 6.168000031E+01 5.338799953E-01 5.202900171E-01 1.285800012E-03
 2.378000063E-04 4.139999874E-05 7.169899940E-01 1.704400000E+04 3.417500000E+04 3.440899963E+02 1.346199951E+02 1.076999969E+02 8.134100342E+01 5.578299761E-01 5.137400031E-01 1.301100012E-03
 2.398499928E-04 4.139999874E-05 7.079799771E-01 1.668900000E+04 2.224000000E+04 3.433699951E+02 1.412500000E+02 1.113399963E+02 8.814600372E+01 5.825799704E-01 5.062299967E-01 1.317600021E-03
 2.418999939E-04 4.139999874E-05 6.993899941E-01 1.745700000E+04 1.019900000E+04 3.423900146E+02 1.479600067E+02 1.149599991E+02 9.067400360E+01 6.077899933E-01 4.986599982E-01 1.333800028E-03
 2.439499949E-04 4.139999874E-05 6.904199719E-01 2.790100000E+04 4.656700195E+03 3.413299866E+02 1.548699951E+02 1.181800003E+02 9.017400360E+01 6.328999996E-01 4.907400012E-01 1.351100043E-03
 2.460000105E-04 4.139999874E-05 6.802999973E-01 2.368500000E+04 1.806800049E+03 3.401900024E+02 1.623200073E+02 1.215800018E+02 9.183200073E+01 6.599699855E-01 4.819400012E-01 1.371299964E-03
 2.480499970E-04 4.139999874E-05 6.701499820E-01 2.595200000E+04 1.556300049E+03 3.388200073E+02 1.702700043E+02 1.250000000E+02 8.698300171E+01 6.887800097E-01 4.728400111E-01 1.392000006E-03
 2.501000126E-04 4.139999874E-05 6.586599946E-01 3.036200000E+04 3.097500000E+03 3.372200012E+02 1.788699951E+02 1.283800049E+02 7.143199921E+01 7.196300030E-01 4.625400007E-01 1.416299958E-03
 2.521499991E-04 4.139999874E-05 6.462200284E-01 2.907500000E+04 3.623800049E+03 3.353699951E+02 1.879400024E+02 1.318699951E+02 6.772200012E+01 7.524600029E-01 4.513199925E-01 1.443600049E-03
 2.541999856E-04 4.139999874E-05 6.328099966E-01 3.399100000E+04 1.462400024E+03 3.331400146E+02 1.976399994E+02 1.352400055E+02 7.901000214E+01 7.875499725E-01 4.390099943E-01 1.474300050E-03
 2.562500013E-04 4.139999874E-05 6.169499755E-01 3.747400000E+04 -1.118099976E+03 3.305799866E+02 2.084900055E+02 1.386900024E+02 8.593900299E+01 8.266699910E-01 4.247300029E-01 1.512199990E-03
 2.582999878E-04 4.139999874E-05 5.999699831E-01 5.258900000E+04 -5.350299805E+03 3.275199890E+02 2.203800049E+02 1.420800018E+02 8.548699951E+01 8.696699739E-01 4.092299938E-01 1.555099967E-03
 2.603500034E-04 4.139999874E-05 5.793700218E-01 6.779700000E+04 -7.486899902E+03 3.237699890E+02 2.342400055E+02 1.454400024E+02 9.810600281E+01 9.197999835E-01 3.906700015E-01 1.610700041E-03
 2.623999899E-04 4.139999874E-05 5.532100201E-01 8.390900000E+04 7.906799927E+02 3.190199890E+02 2.514600067E+02 1.486399994E+02 9.507900238E+01 9.817900062E-01 3.675900102E-01 1.687300042E-03
 2.644500055E-04 4.139999874E-05 4.899199903E-01 1.212300000E+05 -1.385000000E+03 3.052200012E+02 2.916700134E+02 1.515899963E+02 7.527899933E+01 1.063699961E+00 3.385699987E-01 1.795000047E-03
 2.664999920E-04 4.139999874E-05 4.407899976E-01 1.472500000E+05 -8.182399902E+03 2.941499939E+02 3.223299866E+02 1.530000000E+02 6.597599792E+01 1.111099958E+00 3.220899999E-01 1.859499956E-03
 2.050000039E-04 4.370000170E-05 9.029200077E-01 -2.069400000E+04 2.162800000E+04 3.050899963E+02 4.892399979E+01 1.855599976E+01 1.819499969E+02 1.798399985E-01 5.736399889E-01 1.033099950E-03
 2.070500050E-04 4.370000170E-05 8.992000222E-01 -2.970700000E+04 3.113100000E+04 3.061400146E+02 4.966699982E+01 2.096500015E+01 1.778500061E+02 1.851200014E-01 5.732300282E-01 1.037399983E-03
 2.091000060E-04 4.370000170E-05 8.905599713E-01 -4.813400000E+04 5.134600000E+04 3.086199951E+02 5.174100113E+01 2.622900009E+01 1.657299957E+02 1.984200031E-01 5.722900033E-01 1.047499944E-03
 2.111500071E-04 4.370000170E-05 8.791999817E-01 -5.982300000E+04 6.040800000E+04 3.117399902E+02 5.481100082E+01 3.217800140E+01 1.693899994E+02 2.162699997E-01 5.706899762E-01 1.061100047E-03
 2.131999936E-04 4.370000170E-05 8.667500019E-01 -6.197600000E+04 6.642800000E+04 3.151400146E+02 5.877600098E+01 3.872100067E+01 1.828000031E+02 2.381500006E-01 5.687400103E-01 1.076300046E-03
 2.152499947E-04 4.370000170E-05 8.530700207E-01 -6.143300000E+04 8.186200000E+04 3.189500122E+02 6.362699890E+01 4.524499893E+01 1.560399933E+02 2.624799907E-01 5.665100217E-01 1.093599945E-03
 2.172999957E-04 4.370000170E-05 8.377900124E-01 -6.088300000E+04 9.506800000E+04 3.230199890E+02 6.906400299E+01 5.142499924E+01 1.086900024E+02 2.876200080E-01 5.634599924E-01 1.113599981E-03
 2.193499968E-04 4.370000170E-05 8.240900040E-01 -6.171800000E+04 1.013500000E+05 3.265400085E+02 7.488999939E+01 5.773500061E+01 1.024899979E+02 3.141300082E-01 5.602999926E-01 1.132100006E-03
 2.213999978E-04 4.370000170E-05 8.106099963E-01 -5.320400000E+04 9.528500000E+04 3.298399963E+02 8.114099884E+01 6.385800171E+01 1.013199997E+02 3.412599862E-01 5.566999912E-01 1.150900032E-03
 2.234499989E-04 4.370000170E-05 7.975599766E-01 -4.310400000E+04 9.137900000E+04 3.329200134E+02 8.769000244E+01 6.970099640E+01 1.035599976E+02 3.684999943E-01 5.528600216E-01 1.169699943E-03
 2.254999999E-04 4.370000170E-05 7.847800255E-01 -4.145200000E+04 9.108600000E+04 3.355100098E+02 9.441600037E+01 7.511100006E+01 1.011699982E+02 3.953399956E-01 5.482400060E-01 1.188799972E-03
 2.275500010E-04 4.370000170E-05 7.724099755E-01 -3.201700000E+04 8.336900000E+04 3.379100037E+02 1.012200012E+02 8.019200134E+01 7.097699738E+01 4.216499925E-01 5.434799790E-01 1.207800000E-03
 2.296000021E-04 4.370000170E-05 7.609199882E-01 -1.719100000E+04 7.056300000E+04 3.397200012E+02 1.080599976E+02 8.511699677E+01 6.629900360E+01 4.479500055E-01 5.382599831E-01 1.226000022E-03
 2.316500031E-04 4.370000170E-05 7.497799993E-01 -8.395299805E+03 6.296300000E+04 3.409500122E+02 1.148300018E+02 8.940299988E+01 8.261499786E+01 4.730400145E-01 5.323100090E-01 1.244200044E-03
 2.337000042E-04 4.370000170E-05 7.403699756E-01 -2.721500000E+03 5.049800000E+04 3.417799988E+02 1.214199982E+02 9.346399689E+01 6.910900116E+01 4.974699914E-01 5.269200206E-01 1.260000048E-03
 2.357500052E-04 4.370000170E-05 7.311099768E-01 3.855300049E+03 4.095600000E+04 3.422000122E+02 1.280700073E+02 9.763200378E+01 6.131299973E+01 5.225099921E-01 5.209699869E-01 1.276000054E-03
 2.378000063E-04 4.370000170E-05 7.212700248E-01 8.129600098E+03 4.343200000E+04 3.423999939E+02 1.348600006E+02 1.016200027E+02 6.476499939E+01 5.477200150E-01 5.142599940E-01 1.293399953E-03
 2.398499928E-04 4.370000170E-05 7.116000056E-01 1.200200000E+04 3.487900000E+04 3.421499939E+02 1.417100067E+02 1.052900009E+02 5.432400131E+01 5.728399754E-01 5.070099831E-01 1.310899970E-03
 2.418999939E-04 4.370000170E-05 7.025499940E-01 1.836000000E+04 2.090900000E+04 3.414299927E+02 1.486399994E+02 1.087799988E+02 6.983200073E+01 5.983200073E-01 4.995000064E-01 1.327799982E-03
 2.439499949E-04 4.370000170E-05 6.931200027E-01 2.065400000E+04 1.341800000E+04 3.406099854E+02 1.557500000E+02 1.120800018E+02 7.733000183E+01 6.240500212E-01 4.916200042E-01 1.345900004E-03
 2.460000105E-04 4.370000170E-05 6.825699806E-01 1.851100000E+04 9.367299805E+03 3.397200012E+02 1.631699982E+02 1.154100037E+02 8.432099915E+01 6.508299708E-01 4.828799963E-01 1.366700046E-03
 2.480499970E-04 4.370000170E-05 6.717100143E-01 2.556600000E+04 4.527700195E+03 3.383800049E+02 1.710700073E+02 1.186900024E+02 9.004799652E+01 6.793599725E-01 4.733200073E-01 1.388799981E-03
 2.501000126E-04 4.370000170E-05 6.603299975E-01 3.724400000E+04 4.660299805E+03 3.367999878E+02 1.795000000E+02 1.218499985E+02 7.478800201E+01 7.095299959E-01 4.631299973E-01 1.412800048E-03
 2.521499991E-04 4.370000170E-05 6.481599808E-01 3.787300000E+04 8.437400391E+03 3.351199951E+02 1.884799957E+02 1.250899963E+02 7.592700195E+01 7.416999936E-01 4.523299932E-01 1.439300017E-03
 2.541999856E-04 4.370000170E-05 6.343399882E-01 3.727400000E+04 3.766000000E+03 3.330799866E+02 1.983800049E+02 1.285200043E+02 8.523000336E+01 7.773699760E-01 4.400100112E-01 1.470700023E-03
 2.562500013E-04 4.370000170E-05 6.181700230E-01 4.175400000E+04 -6.818900299E+01 3.305299988E+02 2.093999939E+02 1.318500061E+02 8.169799805E+01 8.169699907E-01 4.255000055E-01 1.509299967E-03
 2.582999878E-04 4.370000170E-05 6.011199951E-01 4.738000000E+04 -3.232399902E+03 3.274700012E+02 2.213899994E+02 1.351000061E+02 7.569699860E+01 8.602799773E-01 4.099499881E-01 1.552099944E-03
 2.603500034E-04 4.370000170E-05 5.809800029E-01 6.127100000E+04 -8.249199829E+02 3.236099854E+02 2.352500000E+02 1.384600067E+02 8.077200317E+01 9.108800292E-01 3.915599883E-01 1.606200007E-03
 2.623999899E-04 4.370000170E-05 5.549200177E-01 7.731200000E+04 3.367000000E+03 3.188200073E+02 2.524499969E+02 1.414600067E+02 8.153099823E+01 9.729200006E-01 3.684900105E-01 1.682100003E-03
 2.644500055E-04 4.370000170E-05 4.908899963E-01 1.160000000E+05 -2.247700043E+02 3.050199890E+02 2.929899902E+02 1.442200012E+02 6.155599976E+01 1.055400014E+00 3.393499851E-01 1.790200011E-03
 2.664999920E-04 4.370000170E-05 4.413799942E-01 1.489500000E+05 4.040199890E+02 2.937600098E+02 3.239400024E+02 1.455700073E+02 4.725299835E+01 1.103600025E+00 3.227699995E-01 1.854200033E-03
 2.050000039E-04 4.600000102E-05 9.063500166E-01 -1.043900000E+04 2.597500000E+04 3.031300049E+02 5.376699829E+01 1.769300079E+01 1.681799927E+02 1.951700002E-01 5.721200109E-01 1.029200037E-03
 2.070500050E-04 4.600000102E-05 9.034299850E-01 -1.797400000E+04 2.666100000E+04 3.038200073E+02 5.443099976E+01 1.966900063E+01 1.661499939E+02 1.994200051E-01 5.715699792E-01 1.032499946E-03
 2.091000060E-04 4.600000102E-05 8.969500065E-01 -3.121700000E+04 3.791900000E+04 3.056099854E+02 5.605699921E+01 2.411300087E+01 1.593300018E+02 2.096700072E-01 5.708000064E-01 1.040000003E-03
 2.111500071E-04 4.600000102E-05 8.879799843E-01 -3.684500000E+04 4.805300000E+04 3.078500061E+02 5.834899902E+01 2.921699905E+01 1.613200073E+02 2.233799994E-01 5.692300200E-01 1.050499966E-03
 2.131999936E-04 4.600000102E-05 8.775200248E-01 -4.256200000E+04 5.642000000E+04 3.104599915E+02 6.147999954E+01 3.468899918E+01 1.735899963E+02 2.406100035E-01 5.672900081E-01 1.063099946E-03
 2.152499947E-04 4.600000102E-05 8.658599854E-01 -5.224900000E+04 7.151600000E+04 3.135799866E+02 6.550800323E+01 4.039199829E+01 1.583699951E+02 2.609699965E-01 5.653499961E-01 1.077400055E-03
 2.172999957E-04 4.600000102E-05 8.522499800E-01 -4.978800000E+04 8.497600000E+04 3.170299988E+02 7.025099945E+01 4.594200134E+01 1.210000000E+02 2.830300033E-01 5.625799894E-01 1.094699954E-03
 2.193499968E-04 4.600000102E-05 8.386899829E-01 -4.935100000E+04 9.411400000E+04 3.203699951E+02 7.545400238E+01 5.168799973E+01 1.131399994E+02 3.067600131E-01 5.594599843E-01 1.112399972E-03
 2.213999978E-04 4.600000102E-05 8.250600100E-01 -5.508200000E+04 9.578400000E+04 3.236400146E+02 8.117400360E+01 5.729199982E+01 1.091699982E+02 3.315199912E-01 5.559700131E-01 1.130799996E-03
 2.234499989E-04 4.600000102E-05 8.114899993E-01 -4.919800000E+04 9.959400000E+04 3.268200073E+02 8.746600342E+01 6.280899811E+01 1.088199997E+02 3.575400114E-01 5.522000194E-01 1.149700023E-03
 2.254999999E-04 4.600000102E-05 7.978000045E-01 -4.484300000E+04 1.052200000E+05 3.297300110E+02 9.403800201E+01 6.820800018E+01 1.091800003E+02 3.839899898E-01 5.477300286E-01 1.169400057E-03
 2.275500010E-04 4.600000102E-05 7.847499847E-01 -4.431400000E+04 1.051700000E+05 3.325499878E+02 1.006900024E+02 7.313099670E+01 8.476300049E+01 4.095999897E-01 5.433899760E-01 1.188799972E-03
 2.296000021E-04 4.600000102E-05 7.725200057E-01 -3.576700000E+04 9.749300000E+04 3.348399963E+02 1.074300003E+02 7.810399628E+01 7.160700226E+01 4.356600046E-01 5.386099815E-01 1.207599998E-03
 2.316500031E-04 4.600000102E-05 7.601199746E-01 -2.230500000E+04 8.679300000E+04 3.365899963E+02 1.141699982E+02 8.268099976E+01 8.996299744E+01 4.611499906E-01 5.327500105E-01 1.227300032E-03
 2.337000042E-04 4.600000102E-05 7.487499714E-01 -1.709600000E+04 7.074100000E+04 3.380199890E+02 1.208300018E+02 8.686499786E+01 8.600499725E+01 4.857900143E-01 5.270100236E-01 1.245900057E-03
 2.357500052E-04 4.600000102E-05 7.382299900E-01 -1.167300000E+04 5.927200000E+04 3.390100098E+02 1.275500031E+02 9.101899719E+01 7.494499969E+01 5.107899904E-01 5.211399794E-01 1.263599959E-03
 2.378000063E-04 4.600000102E-05 7.277299762E-01 -8.324599609E+03 5.419100000E+04 3.395799866E+02 1.345700073E+02 9.497399902E+01 6.941999817E+01 5.364800096E-01 5.145800114E-01 1.281899982E-03
 2.398499928E-04 4.600000102E-05 7.174299955E-01 -3.799100098E+03 4.608300000E+04 3.398900146E+02 1.417899933E+02 9.871800232E+01 6.155899811E+01 5.624700189E-01 5.077700019E-01 1.300300006E-03
 2.418999939E-04 4.600000102E-05 7.069799900E-01 1.002000000E+04 3.849000000E+04 3.397300110E+02 1.490899963E+02 1.024100037E+02 7.853299713E+01 5.889999866E-01 5.001500249E-01 1.319500036E-03
 2.439499949E-04 4.600000102E-05 6.967599988E-01 1.066400000E+04 2.896600000E+04 3.391600037E+02 1.563899994E+02 1.058600006E+02 7.432199860E+01 6.154900193E-01 4.920899868E-01 1.338899950E-03
 2.460000105E-04 4.600000102E-05 6.864500046E-01 1.419500000E+04 2.574000000E+04 3.384400024E+02 1.638699951E+02 1.091100006E+02 6.935099792E+01 6.422899961E-01 4.837900102E-01 1.358999987E-03
 2.480499970E-04 4.600000102E-05 6.747699976E-01 2.428700000E+04 2.228200000E+04 3.372900085E+02 1.718999939E+02 1.123000031E+02 7.895800018E+01 6.710699797E-01 4.739499986E-01 1.382500050E-03
 2.501000126E-04 4.600000102E-05 6.629499793E-01 3.376800000E+04 1.737800000E+04 3.358999939E+02 1.803200073E+02 1.153300018E+02 7.466899872E+01 7.009999752E-01 4.637199938E-01 1.407200005E-03
 2.521499991E-04 4.600000102E-05 6.503000259E-01 3.562700000E+04 1.322600000E+04 3.345100098E+02 1.892599945E+02 1.184499969E+02 6.962799835E+01 7.327100039E-01 4.530000091E-01 1.434599981E-03
 2.541999856E-04 4.600000102E-05 6.358900070E-01 3.122500000E+04 7.327100098E+03 3.326400146E+02 1.991300049E+02 1.218700027E+02 8.149900055E+01 7.683200240E-01 4.404999912E-01 1.467099995E-03
 2.562500013E-04 4.600000102E-05 6.198899746E-01 3.797200000E+04 1.996500000E+03 3.301199951E+02 2.101300049E+02 1.249599991E+02 7.866699982E+01 8.076699972E-01 4.261600077E-01 1.505100052E-03
 2.582999878E-04 4.600000102E-05 6.025699973E-01 4.831500000E+04 -4.270500000E+03 3.272399902E+02 2.221199951E+02 1.279800034E+02 6.649700165E+01 8.506000042E-01 4.106500149E-01 1.548400032E-03
 2.603500034E-04 4.600000102E-05 5.824099779E-01 5.904600000E+04 2.832600098E+03 3.235100098E+02 2.360200043E+02 1.312799988E+02 7.629799652E+01 9.013500214E-01 3.924100101E-01 1.602199976E-03
 2.623999899E-04 4.600000102E-05 5.568900108E-01 7.933800000E+04 4.389799805E+03 3.185599976E+02 2.532799988E+02 1.342400055E+02 7.289900208E+01 9.641399980E-01 3.695000112E-01 1.676099957E-03
 2.644500055E-04 4.600000102E-05 4.924100041E-01 1.198600000E+05 -1.001399994E+02 3.045599976E+02 2.939800110E+02 1.368500061E+02 5.070800018E+01 1.047299981E+00 3.401300013E-01 1.783899963E-03
 2.664999920E-04 4.600000102E-05 4.420999885E-01 1.455800000E+05 3.339199951E+03 2.932799988E+02 3.251600037E+02 1.381300049E+02 4.156499863E+01 1.095900059E+00 3.233200014E-01 1.848999993E-03
 2.050000039E-04 4.830000034E-05 9.086800218E-01 -1.211000000E+04 2.648800000E+04 3.015899963E+02 5.854000092E+01 1.684300041E+01 1.371699982E+02 2.105399966E-01 5.706700087E-01 1.026600017E-03
 2.070500050E-04 4.830000034E-05 9.062399864E-01 -1.285500000E+04 2.707300000E+04 3.020499878E+02 5.901800156E+01 1.868799973E+01 1.418300018E+02 2.138800025E-01 5.699999928E-01 1.029300038E-03
 2.091000060E-04 4.830000034E-05 9.007899761E-01 -2.325300000E+04 3.312700000E+04 3.032900085E+02 6.024800110E+01 2.270999908E+01 1.527400055E+02 2.220200002E-01 5.688999891E-01 1.035599969E-03
 2.111500071E-04 4.830000034E-05 8.939999938E-01 -2.988100000E+04 3.628700000E+04 3.048699951E+02 6.213100052E+01 2.701000023E+01 1.502200012E+02 2.330099940E-01 5.675500035E-01 1.043400029E-03
 2.131999936E-04 4.830000034E-05 8.859599829E-01 -2.977900000E+04 4.273700000E+04 3.067699890E+02 6.472699738E+01 3.147299957E+01 1.448500061E+02 2.467799932E-01 5.659400225E-01 1.052899985E-03
 2.152499947E-04 4.830000034E-05 8.758299947E-01 -4.017600000E+04 5.644800000E+04 3.091799927E+02 6.811699677E+01 3.631800079E+01 1.381000061E+02 2.636199892E-01 5.638399720E-01 1.065099961E-03
 2.172999957E-04 4.830000034E-05 8.639600277E-01 -4.547700000E+04 6.689300000E+04 3.119299927E+02 7.219699860E+01 4.136000061E+01 1.270500031E+02 2.828600109E-01 5.611500144E-01 1.079799957E-03
 2.193499968E-04 4.830000034E-05 8.515899777E-01 -4.384900000E+04 8.403500000E+04 3.148200073E+02 7.671700287E+01 4.656999969E+01 1.263399963E+02 3.036600053E-01 5.582299829E-01 1.095499960E-03
 2.213999978E-04 4.830000034E-05 8.388599753E-01 -4.765700000E+04 9.086800000E+04 3.177999878E+02 8.176699829E+01 5.147100067E+01 1.180400009E+02 3.253499866E-01 5.550799966E-01 1.112099970E-03
 2.234499989E-04 4.830000034E-05 8.256599903E-01 -4.423100000E+04 8.816500000E+04 3.207699890E+02 8.736399841E+01 5.639699936E+01 9.786299896E+01 3.485200107E-01 5.514500141E-01 1.129899989E-03
 2.254999999E-04 4.830000034E-05 8.116999865E-01 -4.318700000E+04 9.478500000E+04 3.236900024E+02 9.349600220E+01 6.163700104E+01 9.094899750E+01 3.735899925E-01 5.470600128E-01 1.149400021E-03
 2.275500010E-04 4.830000034E-05 7.978799939E-01 -4.587800000E+04 1.004100000E+05 3.266499939E+02 9.987899780E+01 6.648200226E+01 9.075599670E+01 3.984400034E-01 5.426700115E-01 1.169300056E-03
 2.296000021E-04 4.830000034E-05 7.845500112E-01 -4.059700000E+04 9.460800000E+04 3.293099976E+02 1.065000000E+02 7.126699829E+01 8.018699646E+01 4.238300025E-01 5.379599929E-01 1.189099974E-03
 2.316500031E-04 4.830000034E-05 7.717099786E-01 -3.352300000E+04 8.734600000E+04 3.315100098E+02 1.133399963E+02 7.588899994E+01 7.940399933E+01 4.496200085E-01 5.326899886E-01 1.208900008E-03
 2.337000042E-04 4.830000034E-05 7.594000101E-01 -3.055100000E+04 8.311300000E+04 3.332500000E+02 1.200899963E+02 8.022200012E+01 7.908000183E+01 4.748399854E-01 5.269399881E-01 1.228500041E-03
 2.357500052E-04 4.830000034E-05 7.474700212E-01 -2.693800000E+04 7.552600000E+04 3.347000122E+02 1.269700012E+02 8.430000305E+01 8.259500122E+01 5.000000000E-01 5.209400058E-01 1.248099958E-03
 2.378000063E-04 4.830000034E-05 7.361599803E-01 -2.001700000E+04 6.452200000E+04 3.357399902E+02 1.340399933E+02 8.807199860E+01 7.957399750E+01 5.253599882E-01 5.146600008E-01 1.267199987E-03
 2.398499928E-04 4.830000034E-05 7.250499725E-01 -9.760599609E+03 5.169700000E+04 3.364299927E+02 1.412899933E+02 9.196099854E+01 8.188700104E+01 5.516099930E-01 5.079399943E-01 1.286600018E-03
 2.418999939E-04 4.830000034E-05 7.132999897E-01 -9.182600098E+02 4.979100000E+04 3.368699951E+02 1.488200073E+02 9.576200104E+01 9.289700317E+01 5.787100196E-01 5.003600121E-01 1.307799947E-03
 2.439499949E-04 4.830000034E-05 7.023400068E-01 6.158300171E+02 4.747500000E+04 3.367399902E+02 1.564100037E+02 9.921900177E+01 8.095099640E+01 6.058200002E-01 4.924899936E-01 1.328199985E-03
 2.460000105E-04 4.830000034E-05 6.916199923E-01 8.751200195E+03 4.397600000E+04 3.363099976E+02 1.641499939E+02 1.025500031E+02 6.838300323E+01 6.334599853E-01 4.843600094E-01 1.348800026E-03
 2.480499970E-04 4.830000034E-05 6.792700291E-01 1.789800000E+04 3.500200000E+04 3.355299988E+02 1.723899994E+02 1.056999969E+02 7.168800354E+01 6.625800133E-01 4.746100008E-01 1.373399980E-03
 2.501000126E-04 4.830000034E-05 6.663100123E-01 2.364800000E+04 2.506500000E+04 3.344200134E+02 1.810099945E+02 1.087600021E+02 7.612899780E+01 6.930800080E-01 4.640200138E-01 1.400099951E-03
 2.521499991E-04 4.830000034E-05 6.528999805E-01 2.178800000E+04 2.257600000E+04 3.330899963E+02 1.901100006E+02 1.120299988E+02 6.454699707E+01 7.257099748E-01 4.528700113E-01 1.428900054E-03
 2.541999856E-04 4.830000034E-05 6.388300061E-01 2.425100000E+04 2.347200000E+04 3.313800049E+02 1.997799988E+02 1.151900024E+02 5.614799881E+01 7.603600025E-01 4.408400059E-01 1.460399944E-03
 2.562500013E-04 4.830000034E-05 6.230700016E-01 3.346500000E+04 2.109300000E+04 3.292200012E+02 2.105200043E+02 1.179400024E+02 6.357899857E+01 7.982500196E-01 4.271700084E-01 1.497399993E-03
 2.582999878E-04 4.830000034E-05 6.052200198E-01 3.961800000E+04 1.058100000E+04 3.264899902E+02 2.225200043E+02 1.208000031E+02 6.815599823E+01 8.410800099E-01 4.115099907E-01 1.541599981E-03
 2.603500034E-04 4.830000034E-05 5.844699740E-01 5.503900000E+04 9.982799805E+03 3.229700012E+02 2.365000000E+02 1.239700012E+02 7.110500336E+01 8.918700218E-01 3.931300044E-01 1.596600050E-03
 2.623999899E-04 4.830000034E-05 5.587900281E-01 7.976100000E+04 7.794299805E+03 3.181900024E+02 2.537400055E+02 1.269300003E+02 7.453099823E+01 9.548299909E-01 3.703300059E-01 1.670400030E-03
 2.644500055E-04 4.830000034E-05 4.938099980E-01 1.216000000E+05 6.690200195E+03 3.040599976E+02 2.946700134E+02 1.294600067E+02 5.525600052E+01 1.038400054E+00 3.409599960E-01 1.777300029E-03
 2.664999920E-04 4.830000034E-05 4.429599941E-01 1.495500000E+05 1.045800000E+04 2.927099915E+02 3.260799866E+02 1.306300049E+02 3.764400101E+01 1.087100029E+00 3.241899908E-01 1.841900055E-03
 2.050000039E-04 5.059999967E-05 9.090099931E-01 -1.649200000E+04 2.086600000E+04 3.004800110E+02 6.347000122E+01 1.627700043E+01 1.466499939E+02 2.268799990E-01 5.687900186E-01 1.026200014E-03
 2.070500050E-04 5.059999967E-05 9.073200226E-01 -1.018400000E+04 2.751100000E+04 3.008299866E+02 6.380899811E+01 1.804400063E+01 1.362700043E+02 2.295400053E-01 5.683900118E-01 1.028100029E-03
 2.091000060E-04 5.059999967E-05 9.031299949E-01 -1.237700000E+04 2.944300000E+04 3.015799866E+02 6.482199860E+01 2.156900024E+01 1.323000031E+02 2.361900061E-01 5.671700239E-01 1.032899949E-03
 2.111500071E-04 5.059999967E-05 8.983899951E-01 -1.945900000E+04 2.476600000E+04 3.024899902E+02 6.641100311E+01 2.503800011E+01 1.276699982E+02 2.450200021E-01 5.659000278E-01 1.038299990E-03
 2.131999936E-04 5.059999967E-05 8.923000097E-01 -1.974600000E+04 2.943800000E+04 3.036900024E+02 6.859700012E+01 2.885000038E+01 1.312899933E+02 2.564199865E-01 5.642799735E-01 1.045400044E-03
 2.152499947E-04 5.059999967E-05 8.836500049E-01 -2.160300000E+04 4.143500000E+04 3.054400024E+02 7.145700073E+01 3.308499908E+01 1.268199997E+02 2.705299854E-01 5.620200038E-01 1.055700006E-03
 2.172999957E-04 5.059999967E-05 8.736799955E-01 -3.097700000E+04 5.457100000E+04 3.076099854E+02 7.480799866E+01 3.753599930E+01 1.236399994E+02 2.865200043E-01 5.596200228E-01 1.067699981E-03
 2.193499968E-04 5.059999967E-05 8.628399968E-01 -3.715300000E+04 7.081500000E+04 3.099500122E+02 7.866899872E+01 4.213700104E+01 1.301100006E+02 3.043299913E-01 5.568799973E-01 1.081199967E-03
 2.213999978E-04 5.059999967E-05 8.511700034E-01 -3.226600000E+04 7.613300000E+04 3.124800110E+02 8.312300110E+01 4.652600098E+01 1.088000031E+02 3.235000074E-01 5.538200140E-01 1.095999964E-03
 2.234499989E-04 5.059999967E-05 8.388299942E-01 -3.311600000E+04 8.058800000E+04 3.151300049E+02 8.799099731E+01 5.091500092E+01 9.084100342E+01 3.437600136E-01 5.504099727E-01 1.112099970E-03
 2.254999999E-04 5.059999967E-05 8.257099986E-01 -3.874000000E+04 8.888600000E+04 3.178200073E+02 9.342199707E+01 5.563000107E+01 8.842400360E+01 3.661000133E-01 5.464199781E-01 1.129899989E-03
 2.275500010E-04 5.059999967E-05 8.121500015E-01 -4.064700000E+04 8.963800000E+04 3.205199890E+02 9.936199951E+01 6.022499847E+01 7.558200073E+01 3.895500004E-01 5.420100093E-01 1.148700016E-03
 2.296000021E-04 5.059999967E-05 7.985299826E-01 -3.690000000E+04 9.524200000E+04 3.232200012E+02 1.055999985E+02 6.468199921E+01 6.666300201E+01 4.134199917E-01 5.374000072E-01 1.168300048E-03
 2.316500031E-04 5.059999967E-05 7.850599885E-01 -3.178200000E+04 9.448900000E+04 3.256400146E+02 1.121999969E+02 6.911499786E+01 7.464499664E+01 4.383099973E-01 5.322800279E-01 1.188399969E-03
 2.337000042E-04 5.059999967E-05 7.718700171E-01 -2.924200000E+04 9.490600000E+04 3.276400146E+02 1.190599976E+02 7.349800110E+01 7.530999756E+01 4.639500082E-01 5.265799761E-01 1.208700007E-03
 2.357500052E-04 5.059999967E-05 7.590399981E-01 -3.007800000E+04 9.030100000E+04 3.295700073E+02 1.260400009E+02 7.754900360E+01 7.567199707E+01 4.892399907E-01 5.208799839E-01 1.229100046E-03
 2.378000063E-04 5.059999967E-05 7.462700009E-01 -2.392500000E+04 7.118100000E+04 3.310899963E+02 1.330399933E+02 8.139900208E+01 7.123100281E+01 5.144299865E-01 5.144799948E-01 1.250099973E-03
 2.398499928E-04 5.059999967E-05 7.337899804E-01 -1.483500000E+04 5.640300000E+04 3.320899963E+02 1.401699982E+02 8.529399872E+01 7.146800232E+01 5.404000282E-01 5.074099898E-01 1.271400019E-03
 2.418999939E-04 5.059999967E-05 7.215499878E-01 -9.103400391E+03 6.143000000E+04 3.329400024E+02 1.477400055E+02 8.881900024E+01 7.391699982E+01 5.670099854E-01 5.002300143E-01 1.292899949E-03
 2.439499949E-04 5.059999967E-05 7.096899748E-01 -4.489000000E+03 6.528200000E+04 3.334400024E+02 1.555700073E+02 9.228399658E+01 5.683599854E+01 5.945199728E-01 4.927600026E-01 1.314499998E-03
 2.460000105E-04 5.059999967E-05 6.977400184E-01 4.826700195E+03 5.830800000E+04 3.334800110E+02 1.636300049E+02 9.585299683E+01 5.577199936E+01 6.232799888E-01 4.845199883E-01 1.337000052E-03
 2.480499970E-04 5.059999967E-05 6.847400069E-01 1.294000000E+04 4.521000000E+04 3.331000061E+02 1.719900055E+02 9.903700256E+01 6.237799835E+01 6.526499987E-01 4.749599993E-01 1.362400013E-03
 2.501000126E-04 5.059999967E-05 6.712599993E-01 1.217900000E+04 3.482700000E+04 3.322999878E+02 1.806999969E+02 1.020100021E+02 5.273600006E+01 6.832299829E-01 4.644899964E-01 1.389799989E-03
 2.521499991E-04 5.059999967E-05 6.574199796E-01 1.484100000E+04 3.194400000E+04 3.310599976E+02 1.899799957E+02 1.051800003E+02 5.302600098E+01 7.163400054E-01 4.532299936E-01 1.419099979E-03
 2.541999856E-04 5.059999967E-05 6.431900263E-01 2.962200000E+04 3.393900000E+04 3.295499878E+02 1.997799988E+02 1.081600037E+02 4.625000000E+01 7.511399984E-01 4.413999915E-01 1.450499985E-03
 2.562500013E-04 5.059999967E-05 6.274399757E-01 3.848600000E+04 3.881400000E+04 3.276700134E+02 2.104799957E+02 1.108799973E+02 4.575199890E+01 7.888200283E-01 4.281400144E-01 1.487000030E-03
 2.582999878E-04 5.059999967E-05 6.089500189E-01 4.162700000E+04 2.732200000E+04 3.251900024E+02 2.225700073E+02 1.137600021E+02 5.788199997E+01 8.319900036E-01 4.123899937E-01 1.532200025E-03
 2.603500034E-04 5.059999967E-05 5.871999860E-01 5.664700000E+04 1.995600000E+04 3.218999939E+02 2.367100067E+02 1.167399979E+02 5.447399902E+01 8.830199838E-01 3.936600089E-01 1.589199994E-03
 2.623999899E-04 5.059999967E-05 5.610899925E-01 7.354500000E+04 1.862100000E+04 3.173800049E+02 2.538699951E+02 1.194700012E+02 5.837599945E+01 9.454600215E-01 3.709099889E-01 1.663599978E-03
 2.644500055E-04 5.059999967E-05 4.954299927E-01 1.101300000E+05 1.805300000E+04 3.033399963E+02 2.951000061E+02 1.219199982E+02 4.570700073E+01 1.029999971E+00 3.414500058E-01 1.770899980E-03
 2.664999920E-04 5.059999967E-05 4.440799952E-01 1.388300000E+05 2.104800000E+04 2.919700012E+02 3.268800049E+02 1.230699997E+02 2.265299988E+01 1.079900026E+00 3.245599866E-01 1.835700008E-03
 2.050000039E-04 5.289999899E-05 9.087499976E-01 -1.327900000E+04 1.617300000E+04 2.996499939E+02 6.877600098E+01 1.593099976E+01 1.492899933E+02 2.447700053E-01 5.670599937E-01 1.026500016E-03
 2.070500050E-04 5.289999899E-05 9.071199894E-01 -6.837799805E+03 1.946000000E+04 3.000199890E+02 6.910199738E+01 1.756299973E+01 1.365099945E+02 2.471199930E-01 5.667200089E-01 1.028300030E-03
 2.091000060E-04 5.289999899E-05 9.034799933E-01 -4.886799805E+03 2.085100000E+04 3.005899963E+02 6.993900299E+01 2.058600044E+01 1.193099976E+02 2.524299920E-01 5.655199885E-01 1.032499946E-03
 2.111500071E-04 5.289999899E-05 8.999800086E-01 -1.345500000E+04 1.621600000E+04 3.010000000E+02 7.116799927E+01 2.348999977E+01 1.179599991E+02 2.593300045E-01 5.641099811E-01 1.036499976E-03
 2.131999936E-04 5.289999899E-05 8.955699801E-01 -1.511900000E+04 1.848500000E+04 3.014800110E+02 7.294899750E+01 2.676099968E+01 1.307500000E+02 2.686899900E-01 5.622299910E-01 1.041600015E-03
 2.152499947E-04 5.289999899E-05 8.891000152E-01 -1.429800000E+04 2.877700000E+04 3.025700073E+02 7.527899933E+01 3.044400024E+01 1.273899994E+02 2.802799940E-01 5.601800084E-01 1.049199956E-03
 2.172999957E-04 5.289999899E-05 8.812599778E-01 -1.933300000E+04 4.474900000E+04 3.041000061E+02 7.807199860E+01 3.437799835E+01 1.128899994E+02 2.936899960E-01 5.580499768E-01 1.058500027E-03
 2.193499968E-04 5.289999899E-05 8.718799949E-01 -2.424000000E+04 5.161600000E+04 3.058599854E+02 8.140499878E+01 3.844100189E+01 1.169100037E+02 3.090299964E-01 5.552899837E-01 1.069899998E-03
 2.213999978E-04 5.289999899E-05 8.618299961E-01 -2.590300000E+04 5.775700000E+04 3.079100037E+02 8.520700073E+01 4.233800125E+01 1.094700012E+02 3.255000114E-01 5.525599718E-01 1.082399976E-03
 2.234499989E-04 5.289999899E-05 8.506500125E-01 -3.075700000E+04 7.569700000E+04 3.100700073E+02 8.954000092E+01 4.625099945E+01 9.332199860E+01 3.435699940E-01 5.492100120E-01 1.096699969E-03
 2.254999999E-04 5.289999899E-05 8.380299807E-01 -3.502100000E+04 8.152900000E+04 3.124700012E+02 9.447299957E+01 5.037400055E+01 9.749900055E+01 3.635799885E-01 5.452399850E-01 1.113199978E-03
 2.275500010E-04 5.289999899E-05 8.254200220E-01 -3.523400000E+04 8.114000000E+04 3.148299866E+02 9.987699890E+01 5.451300049E+01 8.649299622E+01 3.849399984E-01 5.411000252E-01 1.130199991E-03
 2.296000021E-04 5.289999899E-05 8.127499819E-01 -3.804100000E+04 9.146700000E+04 3.171700134E+02 1.055599976E+02 5.865000153E+01 6.393000031E+01 4.070000052E-01 5.367500186E-01 1.147800009E-03
 2.316500031E-04 5.289999899E-05 7.989400029E-01 -4.017800000E+04 9.473300000E+04 3.195100098E+02 1.116100006E+02 6.287099838E+01 7.038500214E+01 4.301399887E-01 5.315200090E-01 1.167700044E-03
 2.337000042E-04 5.289999899E-05 7.847599983E-01 -3.241500000E+04 9.570800000E+04 3.217300110E+02 1.181200027E+02 6.697899628E+01 7.686900330E+01 4.543899894E-01 5.256999731E-01 1.188799972E-03
 2.357500052E-04 5.289999899E-05 7.714899778E-01 -2.647500000E+04 9.494700000E+04 3.238699951E+02 1.250000000E+02 7.092900085E+01 6.749500275E+01 4.793199897E-01 5.202599764E-01 1.209300011E-03
 2.378000063E-04 5.289999899E-05 7.580699921E-01 -2.405600000E+04 8.319000000E+04 3.256700134E+02 1.320399933E+02 7.489199829E+01 6.679900360E+01 5.048599839E-01 5.140399933E-01 1.230700058E-03
 2.398499928E-04 5.289999899E-05 7.445300221E-01 -2.436400000E+04 7.760800000E+04 3.271000061E+02 1.391399994E+02 7.859999847E+01 7.309600067E+01 5.303099751E-01 5.070999861E-01 1.252999995E-03
 2.418999939E-04 5.289999899E-05 7.313500047E-01 -2.027000000E+04 7.790000000E+04 3.283500061E+02 1.465299988E+02 8.191899872E+01 6.949600220E+01 5.560399890E-01 5.000299811E-01 1.275600051E-03
 2.439499949E-04 5.289999899E-05 7.184399962E-01 -8.359799805E+03 7.448900000E+04 3.292500000E+02 1.543000031E+02 8.526100159E+01 5.451300049E+01 5.831000209E-01 4.925499856E-01 1.298499992E-03
 2.460000105E-04 5.289999899E-05 7.056699991E-01 1.013000000E+03 6.861400000E+04 3.296199951E+02 1.623600006E+02 8.883599854E+01 4.813499832E+01 6.118299961E-01 4.843499959E-01 1.322000055E-03
 2.480499970E-04 5.289999899E-05 6.919800043E-01 3.223500000E+03 6.295900000E+04 3.296700134E+02 1.709499969E+02 9.213700104E+01 4.803300095E+01 6.419600248E-01 4.750300050E-01 1.348200021E-03
 2.501000126E-04 5.289999899E-05 6.778399944E-01 6.188500000E+03 5.142600000E+04 3.292300110E+02 1.800000000E+02 9.507399750E+01 3.877399826E+01 6.733599901E-01 4.647099972E-01 1.376300002E-03
 2.521499991E-04 5.289999899E-05 6.635900140E-01 2.484200000E+04 4.539400000E+04 3.282399902E+02 1.893500061E+02 9.806300354E+01 2.510600090E+01 7.064200044E-01 4.535799921E-01 1.405899995E-03
 2.541999856E-04 5.289999899E-05 6.485400200E-01 3.682300000E+04 5.018200000E+04 3.270799866E+02 1.993300018E+02 1.010199966E+02 3.644300079E+01 7.416300178E-01 4.417200089E-01 1.438500010E-03
 2.562500013E-04 5.289999899E-05 6.320199966E-01 3.593700000E+04 5.298000000E+04 3.255199890E+02 2.102400055E+02 1.039100037E+02 4.851300049E+01 7.801700234E-01 4.284299910E-01 1.476199948E-03
 2.582999878E-04 5.289999899E-05 6.128200293E-01 4.387300000E+04 4.481000000E+04 3.232600098E+02 2.225000000E+02 1.068000031E+02 4.317900085E+01 8.239200115E-01 4.125500023E-01 1.522599952E-03
 2.603500034E-04 5.289999899E-05 5.905500054E-01 5.501400000E+04 3.343800000E+04 3.201900024E+02 2.366999969E+02 1.095299988E+02 4.641299820E+01 8.749099970E-01 3.937900066E-01 1.580200042E-03
 2.623999899E-04 5.289999899E-05 5.641400218E-01 6.970600000E+04 2.641300000E+04 3.159200134E+02 2.538899994E+02 1.120999985E+02 5.005899811E+01 9.373300076E-01 3.712100089E-01 1.654600026E-03
 2.644500055E-04 5.289999899E-05 4.976400137E-01 1.100300000E+05 2.405700000E+04 3.021700134E+02 2.951900024E+02 1.144800034E+02 2.810300064E+01 1.022400022E+00 3.416100144E-01 1.763200038E-03
 2.664999920E-04 5.289999899E-05 4.456500113E-01 1.378600000E+05 2.468800000E+04 2.909400024E+02 3.270000000E+02 1.156200027E+02 4.005400181E+00 1.072700024E+00 3.245300055E-01 1.829299959E-03
 2.050000039E-04 5.519999831E-05 9.086199999E-01 -1.923500000E+03 -3.307800049E+03 2.989899902E+02 7.402899933E+01 1.572500038E+01 1.305299988E+02 2.626900077E-01 5.657200217E-01 1.026600017E-03
 2.070500050E-04 5.519999831E-05 9.068099856E-01 -3.699100098E+03 3.377199951E+03 2.992099915E+02 7.438700104E+01 1.713400078E+01 1.251399994E+02 2.648999989E-01 5.649999976E-01 1.028700033E-03
 2.091000060E-04 5.519999831E-05 9.034299850E-01 -6.961200195E+03 9.297599609E+03 2.996600037E+02 7.519499969E+01 1.975399971E+01 1.135800018E+02 2.695899904E-01 5.637500286E-01 1.032499946E-03
 2.111500071E-04 5.519999831E-05 9.006599784E-01 -7.186299805E+03 1.371400000E+04 2.998999939E+02 7.624700165E+01 2.232500076E+01 1.165800018E+02 2.754000127E-01 5.624600053E-01 1.035699970E-03
 2.131999936E-04 5.519999831E-05 8.970999718E-01 -6.446000000E+03 1.763500000E+04 2.999800110E+02 7.769000244E+01 2.510000038E+01 1.190599976E+02 2.829799950E-01 5.603899956E-01 1.039800001E-03
 2.152499947E-04 5.519999831E-05 8.923299909E-01 -1.396200000E+04 2.279700000E+04 3.005599976E+02 7.952100372E+01 2.825900078E+01 1.258000031E+02 2.922300100E-01 5.584999919E-01 1.045400044E-03
 2.172999957E-04 5.519999831E-05 8.867899776E-01 -1.124200000E+04 3.331100000E+04 3.013699951E+02 8.177600098E+01 3.184199905E+01 1.183199997E+02 3.034799993E-01 5.565099716E-01 1.051899977E-03
 2.193499968E-04 5.519999831E-05 8.795700073E-01 -1.022700000E+04 3.844100000E+04 3.023900146E+02 8.459400177E+01 3.536999893E+01 1.154000015E+02 3.165400028E-01 5.538399816E-01 1.060600043E-03
 2.213999978E-04 5.519999831E-05 8.708099723E-01 -2.325200000E+04 4.553600000E+04 3.039200134E+02 8.789499664E+01 3.876100159E+01 1.145599976E+02 3.307900131E-01 5.510900021E-01 1.071200008E-03
 2.234499989E-04 5.519999831E-05 8.602600098E-01 -2.882500000E+04 5.774500000E+04 3.057399902E+02 9.171099854E+01 4.229399872E+01 9.264499664E+01 3.467099965E-01 5.476700068E-01 1.084399992E-03
 2.254999999E-04 5.519999831E-05 8.488500118E-01 -3.062800000E+04 6.494000000E+04 3.077200012E+02 9.603299713E+01 4.581399918E+01 8.747399902E+01 3.641000092E-01 5.438899994E-01 1.098999986E-03
 2.275500010E-04 5.519999831E-05 8.372899890E-01 -2.910600000E+04 7.137900000E+04 3.096099854E+02 1.008000031E+02 4.947000122E+01 8.658499908E+01 3.830400109E-01 5.397800207E-01 1.114199986E-03
 2.296000021E-04 5.519999831E-05 8.251900077E-01 -3.025000000E+04 7.610100000E+04 3.115899963E+02 1.060199966E+02 5.336399841E+01 8.382800293E+01 4.035899937E-01 5.353800058E-01 1.130499993E-03
 2.316500031E-04 5.519999831E-05 8.119800091E-01 -3.895600000E+04 8.275700000E+04 3.137300110E+02 1.117399979E+02 5.724000168E+01 8.033200073E+01 4.254499972E-01 5.303999782E-01 1.149000018E-03
 2.337000042E-04 5.519999831E-05 7.980999947E-01 -3.519000000E+04 9.152400000E+04 3.158999939E+02 1.178899994E+02 6.080599976E+01 7.880500031E+01 4.479599893E-01 5.249500275E-01 1.169000054E-03
 2.357500052E-04 5.519999831E-05 7.845799923E-01 -2.589600000E+04 8.489300000E+04 3.178599854E+02 1.243600006E+02 6.450599670E+01 6.959100342E+01 4.716500044E-01 5.192599893E-01 1.189099974E-03
 2.378000063E-04 5.519999831E-05 7.713199854E-01 -2.386500000E+04 8.212600000E+04 3.196000061E+02 1.311300049E+02 6.848300171E+01 7.580699921E+01 4.966700077E-01 5.132700205E-01 1.209500013E-03
 2.398499928E-04 5.519999831E-05 7.576799989E-01 -2.094100000E+04 9.070800000E+04 3.213200073E+02 1.381399994E+02 7.200000000E+01 7.534100342E+01 5.215799809E-01 5.069199800E-01 1.231399947E-03
 2.418999939E-04 5.519999831E-05 7.435299754E-01 -2.070200000E+04 8.707000000E+04 3.228299866E+02 1.455000000E+02 7.514900208E+01 6.602899933E+01 5.470399857E-01 4.997799993E-01 1.254800009E-03
 2.439499949E-04 5.519999831E-05 7.296299934E-01 -1.392600000E+04 8.040800000E+04 3.238800049E+02 1.531399994E+02 7.840499878E+01 5.799800110E+01 5.737800002E-01 4.920499921E-01 1.278699958E-03
 2.460000105E-04 5.519999831E-05 7.159799933E-01 -4.492500000E+03 7.960700000E+04 3.246099854E+02 1.610800018E+02 8.179399872E+01 3.930899811E+01 6.018199921E-01 4.839400053E-01 1.303000026E-03
 2.480499970E-04 5.519999831E-05 7.015699744E-01 -8.084200195E+03 7.583700000E+04 3.251700134E+02 1.696499939E+02 8.494699860E+01 4.856700134E+01 6.315100193E-01 4.750199914E-01 1.329799998E-03
 2.501000126E-04 5.519999831E-05 6.864100099E-01 -3.718599854E+02 6.647800000E+04 3.251900024E+02 1.787299957E+02 8.792400360E+01 3.988000107E+01 6.629499793E-01 4.648000002E-01 1.359199989E-03
 2.521499991E-04 5.519999831E-05 6.709399819E-01 1.906300000E+04 6.568900000E+04 3.246499939E+02 1.883300018E+02 9.093599701E+01 5.386700153E+00 6.966400146E-01 4.535799921E-01 1.390499994E-03
 2.541999856E-04 5.519999831E-05 6.551300287E-01 2.309400000E+04 6.708800000E+04 3.239100037E+02 1.984199982E+02 9.387899780E+01 1.931599998E+01 7.320399880E-01 4.418900013E-01 1.424100017E-03
 2.562500013E-04 5.519999831E-05 6.378300190E-01 2.221000000E+04 6.341600000E+04 3.227000122E+02 2.093800049E+02 9.675199890E+01 4.176900101E+01 7.706500292E-01 4.286200106E-01 1.462799963E-03
 2.582999878E-04 5.519999831E-05 6.179100275E-01 3.246500000E+04 5.510400000E+04 3.206799927E+02 2.219100037E+02 9.954799652E+01 2.843400002E+01 8.152099848E-01 4.126400054E-01 1.510099974E-03
 2.603500034E-04 5.519999831E-05 5.950899720E-01 4.757500000E+04 3.980500000E+04 3.178699951E+02 2.363300018E+02 1.022300034E+02 2.531800079E+01 8.669099808E-01 3.939400017E-01 1.568199950E-03
 2.623999899E-04 5.519999831E-05 5.681899786E-01 7.092100000E+04 3.015000000E+04 3.137699890E+02 2.534799957E+02 1.047500000E+02 3.591600037E+01 9.294800162E-01 3.713200092E-01 1.642800053E-03
 2.644500055E-04 5.519999831E-05 5.009899735E-01 1.171700000E+05 2.518100000E+04 3.002399902E+02 2.947399902E+02 1.069499969E+02 2.830900002E+01 1.014500022E+00 3.418599963E-01 1.750999945E-03
 2.664999920E-04 5.519999831E-05 4.483399987E-01 1.461700000E+05 2.367200000E+04 2.892000122E+02 3.266099854E+02 1.079800034E+02 1.837599945E+01 1.064800024E+00 3.248499930E-01 1.817099983E-03
 2.050000039E-04 5.750000128E-05 9.070600271E-01 3.714100037E+02 -6.417799805E+03 2.984299927E+02 7.881800079E+01 1.546899986E+01 1.065500031E+02 2.790499926E-01 5.636900067E-01 1.028400031E-03
 2.070500050E-04 5.750000128E-05 9.064300060E-01 -4.472100098E+03 1.596800049E+03 2.984200134E+02 7.917400360E+01 1.659300041E+01 9.970300293E+01 2.810699940E-01 5.632699728E-01 1.029100036E-03
 2.091000060E-04 5.750000128E-05 9.042900205E-01 -6.979899902E+03 8.994200195E+03 2.986000061E+02 8.006999969E+01 1.887800026E+01 9.896399689E+01 2.857599854E-01 5.622799993E-01 1.031500055E-03
 2.111500071E-04 5.750000128E-05 9.012600183E-01 -2.481300049E+03 1.310900000E+04 2.987399902E+02 8.113300323E+01 2.134000015E+01 1.070899963E+02 2.913500071E-01 5.606700182E-01 1.034999965E-03
 2.131999936E-04 5.750000128E-05 8.976100087E-01 2.281600098E+03 1.404100000E+04 2.987900085E+02 8.232099915E+01 2.382799911E+01 1.038899994E+02 2.975899875E-01 5.584899783E-01 1.039199997E-03
 2.152499947E-04 5.750000128E-05 8.937900066E-01 -3.943899902E+03 1.602100000E+04 2.991199951E+02 8.385900116E+01 2.655900002E+01 1.133899994E+02 3.053100109E-01 5.567200184E-01 1.043700031E-03
 2.172999957E-04 5.750000128E-05 8.894199729E-01 -4.365899902E+03 2.100600000E+04 2.994700012E+02 8.583000183E+01 2.974900055E+01 1.247399979E+02 3.151099980E-01 5.546600223E-01 1.048799953E-03
 2.193499968E-04 5.750000128E-05 8.838499784E-01 -1.352000000E+03 2.760100000E+04 2.999400024E+02 8.826799774E+01 3.278300095E+01 1.222399979E+02 3.263599873E-01 5.520399809E-01 1.055400004E-03
 2.213999978E-04 5.750000128E-05 8.764600158E-01 -1.139600000E+04 3.198000000E+04 3.009200134E+02 9.119200134E+01 3.583100128E+01 1.145899963E+02 3.390400112E-01 5.492200255E-01 1.064299955E-03
 2.234499989E-04 5.750000128E-05 8.672000170E-01 -1.767900000E+04 3.711800000E+04 3.023200073E+02 9.452899933E+01 3.897000122E+01 1.025000000E+02 3.529999852E-01 5.459200144E-01 1.075700042E-03
 2.254999999E-04 5.750000128E-05 8.579199910E-01 -2.403000000E+04 4.713900000E+04 3.037300110E+02 9.818000031E+01 4.195600128E+01 8.575299835E+01 3.677499890E-01 5.426099896E-01 1.087300014E-03
 2.275500010E-04 5.750000128E-05 8.479400277E-01 -2.861200000E+04 5.734300000E+04 3.049800110E+02 1.023099976E+02 4.512400055E+01 8.197000122E+01 3.843300045E-01 5.385000110E-01 1.100199996E-03
 2.296000021E-04 5.750000128E-05 8.372200131E-01 -2.793500000E+04 6.636100000E+04 3.064800110E+02 1.069800034E+02 4.849100113E+01 9.305000305E+01 4.027499855E-01 5.342800021E-01 1.114299987E-03
 2.316500031E-04 5.750000128E-05 8.249899745E-01 -2.899600000E+04 7.344000000E+04 3.082999878E+02 1.123000031E+02 5.190499878E+01 8.001100159E+01 4.229300022E-01 5.295900106E-01 1.130799996E-03
 2.337000042E-04 5.750000128E-05 8.114200234E-01 -3.054900000E+04 7.889000000E+04 3.102600098E+02 1.180999985E+02 5.520999908E+01 7.159600067E+01 4.442299902E-01 5.241900086E-01 1.149700023E-03
 2.357500052E-04 5.750000128E-05 7.982400060E-01 -2.756600000E+04 7.744400000E+04 3.120700073E+02 1.240299988E+02 5.867900085E+01 6.960700226E+01 4.661900103E-01 5.186799765E-01 1.168700051E-03
 2.378000063E-04 5.750000128E-05 7.854899764E-01 -2.381300000E+04 7.919500000E+04 3.135700073E+02 1.302599945E+02 6.220500183E+01 6.703700256E+01 4.892700016E-01 5.128499866E-01 1.187699963E-03
 2.398499928E-04 5.750000128E-05 7.721099854E-01 -1.751300000E+04 9.210000000E+04 3.151199951E+02 1.371399994E+02 6.550800323E+01 5.581200027E+01 5.138499737E-01 5.066099763E-01 1.208300004E-03
 2.418999939E-04 5.750000128E-05 7.578899860E-01 -1.041800000E+04 9.796500000E+04 3.165700073E+02 1.444499969E+02 6.854699707E+01 4.357799911E+01 5.393499732E-01 4.995599985E-01 1.230999944E-03
 2.439499949E-04 5.750000128E-05 7.434899807E-01 -7.916399902E+03 9.391900000E+04 3.177799988E+02 1.519799957E+02 7.160600281E+01 4.918299866E+01 5.656499863E-01 4.919500053E-01 1.254900009E-03
 2.460000105E-04 5.750000128E-05 7.288900018E-01 -7.044600098E+03 9.056500000E+04 3.188500061E+02 1.598500061E+02 7.489700317E+01 5.413299942E+01 5.933399796E-01 4.839099944E-01 1.279999968E-03
 2.480499970E-04 5.750000128E-05 7.133799791E-01 -9.217000000E+03 8.244200000E+04 3.196600037E+02 1.682100067E+02 7.794599915E+01 5.221799850E+01 6.223599911E-01 4.748199880E-01 1.307899947E-03
 2.501000126E-04 5.750000128E-05 6.973099709E-01 -1.812900024E+03 7.352600000E+04 3.200700073E+02 1.770700073E+02 8.071099854E+01 2.220899963E+01 6.528499722E-01 4.647200108E-01 1.337999944E-03
 2.521499991E-04 5.750000128E-05 6.810100079E-01 1.026100000E+04 7.459400000E+04 3.200700073E+02 1.866199951E+02 8.355899811E+01 9.019499779E+00 6.859700084E-01 4.538600147E-01 1.370099955E-03
 2.541999856E-04 5.750000128E-05 6.640499830E-01 1.576400000E+04 7.328700000E+04 3.196799927E+02 1.969100037E+02 8.659700012E+01 1.977499962E+01 7.220900059E-01 4.420399964E-01 1.404999988E-03
 2.562500013E-04 5.750000128E-05 6.456999779E-01 2.264900000E+04 6.908600000E+04 3.187799988E+02 2.079799957E+02 8.940299988E+01 1.837199974E+01 7.610200047E-01 4.286099970E-01 1.445099944E-03
 2.582999878E-04 5.750000128E-05 6.249799728E-01 3.421500000E+04 6.424500000E+04 3.171099854E+02 2.205299988E+02 9.205200195E+01 1.186400032E+01 8.054699898E-01 4.126999974E-01 1.492999960E-03
 2.603500034E-04 5.750000128E-05 6.014299989E-01 4.786700000E+04 5.375000000E+04 3.145499878E+02 2.351199951E+02 9.468499756E+01 1.158300018E+01 8.578299880E-01 3.939700127E-01 1.551700057E-03
 2.623999899E-04 5.750000128E-05 5.742899776E-01 6.773600000E+04 4.766000000E+04 3.107600098E+02 2.522599945E+02 9.711100006E+01 1.523900032E+01 9.204400182E-01 3.716999888E-01 1.625400037E-03
 2.644500055E-04 5.750000128E-05 5.061200261E-01 1.068000000E+05 4.282300000E+04 2.975599976E+02 2.935799866E+02 9.911100006E+01 1.414400005E+01 1.005399942E+00 3.425500095E-01 1.732400036E-03
 2.664999920E-04 5.750000128E-05 4.523299932E-01 1.319800000E+05 4.148200000E+04 2.866600037E+02 3.256300049E+02 9.994599915E+01 1.429899979E+01 1.056100011E+00 3.254500031E-01 1.798699959E-03
 2.050000039E-04 5.980000060E-05 9.052199721E-01 3.763100098E+03 5.562600098E+03 2.979599915E+02 8.329799652E+01 1.504100037E+01 1.003000031E+02 2.942999899E-01 5.616700053E-01 1.030500047E-03
 2.070500050E-04 5.980000060E-05 9.048200250E-01 1.007099976E+03 6.047100098E+03 2.979800110E+02 8.362300110E+01 1.597299957E+01 1.026399994E+02 2.960099876E-01 5.614500046E-01 1.030900050E-03
 2.091000060E-04 5.980000060E-05 9.029200077E-01 -2.928300049E+03 8.818400391E+03 2.980000000E+02 8.443900299E+01 1.805999947E+01 1.036699982E+02 3.002299964E-01 5.603100061E-01 1.033099950E-03
 2.111500071E-04 5.980000060E-05 9.001200199E-01 -3.988300049E+03 5.867299805E+03 2.979899902E+02 8.546499634E+01 2.043000031E+01 1.025500031E+02 3.055399954E-01 5.585500002E-01 1.036299975E-03
 2.131999936E-04 5.980000060E-05 8.968700171E-01 -1.367699951E+03 6.148200195E+03 2.981099854E+02 8.666899872E+01 2.274300003E+01 9.806400299E+01 3.114899993E-01 5.567499995E-01 1.040100004E-03
 2.152499947E-04 5.980000060E-05 8.934199810E-01 -2.593500000E+03 1.448700000E+04 2.982600098E+02 8.818099976E+01 2.511899948E+01 1.029800034E+02 3.186700046E-01 5.548999906E-01 1.044100034E-03
 2.172999957E-04 5.980000060E-05 8.896099925E-01 -1.981400024E+03 1.752300000E+04 2.983599854E+02 9.004900360E+01 2.780999947E+01 1.217500000E+02 3.275200129E-01 5.527200103E-01 1.048599952E-03
 2.193499968E-04 5.980000060E-05 8.850299716E-01 -1.421699951E+03 1.939800000E+04 2.985499878E+02 9.229699707E+01 3.055200005E+01 1.139700012E+02 3.377499878E-01 5.502200127E-01 1.053999993E-03
 2.213999978E-04 5.980000060E-05 8.796300292E-01 -6.822899902E+03 1.768100000E+04 2.989400024E+02 9.490200043E+01 3.333700180E+01 1.153899994E+02 3.492099941E-01 5.475699902E-01 1.060500043E-03
 2.234499989E-04 5.980000060E-05 8.725000024E-01 -1.277900000E+04 2.164900000E+04 2.996600037E+02 9.786499786E+01 3.604000092E+01 1.157399979E+02 3.616299927E-01 5.444399714E-01 1.069099992E-03
 2.254999999E-04 5.980000060E-05 8.650400043E-01 -1.494300000E+04 3.400100000E+04 3.005299988E+02 1.010999985E+02 3.869800186E+01 9.701699829E+01 3.748199940E-01 5.413399935E-01 1.078399946E-03
 2.275500010E-04 5.980000060E-05 8.564199805E-01 -1.579300000E+04 4.316100000E+04 3.013699951E+02 1.047500000E+02 4.144100189E+01 8.944699860E+01 3.894999921E-01 5.374400020E-01 1.089200028E-03
 2.296000021E-04 5.980000060E-05 8.464000225E-01 -2.335300000E+04 5.093700000E+04 3.024200134E+02 1.089100037E+02 4.422299957E+01 8.518900299E+01 4.057300091E-01 5.330100060E-01 1.102100010E-03
 2.316500031E-04 5.980000060E-05 8.355399966E-01 -2.664000000E+04 5.585200000E+04 3.036900024E+02 1.135699997E+02 4.720600128E+01 7.545800018E+01 4.236299992E-01 5.283600092E-01 1.116500003E-03
 2.337000042E-04 5.980000060E-05 8.234800100E-01 -3.149800000E+04 6.388600000E+04 3.051099854E+02 1.186900024E+02 5.028499985E+01 6.579199982E+01 4.429300129E-01 5.231699944E-01 1.132900012E-03
 2.357500052E-04 5.980000060E-05 8.114100099E-01 -3.014500000E+04 7.667600000E+04 3.066199951E+02 1.241699982E+02 5.340100098E+01 7.669599915E+01 4.633199871E-01 5.180500150E-01 1.149700023E-03
 2.378000063E-04 5.980000060E-05 7.992900014E-01 -2.641000000E+04 7.929100000E+04 3.079400024E+02 1.301199951E+02 5.630699921E+01 7.200299835E+01 4.849399924E-01 5.125100017E-01 1.167200040E-03
 2.398499928E-04 5.980000060E-05 7.860699892E-01 -2.253700000E+04 8.741600000E+04 3.091900024E+02 1.366399994E+02 5.929199982E+01 6.596099854E+01 5.084400177E-01 5.060600042E-01 1.186799956E-03
 2.418999939E-04 5.980000060E-05 7.718899846E-01 -8.323299805E+03 9.194000000E+04 3.104700012E+02 1.435500031E+02 6.226499939E+01 5.684999847E+01 5.329999924E-01 4.989899993E-01 1.208700007E-03
 2.439499949E-04 5.980000060E-05 7.572600245E-01 -5.142200195E+03 8.879800000E+04 3.117600098E+02 1.508600006E+02 6.512899780E+01 4.747800064E+01 5.585399866E-01 4.915699959E-01 1.231999951E-03
 2.460000105E-04 5.980000060E-05 7.424799800E-01 -5.043700195E+03 9.013200000E+04 3.127600098E+02 1.586100006E+02 6.824199677E+01 5.388999939E+01 5.860199928E-01 4.835099876E-01 1.256600022E-03
 2.480499970E-04 5.980000060E-05 7.266299725E-01 -1.987199951E+03 8.534400000E+04 3.134299927E+02 1.668899994E+02 7.122100067E+01 3.487500000E+01 6.151499748E-01 4.742099941E-01 1.283999998E-03
 2.501000126E-04 5.980000060E-05 7.100499868E-01 2.534899902E+03 7.827800000E+04 3.140799866E+02 1.756499939E+02 7.375000000E+01 9.294300079E+00 6.451799870E-01 4.643499851E-01 1.313999994E-03
 2.521499991E-04 5.980000060E-05 6.933400035E-01 7.466899902E+03 7.701800000E+04 3.144200134E+02 1.848600006E+02 7.628399658E+01 1.734600067E+01 6.769099832E-01 4.539200068E-01 1.345700002E-03
 2.541999856E-04 5.980000060E-05 6.754400134E-01 1.427200000E+04 7.862500000E+04 3.142600098E+02 1.949600067E+02 7.922899628E+01 1.544200039E+01 7.124800086E-01 4.419899881E-01 1.381400041E-03
 2.562500013E-04 5.980000060E-05 6.559299827E-01 2.093400000E+04 7.981800000E+04 3.136600037E+02 2.061199951E+02 8.197499847E+01 1.747800064E+01 7.517700195E-01 4.284000099E-01 1.422600006E-03
 2.582999878E-04 5.980000060E-05 6.343299747E-01 2.837100000E+04 7.631200000E+04 3.123599854E+02 2.186799927E+02 8.445700073E+01 1.970899963E+01 7.961099744E-01 4.125899971E-01 1.471100026E-03
 2.603500034E-04 5.980000060E-05 6.106399894E-01 4.479600000E+04 6.519500000E+04 3.101400146E+02 2.329600067E+02 8.686299896E+01 5.188700199E+00 8.474199772E-01 3.943800032E-01 1.528299996E-03
 2.623999899E-04 5.980000060E-05 5.830000043E-01 6.124000000E+04 6.299300000E+04 3.067799988E+02 2.500200043E+02 8.915399933E+01 8.528900146E+00 9.097300172E-01 3.724800050E-01 1.601199969E-03
 2.644500055E-04 5.980000060E-05 5.127199888E-01 9.479900000E+04 5.835800000E+04 2.940499878E+02 2.915299988E+02 9.120099640E+01 4.185699940E+00 9.955000281E-01 3.431299925E-01 1.709499978E-03
 2.664999920E-04 5.980000060E-05 4.576300085E-01 1.207000000E+05 5.147700000E+04 2.833399963E+02 3.236199951E+02 9.209600067E+01 -1.502799988E+00 1.046499968E+00 3.259400129E-01 1.776100020E-03
 2.050000039E-04 6.209999992E-05 9.027299881E-01 1.126700000E+04 4.267399902E+03 2.978500061E+02 8.762100220E+01 1.437300014E+01 9.468599701E+01 3.087700009E-01 5.599099994E-01 1.033299952E-03
 2.070500050E-04 6.209999992E-05 9.021000266E-01 6.464899902E+03 7.312299805E+03 2.977999878E+02 8.793499756E+01 1.537300014E+01 1.032399979E+02 3.104700148E-01 5.594300032E-01 1.033999957E-03
 2.091000060E-04 6.209999992E-05 9.001500010E-01 -3.478900146E+02 6.218100098E+03 2.978200073E+02 8.863200378E+01 1.742000008E+01 1.031500015E+02 3.141500056E-01 5.582500100E-01 1.036299975E-03
 2.111500071E-04 6.209999992E-05 8.979399800E-01 1.819599976E+03 1.345000000E+03 2.977600098E+02 8.956500244E+01 1.948100090E+01 8.837999725E+01 3.188199997E-01 5.567600131E-01 1.038799994E-03
 2.131999936E-04 6.209999992E-05 8.955600262E-01 5.084500122E+02 5.897899902E+03 2.976700134E+02 9.078399658E+01 2.161199951E+01 8.528800201E+01 3.246499896E-01 5.551300049E-01 1.041600015E-03
 2.152499947E-04 6.209999992E-05 8.928099871E-01 -2.085399902E+03 1.342800000E+04 2.976199951E+02 9.222899628E+01 2.373900032E+01 9.333000183E+01 3.313300014E-01 5.533400178E-01 1.044800039E-03
 2.172999957E-04 6.209999992E-05 8.894299865E-01 -6.531099854E+02 1.503900000E+04 2.975400085E+02 9.400399780E+01 2.603800011E+01 1.043600006E+02 3.394199908E-01 5.510900021E-01 1.048799953E-03
 2.193499968E-04 6.209999992E-05 8.852300048E-01 -6.855200195E+03 1.066100000E+04 2.976799927E+02 9.611599731E+01 2.845899963E+01 8.510600281E+01 3.487299979E-01 5.487300158E-01 1.053699991E-03
 2.213999978E-04 6.209999992E-05 8.807600141E-01 -9.019500000E+03 7.509399902E+03 2.978399963E+02 9.849099731E+01 3.096999931E+01 9.493099976E+01 3.590900004E-01 5.462599993E-01 1.059100032E-03
 2.234499989E-04 6.209999992E-05 8.749399781E-01 -8.919700195E+03 1.631600000E+04 2.980199890E+02 1.012200012E+02 3.349000168E+01 1.142300034E+02 3.707000017E-01 5.429700017E-01 1.066199970E-03
 2.254999999E-04 6.209999992E-05 8.689699769E-01 -3.987800049E+03 2.617300000E+04 2.982799988E+02 1.041800003E+02 3.576599884E+01 9.255000305E+01 3.828099966E-01 5.397499800E-01 1.073500025E-03
 2.275500010E-04 6.209999992E-05 8.617600203E-01 1.428999939E+02 3.055100000E+04 2.987500000E+02 1.075599976E+02 3.814699936E+01 7.996399689E+01 3.963100016E-01 5.361099839E-01 1.082499977E-03
 2.296000021E-04 6.209999992E-05 8.525199890E-01 -1.117800000E+04 3.265800000E+04 2.994299927E+02 1.114599991E+02 4.065200043E+01 8.071600342E+01 4.115400016E-01 5.315499902E-01 1.094199950E-03
 2.316500031E-04 6.209999992E-05 8.435500264E-01 -1.404000000E+04 3.903500000E+04 3.000499878E+02 1.155800018E+02 4.326399994E+01 7.436799622E+01 4.276500046E-01 5.270500183E-01 1.105900039E-03
 2.337000042E-04 6.209999992E-05 8.333600163E-01 -1.709400000E+04 5.277400000E+04 3.008800049E+02 1.200800018E+02 4.597999954E+01 6.718299866E+01 4.449500144E-01 5.221099854E-01 1.119400025E-03
 2.357500052E-04 6.209999992E-05 8.219900131E-01 -1.969000000E+04 6.248600000E+04 3.018900146E+02 1.251299973E+02 4.858700180E+01 7.552200317E+01 4.637100101E-01 5.167199969E-01 1.134900027E-03
 2.378000063E-04 6.209999992E-05 8.103899956E-01 -2.103300000E+04 6.614100000E+04 3.029299927E+02 1.306600037E+02 5.107199860E+01 6.700499725E+01 4.837700129E-01 5.111899972E-01 1.151100034E-03
 2.398499928E-04 6.209999992E-05 7.979300022E-01 -2.106100000E+04 7.340400000E+04 3.039899902E+02 1.366600037E+02 5.368500137E+01 7.112999725E+01 5.054500103E-01 5.050799847E-01 1.169200055E-03
 2.418999939E-04 6.209999992E-05 7.844300270E-01 -1.303300000E+04 7.410100000E+04 3.050299988E+02 1.431600037E+02 5.643399811E+01 6.674500275E+01 5.288400054E-01 4.982199967E-01 1.189299976E-03
 2.439499949E-04 6.209999992E-05 7.701100111E-01 -1.281900000E+04 7.621800000E+04 3.061099854E+02 1.501000061E+02 5.918000031E+01 4.929100037E+01 5.534899831E-01 4.908500016E-01 1.211400027E-03
 2.460000105E-04 6.209999992E-05 7.552499771E-01 -7.960799805E+03 7.985300000E+04 3.069200134E+02 1.575200043E+02 6.190299988E+01 3.765599823E+01 5.798500180E-01 4.826599956E-01 1.235299977E-03
 2.480499970E-04 6.209999992E-05 7.395600080E-01 1.703500000E+03 8.176500000E+04 3.074599915E+02 1.656100006E+02 6.452400208E+01 2.787800026E+01 6.083800197E-01 4.734700024E-01 1.261499943E-03
 2.501000126E-04 6.209999992E-05 7.236300111E-01 8.164399902E+03 8.456000000E+04 3.080499878E+02 1.741399994E+02 6.704599762E+01 2.008099937E+01 6.381000280E-01 4.641599953E-01 1.289300038E-03
 2.521499991E-04 6.209999992E-05 7.064300179E-01 1.831900024E+03 8.110300000E+04 3.085000000E+02 1.831900024E+02 6.948999786E+01 2.300000000E+01 6.694999933E-01 4.537799954E-01 1.320800046E-03
 2.541999856E-04 6.209999992E-05 6.878700256E-01 2.438899902E+03 8.266500000E+04 3.084599915E+02 1.931000061E+02 7.197799683E+01 1.445499992E+01 7.042800188E-01 4.417999983E-01 1.356399967E-03
 2.562500013E-04 6.209999992E-05 6.684299707E-01 1.099900000E+04 8.556800000E+04 3.079200134E+02 2.041399994E+02 7.448699951E+01 1.632200050E+01 7.432600260E-01 4.285599887E-01 1.396000036E-03
 2.582999878E-04 6.209999992E-05 6.465200186E-01 1.792500000E+04 8.055100000E+04 3.068399963E+02 2.165899963E+02 7.681199646E+01 1.730400085E+01 7.874500155E-01 4.130800068E-01 1.443400048E-03
 2.603500034E-04 6.209999992E-05 6.225299835E-01 3.847100000E+04 7.227100000E+04 3.049500122E+02 2.306100006E+02 7.900900269E+01 -5.523099899E+00 8.378900290E-01 3.953199983E-01 1.499100006E-03
 2.623999899E-04 6.209999992E-05 5.938100219E-01 5.764500000E+04 7.132600000E+04 3.018800049E+02 2.475899963E+02 8.114099884E+01 1.343999982E+00 9.001700282E-01 3.733200133E-01 1.572199981E-03
 2.644500055E-04 6.209999992E-05 5.211399794E-01 8.867800000E+04 6.311500000E+04 2.894700012E+02 2.891099854E+02 8.310800171E+01 1.419600010E+00 9.859200120E-01 3.438400030E-01 1.680099987E-03
 2.664999920E-04 6.209999992E-05 4.648199975E-01 1.132700000E+05 5.395400000E+04 2.789700012E+02 3.210599976E+02 8.402899933E+01 -4.927400112E+00 1.036299944E+00 3.269999921E-01 1.744600013E-03
 2.050000039E-04 6.440000288E-05 9.009000063E-01 7.131500000E+03 1.166400000E+04 2.976900024E+02 9.128900146E+01 1.390999985E+01 8.672000122E+01 3.212000132E-01 5.584700108E-01 1.035399968E-03
 2.070500050E-04 6.440000288E-05 8.997600079E-01 2.224900055E+02 1.501600000E+04 2.976099854E+02 9.166600037E+01 1.485900021E+01 8.415599823E+01 3.230699897E-01 5.576099753E-01 1.036699978E-03
 2.091000060E-04 6.440000288E-05 8.979200125E-01 -3.177699951E+03 7.679799805E+03 2.975700073E+02 9.249700165E+01 1.675399971E+01 8.419799805E+01 3.270600140E-01 5.564000010E-01 1.038899994E-03
 2.111500071E-04 6.440000288E-05 8.961700201E-01 9.910100098E+02 2.186699951E+03 2.974200134E+02 9.349800110E+01 1.854100037E+01 8.980400085E+01 3.317300081E-01 5.550299883E-01 1.040900010E-03
 2.131999936E-04 6.440000288E-05 8.942099810E-01 -8.479600220E+02 6.330399902E+03 2.971300049E+02 9.466100311E+01 2.046599960E+01 8.336900330E+01 3.372200131E-01 5.532900095E-01 1.043200027E-03
 2.152499947E-04 6.440000288E-05 8.919900060E-01 5.092299805E+03 7.311899902E+03 2.970199890E+02 9.603800201E+01 2.240099907E+01 7.160600281E+01 3.434399962E-01 5.517100096E-01 1.045800047E-03
 2.172999957E-04 6.440000288E-05 8.884299994E-01 4.789000000E+03 9.773000000E+03 2.969700012E+02 9.775700378E+01 2.442900085E+01 8.150700378E+01 3.509599864E-01 5.494099855E-01 1.049999963E-03
 2.193499968E-04 6.440000288E-05 8.842700124E-01 -3.703800049E+03 3.633399902E+03 2.969599915E+02 9.967500305E+01 2.657200050E+01 8.101699829E+01 3.592900038E-01 5.468199849E-01 1.054900000E-03
 2.213999978E-04 6.440000288E-05 8.805999756E-01 -2.025699951E+03 6.095500000E+03 2.969200134E+02 1.018000031E+02 2.878400040E+01 7.425399780E+01 3.685199916E-01 5.444800258E-01 1.059300033E-03
 2.234499989E-04 6.440000288E-05 8.760799766E-01 -3.639800049E+03 1.286800000E+04 2.968099976E+02 1.043600006E+02 3.108300018E+01 8.669599915E+01 3.793700039E-01 5.414800048E-01 1.064699958E-03
 2.254999999E-04 6.440000288E-05 8.707399964E-01 -4.568800049E+02 1.238900000E+04 2.968200073E+02 1.071999969E+02 3.303799820E+01 8.055500031E+01 3.907999992E-01 5.382000208E-01 1.071300008E-03
 2.275500010E-04 6.440000288E-05 8.643500209E-01 6.035000000E+03 2.229500000E+04 2.970000000E+02 1.104000015E+02 3.509500122E+01 7.348400116E+01 4.034700096E-01 5.345600247E-01 1.079199952E-03
 2.296000021E-04 6.440000288E-05 8.567000031E-01 -1.925900024E+03 2.263500000E+04 2.972500000E+02 1.140500031E+02 3.738899994E+01 7.798699951E+01 4.178600013E-01 5.302799940E-01 1.088900026E-03
 2.316500031E-04 6.440000288E-05 8.488100171E-01 -6.115100098E+03 2.429600000E+04 2.974500122E+02 1.179300003E+02 3.976100159E+01 6.396500015E+01 4.331299961E-01 5.257599950E-01 1.098999986E-03
 2.337000042E-04 6.440000288E-05 8.396800160E-01 -7.155500000E+03 4.000700000E+04 2.978299866E+02 1.222600021E+02 4.207799911E+01 6.414700317E+01 4.496999979E-01 5.207599998E-01 1.110999961E-03
 2.357500052E-04 6.440000288E-05 8.296800256E-01 -8.405099609E+03 4.898600000E+04 2.983599854E+02 1.269700012E+02 4.422700119E+01 7.382399750E+01 4.672099948E-01 5.154799819E-01 1.124299946E-03
 2.378000063E-04 6.440000288E-05 8.196099997E-01 -1.116900000E+04 5.072500000E+04 2.990299988E+02 1.319100037E+02 4.643500137E+01 5.027600098E+01 4.853999913E-01 5.103499889E-01 1.138200052E-03
 2.398499928E-04 6.440000288E-05 8.082100153E-01 -1.207300000E+04 5.644500000E+04 2.997399902E+02 1.373999939E+02 4.875600052E+01 4.286899948E+01 5.054600239E-01 5.044400096E-01 1.154299942E-03
 2.418999939E-04 6.440000288E-05 7.953100204E-01 -1.043300000E+04 6.111200000E+04 3.002900085E+02 1.435000000E+02 5.117699814E+01 5.452700043E+01 5.276899934E-01 4.972999990E-01 1.172999968E-03
 2.439499949E-04 6.440000288E-05 7.818599939E-01 -9.303000000E+03 6.271000000E+04 3.008800049E+02 1.500200043E+02 5.362799835E+01 4.782300186E+01 5.512700081E-01 4.898299873E-01 1.193200005E-03
 2.460000105E-04 6.440000288E-05 7.676799893E-01 -3.395300049E+03 6.619700000E+04 3.015100098E+02 1.569499969E+02 5.596900177E+01 3.450199890E+01 5.759900212E-01 4.819599986E-01 1.215300057E-03
 2.480499970E-04 6.440000288E-05 7.524099946E-01 -1.394099976E+03 7.208700000E+04 3.020799866E+02 1.646300049E+02 5.819100189E+01 3.831299973E+01 6.029899716E-01 4.732599854E-01 1.240000012E-03
 2.501000126E-04 6.440000288E-05 7.369300127E-01 5.345600098E+03 7.741600000E+04 3.024200134E+02 1.728000031E+02 6.052799988E+01 2.800699997E+01 6.319400072E-01 4.640499949E-01 1.265999977E-03
 2.521499991E-04 6.440000288E-05 7.199400067E-01 2.018900024E+03 7.773300000E+04 3.026900024E+02 1.816499939E+02 6.287200165E+01 2.148900032E+01 6.631299853E-01 4.537500143E-01 1.295999973E-03
 2.541999856E-04 6.440000288E-05 7.012400031E-01 2.048399902E+03 8.066500000E+04 3.026099854E+02 1.914799957E+02 6.497799683E+01 2.262599945E+01 6.976799965E-01 4.418500066E-01 1.330600004E-03
 2.562500013E-04 6.440000288E-05 6.815099716E-01 1.581000000E+04 8.185200000E+04 3.020000000E+02 2.022799988E+02 6.718800354E+01 1.944400024E+01 7.361800075E-01 4.285599887E-01 1.369199948E-03
 2.582999878E-04 6.440000288E-05 6.593999863E-01 2.079100000E+04 8.147600000E+04 3.010100098E+02 2.144700012E+02 6.933499908E+01 2.066900063E+01 7.797600031E-01 4.133099914E-01 1.415199949E-03
 2.603500034E-04 6.440000288E-05 6.345900297E-01 3.210900000E+04 7.975000000E+04 2.992399902E+02 2.283399963E+02 7.132700348E+01 2.622400045E+00 8.300700188E-01 3.954299986E-01 1.470700023E-03
 2.623999899E-04 6.440000288E-05 6.050500274E-01 5.236800000E+04 7.566400000E+04 2.962999878E+02 2.452200012E+02 7.341500092E+01 -8.840399742E+00 8.926500082E-01 3.733400106E-01 1.542999991E-03
 2.644500055E-04 6.440000288E-05 5.309399962E-01 8.120400000E+04 7.077600000E+04 2.842300110E+02 2.864100037E+02 7.527300262E+01 -2.655599976E+01 9.778000116E-01 3.443199992E-01 1.647799974E-03
 2.664999920E-04 6.440000288E-05 4.732899964E-01 1.010600000E+05 6.790100000E+04 2.739800110E+02 3.181199951E+02 7.608899689E+01 -4.117200089E+01 1.027500033E+00 3.277199864E-01 1.710699988E-03
 2.050000039E-04 6.669999857E-05 8.995900154E-01 -2.214800049E+03 1.149100000E+04 2.973900146E+02 9.424199677E+01 1.336499977E+01 8.313500214E+01 3.312500119E-01 5.571100116E-01 1.036899979E-03
 2.070500050E-04 6.669999857E-05 8.981800079E-01 -3.947800049E+03 1.576600000E+04 2.974200134E+02 9.471499634E+01 1.417000008E+01 7.707599640E+01 3.332900107E-01 5.562800169E-01 1.038499991E-03
 2.091000060E-04 6.669999857E-05 8.961899877E-01 -3.787300049E+03 1.316000000E+04 2.973299866E+02 9.574900055E+01 1.590499973E+01 7.136699677E+01 3.378399909E-01 5.548800230E-01 1.040900010E-03
 2.111500071E-04 6.669999857E-05 8.948199749E-01 1.776800049E+03 6.672899902E+03 2.970499878E+02 9.686799622E+01 1.758499908E+01 7.858599854E+01 3.428300023E-01 5.535100102E-01 1.042400021E-03
 2.131999936E-04 6.669999857E-05 8.928499818E-01 1.435199951E+03 2.014799957E+02 2.967900085E+02 9.806900024E+01 1.932999992E+01 8.072100067E+01 3.482300043E-01 5.518199801E-01 1.044700039E-03
 2.152499947E-04 6.669999857E-05 8.905500174E-01 6.943899902E+03 -1.355800049E+03 2.966799927E+02 9.942600250E+01 2.108300018E+01 7.206600189E+01 3.541499972E-01 5.501899719E-01 1.047399943E-03
 2.172999957E-04 6.669999857E-05 8.873500228E-01 1.060900000E+04 5.492899902E+03 2.965400085E+02 1.011200027E+02 2.285400009E+01 7.377500153E+01 3.613100052E-01 5.479599833E-01 1.051199972E-03
 2.193499968E-04 6.669999857E-05 8.837500215E-01 6.219700195E+03 3.618399902E+03 2.963099976E+02 1.030500031E+02 2.480900002E+01 8.354399872E+01 3.695800006E-01 5.453000069E-01 1.055500004E-03
 2.213999978E-04 6.669999857E-05 8.807500005E-01 4.938799805E+03 5.448500000E+03 2.960499878E+02 1.050699997E+02 2.669400024E+01 7.499299622E+01 3.781599998E-01 5.429800153E-01 1.059100032E-03
 2.234499989E-04 6.669999857E-05 8.769999743E-01 8.740399780E+02 4.998399902E+03 2.957900085E+02 1.075299988E+02 2.865600014E+01 7.103600311E+01 3.883500099E-01 5.401899815E-01 1.063599950E-03
 2.254999999E-04 6.669999857E-05 8.723000288E-01 5.485399780E+02 7.209899902E+03 2.956300049E+02 1.103499985E+02 3.049300003E+01 7.226999664E+01 3.996500075E-01 5.369899869E-01 1.069399994E-03
 2.275500010E-04 6.669999857E-05 8.660600185E-01 3.975500000E+03 2.350600000E+04 2.955499878E+02 1.134199982E+02 3.230300140E+01 7.546900177E+01 4.117400050E-01 5.330299735E-01 1.077100052E-03
 2.296000021E-04 6.669999857E-05 8.592399955E-01 2.406600098E+03 2.010300000E+04 2.955899963E+02 1.168000031E+02 3.430500031E+01 7.582099915E+01 4.249800146E-01 5.288800001E-01 1.085600001E-03
 2.316500031E-04 6.669999857E-05 8.525800109E-01 -2.740600098E+03 1.701900000E+04 2.956099854E+02 1.204800034E+02 3.632400131E+01 6.581600189E+01 4.393199980E-01 5.248200297E-01 1.094099949E-03
 2.337000042E-04 6.669999857E-05 8.442599773E-01 -3.265000000E+03 2.571500000E+04 2.957200012E+02 1.246999969E+02 3.831100082E+01 6.026100159E+01 4.553300142E-01 5.198900104E-01 1.104900031E-03
 2.357500052E-04 6.669999857E-05 8.353499770E-01 -2.179899902E+03 3.287700000E+04 2.958599854E+02 1.292200012E+02 4.024399948E+01 6.575800323E+01 4.722700119E-01 5.146499872E-01 1.116700005E-03
 2.378000063E-04 6.669999857E-05 8.270000219E-01 -5.632799805E+03 4.012000000E+04 2.960100098E+02 1.338800049E+02 4.221699905E+01 5.547299957E+01 4.897400141E-01 5.097699761E-01 1.127999974E-03
 2.398499928E-04 6.669999857E-05 8.165500164E-01 -3.296100098E+03 4.410400000E+04 2.962300110E+02 1.390800018E+02 4.429899979E+01 4.749700165E+01 5.090399981E-01 5.037000179E-01 1.142499968E-03
 2.418999939E-04 6.669999857E-05 8.042899966E-01 -7.380900269E+02 5.017900000E+04 2.963800049E+02 1.447899933E+02 4.639899826E+01 6.195199966E+01 5.300800204E-01 4.963800013E-01 1.159899984E-03
 2.439499949E-04 6.669999857E-05 7.920600176E-01 1.823000000E+03 5.219900000E+04 2.965599976E+02 1.508200073E+02 4.845800018E+01 5.286100006E+01 5.521500111E-01 4.891200066E-01 1.177800004E-03
 2.460000105E-04 6.669999857E-05 7.792999744E-01 2.970199951E+03 5.926700000E+04 2.967699890E+02 1.573200073E+02 5.040700150E+01 4.290999985E+01 5.755699873E-01 4.815799892E-01 1.197100035E-03
 2.480499970E-04 6.669999857E-05 7.651799917E-01 -4.885599976E+02 6.368700000E+04 2.969899902E+02 1.645000000E+02 5.235699844E+01 3.888000107E+01 6.012600064E-01 4.731999934E-01 1.219199970E-03
 2.501000126E-04 6.669999857E-05 7.495700121E-01 1.032699951E+03 6.365500000E+04 2.971499939E+02 1.723600006E+02 5.444499969E+01 2.911400032E+01 6.293699741E-01 4.637899995E-01 1.244700048E-03
 2.521499991E-04 6.669999857E-05 7.326400280E-01 1.233199951E+03 6.655200000E+04 2.971700134E+02 1.810000000E+02 5.646799850E+01 2.385400009E+01 6.601399779E-01 4.533500075E-01 1.273500035E-03
 2.541999856E-04 6.669999857E-05 7.139199972E-01 5.468500000E+03 7.219400000E+04 2.968999939E+02 1.905500031E+02 5.835300064E+01 2.756500053E+01 6.941800117E-01 4.413500130E-01 1.306900056E-03
 2.562500013E-04 6.669999857E-05 6.941599846E-01 1.499900000E+04 7.637200000E+04 2.962399902E+02 2.008399963E+02 6.031000137E+01 2.974099922E+01 7.312899828E-01 4.281899929E-01 1.344199991E-03
 2.582999878E-04 6.669999857E-05 6.721100211E-01 1.705300000E+04 7.831100000E+04 2.952200012E+02 2.125500031E+02 6.221200180E+01 2.088100052E+01 7.736600041E-01 4.131599963E-01 1.388399978E-03
 2.603500034E-04 6.669999857E-05 6.464899778E-01 2.506000000E+04 8.326200000E+04 2.934800110E+02 2.262799988E+02 6.407700348E+01 6.595099926E+00 8.240100145E-01 3.950900137E-01 1.443600049E-03
 2.623999899E-04 6.669999857E-05 6.164699793E-01 4.686900000E+04 7.962900000E+04 2.904899902E+02 2.428600006E+02 6.597299957E+01 -6.666800022E+00 8.863499761E-01 3.729299903E-01 1.514400006E-03
 2.644500055E-04 6.669999857E-05 5.414100289E-01 7.614200000E+04 7.411000000E+04 2.786199951E+02 2.834299927E+02 6.759300232E+01 -2.764500046E+01 9.711700082E-01 3.440800011E-01 1.616199967E-03
 2.664999920E-04 6.669999857E-05 4.827899933E-01 9.518700000E+04 7.391000000E+04 2.685899963E+02 3.147999878E+02 6.831500244E+01 -4.174100113E+01 1.021000028E+00 3.275499940E-01 1.677699969E-03
 2.050000039E-04 6.900000153E-05 8.966400027E-01 -7.383700195E+03 -2.605800049E+03 2.972799988E+02 9.641999817E+01 1.250300026E+01 6.356700134E+01 3.384200037E-01 5.550699830E-01 1.040300005E-03
 2.070500050E-04 6.900000153E-05 8.964200020E-01 -4.447899902E+03 2.986600098E+03 2.972600098E+02 9.691000366E+01 1.324400043E+01 5.648899841E+01 3.404799998E-01 5.548899770E-01 1.040600007E-03
 2.091000060E-04 6.900000153E-05 8.949099779E-01 1.402899933E+02 8.664099609E+03 2.971600037E+02 9.798100281E+01 1.490200043E+01 4.743000031E+01 3.450500071E-01 5.537700057E-01 1.042300020E-03
 2.111500071E-04 6.900000153E-05 8.927999735E-01 2.971000000E+03 4.386899902E+03 2.969500122E+02 9.918900299E+01 1.652499962E+01 5.052399826E+01 3.502100110E-01 5.520899892E-01 1.044800039E-03
 2.131999936E-04 6.900000153E-05 8.910999894E-01 1.284500000E+03 -5.207799805E+03 2.967399902E+02 1.005699997E+02 1.808699989E+01 6.829599762E+01 3.560200036E-01 5.506399870E-01 1.046800055E-03
 2.152499947E-04 6.900000153E-05 8.889600039E-01 4.631399902E+03 -3.040500000E+03 2.965299988E+02 1.021600037E+02 1.967000008E+01 8.338999939E+01 3.625899851E-01 5.489199758E-01 1.049299957E-03
 2.172999957E-04 6.900000153E-05 8.859099746E-01 7.661799805E+03 2.016500000E+03 2.963200073E+02 1.039700012E+02 2.122599983E+01 6.963700104E+01 3.699800074E-01 5.466600060E-01 1.052899985E-03
 2.193499968E-04 6.900000153E-05 8.830900192E-01 1.000800000E+04 5.029700195E+03 2.959400024E+02 1.059300003E+02 2.296800041E+01 6.507099915E+01 3.781599998E-01 5.442199707E-01 1.056300011E-03
 2.213999978E-04 6.900000153E-05 8.805800080E-01 1.359500000E+04 8.753500000E+03 2.954700012E+02 1.080199966E+02 2.463899994E+01 6.756199646E+01 3.868699968E-01 5.418099761E-01 1.059300033E-03
 2.234499989E-04 6.900000153E-05 8.764799833E-01 6.403399902E+03 7.397200195E+03 2.952200012E+02 1.105299988E+02 2.632600021E+01 6.284899902E+01 3.968999982E-01 5.388399959E-01 1.064299955E-03
 2.254999999E-04 6.900000153E-05 8.718600273E-01 -1.376900024E+02 9.110500000E+03 2.950000000E+02 1.132500000E+02 2.805599976E+01 5.578599930E+01 4.077099860E-01 5.355899930E-01 1.069899998E-03
 2.275500010E-04 6.900000153E-05 8.662300110E-01 4.065800049E+03 1.356400000E+04 2.946799927E+02 1.162399979E+02 2.970299911E+01 6.140499878E+01 4.194799960E-01 5.315499902E-01 1.076900051E-03
 2.296000021E-04 6.900000153E-05 8.600999713E-01 9.310400391E+03 1.172200000E+04 2.944500122E+02 1.195800018E+02 3.130800056E+01 7.448200226E+01 4.323599935E-01 5.273699760E-01 1.084499992E-03
 2.316500031E-04 6.900000153E-05 8.544499874E-01 6.680299805E+03 1.213900000E+04 2.942300110E+02 1.231800003E+02 3.299499893E+01 7.840899658E+01 4.462200105E-01 5.235300064E-01 1.091700047E-03
 2.337000042E-04 6.900000153E-05 8.473100066E-01 3.934000000E+03 1.552800000E+04 2.940899963E+02 1.271399994E+02 3.478099823E+01 7.033300018E+01 4.613299966E-01 5.188999772E-01 1.100900001E-03
 2.357500052E-04 6.900000153E-05 8.393399715E-01 4.148600098E+03 2.013100000E+04 2.940100098E+02 1.314600067E+02 3.648500061E+01 6.143899918E+01 4.775600135E-01 5.138700008E-01 1.111399964E-03
 2.378000063E-04 6.900000153E-05 8.311300278E-01 2.711800049E+03 3.312500000E+04 2.938699951E+02 1.360599976E+02 3.822299957E+01 5.719499969E+01 4.948199987E-01 5.086100101E-01 1.122400048E-03
 2.398499928E-04 6.900000153E-05 8.216300011E-01 1.782699951E+03 3.608500000E+04 2.937500000E+02 1.410000000E+02 4.007600021E+01 5.651499939E+01 5.133500099E-01 5.025799870E-01 1.135400031E-03
 2.418999939E-04 6.900000153E-05 8.109800220E-01 4.263600098E+03 3.752500000E+04 2.936300049E+02 1.463899994E+02 4.199499893E+01 6.382400131E+01 5.334399939E-01 4.958600104E-01 1.150300028E-03
 2.439499949E-04 6.900000153E-05 7.998099923E-01 1.017200000E+04 4.690500000E+04 2.934899902E+02 1.521999969E+02 4.371300125E+01 6.219800186E+01 5.547900200E-01 4.887999892E-01 1.166400034E-03
 2.460000105E-04 6.900000153E-05 7.879599929E-01 8.898400391E+03 5.084600000E+04 2.932999878E+02 1.584299927E+02 4.527199936E+01 4.984400177E+01 5.774599910E-01 4.812499881E-01 1.183900051E-03
 2.480499970E-04 6.900000153E-05 7.747700214E-01 8.791799805E+03 4.890800000E+04 2.931300049E+02 1.651699982E+02 4.698199844E+01 2.872699928E+01 6.019899845E-01 4.729099870E-01 1.204099972E-03
 2.501000126E-04 6.900000153E-05 7.598000169E-01 6.364100098E+03 4.889000000E+04 2.929700012E+02 1.726799927E+02 4.883200073E+01 2.981500053E+01 6.292799711E-01 4.635100067E-01 1.227900037E-03
 2.521499991E-04 6.900000153E-05 7.434899807E-01 2.377699951E+03 5.388000000E+04 2.925599976E+02 1.810000000E+02 5.052899933E+01 3.100699997E+01 6.594300270E-01 4.529399872E-01 1.254900009E-03
 2.541999856E-04 6.900000153E-05 7.255300283E-01 7.224700195E+03 6.368100000E+04 2.918999939E+02 1.901000061E+02 5.223699951E+01 2.984300041E+01 6.925899982E-01 4.409799874E-01 1.286000013E-03
 2.562500013E-04 6.900000153E-05 7.060499787E-01 1.191900000E+04 6.850800000E+04 2.910799866E+02 2.000200043E+02 5.394200134E+01 1.766699982E+01 7.288100123E-01 4.279499948E-01 1.321500051E-03
 2.582999878E-04 6.900000153E-05 6.843799949E-01 1.904200000E+04 6.728400000E+04 2.898999939E+02 2.111999969E+02 5.557099915E+01 2.632499933E+00 7.698600292E-01 4.131399989E-01 1.363500021E-03
 2.603500034E-04 6.900000153E-05 6.588199735E-01 2.581400000E+04 7.675000000E+04 2.880700073E+02 2.245000000E+02 5.720500183E+01 5.174900055E+00 8.193299770E-01 3.952099979E-01 1.416599960E-03
 2.623999899E-04 6.900000153E-05 6.285099983E-01 4.163600000E+04 8.061000000E+04 2.850899963E+02 2.407200012E+02 5.875299835E+01 -3.239200115E+00 8.809099793E-01 3.731600046E-01 1.485300018E-03
 2.644500055E-04 6.900000153E-05 5.521100163E-01 6.767300000E+04 7.211000000E+04 2.733699951E+02 2.807099915E+02 6.009400177E+01 -1.264999962E+01 9.651499987E-01 3.443199992E-01 1.584799960E-03
 2.664999920E-04 6.900000153E-05 4.921300113E-01 8.150700000E+04 6.898600000E+04 2.634800110E+02 3.117799988E+02 6.065000153E+01 -1.401799965E+01 1.015100002E+00 3.276300132E-01 1.645499957E-03
 2.050000039E-04 7.129999722E-05 8.944699764E-01 3.553699951E+03 -6.049700195E+03 2.973200073E+02 9.795700073E+01 1.175300026E+01 2.549200058E+01 3.433800042E-01 5.537999868E-01 1.042900025E-03
 2.070500050E-04 7.129999722E-05 8.944699764E-01 -4.211900024E+02 -4.149600098E+03 2.972600098E+02 9.843099976E+01 1.239000034E+01 1.859399986E+01 3.453400135E-01 5.536800027E-01 1.042900025E-03
 2.091000060E-04 7.129999722E-05 8.931699991E-01 2.268600098E+03 -2.533899902E+03 2.971199951E+02 9.953299713E+01 1.375599957E+01 1.923999977E+01 3.498499990E-01 5.526199937E-01 1.044400036E-03
 2.111500071E-04 7.129999722E-05 8.910899758E-01 3.031000000E+03 8.620700073E+02 2.970299988E+02 1.008799973E+02 1.526399994E+01 3.915100098E+01 3.552899957E-01 5.511699915E-01 1.046800055E-03
 2.131999936E-04 7.129999722E-05 8.894500136E-01 -5.761999893E+01 -3.968399963E+02 2.967399902E+02 1.023799973E+02 1.663800049E+01 5.781100082E+01 3.613899946E-01 5.496199727E-01 1.048699953E-03
 2.152499947E-04 7.129999722E-05 8.868899941E-01 6.516899902E+03 -2.450699951E+03 2.963699951E+02 1.040999985E+02 1.804400063E+01 7.045700073E+01 3.683300018E-01 5.473600030E-01 1.051799976E-03
 2.172999957E-04 7.129999722E-05 8.838800192E-01 6.229399902E+03 1.174500000E+03 2.961499939E+02 1.059599991E+02 1.949500084E+01 6.858999634E+01 3.757300079E-01 5.450999737E-01 1.055300003E-03
 2.193499968E-04 7.129999722E-05 8.816699982E-01 5.118399902E+03 9.991500000E+03 2.956799927E+02 1.079700012E+02 2.101199913E+01 6.166899872E+01 3.839200139E-01 5.428500175E-01 1.058000023E-03
 2.213999978E-04 7.129999722E-05 8.793799877E-01 1.465900000E+04 1.266100000E+04 2.951499939E+02 1.102500000E+02 2.253499985E+01 5.119699860E+01 3.931199908E-01 5.404800177E-01 1.060800045E-03
 2.234499989E-04 7.129999722E-05 8.755800128E-01 9.505400391E+03 7.191600098E+03 2.949400024E+02 1.127399979E+02 2.403499985E+01 4.963000107E+01 4.028599858E-01 5.377600193E-01 1.065399963E-03
 2.254999999E-04 7.129999722E-05 8.708800077E-01 4.068699951E+02 4.604799805E+03 2.948200073E+02 1.154400024E+02 2.564500046E+01 4.213000107E+01 4.133700132E-01 5.346599817E-01 1.071100007E-03
 2.275500010E-04 7.129999722E-05 8.657400012E-01 5.308000000E+03 -6.377199707E+02 2.944500122E+02 1.185000000E+02 2.701000023E+01 3.457600021E+01 4.251199961E-01 5.308300257E-01 1.077500056E-03
 2.296000021E-04 7.129999722E-05 8.602399826E-01 1.280200000E+04 3.357500000E+03 2.939200134E+02 1.218199997E+02 2.828100014E+01 4.936999893E+01 4.378400147E-01 5.265100002E-01 1.084399992E-03
 2.316500031E-04 7.129999722E-05 8.544800282E-01 1.492100000E+04 1.114100000E+04 2.934800110E+02 1.253799973E+02 2.982099915E+01 6.456099701E+01 4.515399933E-01 5.221999884E-01 1.091700047E-03
 2.337000042E-04 7.129999722E-05 8.484500051E-01 6.736600098E+03 1.261300000E+04 2.931099854E+02 1.291900024E+02 3.141300011E+01 6.803299713E+01 4.661200047E-01 5.178700089E-01 1.099399989E-03
 2.357500052E-04 7.129999722E-05 8.417000175E-01 5.312299805E+03 2.061700000E+04 2.927999878E+02 1.333099976E+02 3.283000183E+01 6.804000092E+01 4.815700054E-01 5.131999850E-01 1.108300057E-03
 2.378000063E-04 7.129999722E-05 8.333100080E-01 6.672399902E+03 2.418500000E+04 2.924599915E+02 1.378300018E+02 3.439500046E+01 6.077700043E+01 4.985800087E-01 5.074999928E-01 1.119400025E-03
 2.398499928E-04 7.129999722E-05 8.245800138E-01 8.094500000E+03 1.924800000E+04 2.920299988E+02 1.426399994E+02 3.604800034E+01 5.161500168E+01 5.167300105E-01 5.014399886E-01 1.131300000E-03
 2.418999939E-04 7.129999722E-05 8.151299953E-01 9.969200195E+03 2.507700000E+04 2.916300049E+02 1.478500061E+02 3.770500183E+01 6.545400238E+01 5.362899899E-01 4.950099885E-01 1.144399983E-03
 2.439499949E-04 7.129999722E-05 8.043000102E-01 8.569700195E+03 3.397100000E+04 2.912699890E+02 1.536000061E+02 3.924700165E+01 6.994799805E+01 5.575399995E-01 4.878399968E-01 1.159799984E-03
 2.460000105E-04 7.129999722E-05 7.932199836E-01 8.646000000E+03 3.228600000E+04 2.908800049E+02 1.596000061E+02 4.065000153E+01 4.583100128E+01 5.795999765E-01 4.804700017E-01 1.175999991E-03
 2.480499970E-04 7.129999722E-05 7.809000015E-01 1.349800000E+04 3.069800000E+04 2.904200134E+02 1.661100006E+02 4.207400131E+01 2.830100060E+01 6.035299897E-01 4.722599983E-01 1.194600016E-03
 2.501000126E-04 7.129999722E-05 7.668499947E-01 1.296500000E+04 3.685000000E+04 2.898800049E+02 1.733899994E+02 4.353900146E+01 2.416300011E+01 6.302099824E-01 4.629099965E-01 1.216499950E-03
 2.521499991E-04 7.129999722E-05 7.514100075E-01 1.241700000E+04 4.498100000E+04 2.891300049E+02 1.813399963E+02 4.502799988E+01 2.457699966E+01 6.595299840E-01 4.524100125E-01 1.241600025E-03
 2.541999856E-04 7.129999722E-05 7.347999811E-01 1.700800000E+04 5.398900000E+04 2.881300049E+02 1.898899994E+02 4.657799911E+01 3.009499931E+01 6.913499832E-01 4.408800006E-01 1.269700006E-03
 2.562500013E-04 7.129999722E-05 7.158799767E-01 1.921900000E+04 5.527300000E+04 2.870000000E+02 1.995299988E+02 4.800699997E+01 1.204399967E+01 7.271000147E-01 4.278399944E-01 1.303300029E-03
 2.582999878E-04 7.129999722E-05 6.946700215E-01 2.821400000E+04 4.900700000E+04 2.855299988E+02 2.104799957E+02 4.940000153E+01 6.536099911E+00 7.679600120E-01 4.130400121E-01 1.343199983E-03
 2.603500034E-04 7.129999722E-05 6.697700024E-01 3.406100000E+04 5.483500000E+04 2.833800049E+02 2.233000031E+02 5.071900177E+01 6.714900017E+00 8.165100217E-01 3.952600062E-01 1.393400016E-03
 2.623999899E-04 7.129999722E-05 6.394000053E-01 4.570700000E+04 6.159400000E+04 2.803299866E+02 2.390700073E+02 5.195700073E+01 -1.482299995E+01 8.771200180E-01 3.732999861E-01 1.459900057E-03
 2.644500055E-04 7.129999722E-05 5.619699955E-01 6.725200000E+04 5.859500000E+04 2.687699890E+02 2.784899902E+02 5.318000031E+01 -1.579199982E+01 9.603499770E-01 3.447600007E-01 1.556399977E-03
 2.664999920E-04 7.129999722E-05 5.007600188E-01 7.679700000E+04 5.744700000E+04 2.589500122E+02 3.092600098E+02 5.368999863E+01 -6.128900051E+00 1.009999990E+00 3.280000091E-01 1.615899964E-03
 2.050000039E-04 7.360000018E-05 8.927000165E-01 8.879400391E+03 -2.853300049E+03 2.973999939E+02 9.918699646E+01 1.091100025E+01 3.693799973E+01 3.472599983E-01 5.528399944E-01 1.044900040E-03
 2.070500050E-04 7.360000018E-05 8.921999931E-01 3.004100098E+03 -1.874500000E+03 2.972300110E+02 9.969499969E+01 1.145899963E+01 1.632699966E+01 3.493399918E-01 5.522199869E-01 1.045500045E-03
 2.091000060E-04 7.360000018E-05 8.909100294E-01 2.161300049E+03 -3.444100098E+03 2.969599915E+02 1.008499985E+02 1.259700012E+01 1.417300034E+01 3.539600074E-01 5.509200096E-01 1.047000056E-03
 2.111500071E-04 7.360000018E-05 8.895699978E-01 1.535400024E+03 -1.359799957E+02 2.969400024E+02 1.022200012E+02 1.388899994E+01 3.174799919E+01 3.592799902E-01 5.500500202E-01 1.048599952E-03
 2.131999936E-04 7.360000018E-05 8.879799843E-01 1.413599976E+03 2.871000000E+03 2.966499939E+02 1.037099991E+02 1.510999966E+01 3.025699997E+01 3.652200103E-01 5.485399961E-01 1.050499966E-03
 2.152499947E-04 7.360000018E-05 8.852000237E-01 7.605700195E+03 1.127300049E+03 2.962500000E+02 1.054300003E+02 1.640699959E+01 4.306299973E+01 3.720499873E-01 5.460900068E-01 1.053799991E-03
 2.172999957E-04 7.360000018E-05 8.825600147E-01 5.146200195E+03 7.730000000E+03 2.959599915E+02 1.072500000E+02 1.774300003E+01 5.210400009E+01 3.792600036E-01 5.439199805E-01 1.056900015E-03
 2.193499968E-04 7.360000018E-05 8.800899982E-01 -2.676499939E+02 1.610300000E+04 2.955299988E+02 1.093300018E+02 1.897299957E+01 4.437599945E+01 3.874000013E-01 5.416200161E-01 1.059900038E-03
 2.213999978E-04 7.360000018E-05 8.771499991E-01 6.882899902E+03 7.834299805E+03 2.951600037E+02 1.117900009E+02 2.024200058E+01 4.740100098E+01 3.968699872E-01 5.391299725E-01 1.063399948E-03
 2.234499989E-04 7.360000018E-05 8.735499978E-01 8.564700195E+03 -1.913300049E+03 2.948299866E+02 1.145100021E+02 2.161499977E+01 5.300500107E+01 4.073199928E-01 5.363199711E-01 1.067799982E-03
 2.254999999E-04 7.360000018E-05 8.690000176E-01 3.244100098E+03 5.759500122E+02 2.946499939E+02 1.174400024E+02 2.310600090E+01 4.919100189E+01 4.185200036E-01 5.332099795E-01 1.073400024E-03
 2.275500010E-04 7.360000018E-05 8.646399975E-01 4.503700195E+03 -2.837000000E+03 2.942900085E+02 1.204599991E+02 2.425900078E+01 4.084999847E+01 4.299199879E-01 5.298699737E-01 1.078799949E-03
 2.296000021E-04 7.360000018E-05 8.600299954E-01 7.541600098E+03 3.268500000E+03 2.937200012E+02 1.236299973E+02 2.533699989E+01 3.133699989E+01 4.419699907E-01 5.260300040E-01 1.084599993E-03
 2.316500031E-04 7.360000018E-05 8.546500206E-01 1.144100000E+04 9.727099609E+03 2.932000122E+02 1.270899963E+02 2.669599915E+01 3.590399933E+01 4.552100003E-01 5.218099952E-01 1.091400045E-03
 2.337000042E-04 7.360000018E-05 8.486800194E-01 9.702500000E+03 6.634100098E+03 2.927000122E+02 1.308699951E+02 2.805200005E+01 4.479700089E+01 4.695500135E-01 5.172899961E-01 1.099099987E-03
 2.357500052E-04 7.360000018E-05 8.419600129E-01 4.252799805E+03 1.465400000E+04 2.922399902E+02 1.349100037E+02 2.934900093E+01 5.368500137E+01 4.847399890E-01 5.123800039E-01 1.107900054E-03
 2.378000063E-04 7.360000018E-05 8.341900110E-01 2.639899902E+03 1.190000000E+04 2.916400146E+02 1.393399963E+02 3.075000000E+01 5.720999908E+01 5.015000105E-01 5.066199899E-01 1.118200016E-03
 2.398499928E-04 7.360000018E-05 8.264600039E-01 1.412500000E+04 5.133299805E+03 2.909200134E+02 1.440000000E+02 3.218199921E+01 5.333300018E+01 5.192400217E-01 5.006700158E-01 1.128699980E-03
 2.418999939E-04 7.360000018E-05 8.175799847E-01 1.440500000E+04 1.676700000E+04 2.903699951E+02 1.490899963E+02 3.356999969E+01 6.545400238E+01 5.382900238E-01 4.943599999E-01 1.140999957E-03
 2.439499949E-04 7.360000018E-05 8.071200252E-01 7.150500000E+03 2.571400000E+04 2.898900146E+02 1.547299957E+02 3.481800079E+01 6.394499969E+01 5.590999722E-01 4.872300029E-01 1.155799953E-03
 2.460000105E-04 7.360000018E-05 7.967900038E-01 1.154800000E+04 2.318300000E+04 2.891799927E+02 1.606699982E+02 3.604499817E+01 5.370299911E+01 5.811899900E-01 4.798200130E-01 1.170799951E-03
 2.480499970E-04 7.360000018E-05 7.853000164E-01 1.864500000E+04 2.025300000E+04 2.883200073E+02 1.671499939E+02 3.728200150E+01 3.749399948E+01 6.053599715E-01 4.714899957E-01 1.187899965E-03
 2.501000126E-04 7.360000018E-05 7.720299959E-01 1.831300000E+04 2.713400000E+04 2.875000000E+02 1.742299957E+02 3.852600098E+01 2.509000015E+01 6.316199899E-01 4.622099996E-01 1.208300004E-03
 2.521499991E-04 7.360000018E-05 7.574300170E-01 1.649700000E+04 3.654400000E+04 2.865899963E+02 1.819199982E+02 3.979499817E+01 3.550699997E+01 6.602399945E-01 4.520199895E-01 1.231699949E-03
 2.541999856E-04 7.360000018E-05 7.416700125E-01 2.171600000E+04 4.065000000E+04 2.854299927E+02 1.902400055E+02 4.110300064E+01 3.588100052E+01 6.914499998E-01 4.408400059E-01 1.257900032E-03
 2.562500013E-04 7.360000018E-05 7.234600186E-01 2.689600000E+04 3.887700000E+04 2.839899902E+02 1.996799927E+02 4.231900024E+01 2.450300026E+01 7.269999981E-01 4.278399944E-01 1.289600041E-03
 2.582999878E-04 7.360000018E-05 7.025700212E-01 3.147700000E+04 3.368800000E+04 2.821300049E+02 2.105000000E+02 4.347399902E+01 1.225100040E+01 7.681000233E-01 4.127799869E-01 1.327999984E-03
 2.603500034E-04 7.360000018E-05 6.782600284E-01 3.853600000E+04 3.757900000E+04 2.797099915E+02 2.230299988E+02 4.458800125E+01 2.669300079E+00 8.162999749E-01 3.950900137E-01 1.375899999E-03
 2.623999899E-04 7.360000018E-05 6.490100026E-01 5.482200000E+04 4.468000000E+04 2.765400085E+02 2.381900024E+02 4.556200027E+01 -3.462699890E+00 8.753799796E-01 3.737800121E-01 1.438200008E-03
 2.644500055E-04 7.360000018E-05 5.708500147E-01 7.442000000E+04 4.762300000E+04 2.648900146E+02 2.771900024E+02 4.653400040E+01 -3.808299825E-02 9.576699734E-01 3.455899954E-01 1.530700014E-03
 2.664999920E-04 7.360000018E-05 5.084499717E-01 8.291300000E+04 4.905500000E+04 2.550200043E+02 3.078800049E+02 4.698199844E+01 5.027500153E+00 1.007300019E+00 3.288800120E-01 1.588299987E-03
 2.050000039E-04 7.590000314E-05 8.910200000E-01 6.717600098E+03 5.109799805E+03 2.974299927E+02 9.968499756E+01 1.005900002E+01 4.439699936E+01 3.486500084E-01 5.518599749E-01 1.046900055E-03
 2.070500050E-04 7.590000314E-05 8.904100060E-01 5.304200195E+03 4.532000000E+03 2.972200012E+02 1.002300034E+02 1.042000008E+01 2.992600060E+01 3.507899940E-01 5.511000156E-01 1.047599944E-03
 2.091000060E-04 7.590000314E-05 8.895000219E-01 3.253500000E+03 -1.249800049E+03 2.968999939E+02 1.014400024E+02 1.134599972E+01 2.963699913E+01 3.555200100E-01 5.499500036E-01 1.048699953E-03
 2.111500071E-04 7.590000314E-05 8.881499767E-01 -3.343399902E+03 -2.169600098E+03 2.968399963E+02 1.028700027E+02 1.243799973E+01 3.922299957E+01 3.609699905E-01 5.489900112E-01 1.050299965E-03
 2.131999936E-04 7.590000314E-05 8.864300251E-01 1.752699951E+03 6.462000000E+03 2.965899963E+02 1.044800034E+02 1.352299976E+01 2.494000053E+01 3.671300113E-01 5.474699736E-01 1.052299980E-03
 2.152499947E-04 7.590000314E-05 8.842899799E-01 1.288500000E+04 8.351200195E+03 2.961900024E+02 1.063099976E+02 1.472599983E+01 2.657999992E+01 3.742600083E-01 5.454199910E-01 1.054900000E-03
 2.172999957E-04 7.590000314E-05 8.814499974E-01 7.649799805E+03 7.362799805E+03 2.958800049E+02 1.084199982E+02 1.588399982E+01 2.783300018E+01 3.823300004E-01 5.430899858E-01 1.058300026E-03
 2.193499968E-04 7.590000314E-05 8.785799742E-01 2.399399902E+03 7.611899902E+03 2.955899963E+02 1.106200027E+02 1.684499931E+01 1.736599922E+01 3.906100094E-01 5.407900214E-01 1.061700052E-03
 2.213999978E-04 7.590000314E-05 8.756800294E-01 3.296199951E+03 1.542300049E+03 2.952399902E+02 1.129499969E+02 1.782600021E+01 3.309099960E+01 3.994100094E-01 5.383599997E-01 1.065199962E-03
 2.234499989E-04 7.590000314E-05 8.716700077E-01 1.095599976E+02 6.932500000E+02 2.948099976E+02 1.158099976E+02 1.901300049E+01 3.875099945E+01 4.102399945E-01 5.351300240E-01 1.070099999E-03
 2.254999999E-04 7.590000314E-05 8.671900034E-01 -2.802399902E+02 2.756300049E+03 2.944599915E+02 1.189100037E+02 2.038299942E+01 3.958100128E+01 4.219799936E-01 5.317500234E-01 1.075700042E-03
 2.275500010E-04 7.590000314E-05 8.634700179E-01 5.420799805E+03 3.777099915E+02 2.940199890E+02 1.219199982E+02 2.150799942E+01 4.514799881E+01 4.333400130E-01 5.286700130E-01 1.080299960E-03
 2.296000021E-04 7.590000314E-05 8.592200279E-01 9.183799805E+03 3.718199951E+03 2.935299988E+02 1.250899963E+02 2.245400047E+01 3.262300110E+01 4.452100098E-01 5.251899958E-01 1.085600001E-03
 2.316500031E-04 7.590000314E-05 8.541600108E-01 8.208700195E+03 3.826000000E+03 2.929800110E+02 1.285500031E+02 2.363400078E+01 2.954500008E+01 4.583100080E-01 5.211300254E-01 1.092100050E-03
 2.337000042E-04 7.590000314E-05 8.482999802E-01 7.133000000E+03 2.360000000E+03 2.923900146E+02 1.323399963E+02 2.478300095E+01 3.539699936E+01 4.726000130E-01 5.165100098E-01 1.099599991E-03
 2.357500052E-04 7.590000314E-05 8.419299722E-01 1.983800049E+03 7.722000000E+03 2.918500061E+02 1.363399963E+02 2.587199974E+01 4.090100098E+01 4.875400066E-01 5.116800070E-01 1.107900054E-03
 2.378000063E-04 7.590000314E-05 8.347899914E-01 4.791700134E+02 1.071300000E+04 2.912399902E+02 1.407100067E+02 2.702400017E+01 4.856000137E+01 5.039100051E-01 5.062800050E-01 1.117400010E-03
 2.398499928E-04 7.590000314E-05 8.273400068E-01 1.012400000E+04 5.845399902E+03 2.904899902E+02 1.454100037E+02 2.830299950E+01 4.895999908E+01 5.216900110E-01 5.004699826E-01 1.127499971E-03
 2.418999939E-04 7.590000314E-05 8.192300200E-01 1.315900000E+04 7.011799805E+03 2.898299866E+02 1.504199982E+02 2.958399963E+01 6.227600098E+01 5.404899716E-01 4.944300056E-01 1.138700056E-03
 2.439499949E-04 7.590000314E-05 8.096899986E-01 1.573100000E+04 1.568900000E+04 2.890299988E+02 1.558300018E+02 3.048600006E+01 5.984799957E+01 5.605700016E-01 4.873299897E-01 1.152100042E-03
 2.460000105E-04 7.590000314E-05 7.991999984E-01 2.111900000E+04 1.518600000E+04 2.880400085E+02 1.616999969E+02 3.143899918E+01 4.479999924E+01 5.825499892E-01 4.793800116E-01 1.167200040E-03
 2.480499970E-04 7.590000314E-05 7.881699800E-01 2.407700000E+04 1.489500000E+04 2.870799866E+02 1.680800018E+02 3.252199936E+01 3.188299942E+01 6.064599752E-01 4.711799920E-01 1.183600049E-03
 2.501000126E-04 7.590000314E-05 7.761099935E-01 1.950200000E+04 2.102600000E+04 2.860599976E+02 1.749499969E+02 3.355099869E+01 3.157099915E+01 6.321700215E-01 4.623099864E-01 1.201999956E-03
 2.521499991E-04 7.590000314E-05 7.621300220E-01 1.583800000E+04 2.256400000E+04 2.848699951E+02 1.825399933E+02 3.464799881E+01 4.899000168E+01 6.607300043E-01 4.521099925E-01 1.224100008E-03
 2.541999856E-04 7.590000314E-05 7.464399934E-01 1.946000000E+04 2.322700000E+04 2.834500122E+02 1.908500061E+02 3.576200104E+01 4.644900131E+01 6.922399998E-01 4.406000078E-01 1.249799971E-03
 2.562500013E-04 7.590000314E-05 7.284700274E-01 2.447000000E+04 2.235000000E+04 2.818200073E+02 2.001799927E+02 3.679499817E+01 3.174200058E+01 7.277299762E-01 4.275200069E-01 1.280699973E-03
 2.582999878E-04 7.590000314E-05 7.079300284E-01 3.032600000E+04 2.181400000E+04 2.797500000E+02 2.108300018E+02 3.774200058E+01 2.027899933E+01 7.686200142E-01 4.124299884E-01 1.318000024E-03
 2.603500034E-04 7.590000314E-05 6.843199730E-01 3.818000000E+04 2.984900000E+04 2.771300049E+02 2.231499939E+02 3.861100006E+01 1.294799995E+01 8.165599704E-01 3.949500024E-01 1.363600022E-03
 2.623999899E-04 7.590000314E-05 6.561300159E-01 5.353200000E+04 3.618000000E+04 2.738099976E+02 2.379400024E+02 3.943799973E+01 6.599100113E+00 8.749200106E-01 3.741700053E-01 1.422500005E-03
 2.644500055E-04 7.590000314E-05 5.773400068E-01 7.223300000E+04 3.532400000E+04 2.621000061E+02 2.767000122E+02 4.033499908E+01 1.646700025E+00 9.571800232E-01 3.460099995E-01 1.512999996E-03
 2.664999920E-04 7.590000314E-05 5.139899850E-01 8.138900000E+04 3.359300000E+04 2.522700043E+02 3.073599854E+02 4.077500153E+01 -4.754199982E+00 1.007099986E+00 3.292300105E-01 1.569999964E-03
 2.050000039E-04 7.819999882E-05 8.901200294E-01 8.845000000E+03 3.388399902E+03 2.973399963E+02 9.951899719E+01 8.905699730E+00 2.402700043E+01 3.477599919E-01 5.511400104E-01 1.047999947E-03
 2.070500050E-04 7.819999882E-05 8.896600008E-01 9.862599609E+03 7.857200195E+03 2.971900024E+02 1.001299973E+02 9.187000275E+00 2.275000000E+01 3.500399888E-01 5.505800247E-01 1.048499951E-03
 2.091000060E-04 7.819999882E-05 8.885099888E-01 6.826799805E+03 7.046700195E+03 2.969200134E+02 1.015400009E+02 9.903800011E+00 2.437500000E+01 3.553499877E-01 5.493800044E-01 1.049899962E-03
 2.111500071E-04 7.819999882E-05 8.866900206E-01 2.222399902E+03 4.305299805E+03 2.967699890E+02 1.031699982E+02 1.083699989E+01 2.891399956E+01 3.614099920E-01 5.479599833E-01 1.051999978E-03
 2.131999936E-04 7.819999882E-05 8.850100040E-01 9.095900391E+03 1.280500000E+04 2.964299927E+02 1.048899994E+02 1.185700035E+01 2.236100006E+01 3.679699898E-01 5.463100076E-01 1.053999993E-03
 2.152499947E-04 7.819999882E-05 8.831999898E-01 1.646100000E+04 9.118500000E+03 2.960000000E+02 1.068199997E+02 1.281799984E+01 1.548799992E+01 3.752900064E-01 5.443900228E-01 1.056200010E-03
 2.172999957E-04 7.819999882E-05 8.799600005E-01 9.854500000E+03 -3.516500000E+03 2.958200073E+02 1.090299988E+02 1.381700039E+01 7.292900085E+00 3.835000098E-01 5.420600176E-01 1.060100039E-03
 2.193499968E-04 7.819999882E-05 8.768600225E-01 7.388600098E+03 -6.612399902E+03 2.957000122E+02 1.113099976E+02 1.477999973E+01 2.726399899E+00 3.919000030E-01 5.399399996E-01 1.063799951E-03
 2.213999978E-04 7.819999882E-05 8.740800023E-01 8.799599609E+03 8.840800171E+02 2.953599854E+02 1.135999985E+02 1.548999977E+01 1.361699963E+01 4.003799856E-01 5.376099944E-01 1.067199977E-03
 2.234499989E-04 7.819999882E-05 8.702800274E-01 1.416300049E+03 5.484700195E+03 2.948999939E+02 1.163000031E+02 1.635700035E+01 1.550699997E+01 4.104599953E-01 5.344300270E-01 1.071800012E-03
 2.254999999E-04 7.819999882E-05 8.661800027E-01 1.668500000E+03 3.864899902E+03 2.943599854E+02 1.193300018E+02 1.758600044E+01 2.294099998E+01 4.219399989E-01 5.309399962E-01 1.076900051E-03
 2.275500010E-04 7.819999882E-05 8.623099923E-01 5.258500000E+03 6.131500000E+03 2.938900146E+02 1.225100021E+02 1.859900093E+01 3.446900177E+01 4.338099957E-01 5.277299881E-01 1.081799972E-03
 2.296000021E-04 7.819999882E-05 8.578500152E-01 7.859299805E+03 2.565600098E+03 2.935000000E+02 1.259199982E+02 1.942600060E+01 2.686700058E+01 4.463399947E-01 5.243099928E-01 1.087400015E-03
 2.316500031E-04 7.819999882E-05 8.528599739E-01 6.292700195E+03 -3.801400146E+02 2.929299927E+02 1.294600067E+02 2.047800064E+01 2.467700005E+01 4.596099854E-01 5.202500224E-01 1.093699946E-03
 2.337000042E-04 7.819999882E-05 8.478800058E-01 1.167800000E+04 3.791100098E+03 2.921900024E+02 1.332200012E+02 2.144300079E+01 2.950300026E+01 4.737899899E-01 5.158900023E-01 1.100199996E-03
 2.357500052E-04 7.819999882E-05 8.419700265E-01 1.283800000E+04 3.077100098E+03 2.915299988E+02 1.373300018E+02 2.232500076E+01 3.217300034E+01 4.890600145E-01 5.111399889E-01 1.107900054E-03
 2.378000063E-04 7.819999882E-05 8.349000216E-01 2.758699951E+03 5.400899902E+03 2.909899902E+02 1.417599945E+02 2.330400085E+01 3.667100143E+01 5.054600239E-01 5.059000254E-01 1.117300009E-03
 2.398499928E-04 7.819999882E-05 8.272899985E-01 6.950299805E+03 5.407000000E+03 2.902500000E+02 1.465000000E+02 2.439200020E+01 3.978499985E+01 5.232300162E-01 5.000299811E-01 1.127599971E-03
 2.418999939E-04 7.819999882E-05 8.193899989E-01 1.468300000E+04 1.142099976E+03 2.893999939E+02 1.515299988E+02 2.550300026E+01 4.938399887E+01 5.421400070E-01 4.938000143E-01 1.138400054E-03
 2.439499949E-04 7.819999882E-05 8.103500009E-01 1.831600000E+04 2.318000000E+03 2.884200134E+02 1.569400024E+02 2.629899979E+01 3.649700165E+01 5.623900294E-01 4.866999984E-01 1.151200035E-03
 2.460000105E-04 7.819999882E-05 8.001000285E-01 1.633500000E+04 1.077699951E+03 2.873699951E+02 1.627700043E+02 2.698900032E+01 2.322900009E+01 5.841599703E-01 4.787899852E-01 1.165900030E-03
 2.480499970E-04 7.819999882E-05 7.896000147E-01 1.813100000E+04 8.895000000E+03 2.863599854E+02 1.689499969E+02 2.781500053E+01 3.184700012E+01 6.073099971E-01 4.708600044E-01 1.181400032E-03
 2.501000126E-04 7.819999882E-05 7.779499888E-01 1.491800000E+04 1.165100000E+04 2.852600098E+02 1.756900024E+02 2.867300034E+01 3.001799965E+01 6.326299906E-01 4.621300101E-01 1.199100050E-03
 2.521499991E-04 7.819999882E-05 7.637599707E-01 1.565300000E+04 5.466700195E+03 2.838999939E+02 1.833000031E+02 2.969099998E+01 3.489899826E+01 6.614599824E-01 4.515399933E-01 1.221499988E-03
 2.541999856E-04 7.819999882E-05 7.486199737E-01 2.584400000E+04 8.662400391E+03 2.822600098E+02 1.914799957E+02 3.063999939E+01 3.728900146E+01 6.927700043E-01 4.400399923E-01 1.246099942E-03
 2.562500013E-04 7.819999882E-05 7.320200205E-01 2.894600000E+04 1.404500000E+04 2.804200134E+02 2.004499969E+02 3.145800018E+01 1.662700081E+01 7.272599936E-01 4.274800122E-01 1.274500042E-03
 2.582999878E-04 7.819999882E-05 7.120400071E-01 3.329600000E+04 1.512100000E+04 2.782300110E+02 2.108000031E+02 3.223500061E+01 1.800799942E+01 7.673500180E-01 4.125699997E-01 1.310299966E-03
 2.603500034E-04 7.819999882E-05 6.885300279E-01 4.278100000E+04 2.039300000E+04 2.754800110E+02 2.229199982E+02 3.289099884E+01 2.793099976E+01 8.148999810E-01 3.950200081E-01 1.355199958E-03
 2.623999899E-04 7.819999882E-05 6.600000262E-01 5.943500000E+04 2.191700000E+04 2.719500122E+02 2.376799927E+02 3.360300064E+01 1.757799911E+01 8.737400174E-01 3.738200068E-01 1.414200058E-03
 2.644500055E-04 7.819999882E-05 5.809800029E-01 7.387400000E+04 1.883900000E+04 2.602000122E+02 2.761700134E+02 3.429199982E+01 -7.309600115E-01 9.556400180E-01 3.457500041E-01 1.503100037E-03
 2.664999920E-04 7.819999882E-05 5.177099705E-01 7.783100000E+04 2.047400000E+04 2.504499969E+02 3.065199890E+02 3.459199905E+01 -1.517000008E+01 1.004799962E+00 3.293499947E-01 1.558299991E-03
 2.050000039E-04 8.050000179E-05 8.885499835E-01 6.626600098E+03 -2.326399902E+03 2.971900024E+02 9.907599640E+01 7.422399998E+00 1.288599968E+01 3.458899856E-01 5.498999953E-01 1.049799961E-03
 2.070500050E-04 8.050000179E-05 8.880500197E-01 6.479200195E+03 2.288300049E+03 2.970700073E+02 9.983000183E+01 7.723100185E+00 4.520899773E+00 3.486500084E-01 5.493599772E-01 1.050399966E-03
 2.091000060E-04 8.050000179E-05 8.866800070E-01 9.651299805E+03 3.706899902E+03 2.968699951E+02 1.014000015E+02 8.381799698E+00 1.023799992E+01 3.544099927E-01 5.481399894E-01 1.051999978E-03
 2.111500071E-04 8.050000179E-05 8.851199746E-01 1.183400000E+04 3.948600098E+03 2.966300049E+02 1.030299988E+02 9.194499969E+00 9.782600403E+00 3.604600132E-01 5.467399955E-01 1.053899992E-03
 2.131999936E-04 8.050000179E-05 8.835300207E-01 9.772599609E+03 1.012100000E+04 2.963299866E+02 1.048300018E+02 1.006599998E+01 7.511899948E+00 3.671500087E-01 5.452100039E-01 1.055800007E-03
 2.152499947E-04 8.050000179E-05 8.815500140E-01 9.462299805E+03 7.756399902E+03 2.959899902E+02 1.068499985E+02 1.081299973E+01 1.091100025E+01 3.746399879E-01 5.433599949E-01 1.058100024E-03
 2.172999957E-04 8.050000179E-05 8.788099885E-01 8.742900391E+03 -2.661399902E+03 2.958299866E+02 1.089700012E+02 1.170400047E+01 2.559299946E+00 3.824200034E-01 5.413699746E-01 1.061400049E-03
 2.193499968E-04 8.050000179E-05 8.760300279E-01 1.319200000E+04 -1.022800000E+04 2.956799927E+02 1.112399979E+02 1.264999962E+01 1.297700024E+01 3.907499909E-01 5.393900275E-01 1.064799959E-03
 2.213999978E-04 8.050000179E-05 8.727399707E-01 1.604600000E+04 -2.808000000E+03 2.953800049E+02 1.138000031E+02 1.318700027E+01 1.109200001E+01 4.000599980E-01 5.368099809E-01 1.068799989E-03
 2.234499989E-04 8.050000179E-05 8.688899875E-01 1.029500000E+04 2.512000000E+03 2.950000000E+02 1.165100021E+02 1.378699970E+01 -8.897899628E+00 4.099600017E-01 5.337700248E-01 1.073600026E-03
 2.254999999E-04 8.050000179E-05 8.652499914E-01 1.215400000E+04 2.636600098E+03 2.944400024E+02 1.193899994E+02 1.467899990E+01 7.295899868E+00 4.207299948E-01 5.305200219E-01 1.078099944E-03
 2.275500010E-04 8.050000179E-05 8.612200022E-01 1.091700000E+04 1.953699951E+03 2.939899902E+02 1.226800003E+02 1.550000000E+01 2.524900055E+01 4.328500032E-01 5.272399783E-01 1.083099982E-03
 2.296000021E-04 8.050000179E-05 8.565599918E-01 6.895500000E+03 -3.634500000E+03 2.935899963E+02 1.262399979E+02 1.634499931E+01 2.333799934E+01 4.458799958E-01 5.236799717E-01 1.089000027E-03
 2.316500031E-04 8.050000179E-05 8.514599800E-01 7.869200195E+03 -2.251300049E+03 2.929800110E+02 1.298899994E+02 1.722900009E+01 1.683600044E+01 4.594300091E-01 5.194699764E-01 1.095499960E-03
 2.337000042E-04 8.050000179E-05 8.463199735E-01 1.340500000E+04 5.364600098E+03 2.922900085E+02 1.337100067E+02 1.796599960E+01 1.325599957E+01 4.736300111E-01 5.151200294E-01 1.102200011E-03
 2.357500052E-04 8.050000179E-05 8.404499888E-01 1.195900000E+04 7.936200195E+03 2.915599976E+02 1.379199982E+02 1.868899918E+01 1.967200089E+01 4.892300069E-01 5.102699995E-01 1.109899953E-03
 2.378000063E-04 8.050000179E-05 8.344600201E-01 9.635799805E+03 1.720300049E+03 2.907600098E+02 1.422899933E+02 1.954500008E+01 2.291099930E+01 5.055599809E-01 5.052400231E-01 1.117900014E-03
 2.398499928E-04 8.050000179E-05 8.274000287E-01 1.628900000E+04 9.430200195E+02 2.900000000E+02 1.469900055E+02 2.043499947E+01 2.581299973E+01 5.230500102E-01 4.996599853E-01 1.127399970E-03
 2.418999939E-04 8.050000179E-05 8.187999725E-01 1.302100000E+04 1.994900024E+03 2.891199951E+02 1.521999969E+02 2.131599998E+01 2.328100014E+01 5.424900055E-01 4.929699898E-01 1.139299944E-03
 2.439499949E-04 8.050000179E-05 8.098999858E-01 1.439300000E+04 1.300300049E+03 2.880299988E+02 1.577700043E+02 2.198299980E+01 8.696000099E+00 5.633599758E-01 4.857800007E-01 1.151800039E-03
 2.460000105E-04 8.050000179E-05 8.004000187E-01 1.731500000E+04 -1.836800049E+03 2.869899902E+02 1.636900024E+02 2.252899933E+01 8.960900307E+00 5.854300261E-01 4.783399999E-01 1.165500027E-03
 2.480499970E-04 8.050000179E-05 7.900099754E-01 1.311700000E+04 2.306600037E+02 2.859599915E+02 1.698500061E+02 2.329100037E+01 2.846699905E+01 6.085000038E-01 4.704299867E-01 1.180800027E-03
 2.501000126E-04 8.050000179E-05 7.781599760E-01 1.292600000E+04 1.221800049E+03 2.847099915E+02 1.765299988E+02 2.403300095E+01 2.883300018E+01 6.337199807E-01 4.613699913E-01 1.198800048E-03
 2.521499991E-04 8.050000179E-05 7.648599744E-01 2.250200000E+04 -2.784399902E+03 2.831900024E+02 1.839199982E+02 2.469199944E+01 2.013500023E+01 6.618800163E-01 4.510500133E-01 1.219699974E-03
 2.541999856E-04 8.050000179E-05 7.507399917E-01 3.594200000E+04 -2.122300049E+03 2.815100098E+02 1.919400024E+02 2.546599960E+01 1.474100018E+01 6.926400065E-01 4.401000142E-01 1.242600032E-03
 2.562500013E-04 8.050000179E-05 7.346199751E-01 3.800600000E+04 7.700799805E+03 2.795700073E+02 2.008300018E+02 2.624900055E+01 7.810999870E+00 7.270699739E-01 4.277000129E-01 1.270000008E-03
 2.582999878E-04 8.050000179E-05 7.150800228E-01 3.815600000E+04 1.169200000E+04 2.772999878E+02 2.109600067E+02 2.684600067E+01 1.243299961E+01 7.665399909E-01 4.129399955E-01 1.304800040E-03
 2.603500034E-04 8.050000179E-05 6.917300224E-01 4.091700000E+04 1.048000000E+04 2.744700012E+02 2.228500061E+02 2.734799957E+01 2.369599915E+01 8.134800196E-01 3.953999877E-01 1.349000027E-03
 2.623999899E-04 8.050000179E-05 6.632199883E-01 5.845300000E+04 1.174900000E+04 2.706499939E+02 2.374700012E+02 2.793899918E+01 2.880500031E+01 8.724600077E-01 3.738600016E-01 1.407300006E-03
 2.644500055E-04 8.050000179E-05 5.840799809E-01 7.824500000E+04 8.868500000E+03 2.587600098E+02 2.757399902E+02 2.830200005E+01 1.933399963E+01 9.538900256E-01 3.458299935E-01 1.494499971E-03
 2.664999920E-04 8.050000179E-05 5.206300020E-01 8.009200000E+04 9.349000000E+03 2.490399933E+02 3.059100037E+02 2.834600067E+01 6.606699944E+00 1.002300024E+00 3.296599984E-01 1.548500033E-03
 2.050000039E-04 8.279999747E-05 8.882399797E-01 9.860100098E+02 -9.453300171E+02 2.972399902E+02 9.852400208E+01 5.970799923E+00 -4.686399937E+00 3.436000049E-01 5.497900248E-01 1.050199964E-03
 2.070500050E-04 8.279999747E-05 8.875600100E-01 4.799000000E+03 -3.260199951E+03 2.971300049E+02 9.927899933E+01 6.233699799E+00 -1.575100040E+01 3.463400006E-01 5.491700172E-01 1.050999970E-03
 2.091000060E-04 8.279999747E-05 8.859900236E-01 1.241500000E+04 -2.967899902E+03 2.969400024E+02 1.008499985E+02 6.829400063E+00 -1.198400021E+01 3.520399928E-01 5.478500128E-01 1.052799984E-03
 2.111500071E-04 8.279999747E-05 8.841900229E-01 1.301200000E+04 4.244299927E+02 2.967000122E+02 1.025699997E+02 7.541200161E+00 1.016399980E+00 3.583399951E-01 5.462899804E-01 1.055000001E-03
 2.131999936E-04 8.279999747E-05 8.821499944E-01 8.129500000E+03 2.361300049E+02 2.964400024E+02 1.043899994E+02 8.188699722E+00 9.898099899E+00 3.650099933E-01 5.445500016E-01 1.057400019E-03
 2.152499947E-04 8.279999747E-05 8.799200058E-01 9.088200195E+03 2.372699951E+03 2.962000122E+02 1.064199982E+02 8.771900177E+00 8.552200317E+00 3.723599911E-01 5.427399874E-01 1.060100039E-03
 2.172999957E-04 8.279999747E-05 8.774300218E-01 7.143200195E+03 2.937699951E+03 2.959800110E+02 1.088000031E+02 9.405900002E+00 3.254600048E+00 3.809700012E-01 5.407999754E-01 1.063099946E-03
 2.193499968E-04 8.279999747E-05 8.754600286E-01 7.898399902E+03 -1.032900000E+04 2.957300110E+02 1.113000031E+02 1.013799953E+01 1.769099998E+01 3.900600076E-01 5.391299725E-01 1.065499964E-03
 2.213999978E-04 8.279999747E-05 8.725100160E-01 1.211600000E+04 -1.078000000E+04 2.953599854E+02 1.139599991E+02 1.077600002E+01 4.449999809E+00 3.997499943E-01 5.366399884E-01 1.069099992E-03
 2.234499989E-04 8.279999747E-05 8.684499860E-01 9.643700195E+03 3.170000000E+03 2.949800110E+02 1.167699966E+02 1.127799988E+01 -2.135400009E+01 4.099299908E-01 5.334600210E-01 1.074100030E-03
 2.254999999E-04 8.279999747E-05 8.648700118E-01 1.147900000E+04 2.578399902E+03 2.945499878E+02 1.197099991E+02 1.174899960E+01 -1.363700008E+01 4.206599891E-01 5.304899812E-01 1.078499947E-03
 2.275500010E-04 8.279999747E-05 8.606500030E-01 9.515000000E+03 -5.899100098E+03 2.941600037E+02 1.230100021E+02 1.234300041E+01 4.863100052E+00 4.326199889E-01 5.271999836E-01 1.083799987E-03
 2.296000021E-04 8.279999747E-05 8.559799790E-01 9.420799805E+03 -7.310299805E+03 2.936300049E+02 1.265100021E+02 1.316800022E+01 3.686399841E+01 4.455100000E-01 5.234000087E-01 1.089800033E-03
 2.316500031E-04 8.279999747E-05 8.503100276E-01 1.139300000E+04 3.510599976E+02 2.930299988E+02 1.303099976E+02 1.389700031E+01 3.109600067E+01 4.594799876E-01 5.188599825E-01 1.096999971E-03
 2.337000042E-04 8.279999747E-05 8.446599841E-01 1.020300000E+04 8.191899902E+03 2.924899902E+02 1.342400055E+02 1.447999954E+01 7.827899933E+00 4.738500118E-01 5.144600272E-01 1.104400028E-03
 2.357500052E-04 8.279999747E-05 8.389599919E-01 6.418700195E+03 1.057700000E+04 2.917900085E+02 1.383699951E+02 1.506099987E+01 1.610099983E+01 4.890600145E-01 5.097799897E-01 1.111899968E-03
 2.378000063E-04 8.279999747E-05 8.333600163E-01 1.255700000E+04 4.559000000E+03 2.908299866E+02 1.427700043E+02 1.566800022E+01 2.380699921E+01 5.055000186E-01 5.047000051E-01 1.119300025E-03
 2.398499928E-04 8.279999747E-05 8.270999789E-01 1.999900000E+04 2.225300049E+03 2.899200134E+02 1.475099945E+02 1.635799980E+01 2.480800056E+01 5.231800079E-01 4.993500113E-01 1.127799973E-03
 2.418999939E-04 8.279999747E-05 8.187999725E-01 1.053100000E+04 1.029599976E+03 2.890700073E+02 1.526999969E+02 1.702099991E+01 1.678700066E+01 5.423899889E-01 4.928900003E-01 1.139299944E-03
 2.439499949E-04 8.279999747E-05 8.102800250E-01 1.165100000E+04 3.037899902E+03 2.880400085E+02 1.581600037E+02 1.752199936E+01 1.282499981E+01 5.627700090E-01 4.860199988E-01 1.151200035E-03
 2.460000105E-04 8.279999747E-05 8.007900119E-01 1.725900000E+04 5.486399902E+03 2.870299988E+02 1.641100006E+02 1.801000023E+01 6.183400154E+00 5.848799944E-01 4.786500037E-01 1.164900023E-03
 2.480499970E-04 8.279999747E-05 7.900599837E-01 1.328200000E+04 7.217299805E+02 2.859100037E+02 1.705200043E+02 1.871500015E+01 1.099199963E+01 6.089400053E-01 4.703899920E-01 1.180700026E-03
 2.501000126E-04 8.279999747E-05 7.785199881E-01 1.677000000E+04 2.255399902E+03 2.845000000E+02 1.772899933E+02 1.936400032E+01 1.997800064E+01 6.346099973E-01 4.612399936E-01 1.198200043E-03
 2.521499991E-04 8.279999747E-05 7.654799819E-01 2.343300000E+04 -3.826199951E+02 2.828999939E+02 1.845800018E+02 1.978300095E+01 1.043099976E+01 6.624400020E-01 4.509699941E-01 1.218699967E-03
 2.541999856E-04 8.279999747E-05 7.514500022E-01 2.889000000E+04 -5.497500000E+03 2.811600037E+02 1.924299927E+02 2.037800026E+01 4.041500092E+00 6.926500201E-01 4.399699867E-01 1.241500024E-03
 2.562500013E-04 8.279999747E-05 7.354199886E-01 3.727400000E+04 3.763899902E+03 2.791099854E+02 2.011999969E+02 2.102899933E+01 8.722999573E+00 7.268000245E-01 4.274600148E-01 1.268599997E-03
 2.582999878E-04 8.279999747E-05 7.163500190E-01 4.021600000E+04 8.130899902E+03 2.768299866E+02 2.113500061E+02 2.157799911E+01 1.417800045E+01 7.663999796E-01 4.129799902E-01 1.302400022E-03
 2.603500034E-04 8.279999747E-05 6.934800148E-01 3.911200000E+04 4.746200195E+03 2.739599915E+02 2.231999969E+02 2.192499924E+01 7.570600033E+00 8.133199811E-01 3.956699967E-01 1.345600002E-03
 2.623999899E-04 8.279999747E-05 6.655399799E-01 5.512700000E+04 3.873300049E+03 2.700299988E+02 2.376000061E+02 2.226099968E+01 9.239000320E+00 8.717499971E-01 3.743000031E-01 1.402299968E-03
 2.644500055E-04 8.279999747E-05 5.863900185E-01 7.514600000E+04 -6.764899902E+02 2.579899902E+02 2.756799927E+02 2.262599945E+01 1.861899948E+01 9.531000257E-01 3.461900055E-01 1.488600043E-03
 2.664999920E-04 8.279999747E-05 5.224300027E-01 7.783200000E+04 -2.814300049E+03 2.481799927E+02 3.058500061E+02 2.271400070E+01 1.527600002E+01 1.001899958E+00 3.297199905E-01 1.542999991E-03
 2.050000039E-04 8.510000043E-05 8.874700069E-01 -3.397600098E+03 -4.149000000E+03 2.974700012E+02 9.803600311E+01 4.511199951E+00 -1.720899963E+01 3.414900005E-01 5.497499704E-01 1.051099971E-03
 2.070500050E-04 8.510000043E-05 8.865900040E-01 3.196800049E+03 -5.607899902E+03 2.972900085E+02 9.882199860E+01 4.738399982E+00 -2.694199944E+01 3.443799913E-01 5.488700271E-01 1.052099979E-03
 2.091000060E-04 8.510000043E-05 8.852300048E-01 1.033600000E+04 9.599500122E+02 2.969800110E+02 1.004000015E+02 5.211500168E+00 -3.137500000E+01 3.501400054E-01 5.474500060E-01 1.053699991E-03
 2.111500071E-04 8.510000043E-05 8.835999966E-01 6.619000000E+03 5.947800293E+02 2.967900085E+02 1.021900024E+02 5.743999958E+00 -1.114200020E+01 3.565599918E-01 5.460900068E-01 1.055700006E-03
 2.131999936E-04 8.510000043E-05 8.815400004E-01 6.067700195E+03 -5.673000000E+03 2.965499878E+02 1.041200027E+02 6.213900089E+00 1.444600010E+01 3.635300100E-01 5.443800092E-01 1.058100024E-03
 2.152499947E-04 8.510000043E-05 8.791400194E-01 1.111400000E+04 1.728699951E+03 2.962699890E+02 1.062600021E+02 6.570300102E+00 8.950499535E+00 3.712300062E-01 5.423899889E-01 1.061000046E-03
 2.172999957E-04 8.510000043E-05 8.762699962E-01 6.888500000E+03 4.316600098E+03 2.960799866E+02 1.087200012E+02 6.988500118E+00 -2.330100060E+00 3.800100088E-01 5.402799845E-01 1.064499957E-03
 2.193499968E-04 8.510000043E-05 8.744300008E-01 6.602000000E+03 -5.392299805E+03 2.957799988E+02 1.111900024E+02 7.591300011E+00 1.440299988E+01 3.889200091E-01 5.385800004E-01 1.066799974E-03
 2.213999978E-04 8.510000043E-05 8.720300198E-01 1.288600000E+04 -5.243700195E+03 2.953099976E+02 1.137500000E+02 8.238800049E+00 1.696299934E+01 3.983399868E-01 5.362499952E-01 1.069699996E-03
 2.234499989E-04 8.510000043E-05 8.680499792E-01 1.331100000E+04 6.591799805E+03 2.950100098E+02 1.166399994E+02 8.579600334E+00 -7.246999741E-01 4.086900055E-01 5.332599878E-01 1.074600033E-03
 2.254999999E-04 8.510000043E-05 8.639199734E-01 1.075000000E+04 5.861799805E+03 2.947000122E+02 1.197699966E+02 8.817299843E+00 -2.167700005E+01 4.198699892E-01 5.301700234E-01 1.079699956E-03
 2.275500010E-04 8.510000043E-05 8.596100211E-01 3.977300049E+03 -4.531000000E+03 2.942500000E+02 1.230599976E+02 9.301300049E+00 -3.477299929E+00 4.317800105E-01 5.267199874E-01 1.085199998E-03
 2.296000021E-04 8.510000043E-05 8.552700281E-01 3.650100098E+03 -5.119299805E+03 2.937500000E+02 1.264800034E+02 9.881999969E+00 3.597000122E+01 4.442799985E-01 5.231699944E-01 1.090700040E-03
 2.316500031E-04 8.510000043E-05 8.499299884E-01 6.764399902E+03 4.279200195E+03 2.931499939E+02 1.303000031E+02 1.048299980E+01 3.018300056E+01 4.582299888E-01 5.188300014E-01 1.097499975E-03
 2.337000042E-04 8.510000043E-05 8.444899917E-01 9.953500000E+03 8.462799805E+03 2.924599915E+02 1.342899933E+02 1.096599960E+01 8.394499779E+00 4.728699923E-01 5.143100023E-01 1.104600029E-03
 2.357500052E-04 8.510000043E-05 8.390799761E-01 1.101500000E+04 3.707100098E+03 2.917999878E+02 1.384499969E+02 1.138099957E+01 5.176300049E+00 4.880900085E-01 5.098599792E-01 1.111699967E-03
 2.378000063E-04 8.510000043E-05 8.324999809E-01 1.285300000E+04 -1.312800049E+03 2.910599976E+02 1.429799957E+02 1.180200005E+01 7.933000088E+00 5.047199726E-01 5.045899749E-01 1.120500034E-03
 2.398499928E-04 8.510000043E-05 8.253499866E-01 1.409800000E+04 2.380199951E+03 2.901300049E+02 1.477400055E+02 1.227299976E+01 1.114999962E+01 5.223900080E-01 4.986400008E-01 1.130199991E-03
 2.418999939E-04 8.510000043E-05 8.179500103E-01 1.383800000E+04 5.508600098E+03 2.891499939E+02 1.527899933E+02 1.270899963E+01 1.404599953E+01 5.411700010E-01 4.925099909E-01 1.140399952E-03
 2.439499949E-04 8.510000043E-05 8.103600144E-01 1.906200000E+04 2.778600098E+03 2.882000122E+02 1.582299957E+02 1.308699989E+01 2.508900070E+01 5.613200068E-01 4.863300025E-01 1.151100034E-03
 2.460000105E-04 8.510000043E-05 8.008000255E-01 1.557100000E+04 4.521799805E+03 2.871600037E+02 1.641699982E+02 1.344099998E+01 2.266600037E+01 5.834100246E-01 4.788700044E-01 1.164900023E-03
 2.480499970E-04 8.510000043E-05 7.898600101E-01 1.081000000E+04 5.641100098E+03 2.858900146E+02 1.706000061E+02 1.392599964E+01 9.282799721E+00 6.076099873E-01 4.702399969E-01 1.181000029E-03
 2.501000126E-04 8.510000043E-05 7.780600190E-01 1.723600000E+04 4.389600098E+03 2.844200134E+02 1.775500031E+02 1.458500004E+01 9.423199654E+00 6.340299845E-01 4.608199894E-01 1.199000049E-03
 2.521499991E-04 8.510000043E-05 7.647500038E-01 2.100200000E+04 2.768500000E+03 2.828599854E+02 1.850000000E+02 1.501299953E+01 5.678999901E+00 6.624000072E-01 4.504599869E-01 1.219799975E-03
 2.541999856E-04 8.510000043E-05 7.509700060E-01 2.297300000E+04 2.294700012E+02 2.810799866E+02 1.928699951E+02 1.539099979E+01 1.034799957E+01 6.926900148E-01 4.395700097E-01 1.242200029E-03
 2.562500013E-04 8.510000043E-05 7.355099916E-01 3.297200000E+04 6.787799805E+03 2.789800110E+02 2.015599976E+02 1.576200008E+01 5.744400024E+00 7.265300155E-01 4.273200035E-01 1.268399996E-03
 2.582999878E-04 8.510000043E-05 7.168800235E-01 4.005000000E+04 7.394399902E+03 2.766400146E+02 2.116399994E+02 1.620199966E+01 4.649099827E+00 7.660099864E-01 4.129999876E-01 1.301500015E-03
 2.603500034E-04 8.510000043E-05 6.941999793E-01 4.282500000E+04 2.130000000E+03 2.737200012E+02 2.235599976E+02 1.652499962E+01 2.551500082E+00 8.133000135E-01 3.957299888E-01 1.344099990E-03
 2.623999899E-04 8.510000043E-05 6.665499806E-01 5.792500000E+04 -7.784799805E+02 2.699200134E+02 2.378300018E+02 1.670899963E+01 -3.350600004E+00 8.711100221E-01 3.747200072E-01 1.400199952E-03
 2.644500055E-04 8.510000043E-05 5.872600079E-01 7.288900000E+04 -5.236600098E+03 2.578399963E+02 2.758599854E+02 1.712299919E+01 3.686199903E+00 9.522399902E-01 3.466100097E-01 1.486100024E-03
 2.664999920E-04 8.510000043E-05 5.230500102E-01 7.395600000E+04 -5.646600098E+03 2.478899994E+02 3.060799866E+02 1.736899948E+01 4.215600014E+00 1.001500010E+00 3.299500048E-01 1.540399971E-03
 2.050000039E-04 8.740000339E-05 8.860399723E-01 -5.653799805E+03 -8.896799805E+03 2.976900024E+02 9.784999847E+01 3.191999912E+00 -1.118200016E+01 3.405399919E-01 5.492600203E-01 1.052799984E-03
 2.070500050E-04 8.740000339E-05 8.852099776E-01 -3.427100098E+03 -5.693700195E+03 2.973900146E+02 9.863600159E+01 3.233900070E+00 -1.921400070E+01 3.434599936E-01 5.481899977E-01 1.053799991E-03
 2.091000060E-04 8.740000339E-05 8.840399981E-01 2.195100098E+03 -1.581400024E+03 2.970700073E+02 1.001999969E+02 3.474400043E+00 -1.534799957E+01 3.491300046E-01 5.468699932E-01 1.055200002E-03
 2.111500071E-04 8.740000339E-05 8.826799989E-01 6.014299805E+03 -2.298699951E+03 2.969500122E+02 1.019599991E+02 3.802999973E+00 -5.349999905E+00 3.553699851E-01 5.458199978E-01 1.056800014E-03
 2.131999936E-04 8.740000339E-05 8.810600042E-01 9.523099609E+03 -3.998300049E+03 2.967300110E+02 1.039800034E+02 4.141600132E+00 6.003999710E-01 3.625699878E-01 5.444200039E-01 1.058700029E-03
 2.152499947E-04 8.740000339E-05 8.787900209E-01 1.225000000E+04 -3.036399902E+03 2.964100037E+02 1.061699982E+02 4.373899937E+00 -7.567200184E+00 3.704099953E-01 5.424299836E-01 1.061500050E-03
 2.172999957E-04 8.740000339E-05 8.759599924E-01 1.055100000E+04 -3.551100098E+03 2.960799866E+02 1.084599991E+02 4.696000099E+00 -8.937500000E+00 3.786500096E-01 5.400699973E-01 1.064899960E-03
 2.193499968E-04 8.740000339E-05 8.737199903E-01 7.114899902E+03 -5.402700195E+03 2.956700134E+02 1.108600006E+02 5.119800091E+00 7.606400013E+00 3.873600066E-01 5.379400253E-01 1.067599980E-03
 2.213999978E-04 8.740000339E-05 8.713499904E-01 8.646599609E+03 -3.510000000E+03 2.951799927E+02 1.135899963E+02 5.493700027E+00 7.801099777E+00 3.972699940E-01 5.356000066E-01 1.070500002E-03
 2.234499989E-04 8.740000339E-05 8.676699996E-01 1.308100000E+04 -4.914899826E+01 2.948500061E+02 1.166399994E+02 5.750699997E+00 7.974599838E+00 4.081799984E-01 5.327399969E-01 1.075100037E-03
 2.254999999E-04 8.740000339E-05 8.635600209E-01 1.299500000E+04 3.211100098E+03 2.944800110E+02 1.196900024E+02 5.940299988E+00 -1.157699966E+01 4.191299975E-01 5.295600295E-01 1.080199960E-03
 2.275500010E-04 8.740000339E-05 8.598799706E-01 7.519299805E+03 2.817199951E+03 2.940400085E+02 1.227799988E+02 6.325600147E+00 -5.693999767E+00 4.302999973E-01 5.264999866E-01 1.084799995E-03
 2.296000021E-04 8.740000339E-05 8.552399874E-01 3.390800049E+03 2.361399902E+03 2.936499939E+02 1.262699966E+02 6.624000072E+00 2.812500000E+01 4.428600073E-01 5.229700208E-01 1.090700040E-03
 2.316500031E-04 8.740000339E-05 8.499500155E-01 4.804700195E+03 5.496899902E+03 2.930700073E+02 1.301499939E+02 6.943500042E+00 2.607299995E+01 4.569500089E-01 5.187100172E-01 1.097499975E-03
 2.337000042E-04 8.740000339E-05 8.445199728E-01 4.929100098E+03 3.958899902E+03 2.923599854E+02 1.342700043E+02 7.261499882E+00 9.106699944E+00 4.720200002E-01 5.141599774E-01 1.104500028E-03
 2.357500052E-04 8.740000339E-05 8.392000198E-01 8.016399902E+03 2.106000000E+03 2.917000122E+02 1.384900055E+02 7.590700150E+00 -3.155499935E+00 4.874300063E-01 5.097600222E-01 1.111499965E-03
 2.378000063E-04 8.740000339E-05 8.326299787E-01 1.182600000E+04 -6.004299927E+02 2.910599976E+02 1.429600067E+02 7.913400173E+00 -1.096100044E+01 5.037099719E-01 5.046600103E-01 1.120300032E-03
 2.398499928E-04 8.740000339E-05 8.245099783E-01 8.145600098E+03 2.954100098E+03 2.902900085E+02 1.478999939E+02 8.214500427E+00 2.241199970E+00 5.218300223E-01 4.984200001E-01 1.131400000E-03
 2.418999939E-04 8.740000339E-05 8.170499802E-01 1.212200000E+04 1.626600000E+04 2.892799988E+02 1.531199951E+02 8.408699989E+00 2.314200020E+01 5.411700010E-01 4.921799898E-01 1.141699962E-03
 2.439499949E-04 8.740000339E-05 8.094699979E-01 2.130400000E+04 7.624399902E+03 2.882500000E+02 1.585200043E+02 8.642200470E+00 3.048699951E+01 5.612199903E-01 4.858900011E-01 1.152400044E-03
 2.460000105E-04 8.740000339E-05 8.000299931E-01 1.737500000E+04 -1.173800049E+03 2.872000122E+02 1.642500000E+02 9.064499855E+00 1.964599991E+01 5.826100111E-01 4.784800112E-01 1.166000031E-03
 2.480499970E-04 8.740000339E-05 7.890999913E-01 1.217400000E+04 3.422899902E+03 2.859599915E+02 1.704100037E+02 9.371100426E+00 2.381799936E+00 6.057599783E-01 4.699000120E-01 1.182200038E-03
 2.501000126E-04 8.740000339E-05 7.772600055E-01 1.707800000E+04 1.308900024E+03 2.845000000E+02 1.771999969E+02 9.698300362E+00 9.943599701E+00 6.315100193E-01 4.604899883E-01 1.200199942E-03
 2.521499991E-04 8.740000339E-05 7.646700144E-01 2.337500000E+04 1.496900024E+03 2.828299866E+02 1.846699982E+02 9.947999954E+00 1.210200024E+01 6.600599885E-01 4.503700137E-01 1.219999976E-03
 2.541999856E-04 8.740000339E-05 7.507100105E-01 2.591000000E+04 2.636399902E+03 2.810199890E+02 1.927700043E+02 1.025599957E+01 1.184000015E+01 6.911799908E-01 4.393199980E-01 1.242700033E-03
 2.562500013E-04 8.740000339E-05 7.349699736E-01 3.091900000E+04 5.534399902E+03 2.790499878E+02 2.016399994E+02 1.052000046E+01 1.102700043E+01 7.254899740E-01 4.271000028E-01 1.269300003E-03
 2.582999878E-04 8.740000339E-05 7.164999843E-01 3.741000000E+04 4.435200195E+03 2.766799927E+02 2.117200012E+02 1.070100021E+01 1.250599957E+01 7.649700046E-01 4.128499925E-01 1.302200020E-03
 2.603500034E-04 8.740000339E-05 6.940199733E-01 4.109000000E+04 4.646899902E+03 2.737000122E+02 2.236499939E+02 1.097799969E+01 1.759600067E+01 8.124200106E-01 3.955999911E-01 1.344499993E-03
 2.623999899E-04 8.740000339E-05 6.665400267E-01 5.382800000E+04 1.738000000E+03 2.699100037E+02 2.379299927E+02 1.124100018E+01 8.631799817E-01 8.702999949E-01 3.746899962E-01 1.400199952E-03
 2.644500055E-04 8.740000339E-05 5.872600079E-01 7.094200000E+04 -2.338300049E+03 2.577900085E+02 2.760799866E+02 1.151299953E+01 -8.614199638E+00 9.517999887E-01 3.466599882E-01 1.485700021E-03
 2.664999920E-04 8.740000339E-05 5.232599974E-01 7.674100000E+04 4.557500000E+02 2.477899933E+02 3.064200134E+02 1.163700008E+01 -6.532100201E+00 1.001299977E+00 3.301599920E-01 1.539099962E-03
 2.050000039E-04 8.969999908E-05 8.861799836E-01 -2.291300049E+02 -1.789599976E+03 2.975799866E+02 9.767500305E+01 1.705399990E+00 7.344799995E+00 3.398700058E-01 5.491399765E-01 1.052599982E-03
 2.070500050E-04 8.969999908E-05 8.852599859E-01 6.220900269E+02 2.874100037E+02 2.974400024E+02 9.848100281E+01 1.650799990E+00 1.171900034E+00 3.427500129E-01 5.483199954E-01 1.053699991E-03
 2.091000060E-04 8.969999908E-05 8.838499784E-01 2.723399902E+03 -5.810300293E+02 2.972399902E+02 1.001100006E+02 1.752500057E+00 4.117199898E+00 3.485400081E-01 5.470700264E-01 1.055400004E-03
 2.111500071E-04 8.969999908E-05 8.821899891E-01 9.112900391E+03 -2.888899902E+03 2.969899902E+02 1.019100037E+02 1.937999964E+00 4.429500103E+00 3.549799919E-01 5.455800295E-01 1.057400019E-03
 2.131999936E-04 8.969999908E-05 8.802899718E-01 1.249300000E+04 2.444900055E+02 2.967799988E+02 1.039300003E+02 2.079099894E+00 -1.015100002E+01 3.621500134E-01 5.440300107E-01 1.059600036E-03
 2.152499947E-04 8.969999908E-05 8.780400157E-01 1.012500000E+04 -4.024100098E+03 2.965899963E+02 1.061100006E+02 2.231899977E+00 -1.589599991E+01 3.698799908E-01 5.422999859E-01 1.062400057E-03
 2.172999957E-04 8.969999908E-05 8.754900098E-01 1.096300000E+04 -4.748899902E+03 2.961799927E+02 1.084300003E+02 2.360599995E+00 -1.402900028E+01 3.782399893E-01 5.399699807E-01 1.065499964E-03
 2.193499968E-04 8.969999908E-05 8.731600046E-01 7.924500000E+03 -4.871100098E+03 2.957900085E+02 1.109300003E+02 2.505199909E+00 -9.584899902E+00 3.872100115E-01 5.378299952E-01 1.068299985E-03
 2.213999978E-04 8.969999908E-05 8.702600002E-01 7.401299805E+03 -7.724600098E+03 2.954100037E+02 1.137200012E+02 2.700299978E+00 -4.656499863E+00 3.972199857E-01 5.353500247E-01 1.071900013E-03
 2.234499989E-04 8.969999908E-05 8.666200042E-01 6.752299805E+03 -3.100199951E+03 2.948999939E+02 1.167699966E+02 2.929500103E+00 4.007100105E+00 4.082399905E-01 5.321900249E-01 1.076400047E-03
 2.254999999E-04 8.969999908E-05 8.634200096E-01 5.063500000E+03 7.224799805E+02 2.944599915E+02 1.198099976E+02 3.093800068E+00 -9.389499664E+00 4.191800058E-01 5.294399858E-01 1.080399961E-03
 2.275500010E-04 8.969999908E-05 8.602300286E-01 6.737000000E+03 5.970200195E+03 2.940400085E+02 1.229599991E+02 3.267899990E+00 -1.018299961E+01 4.305300117E-01 5.267300010E-01 1.084399992E-03
 2.296000021E-04 8.969999908E-05 8.552500010E-01 4.511299805E+03 5.813700195E+03 2.935499878E+02 1.265699997E+02 3.322599888E+00 1.090999985E+01 4.435600042E-01 5.228000283E-01 1.090700040E-03
 2.316500031E-04 8.969999908E-05 8.497999907E-01 4.263700195E+03 4.168500000E+03 2.929500122E+02 1.304100037E+02 3.328700066E+00 2.353000069E+01 4.574500024E-01 5.184000134E-01 1.097699977E-03
 2.337000042E-04 8.969999908E-05 8.441299796E-01 5.557600098E+03 -5.665900269E+02 2.923399963E+02 1.344900055E+02 3.525599957E+00 1.788100052E+01 4.722599983E-01 5.138800144E-01 1.105100033E-03
 2.357500052E-04 8.969999908E-05 8.385699987E-01 7.308799805E+03 -9.815499878E+02 2.917099915E+02 1.387100067E+02 3.821799994E+00 -4.822700024E+00 4.876300097E-01 5.093899965E-01 1.112399972E-03
 2.378000063E-04 8.969999908E-05 8.324099779E-01 1.146400000E+04 5.980500000E+03 2.909800110E+02 1.431999969E+02 4.005099773E+00 -1.665200043E+01 5.040599704E-01 5.043900013E-01 1.120600034E-03
 2.398499928E-04 8.969999908E-05 8.252300024E-01 1.492600000E+04 7.502899902E+03 2.902000122E+02 1.480899963E+02 4.092599869E+00 -1.504299939E-01 5.219699740E-01 4.986999929E-01 1.130399993E-03
 2.418999939E-04 8.969999908E-05 8.175100088E-01 1.389500000E+04 1.441400000E+04 2.893200073E+02 1.532100067E+02 4.150400162E+00 2.874799919E+01 5.408300161E-01 4.925400019E-01 1.141099958E-03
 2.439499949E-04 8.969999908E-05 8.085299730E-01 1.463700000E+04 7.160000000E+03 2.883999939E+02 1.586999969E+02 4.324200153E+00 2.342600060E+01 5.611000061E-01 4.855700135E-01 1.153700054E-03
 2.460000105E-04 8.969999908E-05 7.987999916E-01 1.213100000E+04 -4.200399902E+03 2.873699951E+02 1.645899963E+02 4.686900139E+00 -4.269800186E+00 5.829899907E-01 4.780200124E-01 1.167800045E-03
 2.480499970E-04 8.969999908E-05 7.884200215E-01 1.181800000E+04 -1.121900024E+03 2.861499939E+02 1.708500061E+02 4.859399796E+00 -8.230799675E+00 6.064699888E-01 4.697999954E-01 1.183200045E-03
 2.501000126E-04 8.969999908E-05 7.775899768E-01 2.079900000E+04 -1.387099976E+03 2.846799927E+02 1.774600067E+02 4.808499813E+00 1.317199993E+01 6.315199733E-01 4.609799981E-01 1.199700055E-03
 2.521499991E-04 8.969999908E-05 7.651900053E-01 2.555200000E+04 -2.605500000E+03 2.829700012E+02 1.847700043E+02 4.888800144E+00 1.493599987E+01 6.595000029E-01 4.508900046E-01 1.219099970E-03
 2.541999856E-04 8.969999908E-05 7.511299849E-01 2.861600000E+04 -1.003299988E+03 2.811400146E+02 1.927599945E+02 5.142799854E+00 1.558199978E+01 6.902599931E-01 4.397599995E-01 1.242000028E-03
 2.562500013E-04 8.969999908E-05 7.352200150E-01 3.334600000E+04 2.063699951E+03 2.791700134E+02 2.016399994E+02 5.251800060E+00 2.622200012E+01 7.245900035E-01 4.274300039E-01 1.268900000E-03
 2.582999878E-04 8.969999908E-05 7.159000039E-01 3.677200000E+04 -4.013599854E+02 2.767600098E+02 2.119299927E+02 5.235799789E+00 2.680800056E+01 7.648500204E-01 4.126299918E-01 1.303300029E-03
 2.603500034E-04 8.969999908E-05 6.933299899E-01 4.666500000E+04 3.030000000E+03 2.737699890E+02 2.237500000E+02 5.446100235E+00 1.920199966E+01 8.119599819E-01 3.953000009E-01 1.345800003E-03
 2.623999899E-04 8.969999908E-05 6.659200191E-01 6.213700000E+04 3.041699951E+03 2.698999939E+02 2.380899963E+02 5.689099789E+00 1.967399955E+00 8.701999784E-01 3.743399978E-01 1.401499962E-03
 2.644500055E-04 8.969999908E-05 5.867999792E-01 7.477200000E+04 2.157500000E+02 2.577799988E+02 2.762999878E+02 5.696100235E+00 -5.397999763E+00 9.520000219E-01 3.463299870E-01 1.487000030E-03
 2.664999920E-04 8.969999908E-05 5.230900049E-01 8.029900000E+04 4.193700195E+03 2.478699951E+02 3.064800110E+02 5.653900146E+00 -2.097700119E+00 1.000900030E+00 3.300400078E-01 1.539899968E-03
 2.050000039E-04 9.200000204E-05 8.862800002E-01 6.248299805E+03 8.033299805E+03 2.973800049E+02 9.744499969E+01 8.639699817E-01 1.563000011E+01 3.391399980E-01 5.488299727E-01 1.052499982E-03
 2.070500050E-04 9.200000204E-05 8.850899935E-01 6.797899902E+03 6.861500000E+03 2.974599915E+02 9.836499786E+01 8.366500139E-01 8.492500305E+00 3.422900140E-01 5.482400060E-01 1.053899992E-03
 2.091000060E-04 9.200000204E-05 8.839200139E-01 7.583700195E+03 5.917000000E+03 2.972900085E+02 1.000500031E+02 9.040399790E-01 4.107500076E+00 3.482699990E-01 5.472199917E-01 1.055300003E-03
 2.111500071E-04 9.200000204E-05 8.824300170E-01 9.726799805E+03 -3.083899902E+03 2.968599854E+02 1.018700027E+02 1.052500010E+00 4.501500130E+00 3.548600078E-01 5.454900265E-01 1.057100017E-03
 2.131999936E-04 9.200000204E-05 8.800799847E-01 8.801900391E+03 1.432500000E+03 2.966700134E+02 1.039400024E+02 1.029500008E+00 5.444599986E-01 3.621700108E-01 5.436900258E-01 1.059900038E-03
 2.152499947E-04 9.200000204E-05 8.775900006E-01 4.007399902E+03 2.887500000E+03 2.966199951E+02 1.061800003E+02 1.116500020E+00 2.959399939E+00 3.700000048E-01 5.420699716E-01 1.062899944E-03
 2.172999957E-04 9.200000204E-05 8.750799894E-01 9.143599609E+03 8.304600220E+02 2.962999878E+02 1.086100006E+02 1.177600026E+00 -6.672699928E+00 3.786799908E-01 5.399299860E-01 1.065999968E-03
 2.193499968E-04 9.200000204E-05 8.727899790E-01 1.581800000E+04 -1.967599945E+02 2.959599915E+02 1.110899963E+02 1.175899982E+00 -9.741900444E+00 3.875499964E-01 5.378999710E-01 1.068799989E-03
 2.213999978E-04 9.200000204E-05 8.695499897E-01 1.661000000E+04 -4.869299805E+03 2.956600037E+02 1.137099991E+02 1.332100034E+00 5.146399975E+00 3.968900144E-01 5.353699923E-01 1.072700019E-03
 2.234499989E-04 9.200000204E-05 8.657400012E-01 7.403500000E+03 4.871500000E+03 2.951799927E+02 1.166600037E+02 1.494799972E+00 1.723000050E+00 4.075300097E-01 5.321599841E-01 1.077500056E-03
 2.254999999E-04 9.200000204E-05 8.628100157E-01 4.407900085E+02 3.855899902E+03 2.947500000E+02 1.198399963E+02 1.637500048E+00 -1.527700043E+01 4.189699888E-01 5.295799971E-01 1.081099967E-03
 2.275500010E-04 9.200000204E-05 8.597800136E-01 2.562600098E+03 2.976199951E+03 2.942000122E+02 1.232699966E+02 1.709900022E+00 -7.810100079E+00 4.313400090E-01 5.267400146E-01 1.084899995E-03
 2.296000021E-04 9.200000204E-05 8.551200032E-01 -1.709199951E+03 3.500199951E+03 2.935499878E+02 1.268799973E+02 1.633399963E+00 -5.551899910E+00 4.444699883E-01 5.227299929E-01 1.090800040E-03
 2.316500031E-04 9.200000204E-05 8.498299718E-01 -2.951199913E+01 2.951199951E+03 2.929100037E+02 1.305399933E+02 1.545400023E+00 1.594900036E+01 4.577800035E-01 5.183600187E-01 1.097599976E-03
 2.337000042E-04 9.200000204E-05 8.439700007E-01 5.766000000E+03 -1.741300049E+03 2.923099976E+02 1.345099945E+02 1.735800028E+00 2.229199982E+01 4.721899927E-01 5.137299895E-01 1.105300034E-03
 2.357500052E-04 9.200000204E-05 8.383899927E-01 5.408299805E+03 -3.963500000E+03 2.917000122E+02 1.386999969E+02 1.930099964E+00 -6.898900032E+00 4.874100089E-01 5.092700124E-01 1.112599974E-03
 2.378000063E-04 9.200000204E-05 8.321700096E-01 1.187500000E+04 8.544799805E+03 2.909500122E+02 1.432400055E+02 2.039999962E+00 -2.174699974E+01 5.040100217E-01 5.041999817E-01 1.120900037E-03
 2.398499928E-04 9.200000204E-05 8.255900145E-01 2.459300000E+04 1.029900000E+04 2.901199951E+02 1.479799957E+02 2.031399965E+00 -1.327400017E+01 5.214300156E-01 4.987800121E-01 1.129899989E-03
 2.418999939E-04 9.200000204E-05 8.178200126E-01 1.804700000E+04 7.214500000E+03 2.893699951E+02 1.530000000E+02 2.077699900E+00 2.196400070E+01 5.398300290E-01 4.927999973E-01 1.140599954E-03
 2.439499949E-04 9.200000204E-05 8.081399798E-01 1.107800000E+04 1.763099976E+03 2.885100098E+02 1.586499939E+02 2.239599943E+00 2.059799957E+01 5.606200099E-01 4.855299890E-01 1.154299942E-03
 2.460000105E-04 9.200000204E-05 7.981200218E-01 1.033000000E+04 -5.694500000E+03 2.874299927E+02 1.647899933E+02 2.380300045E+00 -9.563300133E+00 5.834100246E-01 4.777199924E-01 1.168800052E-03
 2.480499970E-04 9.200000204E-05 7.880799770E-01 9.149299805E+03 -2.607600098E+03 2.862000122E+02 1.712899933E+02 2.513700008E+00 -6.997099876E+00 6.077299714E-01 4.696899951E-01 1.183700049E-03
 2.501000126E-04 9.200000204E-05 7.779300213E-01 2.218300000E+04 -2.719800049E+03 2.847000122E+02 1.779900055E+02 2.427099943E+00 1.540799999E+01 6.331400275E-01 4.611999989E-01 1.199100050E-03
 2.521499991E-04 9.200000204E-05 7.655100226E-01 2.962200000E+04 -3.844800049E+03 2.830199890E+02 1.851999969E+02 2.477400064E+00 1.332600021E+01 6.607499719E-01 4.511699975E-01 1.218599966E-03
 2.541999856E-04 9.200000204E-05 7.518200278E-01 3.144000000E+04 -3.175500000E+03 2.812200012E+02 1.929900055E+02 2.619299889E+00 2.700799942E+01 6.907600164E-01 4.402799904E-01 1.240800018E-03
 2.562500013E-04 9.200000204E-05 7.360799909E-01 3.335900000E+04 -4.617300110E+02 2.792000122E+02 2.017799988E+02 2.559299946E+00 3.423199844E+01 7.247999907E-01 4.279800057E-01 1.267499989E-03
 2.582999878E-04 9.200000204E-05 7.159699798E-01 3.664000000E+04 -2.537000000E+03 2.767200012E+02 2.121600037E+02 2.480700016E+00 2.149200058E+01 7.655299902E-01 4.126000106E-01 1.303200028E-03
 2.603500034E-04 9.200000204E-05 6.931700110E-01 5.290600000E+04 1.223199997E+02 2.737099915E+02 2.239199982E+02 2.712199926E+00 8.481499672E+00 8.124200106E-01 3.951300085E-01 1.346100005E-03
 2.623999899E-04 9.200000204E-05 6.658899784E-01 7.113400000E+04 4.227899902E+03 2.698599854E+02 2.382599945E+02 2.904500008E+00 -4.630899906E+00 8.706399798E-01 3.742699921E-01 1.401599962E-03
 2.644500055E-04 9.200000204E-05 5.866900086E-01 8.051000000E+04 1.096500000E+03 2.577600098E+02 2.764299927E+02 2.790800095E+00 2.511699915E+00 9.525099993E-01 3.461300135E-01 1.487600035E-03
 2.664999920E-04 9.200000204E-05 5.230000019E-01 8.300400000E+04 1.735800049E+03 2.479100037E+02 3.064400024E+02 2.749300003E+00 1.143299961E+01 1.000900030E+00 3.298299909E-01 1.540899975E-03
